step,time,x,y,z,vx,vy,vz,roll,pitch,yaw,yaw_rate,desired_vx_body,desired_vy_body,desired_yaw_rate,desired_altitude,goal_distance,signed_clearance,motor_m1,motor_m2,motor_m3,motor_m4
0.0,2.048,5.607341719700365e-18,-4.843903773379661e-19,0.014980373728171662,0.0,0.0,0.0,0.0,0.0,0.0,-4.1286478715180093e-17,0.0,0.0,0.0,1.0,2.6191341439759617,0.96,211.9171160078948,211.9171160078948,211.9171160078948,211.9171160078948
1.0,2.08,6.333980967010343e-18,-3.1053877149950414e-19,0.014980379898612638,2.2707476478436777e-17,5.4328626824519306e-18,1.9282628049626852e-07,0.0,0.0,0.0,-1.6217389882804288e-17,0.0,0.0,0.0,1.0,2.619134141655345,0.96,58.165401516302175,58.165401516302175,58.165401516302175,58.165401516302175
2.0,2.112,7.260378774178084e-18,-1.6758540445324225e-19,0.014980390830822043,2.894993147399189e-17,4.4672927201956804e-18,3.4163154390923874e-07,0.0,0.0,0.0,4.579228496920848e-18,0.0,0.0,0.0,1.0,2.6191341375438943,0.96,58.32300380042085,58.32300380042085,58.32300380042085,58.32300380042085
3.0,2.144,7.228038628765469e-18,-6.728491708743801e-19,0.014980407931879929,-1.0106295441442155e-18,-1.5789492700660544e-17,5.34408058929479e-07,0.0,0.0,0.0,-7.689663519048699e-17,0.0,0.0,0.0,1.0,2.6191341311124265,0.96,58.48060580025859,58.48060580025859,58.48060580025859,58.48060580025859
4.0,2.176,6.8728018150373635e-18,-1.1501084691835012e-18,0.014980432327422535,-1.1101150429003287e-17,-1.4914353072160023e-17,7.623607064643344e-07,0.0,0.0,0.0,-1.6244194883680248e-16,0.0,0.0,0.0,1.0,2.619134121937605,0.96,58.63820754736754,58.63820754736754,58.63820754736754,58.63820754736754
5.0,2.208,5.97117483900476e-18,-1.230296158120123e-18,0.01498046491793687,-2.8175843001018835e-17,-2.505865279269427e-18,1.0184535729411233e-06,0.0,0.0,0.0,9.741565709706276e-18,0.0,0.0,0.0,1.0,2.6191341096807705,0.96,58.795809066611184,58.795809066611184,58.795809066611184,58.795809066611184
6.0,2.24,6.949832551588642e-18,-1.2668488350803694e-18,0.014980506423794941,3.0583053518246293e-17,-1.1422711550077004e-18,1.2970580647400111e-06,0.0,0.0,0.0,-4.176853661464386e-17,0.0,0.0,0.0,1.0,2.619134094071001,0.96,58.95341037750237,58.95341037750236,58.95341037750236,58.95341037750237
7.0,2.2720000000000002,6.217586556598497e-18,-1.2037070877360104e-18,0.014980557421280285,-2.2882687343442016e-17,1.9731796045112167e-18,1.5936714170008088e-06,0.0,0.0,0.0,4.190636380403529e-17,0.0,0.0,0.0,1.0,2.6191340748915644,0.96,59.11101149527332,59.11101149527333,59.11101149527333,59.11101149527332
8.0,2.3040000000000003,5.692444943144975e-18,-1.7771366676406305e-18,0.014980618371408476,-1.641067542042254e-17,-1.7919674372019363e-17,1.90469150597016e-06,0.0,0.0,0.0,-1.1497100598136545e-17,0.0,0.0,0.0,1.0,2.61913405196908,0.96,59.26861243173216,59.26861243173216,59.26861243173216,59.26861243173216
9.0,2.336,6.6008246194097195e-18,-2.0183446182663964e-18,0.014980689642982967,2.8386864883273634e-17,-7.537748457055281e-18,2.2272367028475005e-06,0.0,0.0,0.0,-3.1805020828677275e-17,0.0,0.0,0.0,1.0,2.619134025164847,0.96,59.426213195947575,59.426213195947575,59.426213195947575,59.426213195947575
10.0,2.368,5.6758323644657345e-18,-1.954461934790379e-18,0.014980771531039312,-2.890600796699951e-17,1.9963338586255427e-18,2.559001760764777e-06,0.0,0.0,0.0,-6.346792980012219e-17,0.0,0.0,0.0,1.0,2.619133994367907,0.96,59.58381379479674,59.583813794796754,59.583813794796754,59.58381379479674
11.0,2.4,5.66744731876908e-18,-3.7214463291888593e-19,0.014980864271600192,-2.620326780204641e-19,4.944741568348411e-17,2.8981425275039957e-06,0.0,0.0,0.0,1.9764912504162424e-17,0.0,0.0,0.0,1.0,2.6191339594894956,0.96,59.74141423340385,59.74141423340384,59.74141423340384,59.74141423340385
12.0,2.432,5.542365912003552e-18,-6.827504680034342e-19,0.01498096805347914,-3.908793961422747e-18,-9.706432346392123e-18,3.2431837171343803e-06,0.0,0.0,0.0,-1.1228912338465853e-16,0.0,0.0,0.0,1.0,2.6191339204586046,0.96,59.899014515490556,59.899014515490556,59.89901451549054,59.89901451549054
13.0,2.464,6.658560911127316e-18,-6.461353927562803e-19,0.014981083027723297,3.4881093722617615e-17,1.1442211014735583e-18,3.592945129892059e-06,0.0,0.0,0.0,-4.412376796347647e-17,0.0,0.0,0.0,1.0,2.6191338772184283,0.96,60.05661464365661,60.05661464365661,60.05661464365662,60.05661464365662
14.0,2.496,5.9847991596947834e-18,-8.169188635911841e-19,0.014981209315167419,-2.1055054732266633e-17,-5.33698346359074e-18,3.946482628810075e-06,0.0,0.0,0.0,-8.263787199281961e-18,0.0,0.0,0.0,1.0,2.6191338297235234,0.96,60.214214619604235,60.21421461960425,60.21421461960425,60.214214619604235
15.0,2.528,6.980344326736705e-18,-8.057941157519294e-19,0.014981347012476956,3.1110786470060024e-17,3.4764836997670734e-19,4.303040923039031e-06,0.0,0.0,0.0,-6.1553737509967185e-18,0.0,0.0,0.0,1.0,2.6191337779375368,0.96,60.37181444431769,60.37181444431768,60.37181444431768,60.37181444431769
16.0,2.56,6.867613079128943e-18,-9.471951934874523e-19,0.01498149619698238,-3.522851487742569e-18,-4.418783679235087e-18,4.662015794514459e-06,0.0,0.0,0.0,-4.8932120685015516e-17,0.0,0.0,0.0,1.0,2.6191337218313873,0.96,60.52941411820675,60.529414118206766,60.529414118206766,60.52941411820675
17.0,2.592,6.651575075660763e-18,-8.081380744791105e-19,0.014981656930546552,-6.7511876083806e-18,4.345534969010679e-18,5.022923880374903e-06,0.0,0.0,0.0,-6.983715254943373e-17,0.0,0.0,0.0,1.0,2.619133661381811,0.96,60.68701364122181,60.68701364122181,60.68701364122181,60.68701364122181
18.0,2.624,5.8377846769430954e-18,-1.0553223616627344e-18,0.014981829262658558,-2.54309499599271e-17,-7.72450897448824e-18,5.385378500186595e-06,0.0,0.0,0.0,-7.131580462135206e-17,0.0,0.0,0.0,1.0,2.6191335965701974,0.96,60.84461301294555,60.84461301294555,60.84461301294555,60.84461301294555
19.0,2.656,5.749583130606677e-18,-2.5042897896775843e-19,0.014982013232908702,-2.7562983230130768e-18,2.5152918209217978e-17,5.749070316975099e-06,0.0,0.0,0.0,-1.632596657745181e-16,0.0,0.0,0.0,1.0,2.6191335273816594,0.96,61.00221223266671,61.00221223266671,61.00221223266671,61.00221223266671
20.0,2.688,6.752668540002702e-18,3.5436070457216337e-19,0.014982208872968443,3.134641904362577e-17,1.889967761062254e-17,6.113751866907135e-06,0.0,0.0,0.0,2.5688161293928388e-17,0.0,0.0,0.0,1.0,2.6191334538042876,0.96,61.15981129943869,61.15981129943869,61.15981129943869,61.15981129943869
21.0,2.72,6.242295237461882e-18,1.0579807652747625e-18,0.014982416208174339,-1.594916570440063e-17,2.19881268969562e-17,6.479225184261196e-06,0.0,0.0,0.0,-6.71054490434609e-17,0.0,0.0,0.0,1.0,2.6191333758285555,0.96,61.317410212126724,61.31741021212674,61.31741021212674,61.317410212126724
22.0,2.7520000000000002,6.421466370425197e-18,4.797730369313934e-19,0.014982635258795137,5.599097905103598e-18,-1.8068991510730267e-17,6.845331899951208e-06,0.0,0.0,0.0,6.320635679539325e-17,0.0,0.0,0.0,1.0,2.619133293446843,0.96,61.47500896944553,61.47500896944552,61.47500896944552,61.47500896944553
23.0,2.7840000000000003,7.68389762672116e-18,2.5427198933608763e-19,0.014982866041045444,3.945097675924881e-17,-7.0469077373533e-18,7.2119453220801795e-06,0.0,0.0,0.0,-4.309087906615707e-17,0.0,0.0,0.0,1.0,2.619133206653055,0.96,61.632607569989354,61.632607569989354,61.632607569989354,61.632607569989354
24.0,2.816,6.548174839546911e-18,1.563553633536923e-19,0.01498310856789662,-3.5491337099195746e-17,-3.059894561949894e-18,7.578964099266503e-06,0.0,0.0,0.0,-1.1877229971887642e-17,0.0,0.0,0.0,1.0,2.6191331154423145,0.96,61.790206012256085,61.7902060122561,61.7902060122561,61.790206012256085
25.0,2.848,5.5417086337141814e-18,5.937006558781192e-21,0.014983362849725509,-3.1452068932272767e-17,-4.7005736498409674e-18,7.94630715275721e-06,0.0,0.0,0.0,-1.3085886711727583e-17,0.0,0.0,0.0,1.0,2.6191330198107226,0.96,61.947804294666604,61.94780429466659,61.94780429466659,61.947804294666604
26.0,2.88,6.536520141918805e-18,2.171412299647068e-19,0.014983628894833376,3.1087859631394456e-17,6.60013198143517e-18,8.313909620862377e-06,0.0,0.0,0.0,1.2442120097102098e-16,0.0,0.0,0.0,1.0,2.61913291975516,0.96,62.10540241557998,62.10540241557997,62.10540241557997,62.10540241557998
27.0,2.912,6.73132555416212e-18,-9.111835543886337e-19,0.014983906709861076,6.087669132603597e-18,-3.5260149511041864e-17,8.681719615617487e-06,0.0,0.0,0.0,5.169583287324869e-17,0.0,0.0,0.0,1.0,2.619132815273133,0.96,62.26300037330616,62.26300037330618,62.26300037330618,62.26300037330616
28.0,2.944,5.776702614796786e-18,-1.2214161920071901e-18,0.01498419630012116,-2.983196685516667e-17,-9.694769925579879e-18,9.049695627637638e-06,0.0,0.0,0.0,-4.4283269825932533e-17,0.0,0.0,0.0,1.0,2.6191327063626457,0.96,62.42059816611547,62.42059816611547,62.42059816611548,62.42059816611548
29.0,2.976,5.712219422780154e-18,-4.654656408667045e-20,0.014984497669863569,-2.0150997505197456e-18,3.671467587251621e-17,9.41780445024974e-06,0.0,0.0,0.0,-4.1260865620346086e-17,0.0,0.0,0.0,1.0,2.6191325930221043,0.96,62.578195792246774,62.578195792246774,62.578195792246774,62.578195792246774
30.0,3.008,5.926273234747252e-18,-9.13770945166154e-19,0.014984810822488166,6.689181623971809e-18,-2.7100761908733838e-17,9.786019518657424e-06,0.0,0.0,0.0,4.922517452071144e-18,0.0,0.0,0.0,1.0,2.6191324752502325,0.96,62.735793249913584,62.735793249913584,62.73579324991357,62.73579324991357
31.0,3.04,5.572746656847474e-18,-8.181332452945811e-19,0.014985135760714783,-1.1047705559368044e-17,2.9886781209866526e-18,1.0154319581793378e-05,0.0,0.0,0.0,-7.583836834229519e-17,0.0,0.0,0.0,1.0,2.6191323530460116,0.96,62.893390537309266,62.893390537309266,62.89339053730928,62.89339053730928
32.0,3.072,5.678532865695917e-18,-3.232459995881812e-19,0.014985472486719225,3.305819026513842e-18,1.5465226428324983e-17,1.0522687638825433e-05,0.0,0.0,0.0,-1.9474426502447474e-17,0.0,0.0,0.0,1.0,2.619132226408627,0.96,63.050987652611084,63.050987652611084,63.050987652611084,63.050987652611084
33.0,3.104,5.182174784166906e-18,-7.439962991045475e-20,0.0149858210022421,-1.5511190047781595e-17,7.776449052428946e-18,1.0891110089846803e-05,0.0,0.0,0.0,3.4346937642912144e-18,0.0,0.0,0.0,1.0,2.619132095337428,0.96,63.20858459398323,63.20858459398323,63.20858459398323,63.20858459398323
34.0,3.136,5.1083624076043425e-18,1.1239403844135729e-18,0.014986181308675857,-2.306636767580106e-18,3.744812544762583e-17,1.1259576054888684e-05,0.0,0.0,0.0,1.2624146275914432e-17,0.0,0.0,0.0,1.0,2.619131959831895,0.96,63.36618135957968,63.36618135957968,63.36618135957968,63.36618135957968
35.0,3.168,5.127618280720557e-18,7.213828961193729e-19,0.014986553407134425,6.017460348817158e-19,-1.2579921509193738e-17,1.1628076830247088e-05,0.0,0.0,0.0,1.7099307792782435e-17,0.0,0.0,0.0,1.0,2.6191318198916136,0.96,63.5237779475461,63.5237779475461,63.52377794754609,63.52377794754609
36.0,3.2,5.239726186872171e-18,3.3206090661369855e-19,0.014986937298508932,3.503372067237918e-18,-1.2166312172052314e-17,1.1996605453338291e-05,0.0,0.0,0.0,6.6143195994182795e-18,0.0,0.0,0.0,1.0,2.619131675516252,0.96,63.68137435602145,63.68137435602145,63.68137435602145,63.68137435602145
37.0,3.232,5.283846326479607e-18,1.0825935034923944e-19,0.014987332983512259,1.378754362732374e-18,-6.993798633264341e-18,1.2365156353965214e-05,0.0,0.0,0.0,-1.4453526176097236e-17,0.0,0.0,0.0,1.0,2.619131526705548,0.96,63.83897058313956,63.83897058313956,63.83897058313956,63.83897058313956
38.0,3.2640000000000002,5.146516541901411e-18,-5.965798985185796e-19,0.014987740462714696,-4.291555768068623e-18,-2.2026226527119322e-17,1.2733725076165345e-05,0.0,0.0,0.0,-2.964005119256942e-17,0.0,0.0,0.0,1.0,2.6191313734592905,0.96,63.99656662702991,63.99656662702991,63.99656662702991,63.99656662702991
39.0,3.2960000000000003,4.667733263793499e-18,-5.015465556771416e-19,0.014988159736572469,-1.4961977440872224e-17,2.969791963794933e-18,1.3102308055407205e-05,0.0,0.0,0.0,-7.683727348633096e-17,0.0,0.0,0.0,1.0,2.619131215777313,0.96,64.15416248581857,64.15416248581857,64.15416248581857,64.15416248581857
40.0,3.3280000000000003,4.481202965286996e-18,1.800453629883817e-19,0.014988590805450546,-5.829071828328218e-18,2.1299747458297585e-17,1.3470902439913819e-05,0.0,0.0,0.0,-3.952140708486402e-17,0.0,0.0,0.0,1.0,2.6191310536594825,0.96,64.31175815762899,64.31175815762899,64.31175815762899,64.31175815762899
41.0,3.36,4.649075729267183e-18,-1.0774745908443717e-19,0.014989033669640894,5.2460238743809146e-18,-8.993525689775707e-18,1.3839505948361377e-05,0.0,0.0,0.0,-6.066831279515242e-19,0.0,0.0,0.0,1.0,2.6191308871056957,0.96,64.4693536405824,64.4693536405824,64.4693536405824,64.4693536405824
42.0,3.392,4.86658080314576e-18,-4.1978666513522973e-19,0.01498948832937708,6.797033558705519e-18,-9.751225189087259e-18,1.4208116755820207e-05,0.0,0.0,0.0,2.832539699842151e-17,0.0,0.0,0.0,1.0,2.6191307161158686,0.96,64.6269489327983,64.6269489327983,64.6269489327983,64.6269489327983
43.0,3.424,4.937666537438292e-18,-1.172463237414694e-18,0.014989954784845955,2.2214291966416267e-18,-2.3521142883733236e-17,1.4576733402358447e-05,0.0,0.0,0.0,-7.913486286181683e-18,0.0,0.0,0.0,1.0,2.6191305406899366,0.96,64.78454403239479,64.78454403239479,64.78454403239479,64.78454403239479
44.0,3.456,4.906387566151853e-18,-8.864556765899434e-19,0.014990433036196998,-9.77467852701228e-19,8.937736275773447e-18,1.4945354720073329e-05,0.0,0.0,0.0,-1.818453574940179e-18,0.0,0.0,0.0,1.0,2.619130360827849,0.96,64.94213893748892,64.94213893748892,64.94213893748892,64.94213893748892
45.0,3.488,4.6220611937653704e-18,-7.605937326801604e-19,0.014990923083549785,-8.885199137077566e-18,3.9331857471807124e-18,1.5313979774599418e-05,0.0,0.0,0.0,9.641642619371158e-18,0.0,0.0,0.0,1.0,2.6191301765295663,0.96,65.09973364619674,65.09973364619674,65.09973364619674,65.09973364619674
46.0,3.52,4.6858966116282285e-18,-5.036478171547306e-19,0.014991424926999978,1.994856808214313e-18,8.029559860169675e-18,1.5682607818541948e-05,0.0,0.0,0.0,-3.477194282071107e-17,0.0,0.0,0.0,1.0,2.6191299877950582,0.96,65.25732815663369,65.25732815663369,65.25732815663369,65.25732815663369
47.0,3.552,4.79543710654955e-18,-1.7066629139129292e-19,0.014991938566624103,3.4231404662912946e-18,1.0405672680107419e-17,1.605123825390921e-05,0.0,0.0,0.0,-3.754513555182468e-18,0.0,0.0,0.0,1.0,2.619129794624302,0.96,65.41492246691463,65.41492246691463,65.41492246691463,65.41492246691463
48.0,3.584,4.714946757507598e-18,2.5353644346959418e-19,0.014992464002483377,-2.515323407561003e-18,1.325633546440271e-17,1.6419870602296993e-05,0.0,0.0,0.0,1.2514294424908397e-17,0.0,0.0,0.0,1.0,2.6191295970172797,0.96,65.5725165751539,65.5725165751539,65.5725165751539,65.5725165751539
49.0,3.616,4.6986705745821594e-18,-2.226726490059216e-21,0.014993001234626779,-5.086307164199495e-19,-7.992599061239162e-18,1.6788504481307195e-05,0.0,0.0,0.0,1.484577882146679e-17,0.0,0.0,0.0,1.0,2.6191293949739802,0.96,65.73011047946552,65.73011047946552,65.73011047946552,65.73011047946552
50.0,3.648,4.6145968499662386e-18,-1.5565167356632502e-19,0.014993550263093484,-2.627303894247524e-18,-4.794529596133302e-18,1.715713958454428e-05,0.0,0.0,0.0,1.3763420886426196e-17,0.0,0.0,0.0,1.0,2.6191291884943944,0.96,65.88770417796326,65.88770417796326,65.88770417796326,65.88770417796326
51.0,3.68,4.465731619940389e-18,-1.9757760444065187e-19,0.014994111087914836,-4.652038438307799e-18,-1.3101853398227127e-18,1.7525775667249604e-05,0.0,0.0,0.0,-4.753005712258017e-18,0.0,0.0,0.0,1.0,2.6191289775785167,0.96,66.04529766876055,66.04529766876055,66.04529766876055,66.04529766876055
52.0,3.712,4.3604374311068656e-18,-2.327909684910091e-19,0.014994683709115908,-3.2904434010476005e-18,-1.100417626573662e-18,1.789441253350784e-05,0.0,0.0,0.0,9.675551204307932e-18,0.0,0.0,0.0,1.0,2.6191287622263446,0.96,66.20289094997074,66.20289094997074,66.20289094997074,66.20289094997074
53.0,3.744,4.362672308037668e-18,-1.1437069343057208e-19,0.014995268126716758,6.983990408756736e-20,3.700633595638653e-18,1.8263050026543354e-05,0.0,0.0,0.0,-1.3532522681072807e-17,0.0,0.0,0.0,1.0,2.619128542437877,0.96,66.360484019707,66.360484019707,66.360484019707,66.360484019707
54.0,3.7760000000000002,4.356503237225802e-18,-7.14670300096105e-20,0.01499586434073343,-1.927834628707959e-19,1.340739481905048e-18,1.8631688021022372e-05,0.0,0.0,0.0,-4.309272663978996e-18,0.0,0.0,0.0,1.0,2.6191283182131144,0.96,66.51807687608236,66.51807687608236,66.51807687608236,66.51807687608236
55.0,3.8080000000000003,4.387072902838477e-18,2.557703459347716e-20,0.014996472351178765,9.553020503960897e-19,3.0326270188464866e-18,1.9000326416710404e-05,0.0,0.0,0.0,1.0974186854370273e-18,0.0,0.0,0.0,1.0,2.61912808955206,0.96,66.67566951720973,66.67566951720973,66.67566951720973,66.67566951720973
56.0,3.84,4.3939772166792624e-18,6.208970600239491e-20,0.014997092158063028,2.1575980752454316e-19,1.1410209815286945e-18,1.9368965133214127e-05,0.0,0.0,0.0,-1.2074205311625367e-18,0.0,0.0,0.0,1.0,2.6191278564547154,0.96,66.83326194120201,66.83326194120201,66.83326194120201,66.83326194120201
57.0,3.872,4.384356700773156e-18,7.593283102386058e-20,0.015125813218067306,-3.006411220658211e-19,4.325976569208018e-19,0.0040225331251336725,0.0,0.0,0.0,-1.2074205311625367e-18,0.0,0.0,0.0,1.0,2.619079449690172,0.96,66.96953877968707,66.96953877968707,66.96953877968707,66.96953877968707
58.0,3.904,4.375432926540645e-18,8.483619337893787e-20,0.0157362153583916,-2.7886794476596305e-19,2.782300735961651e-19,0.019075066885134148,0.0,0.0,0.0,-1.2074205311625367e-18,0.0,0.0,0.0,1.0,2.6188499761836344,0.96,67.04565429502648,67.04565429502648,67.04565429502648,67.04565429502648
59.0,3.936,4.386785898568593e-18,3.842114938410837e-19,0.017187918203995907,3.5478037587337363e-19,9.35547813944205e-18,0.04536571392513458,0.0,0.0,0.0,-1.2074205311625405e-18,0.0,0.0,0.0,1.0,2.6183047164385194,0.96,67.05693396445781,67.05693396445781,67.05693396445781,67.05693396445781
60.0,3.968,4.3692702883571295e-18,1.5797592856623854e-18,0.01984658117760023,-5.4736281910824305e-19,3.7360868494415645e-17,0.08308321792513508,0.0,0.0,0.0,-1.207420531162533e-18,0.0,0.0,0.0,1.0,2.61730791547904,0.96,66.99858436173335,66.99858436173335,66.99858436173335,66.99858436173335
61.0,4.0,4.3422137885058636e-18,4.014542713088381e-18,0.024083903499684575,-8.455156203520588e-19,7.608698210706229e-17,0.1324163225651356,0.0,0.0,0.0,-1.2074205311625357e-18,0.0,0.0,0.0,1.0,2.6157240350251807,0.96,66.86569219075254,66.86569219075254,66.86569219075254,66.86569219075254
62.0,4.032,4.312102283531747e-18,7.745459747013568e-18,0.030277624188488936,-9.409845304411342e-19,1.16591157310162e-16,0.1935537715251361,0.0,0.0,0.0,-1.2074205311625401e-18,0.0,0.0,0.0,1.0,2.6134195006063456,0.96,66.65322331919435,66.65322331919435,66.65322331919435,66.65322331919435
63.0,4.064,4.2561535198192575e-18,1.3144608764938574e-17,0.038811522060013315,-1.7483988660153036e-18,1.6872340681015629e-16,0.26668430848513663,0.0,0.0,0.0,-1.2074205311625653e-18,0.0,0.0,0.0,1.0,2.6102649846566512,0.96,66.27846323697418,66.27846323697418,66.27846323697418,66.27846323697418
64.0,4.096,4.01765787924976e-18,2.0274284603952546e-17,0.050075415728017714,-7.452988767796783e-18,2.228023699691864e-16,0.35199667712513716,0.0,0.0,0.0,-1.2074205311625879e-18,0.0,0.0,0.0,1.0,2.6061382764167176,0.96,65.73926245709416,65.73926245709416,65.73926245709416,65.73926245709416
65.0,4.128,3.2760462711588568e-18,2.948092159110914e-17,0.06446516360402213,-2.3175362752840713e-17,2.8770740584864327e-16,0.4496796211251376,0.0,0.0,0.0,-1.2074205311625779e-18,0.0,0.0,0.0,1.0,2.600927801787364,0.96,65.10695025833408,65.10695025833408,65.10695025833408,65.10695025833408
66.0,4.16,1.7762335541264727e-18,4.0983308115460944e-17,0.08238266389730657,-4.686914740726196e-17,3.5944957888599363e-16,0.5599218841651383,0.0,0.0,0.0,-1.2074205311625393e-18,0.0,0.0,0.0,1.0,2.594536871103628,0.96,64.37656394020124,64.37656394020124,64.37656394020124,64.37656394020124
67.0,4.192,-7.008638520722315e-19,5.5406715834746057e-17,0.10383490400620939,-7.740929394370944e-17,4.507314912276593e-16,0.6703825034032124,0.0,0.0,0.0,-1.2074205311625465e-18,0.0,0.0,0.0,1.0,2.5870276147110527,0.96,63.60973844292183,63.60973844292183,63.60973844292183,63.60973844292183
68.0,4.224,-4.50260203762822e-18,7.36865367509633e-17,0.12850028842414124,-1.1880431829862455e-16,5.712444036317883e-16,0.7707932630603698,0.0,0.0,0.0,-1.2074205311627622e-18,0.0,0.0,0.0,1.0,2.5785871610780977,0.96,62.861030800456724,62.861030800456724,62.86103080045674,62.86103080045674
69.0,4.256,-1.0044076119829575e-17,9.536029032257891e-17,0.15606853816666533,-1.731710650687922e-16,6.773047991129873e-16,0.861507804453877,0.0,0.0,0.0,-1.2074205311633116e-18,0.0,0.0,0.0,1.0,2.569400769103985,0.96,62.131775596063974,62.131775596063974,62.131775596063974,62.131775596063974
70.0,4.288,-1.7677919151521474e-17,1.1694643527224848e-16,0.18624096749206595,-2.3855759474037164e-16,6.745670296771733e-16,0.9428884164187686,0.0,0.0,0.0,-1.207420531163368e-18,0.0,0.0,0.0,1.0,2.559649148416292,0.96,61.4231482429855,61.4231482429855,61.423148242985484,61.423148242985484
71.0,4.32,-2.771732297468501e-17,1.3488031615176234e-16,0.21873067814687996,-3.1373136947386017e-16,5.604337774848077e-16,1.015303457962937,0.0,0.0,0.0,-1.2074205311626459e-18,0.0,0.0,0.0,1.0,2.549506178315486,0.96,60.73617592871653,60.73617592871653,60.73617592871651,60.73617592871651
72.0,4.352,-4.0742364036337826e-17,1.478934704239954e-16,0.2532626808338177,-4.0703253317665014e-16,4.0666107100728263e-16,1.0791250839668032,0.0,0.0,0.0,-1.2074205311627248e-18,0.0,0.0,0.0,1.0,2.539136984062793,0.96,60.07174777182782,60.07174777182782,60.07174777182781,60.07174777182781
73.0,4.384,-5.636109804164784e-17,1.5611660771339635e-16,0.28957395276072595,-4.880854376659375e-16,2.5697304029377945e-16,1.1347272477158818,0.0,0.0,0.0,-1.2074205311628042e-18,0.0,0.0,0.0,1.0,2.5286963377590475,0.9600000000000001,59.43062423381332,59.43062423381332,59.43062423381332,59.43062423381332
74.0,4.416,-7.330416315434197e-17,1.6108720223227319e-16,0.32741343932809636,-5.294707847716911e-16,1.5533107871490114e-16,1.1824839552303241,0.0,0.0,0.0,-1.2074205311627277e-18,0.0,0.0,0.0,1.0,2.518327357909702,0.9600000000000001,58.813445830567424,58.813445830567424,58.813445830567424,58.813445830567424
75.0,4.448,-9.042789787733759e-17,1.6453217201243842e-16,0.3665420072532788,-5.3511671009361275e-16,1.0765530563016327e-16,1.22276774766195,0.0,0.0,0.0,-1.2074205311627389e-18,0.0,0.0,0.0,1.0,2.5081604870053082,0.9600000000000001,58.22074118915745,58.22074118915745,58.22074118915745,58.22074118915745
76.0,4.48,-1.0655351270308171e-16,1.683474036353112e-16,0.40673235571454314,-5.039254633045032e-16,1.192259882147744e-16,1.2559483894145098,0.0,0.0,0.0,-1.2074205311626975e-18,0.0,0.0,0.0,1.0,2.4983127301753107,0.9600000000000001,57.65293449578202,57.65293449578202,57.65293449578202,57.65293449578202
77.0,4.5120000000000005,-1.2063444130644895e-16,1.7403496638184152e-16,0.44776889142866616,-4.400290188552259e-16,1.777363358290723e-16,1.2823917410663432,0.0,0.0,0.0,-1.207420531162726e-18,0.0,0.0,0.0,1.0,2.4888871403247523,0.9600000000000001,57.11035238038163,57.11035238038163,57.11035238038163,57.11035238038163
78.0,4.5440000000000005,-1.3154939057864081e-16,1.8323782606001192e-16,0.4894475729520296,-3.4109216475599535e-16,2.8758936494282466e-16,1.302458797605107,0.0,0.0,0.0,-1.207420531162576e-18,0.0,0.0,0.0,1.0,2.4799725362924026,0.9600000000000001,56.59323028245417,56.59323028245417,56.593230282454186,56.593230282454186
79.0,4.5760000000000005,-1.387409766572624e-16,1.9665445447782598e-16,0.5315757289167824,-2.2473706495692417e-16,4.192696380566893e-16,1.3165048738985232,0.0,0.0,0.0,-1.2074205311620887e-18,0.0,0.0,0.0,1.0,2.4716434406564076,0.9600000000000001,56.10171834133955,56.10171834133955,56.10171834133955,56.10171834133955
80.0,4.6080000000000005,-1.4207757420087276e-16,2.136897660023837e-16,0.5739718543793637,-1.042686732378239e-16,5.323534851424283e-16,1.3248789207056648,0.0,0.0,0.0,-1.2074205311620567e-18,0.0,0.0,0.0,1.0,2.4639602230679287,0.9600000000000001,55.63588685267804,55.63588685267804,55.63588685267804,55.63588685267804
81.0,4.64,-1.414444966459118e-16,2.337073449798941e-16,0.6164653889671456,1.978367359253054e-17,6.255493430472164e-16,1.327922955868221,0.0,0.0,0.0,-1.2074205311620334e-18,0.0,0.0,0.0,1.0,2.456969433643838,0.9600000000000001,55.19573133098744,55.19573133098744,55.19573133098744,55.19573133098744
82.0,4.672,-1.3673331575325485e-16,2.5605523653097804e-16,0.6588964800583978,1.4722440289552943e-16,6.983716109713726e-16,1.32597159660163,0.0,0.0,0.0,-1.2074205311618383e-18,0.0,0.0,0.0,1.0,2.450704309237765,0.9600000000000001,54.78117721640787,54.78117721640787,54.78117721640787,54.78117721640787
83.0,4.704,-1.2782858590046464e-16,2.7983906312708377e-16,0.7011157338193097,2.78272807899694e-16,7.432445811283036e-16,1.319351680028494,0.0,0.0,0.0,-1.2074205311620492e-18,0.0,0.0,0.0,1.0,2.4451854335756154,0.9600000000000001,54.392084261664436,54.392084261664436,54.392084261664436,54.392084261664436
84.0,4.736,-1.146679774944503e-16,3.04447291279077e-16,0.7429839565474404,4.1126901268794755e-16,7.690071297497879e-16,1.3083819602540843,0.0,0.0,0.0,-1.20742053116227e-18,0.0,0.0,0.0,1.0,2.4404215305131216,0.9600000000000001,54.028250633255176,54.028250633255176,54.028250633255176,54.028250633255176
85.0,4.768,-9.723578006894383e-17,3.295510948112566e-16,0.784371888431685,5.447561695470769e-16,7.844938603806114e-16,1.293372871382643,0.0,0.0,0.0,-1.2074205311624875e-18,0.0,0.0,0.0,1.0,2.4364103682463916,0.9600000000000001,53.68941675876994,53.68941675876994,53.68941675876994,53.68941675876994
86.0,4.8,-7.549431260227309e-17,3.5509576863018116e-16,0.8251599315326413,6.794208583334601e-16,7.982710568413919e-16,1.274626346904883,0.0,0.0,0.0,-1.207420531162513e-18,0.0,0.0,0.0,1.0,2.4331397513381083,0.9600000000000001,53.37526895014917,53.37526895014917,53.37526895014917,53.37526895014917
87.0,4.832,-4.937357216245011e-17,3.810611204803961e-16,0.8652378735121665,8.162731387444673e-16,8.114172453192159e-16,1.252435686860161,0.0,0.0,0.0,-1.2074205311626455e-18,0.0,0.0,0.0,1.0,2.4305885770190567,0.96,53.08544283057753,53.08544283057753,53.08544283057753,53.08544283057753
88.0,4.864,-1.865091626771603e-17,4.0759126569435414e-16,0.9045046083950228,9.600829967104392e-16,8.290670379361881e-16,1.2270854650892569,0.0,0.0,0.0,-1.2074205311626197e-18,0.0,0.0,0.0,1.0,2.4287279324407227,0.96,52.81952659060349,52.81952659060349,52.81952659060349,52.81952659060349
89.0,4.896,1.69003927520823e-17,4.3480129241166183e-16,0.9428678554269914,1.1109784068686968e-15,8.503133349158645e-16,1.1988514697490171,0.0,0.0,0.0,-1.2074205311626403e-18,0.0,0.0,0.0,1.0,2.4275222103913925,0.96,52.577064096985005,52.57706409698499,52.57706409698499,52.577064096985005
90.0,4.928,5.748931872261341e-17,4.628223992353136e-16,0.9802438769009307,1.268403936579096e-15,8.75659588239117e-16,1.1680006710606043,0.0,0.0,0.0,-1.2074205311626025e-18,0.0,0.0,0.0,1.0,2.4269302224002867,0.9599999999999999,52.357557875687675,52.35755787568766,52.35755787568766,52.357557875687675
91.0,4.96,1.0248499457086677e-16,4.916140324825687e-16,1.0165571956532922,1.4061148702579163e-15,8.997385389767217e-16,1.1347912110112939,0.0,0.0,0.0,-1.2074205311628279e-18,0.0,0.0,0.0,1.0,2.426906290058992,0.9599999999999999,52.160471988410606,52.160471988410606,52.160471988410606,52.160471988410606
92.0,4.992,1.5021768731623162e-16,5.211868976354897e-16,1.0517403127869882,1.4916466482926503e-15,9.241520360287794e-16,1.0994724104280003,0.0,0.0,0.0,-1.2074205311627208e-18,0.0,0.0,0.0,1.0,2.427401297677682,0.9599999999999999,51.98523481999012,51.98523481999012,51.98523481999012,51.98523481999012
93.0,5.024,1.9911987040672553e-16,5.513973529974057e-16,1.085733426050708,1.5281932215779333e-15,9.440767300598755e-16,1.062284789491246,0.0,0.0,0.0,-1.2074205311627504e-18,0.0,0.0,0.0,1.0,2.4283636919420433,0.9599999999999997,51.83124179203669,51.83124179203669,51.83124179203669,51.83124179203669
94.0,5.056,2.476360453478226e-16,5.822129576964165e-16,1.1184841491983368,1.5161304669092826e-15,9.629876468440863e-16,1.0234600983633968,0.0,0.0,0.0,-1.2074205311627473e-18,0.0,0.0,0.0,1.0,2.4297404169193157,0.9599999999999997,51.697858016199646,51.697858016199646,51.697858016199646,51.697858016199646
95.0,5.088,2.9422513086262703e-16,6.136407596497648e-16,1.1499472325636495,1.4559089223376367e-15,9.82118811042133e-16,0.9832213551660202,0.0,0.0,0.0,-1.2074205311627138e-18,0.0,0.0,0.0,1.0,2.4314777754595034,0.9599999999999996,51.5844208985334,51.5844208985334,51.5844208985334,51.5844208985334
96.0,5.12,3.376874243999913e-16,6.456600256371481e-16,1.1800842850135815,1.3581966730426322e-15,1.0006020621057267e-15,0.9417828890603752,0.0,0.0,0.0,-1.2074205311629105e-18,0.0,0.0,0.0,1.0,2.433522210646299,0.9599999999999996,51.490242704562306,51.490242704562306,51.490242704562306,51.490242704562306
97.0,5.152,3.767204813347805e-16,6.779992133696665e-16,1.2088634973867947,1.2197830292121616e-15,1.0105996166411998e-15,0.8993503866629093,0.0,0.0,0.0,-1.2074205311629692e-18,0.0,0.0,0.0,1.0,2.4358210033868746,0.9599999999999996,51.414613092817504,51.414613092817504,51.414613092817504,51.414613092817504
98.0,5.184,4.099679261881191e-16,7.103359998834958e-16,1.2362593674817093,1.03898265166683e-15,1.010524578557166e-15,0.8561209404660811,0.0,0.0,0.0,-1.2074205311630836e-18,0.0,0.0,0.0,1.0,2.4383228844275022,0.9599999999999995,51.356801622852494,51.35680162285251,51.35680162285251,51.356801622852494
99.0,5.216,4.3629622752931274e-16,7.422651779359875e-16,1.2622524266283979,8.227594169123005e-16,9.97786814140362e-16,0.8122830983340178,0.0,0.0,0.0,-1.2074205311629095e-18,0.0,0.0,0.0,1.0,2.4409785610022223,0.9599999999999995,51.31606024204593,51.31606024204594,51.31606024204594,51.31606024204593
100.0,5.248,4.551944415048129e-16,7.735267549355941e-16,1.2868289678605125,5.9056918673438e-16,9.769242812377067e-16,0.7680169135035809,0.0,0.0,0.0,-1.2074205311627371e-18,0.0,0.0,0.0,1.0,2.443741159943893,0.9599999999999995,51.29162575387697,51.29162575387697,51.29162575387697,51.29162575387697
101.0,5.28,4.668184562219557e-16,8.040197649306423e-16,1.3099807756955557,3.63250459910713e-16,9.529065623452554e-16,0.7234939948451001,0.0,0.0,0.0,-1.2074205311629442e-18,0.0,0.0,0.0,1.0,2.4465665904080383,0.9599999999999995,51.282722268818944,51.282722268818944,51.282722268818944,51.282722268818944
102.0,5.312,4.71133455401133e-16,8.335023982898823e-16,1.331704857533095,1.3484372434928935e-16,9.213322924762485e-16,0.6788775574231015,0.0,0.0,0.0,-1.2074205311629752e-18,0.0,0.0,0.0,1.0,2.4494138303910686,0.9599999999999995,51.288563637553544,51.288563637553544,51.288563637553544,51.288563637553544
103.0,5.344,4.679589417285886e-16,8.616946890052991e-16,1.3520031766898135,-9.92035522670123e-17,8.81009084856775e-16,0.6343224736474536,0.0,0.0,0.0,-1.2074205311626541e-18,0.0,0.0,0.0,1.0,2.4522451419871785,0.9599999999999995,51.30835586486459,51.3083558648646,51.3083558648646,51.30835586486459
104.0,5.376,4.569108706299064e-16,8.884635973730886e-16,1.3708823871064133,-3.4525222183381794e-16,8.365283864934222e-16,0.5899753255187429,0.0,0.0,0.0,-1.2074205311631516e-18,0.0,0.0,0.0,1.0,2.4550262208509603,0.9599999999999995,51.34129950134214,51.34129950134216,51.34129950134216,51.34129950134214
105.0,5.408,4.3830220430717713e-16,9.13532910534225e-16,1.3883535697832186,-5.815208225852898e-16,7.834160362855116e-16,0.5459744586501637,0.0,0.0,0.0,-1.2074205311631687e-18,0.0,0.0,0.0,1.0,2.4577262856476443,0.9599999999999995,51.38659200891699,51.38659200891699,51.38659200891699,51.38659200891699
106.0,5.44,4.130877342563948e-16,9.367599395493757e-16,1.4044319710277353,-7.879521890869472e-16,7.258446567234579e-16,0.5024500388911483,0.0,0.0,0.0,-1.2074205311637288e-18,0.0,0.0,0.0,1.0,2.4603181134132583,0.9599999999999995,51.443430095266905,51.443430095266905,51.443430095266905,51.443430095266905
107.0,5.472,3.826754908892565e-16,9.57763360298015e-16,1.4191367426273427,-9.503826052230715e-16,6.563568983949799e-16,0.4595241124877299,0.0,0.0,0.0,-1.2074205311634191e-18,0.0,0.0,0.0,1.0,2.462778026745459,0.9599999999999996,51.511012011287924,51.511012011287924,51.511012011287924,51.511012011287924
108.0,5.5040000000000004,3.4845120981604784e-16,9.764041897069353e-16,1.432490684092644,-1.069508783537769e-15,5.825259190287564e-16,0.4173106707906628,0.0,0.0,0.0,-1.207420531163498e-18,0.0,0.0,0.0,1.0,2.465085838632586,0.9599999999999996,51.58853980512025,51.58853980512025,51.58853980512025,51.58853980512025
109.0,5.5360000000000005,3.11695273058557e-16,9.923826599253504e-16,1.4445199871507959,-1.1486230236715882e-15,4.993271943254705e-16,0.37591572056724887,0.0,0.0,0.0,-1.2074205311635493e-18,0.0,0.0,0.0,1.0,2.467224760530856,0.9599999999999996,51.6752215256558,51.6752215256558,51.6752215256558,51.6752215256558
110.0,5.5680000000000005,2.737504802116862e-16,1.0053655848389e-15,1.4552539827023847,-1.1857747764647106e-15,4.057164035484263e-16,0.33543736098715055,0.0,0.0,0.0,-1.2074205311635541e-18,0.0,0.0,0.0,1.0,2.4691812790409657,0.9599999999999997,51.7702733680404,51.7702733680404,51.7702733680404,51.7702733680404
111.0,5.6000000000000005,2.3597532132050666e-16,1.0150156395177229e-15,1.464724890489212,-1.18047371534936e-15,3.0156420871321334e-16,0.29596586833835453,0.0,0.0,0.0,-1.2074205311635156e-18,0.0,0.0,0.0,1.0,2.4709450062355103,0.9599999999999997,51.87292175341611,51.87292175341611,51.87292175341611,51.87292175341611
112.0,5.632,1.9969720996450474e-16,1.0208003047413188e-15,1.4729675717528576,-1.1336909798750903e-15,1.8077078823737778e-16,0.2575837894889313,0.0,0.0,0.0,-1.2074205311633765e-18,0.0,0.0,0.0,1.0,2.4725085083634784,0.9599999999999997,51.98240533502677,51.98240533502677,51.98240533502677,51.98240533502677
113.0,5.664,1.6620179760271925e-16,1.021904071234932e-15,1.4800192851942984,-1.0467316363057958e-15,3.449270292541047e-17,0.2203660450450227,0.0,0.0,0.0,-1.207420531163205e-18,0.0,0.0,0.0,1.0,2.473867117320258,0.9599999999999999,52.097976922831904,52.097976922831904,52.097976922831904,52.097976922831904
114.0,5.696,1.367758090543314e-16,1.0172437690761564e-15,1.4859194465725032,-9.19562142137119e-16,-1.4563444246173608e-16,0.18438004306890032,0.0,0.0,0.0,-1.2074205311630944e-18,0.0,0.0,0.0,1.0,2.4750187289306167,0.9599999999999999,52.218905318930474,52.218905318930474,52.21890531893046,52.21890531893046
115.0,5.728,1.1280170700482648e-16,1.005484154699307e-15,1.4907093923041557,-7.491906890470284e-16,-3.674879492765395e-16,0.14968580411413981,0.0,0.0,0.0,-1.207420531163839e-18,0.0,0.0,0.0,1.0,2.475963591754837,0.9599999999999999,52.34447705638776,52.344477056387746,52.34447705638773,52.344477056387746
116.0,5.76,9.578860024873287e-17,9.857555914215546e-16,1.4944321474469635,-5.31659586127925e-16,-6.165176024297635e-16,0.116336098212745,0.0,0.0,0.0,-1.3334750500813511e-15,0.0,0.0,0.0,1.0,2.476704089799388,0.9599999999999999,52.47399803446665,52.47399803446664,52.473998034466625,52.47399803446664
117.0,5.792,8.63977955061961e-17,9.580669398945105e-16,1.497132198464954,-2.9346264820427353e-16,-8.652703602201278e-16,0.08437659431220067,0.0,0.0,0.0,-1.7775642599314133e-15,0.0,0.0,0.0,1.0,2.4772445221961026,0.9599999999999999,52.606795043789475,52.60679504378946,52.60679504378945,52.60679504378946
118.0,5.824,8.47736167123434e-17,9.22757018052319e-16,1.498855271185389,-5.0755587307897e-17,-1.1034350575684853e-15,0.05384602251359833,0.0,0.0,0.0,-1.3334750500813511e-15,0.0,0.0,0.0,1.0,2.4775908826094444,0.9599999999999999,52.74221717557813,52.74221717557812,52.742217175578105,52.74221717557812
119.0,5.856,9.012219350769676e-17,8.813377055042437e-16,1.4996481143632263,1.6714302485479241e-16,-1.294353517127351e-15,0.024776349307413494,0.0,0.0,0.0,-1.3334750500813521e-15,0.0,0.0,0.0,1.0,2.4777506408407457,0.9599999999999999,52.87963710983067,52.87963710983067,52.87963710983067,52.87963710983067
120.0,5.888,1.0086478387204727e-16,8.367054528042859e-16,1.4995582892702417,3.3570594888595325e-16,-1.3947578968736795e-15,-0.0028070341557689922,0.0,0.0,0.0,-1.3334750500813523e-15,0.0,0.0,0.0,1.0,2.477732528821182,0.9599999999999999,53.018452278076424,53.018452278076424,53.018452278076424,53.018452278076424
121.0,5.92,1.1545593674362076e-16,7.919167809308525e-16,1.4986339657219923,4.559735272366711e-16,-1.399645996044794e-15,-0.028885110882795304,0.0,0.0,0.0,-1.3334750500813521e-15,0.0,0.0,0.0,1.0,2.4775463329212717,0.9599999999999999,53.158085897194056,53.158085897194056,53.158085897194056,53.158085897194056
122.0,5.952,1.3236487823019517e-16,7.50001701337837e-16,1.4969237249467462,5.284044214554499e-16,-1.3098462372817305e-15,-0.05344502422643944,0.0,0.0,0.0,-1.3334750500813523e-15,0.0,0.0,0.0,1.0,2.4772026942531262,0.9599999999999999,53.29798787166473,53.29798787166473,53.297987871664745,53.297987871664745
123.0,5.984,1.5006193086413948e-16,7.141301662558313e-16,1.4944763696864958,5.53032894810759e-16,-1.1209854713126799e-15,-0.07647985188282545,0.0,0.0,0.0,-1.3334750500813521e-15,0.0,0.0,0.0,1.0,2.4767129184017946,0.9599999999999999,53.43763556254916,53.43763556254916,53.437635562549175,53.437635562549175
124.0,6.016,1.6697671247498799e-16,6.86713462543995e-16,1.4913407419013949,5.285869253390155e-16,-8.567719909948821e-16,-0.09798836828440313,0.0,0.0,0.0,-1.3334750500813523e-15,0.006687582591170131,0.001003137388674597,0.20844592665329575,1.0,2.476088795793118,0.9599999999999997,53.42179759229566,53.85945340196703,54.14816310582707,52.87672358954251
125.0,6.048,1.8148895523004057e-16,6.691952759499956e-16,1.4875663024839005,4.53507586095393e-16,-5.474433310624817e-16,-0.11795123179669786,-0.0009591118882412253,0.006641698863078284,0.0035012863118198015,0.10951484301793411,0.006691053863686611,0.0009797161464030325,0.20354412581674802,1.0,2.4753425822131816,0.9599999999999997,54.09887997085005,53.22340357979974,53.51736486303655,54.0167241228916
126.0,6.08,6.265681383851794e-05,9.272258873729768e-06,1.4831849679416007,0.0019580254324480123,0.00028975808978314266,-0.1369167044468696,-0.0017916655945798103,0.008634620114919847,0.009349640053701721,0.18284183705111998,0.008625698749714784,0.0012076291884761964,0.1953565026127904,1.0,2.4744212027308046,0.9599373431861614,53.86677843160035,53.83037900748299,53.86371858515966,53.85005934703035
127.0,6.112,0.00020720539363362,3.633731794730794e-05,1.4782609277617766,0.004517143118596935,0.0008457830960493172,-0.15387625561950183,-0.002555002852640276,0.010539794989506265,0.015408707809429382,0.18946679263044078,0.01115858519849557,0.001663514840711603,0.18687073663686915,1.0,2.4733201997557184,0.9597927946063664,53.98605479327161,53.980055989070884,53.98229709570074,53.99868012387575
128.0,6.144,0.0004520238292415389,8.935187232257959e-05,1.4728413541762946,0.00765057611274746,0.0016567048242272374,-0.16936167454631432,-0.003258352601814301,0.012357695855587882,0.021422664845182567,0.18808883126093487,0.014267094873905067,0.002327924017452938,0.17844190029555088,1.0,2.4720325869211637,0.9595479761707584,54.11128700263676,54.11774645795937,54.10620879736973,54.138337065908644
129.0,6.176,0.000814739529618852,0.0001761703260963532,1.4669726513485575,0.011334865636791024,0.002713076680430423,-0.18339696336678435,-0.003900837974104666,0.014074599246407029,0.027271651838729764,0.18295636658781883,0.01793135531541058,0.003184396186786744,0.1702348198417722,1.0,2.4705518734823246,0.9591852604703811,54.23764375415158,54.24879132390946,54.23142975905303,54.27116837627932
130.0,6.208,0.0013120928471181143,0.00030429058556893116,1.46070033329396,0.015542291171851933,0.004003758108518058,-0.196009939206168,-0.004481005796247192,0.01567830697946979,0.032903091542507305,0.17617203483044597,0.02212666009158859,0.004216132004321023,0.16232024942382953,1.0,2.4688721061225083,0.9586879071528819,54.293342160518364,54.30548310996686,54.286144421053066,54.32941061323103
131.0,6.24,0.0019594298090167216,0.0004806703325829318,1.4540441829530726,0.02022928005933146,0.005511867094187515,-0.20800469815273456,-0.004997429458687698,0.017158386209000943,0.03829772266923483,0.16877727085938965,0.026811923143458465,0.0054025036228381555,0.1547224829557797,1.0,2.4669837544580484,0.9580405701909832,54.34744413616514,54.3589418689364,54.33941289815074,54.38413431699392
132.0,6.272,0.002770911006294178,0.0007117603202403154,1.4470231263418247,0.025358787414920488,0.00722156211429323,-0.2194080191014953,-0.00544896430979507,0.01850620154017928,0.04345209304659458,0.16126666306528692,0.03195190666699343,0.006725085810026246,0.14744386034341245,1.0,2.4648782971526586,0.9572290889937057,54.40374070177968,54.41390216902299,54.39498724418284,54.44011698782704
133.0,6.304,0.003759459387316962,0.001003464268463838,1.4396567580664448,0.03089213690696198,0.009115748381985077,-0.23019900860562334,-0.005834809733875606,0.019714562704267188,0.048370158550311855,0.15387242386359085,0.03750919184034249,0.008165501540955696,0.14047654513662097,1.0,2.4625485388224337,0.956240540612683,54.46174377553829,54.47036853813727,54.45238511638167,54.49734386869056
134.0,6.336,0.004936697300586215,0.001361096558080135,1.4319652632786475,0.03678868478966412,0.01117600905050927,-0.24035921211866518,-0.006154613740935663,0.020777810732851947,0.05305918821260346,0.1466989874627402,0.04344388690591724,0.009705302794560847,0.13380827397401518,1.0,2.4599886332417955,0.9550633026994138,54.52109537122279,54.528215140169344,54.51124689781084,54.55568998281918
135.0,6.368,0.006312896111402273,0.0017893458414709115,1.4239693398125832,0.04300621283800177,0.013382790105961752,-0.24987260831450786,-0.006408508192163966,0.021691801381442513,0.05752777020053985,0.13978861311352236,0.04971405953430364,0.011326070509524881,0.12742516272415544,1.0,2.4571940959509853,0.9536871038885977,54.5815019763384,54.58725699386781,54.57127706143365,54.6149758454617
136.0,6.4,0.007896938381813738,0.0022922451518018173,1.415690120547916,0.04950132095035823,0.01571560344784079,-0.25872560202085093,-0.006597115850195393,0.022453872496819717,0.06178485055320453,0.1331536158374869,0.05627617019333248,0.013009523321078652,0.12131306444996576,1.0,2.454161806320598,0.9521030616181863,54.64270427188269,54.64728261415526,54.63221404767448,54.674997910952
137.0,6.432,0.009696292476272982,0.0028731488301673635,1.407149096084576,0.056229815451851316,0.018153239948923306,-0.2669070144793726,-0.006721542076523935,0.023062803143282594,0.06583927924405528,0.12679217749192687,0.06308550252076826,0.014737628857212673,0.11545821470102911,1.0,2.4508899992595836,0.950303707523727,54.70446279588278,54.70807004977156,54.69381560397259,54.735544201247414
138.0,6.464,0.011716999396366251,0.0035347164356906986,1.398368037854766,0.06314709125291462,0.020673987672604203,-0.27440806968156267,-0.006783356878601243,0.02351876383214753,0.0696996052203882,0.12069608536886306,0.07009658863516154,0.01649271463284823,0.1098475257863109,1.0,2.4473782468068017,0.9482830006036337,54.76655121968123,54.76939512409707,54.75585193109539,54.796402265009775
139.0,6.496,0.013963671577932317,0.00427890368945375,1.3893689218368726,0.07020850567393949,0.023255851680095332,-0.28122237555917146,-0.006784570505553275,0.023823257812550933,0.07337399343580416,0.11485450502938689,0.07726362685425192,0.018257576740861314,0.1044687078115198,1.0,2.4436274299087914,0.9460363284220676,54.82875334682627,54.83103583533178,54.81810265282591,54.85736335319185
140.0,6.5280000000000005,0.016439503308787635,0.005106960409620933,1.3801738530723042,0.07736974158922863,0.02587677250522446,-0.2873458988927599,-0.006727604445434809,0.02397905378315031,0.07687020145328768,0.10925580614424735,0.08454088907051442,0.020015585040493788,0.09931030390622916,1.0,2.439639700754273,0.9435604966912123,54.890861919803264,54.892774855327765,54.88035564545272,54.91822471888029
141.0,6.5600000000000005,0.0191462923486828,0.0060194353130995654,1.370804991218434,0.08458715749672382,0.028514840733707227,-0.29277693293344703,-0.006615258966744023,0.02399011063085129,0.08019558489664654,0.10388843290901928,0.09188311496291611,0.021750783751776293,0.09436168270530385,1.0,2.435418436106121,0.9408537076513172,54.95267829094051,54.95440107555139,54.942406758678445,54.97879097488244
142.0,6.5920000000000005,0.02208447225722468,0.007016187484421556,1.361284477397572,0.09181812214193366,0.031148505353812174,-0.29751605690193195,-0.006450677980586163,0.023861494956219354,0.08335711657899086,0.09874130569653845,0.09924589024262755,0.023447986459997218,0.08961300939306022,1.0,2.4309681821419775,0.9379155277427753,55.01401249146174,55.01571066186608,55.004059949292554,55.038874964102135
143.0,6.6240000000000006,0.025253154861866644,0.008096404243565019,1.3516343626223024,0.0990213313950613,0.03375677372323318,-0.3015660867271769,-0.006237311814883802,0.023599292243296547,0.08636141176110286,0.09380399266865964,0.10658600620804885,0.02509286459999417,0.0850552059572896,1.0,2.4262945913834573,0.9347468451381333,55.074683467664336,55.07650784119479,55.065127589992876,55.09829836330791
144.0,6.656000000000001,0.028650182227943854,0.009258625080686523,1.3418765380909599,0.10615710518991274,0.03631940116004698,-0.30493201660445446,-0.005978878399741994,0.023210512595545504,0.08921475573165555,0.08906676843855516,0.11386179800715945,0.026672028559839318,0.08067990607645761,1.0,2.421404352359373,0.931349817772056,55.13451936902011,55.13660552657748,55.12543083454618,55.156892126437185
145.0,6.688,0.03227218742720445,0.010500771267296819,1.3320326676531258,0.11318766247689675,0.0388170683315728,-0.30762095118232324,-0.005679323316101513,0.02270299200126032,0.09192313173979552,0.08452061726811287,0.1210334591668662,0.028173100627855663,0.07647940749937676,1.0,2.4163051127091464,0.9277278125727955,55.193357830342556,55.195825830628614,55.184799979296834,55.21449681808571
146.0,6.72,0.03611466334136031,0.011820180700629283,1.322124122743681,0.12007737231737052,0.04123154479163947,-0.30964202842014676,-0.005342779133318709,0.022085290117162135,0.09449224822174736,0.08015720910171267,0.1280633301469047,0.02958477910629105,0.07244662351045508,1.0,2.411005396487212,0.9238853366586397,55.251046218849,55.254000490372675,55.243074790434505,55.27096286127585
147.0,6.752,0.04017203868377402,0.013213647491257245,1.312171920075324,0.1267929794504281,0.043545837207123766,-0.31100633338616124,-0.004973524442668055,0.021366585571150922,0.09692756472318742,0.07596886245881955,0.1349161589080709,0.03089689302613076,0.06857503443861707,1.0,2.405514516476616,0.9198279613162259,55.30744183159564,55.31097121387724,55.30010478143315,55.32615071123237
148.0,6.784,0.04443776037635048,0.014677465763855474,1.3021966623639232,0.1333038028930143,0.04574432101869462,-0.3117268034812726,-0.004575942976796895,0.02055656978587765,0.09923431616074459,0.07194850122045325,0.14155933174844812,0.03210044701608775,0.06485863983872919,1.0,2.3998424823591966,0.9155622396236495,55.36241203652068,55.36658995361081,55.355749433007745,55.3799309614445
149.0,6.816,0.04890438138075273,0.01620747710777115,1.2922184823392455,0.1395819063875703,0.04781285449736485,-0.31181812577117635,-0.0041544831871225445,0.019665340314768506,0.10141753520221067,0.06808960891908737,0.1479630729543641,0.03318765600089044,0.061291911792588014,1.0,2.3939999056198555,0.9110956186192473,55.415834354692755,55.42071910938791,55.40987835239013,55.43218438620098
150.0,6.848,0.0535636530538367,0.01779912108809651,1.2822569902662238,0.14560223978387393,0.049738874385167435,-0.3112966272819301,-0.0037136186310257916,0.018703294661855028,0.10348207263046849,0.06438618245242772,0.15410061213023182,0.034151969525985856,0.057869749665827225,1.0,2.387997902082889,0.9064363469461633,55.467596484007295,55.47323166332679,55.46237137143819,55.48280192326508
151.0,6.88,0.05840662107719271,0.019447488209452517,1.2723312251699843,0.1513427507298751,0.051511472542375154,-0.3101801592574821,-0.003257809498323845,0.017681025526722582,0.1054326156167986,0.06083268629822806,0.15994831840895174,0.03498808562516227,0.054587436580960914,1.0,2.381847992988756,0.9015933789228072,55.51759626631989,55.524011249533295,55.51311858489016,55.53168460054582
152.0,6.912,0.06342372400023763,0.021147374713829253,1.2624596099223249,0.15678446634515364,0.05312145326177295,-0.3084879764893575,-0.002791465582155803,0.01660921837654257,0.10727370387720278,0.05742400787452332,0.16231918034797319,0.04989236746553101,0.05144059780815774,1.0,2.37556200551971,0.8965762759997623,56.67533225479143,56.27790805787332,54.452429677817236,54.8737875150008
153.0,6.944,0.06860478794092714,0.022893308962873487,1.252653404854773,0.1619082481465471,0.05456044528263227,-0.3064439083609938,-0.015748297079687276,0.013455260704778382,0.10864626793071103,0.04197324347996733,0.16743489505785802,0.051081844401912414,0.04893403579468486,1.0,2.3691513879316957,0.8913952120590728,54.77978595493692,55.07019741727199,56.46869871294776,56.15044408135383
154.0,6.976,0.07390379902371132,0.02481226247602876,1.2429096598896625,0.1655940963370053,0.05996729728610222,-0.3044920301597043,-0.026650295718074403,0.00819508848012381,0.10956745111840958,0.025294802569843077,0.1712146390926115,0.05616362032022547,0.04696474063853853,1.0,2.362642473682904,0.8860962009762886,55.656121789946525,55.5914482772951,55.719406195570755,55.69739995594739
155.0,7.008,0.0792559061520513,0.027009260965224782,1.2332704023635495,0.16725334776062442,0.06865620278737565,-0.30122679769103267,-0.036867980314401735,0.0027780581765789896,0.110928903975057,0.037148588965808596,0.17313686963170466,0.06431740392476012,0.044216029637690994,1.0,2.356088084523139,0.8807440938479487,55.67031051460934,55.641866728125066,55.76149877319351,55.761672796990254
156.0,7.04,0.08459457620926006,0.02958192396524764,1.2237482298157172,0.16683343928777344,0.08039571875071418,-0.2975678921197583,-0.04623518563284301,-0.002745260796607449,0.112472142012087,0.04101529339099401,0.17318495110242996,0.07533885810848337,0.04098503397117619,1.0,2.3495407321082458,0.8754054237907399,55.693325165134084,55.683352306919716,55.80654368418824,55.816637580081874
157.0,7.072,0.08985266282793816,0.032619192645038604,1.2143541940314595,0.1643152068336906,0.0949146462434676,-0.2935636182580523,-0.05460839995648697,-0.008345433144483678,0.11406829031998478,0.040995670735181795,0.17140166540649557,0.08896722107378899,0.037391976705350806,1.0,2.3430549786478396,0.8701473371720618,55.71646604749468,55.72269381276679,55.85550056758565,55.863687578432874
158.0,7.104,0.09496295350722025,0.03619984376124353,1.2050981443888242,0.15969658372756523,0.1118953473814038,-0.2892515513323518,-0.06185097750624815,-0.013953263563623504,0.11564601240956691,0.03901894547498441,0.16786702510099832,0.10490195063668381,0.0334821206151376,1.0,2.336687308074433,0.8650370464927797,55.7385077444395,55.76299294637927,55.90596152637208,55.903623623871695
159.0,7.136,0.09985912505183138,0.04039114536440162,1.1959890871790877,0.15300536076909751,0.13097817509869034,-0.2846580378042665,-0.0678476856068771,-0.019455603254742836,0.11715749429715874,0.035985361630863404,0.16269957338592167,0.12282435069566364,0.02927443256777594,1.0,2.330495566797349,0.8601408749481686,55.76002473952454,55.806008013672496,55.95562582389712,55.93648626600152
160.0,7.168,0.10447712620637765,0.04524779897758283,1.1870355426881851,0.14431253607957098,0.15177042541191266,-0.2797982653407053,-0.07252343043699994,-0.02470028227630706,0.11856310301065318,0.03231296268584797,0.15605053567522215,0.14241481473326603,0.02478400433124727,1.0,2.3245379124434282,0.8555228737936224,55.78251044506741,55.852046382802165,56.00212585129345,55.962705746977086
161.0,7.2,0.10875691283953096,0.05081135113452659,1.1782458735084789,0.13374333228604054,0.17386100490449222,-0.2746771618658201,-0.07585852565130027,-0.029512298680437653,0.11982604512328,0.028197775074697094,0.14809219681560473,0.16336274701183237,0.020030243600663574,1.0,2.3188712979530997,0.851243087160469,55.80753069674833,55.899938782834155,56.04337212269621,55.98363416250653
162.0,7.232,0.11264434994505113,0.057110209533977656,1.169628553434746,0.1214824095475052,0.19683932498284568,-0.2692912523041544,-0.07789354290580651,-0.03371875289558315,0.12091242506072959,0.023736728969242428,0.13900597265925208,0.18536809016789682,0.015037158631460242,1.0,2.3135496409515857,0.8473556500549488,55.835895362142615,55.94747509867903,56.07814954833332,56.00136809314804
163.0,7.264,0.11609301630250152,0.06416028060093731,1.1611923504535926,0.10777082367032464,0.22031472084248913,-0.2636313431610413,-0.07872043294252297,-0.03717438286620443,0.12179351278643692,0.01898479893196199,0.1331365261617291,0.20547912514573324,0.00983014806265702,1.0,2.308621931716208,0.8439069836974984,55.43154456725126,56.08826037362483,56.542133598208416,55.92203639531207
164.0,7.296,0.11906563415948854,0.07196613839311759,1.1529469014108695,0.0928943080308443,0.2439330560056335,-0.2576702825850955,-0.07569071003823742,-0.03547043681494089,0.12213328681729398,0.014686331944753767,0.1228751818290835,0.22894277955920694,0.004873014169276188,1.0,2.304130604231369,0.8409343658405114,56.224879101180306,56.005244522300956,55.80383709711056,56.06272494709181
165.0,7.328,0.12158251741489454,0.0804996294648529,1.1449051057466342,0.07865260173143741,0.26667159599172796,-0.2513061145073545,-0.0741381869281918,-0.035718311608344364,0.12245337499562053,0.009388633792964732,0.11327999081262563,0.2518140297749203,-0.0005462880014038607,1.0,2.3000661233430173,0.8384174825851054,55.950082007889044,56.07283317816147,56.129215581032405,56.046204097937455
166.0,7.36,0.12364240269855603,0.08974513001027681,1.1370773079301797,0.06437141511442164,0.2889218920444972,-0.24461868176420243,-0.07195713411521411,-0.03514469423137728,0.12253767225724548,0.003933872650200705,0.10366591028541253,0.2744918691328317,-0.006115618369313921,1.0,2.2964389375497336,0.8363575973014439,55.973129867045685,56.09759096345097,56.151755473785386,56.06749234145816
167.0,7.392,0.12525338410201298,0.09968165377660942,1.1294737438341877,0.050343168858029516,0.3105163676978938,-0.23761137799974802,-0.06916384085273697,-0.033736556549414806,0.12238716398070981,-0.001586510687694553,0.09420640513136017,0.2967445838970031,-0.011822229448813108,1.0,2.2932512418534223,0.834746615897987,56.00248864531975,56.11808472321976,56.16259088627647,56.087937683420925
168.0,7.424,0.1264330438144068,0.1102830139473867,1.1221043698882105,0.03686436601230653,0.33129250533678944,-0.23029293581178897,-0.0658345552762512,-0.0315677792139469,0.12200892821501087,-0.0072154432588485235,0.08509198172275659,0.31833488379772745,-0.017657550801635766,1.0,2.2904966174452257,0.8335669561855932,56.02911734709582,56.1344846948723,56.170679065612774,56.10708014800744
169.0,7.456,0.12720760470238576,0.12151848236227554,1.1149786668291066,0.024205027749342967,0.35110838796527605,-0.2226782205969958,-0.062034563549186864,-0.02872361329724869,0.12141089343459865,-0.012963323981789128,0.07650442095434778,0.33904532525568426,-0.02361043920517581,1.0,2.288160571333065,0.8327923952976142,56.05275343075685,56.14721585307805,56.176206702239384,56.124332740811724
170.0,7.488,0.12761096721941917,0.1333533176740686,1.1081054443000502,0.012605078657293944,0.369838603493533,-0.214788204033013,-0.05782035684990326,-0.025294770388364272,0.1206012722843531,-0.01882864078214768,0.0657591976618795,0.3437669674690485,-0.02966692693251058,1.0,2.2862212102065116,0.8323890327805807,55.30290272086742,55.02150774064819,56.94964561304015,57.27439373786082
171.0,7.5200000000000005,0.12768367841143718,0.1457492128866357,1.1014929985515405,0.002272224750562988,0.3873717253927213,-0.2066389296409286,-0.03917380539906132,-0.022883618580158405,0.11977937624427601,-0.02199483232444078,0.056465260627989435,0.3454152201947871,-0.03607787197498713,1.0,2.284650015624156,0.8323163215885627,55.78998613852644,55.85494379587673,56.47435109989363,56.465725601145515
172.0,7.5520000000000005,0.12747354998469396,0.15851855362281794,1.0951546197984328,-0.006566513335725868,0.3990418980056948,-0.1980743360346161,-0.015248081716812132,-0.02017429456144367,0.11875441733029611,-0.029709273884561127,0.048983650107388636,0.34655533760448254,-0.042456346077711565,1.0,2.283424104480461,0.832526450015306,56.19193301109866,56.356658174578975,56.08574832289971,55.972011448192
173.0,7.5840000000000005,0.12703782657282217,0.1714196290053379,1.0890993165456964,-0.01361635662099329,0.4031586057037479,-0.1892282266480123,0.0066796764289646475,-0.016326099978672796,0.11755924875071104,-0.03682953791201807,0.04308986824574836,0.3473373910977107,-0.048694863318233396,1.0,2.282511398956026,0.8329621734271778,56.40010383334311,56.54310455421354,55.883474184123216,55.78793476487763
174.0,7.6160000000000005,0.1264426786617194,0.1842323764238775,1.083329822695181,-0.018598372221961448,0.4003983568293623,-0.18029668282860245,0.023426065190089905,-0.011499610990602954,0.1162375700174271,-0.043565744136831175,0.03868858155195602,0.34785513314812194,-0.0547141293284861,1.0,2.281863495097572,0.8335573213382805,56.48861437846249,56.582273024388805,55.79580641498669,55.746741309826994
175.0,7.648000000000001,0.12575761382266126,0.1967909436706831,1.0778442584500803,-0.021408276220566905,0.39245522646267456,-0.1714238826594007,0.03394517059671014,-0.006085504316724603,0.11479691420916736,-0.049853783303527285,0.03574990915186473,0.3481694185244209,-0.06041782461694193,1.0,2.281419592211644,0.8342423861773387,56.49693509630137,56.54623986625883,55.784727505410274,55.777678900706476
176.0,7.68,0.12505028913746974,0.20899396232529466,1.0726392431585903,-0.022103896412235712,0.3813443329566218,-0.16265672785906618,0.03843056772279813,-0.0004364540426400342,0.1132167035962302,-0.055736305027507344,0.03428452193546651,0.34831676898429176,-0.06571066041077281,1.0,2.281112770122156,0.8349497108625302,56.45187326278614,56.47103946790946,55.8241529108015,55.84488412721123
177.0,7.712,0.12438332963641832,0.22080209421684346,1.0677119095407765,-0.020842484407856774,0.36900412161089985,-0.1539791755566787,0.03780623282259836,0.005210624305603201,0.11147094748313774,-0.06124051639948526,0.03432832800470279,0.348312454408971,-0.07052885965452481,1.0,2.28087531226604,0.8356166703635817,56.37481132749474,56.37759797093358,55.89269020862871,55.927056938210015
178.0,7.744,0.12381324520104749,0.23222823221105948,1.0630604012218998,-0.01781513860533858,0.35706681231925025,-0.14535963496489765,0.03338000938859115,0.010732099851458609,0.10954300427447614,-0.06634873602532255,0.03592167758750701,0.3481517385843408,-0.07485480988869653,1.0,2.2806420985258433,0.8361867547989524,56.28356505147655,56.279141249632055,55.972156455498954,56.01060455279694
179.0,7.776,0.12339093092926691,0.2433239189848213,1.0586833283041188,-0.013197320993143026,0.34674021168005675,-0.13678352868065613,0.02658776399274011,0.016080315679426173,0.10742934310014274,-0.07102747679186494,0.03816993357691018,0.33969283351555757,-0.07871388219632496,1.0,2.2803521426036415,0.8366156721510877,55.732284975913586,55.60717205237344,56.50807759843562,56.66393614359362
180.0,7.808,0.12316303059168279,0.25416452828864805,1.0545795625525636,-0.007121885549503636,0.3387690407445854,-0.12824267973610126,0.027254577726242925,0.020293204665217897,0.10512281867163042,-0.07558487534884728,0.04175562405300897,0.3312446662290513,-0.08214178246402319,1.0,2.279948828589195,0.8369568371368602,56.05198279530381,55.98875481056137,56.1698401411927,56.25929575439584
181.0,7.84,0.12317280034075982,0.2647474419623746,1.0507436373774517,0.00030530465865716603,0.3307160523039543,-0.11987266172224637,0.029498965378699966,0.023889792436826436,0.10268766590344358,-0.07923847529219602,0.046522312980908684,0.3226104352237164,-0.0852269490439622,1.0,2.2793837025948798,0.8371930470167599,56.14863215101622,56.09662439910901,56.05110801161002,56.127069658524285
182.0,7.872,0.12345875012685911,0.27505296908476007,1.0471697786669607,0.008935930815602818,0.3220477225745457,-0.11168308470284317,0.03146633274755678,0.026969459888599178,0.1001383702078704,-0.08253610222533589,0.052285289716809145,0.3133135387383626,-0.08797823821782577,1.0,2.2786138436459056,0.8372753271063073,56.141266651068484,56.082639459489705,56.034053261918665,56.1144489974674
183.0,7.904,0.12405362607005258,0.28506353008431734,1.0438518756696955,0.018589873224795685,0.3128300312361645,-0.10368446866453736,0.033122885632576135,0.029487124042571887,0.09748024571202045,-0.08553055128915128,0.05890430518548796,0.303467488949196,-0.09039341482295997,1.0,2.277601887628312,0.837160117199982,56.13113788220496,56.0685682885422,56.017679875047484,56.09970092284548
184.0,7.936,0.1249839342209102,0.29476399079871735,1.0407835668155014,0.029072129714300687,0.3031393973249999,-0.09588465169356455,0.034440718630355874,0.031419933858216634,0.09472014756219446,-0.08820404533614863,0.06622832994738571,0.2931967349617418,-0.09247425134115449,1.0,2.276316571958231,0.8368099693463212,56.11934600518512,56.054381613831495,56.00097433311814,56.08301954849178
185.0,7.968,0.1262697071018872,0.30414196597610543,1.037958340018089,0.040180402530531345,0.29306172429337746,-0.08828833741914002,0.035390119309701804,0.03275775432110058,0.09186606278022087,-0.09054940364427617,0.07410210675477745,0.28263296255013615,-0.09422603427303933,1.0,2.2747330393662644,0.8361939925012932,56.10582093154794,56.04006085118658,55.98408128190603,56.06454788478243
186.0,8.0,0.12792440604830388,0.3131881597604891,1.0353696138135844,0.051709342075521116,0.2826935557619888,-0.0808976938907676,0.03594108830688253,0.03350338303086701,0.08892704666297174,-0.09256641783162048,0.08236985615378169,0.27191366690762064,-0.09565758127349619,1.0,2.2728330036760034,0.8352881543390848,56.09045039791549,56.02553631030298,55.96717256229826,56.04445130367826
187.0,8.032,0.1299549626950552,0.3218967255267587,1.0330107968952895,0.06345489521097832,0.2721426801959249,-0.07371302869671463,0.0360654300486192,0.033672752825839765,0.08591317477667765,-0.09425996268310044,0.09087860191697052,0.26118012897700926,-0.09678130062958319,1.0,2.2706047748628677,0.8340754387982975,56.07312083851287,56.01066095438362,55.950408004110535,56.02295324002572
188.0,8.064,0.13236196299737807,0.3302656212646603,1.0308753243950743,0.07521875944758998,0.26152799180942526,-0.06673351563172414,0.035739338501578406,0.033294545471140954,0.0828354411225902,-0.09563916028790544,0.09948098282035463,0.2505748377714589,-0.09761318502552803,1.0,2.2680431401973773,0.8325458562000345,56.05374507136348,55.99521425581901,55.93391261322563,56.000339527720584
189.0,8.096,0.13513997111890955,0.33829693087890556,1.028956670561545,0.0868127537978586,0.2509784254451639,-0.05995793229779384,0.03494627460909062,0.032409011050752314,0.07970556780213069,-0.09671697766347795,0.10803736662591915,0.2402385204977048,-0.09817267592067713,1.0,2.265149103790419,0.8306963066403544,56.032293459547276,55.97892087787527,55.91775198675427,55.97694736145506
190.0,8.128,0.13827798207780154,0.34599711806586064,1.0272483390044966,0.09806284246537461,0.24063084959234626,-0.053385361157759444,0.03367979051733572,0.031065887979635876,0.07653571451279449,-0.09750994807085527,0.11641718757444203,0.23030704264851667,-0.09848236385602399,1.0,2.2619294947091135,0.8285303034750134,56.008821127206886,55.96148594360774,55.901912335297894,55.95313718203772
191.0,8.16,0.14175998219740638,0.353377179459582,1.0257438333134081,0.10881250373765113,0.230626918553793,-0.04701580284651587,0.03194585620998258,0.029321488548137632,0.07333810137037193,-0.09803786847625823,0.12449957759064606,0.22090847753273402,-0.09856752406871502,1.0,2.258396463137205,0.8260575715746444,55.983481488575016,55.94264337432441,55.88629399836423,55.92925073498467
192.0,8.192,0.14556558694054977,0.36045266870430104,1.0244366124318511,0.11892514822323108,0.22110903889746897,-0.04085065254865596,0.029764247099637275,0.027235232930700255,0.07012458321369354,-0.09832341582881746,0.1321735014641562,0.21216059080176436,-0.09845552300368207,1.0,2.2545668931577096,0.8232935433813867,55.956518655128015,55.922206870495266,55.870725127320775,55.90556534065298
193.0,8.224,0.1496707189856805,0.3672435731105515,1.0233200364258992,0.12828537641033477,0.21221576269532683,-0.03489300018599814,0.027168692932131557,0.024866107112548472,0.06690623005463488,-0.09839167698383625,0.1393376781608586,0.20416885519646072,-0.09817515916369549,1.0,2.250461767380361,0.8202587826821022,55.92823824607612,55.90010905668687,55.854995371198854,55.88225848930753
194.0,8.256,0.1540482876188754,0.3737740381578077,1.0223873089665472,0.13679901978734085,0.20407703272675556,-0.029147733104750693,0.024205745686758963,0.022269598656058362,0.06369296924677172,-0.09826961436780027,0.14590054229772828,0.19702496212932574,-0.09775601013061609,1.0,2.2461055206907896,0.816978369343469,55.89896492588705,55.87641661969091,55.83890080372728,55.85939469297468
195.0,8.288,0.15866883470378634,0.38007194955082235,1.0216314227937022,0.1443920964034668,0.19680973103170812,-0.02362144290140448,0.02093260861927859,0.019495576466725787,0.06049332864938142,-0.0979854997950047,0.15178039191689108,0.19080569888744978,-0.09722784275704972,1.0,2.241525416795209,0.8134812766904692,55.869000619668704,55.85131784906613,55.82228598167662,55.836938124127364
196.0,8.32,0.16350112191131067,0.38616839464501773,1.0210451136570118,0.15100897523513493,0.19051390919360545,-0.018322160521576352,0.01741436779550606,0.016587350938351047,0.057314293134285654,-0.09756834934461289,0.15690574134889312,0.18557204943724873,-0.09662011284920721,1.0,2.2367509725892822,0.8097997668495851,55.83859625903664,55.82508934513516,55.80507042378887,55.814784391708734
197.0,8.352,0.16851264620943335,0.39209703248613803,1.0206208269310098,0.1566101343163337,0.18526993253500917,-0.013258960187563494,0.013721109315508961,0.013581872080604069,0.054161260672729285,-0.09704738717560091,0.16121581065554635,0.18136843756677326,-0.09596154875129931,1.0,2.2318134438444805,0.8059688198072448,55.807942979306404,55.79805495760564,55.78725397393889,55.79279864194244
198.0,8.384,0.17367008286060512,0.39789340379918725,1.0203506995753553,0.1611698953491177,0.18113660353278796,-0.008441479864201844,0.009925297189839121,0.010510802787495223,0.05103806859034179,-0.09645155657760607,0.16466105933946584,0.17822211556130785,-0.09527979310976877,1.0,2.2267453740772876,0.8020256015562974,55.777180474558044,55.77054947710649,55.76890384878967,55.77084779236987
199.0,8.416,0.17893966490133223,0.40359421002505413,1.020226558638599,0.16467443877272206,0.17815019455833994,-0.0038794042736336985,0.00609960023854395,0.007402104449894731,0.0479470584008506,-0.09580908374593873,0.16720369554534212,0.17614276547974891,-0.09460107344011279,1.0,2.221580199085929,0.7980089677554788,55.74641517687117,55.74289403364757,55.75013120421761,55.74882030621791
200.0,8.448,0.18428751407983018,0.4092365858932959,1.0202399362681351,0.16712028682806093,0.17632424588255574,0.0004180509230039538,0.0023151770354325543,0.004281788185777058,0.04488915549007896,-0.09514708792512903,0.1690783684193673,0.17487453200583997,-0.09394988119197901,1.0,2.2163518936922233,0.793958993158506,55.683276880602385,55.716173778452124,55.76352900917815,55.7258432843958
201.0,8.48,0.1896799405601545,0.4148573849926093,1.0203821027757378,0.16851332751013465,0.1756499718535436,0.004442703362583784,-0.0011039749802115903,0.0014448528850828947,0.041863837666340414,-0.09448739257344574,0.17014568539256708,0.17450947841703038,-0.09334849369147107,1.0,2.2110946447323214,0.789916513982244,55.66210244374308,55.68865266269938,55.734974702899024,55.70386888841482
202.0,8.512,0.19508657184162095,0.42049001117427753,1.0206441047954642,0.16895722754582662,0.1760195681771314,0.008187563116449074,-0.004165640580218577,-0.0011607067866860079,0.038867158493194186,-0.09386069343306976,0.17033946487060297,0.17509007357572842,-0.09281225479770754,1.0,2.205839623859315,0.7859193321904574,55.64900858856692,55.66309324131311,55.69859288611422,55.68031447882657
203.0,8.544,0.2004797796959912,0.4261644546968061,1.021016868273142,0.16853774544907024,0.177326360079017,0.011648858677430752,-0.0069560207451359445,-0.0036369647301489625,0.03589574313618729,-0.09328556989759103,0.16972933873949056,0.17652206336502574,-0.09235518179670846,1.0,2.2006155146557362,0.782002665751984,55.62172139952862,55.63873998733968,55.676850351072794,55.656110210858195
204.0,8.576,0.2058335734173775,0.4319081132473295,1.0214912764054043,0.16730605379332195,0.17948932970385575,0.014825254133196672,-0.009452407169581414,-0.005961915265307207,0.03294589299984422,-0.09277492328085334,0.17646619396872135,0.17069682825607663,-0.09198920335996388,1.0,2.1954496029867503,0.7782003102765713,54.56313742591666,55.61960241180275,56.68701566267213,55.62740779710247
205.0,8.608,0.21112376297313723,0.43774561738207035,1.0220642441127192,0.165318423617491,0.1824220042106523,0.017905240853592613,-0.003953175899902245,-0.0003311252298422051,0.030241603746358214,-0.08332799074676832,0.17412923663371419,0.17410062415770952,-0.09204326096406389,1.0,2.190367638756394,0.7745443483605894,56.43884643004027,55.611637971913666,54.742984898805815,55.6050544378016
206.0,8.64,0.21640938430432738,0.4436230878433192,1.0227319658280298,0.16517566659969202,0.18367095191402696,0.020866303603456187,0.001739371647062596,0.005552759708657716,0.02792687319613166,-0.07213214878585054,0.17369899535380195,0.17571336655857409,-0.09268602861591314,1.0,2.185309483813463,0.7709665139638152,55.583564452104966,55.597279825763195,55.52435036664578,55.59285051230779
207.0,8.672,0.22175167151564332,0.4494845310730065,1.0234745620363512,0.16694647535362292,0.18317010092772767,0.023206131510043727,0.007169929527745958,0.011219882419454456,0.025284533298982437,-0.0833589955287947,0.17494056497857247,0.17561925211007978,-0.09287936841419406,1.0,2.1802119889838805,0.7673945290845016,55.588109655774666,55.55335580513729,55.49611011378146,55.568945455960424
208.0,8.704,0.2272092073616381,0.45527636293225754,1.0242829768618067,0.17054799518733696,0.18099474560159448,0.025262963295483144,0.012288077204505558,0.016457472220525213,0.022501416655658534,-0.08855297023452012,0.1779225916246932,0.17387015661933547,-0.09285235117545004,1.0,2.175014270498681,0.7637579840583664,55.569408663167835,55.53071068195655,55.480745923317954,55.53664142829295
209.0,8.736,0.2328357617077911,0.46094781087623626,1.025147875005128,0.17582982331728111,0.177232748249335,0.027028066978788932,0.017069434983417054,0.021317339782991742,0.019663315012829176,-0.09089509080052664,0.18007529945278156,0.1730868284923829,-0.09269437731943586,1.0,2.169659814779872,0.7599906345357746,55.87213255411124,55.511733624742995,55.140025901517454,55.50762197696134
210.0,8.768,0.23868084463366743,0.4664511907457288,1.0260600172363255,0.1826588414336349,0.17198062092164246,0.02850444472492217,0.01888584923713984,0.02324444362191128,0.016767252640057573,-0.091547602029419,0.1857079268365004,0.16901054062897714,-0.09237250796169803,1.0,2.1640959941423525,0.7560300693018485,55.35464814760961,55.4945867473708,55.618113241591445,55.481474265559356
211.0,8.8,0.2447635331853913,0.4717680051272169,1.0270109340346658,0.19008401724137058,0.16615044942150192,0.02971614994813629,0.021707633123179863,0.026287452645272023,0.013884982203751865,-0.0919550141607324,0.19194239387879192,0.16450441348173547,-0.09197633420968887,1.0,2.158301625217166,0.7518507908236145,55.539160669259736,55.4737976726362,55.39542900461792,55.460877281437284
212.0,8.832,0.25111415819336913,0.476869690904046,1.027992040641949,0.1984570314993073,0.15942768052590997,0.030659581477597536,0.023897718256104115,0.02880466373996614,0.01099800755052039,-0.09195404906085915,0.1991174520477226,0.15931600123370585,-0.09146292364021182,1.0,2.152243582893976,0.7474131301916457,55.52739595941705,55.45855894098253,55.37020470495412,55.43707722170606
213.0,8.864,0.25775748516940433,0.4817338448054763,1.0289952336261772,0.20760396800109987,0.1520048094196968,0.03134978075713249,0.025368148142921144,0.030775858131064888,0.008110920399513942,-0.09167144913726016,0.20710332167186418,0.15363529785099853,-0.09082541957504321,1.0,2.145894416063352,0.7426841868250849,55.50934249412631,55.44342048991992,55.35272365128771,55.41526153724522
214.0,8.896,0.26471257594643965,0.48634514001110374,1.030012977972621,0.21734658678235363,0.1441029751758567,0.03180451082637062,0.02609497221503255,0.03222975331495228,0.0052276780716204755,-0.09119586313102228,0.21575942427282063,0.14767031240391584,-0.09006039712250809,1.0,2.139232632644823,0.7376384819504237,55.49066288343491,55.428635737761866,55.33747579429921,55.3949610759382
215.0,8.928,0.2719931552653192,0.490695602426455,1.031038363153886,0.22751810371498551,0.13595195047972652,0.03204328691452926,0.026070413573048,0.03320189092350186,0.002352481708002124,-0.09056361828426075,0.22494590947097168,0.14162905483596464,-0.089169279621782,1.0,2.1322424467490877,0.7322579487296361,55.471727912916066,55.41386096407926,55.32410076940985,55.37639036359674
216.0,8.96,0.27960804610549816,0.4947847222042305,1.0320651206245561,0.2379653387555925,0.1277849930554838,0.032086170958442434,0.02530217149170271,0.03372945602518632,-0.0005098495760616481,-0.08979177589958977,0.23452401556135893,0.13571600545577625,-0.08815896423735999,1.0,2.1249134409290376,0.7265318063189421,55.45277390424237,55.39884593754453,55.31230689563066,55.35970361567957
217.0,8.992,0.2875616189690766,0.4986194070114582,1.0330876082502733,0.24854915198682637,0.11983390022586571,0.03195273830366299,0.02381290803057317,0.03384754948001018,-0.0033539608782191402,-0.08889166495274321,0.24435611129305865,0.13012945778737034,-0.08704172585075126,1.0,2.11724019503515,0.7204563650676198,55.43401875658878,55.38347175639239,55.30179283755714,55.34494008134555
218.0,9.024000000000001,0.2958542153155324,0.5022137822246711,1.034100767310145,0.2591436358267433,0.11232422541290224,0.031661220620989,0.021638774364644623,0.03358649249886787,-0.006174219444430345,-0.08787496793018189,0.25430587341845323,0.1250591106555092,-0.08583479240044359,1.0,2.109221919426972,0.714034796703014,55.41563301406483,55.36773664145691,55.29229880302663,55.33203447351561
219.0,9.056000000000001,0.3044825161165084,0.5055888532285457,1.0351000588112353,0.2696344000304993,0.10547096887108383,0.031227859409073383,0.018827404255603208,0.03297037878768949,-0.008964997068564236,-0.08675628131670819,0.2642386342230418,0.12068370708039758,-0.08455980938846865,1.0,2.100862121504968,0.7072768981355164,55.39772016874989,55.35172335323802,55.28364000441632,55.320850932215244
220.0,9.088000000000001,0.3134398395395121,0.5087720505524471,1.0360813861305729,0.2799163569688655,0.09947491637191794,0.03066647872929787,0.015435858627793309,0.032016815467567274,-0.011720913272151344,-0.08555399145375363,0.27402183770481264,0.11716861756748015,-0.08324229187648237,1.0,2.0921683232167485,0.7001988690742502,55.38031552248369,55.33556217770772,55.275716322829815,55.31122286929671
221.0,9.120000000000001,0.3227163642066048,0.5117966791178604,1.0370410106095878,0.2898913958466473,0.09451964266916557,0.029988264969214834,0.011528873877069547,0.030737584784505438,-0.014437027867654936,-0.08429036043966022,0.2835255348098278,0.1146633629380488,-0.08191108939957464,1.0,2.0831518359911305,0.6928231139544536,55.363399772776795,55.31940120962401,55.2685037400878,55.30298521908025
222.0,9.152000000000001,0.3322992841231229,0.5147012897384751,1.0379754659723879,0.2994662473911888,0.09076908189420757,0.02920173008750385,0.007177573059635217,0.029139887790757962,-0.017108997107745043,-0.08299125374419421,0.2926228912060159,0.11329913816916909,-0.08059785140872668,1.0,2.073827590591927,0.6851780697718846,55.346919150914786,55.30338947466355,55.26203671699051,55.29599278389989
223.0,9.184000000000001,0.3421729074907421,0.5175289862137679,1.0388814765905825,0.3085507302381001,0.08836551485289978,0.028312831818581827,0.0024586288637829658,0.02722787686570836,-0.019733214851402277,-0.08168570748641377,0.3011907353331954,0.11318642494303228,-0.07933646761370096,1.0,2.0642140134648117,0.6772980543507303,55.330804836676634,55.28767226758187,55.2563894041195,55.29012501372341
224.0,9.216000000000001,0.3523187146823928,0.5203266766473512,1.0397558838295404,0.31705647473908416,0.08742782604947977,0.027325226217435303,-0.002546237549620962,0.02500428608882988,-0.02230695752682437,-0.08040541455681516,0.30911021305660213,0.1144127797180829,-0.07816245814281114,1.0,2.0543329379104596,0.6692231243504724,55.31498778932739,55.27239471501531,55.251659912958175,55.28528116161425
225.0,9.248,0.3627153917257131,0.5231442740841654,1.0405955840265009,0.3248961576037775,0.0880499199004486,0.026240631155015393,-0.007750578003935716,0.022472070975878024,-0.024828545638631603,-0.07918415125485234,0.31626762965565103,0.11704087424562297,-0.07711229440576518,1.0,2.0442095368920024,0.6609989283107933,55.29940844731046,55.25770906577679,55.24795841564178,55.28137036977912
226.0,9.28,0.37333885578404186,0.5260338496046696,1.041397481038757,0.3319832518227734,0.09029923501575532,0.025059281633002507,-0.013063513883606678,0.019636040501651325,-0.02729752848618905,-0.07805714190083844,0.32255555313172396,0.12110685884704872,-0.07622263862437276,1.0,2.0338722634732096,0.6526765364653796,55.28402271183752,55.243782255753615,55.24539780501209,55.278300247990146
227.0,9.312,0.38416228908637606,0.5290487406156814,1.0421584557011614,0.33823229069794364,0.09421534409411936,0.023780458200138556,-0.018390144068072357,0.016504496933302432,-0.029714893310064276,-0.07706035210937685,0.3264992821160788,0.12608813892545642,-0.07552949732108845,1.0,2.0233527840770464,0.6443122253703975,55.32272790600129,55.10903057352009,55.19016334912814,55.397737262456204
228.0,9.344,0.3951561985745677,0.5322426187551714,1.042875394130587,0.3435596715059879,0.09980869185906285,0.022404325919551916,-0.023086135010996642,0.011683080372995914,-0.03205625018093711,-0.07626923971880217,0.32473242248867246,0.13057125941277553,-0.07510515526031165,1.0,2.01268588886877,0.6359671911550262,55.4391779858156,54.775730948873665,55.0586821567498,55.717472855857785
229.0,9.376,0.40627427163284824,0.5356635267901048,1.0435457952756173,0.347439783071267,0.1069033760916666,0.02095003578219538,-0.025523061359584355,0.0015637149711262637,-0.034245964060222206,-0.07609296325400482,0.32235600125257863,0.13633271234904526,-0.075089373392578,1.0,2.0019231231202794,0.627717375360676,55.22911956647983,55.17195484385879,55.255619810876205,55.30877017405154
230.0,9.408,0.4174167043648846,0.5393389406164709,1.0441670061835202,0.3482010228761358,0.11485668207394235,0.01941284087196569,-0.027302193794196458,-0.008997148525125676,-0.03638567245548139,-0.0755590382092402,0.31934167244280487,0.14325116488682493,-0.075356418331019,1.0,1.9911679246583016,0.6196776856331476,55.13610397335262,55.31869276199744,55.335847753002525,55.15244848484481
231.0,9.44,0.4284792104209703,0.5432903648246551,1.0447361605217822,0.3457033142526784,0.1234820065057553,0.017786073070687174,-0.028945716476810063,-0.01809197474897438,-0.038545077380053305,-0.07544148489246214,0.31561640959483933,0.15128212714812866,-0.07582046723889045,1.0,1.9805279360913106,0.6119635570441981,55.10445562163509,55.367409656043186,55.35690192015134,55.095463815128944
232.0,9.472,0.43937224013415577,0.5475378360112637,1.0452498880796477,0.3404071785370451,0.13273347458151927,0.016053986183296717,-0.030665979406717295,-0.02508694819619214,-0.040759013028759034,-0.07565353334234326,0.31110312934004153,0.16035848251599724,-0.07644391383010525,1.0,1.9700962425890687,0.6046757684258715,55.10271087056722,55.370025048169026,55.35039022846763,55.086237572816884
233.0,9.504,0.4500273776855714,0.5521017063956719,1.045704825243678,0.3329730484817377,0.14262094951275603,0.014216786375947909,-0.032529103804694794,-0.02995436312936387,-0.04304225662232576,-0.07609442682500259,0.30572947131989414,0.17038042835507272,-0.07721834631926636,1.0,1.9599452095470662,0.5978959363010798,55.11542911851567,55.3479786576136,55.33165261322109,55.103598752100204
234.0,9.536,0.4603976315902487,0.5570031702638538,1.0460980638773345,0.32407043452116624,0.15317074588068455,0.012288707301764946,-0.03450296510503652,-0.032978543628077506,-0.045398202211210485,-0.07671254896810255,0.2994388015823533,0.18120817891840324,-0.07815292607301284,1.0,1.9501263108137288,0.5916870257813388,55.13324609554524,55.312656011355706,55.309867358598176,55.13621895120736
235.0,9.568,0.4704545738429124,0.5622639390710183,1.0464273720772788,0.31427944539573976,0.16439902522389138,0.01029088124825799,-0.03647399382341542,-0.03459054320329445,-0.04782373601345392,-0.0774944381047804,0.29220311249586833,0.19265861270061835,-0.07926728370800129,1.0,1.9406730156134657,0.5860962128327512,55.14982631221002,55.27202490342855,55.291157542408236,55.17605033360258
236.0,9.6,0.4801839797823906,0.5679051904803663,1.0466912293714534,0.30404393560869303,0.1762891065421218,0.008245540442958214,-0.038261319988809356,-0.035254074008468785,-0.05031260583660822,-0.07845022663255789,0.28403539552358387,0.20450890956083378,-0.0805858653036466,1.0,1.9316050814317804,0.581158521576885,55.16124257702336,55.232616391468056,55.279250760229786,55.216419500469456
237.0,9.632,0.489581103676857,0.5739458968035412,1.0468887739423909,0.2936601217020747,0.18877207259921838,0.006173267841795555,-0.03963885978533461,-0.035381969888129375,-0.052858378499982775,-0.0796011804879152,0.2732847435786276,0.2151591995724482,-0.08213231496738864,1.0,1.9229331146218862,0.5769001646817284,55.18923787403148,55.004162862382216,55.25223189853621,55.44743144810337
238.0,9.664,0.4986464215210732,0.5804007211183959,1.0470198205735164,0.28329118263175646,0.2017132598392082,0.004095207222672145,-0.03898603035160239,-0.03703235736384795,-0.05539212217737805,-0.08109353289448958,0.26252360615820475,0.2257239838067516,-0.08401488074692755,1.0,1.9146625738732386,0.5733408892737681,55.12529144465443,55.1892412420226,55.31851123215254,55.26624682619411
239.0,9.696,0.5073641525392997,0.5872649268265653,1.0470845272273142,0.27242909431957735,0.21450642838029257,0.002022082931180112,-0.03724737487322633,-0.038217496192845424,-0.05799581524168024,-0.08266018570874631,0.2516654243286173,0.23588598046948403,-0.08611473279215798,1.0,1.9068132448572372,0.5705016562730787,55.1134572132284,55.232237303993756,55.33364912624283,55.228687223811136
240.0,9.728,0.5157224971683965,0.5945228022358114,1.0470839022250369,0.2611982696592745,0.22680860653894236,-1.9531321164556453e-05,-0.03463739991238141,-0.03850657200587217,-0.060693337709851115,-0.08450589055577172,0.24055022685635727,0.24571880096420468,-0.08838601594279513,1.0,1.8993997857993399,0.568391517202199,55.15374338842492,55.246632262134945,55.29787358829609,55.22050521613415
241.0,9.76,0.5237179869356122,0.6021495078376973,1.047019729481068,0.2498590552254922,0.23833455005893198,-0.0020053982490303417,-0.03155168631342635,-0.038113639217230294,-0.06348111109471179,-0.08660018292018537,0.22939675498751907,0.25500091177601314,-0.09081463459293325,1.0,1.892427391382682,0.5670046392672647,55.16603394556178,55.25515369432458,55.291010189311876,55.21874824724006
242.0,9.792,0.5313535318034783,0.6101150811181598,1.046894279167723,0.2386107771208156,0.24892416501445433,-0.003920322292030872,-0.028108601074039036,-0.037073842697549736,-0.06635958068579315,-0.08887967909749275,0.21835881757885925,0.2636013224899809,-0.09337699171471531,1.0,1.8858940188474904,0.5663240838675799,55.17827064246257,55.26169083060548,55.28485984788535,55.21942891021134
243.0,9.824,0.5386381060552212,0.6183855801533453,1.0467101687298843,0.2276429453669652,0.25845309484954687,-0.005753451182456676,-0.024405842651092916,-0.0354369342893154,-0.0693276271319136,-0.09131580352472098,0.2075815161058196,0.2714089160183255,-0.09604873139813495,1.0,1.8797906926367225,0.5663227815801821,55.19100478927467,55.2667778590874,55.278720714228356,55.22187935590928
244.0,9.856,0.545586284120066,0.6269240324561898,1.046470238843794,0.21713056452640053,0.2668266344638887,-0.007497808940319643,-0.02053021999228151,-0.0332675200677213,-0.07238316703413247,-0.0938824239791173,0.19720045124313443,0.27832958533306157,-0.09880469137045547,1.0,1.8741019587643828,0.5669646680363541,55.20383863609826,55.27059487641943,55.272879887239334,55.22581271648351
245.0,9.888,0.55221762905515,0.635691289282768,1.0461774365949497,0.2072295292213746,0.2739767758305684,-0.009150070276388303,-0.016556725874610163,-0.03064046960496871,-0.07552373332087443,-0.09655383149251141,0.1873397859883544,0.28428662814660455,-0.10161881771521865,1.0,1.8688064996171878,0.5682060000278617,55.216465056441805,55.2733909125822,55.267569907860235,55.230903996610664
246.0,9.92,0.5585559778432888,0.644646775693759,1.0458347119333338,0.1980733996293364,0.27985895034347125,-0.010710145675496543,-0.01254863504063704,-0.02763646779695365,-0.07874687724942958,-0.09930413461204082,0.1781104309848395,0.28922094446527313,-0.10446424707325191,1.0,1.8638778646862975,0.5699967684160265,55.22869753937548,55.275448783173054,55.262935311854285,55.23682451790156
247.0,9.952,0.5646286668869785,0.6537491361148332,1.0454449318077046,0.18977153261530416,0.284448763158567,-0.012180628925911863,-0.008558603918527478,-0.024338245223658055,-0.0820503941428884,-0.10210699033254367,0.16960847145416091,0.2930908955888006,-0.10731354595871866,1.0,1.8592852732187943,0.5722821320671636,55.24044952087255,55.27704678165258,55.25904850086557,55.243277462590235
248.0,9.984,0.5704657351329137,0.6629567847706934,1.0450108143860528,0.1824083826854719,0.2877390204956314,-0.013566169426618134,-0.0046303272482915705,-0.02082763961959228,-0.08543240391500863,-0.10493556655248595,0.16191391751110634,0.2958718440764778,-0.1101390652527976,1.0,1.8549944509817387,0.5750038132822286,55.25170619343619,55.27843473991106,55.25593223499021,55.250017683316585
249.0,10.016,0.5760991346110246,0.672228375833467,1.0445348840650441,0.17604373369096618,0.2897372207116726,-0.014872822531521154,-0.0008003691986548341,-0.01718346320897402,-0.08889132725578433,-0.10776268742732088,0.16242576275500237,0.293993303540282,-0.11291336006977366,1.0,1.8509684711904049,0.5781014126622084,54.56621370599855,55.520933086098466,55.94986434911196,55.01574765958185
250.0,10.048,0.5815619554034309,0.6815232120140395,1.0440203349702977,0.17071314976269805,0.29046363064289304,-0.016079659210826977,0.006535649658229286,-0.005956813719637352,-0.09236462230576595,-0.1095413783777619,0.1564299148640056,0.2947822387391771,-0.11569527425299056,1.0,1.847168613795426,0.5815136286840311,55.853144720014754,55.09403366545942,54.66919973012769,55.45292636818394
251.0,10.08,0.5869593799489826,0.6907584140339696,1.0434684692617853,0.16866951704849045,0.2886000631228157,-0.01724580339101249,0.013158897359869323,0.0016855058785744414,-0.09592592054510804,-0.11363819594106246,0.15339156956919564,0.2933909535855841,-0.11833170331410152,1.0,1.8434768580671705,0.5851003777391253,55.33078028488147,55.26233791468805,55.20327378807369,55.290490187759275
252.0,10.112,0.592360981909977,0.6998608822465169,1.0428807927701036,0.16880006128107403,0.28445213164210076,-0.018364890365052382,0.019379151176934912,0.008708840786423607,-0.09952986783322894,-0.11617887897366382,0.15930589412673923,0.286828157311087,-0.12083999202811394,1.0,1.8398105884550822,0.5887533258018515,54.690104361856285,55.50876099621536,55.853237045623644,55.053224863482384
253.0,10.144,0.5978300552399596,0.7087616200935718,1.0422582292141602,0.17090854156195573,0.27814805772046597,-0.01945511112323021,0.028422422250742038,0.022232312727116357,-0.10298420526284774,-0.1180079620507917,0.1604469652268504,0.28134250986458625,-0.1234463113915412,1.0,1.836092844978983,0.5923719484920271,55.84082060738701,55.080084965461744,54.71079717287244,55.493286212160704
254.0,10.176,0.6034912104394987,0.7173564207031222,1.0415972170436256,0.17691109998559784,0.2685875190484505,-0.02065663032920632,0.03608485535670209,0.031070927940503697,-0.10660117008866779,-0.1218405715496166,0.16511065685443868,0.27313993143686627,-0.12565416913460867,1.0,1.8321784222208433,0.5957916325531855,55.394836103187195,55.249077578624245,55.17195550660026,55.33296842150319
255.0,10.208,0.6094231108567344,0.7255588343477364,1.0408955508567388,0.18537188803861485,0.25632542639419226,-0.021927068340213386,0.043185016321655625,0.0386852606191328,-0.11026889240548339,-0.12388704739032318,0.17205184329947362,0.2627252823093675,-0.12756881757260247,1.0,1.8279691746261821,0.5988919241520143,55.410134050654186,55.263597709544094,55.17057234151235,55.33183576335157
256.0,10.24,0.615692178036925,0.7332887551184466,1.0401502283609467,0.19590834938095614,0.24156002408469412,-0.023291327993502066,0.04959254321340163,0.045071116475383116,-0.1140074060045688,-0.12585592013732264,0.18095548231906874,0.2503830768448354,-0.12911452583033542,1.0,1.823378989418801,0.6015660164863564,55.432774731205825,55.2760478426991,55.164478963312476,55.33424027459125
257.0,10.272,0.6223527734235634,0.7404738120852845,1.0393584438463286,0.2081436058324509,0.2245330302136845,-0.024743266081816963,0.055151146692169584,0.050153171064195146,-0.11783364198379863,-0.12758528186915297,0.1915316005876633,0.23645192576161453,-0.130224261186795,1.0,1.8183341472181644,0.6037215303415443,55.45538211611076,55.29402848123042,55.16087120030296,55.33278075245388
258.0,10.304,0.6294467207526775,0.7470511165506198,1.038518078937396,0.22168585403481414,0.20554076454172893,-0.026261403404143045,0.05967710806266182,0.05390339603640146,-0.12175715556306473,-0.1289677976982766,0.20350131946461672,0.22131835979483133,-0.1308465107249486,1.0,1.812774427192075,0.6052820047022616,55.47628622554555,55.31760301575427,55.16115050959206,55.32734857149002
259.0,10.336,0.6370033653607191,0.7529692411657007,1.03762813885372,0.23614514400130035,0.18494139422127795,-0.027810627614872883,0.06297118605437403,0.05635393801625527,-0.12577832657942845,-0.1299285281451914,0.21660961062857448,0.20540518109700756,-0.1309489232444174,1.0,1.8066537673515008,0.6061883109813451,55.493737890770525,55.34567653310415,55.16666551956961,55.31880845763289
260.0,10.368,0.6450402882523968,0.7581902931295474,1.0366890927330232,0.2511538403649272,0.16315787387020927,-0.029345191271776233,0.06483909796369557,0.05760163231891893,-0.12988706339663247,-0.13041826692790404,0.2306312372420861,0.18915449036165416,-0.13052148781337075,1.0,1.7999403292680003,0.6063998680061033,55.506273641414026,55.37604084912192,55.17835016666203,55.30899584249599
261.0,10.4,0.6535646949281364,0.7626918640785998,1.035703080183989,0.26638770861686273,0.1406740921578857,-0.030812892157318333,0.06511738970524665,0.057801487265794906,-0.13406298367612,-0.13041111599825525,0.24536676830384552,0.17300999120732177,-0.12957776691981923,1.0,1.7926158880616827,0.605895519845169,55.51331680021641,55.405667377572776,55.196152421964676,55.30046844829457
262.0,10.432,0.6625753758217999,0.7664685960601293,1.034673955165986,0.2815837779269849,0.11802287442279683,-0.03216015681259396,0.06369779540627245,0.057146629153991435,-0.13827769361959769,-0.1299026432339724,0.2606977513122174,0.1573040282112858,-0.1281531327448179,1.0,1.7846745718619699,0.604673953221955,55.504832281535435,55.42933614005289,55.229428744726796,55.29792684425272
263.0,10.464,0.6720649946076883,0.7695331347751585,1.0336071525596515,0.2965505870590118,0.09576683484466267,-0.033337581447953596,0.060644771244929445,0.05590685223256792,-0.14249484429485057,-0.1289144571781687,0.27650116279351117,0.1422593498276548,-0.12630585917942344,1.0,1.7761211141254032,0.6027536048461898,55.48553519029711,55.44023092263978,55.2728000206455,55.30766989630785
264.0,10.496,0.6820229019485254,0.7719152357526298,1.0325093069634537,0.31118460440115986,0.07444065554597708,-0.03430767488118294,0.05620719641772298,0.05433608478164369,-0.14667931059002268,-0.12747739602369906,0.29253265854570215,0.12823565826028097,-0.12410427439269596,1.0,1.7669681168356586,0.6001708798891319,55.48221343376949,55.44573916739981,55.29890569246557,55.321887472311246
265.0,10.528,0.6924374969793682,0.7736590163575533,1.0313877261287603,0.32545609471383546,0.05449314390386021,-0.035049401084168125,0.05053945061618401,0.052515865939474965,-0.15080830261502684,-0.12562958436660485,0.308589376422351,0.1155236914154342,-0.12160981549891708,1.0,1.7572332437350249,0.5969770839507803,55.478810368457744,55.44619815399976,55.3234068586132,55.33993999760044
266.0,10.56,0.7032969686644104,0.7748213530455613,1.0302500005982285,0.3393584901575684,0.03632302150025076,-0.03555392282911931,0.04382524264135521,0.050486635931558665,-0.15486371041425254,-0.12343261570685687,0.32446628743413763,0.10439617953073513,-0.11888700134923387,1.0,1.7469381769318917,0.5932371582852558,55.47677668047281,55.443159031680125,55.34461196544673,55.36004715680892
267.0,10.592,0.7145895490555244,0.7754700288143699,1.0291036375073426,0.352893137222313,0.020271117775267477,-0.03582384659018414,0.03625165939800538,0.048248410733792636,-0.15883168743593415,-0.12095029244176278,0.3370607632721073,0.09428701852548124,-0.11600302228483443,1.0,1.736107932909712,0.5890283874239279,55.609218956655646,55.20056641437156,55.22928633628852,55.6181497979449
268.0,10.624,0.7263033277624361,0.7756818906417693,1.0279558697399171,0.3660555845909904,0.006620682106231451,-0.035867742732044426,0.028837112430790807,0.04279532943045953,-0.1628000489374117,-0.11827374145284264,0.33973855488132343,0.08412915265917024,-0.11289032296679476,1.0,1.7247705689509913,0.5844392377112028,55.96140750680372,54.65280817136226,54.89241852124902,56.179484182746286
269.0,10.656,0.7383948500355727,0.7755375757020614,1.0268155287490828,0.3778600710355181,-0.004509841865871912,-0.03563565596357423,0.02328202967021833,0.026902546637665652,-0.16693219281849195,-0.11607067852628297,0.3414966972185528,0.07668119579675314,-0.10937313241925486,1.0,1.7129863466445805,0.579576860717884,55.58057460219764,55.32818724269936,55.28778466402933,55.51338183909951
270.0,10.688,0.7507143915087736,0.7751171754763351,1.0256904308280863,0.3849856710375282,-0.0131375070539473,-0.0351593100311395,0.017320066545381617,0.00907783735838996,-0.17089178868085053,-0.11238975972425354,0.3426278807552955,0.07145722727012982,-0.10595433070971079,1.0,1.7009189533860385,0.5745875541736991,55.357242466173226,55.59146597096677,55.52011012709938,55.26014490624765
271.0,10.72,0.7630943337933421,0.7745093905070188,1.0245867564305422,0.3868731963927657,-0.018993280291132435,-0.03448982492325334,0.010697180492668752,-0.006769095353734108,-0.1745998977541603,-0.10893410609435614,0.34327433827182124,0.06828417594174539,-0.1027796254643268,1.0,1.6887518181987955,0.5696245517219851,55.23945333717559,55.691007124375176,55.64484823414223,55.16867652442252
272.0,10.752,0.7753884374219069,0.7738073625601203,1.0235071112529506,0.3841907383926483,-0.021938373340579777,-0.033738911799738286,0.0036095943454425364,-0.018892443246679193,-0.17806760497008395,-0.10564682524077461,0.3435071401976889,0.06710323861934894,-0.09987675307214337,1.0,1.6766489933348763,0.5648289381404931,55.191244664890455,55.71301700286791,55.69884958622031,55.15399695956834
273.0,10.784,0.7874888470985404,0.7731032563547617,1.0224516856326953,0.3781378023947967,-0.02200331891745453,-0.032982050632977794,-0.0036862689390968865,-0.026731070659722227,-0.18134925620331685,-0.1025358861535933,0.343345857862027,0.06792364749473276,-0.09722058227638083,1.0,1.6647373957565355,0.5603206044858975,55.19248702091039,55.69273891640215,55.703053054952576,55.181539943951975
274.0,10.816,0.7993311493422911,0.7724842271951269,1.0214198104206216,0.3700719451172095,-0.019344661238589172,-0.03224610037730333,-0.010988921998975214,-0.030463595916489464,-0.18451167538526905,-0.09963932856545428,0.34276712583017915,0.07078628009803972,-0.09477446725071158,1.0,1.6531009695203398,0.5561959472912947,55.227990260414984,55.64792619516814,55.67307259267318,55.23367721266105
275.0,10.848,0.8108921517823363,0.7720303072586777,1.0204109752053454,0.36128132625141246,-0.014184998014036403,-0.03152610047738033,-0.018172069083107357,-0.030742440275030904,-0.1876124542543321,-0.09697144173805272,0.3417098833378542,0.07572552825322572,-0.09251881005562647,1.0,1.6417823653808339,0.5525299975945784,55.28383476168012,55.58931204657153,55.62284882538399,55.299561013762876
276.0,10.88,0.8221831067418128,0.7718139953932301,1.0194251398603382,0.3528423424836409,-0.006759745795236604,-0.030807354531474346,-0.0251611860416298,-0.028494722173483082,-0.19068800927868143,-0.09452534910317847,0.3400817231299191,0.08273101953309318,-0.09046624717012297,1.0,1.63078945652443,0.5493811261441816,55.346877254264804,55.52415133287837,55.56533247598633,55.37182198964056
277.0,10.912,0.8332403279071092,0.7719009779315399,1.0184625438977548,0.34553816141551197,0.0027182043221794768,-0.03008112383073161,-0.031888191368224864,-0.024758042988318994,-0.1937504119070481,-0.0922976044047262,0.33301177119612063,0.09042222253407745,-0.08866481757280764,1.0,1.6201046729284987,0.5467967307817647,55.62691229116794,55.071356569256935,55.29052640707789,55.83155098166121
278.0,10.944,0.8441147340787886,0.7723512502067844,1.0175236147804283,0.3398251928649791,0.014071008601391337,-0.029341534916453554,-0.03691065247847214,-0.025431310410274462,-0.19662914158172137,-0.09060274265241385,0.3246785778957902,0.09937336057639927,-0.08741824614433881,1.0,1.6096954964628525,0.544818546356818,55.49331710236137,55.25975993538403,55.42900015171079,55.64981933265582
279.0,10.976,0.8548106341253039,0.7732162951584158,1.016607271777291,0.3342468764536037,0.027032654738481907,-0.028635718848042644,-0.04062257031021889,-0.027930416219177225,-0.1993819646591211,-0.08895757487083691,0.3161897396602342,0.1096036226174695,-0.08669454434434926,1.0,1.5995729694117042,0.5434927967467348,55.38818407036308,55.416335288889684,55.538244624155794,55.50104128352325
280.0,11.008000000000001,0.8653119323625433,0.7745382651954367,1.0157124230982164,0.3281655699137323,0.041311563656901105,-0.027964021221078803,-0.04338963847789616,-0.030165495273823832,-0.2020984991436451,-0.0877143363000327,0.30703805608074775,0.12074443574266519,-0.08640532299928408,1.0,1.5897661206918614,0.5428600069180475,55.380830964561774,55.42323919188433,55.549841717426055,55.50219743690051
281.0,11.040000000000001,0.8756034335533449,0.7763495488507851,1.014838362908958,0.321609412212549,0.05660261422963867,-0.027314380914328338,-0.04515825321746026,-0.03203735732947651,-0.2048031853452099,-0.08698689860594565,0.2973545271471012,0.13257343717978942,-0.0865455464941425,1.0,1.5803012420536855,0.5429490021912052,55.37841797060459,55.433429735886804,55.55675591359214,55.499978739862726
282.0,11.072000000000001,0.8856716355020571,0.7786720345908504,1.0139848486766836,0.3146313108972548,0.07257767937704142,-0.02667231975857218,-0.045940343265329704,-0.03345880003017197,-0.20751807099218297,-0.08672942548684927,0.2872876350711904,0.1448619810170932,-0.08710485323061348,1.0,1.5712008923317116,0.5437759342037723,55.37849060383255,55.44525049181437,55.561224242164435,55.49596606515767
283.0,11.104000000000001,0.8955055344312987,0.7815170377483031,1.0131521732234074,0.30730934153879913,0.08890634867039426,-0.02602110791487947,-0.04578152429803756,-0.0343486834410082,-0.21026302101585936,-0.0869152086906757,0.28124654163606183,0.14970075349333303,-0.08806707850448718,1.0,1.5624830206115696,0.5453441466273288,54.61828011616058,55.238250699564645,56.32581454089342,55.71045143674459
284.0,11.136000000000001,0.9050974123986322,0.784885627231981,1.0123424515036292,0.29974618647917217,0.10526842136493454,-0.025303803743069432,-0.03684977318043264,-0.0302571177065863,-0.21318444627010008,-0.08588895559330062,0.2767921347963124,0.1538571647639943,-0.08923024674351826,1.0,1.5541601843937125,0.5476446301109098,55.08266241134955,55.488141294398694,55.86212521122793,55.47001149277967
285.0,11.168000000000001,0.9144699168559478,0.7886818490514154,1.0115606190837485,0.29289076429111327,0.11863193185732482,-0.024432263121272592,-0.024858649483767408,-0.02294710078627605,-0.21620720922858405,-0.08733803996259143,0.26847949054418196,0.16468063984708226,-0.09062501575442393,1.0,1.546189316851502,0.5505676706360304,56.153220868738146,55.705225843453135,54.794897228628955,55.25604015708129
286.0,11.200000000000001,0.9236702461087448,0.7927725475603923,1.010813014127431,0.2875102891499064,0.12783432840552864,-0.02336265488492304,-0.019269440610250675,-0.018419635607673162,-0.21915352375867606,-0.08890942602248059,0.2619970787801569,0.17230771208979906,-0.09239810542199778,1.0,1.5384922948851727,0.553965107524116,55.483956693216314,55.49130488057325,55.46455384917749,55.47116037941862
287.0,11.232000000000001,0.9327315425180239,0.7970933002551603,1.0101016564335088,0.2831655127899718,0.13502352171150175,-0.022229927935067652,-0.01384193080657937,-0.013886381685063537,-0.2221353346948628,-0.09081205959471263,0.25666295360159436,0.1784644650405628,-0.09434600464681973,1.0,1.5310223130027159,0.5577602656721189,55.46850072321009,55.48653835454757,55.47958664219971,55.475684791070655
288.0,11.264,0.9416870048412502,0.8015810675645649,1.0094281297461156,0.2798581976008373,0.14024272841890106,-0.021047708981037954,-0.008416245625475959,-0.00926167648567938,-0.2251548298359467,-0.09273935269327445,0.2524555634555959,0.18315759313769508,-0.0964197266485221,1.0,1.523732102671219,0.5618795789478747,55.478280573261685,55.482369747046036,55.468145277030644,55.478777599067286
289.0,11.296,0.9505703748960825,0.8061724210632236,1.0087933339282482,0.27760531421350937,0.14347979683308393,-0.019837369308356428,-0.0030486121614787948,-0.004660015656065368,-0.22821319710887947,-0.09474642643863392,0.24938632509645464,0.18635732904109648,-0.09857126575759004,1.0,1.5165729096116265,0.5662509410166067,55.48781860687215,55.478014007901635,55.456096965466244,55.4812009217126
290.0,11.328,0.9594149250020323,0.8108043530538465,1.0081974988775086,0.27639219081092964,0.1447478747069636,-0.01861984533561149,0.002201416012525849,-0.00019545204667098862,-0.23131369084536718,-0.09683168723949218,0.24744582654919367,0.188059705841649,-0.10074985096784728,1.0,1.5094956515429396,0.570804652904979,55.49620285082079,55.47399119110319,55.44464433434535,55.48252864897638
291.0,11.36,0.9682524673670835,0.8154151290096222,1.007640233186085,0.27617319890784936,0.14408674861799198,-0.01741455285698966,0.007275609539866507,0.004030743484729149,-0.23446062422038272,-0.09896681047051012,0.2466024677788436,0.1882882710427794,-0.10290390269660837,1.0,1.5024520991014767,0.5754151290096222,55.503539981401396,55.470632606371005,55.43391686119198,55.482572605126755
292.0,11.392,0.9771124968202489,0.8199451077527009,1.0071206042178213,0.2768759204114198,0.14156183572120923,-0.016238405258238428,0.012115040287493769,0.007932256721626436,-0.2376585359235156,-0.10111088902390691,0.2468044875605948,0.18709318782266723,-0.10498270873363041,1.0,1.495395951530957,0.5799451077527009,55.5099147184663,55.46815755646865,55.42402517918787,55.48126962002441
293.0,11.424,0.9860214932545028,0.8243375421034665,1.006637241686717,0.27840613857043456,0.13726357346142612,-0.015105079097008076,0.016659043632383536,0.011438950174004647,-0.24091152794534063,-0.10321776768585152,0.24798281598743882,0.18454986363701437,-0.10693784667811751,1.0,1.4882837846063237,0.5843375421034666,55.51534296856788,55.46668586369803,55.41511048219124,55.47864790303015
294.0,11.456,0.9950023986529093,0.8285393651899684,1.006188456422809,0.2806532937002016,0.13130697145318285,-0.014024539497128884,0.020845362510064067,0.01449770812998577,-0.24422270452540795,-0.10524017486946227,0.2500544515956188,0.18075713162387821,-0.10872446776147561,1.0,1.4810758567732423,0.5885393651899684,55.51977715603696,55.46624166032479,55.40733787014674,55.474810537426954
295.0,11.488,1.004074277043137,0.8325019568627369,1.0057723659839388,0.28349619969461587,0.1238309897740145,-0.013002826214691942,0.024611337993329218,0.017072944998576183,-0.24759369082305063,-0.10713230909214505,0.252926101790686,0.1758349367038936,-0.110302480506013,1.0,1.4737367619289437,0.5925019568627369,55.523122790325345,55.466754287423356,55.40087799765281,55.469927186210285
296.0,11.52,1.013252159625078,0.8361818751717418,1.0053870189622869,0.2868088306856584,0.11499744715640418,-0.012042094426623063,0.027895963081348552,0.019146678121562323,-0.2510242413525909,-0.10885165333218373,0.2564977990646188,0.16992150691906135,-0.11163762022489744,1.0,1.4662359192844396,0.5961818751717418,55.52526225769522,55.468060015370256,55.39588271580966,55.46422882570549
297.0,11.552,1.0225470704522632,0.8395415304337298,1.0050305103000117,0.29046596334953545,0.10498922693712502,-0.011140895696100373,0.030642572015536308,0.020718004173833824,-0.2545119661874415,-0.11036036223636099,0.2606662139345103,0.1631700501975784,-0.11270235732847293,1.0,1.4585478938191383,0.5995415304337298,55.52608292399236,55.46990927341854,55.392458415758,55.45800004670026
298.0,11.584,1.031966219973177,0.8425497746707002,1.004701080752308,0.29434842252855337,0.09400763240532606,-0.010294673365739129,0.03280187978202142,0.02180182330173373,-0.2580522085569845,-0.1116263577144192,0.265327437034323,0.1557450903125373,-0.11347658247940534,1.0,1.4506525457494848,0.6025497746707003,55.525505602518884,55.47198340589784,55.39064129969545,55.451564395376444
299.0,11.616,1.041513344720958,0.8451823777394359,1.0043971948818822,0.2983476483681549,0.0822688458979904,-0.009496433450807687,0.03433502830954548,0.022426726630844954,-0.26163810015100797,-0.11262416896181246,0.2703790947056235,0.14781861926949577,-0.11394801125254443,1.0,1.4425350143282347,0.605182377739436,55.523508242409875,55.473922590515215,55.39037964064997,55.44526066170755
300.0,11.648,1.051189162428455,0.8474223637419461,1.0041175936419944,0.3023693033592856,0.06999956257844325,-0.008737538746493571,0.035216264512891615,0.02263208938634008,-0.2652608011122209,-0.1133355128557855,0.2757217788700902,0.13956627212075995,-0.11411227461514684,1.0,1.4341855496425973,0.6074223637419461,55.52013944530101,55.47536294852172,55.391528046610745,55.43941159042748
301.0,11.68,1.060991904285199,0.8492601873262868,1.0038613196271928,0.30633568302324665,0.057431987010646925,-0.00800856296254842,0.03543489978738503,0.022464565846120003,-0.26890990463481057,-0.11374960420036234,0.28125988468180146,0.1311637102020338,-0.1139726989408274,1.0,1.4255992147450116,0.6092601873262868,55.5155179974802,55.4759771546632,55.393856928645235,55.43429015042409
302.0,11.712,1.0709178815176663,0.8506937386150013,1.0036277152709636,0.3101867885146045,0.044798477772327275,-0.007300136132162843,0.03499629607330392,0.021974320981127435,-0.2725739589785693,-0.11386319666743235,0.2869020271970476,0.12278333503784639,-0.11353981996861139,1.0,1.4167754878962093,0.6106937386150013,55.509818041532306,55.47551057303291,55.39707677740572,55.43009073910982
303.0,11.744,1.0809620431780722,0.8517281763835651,1.0034163964063876,0.31388005188768386,0.032326180267619437,-0.006603714518001174,0.03392177949212719,0.021211411234501886,-0.27624104137689537,-0.1136803735901475,0.29256123092104586,0.11459137151670637,-0.11283070643808997,1.0,1.4077177994011718,0.6117281763835651,55.503243700133694,55.473805373838715,55.400872614010666,55.426912271697404
304.0,11.776,1.0911184863718961,0.8523755999262136,1.0032272054185385,0.3173888498069971,0.02023198570776442,-0.005912218370283934,0.03224756136832959,0.020222713565304584,-0.2798993150816343,-0.11321212583176224,0.2981550548459219,0.10674528721151719,-0.11186818121596581,1.0,1.398433038430839,0.6123755999262136,55.49600010033569,55.47080833855196,55.40494092128202,55.42475690460256
305.0,11.808,1.1013808885191998,0.8526545789592812,1.0030601494914606,0.3207000671032395,0.008718094783363016,-0.005220497721183932,0.030022897741714114,0.019049698747976625,-0.28353751345473993,-0.11247576748023239,0.3036057521356164,0.09939147893052544,-0.11068001799080074,1.0,1.3889310621437048,0.6126545789592812,55.48826836433469,55.46656280978871,55.40902093124359,55.423543487831836
306.0,11.84,1.1117428421360445,0.8525895666125801,1.0029153300762845,0.3238110505263955,-0.0020316358344089885,-0.004525606724252447,0.027307800930595937,0.017727185148675013,-0.2871453185030848,-0.11149424633651558,0.3088404978951412,0.09266316319932011,-0.10929816569798752,1.0,1.3792242330646383,0.6125895666125801,55.48019003750586,55.46118940135798,55.4129144930804,55.42313080667417
307.0,11.872,1.1221980841376715,0.8522102226047197,1.0027928696923312,0.32672631255084544,-0.011854500245638683,-0.0038268869985424968,0.024170615897130522,0.01628304291895664,-0.2907136271961192,-0.11029540326623233,0.31379167365659094,0.08667844190494886,-0.10775802141439852,1.0,1.3693270024136466,0.6122102226047197,55.471862783919484,55.45486202149909,55.4164926412138,55.42334387622687
308.0,11.904,1.1327406220607845,0.8515506725320728,1.0026928416351708,0.32945431009728077,-0.020610939770213787,-0.003125876786261303,0.020685705717152753,0.014738690456825222,-0.29423471960288344,-0.10891122258057448,0.31839718106363163,0.08153855715508343,-0.10609774596162576,1.0,1.3592555484667672,0.6115506725320728,55.4633457225121,55.44778514375491,55.419690641852554,55.423997314133956
309.0,11.936,1.1433647677196985,0.8506487258716517,1.0026152072740393,0.3320045518410625,-0.028185833138159148,-0.0024260737853595816,0.01693138851556228,0.013110157829808063,-0.2977023541884018,-0.10737709779277392,0.32260076332498455,0.07732638304671118,-0.10435760098905218,1.0,1.3490274713721468,0.6106487258716518,55.45467076658965,55.44017596840407,55.422495429030484,55.42491224000117
310.0,11.968,1.1540650942216522,0.8495450710426761,1.0025597645460038,0.3343852031860506,-0.03448921340548983,-0.0017325852511088076,0.012988168171974401,0.011409483344276149,-0.30111181748501314,-0.1057311187276536,0.32635232837863243,0.07410521827277512,-0.10257928265008062,1.0,1.338661539902305,0.6095450710426761,55.44585604456754,55.432252489787906,55.42492967416377,55.42592588463312
311.0,12.0,1.1648363351502125,0.8482824617545242,1.0025261101298906,0.3366012790175091,-0.03945654025474737,-0.0010517005035390317,0.008937226685704907,0.009646240707288029,-0.3044599504964579,-0.10401337227664995,0.3296082806493366,0.07191794288282483,-0.10080523220724652,1.0,1.328177481609519,0.6082824617545242,55.43691839789627,55.424226533256125,55.42703581442371,55.42689511878624
312.0,12.032,1.1756732456083732,0.846904905585798,1.0025136166942845,0.3386534518175219,-0.043048630272692026,-0.00039041986268917273,0.004859105701229072,0.007829042122879654,-0.3077451660601058,-0.1022652429231712,0.3323318724028897,0.07078659030020573,-0.09907791387504375,1.0,1.3175958055760255,0.606904905585798,55.42788328425912,55.416299911866325,55.42886201097975,55.427696067180044
313.0,12.064,1.1865704443019158,0.8454568635928948,1.0025214256038868,0.340537459173208,-0.045251312278223696,0.000244028425071263,0.0008324949296784957,0.005966909049552267,-0.3109674628011064,-0.10052870034479039,0.33449358010436514,0.07071236766241662,-0.0974390614498948,1.0,1.3069376460406121,0.6054568635928949,55.41879155421264,55.408661817951206,55.43045084345689,55.42822202413873
314.0,12.096,1.1975222544474,0.8439824687305155,1.0025484545542611,0.34224406704638055,-0.04607483944935385,0.0008446546991974772,-0.0030669429013318824,0.004070437683268536,-0.31412843394944695,-0.09884556773440398,0.3360714985486917,0.07167613773488177,-0.09592890561444767,1.0,1.2962246152609365,0.6039824687305155,55.40970325588495,55.40148603653229,55.431830841028585,55.42838141190141
315.0,12.128,1.2085225593423794,0.8425247707844368,1.002593418793995,0.34375952796810544,-0.045553060814960925,0.0014051324916872208,-0.006767756771054274,0.002152708722227917,-0.3172312639011022,-0.09725677320952567,0.337051729952442,0.07363935600239724,-0.09458540217500859,1.0,1.285478654757693,0.6025247707844368,55.40069887309932,55.39492720888645,55.43301068490967,55.428096864984475
316.0,12.16,1.2195646861048213,0.8411250160833583,1.0026548638946386,0.3450664613263082,-0.04374233440870147,0.001920159395110697,-0.01020391878551898,0.00022990370318377783,-0.32028070220581,-0.0958015954784039,0.3374287307298115,0.07654543765262026,-0.09344348742332115,1.0,1.2747218754278598,0.6011250160833583,55.39187837129034,55.38911598155527,55.4339759332664,55.427305890781135
317.0,12.192,1.2306413284236282,0.839821971163029,1.0027312074581671,0.34614507246271514,-0.04072015376029022,0.0023857363602650095,-0.013316049864655736,-0.0016784017287194974,-0.32328300368814716,-0.09451692226019782,0.3372055685992021,0.08032151121035233,-0.09253439000571519,1.0,1.2639763788519984,0.599821971163029,55.38335828670068,55.384153366957214,55.43468823894613,55.42596302967167
318.0,12.224,1.241744516158942,0.8386513005029872,1.0028207867313186,0.3469746167285567,-0.03658345812630744,0.0027993522859828786,-0.016052620519175376,-0.0035492887868148817,-0.3262458246450433,-0.0934365449313047,0.33639403919169386,0.08488049903532735,-0.09188502884040207,1.0,1.2532640544429843,0.5986513005029872,55.375266982519605,55.38010500177502,55.435087114325825,55.424043030706784
319.0,12.256,1.2528656362920545,0.837645009168476,1.0029219088511125,0.34753500415976546,-0.031446604203476364,0.0031600662435612966,-0.018371065707536657,-0.005356899228424895,-0.32917806842887465,-0.09259051504878751,0.33501459548683143,0.09012345082312267,-0.09151752352997379,1.0,1.2426063498689037,0.597645009168476,55.36773819056709,55.37699621996564,55.435094264330125,55.42154426885633
320.0,12.288,1.2639955061040944,0.8368309614240598,1.0030329003989058,0.34780843162624636,-0.025438992013005594,0.0034684858685393696,-0.020238737966665418,-0.007073181353745333,-0.33208967894222874,-0.09200458764306767,0.3330960549480145,0.09594204619150756,-0.09144883742583872,1.0,1.2320240153540496,0.5968309614240598,55.36090308545334,55.374808949027575,55.434620331507425,55.418491467064264
321.0,12.32,1.2751244956922623,0.8362324859427909,1.0031521531057883,0.34778092463024596,-0.018702358789653133,0.0037266470900784686,-0.021633617433224568,-0.008668942977708078,-0.3349913870401415,-0.09169977260998431,0.3306750666495769,0.10222117800660747,-0.09169056454438136,1.0,1.2215368258583283,0.5962324859427909,55.3548813787501,55.373481367422734,55.43357359856052,55.41493677762546
322.0,12.352,1.2862426932291766,0.8358680769816396,1.0032781629302272,0.3474436730285729,-0.011387780035978363,0.003937807013715263,-0.022544702911319305,-0.010115147360319158,-0.33789442159837707,-0.09169200960948264,0.32779534134124994,0.10884153042650313,-0.0922488610138163,1.0,1.2111632885072923,0.5958680769816396,55.34977221088014,55.37291100521917,55.43186983962777,55.41095845090607
323.0,12.384,1.2973401030216407,0.8357511987849267,1.003409560301464,0.3467940560145027,-0.0036524436472784552,0.0041061678511533604,-0.022972025704665274,-0.01138435984135094,-0.34081020283416646,-0.09199197434440617,0.3245066679454293,0.11568207481357669,-0.09312451123591697,1.0,1.20092034567288,0.5957511987849267,55.34564586490102,55.37296153164268,55.42944219953696,55.406656680361344
324.0,12.416,1.3084068637505726,0.8358901975766628,1.00354513005069,0.34583627277912055,0.004343712241755556,0.004236554663306077,-0.02292625665802798,-0.012452230436244625,-0.3437500391005534,-0.09260501593717729,0.3208637570799248,0.1226224214764072,-0.09431311026291493,1.0,1.1908230864421012,0.5958901975766628,55.34253742710958,55.37347290153574,55.42624981773768,55.40214672061446
325.0,12.448,1.3194334725763286,0.8362883219921632,1.0036838203787155,0.34458152580487506,0.012441387984386116,0.004334072750800107,-0.02242791361481218,-0.013298886208844394,-0.34672484885999655,-0.09353121742492253,0.3169249632815818,0.12954498322757477,-0.0958053385568111,1.0,1.1808844805429297,0.5962883219921632,55.3404433957704,55.37427393045858,55.42228398550791,55.39754993534729
326.0,12.48,1.3304110002978462,0.8369438489677338,1.0038247410617631,0.34304774129742505,0.0204852179865808,0.004403771345237724,-0.02150621598588199,-0.013910110704352243,-0.3497449265399441,-0.09476556515464649,0.31275094155598054,0.13633692490007873,-0.09758730415838396,1.0,1.171115148905606,0.5969438489677338,55.33932187009385,55.37519587479877,55.417570958695684,55.392983910005704
327.0,12.512,1.341331283554056,0.837850308314181,1.003967151898287,0.3412588517565579,0.02832685457647419,0.004450338641368008,-0.020197668702306232,-0.014278207245060771,-0.35281976494195283,-0.09629820883805205,0.308403291270919,0.14289188832767225,-0.09964093020072416,1.0,1.1615231838544784,0.597850308314181,55.33909639365216,55.37608534496025,55.41217109212027,55.38855302626286
328.0,12.544,1.3521870820838522,0.8389967958199217,1.0041104430761698,0.3392437040561286,0.0358277345543986,0.00447784930884126,-0.018544483016772265,-0.014402476214604462,-0.3559579390108285,-0.09811479262100856,0.3039432332261308,0.1491114929123385,-0.1019443715337052,1.0,1.1521140295560963,0.5989967958199217,55.339662907246215,55.37681495959648,55.4061745914094,55.38434085470991
329.0,12.576,1.3629721920868916,0.8403683620872631,1.004254109633083,0.3370346875949806,0.04286144585441753,0.004489579903538261,-0.01659295180302613,-0.014289278237323802,-0.3591670476935403,-0.10019683870247593,0.29943035661418577,0.1549066172752941,-0.10447245121646143,1.0,1.1428904300624083,0.6003683620872631,55.34089874582717,55.37729054974934,55.39969473345804,55.380405379591814
330.0,12.608,1.3736815103953555,0.84194646261814,1.0043977224583385,0.33466619713949625,0.049315641589903855,0.004487900789232331,-0.014391890701529167,-0.0139516982202352,-0.36245370392574516,-0.10252216831492197,0.2949214639525581,0.16019846852175915,-0.10719711392609155,1.0,1.1338524484681936,0.60194646261814,55.34267232869498,55.37745434173859,55.39285974784715,55.37677751724822
331.0,12.64,1.3843110480555856,0.843709454007765,1.0045408983343311,0.3321730518821908,0.055093480925780904,0.0044742461247707045,-0.011991235719330064,-0.013408862414272757,-0.3658235586136126,-0.10506534936909985,0.29961805970149386,0.14974018645927145,-0.11008789751818657,1.0,1.1249975567778427,0.603709454007765,53.79053501023681,54.991976899184834,56.94012180288726,55.75877010653558
332.0,12.672,1.3948578769119815,0.8456331577469914,1.0046855432970818,0.3295884017623718,0.060115741850826715,0.0045201550859588725,0.0013968623815655674,-0.00801182912425907,-0.3692158891960025,-0.10511218594522487,0.29543826982522225,0.15420957730184315,-0.11320409196376938,1.0,1.1163208346282856,0.6056331577469914,56.57904671277681,55.725070408501956,54.140620021886384,55.026963950235405
333.0,12.704,1.4053245713771922,0.8475728219949386,1.0048314374899,0.3270842020378359,0.060614507748347285,0.0045591935255648265,0.012172590940382038,0.0003975356358165428,-0.3726038369005271,-0.10765573078178078,0.29240307262825627,0.1548728200026899,-0.11642293844325234,1.0,1.1077589123280809,0.6075728219949386,55.440283743423045,55.37295521185005,55.27317805970511,55.37557542192399
334.0,12.736,1.4157504751521082,0.8493971574778987,1.0049756592396253,0.3258094929661223,0.05701048384250391,0.004506929678918521,0.02228269862639648,0.008133731911565493,-0.37606816490851624,-0.1124102625172755,0.2915017022368615,0.15247579956863927,-0.11950397851600562,1.0,1.0992185688458946,0.6093971574778987,55.44940147982984,55.364708606341075,55.26345329913908,55.376521036622755
335.0,12.768,1.4261701552417494,0.8509833520336892,1.0051154133348927,0.325615002801288,0.04956857986845513,0.004367315477107888,0.031688859022393795,0.015084071070646562,-0.3796020792975312,-0.11624982772740625,0.29258904725177076,0.14722872807752574,-0.12233501186246075,1.0,1.090612390343014,0.6109833520336893,55.46151563673219,55.36377298107949,55.25032033380967,55.372403726002574
336.0,12.8,1.4366125565148828,0.8522178874736931,1.005246794398297,0.32632503978542005,0.03857923250012021,0.0041056582313833655,0.04027709034378162,0.021159770990205447,-0.3832114711834351,-0.11953421276229545,0.2955061309955461,0.13937813367089985,-0.12479207637182774,1.0,1.0818601313780414,0.6122178874736931,55.4722806916539,55.367084731854455,55.239519896920704,55.365747311158266
337.0,12.832,1.447100674038753,0.8529979765741476,1.0053652925475984,0.32775367262094485,0.024377784389201913,0.00370306716566959,0.04792069398925449,0.026313985469730336,-0.3869044290767101,-0.12236237393142682,0.3000874945267716,0.1292154475218893,-0.1267552773716755,1.0,1.0728899834967813,0.6130391005929424,55.48132527200513,55.37424164809749,55.23214429096391,55.35679952863254
338.0,12.864,1.4576516948059464,0.8532329566640999,1.005466289540763,0.3297193989747896,0.0073431278110117,0.0031561560363893544,0.05448891427005826,0.030544861829976035,-0.390685212273617,-0.12471512686537237,0.3061700973747936,0.11706750733538093,-0.12811850569785735,1.0,1.0636394869329826,0.6134869529733425,55.488207903709515,55.38451376320641,55.22894066725153,55.34624832308459
339.0,12.896,1.4682776044645987,0.8528455439565147,1.0055455146511212,0.33205967683288373,-0.012106647112038866,0.0024757846986966903,0.05985761186348195,0.033894420797981537,-0.3945509675969595,-0.12652694900918263,0.3135995642539699,0.10328541700923399,-0.12879542237839484,1.0,1.0540560256802127,0.6134975824415387,55.492485867443044,55.396791739659186,55.23037716092595,55.33514518218666
340.0,12.928,1.478986206550619,0.8517728505721858,1.0055994314733738,0.3346438151881345,-0.03352166826027858,0.0016849006953950625,0.0639217567332885,0.03644342282769418,-0.3984903613893464,-0.12772168457728175,0.32223231630011845,0.08823319084041253,-0.1287228089960928,1.0,1.044096881480228,0.6130138212132134,55.49396008883685,55.40965615227899,55.23647632294942,55.324784757182535
341.0,12.96,1.4897824542546483,0.8499670653189187,1.0056255304231618,0.33738274075091584,-0.05643078916459441,0.0008155921808750125,0.06660728629780034,0.03830137040895412,-0.4024838311445355,-0.12823026084376307,0.33193383903015083,0.07227784811989409,-0.12786159517645926,1.0,1.0337288581985447,0.6119951907698216,55.49283542407457,55.42159475932732,55.24671150429796,55.316477506376
342.0,12.992,1.5006699481838652,0.8473957250064915,1.0056225093057807,0.34023418528802946,-0.08035438476335081,-9.44099181610091e-05,0.06787947992849289,0.03959237738579647,-0.40650518170454736,-0.1279991652667094,0.3425746508051935,0.05578229192729596,-0.12619582518647135,1.0,1.0229275377391638,0.6104182249644864,55.48972095575138,55.43130098698323,55.26005656180716,55.311263170254364
343.0,13.024000000000001,1.5116524255252781,0.8440415531787465,1.0055903358665732,0.3432024169191525,-0.10481786961703117,-0.0010054199752335116,0.06774572618502654,0.04043941982847087,-0.41052403396035025,-0.12699398184512656,0.34788458578460824,0.038422844421925895,-0.1237301423466874,1.0,1.0116762773406895,0.6082764733657287,55.83451020813177,55.00220061786994,54.92615297014074,55.74540720240882
344.0,13.056000000000001,1.5227350768078827,0.839901861503795,1.0055307371908542,0.34633285258139185,-0.12936536484223551,-0.001862458616219696,0.06694529035961866,0.03465929500731151,-0.41492764840341534,-0.12504963524920223,0.3493274702679037,0.021686828173498512,-0.11989974786938737,1.0,0.9999650649857491,0.6055801651062597,55.85857919771721,55.08629659395891,54.91384860034122,55.665531654580256
345.0,13.088000000000001,1.5338647031507988,0.8350067946831535,1.0054478151012032,0.34780082321612915,-0.15297083814504508,-0.002591315301593564,0.06468706837150705,0.022757285040375733,-0.41962335979687115,-0.12190372137580605,0.34994350291845816,0.006288462861386318,-0.11480947359317636,1.0,0.9878519555746165,0.602365062247727,55.62504351939431,55.4020383115481,55.15847670728412,55.35310492399981
346.0,13.120000000000001,1.544938055479117,0.8294253550427331,1.0053473803620276,0.346042260259943,-0.17441998876313922,-0.003138585599235519,0.06038056913601993,0.009163252070322796,-0.424255511780471,-0.11790895966712829,0.34991291393317936,-0.007807218633510804,-0.10894287364447708,1.0,0.9754587061488383,0.5986937820413623,55.46776805076623,55.5397944042843,55.32526608843633,55.21737539082765
347.0,13.152000000000001,1.5558454949090015,0.8232532354674584,1.005235320359311,0.3408574821838897,-0.19287873672733225,-0.003501875084896408,0.05422677040580036,-0.0037295845797225198,-0.4286195006677693,-0.11307848202564019,0.3493921940633202,-0.020617825482314805,-0.10259880607468416,1.0,0.9629266831985505,0.59464654659215,55.3528803450862,55.5961570851773,55.44737976636893,55.16218432247401
348.0,13.184000000000001,1.5664924153088555,0.8166010738114521,1.005116320379633,0.33271626249543856,-0.20788005175019825,-0.003718749364937931,0.04672001969431383,-0.01452264169978402,-0.4326086352060575,-0.10748249784186087,0.34852153614892606,-0.032136254299355405,-0.09596878552969706,1.0,0.9503923458644138,0.5903127386827999,55.271860931814636,55.608174041107,55.533378772235416,55.15101081369439
349.0,13.216000000000001,1.576810073236817,0.8095837652980746,1.0049937594262053,0.322426810248799,-0.21929089104304517,-0.0038300297946144944,0.038427720929979474,-0.02244936277900424,-0.4361913873077493,-0.10129947758276696,0.34743161134005984,-0.04232346207069551,-0.08916577965142612,1.0,0.9379723637598153,0.5857838012698845,55.22244068557728,55.59319351343564,55.58600501006005,55.166717390476336
350.0,13.248000000000001,1.5867601266294264,0.802311638940702,1.004870084915945,0.31093916851904185,-0.22725394866789422,-0.0038648284456307934,0.02987586650012115,-0.02721857545383737,-0.43938817502182587,-0.09472289625280275,0.3462484971545253,-0.05110751625967193,-0.08225088615339035,1.0,0.9257550406610189,0.5811479278604234,55.202305580754434,55.56211156065003,55.60807978876131,55.19838576846805
351.0,13.280000000000001,1.5963348857748054,0.7948840478703716,1.0047472639281796,0.2992112232930927,-0.2321122209478254,-0.003838155867671996,0.021482923387957646,-0.028908008880103836,-0.44224676456282064,-0.08791160046599941,0.345095019210232,-0.0583903049854128,-0.0752609706814844,1.0,0.9137966335183767,0.5764866894311007,55.207389058123276,55.52303648055388,55.60402412028137,55.237774178712705
352.0,13.312000000000001,1.605554611575745,0.787385598077901,1.004627083703462,0.2881164312793641,-0.23432655601470628,-0.0037556320224216254,0.013527190302369955,-0.027865566850243866,-0.44482116524500054,-0.0809762179448245,0.34408781238689334,-0.06405917082512122,-0.06823170892416258,1.0,0.9021215741442886,0.5718735195802453,55.23195951995368,55.48195963421907,55.57973911618,55.27876096583196
353.0,13.344,1.6144629581643841,0.7798849096426048,1.0045112277380468,0.27838583089498514,-0.23439651360301797,-0.0036204989192283633,0.0061433214498609655,-0.024614246540965192,-0.44715768253492144,-0.07398742548261517,0.34333058602787336,-0.06800079924351651,-0.061211804339354844,1.0,0.8907256213992798,0.5673738092574165,55.26936736558834,55.44276364828521,55.54191569019075,55.31741692292083
354.0,13.376,1.623121472355348,0.772435526756438,1.0044011673281095,0.27057856846762046,-0.23279321519271265,-0.0034393878105415357,-0.0006565687833521964,-0.019767006891498667,-0.4492887275130839,-0.06699467913642021,0.3426797254575473,-0.07120818604865578,-0.054268058508750945,1.0,0.8795809688255156,0.5630462359256087,55.257512889290304,55.32316804609555,55.55265388902446,55.436092249708544
355.0,13.408,1.631603846166725,0.7650784035639258,1.0042979906252067,0.26507418160553303,-0.2299100997660076,-0.003224271965709954,-0.005822447087524551,-0.014187611072555867,-0.451227684353051,-0.060018980295920676,0.3408458127113563,-0.07222137915698719,-0.047490776126498345,1.0,0.8686424091552766,0.5589448664717505,55.46483108903386,55.27895316782965,55.3434758749741,55.479240979500624
356.0,13.44,1.6399833878182697,0.7578361589684239,1.0042021977499476,0.26186067661076984,-0.22632014360943178,-0.0029935273518494317,-0.01067493380137684,-0.009900937355135716,-0.45296602552205306,-0.05321269805638059,0.33624339968300915,-0.07086321217413405,-0.04097905386811258,1.0,0.8578557679708596,0.5551104781378599,55.65653378900773,55.17088637494323,55.149447763124506,55.586160600435925
357.0,13.472,1.6483203999390879,0.7507339733684666,1.0041137437063457,0.26053162877556746,-0.22194329999866683,-0.002764188862559855,-0.015898037101134122,-0.009320428408687092,-0.4544619110540236,-0.04649928652537497,0.33082324988377676,-0.07634040198337766,-0.034875920239547394,1.0,0.8471789551088506,0.5515855152045992,54.98719210362531,54.69099780739666,55.81572819069515,56.065429021780496
358.0,13.504,1.6566433902898015,0.7438165335310198,1.0040325316755185,0.26009344845979976,-0.2161699949202107,-0.002537875963347367,-0.01226862952819349,-0.010924320117045217,-0.4557486083523277,-0.04090918491867118,0.3278023516867861,-0.07141595799794583,-0.0292273213945067,1.0,0.8366065036343686,0.5484208767137448,55.722064125899124,55.931289378585504,55.07904386438628,54.82309115760323
359.0,13.536,1.664922058472689,0.7370581779558304,1.0039579842803332,0.2587083807152333,-0.21119861172466997,-0.002329606099540913,-0.013417848792906825,-0.012920388889382956,-0.456835324622476,-0.03475579832136273,0.322324356703697,-0.07621847582403198,-0.023965865057925046,1.0,0.8261525980852222,0.5455792927342108,54.95968197021203,54.70885435805084,55.83778385384785,56.045451732955286
360.0,13.568,1.6731436668843518,0.7304781766298455,1.003889947179672,0.2569252628644642,-0.20562504143702817,-0.0021261593956614627,-0.005668203975038682,-0.01675100356654393,-0.45774305277429167,-0.029504714621823927,0.31829594720934745,-0.07216782653130838,-0.019087414889257144,1.0,0.8158365890534462,0.5430698032098816,55.70970610230063,55.927024668445966,55.08509594657444,54.82610818149884
361.0,13.6,1.68123940865688,0.7240237020500683,1.003827602516685,0.2529919303915077,-0.20170233061803777,-0.001948270718345189,-0.0027755227601150203,-0.020748237971577762,-0.45849309176497444,-0.02396182971309434,0.31312840068768466,-0.07024144757297246,-0.014433142766120774,1.0,0.8056951618715196,0.5408099448377169,55.39428132389905,55.423631743123124,55.39698667308606,55.3295215060741
362.0,13.632,1.6891604919344918,0.7176865470370808,1.0037695988978947,0.24753385242536735,-0.19803609415585868,-0.001812613087195934,-0.00025313881579125803,-0.024355905059759625,-0.45908871382708594,-0.018779205771375665,0.306739771477032,-0.06910781382168629,-0.009949458702564895,1.0,0.7957679825388644,0.5387628309017309,55.3860662705025,55.41636954502841,55.40240107114327,55.336778808342125
363.0,13.664,1.6968632548923774,0.7114601492579582,1.0037149014675868,0.24071134243392583,-0.1945749305975809,-0.0017092946971233854,0.0020116588584865656,-0.027578008846378402,-0.45953891344933073,-0.013975483817550313,0.29925090642615393,-0.06866107322304121,-0.005579778353299058,1.0,0.7860911647702713,0.5368923579752675,55.38606851121361,55.41924037133208,55.400402743458855,55.33364806148337
364.0,13.696,1.7043086381038386,0.7053385614469712,1.0036624450192353,0.23266822535816087,-0.1912996190933448,-0.0016392640109844077,0.0039863144945921775,-0.030398863644289013,-0.4598485849494734,-0.009408773784709874,0.29078413790937263,-0.06882798810172201,-0.0012765831959695828,1.0,0.7766972425229268,0.535162622896856,55.3863590429011,55.4219751656722,55.398762021719826,55.330617136593766
365.0,13.728,1.71146247335828,0.6993166531453768,1.0036111992996026,0.22355735170129212,-0.1881846344248225,-0.0016014287385207589,0.005639512065267736,-0.032803380504240864,-0.4600198042024734,-0.004986227245081198,0.2814679406067067,-0.06952837309891888,0.0029995058125247497,1.0,0.7676149799580898,0.5335388104894201,55.386553992738186,55.42419877992643,55.397765134712614,55.328177415293936
366.0,13.76,1.7182957605381182,0.6933903075614175,1.0035602287622758,0.21354022436994421,-0.18519829949872874,-0.0015928292914635363,0.006947363228548022,-0.034777861910512804,-0.4600528577042538,-0.0006439938094415826,0.27143630577218025,-0.07067527189285423,0.007280260911270719,1.0,0.7588691866883508,0.5319880650203784,55.38657418612633,55.42587893497208,55.397416127722714,55.32641435999411
367.0,13.792,1.7247848979689027,0.6875565614766775,1.0035087431872953,0.20278554471201538,-0.18230456514812377,-0.001608924218139683,0.007894230148304036,-0.03631014147339391,-0.45994689962030516,0.003664341260237419,0.2608277615573591,-0.07217691123858867,0.011589952317705697,1.0,0.7504805435559565,0.530480267146654,55.3863739833503,55.42697421995154,55.397686906118686,55.325384225287586
368.0,13.824,1.7309118614169638,0.681813681676809,1.0034561371874733,0.19146760775191185,-0.17946499374589167,-0.001643937494438806,0.008473205385622056,-0.03738990425306348,-0.45970041930326067,0.007973161290116366,0.24978422981544346,-0.07393889369979813,0.015945323656663447,1.0,0.7424654387856402,0.5289886959377295,55.385931288818036,55.42742848837745,55.398518992128565,55.32513314310295
369.0,13.856,1.736664326838823,0.6761611752958558,1.0034020171483038,0.17976454443310153,-0.17664082440478607,-0.0016912512240466178,0.008686394337310928,-0.03800924173800842,-0.45931160991129394,0.012307268054982858,0.2384496867241211,-0.07586646626928065,0.02035560290392416,1.0,0.7348358168824692,0.5274905626209766,55.38525027067384,55.42717763538719,55.39981924782956,55.32569854372044
370.0,13.888,1.7420357307915815,0.6705997342504071,1.003346214703464,0.1678563735236989,-0.17379503267027346,-0.00174382640124454,0.008544949025085744,-0.03816344963218977,-0.4587786762480467,0.01668300060088856,0.2269685924300795,-0.0778667544395117,0.02482263560515846,1.0,0.7275990459203705,0.5259674075561394,55.384364991269614,55.42615769969266,55.4014581395081,55.32710689106798
371.0,13.92,1.7470252613743782,0.6651311171716463,1.0032887864642153,0.15592283071239735,-0.17089428371127438,-0.0017946324765219497,0.008068788051670826,-0.0378520496256164,-0.45810009408817504,0.02110881279373181,0.21548407379408302,-0.07985084945527189,0.029341183189251434,1.0,0.7207578123517102,0.5244053564844827,55.383341581263785,55.42431448289208,55.403271234165636,55.32936885095527
372.0,13.952,1.751637771986453,0.6597579759238446,1.0032300003879007,0.14414095662734064,-0.16791066399380453,-0.001837064884831206,0.007285939892678971,-0.0370799807153845,-0.45727482121213986,0.02558569345612048,0.20413587567323452,-0.08173563842288534,0.03389940117036264,1.0,0.7143100557511118,0.5227952364744379,55.38227706361061,55.42161446235385,55.40506487194151,55.332472642341294
373.0,13.984,1.7558836103591835,0.6544836377486691,1.0031703098692766,0.132682449147825,-0.1648230679742317,-0.0018653287070027873,0.00623146474230363,-0.03585886241239529,-0.4563024560978351,0.030107613417625495,0.19305813615702594,-0.08344528263005434,0.038479491717198507,1.0,0.7082489584674846,0.5211325563183733,55.3812931762377,55.41805588380313,55.406627049921106,55.336376829157395
374.0,14.016,1.7597783565465606,0.649311857949343,1.0031103173395375,0.1217108183555331,-0.161618118728942,-0.0018747665543467056,0.004945948880887838,-0.03420818756986073,-0.45518334091197626,0.03466208246914937,0.182377082420045,-0.08491228396744657,0.043058509394922125,1.0,0.7025630064060278,0.5194173604853446,55.380524201853476,55.41367803586009,55.407744049077294,55.3410045073676
375.0,14.048,1.7633424660602226,0.6442465612972815,1.003050729818645,0.11137842230193863,-0.1582905203769204,-0.0018621100278878849,0.003473626574391407,-0.03215626773695416,-0.4539186095054705,0.039230844591834096,0.17220877571716414,-0.0860781322934259,0.047609287137784735,1.0,0.6972361365305403,0.5176539700210779,55.38009908943495,55.40856612172513,55.40822214434749,55.346241341873494
376.0,14.08,1.7666008181476567,0.6392915923282315,1.0029923094288264,0.1018235027323149,-0.1548427802828127,-0.001825637181832039,0.001860262115603324,-0.02974074329758668,-0.45251018703523493,0.04379070759845353,0.16265704558670707,-0.08689358983738667,0.05210144177405328,1.0,0.6922479837689487,0.5158506277196272,55.38011994495156,55.402849280375804,55.40791201240876,55.351939740282106
377.0,14.112,1.769582174088924,0.6344504946817482,1.0029358222710656,0.09316737316460147,-0.15128430145260385,-0.0017652236800266825,0.0001510031554664582,-0.027008497237046316,-0.45096075377406886,0.04831448232401512,0.1538117384512619,-0.08731872689504117,0.056502414760041336,1.0,0.6875742347629901,0.5140190679652435,55.38064077211473,55.3966905313539,55.406731726776854,55.357930237793596
378.0,14.144,1.7723185557543173,0.6297263370711422,1.002881989221592,0.08551192704354248,-0.14762992533143615,-0.0016822827960463734,-0.0016115282570604442,-0.024014879637958675,-0.4492736896309894,0.052771992335738156,0.14574736813792555,-0.08732285797835893,0.060778503958052496,1.0,0.6831870887407305,0.512174033220667,55.38165132715214,55.39026968728592,55.40468334571078,55.36403893908775
379.0,14.176,1.774844559689326,0.6251215981822433,1.0028314420685072,0.07893762296902467,-0.14389809027809036,-0.0015795985339045458,-0.0033886342175242857,-0.020822249321769726,-0.4474530163504051,0.05713110710614329,0.13852220955975214,-0.08688452612338449,0.0648958459741969,1.0,0.6790558176151108,0.5103327586388944,55.383070360364755,55.38376292611231,55.401858805968004,55.37010728474823
380.0,14.208,1.7771966257868483,0.6206381151846411,1.0027846879635671,0.07350206554757037,-0.14010884367507057,-0.0014610657793762125,-0.005146214792494861,-0.017497943060700964,-0.4455033509534901,0.061358750642141,0.13217784101263494,-0.08599164398513343,0.06882131564293048,1.0,0.6751474094635509,0.5085144434264891,55.384750248513,55.3773245719009,55.398433224490404,55.37600864109936
381.0,14.24,1.779412281527247,0.6162770915811723,1.0027420844447943,0.06923924188746011,-0.1362819876083997,-0.001331359961651012,-0.0068546215634960874,-0.014111858018512198,-0.4434298779201208,0.0654218442682595,0.1267292006793119,-0.08465469940961895,0.07252331988311678,1.0,0.6714272730650905,0.5067397226390656,55.38630436726724,55.3696203890361,55.394834472140175,55.38311254791188
382.0,14.272,1.781529382688013,0.6120391512058536,1.0027038264050365,0.06615941127393465,-0.13243563672870803,-0.0011955637424301824,-0.008474550902618968,-0.010744063283868198,-0.44123824179292903,0.0692881161827424,0.12210808449484742,-0.0829785088603163,0.0759723382471871,1.0,0.6678599770131954,0.5050301468914774,55.38655374574073,55.35227149425701,55.3922925607192,55.39983792394514
383.0,14.304,1.7835852203977347,0.6079243416429594,1.0026699459613082,0.06424492842880403,-0.12858779884044452,-0.0010587638665099366,-0.00987996725597118,-0.007542711935050876,-0.438933804451115,0.07292586723970745,0.11839905285466912,-0.08086567831861517,0.07914071159274867,1.0,0.6644101055091203,0.5034075136995524,55.38908108225786,55.35796751412195,55.387281696187,55.393535886910755
384.0,14.336,1.7856146390387075,0.6039316305816944,1.0026403269092863,0.06341933253040105,-0.12477222066453036,-0.0009255953756850946,-0.011148963184547946,-0.004489816194314417,-0.4365238552298626,0.07630862029113723,0.11556526527583735,-0.07837554964357053,0.08200826743041309,1.0,0.6610438589745536,0.50189213029864,55.38930142310491,55.35427956063151,55.38444675243363,55.39667002634994
385.0,14.368,1.7876505407340177,0.6000595360125821,1.0026147324719858,0.06362192797844385,-0.12100295528475943,-0.0007998261656386167,-0.012266124452726082,-0.0016251095853233334,-0.4340160769781431,0.07941052747419959,0.11357556593275639,-0.07555041314734393,0.08455854939627544,1.0,0.6577288787333403,0.5005035144194803,55.38892817583487,55.35065782132711,55.382134231523786,55.399812498343245
386.0,14.4,1.7897234629666197,0.5963061500833251,1.0025928323083053,0.06477881976880978,-0.11729331028928122,-0.0006843801150166467,-0.01321187348828641,0.0010163267158044581,-0.4314187436853591,0.08221171273505207,0.11239123028499827,-0.07244035266914718,0.08677932741313724,1.0,0.6544346957489622,0.4992600255744151,55.38785264483001,55.34763918861024,55.38050278446941,55.40244578197683
387.0,14.432,1.7918611815453256,0.5926690987466582,1.0025742330902172,0.06680370558456017,-0.11365785427084112,-0.0005812255652534731,-0.013965626103476878,0.0034093776564486614,-0.42874072231851035,0.08469652683171494,0.11196681031525302,-0.06910289266909542,0.08866290600787959,1.0,0.6511331343888378,0.498178466304248,55.386127062323986,55.34533641227883,55.37954258024684,55.404467713587344
388.0,14.464,1.7940884013736336,0.5891454439090463,1.002558509710953,0.06960061963462433,-0.1101142136753704,-0.0004913556020044725,-0.01450689850003817,0.00553951275219826,-0.4259914257375236,0.0868536878699609,0.11225198784782314,-0.0656013795144976,0.0902063912126493,1.0,0.6477986151468478,0.4972737043015451,55.38388981402981,55.34384107005136,55.37914952171935,55.405787452327054
389.0,14.496,1.7964265459054203,0.5857315367007939,1.002545234525302,0.07306701661833469,-0.10668460025788769,-0.00041484955159293253,-0.014817005908880299,0.007402552896121911,-0.4231807340732238,0.08867652061071903,0.1131931208139132,-0.06200296767268944,0.0914119323897361,1.0,0.6444083483069972,0.4965583330239874,55.38135290802919,55.34321433100239,55.379137812753434,55.40633474266418
390.0,14.528,1.7988936506927709,0.5824228397988942,1.0025340023351987,0.07709702460470529,-0.1033967781843662,-0.00035100594072967584,-0.014881178369318434,0.009003612404189128,-0.42031887656912975,0.0901631876136246,0.11473429934078264,-0.05837644065561512,0.092286904047144,1.0,0.6409424186379802,0.49604239105496195,55.37877747674748,55.343460668452344,55.379265180290325,55.406087122851396
391.0,14.56,1.8015043602906116,0.5792137442073548,1.0025244493711407,0.08158467493252212,-0.10028423723560517,-0.0002985301268132454,-0.014690679908535152,0.01035520066424403,-0.417416269623196,0.09131688053445614,0.11681791519823624,-0.05479012360543411,0.09284398454462806,1.0,0.6373837692043821,0.49573316085198205,55.3764334069945,55.34451095589289,55.379274502539836,55.405088537600754
392.0,14.592,1.8042700196506511,0.5760974094812186,1.0025162652767565,0.08642685500123695,-0.09738546019175806,-0.0002557529495059161,-0.01424445993578755,0.01147466881546435,-0.41448331586864745,0.09214594267922904,0.11938489530842905,-0.05131010777945686,0.09310109580272417,1.0,0.6337181009427393,0.4956350632030302,55.374551652377896,55.346224644719335,55.37894306060914,55.40344945577373
393.0,14.624,1.8071988427219603,0.5730656546697058,1.002509197990455,0.09152572097841086,-0.09474233785977315,-0.00022085269692218005,-0.013549956426689953,0.012381397226237432,-0.41153017917821666,0.09266389562930939,0.12237483116928416,-0.0479988905625057,0.09308118673304687,1.0,0.629933711865438,0.49574965498415297,55.3732838451464,55.348412938684476,55.37812454364436,55.40132628569134
394.0,14.656,1.8102961347099134,0.570108920226698,1.002503052278564,0.09679037462353288,-0.09239795134399409,-0.00019205349659212595,-0.012622896128043402,0.0130942284460516,-0.408566556708648,0.0928893469098185,0.12572621329283173,-0.044914395048495585,0.09281186559855857,1.0,0.6260213034455031,0.4960757266731953,55.37268270782573,55.35087526003113,55.37677008164043,55.398887454680064
395.0,14.688,1.8135645423674793,0.5672163104901475,1.0024976833342847,0.10213773929893662,-0.09039405426720235,-0.0001677795087307031,-0.011486211475517361,0.013629589831107796,-0.4056014682897328,0.09284576342416254,0.12937687480496035,-0.042109241946614105,0.09232490431277492,1.0,0.6219737805758788,0.49660948557695606,55.37270821168476,55.353435268180114,55.37492320252114,55.396279582471344
396.0,14.72,1.8170043094234467,0.5643757149481788,1.0024929871933055,0.10749272049898052,-0.08876861068652159,-0.00014675440559996908,-0.010168399701534128,0.014000540412448654,-0.40264307626459295,0.09256110798866243,0.13326462735860356,-0.039630138524106594,0.09165564599180033,1.0,0.6177860657837447,0.4973448037046252,55.37325360739586,55.355964159000074,55.3726945169255,55.393605813308746
397.0,14.752,1.8206135206805982,0.5615739972451068,1.0024888897092794,0.11278785178598501,-0.08755367822100074,-0.0001280463758149274,-0.008701710870300002,0.01421671614860003,-0.3996985393965563,0.09206735177049606,0.13732799661189155,-0.03751730521027229,0.09084234670393812,1.0,0.6134549399552398,0.49827350705117385,55.37417901128634,55.35838640079388,55.37022845157134,55.39092108233003
398.0,14.784,1.8243883262168614,0.5587972354225655,1.0024853355601122,0.11796267300822466,-0.08677380695441472,-0.00011106716147485364,-0.0071204753600557,0.014284947419113302,-0.39677389722410106,0.09139988813719552,0.14150695300319244,-0.035803932112876725,0.08992547754090004,1.0,0.6089789131816696,0.499385685262274,55.3753409239723,55.36067108735837,55.36767371128661,55.388241190285726
399.0,14.816,1.8283231442444463,0.5560309953547586,1.0024822783502552,0.12296306336202756,-0.08644500211896561,-9.553780803278614e-05,-0.005459736887659455,0.014210241009700692,-0.3938739784909815,0.0905968787032508,0.1457435660975564,-0.034515706021228956,0.08894700784495212,1.0,0.6043581225168911,0.5006700054734781,55.376611494198436,55.36281625293041,55.3651637421271,55.385558466828336
400.0,14.848,1.8324108461121995,0.553260620681862,1.0024796724575638,0.12774068336728744,-0.08657420852802014,-8.14341466065515e-05,-0.00375422119606271,0.013996845589035684,-0.3910023283730106,0.08969856032679208,0.1499825544522219,-0.033670461920008346,0.08794968646284149,1.0,0.5995942493827843,0.5021140195378713,55.3778871496003,55.3648330815528,55.36280766676708,55.38285723027039
401.0,14.88,1.8366429293298165,0.5504715253538419,1.0024774669228502,0.13225260055053217,-0.08715922900062725,-6.892295979776801e-05,-0.0020375862134244397,0.013649204871483937,-0.38816115208655233,0.08874653617832359,0.1541717351565417,-0.03327800112542504,0.08697633521957862,1.0,0.59469044795344,0.5037044584306151,55.379089591966526,55.36673404567524,55.360688779622144,55.380125129748414
402.0,14.912,1.841009684783896,0.547649477999158,1.0024756014230127,0.13646110793998067,-0.08818897983387314,-5.829686992170341e-05,-0.0003418707763768538,0.013172696015221795,-0.38535127520682483,0.0877830684040977,0.1582623915875784,-0.03334009629829956,0.08606916676868642,1.0,0.5896512763499807,0.5054275107309,55.380162824090874,55.3685260329879,55.35886700278708,55.3773594004317
403.0,14.944,1.8455003632583344,0.5447808700595171,1.0024740041976252,0.14033370232620346,-0.08964399811377594,-4.991329335957135e-05,0.0013029324406376968,0.01257412311481375,-0.38257212269848,0.08685038588742791,0.16220957859546734,-0.033850682993218396,0.08526913713249779,1.0,0.5844826240217591,0.5072690837779072,55.381068978651584,55.3702076933846,55.35738258138623,55.37456886167294
404.0,14.976,1.8501033446808932,0.5418529617614887,1.0024725916933133,0.14384316945496148,-0.0914971343133896,-4.4140759748734174e-05,0.002869230006824856,0.011861979463313506,-0.37982171915257656,0.08599001804257209,0.1659723782671198,-0.03479622280850562,0.08461534147350086,1.0,0.5791916305871898,0.5092150467559244,55.38178445458235,55.37176961166221,55.35625954523545,55.37177309443188
405.0,15.008000000000001,1.8548063117084952,0.5388541015783165,1.0024712696293034,0.1469677196125617,-0.09371438072413091,-4.1314500306977e-05,0.004332132334095874,0.011046512709690154,-0.37709671232983694,0.08524216380697543,0.1695141120780691,-0.03615621490489174,0.08414445996545249,1.0,0.5737865932364243,0.5112514550232479,55.38229688537369,55.37319601695248,55.35550843230361,55.369000116090916
406.0,15.040000000000001,1.8595964276340122,0.5357739160259771,1.002469935156258,0.14969112267240722,-0.09625579851060473,-4.170228266875405e-05,0.005669716931027622,0.010139632842464033,-0.3743924212002837,0.08464510354016032,0.17280250951413675,-0.03790382911800917,0.0838902590960717,1.0,0.5682768613631076,0.5133647548133458,55.38260291750444,55.374467111234424,55.355128307002246,55.36628349104862
407.0,15.072000000000001,1.8644605172815414,0.5326034675933348,1.0024684797702488,0.15200280148528603,-0.09907651352007363,-4.548081278948897e-05,0.006863246735925348,0.009154701460136326,-0.3717029085386509,0.08423466017987123,0.17580983000181333,-0.04000663335520862,0.08388315233310904,1.0,0.56267271834342,0.5155419672330832,55.38270656941583,55.37556146529785,55.35510830778043,55.36365944328544
408.0,15.104000000000001,1.8693852485906235,0.5293353794412621,1.0024667926501636,0.15389785340881576,-0.10212775475227147,-5.2722502662250156e-05,0.007897335559228781,0.008106236660663353,-0.3690210769809436,0.08404371470045556,0.1785129340058754,-0.04242738912151913,0.08414982281186026,1.0,0.556985251339503,0.5177708503804078,55.38261792501971,55.37645819396719,55.355428969745255,55.36116426835216
409.0,15.136000000000001,1.8743573119572474,0.5259639262839355,1.002464764107843,0.1553769802069975,-0.10535791116645506,-6.33919475176436e-05,0.008760052554052348,0.007009563358608786,-0.3663387863964189,0.08410177967537591,0.18089329979316876,-0.04512489103744534,0.08471290955747957,1.0,0.551226210717975,0.5200400384455506,55.382351978432744,55.377138781140424,55.35606350065408,55.35883217841799
410.0,15.168000000000001,1.8793635940647073,0.5224850916107795,1.0024622888741799,0.15644631585812183,-0.10871358353612544,-7.735105197331775e-05,0.009442959982807727,0.005880434709440337,-0.36364698956258334,0.08443463358798436,0.18293698394494276,-0.048054828628028984,0.08559075776193384,1.0,0.5454078611896624,0.5223391568433363,55.38192752490164,55.37758850971913,55.356979106046964,55.35669362453366
411.0,15.200000000000001,1.8843913428581536,0.5188965921167683,1.0024592689892857,0.15711714979519523,-0.11214060918784953,-9.437140294221705e-05,0.009941082015156975,0.004734646655003097,-0.36093588249979447,0.08506401748734525,0.18333875140695985,-0.05606222933343338,0.08679723282430266,1.0,0.5395428271322883,0.5246589127248484,55.151627903822394,54.982483682903386,55.58787654458322,55.750087904154405
412.0,15.232000000000001,1.8894283207432623,0.5151978673663162,1.0024559349556963,0.15740555890964694,-0.11558514845162728,-0.0001041885496697036,0.015272962294412147,0.002250800334157011,-0.35822258321440453,0.08576230264471055,0.18459473555764747,-0.059334307626246544,0.08838013068358985,1.0,0.5336439349515782,0.526991159023638,55.57062460387242,55.68903958669213,55.17002802289028,55.04114172791505
413.0,15.264000000000001,1.8944326810302095,0.5113475356990752,1.0024515044089015,0.15638625896709904,-0.12032286460128191,-0.00013845458733674474,0.01639269372909513,0.0007622122156588657,-0.3554609135488582,0.08702784144278829,0.18508210436821104,-0.06402353410718375,0.09042563464471745,1.0,0.52774084591431,0.5292811603658919,55.39739064807104,55.39345238318515,55.34446869891947,55.33481579099765
414.0,15.296000000000001,1.899386912514655,0.5073401721289476,1.0024455226476787,0.1548197338889222,-0.12523011156648906,-0.0001869300382123516,0.017063339981534618,-0.0007044697541900597,-0.35264099717801956,0.08887681757548369,0.18512724640559164,-0.06900039532726215,0.09296535253734275,1.0,0.5218510997072037,0.531513972557338,55.38723317300005,55.38603013012294,55.35582947999628,55.34067838302595
415.0,15.328000000000001,1.9042753073997587,0.5031744028849795,1.0024378437955983,0.15276234015949144,-0.13018028887400157,-0.00023996412751303687,0.017424650322356038,-0.002116333017987491,-0.3497496646790505,0.0911014844169412,0.18287774578062596,-0.07915867948264008,0.09601555774325347,1.0,0.5159920770491014,0.5336781121565751,55.18492067811473,54.94714142995746,55.559696859530526,55.777819814382546
416.0,15.36,1.9090837561629823,0.49885148308671523,1.0024287067125048,0.15026402385074622,-0.13509124369576578,-0.00028553384667092015,0.022624747071922493,-0.005367591170211369,-0.3468241436240476,0.09343847868399652,0.18182215304278074,-0.0846123148281051,0.0996554636533593,1.0,0.5101807438885966,0.5357645570511028,55.549899756046955,55.70936878199983,55.19718485758986,55.012847891759534
417.0,15.392,1.913764261950398,0.49433316242700853,1.0024168276553511,0.1462658058567419,-0.14119752061583418,-0.00037122053605370654,0.02360911834077294,-0.007237654383129953,-0.3437752782723635,0.09660064293963885,0.1797718101452255,-0.09141989812324305,0.10391805878098143,1.0,0.5044565715105689,0.537715476261869,55.403198357116636,55.39898347822475,55.346408181451324,55.32135339697784
418.0,15.424,1.918296411979623,0.48961607735106566,1.0024016721673665,0.14162968841328186,-0.14740890862321465,-0.00047360899951831526,0.024051238719130476,-0.009026864771151253,-0.3405982947345885,0.10058167808104923,0.17718455455257986,-0.09845331977098658,0.10884376919804008,1.0,0.498843103840057,0.5395142665256542,55.39251290507337,55.39276281648761,55.359541443346664,55.32624316746446
419.0,15.456,1.922662419273919,0.4847015724071734,1.0023830881134534,0.13643772794674758,-0.15357827949663375,-0.0005807516847838862,0.024091099099915837,-0.010684443334989286,-0.33727462020540677,0.10507657845325277,0.1740964817464164,-0.10556708155789626,0.1144383764676214,1.0,0.4933632812068667,0.5411486584275116,55.39098470438227,55.39434781450483,55.36394957756713,55.3231392753871
420.0,15.488,1.9268470988145434,0.479594224533923,1.0023610254068436,0.13077123564451248,-0.15960462103907488,-0.0006894595815584708,0.023733340257178534,-0.012167854477999325,-0.33378344470160715,0.1101694509773865,0.17055511058688574,-0.1126568728821141,0.12069208625711522,1.0,0.4880389542680549,0.5426098875381371,55.38942473619264,55.395459787047585,55.36860402525724,55.320478433283384
421.0,15.52,1.930838224236466,0.4743016744508459,1.0023355400963503,0.12472266943507743,-0.16539219009615774,-0.0007964159529152962,0.022987397993230293,-0.013437044770969579,-0.330103192651378,0.11589367471889171,0.16661664385907252,-0.11962131311106575,0.127580839872423,1.0,0.48289035957181975,0.5438928543583538,55.38760345159518,55.39581911593484,55.3735862666949,55.318621941741114
422.0,15.552,1.9346268444266879,0.4688344273529297,1.0023067950268756,0.11839438094443644,-0.17085147180988233,-0.0008982834210843885,0.021871365430887087,-0.014455726448646162,-0.3262126421594103,0.12225144056094339,0.16234470149813593,-0.12636243602925973,0.13506736191422306,1.0,0.47793558960261395,0.5449962480324485,55.38561711014724,55.39537658917031,55.37868552220492,55.317662357768725
423.0,15.584,1.9382075355674548,0.46320559101132486,1.0022750541463,0.11189659814896798,-0.17590113567515064,-0.0009919025179896948,0.020411367898052108,-0.015193150931837738,-0.32209171266137276,0.12922350019460987,0.15780895633817513,-0.13278723505569295,0.1431021383776016,1.0,0.47319007818639736,0.5459225992344626,55.38358981148155,55.39411459648087,55.3836812457838,55.3176419080525
424.0,15.616,1.9415785747977592,0.457430563056725,1.002240670578733,0.10534497594701088,-0.18046962358124458,-0.0010744864864659079,0.018640454844310053,-0.015625718813317903,-0.31772204275453425,0.1367741450888529,0.15314566164622853,-0.13873894702270753,0.15162452806301702,1.0,0.46866612669004193,0.5466782567903317,55.38216378696944,55.40049555693909,55.38784725632915,55.310113954462835
425.0,15.648,1.9447420248225182,0.45152668276623525,1.0022040702178505,0.09885781327371992,-0.1844962590778052,-0.0011437612775777584,0.016525347591786345,-0.01567440564759952,-0.3130863494978175,0.14485236944057384,0.1483446968682542,-0.1442457143556775,0.16056259932299308,1.0,0.46437249654390256,0.5472732856115153,55.37924680228677,55.38691388949971,55.39320338748739,55.32269538074476
426.0,15.68,1.9477045553710508,0.4455133529022978,1.0021657479586896,0.09257907964164278,-0.18791655824804462,-0.0011975705987779517,0.014204452533942586,-0.015410474473367911,-0.3081722936340208,0.15340125824914483,0.14347614188408844,-0.14923391300731872,0.16983775117709624,1.0,0.4603133641563237,0.547722241437812,55.378221647033314,55.37957567565934,55.39629256788035,55.32919256754252
427.0,15.712,1.950476296779499,0.4394109994919243,1.0021262136100622,0.08661691901400834,-0.19069854407417225,-0.0012354483946083728,0.01175010792981065,-0.014872225829299403,-0.30296919977867703,0.16234656695620192,0.1386099026784395,-0.1536403642262691,0.17936425283475835,1.0,0.4564889783792101,0.5480426956835385,55.37795381853515,55.37454408654429,55.39821185885536,55.33355084733199
428.0,15.744,1.9530702248535603,0.4332405512650656,1.0020859574473389,0.0810602523144132,-0.192826507089334,-0.0012580050851029856,0.009209194468556342,-0.014087743500677373,-0.2974686354637099,0.17160884862627,0.133807500964721,-0.15741884409811646,0.18905255711012559,1.0,0.4528959631974322,0.5482544721974545,55.378047231299696,55.36960740125864,55.39933367507766,55.33799867118331
429.0,15.776,1.955501727726136,0.4270231272351426,1.0020454267395604,0.07598446476798908,-0.19429450093509468,-0.0012665846180759377,0.006624023754212145,-0.013089699399682896,-0.29166472631471696,0.18110349880165913,0.12912551381856624,-0.16053438466283995,0.19881167514456374,1.0,0.4495275268650131,0.5483791402026919,55.378398362105195,55.36478293576382,55.399753352918914,55.34253607388866
430.0,15.808,1.9577881477149401,0.42077977779610337,1.002005007027564,0.07145062465013084,-0.19510466996997491,-0.0012631159998915942,0.004033044619254522,-0.011914522957954442,-0.28555416698881464,0.1907424371418298,0.12461477815942712,-0.16296303763872438,0.20855107205471224,1.0,0.4463737489408487,0.5484395080353687,55.37891794688507,55.36016471916133,55.39956679108826,55.34708547916047
431.0,15.84,1.959948303830601,0.41453126806497975,1.0019650084401428,0.06750487861439941,-0.19526592909761292,-0.0012499558569092895,0.0014708712103742416,-0.010601004468924886,-0.2791361896394722,0.20043624967865029,0.12031957163838425,-0.16469174099813513,0.21818241506717712,1.0,0.4434219387406419,0.5484591162417567,55.37951953455228,55.35583047036386,55.398879831990094,55.35158423462439
432.0,15.872,1.9620020081157226,0.4082978971380543,1.0019256574581872,0.06417825891005113,-0.19479284146641987,-0.00122971818611317,-0.0010315369607261846,-0.009188993347463372,-0.2724125061529641,0.21009612439727124,0.11627696242099483,-0.16571804717978092,0.227621147838859,1.0,0.44065705023210944,0.5484617385542387,55.38012383499179,55.351840697907406,55.397801680201226,55.35598472351927
433.0,15.904,1.9639695876791663,0.4020993460557725,1.0018870941932576,0.06148686135761661,-0.19370472132130573,-0.0012051020290490533,-0.0034465811201441574,-0.007718237922283012,-0.26538722754186966,0.2196355858706505,0.11251635411702834,-0.16604971914445857,0.23678785906264407,1.0,0.43806213775159125,0.548470898776211,55.38066165381436,55.34824204985776,55.39643959446559,55.3602501056542
434.0,15.936,1.965871422671285,0.3959545469580951,1.0018493749237,0.059432343503709684,-0.1920249718024186,-0.0011787271736729543,-0.005749677554688504,-0.006227368195726409,-0.25806676189082567,0.22897202693281696,0.10905923702695441,-0.16570421216521342,0.24560942436765748,1.0,0.43561883715930405,0.5485094109486418,55.3810753614625,55.34507052823589,55.39489497216494,55.36435021565219
435.0,15.968,1.9677275090124038,0.38988156624353265,1.0018124793554561,0.05800269815996179,-0.18978064733007702,-0.0011529865076229096,-0.007918909743095203,-0.0047530129585790105,-0.2504596919310586,0.23802802561273662,0.105919148453068,-0.16470805875447156,0.25401991319570133,1.0,0.4333078577030446,0.5485989497511377,55.381319408126,55.34235410960236,55.393260417108316,55.3682581653001
436.0,16.0,1.9695570534794584,0.38389749536607487,1.0017763218522615,0.05717326459545725,-0.1870022149205555,-0.001129921974832303,-0.009934715108707522,-0.0033290403240630144,-0.24257663355735273,0.24673243730641944,0.10310183683475584,-0.16309617146635333,0.2619612644305348,1.0,0.43110947079991196,0.5487596578307078,55.38136034158638,55.340114663469,55.3916174444735,55.37194781409443
437.0,16.032,1.971378107741846,0.378018344077102,1.0017407657139836,0.056907945699610725,-0.1837234777804021,-0.0011111293211837892,-0.011779632607402658,-0.001985912729099383,-0.2344300769105218,0.25502125942298853,0.10060561698948733,-0.1609110746843958,0.26938374480084293,1.0,0.42900398309516,0.5490097965328945,55.3811766601251,55.33836917970921,55.39003459364286,55.37539213254734
438.0,16.064,1.973207247051054,0.37225893233646185,1.0017056394739121,0.05716060341275082,-0.1799816168950046,-0.0010976950022348322,-0.013438129003959565,-0.0007501517271820428,-0.22603421179464622,0.26283827460646486,0.09842189694079144,-0.15820207275669032,0.27624621171147345,1.0,0.42697218246366464,0.5493654462109394,55.38075869196521,55.33713036682025,55.38856584223734,55.378562418962275
439.0,16.096,1.9750592984492135,0.366632778694193,1.0016707541362044,0.05787660619248342,-0.1758173013209021,-0.0010901668033649883,-0.014896514959429768,0.00035608705354964773,-0.21740473911608138,0.27013548685720923,0.09653585078043589,-0.15502435871378237,0.28251620684438206,1.0,0.42499574704585497,0.5498402618004405,55.380108560874504,55.33640669432445,55.387249322534245,55.381428309135615
440.0,16.128,1.9769471224881794,0.3611519846110997,1.0016359202825096,0.05899450121768507,-0.1712748150966644,-0.001088557927964028,-0.016142956104690433,0.0013153236836947458,-0.2085586697680265,0.27687337121940275,0.0949272068634891,-0.15143806591556233,0.28816990862515396,1.0,0.4230576089313917,0.5504452885832924,55.379240184808964,55.33620194828852,55.38610642726643,55.38395851416388
441.0,16.16,1.9788814514701671,0.355827115874226,1.0016009640397296,0.06044778068711726,-0.16640214802730333,-0.0010923825868730521,-0.01716757829685916,0.0021149397156632493,-0.19951411205340894,0.28302096159955425,0.09357111660611608,-0.14750726478473447,0.2931919707663738,1.0,0.4211422657056126,0.5511888419682818,55.378179164309955,55.336514367989025,55.385141454239545,55.3861222138932
442.0,16.192,1.9808707860758035,0.350667083897342,1.0015657410149092,0.0621667064261352,-0.16125099927762399,-0.0011007195256373936,-0.017962659641845496,0.0027472293792052565,-0.19029004848155653,0.2885558026399184,0.09243906663330669,-0.14329890856148417,0.2975752710775495,1.0,0.41923603474966203,0.552076453662533,55.3769623527705,55.33733544761663,55.384341977079906,55.38789100848326
443.0,16.224,1.9829213509000705,0.3456790311895288,1.0015301474624458,0.06408015075834433,-0.1558766471191629,-0.0011122985144815234,-0.018522894351999077,0.003209306027720309,-0.1809061027298771,0.2934637906217963,0.09149979651834719,-0.1388817357525959,0.3013205902146856,1.0,0.4173272469345242,0.5531108848109165,55.375636868117816,55.33864852662307,55.38368013779283,55.38924128091603
444.0,16.256,1.9850371078644984,0.34086822652541826,1.0014941281452043,0.06611740513837167,-0.15033764575345443,-0.0011256036637971578,-0.0188457052669564,0.0035028569396017796,-0.171382297839545,0.2977389255687269,0.09072018640742462,-0.134325142291649,0.30443623474437453,1.0,0.415406378170409,0.5542922045921989,55.37425831611767,55.34042735482176,55.383115025790026,55.39015675038333
445.0,16.288,1.9872198247450523,0.33623797624679236,1.0014576805745596,0.06820990251731046,-0.14469532120705933,-0.0011389865826466606,-0.01893157358905571,0.0036337460554494837,-0.16173880736584303,0.30138299263909735,0.09006608382190012,-0.1296980426077508,0.30693761353272114,1.0,0.41346611915489606,0.5556179304756859,55.37288806289638,55.342634892272244,55.382596225264805,55.390630912314435
446.0,16.32,1.9894691942223157,0.3317895585546486,1.0014208555526491,0.07029279616448109,-0.13901305287949267,-0.0011507819347028592,-0.01878434729169416,0.0036114739654304205,-0.15199570219981554,0.30440518617183104,0.08950304689210331,-0.12506774466876552,0.30884677168453695,1.0,0.41150138557423804,0.5570832239970777,55.37158952781717,55.34522266587255,55.3820684697641,55.39066898965789
447.0,16.352,1.9917829970421752,0.3275221875168321,1.0013837541790398,0.07230633812060898,-0.13335534493176526,-0.001159417925292171,-0.01841148538312918,0.003448516900317594,-0.14217269699276644,0.30682168498662266,0.0889969916175441,-0.12049886825760743,0.31019188256096447,1.0,0.4095092728903565,0.5586811336823329,55.370423663007045,55.348131020999816,55.38147714473827,55.390288996448135
448.0,16.384,1.9941573012304719,0.3234330127594838,1.001346521708046,0.07419700588427024,-0.127786711167135,-0.001163514718557911,-0.01782419549020095,0.0031595802393729923,-0.13228890133218646,0.3086551832742419,0.08851474218573271,-0.11605233701095727,0.3110066961075342,1.0,0.40748896159416664,0.5604028748366341,55.36944401429972,55.3512905424698,55.38077415436946,55.38952157486621
449.0,16.416,1.9965866880186482,0.3195171594317092,1.0013093388360197,0.07591833713051215,-0.12237041649295471,-0.00116196475082042,-0.017037428404853353,0.0027608148439057707,-0.12236258176290339,0.3099343780585659,0.08802449405667813,-0.11178447239683209,0.31132994091951216,1.0,0.4054415802953966,0.562238134533452,55.36869196451635,55.3546247536433,55.37992347354376,55.388408432973016
450.0,16.448,1.9990644943918998,0.3157678111113709,1.0012724111450275,0.07743144916411142,-0.11716713501057169,-0.0011539903435053833,-0.01606970563053926,0.0022690534370256466,-0.11241094115421198,0.3106934120487887,0.08749620740946232,-0.10774621204086746,0.31120467803583474,1.0,0.4033700351057627,0.5641753894758961,55.368192870825155,55.35805394731187,55.378905611667435,55.38699947123254
451.0,16.48,2.001583062110291,0.31217633601909156,1.0012359575182235,0.07870524119971821,-0.11223359663372995,-0.0011391758376264039,-0.014942773378279301,0.0017011263853551053,-0.10244992160684768,0.31097126986175083,0.08690195207579055,-0.10398246685125181,0.31067760611106404,1.0,0.4012788143236047,0.5662022245896882,55.36795375891123,55.36149971190818,55.37772028517736,55.385348987183164
452.0,16.512,2.0041339837425878,0.3087324544609093,1.0012001983657157,0.07971630100928044,-0.10762129869319553,-0.0011174735158672722,-0.013681096096131964,0.0010733096779929569,-0.09249403606073361,0.3108111260699451,0.08621622371116318,-0.10053162316206425,0.3097983200234429,1.0,0.3991737773567215,0.5683056412789718,55.36796300606614,55.364889481067685,55.37638684978635,55.38351159897082
453.0,16.544,2.0067083376516694,0.30542444309618183,1.0011653444571846,0.0804485596588022,-0.10337535514773334,-0.001089184641596407,-0.01231122061458385,0.0004009425861610726,-0.08255623218320997,0.31025964516928545,0.08541624542078848,-0.09742518957635952,0.3086185278122243,1.0,0.39706193611548685,0.5704723461469137,55.36819207815186,55.36816034603191,55.374942434281145,55.38153863582934
454.0,16.576,2.0092969058256362,0.30223936968016163,1.0011315870556021,0.08089275543646239,-0.0995335442506312,-0.0010549187994535183,-0.01086105454592527,-0.00030176938096906713,-0.07264779031317849,0.3093662360866862,0.08448226114119409,-0.09468758459376617,0.30719123384690733,1.0,0.394951235852771,0.572689013445192,55.368598988309074,55.37126148065093,55.373438136110906,55.379475652728175
455.0,16.608,2.0118903707147893,0.29916335054799426,1.001099089898293,0.08104577778603177,-0.09612559788023034,-0.0010155361659103237,-0.009359107214796896,-0.0010217750093885808,-0.06277825557837576,0.3081822669035381,0.08339781890615185,-0.09233606051757812,0.30556989913840604,1.0,0.39285034079029946,0.574942517269652,55.36913284632288,55.37415481827649,55.371933955089695,55.37736145419661
456.0,16.64,2.014479489520395,0.2961818223745215,1.0010679833947185,0.08090996267517962,-0.09317275542102327,-0.0009720782367036987,-0.007833737875457757,-0.0017470524371580869,-0.052955403080253295,0.30676024868765006,0.0821500353972232,-0.09038076047207598,0.3038075925726832,1.0,0.390768428080396,0.5772201322242113,55.369738759196274,55.37681400090859,55.37049326160976,55.3752286443573
457.0,16.672,2.017055246407179,0.2932798196375134,1.001038361223457,0.08049240271200402,-0.09068758553150416,-0.0009256928519205112,-0.0063124463369887245,-0.002466385960102269,-0.04318523437427388,0.30515300039319465,0.08072982869049351,-0.08882490690462637,0.30195614944587096,1.0,0.38871499194898484,0.5795097036173391,55.37036244061806,55.379221976299725,55.36917750450913,55.37310537261677
458.0,16.704,2.019608984660976,0.29044224961697596,1.0010102793308904,0.07980432043115653,-0.08867406314179418,-0.0008775591427076505,-0.0048212289091706315,-0.0031690998677577856,-0.0334720032966795,0.3034128094979448,0.07913210377427422,-0.08766512004142607,0.30006535584712113,1.0,0.3866996584603184,0.581799790001809,55.37095412435158,55.38136785331326,55.368041626741935,55.371017712383555
459.0,16.736,2.0221325217618835,0.28765415751923334,1.0009837571741176,0.07886053440335487,-0.08712787805445653,-0.0008288173991496942,-0.0033840115495434534,-0.003844804520695152,-0.023818269301586946,0.3015906052817252,0.07735587468625094,-0.08689186237139108,0.2981821789882785,1.0,0.38473201038185384,0.5840797818977453,55.37147164458057,55.38324370133194,55.36713038463186,55.368992033054276
460.0,16.768,2.024618250665009,0.2849009752614748,1.0009587809190414,0.0776790282226713,-0.08603694555495484,-0.0007805079711292733,-0.0020221650066170305,-0.004483203210859653,-0.014224976629153466,0.2997351633345221,0.07540430754906716,-0.0864900001744954,0.2963500643230002,1.0,0.38282142117614876,0.5863400008442601,55.37188274212904,55.38484191444429,55.36647556257446,55.367056786305305
461.0,16.8,2.0270592303303365,0.2821687484687638,1.0009353082055306,0.07628061454148509,-0.08538208727221906,-0.0007335222972151827,-0.0007541047163119078,-0.005073997162380602,-0.004691557619304537,0.29789236092910665,0.07328467035019766,-0.08643946603971767,0.29460832003569276,1.0,0.3809768971974007,0.5885717825919529,55.37216672209736,55.386153603939945,55.36609399774767,55.36524327947873
462.0,16.832,2.029449267831481,0.2794443372567406,1.0009132740262283,0.07468867191076638,-0.08513785037572365,-0.000688568103195119,0.000405019435849041,-0.005606912131054506,0.00478394180252182,0.2961045031714091,0.0710081784240929,-0.086715998516749,0.2929916080229318,1.0,0.3792069276530667,0.5907675474234283,55.37231552760225,55.38716827907046,55.36598637769011,55.363585206815806
463.0,16.864,2.031782993343578,0.2767155873904245,1.0008925972334266,0.07292892225302376,-0.0852734333223782,-0.0006461497750534501,0.0014435336664668896,-0.006071854609428033,0.014204717027321664,0.29440973918424157,0.06858972976070317,-0.08729192817890918,0.29152955767427186,1.0,0.3775193426892968,0.592920859447624,55.37233415760332,55.38787485173684,55.36613689642597,55.36211692833234
464.0,16.896,2.0340559281222252,0.2739714694507232,1.0008731871882994,0.07102921183273207,-0.08575368561566578,-0.0006065639102242887,0.0023533370942969813,-0.006459189374446318,0.023575043421170568,0.29284158581000536,0.06604753160975847,-0.08813697518211815,0.2902465144969247,1.0,0.37592118092336796,0.5950264754393706,55.37224022455532,55.38826376600064,55.366513972221746,55.36087071602875
465.0,16.928,2.0362645444027136,0.27120218474298424,1.0008549500971449,0.06901925876526266,-0.08654014711684246,-0.0005699090985800121,0.0031298698042485657,-0.006760113888332355,0.03290010299813621,0.2914285732970478,0.06340262871661125,-0.08921902330158571,0.28916142997880034,1.0,0.37441856870707296,0.5970803825654558,55.37206240281056,55.388329822875995,55.36707225963172,55.359873412839285
466.0,16.96,2.038406315133216,0.26839923786400866,1.0008377946379474,0.06693033532820242,-0.08759208996798702,-0.0005361080999202734,0.003771941726594851,-0.006967090413844917,0.04218580414840598,0.2901940231160737,0.06067835238859509,-0.09050484002918636,0.28828789233101454,1.0,0.37301661418667237,0.5990798233145317,55.37183761805556,55.388075082918625,55.36775607436632,55.35914313264349
467.0,16.992,2.0404797507533003,0.26555547708091365,1.0008216365639022,0.06479486312763177,-0.08886752447171886,-0.0005049398139125856,0.004281422501128375,-0.00707428597750324,0.051438599951368465,0.28915596253844805,0.057899716428355084,-0.09196072104435105,0.2876342904441072,1.0,0.37171931966803384,0.6010233052665919,55.37160707423188,55.387511146083575,55.368504090491804,55.358686707017476
468.0,17.024,2.042484419951569,0.26266510489113915,1.0008064020727332,0.06264591244589662,-0.09032413093045316,-0.0004760778490320301,0.004662807807149637,-0.007077966176773214,0.06066531064710252,0.2883271741940527,0.055092789003404107,-0.0935530484092932,0.2872040963113549,1.0,0.3705295157845348,0.6029105930932919,55.37141154047292,55.38666019156369,55.369254834185355,55.358498494625366
469.0,17.056,2.044420951537705,0.2597236622093865,1.000792029843349,0.060516612066754905,-0.09192008380477087,-0.0004491321682550949,0.004922694285682868,-0.0069767932314929865,0.06987295537152917,0.2877153720273987,0.05228406801665808,-0.0952487625900347,0.2869962451979616,1.0,0.36944882045734145,0.6047426804093581,55.371286603730105,55.3855544280644,55.36995221126474,55.35856089424819
470.0,17.088,2.046291015223696,0.256727990430597,1.0007784717542507,0.058439490187217565,-0.09361474308717038,-0.0004236902843221531,0.005069208684302083,-0.006771991724250078,0.07906859732586936,0.28732348859205425,0.04949988222891594,-0.09701575639811194,0.2870055887519662,1.0,0.36847762468060186,0.6065217397627445,55.37125870306009,55.38423400020923,55.370550197894715,55.35884650010594
471.0,17.12,2.048097280127244,0.25367617603689846,1.000765692400106,0.05644577823586678,-0.09536919980307991,-0.00039935481702113546,0.005111443135440067,-0.0064673648201034354,0.08825920530289627,0.28715005326136506,0.04676583319074698,-0.09882320277597116,0.28722339455380763,1.0,0.3676151058931496,0.608251050051822,55.37134262827769,55.38274379395324,55.37101596578404,55.35932143493872
472.0,17.152,2.0498433510275973,0.2505674823976061,1.000753667604278,0.05456471563604343,-0.09714667622788545,-0.00037577486962370144,0.005058945430229517,-0.006069165076813887,0.09745153314736472,0.2871896374039481,0.044106286260048456,-0.10064182813577559,0.2876378663615568,1.0,0.36685926830766913,0.6099349018352639,55.37154082180807,55.38112984141894,55.37133107039321,55.359949134951904
473.0,17.184,2.0515336836360425,0.247402272979564,1.0007423821792338,0.05282289401391244,-0.0989127943138165,-0.00035266953263279855,0.004921301512691335,-0.005585842354980071,0.10665201749940473,0.2874333413164176,0.04154391430364986,-0.1024441401115618,0.28823466218304683,1.0,0.3662070082640887,0.611578482180931,55.37184439417593,55.37943605644322,55.37149077467701,55.360693828943205
474.0,17.216,2.053173481223892,0.24418192943842776,1.0007318272113326,0.051243674620296505,-0.10063573566050721,-0.0003298427469142215,0.00470783045730162,-0.005027703068175252,0.11586669320721785,0.2878692987544304,0.03909929563221601,-0.10420461499209484,0.2889973916457036,1.0,0.36565420162501416,0.6131877417317266,55.37223540636611,55.37770184683108,55.37150195332932,55.361523141299266
475.0,17.248,2.054768575766332,0.240908767144805,1.0007219971434715,0.04984670445125346,-0.1022863216757112,-0.0003071896206574551,0.00442739434353529,-0.004406518659490169,0.1251011251560829,0.2884831778715713,0.03679056773121723,-0.10589984729731833,0.2899080791691119,1.0,0.3651958095340802,0.6147692474477623,55.372689795218555,55.37596084325518,55.371380212298156,55.362409559071374
476.0,17.28,2.05632529726486,0.2375859497665485,1.0007128869036848,0.04864754682899759,-0.10383804307051514,-0.0002846949933368867,0.0040883106581015485,-0.00373511777294796,0.13436035491870935,0.2892586615981697,0.028626407647925428,-0.10939158188469186,0.2909475844597454,1.0,0.36482599852858927,0.6163252972648601,55.63665329269263,54.87016595515145,55.1076738926655,55.86740553876038
477.0,17.312,2.0578503334739,0.2342174013332456,1.0007050111842508,0.04765738153249262,-0.10526713854071616,-0.00024611623231085545,0.005603015167146363,-0.009202950172413378,0.14360570237125797,0.2897388740496738,0.026564401735453155,-0.11076907062893797,0.2921564040872492,1.0,0.3645382743581986,0.6178503334738998,55.17401074469478,55.78191766032356,55.571319778214814,54.953742742435736
478.0,17.344,2.0592919219772594,0.23077991002128437,1.000697682190782,0.04504964072998825,-0.10742160349878808,-0.00022903104589938584,0.005398125926748121,-0.009742277027172935,0.1529065975362739,0.29073034888108984,0.022979675630246752,-0.1124419953813268,0.29344237260891515,1.0,0.36439033033890533,0.6192919219772595,55.37049174964725,55.39917286766215,55.37518023034705,55.33565101742085
479.0,17.376,2.060645042560529,0.22727391447461195,1.0006904711091547,0.04228501822717275,-0.10956236083351283,-0.00022534630085557764,0.004956239097323094,-0.010005672220759149,0.16225627676064616,0.2922040661679225,0.01923759368390122,-0.11403113401804765,0.29479151418469146,1.0,0.3643878121836546,0.620645042560529,55.37027106166778,55.38160165199692,55.375038190331594,55.35335780793538
480.0,17.408,2.0619070112170945,0.22370254412579305,1.0006833528607222,0.0394365205176744,-0.11160532340059079,-0.0002224452635146699,0.004419324123089606,-0.010134654671533043,0.17165176522051034,0.29361196360751246,0.015415834707332328,-0.11547140151384301,0.29617718929608744,1.0,0.3645330335004928,0.6219070112170946,55.3691259261761,55.38027892688566,55.37603356284669,55.35461965938283
481.0,17.44,2.063076248130641,0.22007003881618792,1.000676320526731,0.03653865354832916,-0.11351579092516013,-0.0002197604372228266,0.003806660393124567,-0.010130852138630289,0.18109252661339353,0.29500786483576774,0.0115520241293076,-0.11673619874698322,0.29756653144978856,1.0,0.3648266246041855,0.6230762481306411,55.36817281153332,55.379262524492624,55.37687093518871,55.35554655577332
482.0,17.472,2.0641522635643943,0.21638158696853863,1.0006693811613292,0.03362548230478876,-0.11526412023904031,-0.00021685516880809422,0.0031335597141336677,-0.009994749342097976,0.1905782734054584,0.2964002707272147,0.0076831513461269076,-0.11780384321281696,0.29892451135748505,1.0,0.36526757137985105,0.6241522635643943,55.367377668743785,55.378127698359194,55.377492758663024,55.356645766526526
483.0,17.504,2.065135653910592,0.21264320545991652,1.0006625530028148,0.030730948318680146,-0.11682442214444058,-0.00021337995357445497,0.002415006361493639,-0.009729534298678105,0.2001082051358691,0.2977740153704181,0.0038461289147665896,-0.11865647804291299,0.30021586824654206,1.0,0.3658532412805668,0.6251356539105921,55.36672791214709,55.37691764518241,55.37786753380846,55.357910389268646
484.0,17.536,2.066028075368534,0.2088616180771712,1.0006558623249495,0.027888170560680357,-0.11817460571079084,-0.00020908368329047836,0.0016653759745063465,-0.009340972868761432,0.20968067483762695,0.29910298928717505,7.721426677441065e-05,-0.11928006967762547,0.3014064006527702,1.0,0.36657944171446083,0.6260280753685339,55.36621469216785,55.37567648401785,55.377984845677126,55.359309408364744
485.0,17.568,2.066832196050031,0.2050441344206571,1.0006493400828695,0.025128771296789566,-0.11929636426606563,-0.00020382006499924924,0.0008981215196554237,-0.008837113497836023,0.2192930642781322,0.3003566733148952,-0.003588585129644793,-0.119664368744285,0.3024638994744383,1.0,0.36744050880221607,0.6268321960500312,55.36582860804503,55.37443993334977,55.37784857922002,55.3608083492771
486.0,17.6,2.0675516287908384,0.20119853180912767,1.0006430185458781,0.02248227315022886,-0.12017508161029494,-0.00019754803098209745,0.0001255376010728272,-0.008227952061262018,0.22894176869270272,0.30150362503694544,-0.007118072555572889,-0.11980280530769144,0.3033588405129615,1.0,0.36842942240278725,0.6275516287908385,55.36555838764489,55.37323675534548,55.377472722718075,55.36237349311343
487.0,17.632,2.0681908473458903,0.1973329421542165,1.0006369280967735,0.019975579845371554,-0.12079967671597351,-0.00019032653451878085,-0.0006413965295484727,-0.007525079077917288,0.2386222414670305,0.30251344449231116,-0.010480374384401164,-0.11969232373657172,0.30406489034976675,1.0,0.3695379428024166,0.6281908473458904,55.365390900957735,55.37208968759637,55.37687844719461,55.36397387712614
488.0,17.664,2.0687550888586927,0.19345574517536226,1.0006310943548977,0.017632547275076,-0.12116240558919511,-0.0001823044336185518,-0.001393102182479333,-0.006741325171454105,0.2483290728914519,0.3033579450741765,-0.013647394055624009,-0.11933316548039342,0.3045592528018423,1.0,0.37075676427031123,0.6287550888586928,55.365311695902726,55.37101611827517,55.37609187962499,55.365582226341864
489.0,17.696,2.0692502455715798,0.1895754687865287,1.0006255357512805,0.01547364727771948,-0.12125863715104879,-0.00017370636303665183,-0.002121424285214823,-0.005890416841982086,0.258056088547989,0.30401187534041574,-0.01659420038803068,-0.11872860943714598,0.3048228733595861,1.0,0.37207568072741304,0.6292502455715798,55.365305651351115,55.370028721938134,55.37514232468572,55.36717526202202
490.0,17.728,2.069682748713575,0.18570069702853997,1.0006202616515003,0.013515723187348937,-0.12108661743714759,-0.00016481561813247434,-0.0028196030248062256,-0.004986651025301034,0.2677964585325301,0.30445335882930447,-0.01929934515457396,-0.11788468030967655,0.3048405165722547,1.0,0.3734837590020112,0.629682748713575,55.365357565409866,55.369136112607734,55.37406082089261,55.368733642722944
491.0,17.76,2.0700594473949696,0.1818399855552252,1.0006152710873757,0.011771833793583476,-0.12064723354108631,-0.00015595512889432492,-0.003482204849433521,-0.004044593830796864,0.277542811617777,0.30466413622817423,-0.021745106871016613,-0.1168098355198126,0.3046007317919928,1.0,0.3749695155059756,0.6300594473949697,55.36545261429944,55.36834350432855,55.37287896728691,55.370241695002534
492.0,17.792,2.070387485177571,0.17800178440804695,1.0006105521242357,0.010251180706299925,-0.11994378584932036,-0.00014746759812583874,-0.004105022954410053,-0.0030788064096729886,0.28728735008047535,0.3046296567584714,-0.023917659642313564,-0.11551464094410141,0.30409572386671696,1.0,0.3765210926098526,0.6303874851775713,55.36557667628394,55.36765335110339,55.371627975666634,55.37168703241421
493.0,17.824,2.0706741767968464,0.1741943676262968,1.0006060818578737,0.00895911310234975,-0.11898177442969192,-0.0001396958238114586,-0.0046849563769778505,-0.0021035991161191853,0.29702196193467295,0.3043390491828494,-0.025807167647154176,-0.1140114450214714,0.3033211463092752,1.0,0.37812643148217623,0.6306741767968465,55.36571654180267,55.367065940271345,55.37033791157384,55.37306012459945
494.0,17.856,2.070926887301514,0.17042576912853913,1.000601827005662,0.007897203270865176,-0.1177687030549274,-0.0001329641316147322,-0.005219875698441021,-0.0011328139049034923,0.3067383280502594,0.3037849958362411,-0.02740780738689877,-0.11231405974112915,0.3022758347814799,1.0,0.37977343865431273,0.6309268873015141,55.36586003975857,55.366579922117694,55.36903709273602,55.37435385459595
495.0,17.888,2.0711529156572888,0.1667037242545412,1.0005977450306662,0.007063386117958642,-0.11631390231243544,-0.00012756171861860721,-0.005708482242197861,-0.000179634144940381,0.3164280222366735,0.30296353005109455,-0.02871772115363822,-0.11043745573474649,0.3009614983328199,1.0,0.38145014405147143,0.6311529156572888,55.365996109314004,55.366192767557955,55.36775161881369,55.37556308744285
496.0,17.92,2.0713593846402634,0.16303561636410305,1.0005937857166904,0.006452155717956425,-0.11462837157619189,-0.00012372856174336355,-0.006150166633159576,0.0007435793978642658,0.32608260289617746,0.301873775742655,-0.02973890627043843,-0.10839747725684316,0.29938238478962387,1.0,0.38314484867550086,0.6313593846402634,55.36611484159488,55.36590115270782,55.36650501134473,55.37668426404392
497.0,17.952,2.0715531386247976,0.15942842793928882,1.0005898930964667,0.006054812016695327,-0.11272463827544436,-0.00012164438199097061,-0.006544871670668845,0.0016254278456572218,0.33569369532181326,0.3005176466177835,-0.030477045526064856,-0.10621058132322955,0.2975449351328952,1.0,0.3848462605248902,0.6315531386247977,55.36620750932674,55.36570127356488,55.36531794736524,55.37771502906665
498.0,17.984,2.0717406506516536,0.15588869571983485,1.0005860076249207,0.005859750839248829,-0.11061663185793655,-0.00012142098581441319,-0.0068929636570475,0.0024555902332189954,0.34525306413754436,0.2988995210287322,-0.030941284881755,-0.10389360376184012,0.29545743978508415,1.0,0.3865436176869129,0.6317406506516536,55.366266596130195,55.365589096267236,55.36420807407345,55.378653898911004
499.0,18.016000000000002,2.071927939944273,0.1524224695092517,1.0005820684846176,0.005852790394361701,-0.10831956908072338,-0.00012309813447047835,-0.007195115596634675,0.003224917680193502,0.3547526757511935,0.29702590679224605,-0.031143964989126575,-0.1014635534768273,0.2931297075968807,1.0,0.3882267978354491,0.6319279399442732,55.36628583176553,55.36556054901349,55.36318989491222,55.37949997444573
500.0,18.048000000000002,2.072120500823645,0.14903527441353273,1.0005780159109379,0.0060175274803758675,-0.10584984674121772,-0.00012664292749209316,-0.00745220501048104,0.003925506996915345,0.36418475101221437,0.29490510836153394,-0.031100313354058814,-0.098937434887431,0.29057275611584565,1.0,0.3898864136185101,0.6321205008236452,55.36626023517662,55.36561166137471,55.362274719712794,55.380252702497465
501.0,18.080000000000002,2.072323243754183,0.14573207640833866,1.000573793429881,0.006335716579305978,-0.10322493766231473,-0.00013195253302511467,-0.007665228475795512,0.004550754855321554,0.3735418085341899,0.2925469066566191,-0.030828104138183203,-0.09633209732122183,0.2877985295366145,1.0,0.39151389362698574,0.632323243754183,55.366186163768646,55.36573865582919,55.36147067315105,55.38091168957051
502.0,18.112000000000002,2.0725404490335997,0.14251725126749437,1.0005693499111221,0.006787664981772184,-0.10046328565138382,-0.00013885996121704145,-0.007835234376983006,0.00509539348666992,0.3828166993557494,0.28996225972413503,-0.03034729263483957,-0.09366410915077333,0.2848196486590706,1.0,0.39310154880728204,0.6325404490335997,55.3660613647497,55.36593799529783,55.36078275696542,55.381476570677535
503.0,18.144000000000002,2.0727757334184775,0.1393945570194328,1.0005646413523703,0.007352637027432933,-0.0975841952519243,-0.00014714246099334347,-0.007963274731598571,0.005555508695252245,0.3920026337741114,0.2871630302982426,-0.02967963141452135,-0.09094965368999196,0.28164919527399424,1.0,0.394642624322721,0.6327757334184776,55.365885022397215,55.3662063894866,55.36021296233957,55.381946935347166
504.0,18.176000000000002,2.0730320297542537,0.13636711022293446,1.0005596323274468,0.008009260493005425,-0.09460771239057268,-0.00015653202885962378,-0.008050376319445152,0.005928540812557715,0.40109320129463416,0.2841617443419151,-0.028848275023539975,-0.08820444333139514,0.27830053169244,1.0,0.3961313369893958,0.6330320297542538,55.365657793645084,55.36654076212383,55.359760429673585,55.38232231179275
505.0,18.208000000000002,2.0733115794544617,0.1334373664634084,1.0005542970489345,0.008735928131498032,-0.09155449248518947,-0.00016672745350998483,-0.008097530690484656,0.006213269069976356,0.41008238470032243,0.28097138281480233,-0.027877379954460723,-0.08544364812085115,0.2747871546561966,1.0,0.3975628985189549,0.6333115794544617,55.3653818232349,55.366938180908974,55.359421653826615,55.38260220878695
506.0,18.240000000000002,2.07361593745093,0.13060710556047223,1.0005486200158915,0.009511187389635292,-0.08844565321675528,-0.0001774072825935778,-0.00810570195537659,0.006409779753216378,0.41896456926051856,0.2776052072757177,-0.02679170639170659,-0.08268183493899575,0.27112258162105823,1.0,0.3989335249002036,0.63361593745093,55.36506072891966,55.36739575223994,55.35919073369635,55.382786212994716
507.0,18.272000000000002,2.0739459890167407,0.12787742204135857,1.0005425962370529,0.010314111431583553,-0.08530260997230153,-0.0001882430887070739,-0.008075850574547391,0.006519418433045573,0.42773454807174255,0.2740766185051663,-0.02561622797062918,-0.07993291368649304,0.26732026639328005,1.0,0.4002404323492485,0.6339459890167407,55.3646995468188,55.36791048374954,55.359059665724814,55.382874137241615
508.0,18.304000000000002,2.074301977650597,0.12524872146764096,1.000536231039311,0.011124644808013773,-0.08214689292867533,-0.00019891242943048651,-0.008008970667059391,0.006544726563101299,0.43638752446001333,0.2703990461364741,-0.024375755463430147,-0.07721008734268761,0.26339354031915146,1.0,0.4014818203588013,0.6343019776505971,55.3643046272739,55.36847911942174,55.359018681288326,55.38286621240979
509.0,18.336000000000002,2.074683543009396,0.12272072320037132,1.0005295394892662,0.011923917462464118,-0.07899994585217619,-0.00020911093890491043,-0.00790613767735543,0.006489362815893674,0.444919112277616,0.26658586631515935,-0.023094579906130827,-0.07452580345944976,0.25935557467305864,1.0,0.4026568424844473,0.634683543009396,55.36388347270636,55.36909795464376,55.35905662766538,55.38276331229639
510.0,18.368000000000002,2.075089767690868,0.12029247014715078,1.0005225454715383,0.012694521296000006,-0.07588290791314194,-0.00021856305399553503,-0.007768562595921187,0.00635800971197458,0.45332533480355736,0.2626503436642594,-0.0217961401890556,-0.07189170552419097,0.25521935955545483,1.0,0.4037655656208173,0.635089767690868,55.36344451146968,55.36976264188165,55.35916139092322,55.38256719694648
511.0,18.400000000000002,2.075519231506838,0.11796234595126498,1.000515280480734,0.01342074424906524,-0.07281638112143107,-0.00022703096263371173,-0.00759764837306496,0.006156266399125996,0.46160262281202685,0.258605593313835,-0.02050271953215346,-0.06931858361972168,0.2509976944941739,1.0,0.40480891864347784,0.6355192315068381,55.36299680594233,55.37046800143996,55.35932035617749,55.38228075595852
512.0,18.432000000000002,2.0759700717574217,0.11572809995678993,1.0005077821939723,0.014088757830738029,-0.06982018732734536,-0.00023432146130375454,-0.007395043753169035,0.0058905288620206666,0.4697478122143473,0.25446455845210536,-0.01923517454897529,-0.06681632484550303,0.24670318603551006,1.0,0.4057886314208013,0.6359700717574217,55.362549699395856,55.37120785541677,55.35952089594997,55.38190822959544
513.0,18.464,2.0764400479252916,0.11358688011570206,1.0005000928973433,0.014686755245936718,-0.06691312003400318,-0.00024029051965554363,-0.007162689563293184,0.005567859374600569,0.47775814151549684,0.2502399987682342,-0.01801269977512831,-0.06439386495146812,0.24234824790893297,1.0,0.40670716532980694,0.6364400479252916,55.36211241454678,55.37197490557994,55.35975087070258,55.38145538310662
514.0,18.496,2.076926609164701,0.111535273797466,1.0004922578424207,0.015205038731549977,-0.06411269744487681,-0.0002448454663322994,-0.006902852595480829,0.00519584760835186,0.4856312491656401,0.24594448527714627,-0.01685262962912426,-0.06205914346820777,0.23794509984027604,1.0,0.4075676365347245,0.6369266091647012,55.36169362650604,55.37276067643589,55.35999911764384,55.38092960946146
515.0,18.528,2.0774269629688287,0.10956935622552372,1.0004843236079362,0.01563605637898423,-0.06143492412319628,-0.0002479448276415661,-0.006618142701073828,0.004782466412396887,0.49336517074010505,0.2415903973362428,-0.01577027883721106,-0.059819065197869274,0.23350576175492205,1.0,0.40837373339891636,0.6374269629688287,55.361301042872235,55.37355554215511,55.36025589573698,55.38033993877938
516.0,18.56,2.0779381434653743,0.10768474600921393,1.0004763365370972,0.01597439051705117,-0.05889406925968071,-0.00024959596371665316,-0.006311509618545104,0.004335925790374912,0.5009583357575701,0.237189918169092,-0.014778821463786944,-0.05767947117689644,0.2290420409270056,1.0,0.4091296294910223,0.6379381434653744,55.36094103185167,55.37434884973109,55.36051324852167,55.3796969396106
517.0,18.592,2.0784570779147935,0.1058766669777836,1.0004683413131146,0.01621670154434983,-0.056502469732197906,-0.0002498507494577693,-0.005986217389619495,0.003864528903847554,0.5084095638543725,0.23275502588158808,-0.013889207924726293,-0.05564512209276798,0.2245655105534924,1.0,0.4098398937060654,0.6384570779147936,55.36061834313372,55.37512914096038,55.36076524418446,55.3790125076702
518.0,18.624,2.078980650163764,0.1041400152716475,1.0004603797247875,0.01636163278033452,-0.05427036581675307,-0.00024879963522045335,-0.005645795925511363,0.0033765339264892956,0.5157180599790132,0.22829747776121828,-0.01311011879342693,-0.053719696630504445,0.22008747921139274,1.0,0.4105093990446056,0.6389806501637643,55.36033596333483,55.3758844640371,55.36100805665214,55.378299550149165
519.0,18.656,2.079505760028604,0.10246943042235945,1.0004524896611398,0.016409683276250017,-0.052205776540251374,-0.0002465644889926286,-0.005293971239918829,0.002880025187984331,0.5228834082579433,0.22382878654881097,-0.012447953874588398,-0.05190580639186914,0.21561895163028771,1.0,0.4111432315735235,0.6395057600286043,55.36009513677585,55.37660275411823,55.361239863592836,55.37757158592455
520.0,18.688,2.0800293778339456,0.10085936897366318,1.0004447043598705,0.01636305641691814,-0.05031442027175841,-0.0002432906646629427,-0.004934577880388806,0.0023827962780003467,0.5299055642104779,0.21936018831226725,-0.011906854904088583,-0.05020502795812112,0.21117058211242676,1.0,0.4117466010303274,0.6400293778339456,55.35989556333411,55.37727225406943,55.361460556858866,55.376842290922916
521.0,18.72,2.0805485935911556,0.09930417907567649,1.0004370519196715,0.016225492412813555,-0.04859968431208425,-0.0002391387562208911,-0.004571458940917512,0.0018922467134921065,0.536784845052172,0.21490260247233142,-0.011488760262151041,-0.04861795146920242,0.2067526226903625,1.0,0.41232475443317257,0.6405485935911557,55.359735760347924,55.37788194397857,55.361671285786066,55.37612502128329
522.0,18.752,2.08106066054646,0.09779817443263966,1.000429555072118,0.016002092353264982,-0.04706264509490069,-0.00023427648604412688,-0.004208360501887932,0.0014152925803518216,0.5435219179139468,0.2104665853657347,-0.011193490144265074,-0.0471442438876143,0.20237486866560095,1.0,0.41288289392935223,0.6410606605464602,55.359613548969925,55.37842195153812,55.361873879953954,55.3754323441863
523.0,18.784,2.081563033038949,0.09633570600633527,1.0004222311957391,0.015699140390276742,-0.04570213832201212,-0.0002288711368411687,-0.003848828230928202,0.0009582904784113917,0.5501177859084084,0.20606227941673705,-0.011018860579770433,-0.04578272402395899,0.19804660447371014,1.0,0.4134260999667459,0.641563033038949,55.35952660191209,55.37888392318239,55.36207022057892,55.374775599080714
524.0,18.816,2.082053398766001,0.09491122997139435,1.0004150925437112,0.015323928970370479,-0.04451487609190368,-0.00022308287587341472,-0.003496114063570218,0.0005269733706217365,0.5565737720843892,0.20169936046820328,-0.010960824407367129,-0.04453144553385281,0.19377655284435782,1.0,0.41395926071698225,0.6420533987660009,55.35947297381057,55.379261344280735,55.3622616441357,55.3741645041609
525.0,18.848,2.082529705647762,0.09351937057951701,1.0004081466479862,0.014884590055039268,-0.043495605996167,-0.00021705924140719127,-0.0031531003086859477,0.00012639674865095197,0.5628915014156157,0.19738698605667038,-0.01101363675135594,-0.043387783561555066,0.1895728299665628,1.0,0.41448700852514014,0.6425297056477621,55.35945153129169,55.37954980126293,55.36244846436454,55.37360681875372
526.0,18.88,2.0829901835119933,0.09215497680762808,1.0004013968569303,0.014389933257225028,-0.04263730537152913,-0.00021093097049562618,-0.002822247197724879,-0.00023910605965196763,0.5690728810610812,0.19313374738289021,-0.011170041726874623,-0.04234852059851981,0.18544290885457468,1.0,0.41501366401375106,0.6429901835119933,55.35946220932404,55.379747176561956,55.36262968757354,55.3731080744489
527.0,18.912,2.083433360794659,0.09081317192784594,1.0003948429608793,0.013849290083300924,-0.04193140249319178,-0.0002048092515929965,-0.0025055678849715294,-0.0005659597001455543,0.5751200792065595,0.18894762743393226,-0.011421476166464186,-0.041409927508007156,0.18139359238973363,1.0,0.41554318832857284,0.643433360794659,55.35950604402884,55.37985375921685,55.362802970821484,55.37267139581028
528.0,18.944,2.0838580763877275,0.08948939543034923,1.000388481860391,0.013272362283392446,-0.04136801554677213,-0.0001987843902609419,-0.002204632340556603,-0.0008513728211383835,0.5810355028441228,0.18483596718595255,-0.011758285307302285,-0.04056783653585192,0.17743099666413797,1.0,0.41607914387537104,0.6438580763877275,55.35958496783398,55.379872244510096,55.36296483526225,55.37229744067338
529.0,18.976,2.0842634866874263,0.0881794370371746,1.0003823082351557,0.012669071865589732,-0.040936199786707206,-0.00019292578860158322,-0.0019205986781111422,-0.001093352389085475,0.5868217748669384,0.18080544111269148,-0.012169944829829013,-0.03981770438200607,0.1735605443670402,1.0,0.41662466375359364,0.6442634866874264,55.359701395788036,55.37980759240523,55.363111102713376,55.3719844930788
530.0,19.008,2.084649067829027,0.0868794628469671,1.00037631517711,0.012049410675021844,-0.040624193443984276,-0.00018728306393211975,-0.0016542675491410521,-0.001290703824948826,0.5924817108494779,0.1768620424201783,-0.012645283564420849,-0.03915466484325435,0.16978696713765287,1.0,0.4171824299380012,0.6446490678290271,55.35985767366338,55.37966672357157,55.363237480821844,55.37172873204374
531.0,19.04,2.0850146130603875,0.08558603392746585,1.0003704947587104,0.01142328848001416,-0.04041965373441409,-0.00018188807498348264,-0.0014061527326763325,-0.0014430147209660757,0.5980182958503963,0.17301107761320797,-0.013172701633854436,-0.03857357188663409,0.16611431515733766,1.0,0.41775466009073015,0.6450146130603875,55.36005548862263,55.379458055622884,55.363340191671604,55.37152467449484
532.0,19.072,2.085360225220488,0.08429611790384219,1.0003648385158515,0.010800380003145305,-0.04030987573823936,-0.00017675758934299052,-0.0011765593913331373,-0.0015506209296892372,0.6034346615209359,0.16925716926974863,-0.013740379683234005,-0.03806903501713089,0.16254597184912672,1.0,0.4183431027079766,0.6453602252204882,55.36029535189196,55.37919091606423,55.36341653014847,55.37136575565869
533.0,19.104,2.0856863043549656,0.08300709425960764,1.000359337833782,0.010189972952420736,-0.04028198888232937,-0.00017189631466851802,-0.0009656609991110822,-0.0016145554458334144,0.6087340637324197,0.1656042653435028,-0.014336475955086308,-0.037635449302352325,0.159084671437553,1.0,0.41894904012806133,0.6456863043549657,55.36057624553594,55.37887490115553,55.363465256321675,55.37124497632588
534.0,19.136,2.0859935306108937,0.08171675416166202,1.000353984232808,0.009600820497751563,-0.04032312806080074,-0.00016730003044029815,-0.0007735667967266911,-0.0016364823165021124,0.6139198608603776,0.1620556529971647,-0.014949309044787591,-0.037267022401791285,0.15573251729707477,1.0,0.419573298765984,0.6459935306108937,55.36089548588609,55.378519268604606,55.363486766605945,55.3711555266878
535.0,19.168,2.086282842691569,0.08042329564025064,1.000348769557897,0.009041002521109611,-0.040420578794105703,-0.00016295859096848706,-0.0006003736283907854,-0.0016186193410492565,0.6189954927890464,0.15861397492104856,-0.015567525020231877,-0.036957800552370176,0.15249099943753852,1.0,0.42021626580910204,0.6462828426915692,55.361248806289474,55.378132448239874,55.363483039480705,55.37109129946433
536.0,19.2,2.0865554122980248,0.07912531490634028,1.0003436860820496,0.00851780020173775,-0.040561897934698506,-0.00015885862023057293,-0.0004461987257661986,-0.0015636541815100932,0.6239644606364377,0.15528124630164192,-0.016180248122388375,-0.036701694895223076,0.14936101005902017,1.0,0.420877911520962,0.6465554122980248,55.36163061701089,55.377721728952366,55.36345739750436,55.37104723053338
537.0,19.232,2.08681261511719,0.0778217944900613,1.0003387265372132,0.008037588098919184,-0.04073501300871828,-0.00015498577613654016,-0.0003111928585733423,-0.0014746585418868121,0.6288303071529404,0.15205887102230847,-0.016777214511644663,-0.03649250899107288,0.14634285675693748,1.0,0.42155781626036704,0.6468126151171902,55.362034372819075,55.3772931412115,55.36341415561456,55.371019444283625
538.0,19.264,2.0870559990216013,0.07651208875635075,1.000333884088623,0.007605747012848212,-0.04092830417845449,-0.0001513265184480138,-0.00019553573033714145,-0.0013550043820092807,0.6335965977188586,0.14894765622517772,-0.01734888860020934,-0.03632396798393159,0.14343627357473776,1.0,0.42225520132763283,0.6470559990216014,55.36245297372264,55.37685151548874,55.363358231427426,55.371005220263086
539.0,19.296,2.0872872502139983,0.07519590722027686,1.0003291522689293,0.007226599762405466,-0.041130673002309125,-0.00014786936542582327,-9.941720470316539e-05,-0.0012082849824135659,0.6382669018585202,0.14594782494940065,-0.01788656153898301,-0.03618974966095989,0.14064043060971992,1.0,0.42296896279043894,0.6472872502139984,55.36287913795882,55.37640066913912,55.36329477995036,55.37100282612878
540.0,19.328,2.087508158080852,0.07387329596369381,1.0003245248876858,0.006903370839181349,-0.041331601768220205,-0.0001446056638598757,-2.3008785900494978e-05,-0.0010382424058628977,0.642844775198441,0.14305902710478335,-0.0183824315014615,-0.03608351757230383,0.13795394323157967,1.0,0.42369770750513197,0.6475081580808522,55.363305709847225,55.375943662939704,55.36322889164006,55.3710112740404
541.0,19.36,2.087720579516031,0.0725446173597105,1.0003199959300644,0.00663816984934617,-0.04152120637447833,-0.00014152992566796016,3.357015820758235e-05,-0.0008487017923745653,0.6473337418203703,0.14028034947890705,-0.018829665566244092,-0.03599895634252268,0.1353748821590246,1.0,0.4244397906229738,0.6477205795160312,55.36372588920417,55.375483072266114,55.36316536846265,55.371030054680226
542.0,19.392,2.087926403446559,0.07121052824796527,1.0003155594564326,0.006431997829001162,-0.04169028474203855,-0.0001386398009936561,7.028742835235802e-05,-0.000643512144731708,0.6517372769921894,0.13761032577541266,-0.01922244323705707,-0.035929809257874076,0.1329007856688743,1.0,0.42519335394428437,0.6479264034465593,55.36413338721978,55.375021231366844,55.36310857407355,55.37105889035264
543.0,19.424,2.088127516244465,0.06987195667191884,1.0003112095119508,0.0062847749345562535,-0.041830361751450884,-0.00013593576505405147,8.723106314560853e-05,-0.0004264928523440577,0.6560587902957838,0.1350469478320132,-0.0195559819209487,-0.035869918116118414,0.13052867511300228,1.0,0.42595636454992386,0.6481275162444651,55.364522523719614,55.374560425977265,55.363062343835196,55.37109753245359
544.0,19.456,2.088325768648733,0.06853007728511651,1.0003069400528624,0.006195387633370348,-0.04193373083757279,-0.00013342059651533223,8.463809412488268e-05,-0.00020138511185980532,0.6603016092072057,0.13258767918077338,-0.019826544975563947,-0.03581326517222101,0.12825507472668427,1.0,0.4267266531961875,0.6483257686487329,55.36488828337661,55.37410302473739,55.3630299373875,55.37114561384309
545.0,19.488,2.0885229447542866,0.06718628555013521,1.0003027448938047,0.006161753298553058,-0.04199349171816543,-0.0001310987205530022,6.291744193736803e-05,2.8192465176788352e-05,0.6644689632175088,0.13022947201454604,-0.02003143320475014,-0.03575401682357408,0.1260760364628212,1.0,0.4275019520059983,0.6485229447542866,55.365226346278384,55.373651550964986,55.363014018345986,55.37120255586627
546.0,19.52,2.0887207335538913,0.06584217088455517,1.0002986176783726,0.006180899987648364,-0.042003583299376306,-0.00012897548225254674,2.266608386260932e-05,0.000258784518679764,0.6685639686104985,0.1279687884430424,-0.02016896091313438,-0.03568656847884544,0.12398717031053612,1.0,0.4282799310283597,0.6487207335538914,55.36553310384298,55.37320870288485,55.363016649888365,55.37126752337652
547.0,19.552,2.0889207034455604,0.06449948894605029,1.0002945518733577,0.006249059114657446,-0.041958810578277564,-0.0001270564067151757,-3.5321851584794986e-05,0.00048713606281390294,0.6725896140350394,0.12580162668941228,-0.02023841781903313,-0.03560558987293752,0.12198368027762031,1.0,0.4290582332723106,0.6489207034455604,55.36580566645647,55.372777333196254,55.36303929946176,55.371339418369146
548.0,19.584,2.0891242800433307,0.06316013328788435,1.0002905407856049,0.006361768680324114,-0.04185486431768555,-0.00012534649227596828,-0.0001100530165170284,0.0007102259979817411,0.6765487470239346,0.1237235526207444,-0.02024001827336115,-0.035506069947409805,0.12006040595135067,1.0,0.4298345078541183,0.6491242800433308,55.366041865440096,55.37236039914174,55.3630828495222,55.37141690249814
549.0,19.616,2.0893327275535567,0.061826106652288534,1.0002865775992655,0.0065139846945616526,-0.04168833236236916,-0.0001238495731040178,-0.00020033947212349658,0.0009252967565514103,0.6804440616187232,0.12172973674437547,-0.020174839344731854,-0.035383360323620223,0.11821186931254885,1.0,0.4306064409297257,0.6493327275535568,55.36624024945092,55.37196089316692,55.363147613689826,55.37149843970112
550.0,19.648,2.089547133902526,0.06049949219914791,1.0002826554303867,0.006700198405290563,-0.041456701660644524,-0.00012256777746216796,-0.0003048094796176609,0.0011298797118581307,0.684278087260223,0.11981499655260766,-0.020044749413226468,-0.03523321635907445,0.11643232627036754,1.0,0.4313717841203764,0.649547133902526,55.36640007409406,55.37158176267596,55.36323335902928,55.37158235157635
551.0,19.68,2.0897683997248224,0.05918242498897543,1.000278767395231,0.0069145569467632334,-0.041158350317890016,-0.00012150109861969172,-0.00042192377170650875,0.0013218159368730605,0.6880531790988488,0.11797384387209527,-0.01985232896989809,-0.035051834795378364,0.11471582221374563,1.0,0.43212838017893657,0.6497683997248225,55.36652128315636,55.371225825766004,55.36333933556298,55.371666879586726
552.0,19.712,2.0899972312462407,0.05787706405101749,1.0002749066884453,0.007150985044321317,-0.04079252931118556,-0.00012064708704989646,-0.0005499965158044409,0.0014992719182778068,0.6917715098671069,0.11620053667793673,-0.019600785348939845,-0.034835887072352835,0.11305625074136126,1.0,0.43287418568807845,0.6499972312462408,55.366604480089144,55.37089568841015,55.36346431395345,55.371750249378756
553.0,19.744,2.090234137021267,0.05658556536894761,1.0002710666671664,0.007403305469569348,-0.040359333814683554,-0.00012000066496736783,-0.0006872201053815676,0.0016607499014096563,0.6954350634399605,0.11448913467015898,-0.01929386312506215,-0.03458254748916079,0.11144741463502288,1.0,0.43360729062894965,0.650234137021267,55.36665088895355,55.370593667381236,55.36360663176318,55.37183073347604
554.0,19.776,2.0904794284144783,0.0553100561079731,1.0002672409373095,0.00766535603785589,-0.03985966440545352,-0.000119554058028437,-0.0008316928688414494,0.0018050926483862016,0.6990456301875817,0.1128335577839853,-0.01893575188878112,-0.03428951553137804,0.10988308808084048,1.0,0.434325934709491,0.6504794284144784,55.36666230479251,55.37032172223617,55.363764248016025,55.371906709384945
555.0,19.808,2.0907332236490057,0.05405261038877965,1.0002634234386123,0.0079311010789812,-0.0392951787247953,-0.00011929683428613103,-0.0009814487648212493,0.0019314825228312286,0.7026048042001373,0.11122764671456832,-0.01853099306857857,-0.0339550318415535,0.1083570791161657,1.0,0.43502852039419637,0.6507332236490058,55.366641034101704,55.37008139887749,55.36393480515248,55.3719767107703
556.0,19.84,2.0909954551848338,0.052815226886427376,1.0002596085254414,0.008194735494626564,-0.03866823444850848,-0.0001192160365912075,-0.0011344881384189576,0.002039434958816933,0.7061139824364578,0.10966522448169579,-0.018084387399739013,-0.03357788748214271,0.1068632912856968,1.0,0.4357136226305664,0.6509954551848338,55.36658982674946,55.36987378647338,55.364115696867856,55.37203946992793
557.0,19.872,2.091265880136435,0.051599808497250974,1.000255791040874,0.008450779737545482,-0.03798182466176254,-0.00011929639272961745,-0.001288808644388639,0.002128786518496608,0.7095743658185283,0.10814015803743524,-0.01760090454679019,-0.033157426314407594,0.10539578352424388,1.0,0.4363799953204991,0.6512658801364353,55.36651180119925,55.36969948885351,55.364304139903325,55.37209395030183
558.0,19.904,2.0915440933941274,0.05040814427540551,1.0002519663821146,0.008694164302880385,-0.03723950693267061,-0.00011952058623365669,-0.0014424354997173742,0.0021996778838767965,0.7129869622626436,0.10664641892833171,-0.017085596271130613,-0.03269354048782461,0.10394882734278556,1.0,0.43702657463603584,0.6515440933941274,55.36641036524586,55.36955861085804,55.36449724757997,55.372139368309966
559.0,19.936,2.091829543077431,0.04924189379450496,1.0002481305558382,0.008920302603243604,-0.03644532752814235,-0.00011986957113713215,-0.0015934503069789637,0.002252532256124851,0.7163525916066517,0.10517814205959104,-0.01654351440004334,-0.03218665919539392,0.10251696047481444,1.0,0.43765247932699214,0.6518295430774312,55.36628913466179,55.36945075951572,55.36469210276227,55.37217520424745
560.0,19.968,2.092121547922156,0.04810257404048928,1.0002442802225666,0.009125151397657008,-0.03560374231298984,-0.00012032291473590407,-0.001740017788188947,0.002288029745007493,0.7196718923618843,0.1037296816687689,-0.015979634700769633,-0.031637730996220984,0.1010950362373552,1.0,0.43825700821189917,0.6521215479221563,55.36615185217484,55.36937505936477,55.36488582798614,55.372201202521865
561.0,20.0,2.092419316186128,0.04699154889112459,1.0002404127296345,0.009305258249117645,-0.034719535917646496,-0.00012085915412907145,-0.0018804098820651841,0.002307078417564722,0.7229453301890861,0.10229566369677597,-0.015398787598002027,-0.03104820013342834,0.09967826797105037,1.0,0.43883963508241464,0.652419316186128,55.36600230906028,55.36933018074042,55.36507565069117,55.37221736191394
562.0,20.032,2.0927219656513705,0.045910021187047574,1.0002365261326929,0.009457795788828096,-0.033797740752406775,-0.00012145615442549207,-0.002013026780602184,0.002310782736468244,0.7261732079706733,0.10087103384018786,-0.014805596497654417,-0.03041997738176409,0.09826226804219466,1.0,0.43940000128412593,0.6527219656513705,55.36584427140791,55.3693143794229,55.36525896177834,55.37222391695532
563.0,20.064,2.0930285443027357,0.04485902735056922,1.0002326192060103,0.009580582855162048,-0.03284355738994847,-0.00012209145883179662,-0.0021364146082041074,0.002300410153552263,0.7293556773277344,0.09945110067719524,-0.01420442429976269,-0.029755406042403842,0.09684308101231598,1.0,0.4399379062629427,0.6530285443027357,55.36568141275642,55.3693255457304,55.36543336612785,55.372221311813384
564.0,20.096,2.0933380512737956,0.04383943446295504,1.0002286914420682,0.009672092845622307,-0.0318622777379432,-0.00012274262319034157,-0.0022492795727401945,0.0022773566334356433,0.7324927514099524,0.09803157337542692,-0.013599328501899583,-0.029057223763228966,0.09541721070397947,1.0,0.4404532963857042,0.6533380512737956,55.365517254401624,55.369361260914175,55.365596724130484,55.37221016830371
565.0,20.128,2.0936494576694207,0.04285193966980105,1.0002247430411164,0.009731449863284438,-0.030859212286062233,-0.00012338752974211376,-0.0023504985377247917,0.002243111867410373,0.7355843187704878,0.09660859360965271,-0.012994025115555752,-0.028328520901918036,0.0939816410115421,1.0,0.44094625235609164,0.6536494576694207,55.36535511424914,55.36941885860166,55.36574718374102,55.372191249780954
566.0,20.16,2.093961726899802,0.04189707174839295,1.000220774891456,0.009758413449412187,-0.029839622544002905,-0.00012400467688800088,-0.002439126073839058,0.0021992249015242446,0.7386301581260987,0.09517876143720928,-0.012391861445629452,-0.027572696167520498,0.09253385041959727,1.0,0.4414169755525394,0.6539617268998019,55.3651980646395,55.369495489029774,55.365883203011066,55.37216542269124
567.0,20.192,2.0942738341916076,0.040975194641281514,1.0002167885412732,0.009753352868929746,-0.02880865959723245,-0.00012457344321370456,-0.002514398142475553,0.0021472708485528627,0.7416299537955188,0.09373915499561723,-0.01179579761980782,-0.026793410276744093,0.09107182029738707,1.0,0.44186577361382084,0.6542738341916077,55.365048899176976,55.36958818388489,55.366003563446064,55.37213361753107
568.0,20.224,2.094584784977285,0.04008651273717923,1.0002127861628645,0.009717212052423587,-0.02777130950319627,-0.00012507432527175666,-0.0025757326413509986,0.0020888192848546364,0.7445833116062256,0.09228734399741911,-0.011208396603595759,-0.025994538345888465,0.08959403713280073,1.0,0.44229304559079513,0.6545847849772852,55.36491010822128,55.3696939197327,55.366107374885615,55.372096790832686
569.0,20.256,2.09489363190203,0.03923107766387274,1.0002087705100884,0.009651466398280508,-0.02673234604082793,-0.00012548914925247779,-0.002622727100646762,0.0020254048542131596,0.7474897750610721,0.09082139709967417,-0.010631822299677605,-0.025180121711701944,0.08809948895337609,1.0,0.4426992669699602,0.6548936319020302,55.364783862410846,55.36980967823439,55.366194072864786,55.37205588962644
570.0,20.288,2.0951994902285107,0.038408796348099454,1.0002047448698594,0.009558072702517397,-0.02569629111791509,-0.00012580125715450075,-0.002655153857167237,0.001958500515253608,0.7503488415614039,0.08933988331774999,-0.010067845209152227,-0.02435431983718726,0.08658765625343007,1.0,0.44308497485662907,0.6551994902285108,55.36467200335672,55.36993250160899,55.366263409608116,55.37201181961313
571.0,20.32,2.095501551460991,0.03761944009398312,1.0002007130084873,0.009439413515013864,-0.02466738294113551,-0.00012599566787813144,-0.002672953053750448,0.0018894937807036652,0.753159978491851,0.08784186773423504,-0.009517855027986296,-0.023521362914877504,0.08505849780587191,1.0,0.4434507535834076,0.6555015514609912,55.36457604050266,55.37005954208316,55.36631543990605,55.37196541803902
572.0,20.352,2.095799095052117,0.03686265443419746,1.0001966791136507,0.009298237222676855,-0.023649551868301838,-0.00012605921364400297,-0.002676223812967954,0.0018196662085325655,0.7559226389834333,0.08632690182322017,-0.008982879465729073,-0.022685505733020115,0.08351243178475955,1.0,0.4437972209839733,0.6557990950521169,55.36449715307593,55.37018810436987,55.36635050315061,55.371917432010505
573.0,20.384,2.096091498096508,0.03613796951590935,1.0001926477328007,0.009137595137223556,-0.02264640369650337,-0.00012598065156355076,-0.002665213919741173,0.001750176319604542,0.7586362771854342,0.0847950087677156,-0.008463608505373862,-0.02185098332222618,0.0819503126609625,1.0,0.44412501554365497,0.656091498096508,55.36443619606293,55.3703156805149,55.36636920274872,55.37186850272378
574.0,20.416,2.096378242954836,0.035444810795999634,1.0001886237088051,0.00896077682274731,-0.021661209997178556,-0.0001257507498617082,-0.002640308319538335,0.001682046035768322,0.761300362892136,0.0832466641940073,-0.007960423273066015,-0.02102196885370262,0.08037340435945407,1.0,0.4444347846077539,0.6563782429548359,55.36439370922474,55.37043997674792,55.36637238400739,55.37181915582242
575.0,20.448,2.096658922789722,0.03478250983624382,1.0001846121136801,0.008771244840194418,-0.02069690499236917,-0.0001253623476554776,-0.0026020167003233652,0.0016161506577385615,0.7639143953874574,0.08168277278209102,-0.007473428654115133,-0.020202534216233484,0.07878335018402896,1.0,0.444727173796629,0.6566589227897222,55.3643699283017,55.370558932281426,55.36636111140747,55.371769797819994
576.0,20.48,2.0969332450302756,0.03415031500818044,1.0001806181812896,0.008572570017295604,-0.019756088376980525,-0.0001248103872059091,-0.0025509603810335616,0.001553212334741632,0.7664779163883391,0.08010464123670542,-0.007002488776406563,-0.019396613658492486,0.0771821400250438,1.0,0.4450028177439716,0.6569332450302756,55.36436479775849,55.37067073030865,55.366336645948785,55.37172071824528
577.0,20.512,2.0972010328151423,0.03354740193841577,1.0001766472399451,0.008368368277084086,-0.018841033430145916,-0.00012409191701284728,-0.002487858681154054,0.0014937969183003764,0.7689905219859611,0.0785139481206362,-0.006547264482805946,-0.01860797084543363,0.07557207536956054,1.0,0.4452623322420415,0.6572010328151423,55.36437798465887,55.37077380177979,55.36630042297776,55.37167209686113
578.0,20.544,2.097462224494484,0.0329728835472516,1.0001727046458762,0.008162239979431211,-0.017953699723880407,-0.00012320606465610051,-0.002413514899535289,0.0014383140411787583,0.7714518735022236,0.0769127110615856,-0.006107251928727497,-0.0178401696409475,0.07395573263249078,1.0,0.4455063078454895,0.6574622244944841,55.36440889354541,55.37086682288702,55.36625403060631,55.37162401498109
579.0,20.576,2.0977168712992547,0.03242581955598662,1.0001687957185685,0.00795771264908151,-0.017095749727030617,-0.00012215397836301534,-0.00232880199101839,0.0013870202197523076,0.7738617071971016,0.07530325184806627,-0.005681821468451905,-0.017096548889859446,0.07233592532316112,1.0,0.4457353049542665,0.6577168712992547,55.36445668249568,55.37094870757512,55.366199188517704,55.37157646953788
580.0,20.608,2.0979651333115292,0.03190522536034906,1.0001649256789822,0.007758187883580285,-0.016268568613673765,-0.00012093873707347258,-0.0022346480021255347,0.0013400247445138588,0.7762198427803054,0.07368815992933621,-0.005270256030669063,-0.016380201427647616,0.0707156655552148,1.0,0.44594985036643436,0.6579651333115293,55.364520280876114,55.371018596771115,55.36613772660039,55.37152938820187
581.0,20.64,2.0982072738924087,0.031410080188739836,1.0001610995916363,0.007566893152483038,-0.015473286612788182,-0.00011956522955741667,-0.0021320213178407117,0.0012972980991022094,0.7785261906979918,0.07207025483052243,-0.004871788229318906,-0.015693957488551562,0.06909812539939991,1.0,0.44615043526382486,0.6582072738924087,55.364598409630304,55.371075846415266,55.36607156253463,55.37148264347415
582.0,20.672,2.098443652744146,0.030939334483969485,1.000157322311498,0.007386839116788051,-0.014710803274073465,-0.00011804000432658046,-0.0020219157858506853,0.0012586826337388783,0.7807807581820054,0.07045254798797558,-0.00448563550654487,-0.01504037260767107,0.06748659856867004,1.0,0.44633751456768206,0.658443652744146,55.364689605302985,55.37112001663725,55.36600267709636,55.37143606343932
583.0,20.704,2.09867471780042,0.03049191646586584,1.000153598436518,0.007220783008562986,-0.013981813065738896,-0.00011637109312290217,-0.0019053358274493844,0.001223905213342985,0.7829836540652159,0.06883820450137766,-0.0041110326613319915,-0.014421720011584744,0.06588446291238219,1.0,0.44651150757788327,0.65867471780042,55.364792249282736,55.37115086453823,55.36593308566511,55.371389436765604
584.0,20.736,2.0989009961528717,0.030066737849688285,1.0001499322665293,0.007071198514119186,-0.013286831755548588,-0.00011456781214697054,-0.0017832817187425137,0.0011925915624428109,0.7851350923819284,0.06723050528848498,-0.0037472611792774627,-0.013839987362080315,0.06429514417979514,1.0,0.4466727997881265,0.6589009961528718,55.36490460401525,55.37116834277711,55.36586480415794,55.37134250983084
585.0,20.768,2.0991230842326076,0.02966269871216146,1.000146327769046,0.006940252491746673,-0.012626223047713275,-0.0001126405463486301,-0.0016567353316780484,0.0011642820339759074,0.7872353947870193,0.06563281011445417,-0.003393674850770032,-0.013296877555205372,0.06272208149020268,1.0,0.4468217457506367,0.6591230842326077,55.365024858004595,55.371172605438,55.36579980754305,55.37129497460665
586.0,20.8,2.099341637471707,0.029278691513834297,1.0001427885523073,0.006829788721851576,-0.012000224947723815,-0.00011060052308720082,-0.0015266467563826264,0.0011384485306783283,0.7892849918412921,0.06404852194892881,-0.003049721252310564,-0.012793813088107718,0.061168694914689355,1.0,0.44695867284746443,0.6593416374717069,55.36515118122401,55.371164021242066,55.36573997926908,55.37124644738799
587.0,20.832,2.0995573596709427,0.028913604304233755,1.000139317845673,0.006741318726119488,-0.011408975300016923,-0.00010845958232225107,-0.0013939223712706732,0.0011145122959611178,0.7912844232234113,0.062481053077849374,-0.002714958777936171,-0.012331943301692887,0.05963835552888629,1.0,0.447083885811344,0.6595573596709428,55.36528179183002,55.37114319201928,55.36568705064804,55.371196440654636
588.0,20.864,2.099770992294805,0.028566323155762872,1.0001359184872503,0.006676019495693846,-0.010852535889715078,-0.00010622995071096754,-0.0012594150621794173,0.0010918622542313919,0.793234336940331,0.06093379336026602,-0.002389069054753783,-0.01191215361130957,0.058134358233243665,1.0,0.4471976718275392,0.659770992294805,55.3654150335316,55.37111097157497,55.36564253072677,55.37114433319149
589.0,20.896,2.0999833039023077,0.028235733894077575,1.0001325929183826,0.006634737734462209,-0.010330914427665542,-0.00010392402711306694,-0.0011239173816311571,0.001069873508086807,0.7951354876180357,0.059410080969302316,-0.0020718647629159453,-0.011535075687816788,0.05665989755370024,1.0,0.44730030603953125,0.6599833039023077,55.365549460363106,55.371068477074125,55.36560762972561,55.37108934667699
590.0,20.928,2.100195079900785,0.027920723216776744,1.000129343184432,0.006617999952412961,-0.00984408366565096,-0.00010155418595642053,-0.0009881584389941527,0.0010479254879232941,0.7969887339620848,0.057913175887804896,-0.0017632931021200771,-0.011201097490763035,0.055218046529375404,1.0,0.44739205727664033,0.660195079900785,55.36568392179406,55.371017082753056,55.36558318285742,55.37103053933214
591.0,20.96,2.100407112779145,0.027620179317747115,1.0001261709411027,0.00662602744874729,-0.009391996844675893,-9.913260404226235e-05,-0.0008528051727196329,0.0010254191095581846,0.7987950354822432,0.05644623633982086,-0.0014634353810614783,-0.010910372129060434,0.05381173866606852,1.0,0.4474731938219327,0.6604071127791449,55.365817636531524,55.37095838540211,55.365569585835594,55.37096682766002
592.0,20.992,2.100620192936904,0.02733299215933729,1.0001230774654533,0.00665875492997236,-0.008974598700307014,-9.667111404432208e-05,-0.0007184683371541153,0.001001792160811078,0.8005554485767469,0.05501229822883611,-0.0011725034112340538,-0.010662824759275717,0.05244375279038351,1.0,0.4475439890456117,0.660620192936904,55.36595023915696,55.37089413410895,55.36556675750482,55.37089704430663
593.0,21.024,2.1008351001771475,0.027058053555414515,1.0001200636706928,0.006715851257610422,-0.00859183137258672,-9.418108626313418e-05,-0.0005857130295088184,0.0009765320663134234,0.8022711220688665,0.05361425752498554,-0.0008908335046082204,-0.010458157119185203,0.051116700490170114,1.0,0.4476047267440454,0.6608351001771475,55.36608178199127,55.3708261240442,55.36557414672056,55.37082003280689
594.0,21.056,2.101052595878586,0.02679425724118206,1.000117130123902,0.006796740669959272,-0.00824363481976425,-9.167333721304952e-05,-0.00045507293194869784,0.0009491852436045936,0.803943292281154,0.05225485540360536,-0.0006188788524088187,-0.010295849774680177,0.04983301568907014,1.0,0.44765570604858074,0.6610525958785862,55.36621267776367,55.37075606494102,55.36559079739439,55.370734769075185
595.0,21.088,2.101273415809405,0.02654049910633837,1.0001142770659217,0.00690062283809078,-0.007929941713865244,-8.915806188475309e-05,-0.0003270667626246364,0.0009193625247099947,0.8055732777211785,0.05093666579883141,-0.0003572008742907607,-0.010175162626762099,0.04859494579689467,1.0,0.4476972458008629,0.6612734158094051,55.366343578513096,55.370685446380065,55.36561547581539,55.370640487956166
596.0,21.12,2.101498263500511,0.02629567775397343,1.0001115044328133,0.007026490347061814,-0.007650667261404431,-8.664478463871187e-05,-0.00020221488911790602,0.0008867405896110075,0.8071624734374977,0.04966208491498845,-0.00010645980541166677,-0.010095134556243675,0.04740454382392847,1.0,0.44772968833005566,0.6614982635005111,55.36647520181955,55.37061542922849,55.365646848801894,55.3705367857572
597.0,21.152,2.1017278040654706,0.02605869551835548,1.000108811878474,0.007173142654984249,-0.007405694863060897,-8.414232310210981e-05,-8.105384260559669e-05,0.0008510599747398815,0.8087123450873802,0.048433322154433474,0.0001325955780425497,-0.01005458318484653,0.04626366086171765,1.0,0.44775340260743257,0.6617278040654706,55.36660813263554,55.3705467907077,55.36568368425289,55.37042367135161
598.0,21.184,2.1019626583448865,0.025828460033685535,1.000106198798154,0.0073391962317481615,-0.007194858895935785,-8.165875999693866e-05,3.585329589421481e-05,0.0008121208296731598,0.8102244227402063,0.04725239189013972,0.00035913948617908014,-0.01005210558798297,0.04517393842028547,1.0,0.4477687867889963,0.6619626583448865,55.36674264059218,55.3704799379001,55.36572503430192,55.37030155087342
599.0,21.216,2.1022033972668095,0.02560388639931959,1.0001036643527366,0.007523091310093759,-0.007017926073935742,-7.920141929795836e-05,0.0001479119928190253,0.0007697780053310967,0.8117002944244635,0.046121105544953356,0.0005722824051011344,-0.010086080484658727,0.04413680026246025,1.0,0.44777627018073074,0.6622033972668095,55.366878552312,55.370414984600714,55.365770361865316,55.37017115070657
600.0,21.248,2.102450536349973,0.025383899942799396,1.0001012074936881,0.007723096348860585,-0.006874576766256089,-7.677684526335986e-05,0.00025449724827289846,0.0007239371118929045,0.8131415994135062,0.04504106353699642,0.0007710865748672647,-0.010154672090991489,0.04315344356688144,1.0,0.44777631466935136,0.6624505363499731,55.367015204340674,55.37035186727954,55.36581958550404,55.37003340244563
601.0,21.28,2.102704530326518,0.02516743954747441,1.0000988269885596,0.00793731176702838,-0.006764387353905813,-7.439078526794145e-05,0.00035495991466198516,0.0006745528434837496,0.8145500212369918,0.044013646798773544,0.0009545838479686677,-0.01025583558350397,0.042224829450542595,1.0,0.44776941565312844,0.662704530326518,55.367151479772055,55.37029046593374,55.36587304018271,55.369889323413936
602.0,21.312,2.1029657679159417,0.02495346149080229,1.0000965214468338,0.008163674669492409,-0.006686814271003696,-7.204817892986208e-05,0.000448637079405178,0.0006216302309144993,0.8159272804016291,0.04304000775366171,0.0011217958400302382,-0.01038732404127506,0.04135167305821225,1.0,0.44775610248566255,0.6629657679159418,55.36728590981517,55.37023069853749,55.365931373353284,55.36973992341277
603.0,21.344,2.1032345668324592,0.024740943732838517,1.0000942893458105,0.008399966141173214,-0.00664117993636793,-6.975315697960165e-05,0.0005348649336990612,0.0005652287521311384,0.8172751268065319,0.042121060809600055,0.001271756051719716,-0.010546696800873239,0.04053443355671679,1.0,0.44773693841668516,0.6632345668324593,55.36741680880939,55.37017257103752,55.365995408454516,55.36958615523792
604.0,21.376,2.1035111691463744,0.02452889059864167,1.0000921290561102,0.00864382230984783,-0.006626660443651504,-6.750905313240846e-05,0.0006129926379122862,0.0005054686103599629,0.818595331844355,0.04125747258127199,0.0014035335074101011,-0.01073132929455042,0.03977330444761235,1.0,0.4477125199854153,0.6635111691463744,55.36754241074326,55.3701161812323,55.36606600821667,55.369428910262265
605.0,21.408,2.1037957371426983,0.024316337808015984,1.0000900388663139,0.008892749885122666,-0.006642274707052627,-6.531843113610764e-05,0.0006823960533642726,0.0004425381165956584,0.819889680188609,0.04044965216208892,0.0015162574169500379,-0.01093842457010683,0.03906820463569063,1.0,0.447683475800098,0.6637957371426983,55.36766098434975,55.370061687606544,55.36614396096345,55.369269047812246
606.0,21.44,2.1040883498271445,0.02410235781580465,1.0000880170062234,0.00914414638894522,-0.006686874756604165,-6.318312782693786e-05,0.000742490664970236,0.000376701014444091,0.8211599612788685,0.039697741830459855,0.0016091423848973987,-0.01116502676025195,0.03841877067582386,1.0,0.44765046462604885,0.6640883498271446,55.367770916465055,55.37000925977329,55.366229900318395,55.36910744162869
607.0,21.472,2.10438900022349,0.023886065431839236,1.0000860616682494,0.00939532488579419,-0.006759136998919209,-6.110431168687697e-05,0.0007927434234190252,0.0003083027039610755,0.8224079605280047,0.03900160859544018,0.001681513724879965,-0.011408036768143483,0.03782435058251601,1.0,0.4476141727049852,0.66438900022349,55.3678707641796,55.369959026185626,55.366324257751515,55.36894502779718
608.0,21.504,2.104697593590916,0.02366662368963665,1.0000841710264985,0.009643542732057355,-0.006857554443830772,-5.908255471670504e-05,0.0008326835097485078,0.0002377745609971089,0.8236354502880587,0.03836083697540834,0.0017328324556618322,-0.011664230376380733,0.03728399953928127,1.0,0.4475753102396132,0.6646975935909158,55.36795928265969,55.369911030090485,55.36642724096185,55.368782843275575
609.0,21.536,2.1050139466690903,0.023443249926842092,1.0000823432532155,0.009886033692951815,-0.0069804300873299654,-5.711791509210857e-05,0.0008619121558931073,0.00016563582050284527,0.8248441806233852,0.03777472337269345,0.0017627195517333086,-0.01193027889516658,0.0367964777980919,1.0,0.4475346069970049,0.6650139466690903,55.36803543740949,55.36986519920815,55.36653882916349,55.36862204966323
610.0,21.568,2.1053377880352913,0.023215222029330844,1.0000805765323477,0.010120042693781408,-0.0071258717972264955,-5.521002711950102e-05,0.0008801116707967232,9.249273672056481e-05,0.8260358699507461,0.03724227236733486,0.0017709789986361515,-0.0122027723622173,0.03636025101737077,1.0,0.44749280700952654,0.6653377880352913,55.368098408604546,55.369821330290385,55.366658777464984,55.36846394117901
611.0,21.6,2.1056687596336436,0.022981884776498058,1.0000788690701075,0.010342862448511894,-0.007291789151024559,-5.3358195008235085e-05,0.0008870537668152628,1.9034924504171925e-05,0.8272121956160748,0.03676219521250244,0.0017576191734111173,-0.01247824520707503,0.03597349325085881,1.0,0.4474506623804793,0.6656687596336437,55.36814759270689,55.3697790870949,55.36678662496054,55.36830993841912
612.0,21.632,2.1060064195124557,0.022742656209383136,1.0000772191025173,0.010551871212877142,-0.007475892722341307,-5.156148719098747e-05,0.0008826071958494867,-5.3971077278886614e-05,0.828374784486539,0.036332910775900056,0.0017228720443276382,-0.012753204201013748,0.035634092767321185,1.0,0.4474089262312256,0.6660064195124558,55.36818260407982,55.3697380092369,55.366921703654555,55.3681615705318
613.0,21.664,2.1063502457820493,0.022497033927500604,1.0000756249000222,0.010744570924800512,-0.007675696308829121,-4.981882797266963e-05,0.0008667446175332702,-0.00012569088583939183,0.8295252036443777,0.035952549136324716,0.0016672096716268594,-0.013024158434077896,0.03533966084959732,1.0,0.4473683448559173,0.6663502457820494,55.368203277396454,55.36969752922743,55.367063147271345,55.36802044858727
614.0,21.696,2.1066996417823245,0.02224460120587854,1.0000740847693363,0.01091862500859907,-0.00788852255068951,-4.8129083933534615e-05,0.0008395485496458996,-0.00019523379897887084,0.8306649512757451,0.035618958011598145,0.0015913574959576142,-0.01328765098946567,0.03508754368784774,1.0,0.44732964917803714,0.6666996417823245,55.36820967039132,55.36965699538132,55.36720990024956,55.36788823255458
615.0,21.728,2.1070539424265253,0.0219850328118145,1.0000725970527664,0.011071895131276033,-0.008111512314501244,-4.649114281052298e-05,0.0008012162006924963,-0.0002616665162188701,0.8317954478533597,0.03532971216061375,0.0014963039273663374,-0.013540291923668443,0.03487483744377453,1.0,0.4472935456290462,0.6670539424265254,55.3682020658813,55.369615698690446,55.367360727836704,55.367766593894906
616.0,21.76,2.1074124216651815,0.021718100391950625,1.0000711601253065,0.011202476208005397,-0.008341638120746049,-4.490398312212425e-05,0.0007520629580525745,-0.00032402876766258326,0.8329180277160166,0.035082125866400075,0.0013833057937148547,-0.013778792105763271,0.034698406518384114,1.0,0.4472607065929527,0.6674124216651816,55.36818097175993,55.369572902164634,55.36751422840794,55.367657175395294
617.0,21.792,2.1077743009920793,0.021443677294925426,1.0000697723898384,0.011308728965556115,-0.008575721782037483,-4.336673337795856e-05,0.0006925243008355805,-0.0003813505233355858,0.8340339311507599,0.03487326856658099,0.0012538892729694624,-0.013999997423165374,0.034554905005009504,1.0,0.44723176058106245,0.6677743009920794,55.36814711773082,55.369527871368625,55.367668849057104,55.367561549665574
618.0,21.824,2.1081387588925584,0.021161742693387366,1.0000684322707982,0.011389309389972502,-0.008810456298064366,-4.1878720005716873e-05,0.0006231559223452052,-0.0004326704189580144,0.8351442970844519,0.03469998365169978,0.0011098460159245553,-0.014200922824083625,0.03444080125201869,1.0,0.44720728231809237,0.6681387588925585,55.36810144773599,55.36947990502859,55.367822905296144,55.367481177602265
619.0,21.856,2.1085049411137673,0.02087238487171493,1.0000671382066806,0.011443194412777403,-0.0090424319272636,-4.043950367627055e-05,0.0005446318801727039,-0.0004770549994597742,0.836250156490454,0.034558910399570694,0.000953224261851772,-0.014378785640867336,0.03435240539679935,1.0,0.4471877829337752,0.6685049411137673,55.36804510730808,55.36942836462788,55.367974605410794,55.36741736810208
620.0,21.888,2.108871971617201,0.02057580355240746,1.0000658886417533,0.011469703232305773,-0.009268166228358429,-3.904890397837809e-05,0.0004577406399603521,-0.0005136183510248847,0.8373524266128448,0.03444650895599138,0.000786314856384451,-0.014531037625800627,0.034285899665959095,1.0,0.44717370046265326,0.6688719716172011,55.36797942538182,55.36937270191483,55.36812207969872,55.36737124032585
621.0,21.92,2.1092389640564218,0.02027231114469183,1.0000646820173487,0.011468513725645935,-0.009484137741113462,-3.770701264421691e-05,0.0003633789393018314,-0.0005415416686924015,0.8384519061049586,0.034359088209418305,0.0006116321950002963,-0.014655395133316899,0.03423737116826044,1.0,0.44716539085858953,0.6692389640564218,55.367905890413496,55.36931248325358,55.368263414493995,55.367343689818554
622.0,21.952,2.1096050336078793,0.019962332813203493,1.0000635167630831,0.011439673483049074,-0.009686822859010484,-3.641419579758495e-05,0.00026254346860130274,-0.0005600922920508859,0.8395492711709225,0.0342928363414329,0.0004318902328495156,-0.01474986690136153,0.03420284683909658,1.0,0.44716311972936523,0.6696050336078794,55.36782612096849,55.369247409784805,55.36839669056931,55.367335359762336
623.0,21.984,2.10996930897083,0.01964640528228962,1.0000623912883402,0.011383605092202254,-0.009872735341058505,-3.5171085717433625e-05,0.00015632044311758496,-0.0005686417387229717,0.8406450727883263,0.03424385376800372,0.0002499738193844671,-0.014812778921899715,0.034178330131142326,1.0,0.4471670549904121,0.6699693089708298,55.36774183123878,55.36917733242138,55.36852002521176,55.36734661857661
624.0,22.016000000000002,2.1103309443440117,0.01932517431206234,1.0000613039743342,0.011301105411934399,-0.010038467819602574,-3.397856268572139e-05,4.587322214490066e-05,-0.0005666822759501396,0.8417397350773027,0.034208188121105744,6.890572962144938e-05,-0.014842795945478326,0.03415983898798378,1.0,0.44717726062526475,0.6703309443440117,55.3676547922159,55.36910226084923,55.36863161702013,55.36737754491929
625.0,22.048000000000002,2.110689131182523,0.018999390805196466,1.0000602531670544,0.011193338703474599,-0.010180734589558486,-3.283772749551603e-05,-6.757178609615108e-05,-0.0005538415956333758,0.8428335548663928,0.034181870858981646,-0.00010819012983547503,-0.014838939238373811,0.034143444588873084,1.0,0.44719369172383755,0.6706891311825229,55.36756678948017,55.3690223658706,55.36872979226212,55.36742792095213
626.0,22.080000000000002,2.111043109538652,0.018669905527907267,1.0000592371713717,0.01106182362903273,-0.010296414915287473,-3.174986508425179e-05,-0.000182740614967796,-0.0005298951980005575,0.8439267024889133,0.034160955038815256,-0.0002781287661799215,-0.014800600301875005,0.034125310316094844,1.0,0.44721619094847365,0.671043109538652,55.36747957873962,55.36893797466695,55.368813051492154,55.36749723445571
627.0,22.112000000000002,2.1113921787955583,0.01833766245376154,1.0000582542465815,0.010908414278323886,-0.010382596067053966,-3.0716399694596914e-05,-0.00029832823174219834,-0.0004947761428174146,0.8450192238256242,0.03414155374080536,-0.00043770674123654214,-0.014727550369820314,0.034101730374002895,1.0,0.44724448655236876,0.6713921787955583,55.36739484035619,55.368849558845305,55.36888011507042,55.367584690048524
628.0,22.144000000000002,2.111735707612854,0.018003690764112082,1.0000573026036375,0.01073527554049102,-0.010436615301545552,-2.9738842000082117e-05,-0.0004130155722989012,-0.0004485818929519066,0.8461110435908085,0.03411987859993464,-0.0005837466848075167,-0.014619945621177815,0.034069167482696505,1.0,0.4472781920460905,0.6717357076128541,55.36731413412836,55.36875771543918,55.368929966246164,55.3676892294043
629.0,22.176000000000002,2.1120731429183635,0.017669095563116844,1.0000563804043283,0.010544853297170245,-0.010456100031101173,-2.88187284105956e-05,-0.0005254866044935932,-0.0003915780505318941,0.847201969839982,0.03409227788345062,-0.0007131429069864269,-0.014478328176443572,0.03402428908105297,1.0,0.4473168075762786,0.6720731429183635,55.367238855539064,55.368663141377716,55.36896189058603,55.367809559956974
630.0,22.208000000000002,2.112404017800514,0.017335047387635895,1.0000554857626334,0.01033984006720833,-0.010439005483779653,-2.7957552967139397e-05,-0.0006344448661137956,-0.00032419886711769524,0.8482916996589677,0.03405527355014113,-0.000822907301975948,-0.014303623086375675,0.03396400150426486,1.0,0.44735972304711397,0.6724040178005142,55.36717019453035,55.36856660230419,55.368975510743205,55.36794419115288
631.0,22.240000000000002,2.1127279581807175,0.017002770611968098,1.0000546167484818,0.010123136881354236,-0.01038364923961864,-2.715669223524173e-05,-0.0007386288986870416,-0.0002470444916427679,0.8493798259766058,0.03400559674312292,-0.0009102147170456151,-0.014097131666061921,0.03388548165042335,1.0,0.44740622298072136,0.6727279581807175,55.36710909764415,55.36846889699728,55.36897081585196,55.36809147686963
632.0,22.272000000000002,2.113044688174404,0.016673530863668025,1.0000537713941189,0.009897812302706024,-0.010288742134377278,-2.641732384234261e-05,-0.0008368259906433143,-0.00016087499794196212,0.85046584542748,0.03394022120187966,-0.0009724469534097401,-0.0138605216724386,0.03378620571877831,1.0,0.44745549307825966,0.6730446881744041,55.36705623408732,55.36837081905998,55.3689481851852,55.368249662144954
633.0,22.304000000000002,2.1133540340826125,0.01634862157898586,1.000052947703253,0.009667059631512922,-0.010153415146317646,-2.574033956120878e-05,-0.0009278836536211698,-6.660130144308261e-05,0.8515491671773052,0.03385639413184184,-0.0010072345671870838,-0.013595814962701614,0.033663974687903934,1.0,0.4475066284099425,0.6733540340826125,55.36701196596511,55.36827311803632,55.368908406095194,55.36841693179975
634.0,22.336000000000002,2.113655926992755,0.01602934983440614,1.0000521436631187,0.009434153441956186,-0.009977242018116249,-2.5126254195317864e-05,-0.0010107182853322538,3.4726875168581735e-05,0.8526291226125101,0.033751664140439994,-0.0010124956402733252,-0.013305373399584559,0.033516936303647715,1.0,0.44755864313035154,0.6736559269927551,55.366976322683705,55.3681764626919,55.36885268656774,55.36859145790671
635.0,22.368000000000002,2.11395040400683,0.015717021594185202,1.0000513572595289,0.009202406689848277,-0.009760257506904289,-2.4575112181346428e-05,-0.0010843205241970757,0.0001419358017462438,0.8537049757874673,0.03362390593603097,-0.0009864706859863933,-0.012991883874408713,0.0333436034621112,1.0,0.44761048158572253,0.6739504040068303,55.366948979407134,55.36808141004395,55.36878266289866,55.36877144215752
636.0,22.400000000000002,2.11423760815746,0.01541292651288645,1.0000505864949139,0.008975129707183829,-0.009502971290585974,-2.408639421941359e-05,-0.0011477568805852982,0.0002537451274980012,0.8547759345181462,0.03347134158888231,-0.0009277528308026667,-0.012658343386942782,0.03314286899923675,1.0,0.4476610306526313,0.6742376081574601,55.36692923973029,55.36798838483889,55.368700402778366,55.36895514802834
637.0,22.432000000000002,2.11451778711614,0.01511832242729363,1.000049829409247,0.0087555924587479,-0.00920637767477566,-2.3658927088276973e-05,-0.0012001673481538738,0.000368787723430695,0.8558411620099244,0.03329255826910709,-0.000835312362617917,-0.012308045124608105,0.03291401703220216,1.0,0.4477091331226109,0.6745177871161401,55.36691602364615,55.36789767581828,55.36860840319904,55.36914091597453
638.0,22.464000000000002,2.114791290843509,0.014834419664901833,1.0000490841036207,0.00854699148028492,-0.008871961324743627,-2.329080082269506e-05,-0.0012407588769016678,0.00048563194219135015,0.8568997889100964,0.03308652250184303,-0.0007085146479959984,-0.011944566386406816,0.03265673113424256,1.0,0.44775360192412306,0.6747912908435092,55.36690786404899,55.36780945721008,55.36850958047152,55.36932715278083
639.0,22.496000000000002,2.1150585683775325,0.014562365288330058,1.000048348766082,0.008352422938229236,-0.008501699267867946,-2.2979298082426138e-05,-0.001268794861191484,0.0006028063960873306,0.8579509256823665,0.03285259111159781,-0.000547130299728949,-0.011571758936924498,0.03237109975738068,1.0,0.4477932349509733,0.6750585683775325,55.36690291912426,55.36772384643494,55.36840724554125,55.369512283647424
640.0,22.528,2.115320164001138,0.014303227389303447,1.0000476216991283,0.008174863237676367,-0.008098059344582497,-2.2720842304815586e-05,-0.0012835812146362712,0.00071882752641623,0.8589936752112901,0.032590519159956595,-0.000351336345216665,-0.011193741871698356,0.03205761943808711,1.0,0.44782683024313846,0.6753201640011381,55.36689901519472,55.367641011176815,55.368305050573056,55.36969465347843
641.0,22.56,2.115576713074004,0.014057979546354916,1.0000469013480162,0.00801715852706552,-0.007663995092141585,-2.2510972252920404e-05,-0.0012844502445211294,0.0008322304021886905,0.8600271455591554,0.032300465306891284,-0.00012170707835054782,-0.010814896219660385,0.031717196415887196,1.0,0.4478532012401764,0.6755767130740042,55.366893745942605,55.367561338945336,55.36820688137726,55.369872363938555
642.0,22.592,2.1158289378500155,0.013827485572506263,1.000046186328727,0.007882024250352442,-0.007202936682770393,-2.2344352784697798e-05,-0.0012707444922355558,0.0009416032520832851,0.8610504628158382,0.03198299513506256,0.00014080657498926306,-0.010439859198073588,0.031351147344689335,1.0,0.4478711917970173,0.6758289378500155,55.36688466971677,55.36748567590551,55.36811665437027,55.37004303934302
643.0,22.624,2.116077643625486,0.013612484709573776,1.0000454754540602,0.00777205548345427,-0.00671877696664023,-2.2214833340916653e-05,-0.0012418040487741332,0.0010456260211419161,0.8620627840030819,0.031639083053291266,0.0004349097133910561,-0.010073514237029155,0.030961199752115063,1.0,0.4478796906160723,0.6760776436254861,55.36686966393596,55.36741562183499,55.36803795928307,55.370203534588754
644.0,22.656,2.116323715561845,0.013413577481425869,1.000044767755893,0.007689748011213686,-0.006215850879622079,-2.2115567724356724e-05,-0.0011969625646178854,0.0011431124526604056,0.8630633100172019,0.03127011341673023,0.0007590071549964566,-0.009720970789845594,0.0305494927628817,1.0,0.44787764471003977,0.6763237155618449,55.36684750391892,55.3673538244489,55.36797348022006,55.370349642305484
645.0,22.688,2.1165681164816683,0.013231212504405348,1.0000440625011862,0.007637528744483528,-0.005698905531891272,-2.2039209589264066e-05,-0.0011355589675993765,0.0012330534058423836,0.8640512986159165,0.03087788143447292,0.0011112543636237334,-0.009387526178368395,0.030118578297552445,1.0,0.44786407147416724,0.6765681164816684,55.36681870834363,55.3673041413426,55.3679241523416,55.370475931890326
646.0,22.72,2.116811885823178,0.013065674666888048,1.0000433591988918,0.007617791922182031,-0.00517305742241564,-2.1978196700078702e-05,-0.0010569729764476528,0.0013146559260041322,0.8650260774713746,0.030464594237469243,0.0014896075791397752,-0.009078601613431998,0.02967142243653411,1.0,0.4478380689327185,0.6768118858231782,55.36678659410264,55.367271442148656,55.367888110227916,55.370575949385646
647.0,22.752,2.117056139726369,0.012917075213628526,1.0000426575947114,0.007632934474713353,-0.004643732914360033,-2.192513063464794e-05,-0.0009606912840535087,0.0013873680107427658,0.865987057314776,0.03003287210400879,0.0018918604329641099,-0.008799647990152749,0.029211405875737603,1.0,0.44779882376406077,0.677056139726369,55.36675826966972,55.367260765972986,55.36785969679882,55.37064306540864
648.0,22.784,2.1173020718933273,0.012785344360530408,1.000041957650895,0.0076853802174481275,-0.004116589159316191,-2.187324426444757e-05,-0.0008464056042082938,0.0014508743091673315,0.8669337451768782,0.0295857492529482,0.002315651842037571,-0.008556025571167884,0.028742321445648766,1.0,0.4477456168485464,0.6773020718933274,55.36674499213705,55.36727565886087,55.36782910473777,55.37067214924314
649.0,22.816,2.117550954429248,0.012670227047991848,1.000041259509296,0.007777579247525417,-0.0035974160168300174,-2.1816924967998898e-05,-0.0007141320671595734,0.0015050464685712449,0.8678657576705087,0.029126672832369454,0.0027584338378391364,-0.008352874016701362,0.028268365712336107,1.0,0.44767782637190023,0.6775509544292482,55.36676110979904,55.36731594120954,55.367783425046355,55.37066182211599
650.0,22.848,2.1178041374098386,0.01257128222766914,1.0000405634379705,0.007911968143453622,-0.003092025635084605,-2.1752228920868235e-05,-0.0005643254949718933,0.0015498385511107087,0.8687828341599949,0.028659497866561797,0.0032174009692955237,-0.008194999253251354,0.02779412110228456,1.0,0.4475949289718591,0.6778041374098387,55.36682109288385,55.36737585627348,55.36770959683895,55.370616340506416
651.0,22.88,2.1180630456025544,0.012487885616343316,1.0000398697646153,0.008090881022368428,-0.0026061441039320135,-2.1677292350030776e-05,-0.0003979497777932917,0.001585136269533737,0.8696848495323407,0.028188475226090956,0.00368940140410321,-0.008086801948498876,0.02732452527943765,1.0,0.4474964999727987,0.6780630456025545,55.36693520137663,55.36744403804884,55.36759870775813,55.37054567087254
652.0,22.912,2.1183291708083285,0.012419235203697272,1.0000391788034133,0.008316412680439693,-0.0021453253951888743,-2.159253756350841e-05,-0.00021646923191935414,0.0016105942655545535,0.8705718261682032,0.027718229514374557,0.004170862058545412,-0.00803225432984243,0.02686482599352206,1.0,0.44738221422949426,0.6783291708083286,55.36710571703318,55.36750621573718,55.367449719412264,55.37046283479167
653.0,22.944,2.1186040588250417,0.0123643581902454,1.0000384907840631,0.008590250522286229,-0.0017149066703709864,-2.1500604692470373e-05,-2.1752344046830783e-05,0.0016255130491519493,0.8714439446625888,0.027253724466147145,0.004657754204836353,-0.008034906826622567,0.026420522139775013,1.0,0.4472518492390624,0.6786040588250417,55.36732607121326,55.367549866810286,55.367270291628536,55.37037930533699
654.0,22.976,2.1188892909719366,0.01232211776602537,1.000037805791667,0.008913504590465906,-0.0013200132568759232,-2.140601237932136e-05,0.00018408175055347256,0.0016287996070324124,0.8723015528943732,0.02680021512294316,0.005145603805538065,-0.008097892157705613,0.02599729446057686,1.0,0.4471052917985202,0.6788892909719366,55.367583675706136,55.36756839834924,55.36707390653513,55.37030086654149
655.0,23.008,2.119186461104138,0.01229121841545633,1.0000371237234336,0.00928656663129467,-0.0009656047052824983,-2.131463229526618e-05,0.00039881771183975027,0.0016190222115955758,0.873145173163682,0.026363188299779915,0.00562952926107963,-0.008223902280058976,0.025600930987716607,1.0,0.44694254865295213,0.679186461104138,55.367864791226445,55.36756259515831,55.366874965687764,55.37022619100414
656.0,23.04,2.1194971496684745,0.012270209158927459,1.0000364442639509,0.009709017635514674,-0.0006565392665272405,-2.1233108833673666e-05,0.0006202485705041827,0.0015945317394041555,0.873975507246532,0.025948294834877542,0.006104283871820754,-0.008415134071204568,0.0252372522145355,1.0,0.44676376062822126,0.6794971496684745,55.36815861813306,55.36753903818494,55.36668467995515,55.37014843038465
657.0,23.072,2.119822896399451,0.012257484984065396,1.0000357668769604,0.010179585343023092,-0.0003976304644394604,-2.1168343453115115e-05,0.0008462102166841583,0.001553603835441575,0.8747934393140829,0.025561277964451918,0.006564290420469332,-0.008673215501293775,0.02491203930844954,1.0,0.4465692190588931,0.6798228963994513,55.368458876553206,55.36750706451858,55.36650948414906,55.3700582508077
658.0,23.104,2.120165172846946,0.012251287339796491,1.0000350908094684,0.010696138984217498,-0.00019367638340328231,-2.1127109124663403e-05,0.0010745574729411666,0.0014945648120995659,0.8756000367249386,0.025207901608811836,0.007003668712120776,-0.00899912730874953,0.02463096638128004,1.0,0.44635938309390694,0.6801651728469462,55.36876307724643,55.36747610381478,55.36635177026031,55.369946484602096
659.0,23.136,2.1205253553677887,0.012249704822151765,1.0000344151038403,0.01125570377633055,-4.945367639767706e-05,-2.1115800878657145e-05,0.001303108965663887,0.0014158858079226066,0.8763965487337627,0.02489388083277835,0.007416264283299352,-0.009393129971863094,0.024399535921247016,1.0,0.44613489660973693,0.6805253553677888,55.36907074741408,55.367454249653925,55.366211668921544,55.36980554632782
660.0,23.168,2.120904698763375,0.012250675138589158,1.0000337386145244,0.011854481112072424,3.0322388668534123e-05,-2.1140291121823897e-05,0.0015295865003202562,0.0013162480627851472,0.877184403171113,0.024624815011751483,0.010018572102387924,-0.007996896790911789,0.024223015456321415,1.0,0.4458966037684336,0.6809046987633751,55.34605639001992,55.62816562381277,55.38941409536,55.108912059788885
661.0,23.2,2.121304310737179,0.012251989253435848,1.000033171228887,0.01248787418137164,4.106608895906163e-05,-1.7730801167570292e-05,-0.00015496141388537016,0.003477570767271742,0.8779616220676919,0.02424161701343554,0.010475778861448737,-0.008426639208188959,0.02411138457133466,1.0,0.4456455624060468,0.681304310737179,55.38742716952737,55.170683699813864,55.348553088099166,55.565817487581086
662.0,23.232,2.121725037978221,0.01228117715195938,1.000032619845821,0.013147726282566873,0.0009121218288603612,-1.7230720815442063e-05,-0.0004086144771687045,0.0038950382107622136,0.8787319331365162,0.02407573446654446,0.011533265782228592,-0.008256710238441408,0.02400760015516219,1.0,0.445359781878768,0.6817250379782211,55.37865082534536,55.36876310964307,55.35744921704975,55.367609469997575
663.0,23.264,2.1221675731084177,0.012343109691625425,1.0000320031028032,0.013829222818645391,0.001935391864563909,-1.9273219305226946e-05,-0.0007520441447921113,0.004232039391746797,0.879500989581891,0.024038924951327173,0.01270453779952813,-0.008000371243905409,0.023896109158392173,1.0,0.4450350231561041,0.6821675731084178,55.372488073860254,55.36828993561399,55.363485124424116,55.36825452584212
664.0,23.296,2.122631391312705,0.012442611186576679,1.0000313091755457,0.014494318883978551,0.0031094217172266754,-2.1685226794798653e-05,-0.0011317536338360217,0.004533080865807486,0.8802674733972848,0.023961241418908274,0.013961392792545973,-0.007636178541927859,0.023768224598289082,1.0,0.444667836237562,0.6826313913127051,55.372512491763885,55.367338074183735,55.36338828414898,55.3693347690116
665.0,23.328,2.1231154494339686,0.012584458763505097,1.0000305262969966,0.015126816289484632,0.004432736779013081,-2.4464954659353368e-05,-0.0015400801518288623,0.0047895122355720654,0.8810305391872569,0.02385623280122282,0.015292274807995386,-0.007157656270352403,0.02361339833262757,1.0,0.444255122161416,0.6831154494339686,55.372412111303056,55.36656920553735,55.36342271574845,55.37023695938853
666.0,23.36,2.1236181902383247,0.012773265154158197,1.000029643094817,0.015710650136127588,0.005900199707909365,-2.7600068112920682e-05,-0.0019697832129594757,0.004995160345992968,0.8817893597294081,0.023724101530042892,0.01668413929804024,-0.006560841377880879,0.023420075894086165,1.0,0.44379422150086234,0.6836181902383247,55.37213386903499,55.36583828244515,55.363618105069584,55.37112979420325
667.0,23.392,2.1241375595957703,0.013013383421830744,1.000028649061537,0.01623029242017736,0.007503695864767073,-3.1063539997211426e-05,-0.0024124525669570068,0.00514540030504214,0.8825429187860585,0.023558650356092545,0.018123095434195144,-0.005843760419214064,0.023176191453804357,1.0,0.44328297839067915,0.6841375595957704,55.37168942072221,55.365184996188894,55.363951034534445,55.37198529467691
668.0,23.424,2.124671042922917,0.013308816304166079,1.000027535031393,0.016671353973332623,0.00923227757297921,-3.4813442004177874e-05,-0.0028589210909793,0.005237285888623198,0.8832899048768627,0.02335048957553162,0.01959473157137069,-0.005006484342700602,0.022869558610692772,1.0,0.4427197897268097,0.684671042922917,55.37109730131722,55.36464240232941,55.364397178227236,55.37277580107441
669.0,23.456,2.125215718499218,0.013663133893076832,1.0000262936411275,0.01702111175941322,0.011072424653461031,-3.879344579599261e-05,-0.003299680715413879,0.005269620801881294,0.884028657663839,0.023088709718006365,0.02108440699021449,-0.004051133761397204,0.022488213056055903,1.0,0.4421036381619373,0.6852157184992183,55.370383950133395,55.36423349371608,55.364927611894906,55.373480054960034
670.0,23.488,2.125768324847536,0.014079402923027026,1.0000249197513602,0.01726894838492697,0.013008407185943543,-4.293405522770573e-05,-0.0037252822120240866,0.005242913719295876,0.8847571445362798,0.022761829886085067,0.02257753101604356,-0.0029818455777995377,0.022020726805579205,1.0,0.44143410806145245,0.6857683248475359,55.36957965402156,55.36397152966645,55.36551160473886,55.374084141416
671.0,23.52,2.1263253387370478,0.014560129920078935,1.0000234108080124,0.017406684047246976,0.015022718657872138,-4.7154479619615456e-05,-0.004126688919876176,0.005159242203266301,0.885472956995158,0.022358400443535487,0.0240598281123612,-0.0018047033561910987,0.021456497281631192,1.0,0.4407113847023812,0.6863253387370478,55.3687153566951,55.36386106147469,55.36611919355483,55.374581101422855
672.0,23.552,2.126883060131243,0.015107219445576359,1.000021767127141,0.017428793568599596,0.017096547671794485,-5.136502723157572e-05,-0.004495566973595713,0.005022054374325622,0.8861733218771495,0.021867434648695065,0.025517586037278384,-0.0005276319509679717,0.020786008163460143,1.0,0.43993623787504005,0.686883060131243,55.36782050938481,55.36389944472312,55.366723007831325,55.374969778433965
673.0,23.584,2.127437700493246,0.0157219477613175,1.0000199920907693,0.01733251131259826,0.019210259866910606,-5.546988661453418e-05,-0.004824506826602754,0.004835935031293531,0.8868551247525382,0.021278747162723446,0.026937882745085955,0.0008397426427741508,0.020001057432286442,1.0,0.43910999164828174,0.6874377004932462,55.36692181850793,55.364078473921055,55.36729932407002,55.37525342757864
674.0,23.616,2.127985471165694,0.016404951510402402,1.000018092245534,0.017117833513990974,0.021343867158903206,-5.9370163604799354e-05,-0.005107179012198175,0.004606357647032755,0.8875149436846297,0.02058323243167641,0.028308787149602572,0.002286265830471432,0.019094948673508427,1.0,0.43823448240736124,0.6879854711656939,55.36604265160874,55.364385895378604,55.36782851306978,55.3754384043326
675.0,23.648,2.1285226689652035,0.017156230461838774,1.0000160773000144,0.016787431234677172,0.023477467232386594,-6.296704748581789e-05,-0.005338431362794643,0.0043394377543543505,0.8881490917753179,0.019773095783623008,0.029619529253824606,0.003799455347989677,0.018062643073941897,1.0,0.4373120074219227,0.6885226689652035,55.36520286387234,55.36480669041515,55.36829508591636,55.37553307021227
676.0,23.68,2.1290457566005214,0.01797516298959516,1.0000139600204108,0.01634648860368569,0.02559164149238701,-6.616498761380368e-05,-0.005514336412773847,0.004041698121054364,0.8887536669314245,0.01884204164419431,0.030860636233059402,0.00536572526264854,0.016900871014265982,1.0,0.4363452662090652,0.6890457566005215,55.364418861561184,55.365324114760405,55.368687510173835,55.37554693949432
677.0,23.712,2.129551435993668,0.018860532718470033,1.0000117560277808,0.01580248103583147,0.02766780402733979,-6.887476968614463e-05,-0.005632197630651556,0.003719852273166213,0.889324607244923,0.017785420236426423,0.03202403248491463,0.00697062692773936,0.01560820343632261,1.0,0.43533729687268613,0.6895514359936681,55.3637037835441,55.365920525415014,55.368997911594995,55.37549003692451
678.0,23.744,2.1300367130303406,0.019810564639902137,1.0000094835033395,0.015164907396017488,0.029688497544753247,-7.101638879042353e-05,-0.005690522347562721,0.003380610276546204,0.8898577503595503,0.016600333457192695,0.03310310314099743,0.008599100489947309,0.014185084183962847,1.0,0.43429140946146016,0.6900367130303406,55.36306773471173,55.366578037909115,55.36922172743993,55.37537242133545
679.0,23.776,2.130498952677996,0.020822968955356617,1.00000716281134,0.01444498898922618,0.03163763485795247,-7.25216249830573e-05,-0.005688968289622362,0.0030305089279946637,0.8903488952204555,0.015285700881650106,0.03409272188542952,0.01023573068715522,0.01263382528252761,1.0,0.4332111182174598,0.6904989526779959,55.36251803919172,55.36727905160465,55.36935734441044,55.37520383439399
680.0,23.808,2.130935923783067,0.021894990923504797,1.0000048160517596,0.013655347033472697,0.03350068650463057,-7.333623688876571e-05,-0.005628269714383873,0.0026757673303621733,0.8907938646742919,0.013842287390639358,0.03498924505432634,0.011865001107191379,0.010958567675283915,1.0,0.4321000743997654,0.690935923783067,55.36205949965045,55.36800667035515,55.369405735893345,55.37499344405007
681.0,23.84,2.131345833191571,0.02302346505512294,1.0000024665573293,0.012809669015748081,0.03526481661306698,-7.342170094820626e-05,-0.005510148362517398,0.0023221680007731783,0.8911885674972713,0.012272694470659295,0.03579047486989918,0.013471541694032228,0.009165210320183071,1.0,0.4309620011707193,0.691345833191571,55.36169465696072,55.36874503642427,55.369370104943684,55.37474966208204
682.0,23.872,2.1317273491302693,0.024204872104864106,1.0000001383513069,0.011922373084324856,0.03691897030441137,-7.27564382005385e-05,-0.005337213754328703,0.0019749630441234915,0.8915290585676757,0.010581317702010843,0.03649559530421254,0.01504036499663155,0.007261310807853571,1.0,0.42980063183155304,0.6917273491302693,55.36142404703113,55.36947958913276,55.36925553660647,55.374480022081464
683.0,23.904,2.1320796140393345,0.025435397442372283,0.9999978555837246,0.011008278408289319,0.038453916797130505,-7.133648694673804e-05,-0.005112856755603004,0.00163880443923498,0.8918115960564087,0.008774273306101999,0.037105084494820986,0.016557087396407988,0.005255960824229411,1.0,0.4286196524921061,0.6920796140393346,55.36124645179314,55.37019725605389,55.36906866272134,55.37419110838808
684.0,23.936,2.132402247263354,0.026710989538562335,0.9999956419645791,0.010082288250612406,0.039862253005939076,-6.917559829469615e-05,-0.004841139780434772,0.0013176970972783465,0.8920326946746636,0.006859296874864607,0.037620607880847694,0.018008132278447785,0.003159639873372533,1.0,0.42742265005853375,0.6924022472633542,55.36115914109355,55.370886582990096,55.36881734244942,55.37388852855884
685.0,23.968,2.1326953381869562,0.028027417469195497,0.9999935202125274,0.009159091362564977,0.0411383728322863,-6.630475161625843e-05,-0.004526686474267769,0.0010149730468736826,0.8921891741838246,0.004845617571062452,0.038044896321991095,0.01938091280369097,0.000984050715016438,1.0,0.42621306622526844,0.6926953381869563,55.361158102188035,55.37153780845539,55.368510361752065,55.37357692290889
686.0,24.0,2.1329594305462756,0.029380326510826407,0.99999151153709,0.008252886228729543,0.042278407550965895,-6.277110741956243e-05,-0.004174573222253042,0.0007332848707321522,0.8922782025331522,0.002743811185164661,0.03838161343228961,0.020663992577437788,-0.0012580600311769663,1.0,0.42499415796491974,0.6929594305462756,55.361238253930075,55.37214288839632,55.36815715466435,55.373260005063464
687.0,24.032,2.1331954987601933,0.030765291078190385,0.9999896351711457,0.007377131684929698,0.04328014273012426,-5.863643575895744e-05,-0.0037902243573253057,0.0004746163591363206,0.8922973331415553,0.0005656354768164996,0.03863521622758324,0.021847223084521028,-0.003553092699899296,1.0,0.42376896482408943,0.6931954987601934,55.36139364346902,55.37269547696881,55.36776754855217,55.37294062775924
688.0,24.064,2.1334049172084266,0.03217786442226055,0.9999879079686578,0.006544326507290637,0.04414291700219273,-5.3975077747569996e-05,-0.003379312503257872,0.00024030824865290055,0.8922445359782413,-0.0016761487729355545,0.038810812969730914,0.022921857268391965,-0.005886793466455796,1.0,0.4225402831560712,0.6934049172084267,55.36161762417905,55.37319086918646,55.3673515347282,55.37262086849488
689.0,24.096,2.1335894234400343,0.033613624670372835,0.9999863440801696,0.005765819737740813,0.04486750775350877,-4.887151525481688e-05,-0.0029476650850395,3.109687126987744e-05,0.8921182222220212,-0.003967967611502279,0.03891402180775837,0.02388063906821526,-0.008244458055846171,1.0,0.42131064725486067,0.6935894234400344,55.36190301448688,55.37362591110625,55.366919064957905,55.37230213011592
690.0,24.128,2.133751076328779,0.03506821694053813,0.9999849547157231,0.005051652773271904,0.04545600844266551,-4.341763895285285e-05,-0.0025011776762414333,-0.00015283646065637527,0.8919172623904205,-0.006295631351522242,0.0389508334787537,0.02471786909588447,-0.01061113715149966,1.0,0.4200823172006236,0.6937510763287791,55.362242238134485,55.3739988829346,55.3664798736159,55.371985252015705
691.0,24.16,2.1338922102041558,0.03653739139855445,0.999983748001601,0.004410433605522841,0.04591170181300983,-3.770981631817657e-05,-0.0020457345327858853,-0.00031180747493731993,0.8916409979279059,-0.00864453638192006,0.03892748095103554,0.025429446934974426,-0.012971840534186473,1.0,0.41885727308644,0.6938922102041558,55.362627447183584,55.37430936008397,55.36604332455781,55.3716706282665
692.0,24.192,2.134015385981741,0.038017037246640864,0.9999827289337909,0.0038492430495390383,0.04623893275270043,-3.1845869063323846e-05,-0.0015871363861314368,-0.00044656445049398575,0.8912892463285126,-0.010999868271962402,0.03885031847669003,0.02601289078088049,-0.015311737161763993,1.0,0.4176372151714487,0.6940153859817411,55.3630506296653,55.374558056823666,55.36561828122587,55.37135832962671
693.0,24.224,2.134123340296692,0.0395032127344505,0.999981899427457,0.0033735723422162437,0.04644298399405118,-2.592207293608537e-05,-0.001131035336159545,-0.0005582192327116486,0.8908622999430931,-0.013346803245803788,0.03872571207835072,0.02646733531978566,-0.017616348604372646,1.0,0.4164235693979848,0.694123340296692,55.3635037042725,55.3747466568299,55.36521299802976,55.37104822690664
694.0,24.256,2.1342189336122956,0.04099217136639324,0.9999812584581181,0.0029872911126160836,0.046529957248210574,-2.003029183836323e-05,-0.0006828764950814948,-0.0006481756891129985,0.89036091868653,-0.01567070528912421,0.03855994303141877,0.02679350887119116,-0.01987173347357611,1.0,0.41521749762137833,0.6942189336122957,55.363978604826414,55.37487763467104,55.36483503069327,55.370740113586464
695.0,24.288,2.134305098233701,0.042480384542569444,0.9999808022868252,0.002692644418919585,0.04650666175550623,-1.4255352905057072e-05,-0.0002478458880766589,-0.0007180574610656086,0.889786316916861,-0.01795731635547124,0.03835912542385132,0.026993690902236463,-0.02206466072261121,1.0,0.4140199118320156,0.6943050982337011,55.364467357491975,55.374954072129796,55.364491162967084,55.37043382579783
696.0,24.32,2.134384787107245,0.04396456091404048,0.9999805247585226,0.0024902772982476873,0.046380511608469906,-8.672759455041748e-06,0.00016917598520520068,-0.0007696367882643925,0.8891401448075221,-0.020192937364246284,0.038129138386480854,0.027071651072164478,-0.0241827699421425,1.0,0.41283149160111776,0.694384787107245,55.36496215383237,55.374979473285585,55.364187346914,55.37012935777236
697.0,24.352,2.1344609242296175,0.045441662756764034,0.9999804176601174,0.002379285074141644,0.04615943258511097,-3.346825164229902e-06,0.0005636555804142385,-0.0008047661056687238,0.8884244645769245,-0.02236459791901318,0.03787557309439234,0.02703257099308859,-0.026214717024855803,1.0,0.4116527039552713,0.6944609242296176,55.36545542279642,55.37495758250011,55.36392865386801,55.36982697058769
698.0,24.384,2.134536357429554,0.04690891967278607,0.9999804711226549,0.0023572874980198866,0.04585177862568859,1.6707042971297866e-06,0.0009314433901519514,-0.0008253140354769296,0.8876417219774478,-0.02446021291827146,0.037603694151869246,0.02688294991247528,-0.028150303816229648,1.0,0.4104838248806015,0.6945363574295542,55.36593990455171,55.374892209875426,55.36371923322389,55.36952729149199
699.0,24.416,2.134613814218419,0.04836383991306731,0.9999806740505187,0.002420524652019249,0.04546625750878864,6.341495745187936e-06,0.0012688072955938517,-0.0008331073143441596,0.8867947134795703,-0.02646872447457949,0.03731841450076922,0.02663049554780414,-0.0299805906017617,1.0,0.40932496167582616,0.6946138142184188,55.3664087286741,55.37478706939396,55.36356227647512,55.369231400264
700.0,24.448,2.1346958613351807,0.049804219584913434,0.9999810145597893,0.0025639723988113406,0.04501186474519139,1.0640914704929106e-05,0.0015724627092691085,-0.0008298800993905183,0.8858865496172644,-0.02838022779562155,0.037024282549934055,0.0262840013491389,-0.03169799049833328,1.0,0.40817607541409523,0.6946958613351808,55.366855498491184,55.374645635756416,55.36345998447283,55.36894089801846
701.0,24.48,2.134784868535686,0.05122814996016064,0.9999814804078621,0.0027814750157839603,0.04449782422647512,1.4557752274491062e-05,0.0018395998761030878,-0.0008172319727790821,0.88492061498874,-0.03018607990736801,0.036725479829674626,0.025853211545820955,-0.03329634501673275,1.0,0.40703700283590155,0.6947848685356859,55.36727438221837,55.37447102679921,55.363413536864684,55.36865795272129
702.0,24.512,2.1348829770953057,0.0526340230404292,0.9999820593971513,0.0030658924881216106,0.04393353375839239,1.8093415290326692e-05,0.0020679084888814087,-0.0007965957966233288,0.8839005254328677,-0.031878990311188946,0.03642582715497456,0.025348675459319993,-0.03477098024394911,1.0,0.4059074770782435,0.6948829770953058,55.36766020989552,55.37426591911262,55.3634230641177,55.36838531463165
703.0,24.544,2.1349920734073393,0.054020535466007144,0.9999827397371758,0.0034092597510498837,0.04332851329931082,2.1260625763380705e-05,0.0022555995111818348,-0.000769216337927812,0.8828300829266358,-0.03345309286194978,0.03612879706064147,0.024781592741620864,-0.036118743260801535,1.0,0.4047871467467397,0.6949920734073394,55.36800857294014,55.37403250478697,55.36348762451978,55.368126294268365
704.0,24.576,2.1351137679662453,0.055386690779201615,0.9999835103514934,0.003802954965811952,0.042692353537327185,2.408169742437736e-05,0.0024014237983056223,-0.0007361402663180954,0.8817132287729497,-0.03490399833381998,0.03583753017962794,0.02416365142443403,-0.03733801856908814,1.0,0.40367559295478134,0.6951137679662454,55.368315920505935,55.37377249669329,55.363605190965714,55.36788469571944
705.0,24.608,2.1352493799245096,0.056731799976129094,0.9999843611187553,0.0042378736957587836,0.04203466240398366,2.6586476936651925e-05,0.0025046867877196333,-0.0006982177079301927,0.8805539956706986,-0.03622882730886495,0.03555485329787629,0.023506860924308103,-0.03842872446132237,1.0,0.40257234408320924,0.6952493799245096,55.36857964404885,55.37348718790108,55.363772654890056,55.36766469964766
706.0,24.64,2.1353999273048077,0.058055480208607055,0.999985283040467,0.004704605634314736,0.04136500726493625,2.8810053488703664e-05,0.0025652582295720774,-0.000656115008704503,0.8793564592794262,-0.037426223186164106,0.0352832970500513,0.02282338241725897,-0.0393922894357622,1.0,0.40147688815041993,0.6953999273048077,55.36879813902573,55.37317756734174,55.3639858569462,55.36747069362859
707.0,24.672,2.135566122836195,0.059357651436445294,0.9999862683317492,0.005193610355849749,0.04069285086994494,3.079035256967064e-05,0.0025835756910008154,-0.0006103377274699636,0.8781246899075923,-0.03849634527567021,0.0350251116203739,0.022125359235487432,-0.040231608950175746,1.0,0.40038868281989565,0.6955661228361949,55.36897083129325,55.37284448846588,55.36423965514626,55.36730705267164
708.0,24.704,2.135748375266619,0.060638530786715404,0.9999873104353137,0.005695388450757672,0.04002747969594091,3.256573639226487e-05,0.0025606404475524602,-0.000561262175954912,0.8768627049641804,-0.03944084211995062,0.03478227935665572,0.02142475010603773,-0.040950983028535365,1.0,0.39930716320245613,0.6957483752666191,55.36909815633945,55.37248888064839,55.36452804038308,55.36717787970848
709.0,24.736,2.1359467958878366,0.061898624356899294,0.9999884039628024,0.0062006444130485675,0.03937792406824653,3.417273402098184e-05,0.0024980044216503707,-0.0005091731104461067,0.8755744228155287,-0.040262805388161835,0.03455652384372162,0.02073316810576413,-0.041556035490444794,1.0,0.3982317477257142,0.6959467958878367,55.369181482792094,55.37211198531471,55.36484430574887,55.36708672363539
710.0,24.768,2.136161209898007,0.0631387162084597,0.9999895445713769,0.00670043781782203,0.03875287036126281,3.564401795247415e-05,0.0023977470771434804,-0.0004543045481175834,0.8742636186800067,-0.04096670491649472,0.034349315641532166,0.020061728120880282,-0.042053615862912404,1.0,0.3971618424347446,0.696161209898007,55.369222978010846,55.37171559166638,55.365181269568204,55.36703629969835
711.0,24.8,2.1363911721280964,0.06435985433955081,0.9999907287867523,0.007186319690294368,0.038160566596597056,3.700673048209754e-05,0.0022624416365936645,-0.0003968802392244956,0.8729338831698735,-0.04155830573140261,0.03416187548589043,0.019420905368879852,-0.04245168535028662,1.0,0.3960968441481021,0.6963911721280964,55.36922542248268,55.37130224235131,55.365531543106876,55.36702824171379
712.0,24.832,2.1366359865774642,0.06556333350055389,0.999991953786521,0.007650451542745566,0.03760872378134619,3.828124276947228e-05,0.0020951106198988517,-0.00033715018343266395,0.8715885840508542,-0.042044568182914514,0.033995176193326475,0.018820407187371924,-0.04275918856607714,1.0,0.3950361429161554,0.6966359865774643,55.36919198978232,55.370875379286744,55.36588782394874,55.36706291597697
713.0,24.864,2.1368947291477323,0.06675067482057075,0.9999932171594177,0.00808570532087604,0.03710441625052668,3.948040302320651e-05,0.0018991714310319962,-0.0002754198173406904,0.8702308317353029,-0.042433532626836204,0.033849944744436686,0.01826905986667286,-0.042985913049322644,1.0,0.39397912421147735,0.6968947291477323,55.36912601761548,55.37043940512674,55.36624318748546,55.36713932166413
714.0,24.896,2.1371662729365513,0.06792360233994696,0.9999945166569961,0.008485743400593597,0.03665398498050662,4.0609299326033154e-05,0.0016783734334734847,-0.00021206914925042333,0.8688634489558911,-0.04273419041086786,0.0337266660172443,0.01777471186114849,-0.04314233887485977,1.0,0.3929251712250106,0.6971662729365513,55.36903080034298,55.369999646275105,55.366591344430105,55.36725509235394
715.0,24.928,2.1374493154556395,0.06908401668320037,0.99999584995394,0.00884507872150885,0.03626294822666904,4.166552949533272e-05,0.0014367285339584434,-0.00014756013223509633,0.8674889449865542,-0.04295634322117407,0.033625589423323936,0.0173441543129833,-0.043239480898525806,1.0,0.3918736675525871,0.6974493154556396,55.36890943235499,55.36956221701215,55.366926833765554,55.36740659981779
716.0,24.96,2.137742407168327,0.07023396624631183,0.9999972144319512,0.009159116021478777,0.035935923847233014,4.263993785141858e-05,0.0011784376395438314,-8.243182906895621e-05,0.8661094946902511,-0.04311045311081187,0.03354673931836818,0.016983059496437924,-0.04328872633723346,1.0,0.390824000443891,0.6977424071683269,55.36876472409425,55.369133798188514,55.36724512866613,55.36758914747756
717.0,24.992,2.1380439807950977,0.07137561639976979,0.9999986069999407,0.009424175836589268,0.0356765672955613,4.351774967117912e-05,0.0009078154166280584,-1.7284259167576146e-05,0.8647269225834364,-0.04320748573985913,0.03348992959095797,0.0166959375436155,-0.04330167045990027,1.0,0.38977556466283564,0.6980439807950978,55.36859919977139,55.36872135485746,55.36754264628379,55.367797230077876
718.0,25.024,2.1383523809028016,0.07251121731298674,1.0000000239602904,0.00963750336574475,0.03548752853802956,4.4280010928765505e-05,0.0006292155795527384,4.7246963461164454e-05,0.8633426920191148,-0.0432587494939627,0.033454782354294485,0.01648611161842076,-0.04328995315746553,1.0,0.38872776688846644,0.6983523809028016,55.36841517074417,55.36833182289422,55.36781666793722,55.368024830441186
719.0,25.056,2.138665893364383,0.07364307107842995,1.0000014609275027,0.009797264424418741,0.03537043017010031,4.490522538536097e-05,0.0003469585481570656,0.00011052215978458103,0.8619578995068365,-0.04327573320604222,0.03344075023565708,0.01635571152176889,-0.04326509907615583,1.0,0.3876800304820503,0.698665893364383,55.368214864725765,55.36797179452156,55.3680651905568,55.36826572424146
720.0,25.088,2.1389827743416405,0.07477349885030968,1.0000029128018815,0.009902530539299117,0.035325867871241534,4.5371074335054344e-05,6.52628515767614e-05,0.00017193170731934112,0.8605732741104246,-0.04326994518566685,0.03344714141589685,0.01630568549605218,-0.043238363851061855,1.0,0.38663180036950606,0.6989827743416406,55.36800058157465,55.36764722793221,55.36828674004367,55.3685137683477
721.0,25.12,2.139301278496158,0.07590480871189774,1.000004373797269,0.00995325482866515,0.0353534331746269,4.565610586121367e-05,-0.0002118187658296322,0.00023092908229680953,0.8591891817927901,-0.04325275617033356,0.033473146335110116,0.016335829723273573,-0.04322058878241945,1.0,0.38558254774547474,0.6993012784961579,55.36777484316748,55.367363199166576,55.36848018071932,55.368763155168566
722.0,25.152,2.1396196861688392,0.07703926494965892,1.0000058375185503,0.009950239771294713,0.03545175743003677,4.57412900403686e-05,-0.00048045787841088233,0.00028705946464822017,0.85780563451106,-0.04323524866437803,0.03351786485398555,0.016444834677694427,-0.043222066068841776,1.0,0.38453177429845725,0.6996196861688393,55.36754050781963,55.36712370740701,55.368644552209055,55.36900862223953
723.0,25.184,2.1399363292858515,0.07817905934589836,1.0000072970818221,0.009895097406634181,0.03561857488248258,4.5611352243735096e-05,-0.0007371030370489694,0.000339981192801303,0.8564223038034154,-0.043228074938615066,0.03358033264032088,0.016630347121056543,-0.043252416460296206,1.0,0.38347901568368387,0.6999363292858516,55.36730082766552,55.36693153947891,55.36877895717508,55.369245611448406
724.0,25.216,2.1402496157510527,0.07932628501061356,1.0000087452679634,0.009790202037535103,0.035850802022350005,4.525581691339205e-05,-0.0009785260426512167,0.000389478225305636,0.8550385385506236,-0.04324132573845879,0.033659545627730804,0.016889046155657318,-0.04332048092422103,1.0,0.38242384402636137,0.7002496157510527,55.36705943822684,55.366788195945595,55.36888251243034,55.36947037545462
725.0,25.248,2.1405580520777012,0.08048291316454782,1.0000101746989236,0.009638635207767634,0.036144629810445625,4.466971750827216e-05,-0.0012018612610052248,0.0004354627484552907,0.8536533865400887,-0.04328441149887459,0.03375448155680123,0.017216731420410993,-0.043434227632099004,1.0,0.38136586931478145,0.7005580520777013,55.366820280924664,55.36669387915271,55.36895436430877,55.369680030613615
726.0,25.28,2.14086026400225,0.08165077316624236,1.0000115780253978,0.009444122642143773,0.036495625052954346,4.385395231676355e-05,-0.0014046373426323823,0.0004779680552115785,0.8522656194088984,-0.043365957595377445,0.033864117837757356,0.01760842126685246,-0.04360067527032154,1.0,0.3803047396312396,0.7008602640022499,55.36658746952097,55.36664754180263,55.36899375878334,55.369872557201454
727.0,25.312,2.1411550148173326,0.08283153595333198,1.0000129481146618,0.009210962971337158,0.036898837096550514,4.281528950128562e-05,-0.0015848007226004913,0.0005171327153797802,0.8508737604962784,-0.04349371487291965,0.033987445243188474,0.018058458609697913,-0.043825833358304166,1.0,0.3792401402592532,0.7011550148173327,55.36636511900872,55.366646992243844,55.36900014912089,55.370046749827296
728.0,25.344,2.141441221165558,0.08402670094936864,1.0000142782779908,0.008943948382036928,0.03734890612614542,4.156760403245526e-05,-0.0017407326135672897,0.0005531799833913343,0.8494761127004505,-0.043674561167783926,0.034123477176806145,0.018560622200005095,-0.04411465656626254,1.0,0.3781717917892824,0.7014412211655578,55.366157229331186,55.366688946828184,55.368973389511375,55.3702020536083
729.0,25.376,2.141717966052694,0.085237586409105,1.00001556227628,0.008648277723011237,0.037840170616761495,4.012494653898854e-05,-0.0018712480641812626,0.0005863835449608737,0.8480707991458842,-0.04391410324415243,0.03427125548997737,0.0191082412602103,-0.04447103180131992,1.0,0.37709944739343715,0.7017179660526942,55.365967185251165,55.36676967109916,55.36891353395477,55.370338762335436
730.0,25.408,2.1419845088810807,0.08646532295518447,1.0000167946073326,0.008329463387080065,0.03836676706498329,3.851034539176231e-05,-0.0019755997702424664,0.0006170445896429324,0.8466557859799018,-0.04421723613667763,0.034429849836763164,0.019694309693673744,-0.04489775529378164,1.0,0.37602288957642915,0.7019845088810808,55.365798171084265,55.366884449921685,55.36882149203787,55.37045728982888
731.0,25.44,2.1422402923419184,0.08771085017567637,1.0000179705529688,0.00799323315117672,0.0389227256403718,3.6748301131261895e-05,-0.002053464363746034,0.0006454599581765269,0.8452289213906284,-0.04458763779025471,0.03459835580378882,0.02031160086176442,-0.04539654779457403,1.0,0.37494192660593906,0.7022402923419184,55.36565259852892,55.36702838329101,55.368698633851714,55.37055848910689
732.0,25.472,2.1424849460747253,0.08897491596991253,1.0000190862443532,0.007645429150215925,0.039502056069879894,3.4865355762192484e-05,-0.0021049234409033467,0.0006718949759313516,0.8437879697805272,-0.045027920915368995,0.03477588922065468,0.020952779173971134,-0.04596807812538577,1.0,0.3738563889195125,0.7024849460747253,55.36553219312303,55.367196429413454,55.36854695287401,55.37064334542366
733.0,25.504,2.1427182870704025,0.09025807833035988,1.0000201386919545,0.007291906114911811,0.040098823763979864,3.288898754033595e-05,-0.0021304382195136713,0.0006965604723395972,0.842330645709036,-0.045539640223459195,0.034961578078582925,0.021610507495591694,-0.046612001077909325,1.0,0.37276612576733015,0.7027182870704025,55.36543797191167,55.36738359816692,55.36836903714528,55.37071285430783
734.0,25.536,2.142940316867366,0.09156070923754225,1.0000211257814207,0.006938431155109608,0.04070721584944902,3.0846545817642097e-05,-0.0021308191211791014,0.0007195952118426508,0.8408546470553231,-0.04612331634741568,0.035154552734414105,0.022277549085516338,-0.04732700818790465,1.0,0.37167100231737227,0.702940316867366,55.3653702635685,55.367585110530136,55.36816800589421,55.370767926294526
735.0,25.568,2.143151215661916,0.0928830003517077,1.0000220462383724,0.006590587329685643,0.04132159731767009,2.876427974279891e-05,-0.0021071916388800496,0.000741054409291946,0.8393576869228893,-0.04677847437578952,0.03535393508089824,0.022946862947851462,-0.04811088980786209,1.0,0.3705708974043887,0.703151215661916,55.365328760492645,55.36779651741817,55.36794742051234,55.37080932531511
736.0,25.6,2.1433513335203234,0.0942249702053897,1.0000228995664944,0.006253683075232991,0.041936557927562415,2.666650381066835e-05,-0.002060959783374589,0.000760904474497748,0.8378375238707894,-0.0475036951987156,0.03555882735289272,0.023611691645097882,-0.04896060683558601,1.0,0.3694657020516416,0.7033513335203234,55.365312591907646,55.36801377745714,55.36771118002334,55.37083764102133
737.0,25.632,2.1435411789381162,0.09558647263084089,1.0000236859642713,0.005932669306027422,0.04254695079534961,2.4574930528042917e-05,-0.0019937682470881637,0.0007790236849388148,0.8362919901164397,-0.04829667794982328,0.03576830121371568,0.02426564077373402,-0.04987237043065633,1.0,0.3683553188394016,0.7035411789381163,55.365320407816625,55.368233297101995,55.367463410695166,55.370853291333134
738.0,25.664,2.1437214050399467,0.09696720619117971,1.0000244062262784,0.005632065682201199,0.04314792376058827,2.2508187723369024e-05,-0.0019074642185690298,0.000795208148524832,0.834719017413573,-0.04915431185379182,0.03598138772677651,0.024902749450747493,-0.05084172806382292,1.0,0.3672396621407283,0.7037214050399467,55.36535046557412,55.3684519391656,55.36720835767476,55.370856548923406
739.0,25.696,2.143892793750506,0.09836672442011468,1.0000250616351156,0.0053558972049755306,0.04373494465421779,2.0481526162574576e-05,-0.0018040595599992438,0.0008091821958218748,0.8331166603656034,-0.05007275580771481,0.03619706876410608,0.025517551305170527,-0.05186365428918185,1.0,0.36611865919625924,0.703892793750506,55.36540071326831,55.36866700716576,55.36695028415334,55.37084758418175
740.0,25.728,2.14405623829334,0.09978444670918281,1.0000256538498946,0.005107641963569827,0.044303821533378925,1.850671184355777e-05,-0.0016856938539835556,0.0008206122239134302,0.8314831169888699,-0.05104752405746508,0.03641427033459979,0.02610512561309522,-0.052932644697318815,1.0,0.3649922519576567,0.7040562382933402,55.365468866509744,55.36887621305817,55.366693381210766,55.37082651722176
741.0,25.76,2.1442127243907985,0.10121966971132226,1.00002618479673,0.004890190545572821,0.04485071881685792,1.6592088605826824e-05,-0.0015545986535747012,0.0008291229832819716,0.829816746391316,-0.05207357638254635,0.03663185823071994,0.026661138357525725,-0.054042811591608994,1.0,0.3638603995951446,0.7042127243907985,55.36555247721236,55.36907763522579,55.36644168953046,55.37079347235327
742.0,25.792,2.1443633105456987,0.10267157915392817,1.0000266565659757,0.0047058173406333515,0.045372170081434696,1.4742788927157844e-05,-0.0014130631407267152,0.0008343153325734693,0.828116083479829,-0.05314541127261532,0.036848636294888784,0.027181873134181737,-0.05518798002299778,1.0,0.3627230815386035,0.7043633105456988,55.36564899436892,55.369269672418234,55.36619903280202,55.37074862975424
743.0,25.824,2.144509107784724,0.10413926197271708,1.00002707132009,0.004556163719540702,0.04586508808715339,1.296106607456825e-05,-0.0012634013143386293,0.0008357845624342717,0.8263798506535763,-0.05425716066159015,0.037063347499442026,0.027664251958890423,-0.05636178291584486,1.0,0.36158030090379645,0.7045091077847241,55.36575581764775,55.36945099798855,55.36596896183924,55.37069227051548
744.0,25.856,2.144651259236101,0.10562171868977559,1.0000274312150421,0.0044422328555337965,0.04632677240807818,1.1246717251944805e-05,-0.0011079207849196628,0.0008331384911305149,0.8246069664813139,-0.05540268487580324,0.037274677921475444,0.028105846159912014,-0.05755775411556787,1.0,0.36043208814494304,0.7046512592361012,55.365870344967334,55.369620517492336,55.365754708149026,55.370624812583074
745.0,25.888,2.1447909199006876,0.1071178759655783,1.0000277383371625,0.004364395768327586,0.04675491486883471,9.597566262564686e-06,-0.0009488932406466473,0.0008260146481687815,0.8227965513979968,-0.05657566654768579,0.037481263581568544,0.02850487765812199,-0.058769418286023195,1.0,0.35927850477131684,0.7047909199006877,55.36599001517893,55.369777331614436,55.36555914573987,55.370546836257724
746.0,25.92,2.144929236956972,0.10862659925632984,1.0000279946563517,0.004322408008891606,0.0471476028359855,8.009974662714907e-06,-0.0007885266598510662,0.0008140959789923677,0.8209479304903162,-0.05776970234258204,0.03768170000822658,0.028860211049046763,-0.05999037668025519,1.0,0.35811964696800846,0.7049292369569722,55.366112346742874,55.36992070551552,55.36538476021945,55.37045909879749
747.0,25.952,2.1450673309173305,0.11014670550570207,1.0000282019956284,0.004315436261198565,0.04750332029288241,6.479352394894716e-06,-0.0006289393687048455,0.0007971246189720506,0.8190606334722814,-0.05897839144221969,0.037874554293117986,0.029171337002476837,-0.0612143879025602,1.0,0.35695564896863696,0.7050673309173305,55.36623497295668,55.37005004503633,55.36523362455883,55.370362538320556
748.0,25.984,2.145206277925711,0.11167697579498098,1.0000283620161727,0.004342094011886007,0.04782094653996579,5.000642011587782e-06,-0.00047213607219045864,0.0007749133957858034,0.8171343919808349,-0.06019541982360645,0.03805837931898181,0.029438347588361558,-0.0624354428735357,1.0,0.3557866860398242,0.7052062779257109,55.366355673942,55.37016487971379,55.365107381242105,55.37025826767003
749.0,26.016000000000002,2.14534709345626,0.11321616786890197,1.0000284762163343,0.004400485329666966,0.048099752310030865,3.5687550484220202e-06,-0.00031998601481105085,0.0007473548248938605,0.8151691343478984,-0.06141463946628575,0.03823172977589944,0.029661904220945983,-0.0636478333038338,1.0,0.3546129769528739,0.7053470934562602,55.36647240531672,55.37026485221326,55.36500723076933,55.37014755922298
750.0,26.048000000000002,2.1454907176387223,0.11476302844710122,1.0000285459425329,0.004488255701942663,0.048339393068726505,2.178943706021561e-06,-0.00017420345012883977,0.0007144274626642466,0.8131649780292269,-0.06263014171528386,0.038393179533481606,0.029843198987069372,-0.0648462130776986,1.0,0.3534347858365962,0.7054907176387224,55.36658332325779,55.3703497135153,55.364933926666374,55.37003182185851
751.0,26.080000000000002,2.145638002400266,0.11631630522412682,1.0000285724096178,0.004602648798243676,0.04853989928205005,8.270964052536904e-07,-3.6330611541548086e-05,0.0006761995754992944,0.8111222198920263,-0.06383632412170719,0.03854133990756744,0.02998391018791723,-0.06602565204491763,1.0,0.3522524233258452,0.7056380024002662,55.36668680555134,55.37041932299253,55.36488777721145,55.369912571463104
752.0,26.112000000000002,2.145789700575279,0.11787475845521954,1.000028556728054,0.004740567969147009,0.048701663471647325,-4.900488695391832e-07,9.227662139776073e-05,0.0006328301703600073,0.8090413245823442,-0.06502795017934769,0.038674878349196924,0.030086152976322788,-0.06718168182016715,1.0,0.35106624694238453,0.7057897005752789,55.366781468184676,55.370473652345105,55.36486865407395,55.36979139647679
753.0,26.144000000000002,2.1459464570952216,0.11943717202133813,1.000028499935265,0.004898641248210485,0.04882542394120605,-1.7747746536289618e-06,0.0002104601775601048,0.0005845675113806262,0.8069229112096384,-0.06620020147405112,0.03879253709034,0.030152426012255904,-0.06831033329213415,1.0,0.3498766606674524,0.7059464570952216,55.36686617710097,55.37051279224246,55.36487600793746,55.36966992006831
754.0,26.176000000000002,2.1461088023305406,0.12100236386576843,1.0000284030285864,0.00507328860371858,0.04891224513844674,-3.0283337087988446e-06,0.00031726820959636863,0.0005317453173444451,0.8047677385994604,-0.06734872186377447,0.03889315130239104,0.030185555087274794,-0.06940816565127514,1.0,0.3486841136881849,0.7061088023305406,55.36694005483861,55.37053696042764,55.36490889101597,55.369549760576945
755.0,26.208000000000002,2.146277147616603,0.1225691956965522,1.0000282669975173,0.005260790189448579,0.04896349471199264,-4.250970908614701e-06,0.00041196034555845935,0.00047477689411708207,0.8025766893756456,-0.06846965341111243,0.038975666358145554,0.030188634682771037,-0.070472286854076,1.0,0.3474890983221953,0.706277147616603,55.367002481959204,55.37054651000716,55.364965986138614,55.36943249186251
756.0,26.240000000000002,2.1464517829563943,0.12413658185415631,1.0000280928533105,0.005457354368479378,0.048980817425128526,-5.442006463518551e-06,0.0004940096985242476,0.00041414750296862884,0.8003507531405282,-0.06955966389694246,0.039039153832042144,0.030164968427102017,-0.07150036555249983,1.0,0.34629214714550033,0.7064517829563943,55.36705309334292,55.37054193666057,55.36504564185634,55.36931960516091
757.0,26.272000000000002,2.146632876855037,0.12570349725234467,1.000027881654351,0.005659184332582052,0.048966106193386184,-6.5999674822569905e-06,0.0005631016110240175,0.00035040529874571786,0.7980910090253144,-0.07061596585249112,0.039082825924685344,0.03011800940202719,-0.07249063462874566,1.0,0.34509382936807714,0.706632876855037,55.367091769643324,55.37052388358542,55.36514591277454,55.36921247393745
758.0,26.304000000000002,2.1468204782057643,0.12726898431200187,1.0000276345262384,0.00586254221023041,0.04892147061428746,-7.722753520011942e-06,0.0006191291723736518,0.00028415119006082316,0.7957986078826477,-0.07163632715755486,0.03910604805258136,0.030051301219741276,-0.07344188658602346,1.0,0.34389474651816376,0.7068204782057643,55.36711862437356,55.37049314313124,55.3652646041141,55.3691123230703
759.0,26.336000000000002,2.1470145201144826,0.12883215882240118,1.00002735267595,0.0060638096474469,0.04884920344997829,-8.807821513800987e-06,0.0006621856118536699,0.0002160279767318366,0.7934747543895146,-0.07261907336289683,0.039108349400153924,0.02996842074828497,-0.07435346115410989,1.0,0.3426955275106256,0.7070145201144826,55.36713398725777,55.3704506542788,55.365399319333804,55.36902020347762
760.0,26.368000000000002,2.147214825521007,0.13039221468166254,1.0000270373999165,0.0062595439538903844,0.048751745601917494,-9.85237604694821e-06,0.00069255373601825,0.00014670910799587946,0.7911206893209207,-0.0735630820039754,0.03908943128535103,0.029872923306511808,-0.07522522557211696,1.0,0.3414968231860841,0.7072148255210071,55.36713838458337,55.370397495370455,55.36554750955237,55.36893697303785
761.0,26.400000000000002,2.147421114449971,0.13194842748733207,1.0000266900862465,0.006446529030118547,0.048631650177172844,-1.0853552188938565e-05,0.0007106926415053951,7.688737984857871e-05,0.7887376722432706,-0.07446776927934237,0.03904917324163,0.029768291080199825,-0.07605754810813925,1.0,0.3402993004159074,0.7074211144499709,55.367132517366116,55.370334871790305,55.36570652345554,55.36886328434653
762.0,26.432000000000002,2.1476330127035523,0.13350015696845036,1.00002631221168,0.006621820424421159,0.04849154628494639,-1.1808580203942477e-05,0.0007172219926052345,7.263853044370377e-06,0.7863269648612796,-0.07533306956830463,0.03898763676469966,0.0296578854311093,-0.07685126546434912,1.0,0.339103635873658,0.7076330127035524,55.36711723811295,55.37026409859816,55.36587365643795,55.36879957953692
763.0,26.464000000000002,2.1478500617917864,0.13504684827141863,1.0000259053341172,0.00678278400731424,0.048334103217758655,-1.2714923836032443e-05,0.0007129042034975208,-6.146277227880189e-05,0.7838898152337859,-0.07615940835707842,0.038905066712787664,0.0295449036809565,-0.07760764479471932,1.0,0.3379105095762995,0.7078500617917864,55.36709352693709,55.370186578437746,55.36604619781128,55.36874609206118
764.0,26.496000000000002,2.1480717298843515,0.13658803213264947,1.0000254710817436,0.006927127892658585,0.04816199566346365,-1.35703866754877e-05,0.0006986249062989466,-0.00012860614079157251,0.7814274430523136,-0.07694766922850353,0.0388018903828493,0.029432340855270973,-0.07832834112905755,1.0,0.33672059829865053,0.7080717298843515,55.36706246765565,55.370103775329405,55.3662214750966,55.36870285502507
765.0,26.528000000000002,2.148297423560284,0.1381233239906468,1.0000250111398676,0.007052927372894196,0.04797787056241665,-1.4373183622462524e-05,0.0006753721168403182,-0.00019350145399746327,0.7789410261521226,-0.07769915564590367,0.03867871431245493,0.029322956769547444,-0.07901535104998766,1.0,0.3355345689625848,0.7082974235602841,55.36702522436312,55.37001718521449,55.3663968946243,55.368669715389274
766.0,26.560000000000002,2.14852650012891,0.13965242210809928,1.000024527236584,0.007158642769566897,0.047784316170389675,-1.5121977614551682e-05,0.0006442145295813572,-0.0002555138314649037,0.7764316883992016,-0.07841554832469938,0.03853631887935175,0.02921924873341083,-0.07967096350751017,1.0,0.33435307209868365,0.7085265001289103,55.36698301882823,55.3699283043319,55.36656997789162,55.368646353119196
767.0,26.592000000000002,2.148758280296098,0.14117510479017722,1.0000240211283078,0.007243130224612864,0.047583833814935805,-1.58158836305322e-05,0.0006062793810531677,-0.00031404579049750534,0.7739004890687482,-0.07909885903505495,0.03837565078772777,0.029123430040694596,-0.08029770867792353,1.0,0.3331767354728997,0.7087582802960979,55.366937108882844,55.369838596646794,55.36673839338152,55.36863230418904
768.0,26.624000000000002,2.1489920609543964,0.14269122679800408,1.0000234945860833,0.007305645571831215,0.0473788127445893,-1.6454444515257003e-05,0.0005627303181142858,-0.00036854385393838136,0.7713484138016846,-0.07975138171341076,0.03819781354401143,0.02903741430582929,-0.0808983057796193,1.0,0.33200615796468813,0.7089920609543965,55.366888767844394,55.36974946163782,55.36689998375909,55.36862698623049
769.0,26.656,2.1492271278833868,0.14420071506586699,1.000022949383386,0.007345841530948781,0.04717150837072088,-1.7037584287839736e-05,0.0005147456937170234,-0.0004185043266998752,0.7687763671962295,-0.08037564177963595,0.03800405603724305,0.028962805601364123,-0.08147561074722466,1.0,0.3308419037763695,0.7092271278833868,55.36683926491225,55.36966220376072,55.36705278853746,55.36862972555934
770.0,26.688,2.1494627681571745,0.14570356383693517,1.0000223872859226,0.007363758555867232,0.046964024095880665,-1.7565545733233528e-05,0.00046349768958307076,-0.00046347830165431055,0.766185167062059,-0.08097434455923931,0.03779575934957069,0.028900894251259794,-0.08203256463810128,1.0,0.32968449704656533,0.7094627681571746,55.36678984639152,55.369578004844506,55.367195062467864,55.36863978433032
771.0,26.72,2.149698282069092,0.14719982933501452,1.0000218100436964,0.007359809747420336,0.04675829681497971,-1.803881957002094e-05,0.0004101326335401811,-0.0005030759639868509,0.7635755403356859,-0.08155032369622882,0.037574421934525856,0.028852658039955535,-0.08257214360171274,1.0,0.3285344169335821,0.709698282069092,55.36674171762014,55.369497900565584,55.36732528995491,55.36865638663139
772.0,26.752,2.1499329943989185,0.14868962408928624,1.0000212193853941,0.007334760307078907,0.04655608607099112,-1.8458071945892645e-05,0.00035575283997452665,-0.0005369702607081791,0.7609481206279031,-0.08210649041234394,0.03734164331321615,0.02881876851134524,-0.08309731118392893,1.0,0.3273920932278004,0.7099329943989185,55.36669602548097,55.36942276195867,55.36744219584836,55.368678742457
773.0,26.784,2.1501662648649793,0.15017311102529718,1.0000206170149328,0.007289702064400266,0.04635896675034188,-1.8824076915280302e-05,0.00030140025640969676,-0.0005648999897424008,0.758303447347943,-0.08264578442287204,0.03709910645389487,0.02879960195594113,-0.08361097366616674,1.0,0.32625790254548503,0.7101662648649794,55.36665384148302,55.369353282701745,55.36754475291702,55.36870606867148
774.0,26.816,2.1503974976220293,0.15165049742905787,1.0000200046098477,0.007226023657810881,0.04616832511752148,-1.9137658908985316e-05,0.00024804214854285794,-0.0005866723430986263,0.7556419663249134,-0.08317112725923634,0.03684855901735481,0.028795254619828285,-0.08411593905518237,1.0,0.32513216514994064,0.7103974976220293,55.366616145494866,55.369289972641205,55.36763218624636,55.36873760628381
775.0,26.848,2.1506261496855976,0.15312202888242604,1.0000193838210685,0.007145376986511514,0.04598535791775541,-1.939964935221415e-05,0.00019655900142084715,-0.000602164913652017,0.7529640318254067,-0.08368537867547975,0.03659179366965409,0.028805561617348756,-0.08461488024522668,1.0,0.3240151424394949,0.7106261496855977,55.36658381033887,55.36923315772616,55.36770397471203,55.36877263360374
776.0,26.88,2.1508517381842234,0.15458798325755055,1.000018756273558,0.0070496405820547,0.04581107422264078,-1.9610859700036603e-05,0.00014773475716522668,-0.0006113271480262638,0.7502699098473776,-0.08419129673118297,0.0363306276840847,0.02883011899096613,-0.08511030277259717,1.0,0.3229070351352241,0.7108517381842234,55.36655758757711,55.36918298620957,55.36775984957661,55.368810475109804
777.0,26.912,2.1510738463625136,0.15604866484660107,1.0000181235672623,0.006940880571570934,0.04564629965782877,-1.9772071743751046e-05,0.00010224945110548412,-0.0006141812021830124,0.7475597825546401,-0.08469150204946088,0.0360668820749135,0.028868308337014804,-0.08560451747574188,1.0,0.321807982194462,0.7110738463625137,55.36653809491344,55.36913944066218,55.36779979017538,55.36885050613175
778.0,26.944,2.1512921282799566,0.15750439869090485,1.0000174872778411,0.0068213099200936595,0.045491682634493096,-1.988404441100043e-05,6.06742499791503e-05,-0.0006108221346193318,0.7448337537039434,-0.0851884466477781,0.03580236052460488,0.028919323405265276,-0.08609961826490092,1.0,0.3207180604687712,0.7112921282799567,55.36652580568457,55.36910235505193,55.36782401660874,55.368892153709886
779.0,26.976,2.151506312172696,0.15895552516151407,1.0000168489567185,0.00669324664810677,0.045347702206537936,-1.9947535082054363e-05,2.3468839861157996e-05,-0.0006014173571045509,0.7420918549075957,-0.08568438763385722,0.03553882838343676,0.028982198081844626,-0.08659746509634662,1.0,0.31963728511702677,0.7115063121726961,55.366521040937116,55.36907143589491,55.36783297932848,55.36893489422066
780.0,27.008,2.151716202467722,0.16040239483164945,1.0000162101300916,0.006559071719564041,0.04521467719173062,-1.9963332091588165e-05,-9.018940656185849e-06,-0.0005862052567709475,0.7393340525691101,-0.0861813659515774,0.035277992032931485,0.0290558351793204,-0.08709967214054039,1.0,0.3185656107754856,0.7117162024677222,55.36652396451464,55.36904628628382,55.36782734555901,55.36897824854569
781.0,27.04,2.151921680460892,0.1618453636708288,1.000015572296663,0.006421187286553825,0.045092776224354765,-1.9932294641200593e-05,-3.655137268877231e-05,-0.0005654929071016593,0.7365602553272824,-0.08668119025540949,0.03502147891224394,0.029139035481895153,-0.08760760103339515,1.0,0.3175029334771418,0.7119216804608919,55.36653458150402,55.36902643148955,55.36780798255072,55.36902177567713
782.0,27.072,2.1521227036915302,0.1632847885811204,1.0000149369240023,0.006281975957450609,0.044982028446612046,-1.98553956470837e-05,-5.899722419077816e-05,-0.0005396527993468537,0.7337703218453384,-0.08718542588875713,0.034770818507833735,0.029230526526978055,-0.08812235900772666,1.0,0.31644909330235577,0.7121227036915303,55.36655274023409,55.36901134479563,55.36777593778627,55.36906506570062
783.0,27.104,2.1523193040667317,0.16472102328806137,1.0000143054435804,0.006143761725044267,0.044882334591905784,-1.973376318603613e-05,-7.632643144393308e-05,-0.000509118549273072,0.7309640687861211,-0.0876953888445764,0.03452742460032411,0.029328990645055078,-0.08864480161988605,1.0,0.31540387773186246,0.7123193040667317,55.3665781378511,55.36900047228577,55.36773241639846,55.36910773306504
784.0,27.136,2.152511584807581,0.1661544145924376,1.0000136792446506,0.006008773151544572,0.04479347826175698,-1.956871655689472e-05,-8.860333464287423e-05,-0.00047437956535837056,0.72814127882141,-0.08821214449768283,0.03429257904956907,0.029433091825090338,-0.08917553971592052,1.0,0.3143670256620077,0.7125115848075811,55.366610329343295,55.36899325545546,55.367678756174435,55.369149410935215
785.0,27.168,2.1526997163069788,0.16758529898429533,1.000013059667261,0.005879109356177187,0.04471513724555415,-1.9361793425487478e-05,-9.597871783410926e-05,-0.00043597470139434077,0.725301708533062,-0.08873651081918289,0.0340674173778173,0.029541501022323384,-0.08971495022352761,1.0,0.31333823203076683,0.7126997163069788,55.36664873969744,55.368989150732304,55.36761640067104,55.36918974725354
786.0,27.2,2.1528839310042835,0.1690139996171119,1.0000124479947627,0.005756709290774537,0.044646894775517275,-1.911476556898382e-05,-9.868090443972483e-05,-0.000394484956072407,0.7224450960753465,-0.08926906571583194,0.033852916383169875,0.029652919576962367,-0.09026319031105069,1.0,0.31231715299211593,0.7128839310042836,55.36669267875417,55.36898764526682,55.367546871045626,55.36922840291384
787.0,27.232,2.153064517395333,0.17044082363776888,1.0000118454462315,0.005643324720291937,0.04458825064553112,-1.8829641602879904e-05,-9.700615220749253e-05,-0.00035052532170125686,0.7195711684811994,-0.0898101580818066,0.033649883981871104,0.02976610046480688,-0.09082021442272625,1.0,0.31130341156601843,0.7130645173953329,55.36674135823237,55.36898826865528,55.367471737264204,55.36926505220496
788.0,27.264,2.1532418133073348,0.1718660598665799,1.00001125311268,0.00554049725005889,0.0445386321503444,-1.8510423485662547e-05,-9.130607011017446e-05,-0.0003047384214919882,0.716679651224506,-0.09035983728028434,0.033458951520587456,0.029879867062696602,-0.09138579748060287,1.0,0.31029660368204165,0.7132418133073348,55.36679383115586,55.3689907167326,55.36739251011572,55.36929946534025
789.0,27.296,2.1534161985739626,0.17328997678525054,1.0000106721236441,0.005449539582119684,0.04449740370845736,-1.815590736781168e-05,-8.198494772217233e-05,-0.0002577774562365913,0.7137702648338287,-0.09091825777406215,0.03328056745680915,0.0299931289792359,-0.09195954244932782,1.0,0.3092963045502838,0.7134161985739627,55.3668493741201,55.36899434702236,55.367310977741546,55.36933114354036
790.0,27.328,2.15358808726146,0.17471282093431123,1.000010103465352,0.005371521484290315,0.044463879658146424,-1.7770571632269566e-05,-6.948155647947697e-05,-0.00021030421574686078,0.7108427426220726,-0.09148501936219884,0.0331149966072297,0.03010489685406663,-0.09254091990783539,1.0,0.308302075191956,0.71358808726146,55.36690687085494,55.36899902936168,55.367228535965545,55.36935997964135
791.0,27.36,2.1537579195850594,0.17613481560195848,1.000009548036727,0.005307260112483165,0.04443733336397661,-1.735714452721913e-05,-5.4261459616595645e-05,-0.00016297659270594827,0.7078968302056012,-0.09205973633378348,0.03296231909137244,0.03021429255701762,-0.09312928377216811,1.0,0.3073134691027532,0.7137579195850594,55.36696534594771,55.369004491762475,55.36714668601697,55.369385729955745
792.0,27.392,2.153926153664679,0.1775561598329699,1.0000090066470477,0.005257314988113544,0.044417007219106935,-1.6918427478418416e-05,-3.680694281139126e-05,-0.00011643875737627224,0.7049322900263827,-0.09264188125679106,0.03282243282088311,0.030320557219132502,-0.09372389536485537,1.0,0.3063300389225184,0.713926153664679,55.367023817451766,55.369010514687275,55.367066839669604,55.36940819886635
793.0,27.424,2.1540932572643996,0.1789770277482824,1.0000084800153097,0.005221987491269005,0.04440212235351511,-1.6457241812373167e-05,-1.760730009506807e-05,-7.131164331476459e-05,0.701948905023047,-0.09323081171954223,0.032695058497698264,0.030423056499220613,-0.09432394721188865,1.0,0.3053513430093103,0.7140932572643997,55.367081318362985,55.369016923194145,55.366990303163014,55.36942724030124
794.0,27.456,2.1542596996554217,0.1803975681640885,1.0000079687712806,0.00520132471944212,0.044391887993940886,-1.5976375909720883e-05,2.8504112447775457e-06,-2.818393245055157e-05,0.698946481502325,-0.09382579546942892,0.03257974700623674,0.03052128314453823,-0.09492858622665465,1.0,0.30437695181849433,0.7142596996554218,55.36713691568396,55.369023578902954,55.36691826152703,55.36944276133693
795.0,27.488,2.154425943735187,0.18181790449725657,1.0000074734581361,0.005195127492668701,0.04438551041150217,-1.5478535765611743e-05,2.4090053747483794e-05,1.2396274177177514e-05,0.695924851244797,-0.09442603448745607,0.03247588904800534,0.030614856948289946,-0.09553693593170935,1.0,0.3034064539919261,0.7144259437351872,55.36718972725495,55.369030372868764,55.36685176493681,55.36945472510003
796.0,27.52,2.1545924385262736,0.18323813494143115,1.0000069945364796,0.0052029622214511085,0.0443822013804556,-1.4966301767338472e-05,4.565444858126388e-05,4.99289372553122e-05,0.6928838728767708,-0.095030688054103,0.032382726830545,0.030703522245017448,-0.0961481173869232,1.0,0.30243946206867256,0.7145924385262736,55.36723893660393,55.36903721941869,55.366791717652184,55.36946315216871
797.0,27.552,2.154759612167795,0.18465833289544106,1.0000065323894745,0.005224176297544121,0.04438118606280967,-1.4442093909661211e-05,6.711269641091104e-05,8.396857709420626e-05,0.689823432544857,-0.0956388946512707,0.032299367591781945,0.030787143119399438,-0.09676126852363931,1.0,0.3014756177367721,0.714759612167795,55.36728380589723,55.369044051097646,55.36673886977668,55.36946812006575
798.0,27.584,2.1549278654996047,0.18607854762279405,1.0000060873287715,0.005257916619053056,0.04438171022978078,-1.3908146967445122e-05,8.80667136124654e-05,0.00011412968504109326,0.6867434439370902,-0.09624979246628025,0.03222479871520237,0.030865696534930764,-0.09737556162255279,1.0,0.3005145965550294,0.7149278654996047,55.367323686976846,55.369050814826096,55.366693811928684,55.36946976070453
799.0,27.616,2.155097566325884,0.18749880511825673,1.0000056596008848,0.0053031508212286705,0.04438304673320868,-1.336649645827802e-05,0.0001081569235636661,0.000140090977282936,0.6836438477023323,-0.09686253824839504,0.03215790417137137,0.030939263615866196,-0.09799021871500961,1.0,0.2995561120844724,0.7150975663258841,55.3673580304435,55.36905746928191,55.366656972821715,55.36946825584977
800.0,27.648,2.15526904443002,0.18891910915500024,1.000005249393669,0.005358690754256319,0.04438450114823459,-1.2818975492212547e-05,0.00012706704951273204,0.0001615984522499917,0.6805246103271266,-0.09747632428434191,0.03209748200798774,0.03100801933781102,-0.09860452473144214,1.0,0.2985999193805488,0.7152690444300203,55.367386392754184,55.369063983414975,55.366628619678735,55.36946383080634
801.0,27.68,2.155442587397298,0.19033944248372,1.00000485684257,0.005423217727437696,0.044385416522492754,-1.2267221849437949e-05,0.00014452796332501628,0.0001784672437416592,0.6773857225356836,-0.09809039329047663,0.03204226260245463,0.031072220900175217,-0.09921783826589696,1.0,0.2976458178091067,0.7154425873972983,55.367408441292746,55.36907033590784,55.36660886137948,55.36945674666605
802.0,27.712,2.1556184372861686,0.19175976815367235,1.00000448203636,0.005495309027200851,0.0443851771860107,-1.171269405769725e-05,0.00016032055405860144,0.00019058229053338466,0.6742271972840166,-0.09870405105805925,0.031990927388768374,0.03113219506621619,-0.09982959987135481,1.0,0.29669365316138624,0.7156184372861687,55.36742395741104,55.369076515327286,55.36659765418006,55.36944729151701
803.0,27.744,2.155796788173007,0.1931800309248353,1.000004125022126,0.005573465213695722,0.044383211598841975,-1.115669481105418e-05,0.00017427759191860834,0.00019789786852987833,0.6710490674232621,-0.09931667673069894,0.03194212777363498,0.031188324763702042,-0.10043933784628682,1.0,0.29574331905534895,0.715796788173007,55.3674328374614,55.36908252067003,55.36659480981026,55.36943577106398
804.0,27.776,2.155977784579609,0.19460015874047487,1.0000037858093427,0.005656137706311343,0.04437899423873674,-1.0600399481808232e-05,0.00018628457689579813,0.00020043605304959785,0.6678513831098797,-0.09992773063732276,0.03189450396406812,0.0312410352415914,-0.101046671518231,1.0,0.2947947576224587,0.7159777845796089,55.36743509186252,55.36908836199099,55.36660000572189,55.36942249911705
805.0,27.808,2.1561615207774847,0.1960200642303138,1.0000034643729383,0.005741756183619268,0.04437204655746616,-1.0044887636950764e-05,0.00019627957707684884,0.00019828419612919696,0.6646342090416312,-0.10053675964896303,0.031846703441031604,0.03129078007469274,-0.10165131207443456,1.0,0.29384795949024606,0.7161615207774847,55.36743084229569,55.369094060822434,55.36661279720988,55.36940778838502
806.0,27.84,2.156348040948523,0.19743964621623586,1.0000031606553332,0.005828755344952636,0.044361937060064624,-9.491175158304879e-06,0.00020425207873588295,0.00019159151668775594,0.6613976215980675,-0.10114340007201363,0.031797398828569454,0.03133802730029446,-0.10225306103243618,1.0,0.2929029630814868,0.7163480409485232,55.36742031713237,55.36909965012799,55.36663263112091,55.36939194196698
807.0,27.872,2.1565373401680716,0.1988587911949556,1.0000028745675027,0.005915600610889577,0.04434828058499144,-8.940244704269676e-06,0.00021024088844935997,0.00018056491018177094,0.6581417059626471,-0.10174737813440018,0.031745304926639975,0.031383245957261836,-0.10285180648405709,1.0,0.29195985326042906,0.7165373401680717,55.36740384525043,55.3691051735969,55.36665886081486,55.36937524586701
808.0,27.904,2.1567293661640767,0.20027737477522864,1.0000026059891747,0.006000812375159254,0.04433073688353286,-8.393072750689783e-06,0.00021433114569775532,0.00016546408913553732,0.6548665533006394,-0.10234850816292217,0.031689194696228495,0.03142689328037857,-0.1034475172840983,1.0,0.29101875936512367,0.7167293661640768,55.36738184839749,55.369110684154386,55.366690762055235,55.36935796278305
809.0,27.936,2.156924021794837,0.20169526305084173,1.0000023547683277,0.006082988461261757,0.044309008612909144,-7.850651469187835e-06,0.00021665052218536603,0.00014659616726122077,0.6515722580627108,-0.10294668858984259,0.03162791400781439,0.03146940278067417,-0.10404023538943316,1.0,0.2900798526724735,0.7169240217948372,55.36735483228843,55.369116241640995,55.366727549485745,55.36934032733153
810.0,27.968,2.157121168178273,0.20311231389463544,1.0000021207201888,0.0061608244823763095,0.04428283886855323,-7.314004339675766e-06,0.0002173647006008644,0.00012430979830902042,0.6482589154785864,-0.10354189596350119,0.031560394988326176,0.0315111734164043,-0.10463006658439246,1.0,0.2891433433490722,0.7171211681782732,55.367323376636975,55.36912190969291,55.36676839335561,55.36932254278324
811.0,28.0,2.1573206283974797,0.20452837816300953,1.0000019036259524,0.006233131850205681,0.04425200838669044,-6.784194886422229e-06,0.00021667223998878346,9.898897683559236e-05,0.6449266192985967,-0.10413417717105566,0.031485667825888713,0.03155256003077936,-0.1052171698539417,1.0,0.28820947694626914,0.7173206283974798,55.36728812430729,55.36912775192554,55.36681243619119,55.36930477930449
812.0,28.032,2.1575221917008003,0.2059433008045618,1.0000017032314477,0.006298853228767215,0.044216332548508354,-6.262328273998191e-06,0.0002147989469989003,7.1046602688879e-05,0.6415754598333355,-0.10472364011045208,0.03140287091736501,0.03159386520071712,-0.10580174568639342,1.0,0.2872785305021559,0.7175221917008003,55.36724976979687,55.36913382758709,55.36685880910541,55.36928717361896
813.0,28.064,2.1577256181097386,0.20735692187054866,1.000001519245973,0.006357075279322937,0.04417565831208929,-5.749546082289831e-06,0.00021199188123647157,4.091790449338348e-05,0.63820552233327,-0.10531044307302646,0.031311259268901624,0.03163533260774299,-0.1063840236020169,1.0,0.2863508083163902,0.7177256181097387,55.367209047232066,55.36914018689505,55.36690664749298,55.36926982994595
814.0,28.096,2.157930643344717,0.20876907742857953,1.0000013513414943,0.006407038593073116,0.04412986118846464,-5.247014961406999e-06,0.00020851312874845728,9.053810651462706e-06,0.6348168857410993,-0.10589478311717145,0.0312102110851779,0.0316771420077502,-0.10696424921246439,1.0,0.28542663746597247,0.717930643344717,55.36716671806381,55.369146866302366,55.366955105877715,55.369252822020336
815.0,28.128,2.158136983976973,0.21017960038423636,1.0000011991523658,0.006448144758003365,0.04407884236427586,-4.755910262832504e-06,0.00020463347999900568,-2.4085650352290217e-05,0.6314096218401687,-0.10647688372678873,0.03109923250854339,0.031719405841371506,-0.10754267111826245,1.0,0.28450636313133665,0.7181369839769731,55.367123558643414,55.36915388395559,55.367003371712585,55.36923619596631
816.0,28.16,2.158344342714697,0.21158832121804597,1.0000010622756983,0.006479960553876223,0.044022526056550174,-4.277395861118635e-06,0.000200626147565688,-5.8037844785421535e-05,0.6279837948124903,-0.10705698205562088,0.03097796049402423,0.03176216749237704,-0.1081195279476782,1.0,0.283590343802461,0.7183443427146972,55.367080347841664,55.369161235604594,55.36705067797428,55.369219973779565
817.0,28.192,2.1585524137327896,0.21299506864735604,1.0000009402724421,0.006502219315390739,0.043960857165939754,-3.8126017551376423e-06,0.00019676065429912219,-9.234385364869319e-05,0.624539461210127,-0.10763531605977417,0.030846163830969248,0.031805401167868036,-0.10869503583010662,1.0,0.28267894643418645,0.7185524137327897,55.36703785488251,55.36916889120785,55.36709631441376,55.36920415716975
818.0,28.224,2.1587608879582536,0.21439967022413975,1.0000008326692158,0.006514819545749833,0.04389379927449088,-3.362600822787162e-06,0.0001932970150377504,-0.00012655455259207084,0.6210766703340413,-0.10821211181576108,0.030703742345499826,0.03184901334264668,-0.10926937658105705,1.0,0.2817725416186304,0.7187608879582537,55.366996827537854,55.36917679244248,55.367139637369554,55.3691887315261
819.0,28.256,2.1589694582271677,0.21580195288057524,1.0000007389608496,0.006517820903564891,0.043821333013609146,-2.928386443057371e-06,0.00019048032454437443,-0.0001602363905511845,0.6175954650052357,-0.10878757131031536,0.030550724341718995,0.03189284568032118,-0.10984268685412762,1.0,0.28087149884049634,0.7189694582271677,55.366957980857705,55.369184851290285,55.367180078048705,55.36917366979138
820.0,28.288,2.1591778242342414,0.21720174343443976,1.0000006586135846,0.006511437721054552,0.04374345480826626,-2.5108520332328666e-06,0.00018853585127801928,-0.00019297680943879459,0.6140958827042693,-0.10936186097153382,0.03038726236086644,0.03193667931782777,-0.11041504848870792,1.0,0.27997618187830053,0.7191778242342415,55.36692198656343,55.36919294981124,55.36721714924112,55.369158936062
821.0,28.32,2.1593856972020897,0.21859886906597656,1.0000005910688172,0.006496030245259348,0.043660175985524775,-2.110773979213663e-06,0.00018766472175938212,-0.00022438925023001027,0.6105779570472443,-0.10993510118860113,0.0302136273594938,0.0319802403763705,-0.11098648025104875,1.0,0.2790869444110466,0.7193856972020898,55.36688946328122,55.3692009411667,55.36725045040557,55.36914448876987
822.0,28.352,2.159592804204371,0.21999315777700906,1.000000535747264,0.00647209382129143,0.043571522219765714,-1.7287985348835007e-06,0.00018804026363540365,-0.00025411769394855194,0.6070417195592239,-0.11050735704044985,0.030030201426402062,0.03202320654303404,-0.11155693113167399,1.0,0.2782041258857573,0.7195928042043711,55.3668609677315,55.3692086518855,55.36727967113522,55.369130283346124
823.0,28.384,2.159798892084749,0.22138443884178222,1.0000004920533907,0.006440246261812937,0.043477533274161,-1.3654335440094188e-06,0.00018980505809227297,-0.0002818406893033257,0.6034872016999796,-0.11107863042238972,0.029837469176619204,0.03206521455165112,-0.11212627532466517,1.0,0.2773280476965208,0.7197988920847491,55.366836987031945,55.369215885313906,55.367304592983146,55.3691162743103
824.0,28.416,2.16000373092208,0.22277254325740495,1.000000459379951,0.006401213666587518,0.04337826298821033,-1.0210449916114852e-06,0.0001930687341094863,-0.0003072748227045181,0.5999144370919963,-0.11164885372526992,0.029636007976447803,0.032105868380576365,-0.11269430897503113,1.0,0.2764590097203801,0.7200037309220799,55.366817932223256,55.36922242612856,55.36732508967856,55.36910241677229
825.0,28.448,2.160207117001165,0.22415730419995689,1.0000004371124758,0.006355814971409351,0.04327377945474802,-6.958585999083937e-07,0.00019790651902544494,-0.00033017759111070603,0.5963234638969442,-0.11221788518450722,0.029426477167406182,0.03214474797819993,-0.11326074874021154,1.0,0.2755972872495429,0.720207117001165,55.36680413312709,55.369228045745885,55.36734112577243,55.369088667376445
826.0,28.48,2.160408875257708,0.22553855749041088,1.0000004246335688,0.006304945516968913,0.043164165326687244,-3.8996584433847977e-07,0.00020435854235148777,-0.0003503496439804655,0.5927143272843513,-0.11278550597752211,0.0292096064685357,0.0321814183242266,-0.11382523217161171,1.0,0.27474312835304243,0.720408875257708,55.366795834622884,55.369232508418115,55.36735275376771,55.36907498474883
827.0,28.512,2.1606088611756045,0.22691614207260874,1.0000004213268794,0.006249559934265453,0.0430495181936831,-1.0333404271145587e-07,0.00021242987320444905,-0.00036763636764274347,0.589087081935034,-0.11335141910858178,0.028986183745114406,0.032215438636186734,-0.1143873198829687,1.0,0.27389675169424066,0.7206088611756045,55.36679319439651,55.369235577778184,55.36736010982466,55.36906132954054
828.0,28.544,2.160806962124251,0.22828990050369988,1.0000004265806524,0.006190654645202293,0.04292995097159802,1.6418040538201934e-07,0.00022209125662866238,-0.0003819287936349072,0.585441794521936,-0.11391525008080859,0.02875704233802677,0.032246371535567094,-0.11494649943512446,1.0,0.27305834482347674,0.720806962124251,55.366796282195224,55.36923702357679,55.36736340814035,55.36904766417604
829.0,28.576,2.161003098133007,0.2296596794557827,1.0000004397907816,0.006129250273628756,0.04280559225258801,4.128165378980416e-07,0.00023328050073838575,-0.0003931638219715733,0.5817785461123438,-0.11447654931681901,0.02852304815063831,0.03227379199657185,-0.11550219083230859,1.0,0.27222806295785107,0.7210030981330071,55.36680508057699,55.36923662835017,55.36736293413926,55.36903395242803
830.0,28.608,2.161197222109145,0.2310253302260044,1.0000004604421797,0.006066374254307111,0.04267658656942858,6.453561920971568e-07,0.0002459047652072271,-0.00040132026820912395,0.5780974347817154,-0.11503478553637926,0.02828508670022169,0.032297295901608035,-0.1160537539751908,1.0,0.27140602825271265,0.7211972221091449,55.36681947658689,55.3692341803057,55.367358998516714,55.369020168553156
831.0,28.64,2.1613893195456417,0.23238670926793625,1.0000004878694462,0.0060030448905262716,0.04254309506037005,8.57102076812221e-07,0.00025984211312100175,-0.00040642841262906673,0.5743985764751601,-0.11558940038049521,0.028044051275212867,0.03231650810223599,-0.11660049522847661,1.0,0.27059232952653345,0.7213893195456418,55.36683932587955,55.36922952565078,55.36735207428332,55.36900625390402
832.0,28.672,2.161579407647191,0.23374367868820278,1.0000005215043724,0.005940253173408733,0.04240529438332901,1.0510914430494891e-06,0.0002749453423973437,-0.0004085574496661368,0.5706821083915625,-0.11613972970850435,0.02780082843528072,0.032331089752657735,-0.11714167896787796,1.0,0.2697870225368969,0.7215794076471909,55.36686432622573,55.36922251824425,55.36734258564076,55.368992190659746
833.0,28.704,2.1617675340010094,0.23509610675541054,1.000000560793321,0.0058789485568311265,0.04226337710024234,1.2277796418436171e-06,0.0002910451411279529,-0.00040781659856686136,0.5669481898809745,-0.11668508118754171,0.027556287061827563,0.03234074491761929,-0.1176765369472811,1.0,0.2689901306812769,0.7217675340010095,55.36689415769463,55.369213046821955,55.367331009056315,55.368977942967945
834.0,28.736,2.1619537748002537,0.236443868397271,1.0000006051977897,0.0058200249763856685,0.04211755130813923,1.3876396490197772e-06,0.0003079536230972841,-0.00040435222552847705,0.5631970037625789,-0.11722472116445339,0.027311267095203453,0.032345226237852305,-0.11820427938229196,1.0,0.26820164613373537,0.7219537748002538,55.366928427327956,55.36920103837179,55.36731785415406,55.368963475981566
835.0,28.768,2.162138232663237,0.2377868456801328,1.0000006541946507,0.005764308218220155,0.041968040089431606,1.531151906652982e-06,0.00032546813869999445,-0.00039834438625111136,0.559428757298124,-0.11775788543290991,0.027066569079437313,0.03234433965064557,-0.11872410649789081,1.0,0.2674215313878224,0.7221382326632368,55.3669666860558,55.36918645933374,55.36730364532985,55.368948756311816
836.0,28.8,2.162321034097784,0.23912492826499304,1.0000007072761572,0.005712544829603034,0.04181508077688228,1.6587970788628488e-06,0.0003433752160047754,-0.0003900029275355097,0.5556436828075292,-0.11828379042547132,0.02682294466705279,0.032337948087327185,-0.11923522032474691,1.0,0.26664972116953356,0.7223210340977841,55.367008437792,55.369169316233844,55.36728891151483,55.36893375267008
837.0,28.832,2.162502326664281,0.2404580138342671,1.000000763949812,0.005665392703024791,0.04165892403981422,1.7710517150049106e-06,0.0003614545538493041,-0.0003795632254220718,0.5518420379164156,-0.1188016447346308,0.025286379313238794,0.03338804659737485,-0.11973683652488462,1.0,0.26588612467917877,0.7225024718379666,55.51762938367528,55.35428637056861,55.2166979413662,55.38378172163389
838.0,28.864,2.1626822758890962,0.24178600846494971,1.0000008611877493,0.005623413275479544,0.04149983220883172,3.038685539302752e-06,-0.0007083767723896408,-0.0016986069367026066,0.5480260928390714,-0.11925555541005388,0.025047415716137895,0.033360795341808164,-0.12023097832498197,1.0,0.2651306281299269,0.7226844828211554,55.24490362881008,55.38060089013369,55.48932833730498,55.357532767641075
839.0,28.896,2.1628439532202584,0.2431111869379589,1.0000009678943094,0.005052416598816385,0.04141182728153739,3.3345800010131625e-06,-0.0008898958038361174,-0.0019422263452153025,0.5441942818245824,-0.11975008939961178,0.02441859109372148,0.033609395659057864,-0.12076556215137466,1.0,0.2643974000329515,0.722850648606788,55.360929798737814,55.3671153080284,55.37321666490159,55.37109304661804
840.0,28.928,2.162984310263212,0.24443391231239858,1.0000010525567962,0.004386157592295433,0.04133516795123967,2.6457027124671103e-06,-0.0010058928138120397,-0.0021524852710905974,0.5403447891209019,-0.12030271849708518,0.023717993684587255,0.03390346480851196,-0.1213460014582594,1.0,0.2636891309969595,0.7229979062661013,55.36402815458165,55.36865586059766,55.370067547343886,55.369612973172586
841.0,28.96,2.1631009270712926,0.24575417935900257,1.0000011105750812,0.0036442752525261937,0.04125834520637448,1.8130714082853477e-06,-0.0010935965137001138,-0.0023423637205353966,0.53647712392893,-0.12087054563705771,0.022956035435836117,0.03422478381248279,-0.12197615494072063,1.0,0.26300813350474406,0.7231238215627103,55.363786285715186,55.36889036434011,55.370191574088686,55.36950993267842
842.0,28.992,2.163191704568355,0.24707186227004466,1.0000011379752816,0.0028367967832010317,0.041177590970065264,8.562562603398042e-07,-0.001152907644066821,-0.0025090122789892585,0.5325901887529798,-0.12147229332447755,0.022139151405139487,0.034565852237330295,-0.12265750987269573,1.0,0.2623564999722552,0.7232262804907255,55.36351843448805,55.36911987229016,55.37030886682211,55.369448295212855
843.0,29.024,2.1632548881843836,0.24838672475702586,1.0000011316004402,0.001974488000891504,0.04108945271816263,-1.99213791296504e-07,-0.001183465216100645,-0.0026496899316417826,0.5286825866566642,-0.12211736723846921,0.02127452640603732,0.03491923391712146,-0.12338960465812208,1.0,0.26173607160713075,0.7233035119745759,55.363305815327415,55.36937460073168,55.37035776432507,55.36937792859943
844.0,29.056,2.1632890920448964,0.2496984269275287,1.0000010893214193,0.0010688706410244544,0.040990692828213465,-1.3212194047151891e-06,-0.0011855432432176837,-0.0027620164840222363,0.5247527939143338,-0.12280980356536585,0.020370035021037996,0.0352774394364025,-0.12417025325003898,1.0,0.2611484079376664,0.723354111176538,55.36315754981984,55.36964196068987,55.3703413223563,55.369298710224975
845.0,29.088,2.1632933169484074,0.25100653544528606,1.0000010101876897,0.00013202823472002734,0.040878391179917685,-2.4729290490355084e-06,-0.0011600250667621733,-0.00284404727518679,0.5207992689574784,-0.12355025199753136,0.019434112023094734,0.0356330683837907,-0.12499571799229356,1.0,0.26059476034246587,0.7233770567033059,55.3630781380733,55.369909493793706,55.37026347799364,55.369213986252284
846.0,29.12,2.1632669616790103,0.25231053648648366,1.000000894509064,-0.0008236021686591758,0.040750032537424964,-3.6149570559196286e-06,-0.0011083420696097878,-0.002894339167398135,0.5168205291342531,-0.12433697431560871,0.01847561127397809,0.03597894391287341,-0.12586087398129864,1.0,0.2600760503877976,0.7233717212920147,55.36306925448974,55.37016550410241,55.37012894184503,55.36912829089513
847.0,29.152,2.1632098274428406,0.2536098507509742,1.0000007438649208,-0.0017854448803034091,0.04060357076532923,-4.707629473743587e-06,-0.001032396132899204,-0.0029120037729427305,0.5128152097796733,-0.12516638891793935,0.017503657354914305,0.03630823203855348,-0.1267593819665022,1.0,0.2595928536717307,0.7233378757865284,55.363130168079046,55.37039923446779,55.36994354306025,55.36904644886575
848.0,29.184,2.1631221153914946,0.2549038497161664,1.0000005610421723,-0.00274100160456425,0.040437467662256914,-5.713210890490034e-06,-0.0009344704550539953,-0.0028967439059896915,0.5087821120639284,-0.12603341308279548,0.01652749375983592,0.03661454410465273,-0.12768387434015468,1.0,0.2591453897359497,0.7232756863773537,55.363258070023484,55.37060121477166,55.36971423743385,55.36897293771512
849.0,29.216,2.163004417379974,0.25619187230630563,1.0000003499076855,-0.003678062860015815,0.040250705941850436,-6.597952711961946e-06,-0.0008171339786711215,-0.0028488705826909444,0.5047202423624122,-0.1269317201952604,0.015556331252010043,0.036892021893246765,-0.1286261526062427,1.0,0.2587335184254222,0.7231857052512443,55.363448421934095,55.370763627901795,55.36944890135348,55.36891142502972
850.0,29.248,2.1628577002882956,0.25747324118911885,1.0000001152247857,-0.004584909114951903,0.04004277758791298,-7.3338406181289105e-06,-0.000683144985361146,-0.00276929946727271,0.5006288442340817,-0.12785396448214437,0.014599199649009142,0.03713540558525627,-0.1295773917909835,1.0,0.25835674286697774,0.7230688549673099,55.36369534723553,55.37088059699723,55.369156001921475,55.36886446139513
851.0,29.28,2.1626832844008486,0.25874727800031616,0.999999862426568,-0.005450496482720108,0.0398136503499159,-7.89994430289153e-06,-0.0005353591510633914,-0.002659527273779523,0.49650742342535437,-0.1287919947234993,0.013664805908620781,0.03734008530393717,-0.1305283460896007,1.0,0.2580142190173493,0.7229264070324303,55.36399204814685,55.3709483447844,55.36884421392033,55.36883332274717
852.0,29.312,2.162482816474639,0.2600133169243545,0.999999597360837,-0.006264622694054917,0.039563716376197315,-8.283304094719439e-06,-0.00037664656107526075,-0.0025215900624904063,0.49235576611192006,-0.12973706361192344,0.012761400993410027,0.0375021373099244,-0.1314695499013637,1.0,0.2577047715166558,0.7227599552793731,55.36433121460854,55.37096521048446,55.36852204136902,55.36881799065087
853.0,29.344,2.16225823822921,0.2612707162139627,0.9999993260224846,-0.00701807016964539,0.0392937278002568,-8.479323510696128e-06,-0.00020982101101948088,-0.002358006444492518,0.488173950594871,-0.13068003261111208,0.011896657628896684,0.037618346115542586,-0.13239150888875337,1.0,0.2574269153900522,0.72257138474909,55.364705390704835,55.37093153510829,55.36819748793034,55.36881724863745
854.0,29.376,2.162011751054196,0.26251886739657126,0.999999054356339,-0.0077027242191968145,0.03900472445651778,-8.489567052821771e-06,-3.758056682665816e-05,-0.0021717123102580616,0.48396234952415,-0.13161167029182613,0.011077560626512866,0.03768621393112882,-0.13328487203874045,1.0,0.2571788829799824,0.7223628368411338,55.36510736673922,55.370849347347864,55.36787789932172,55.368828725700716
855.0,29.408,2.161745777745207,0.26375720203907305,0.9999987878044192,-0.008311665905896819,0.03869795757818064,-8.329747492458177e-06,0.00013752484858032868,-0.001965975845477771,0.4797216410497135,-0.13252237710014458,0.010310311162365495,0.037703957707847256,-0.13414060630456345,1.0,0.25695865539625906,0.7221366715115356,55.365529955663796,55.37072251682199,55.3675693762275,55.368849731886975
856.0,29.44,2.1614629221211437,0.2649851962550701,0.9999985312998987,-0.008839238251984174,0.0383748192499082,-8.015766266022954e-06,0.00031313005341895394,-0.0017443267935155426,0.4754527887933434,-0.13340316467612628,0.009600248045137946,0.037670499618435715,-0.13495011522834993,1.0,0.25676399758499663,0.7218954273490613,55.365966915322836,55.370555642399786,55.367277434135026,55.368876509266975
857.0,29.472,2.161165927272956,0.2662023730171744,0.9999982890202562,-0.009281089005858103,0.03803677381575967,-7.5712388268589436e-06,0.00048706580804894916,-0.0015104727052889305,0.47115703795173947,-0.13424515700261289,0.008951783689277156,0.037585445915282935,-0.13570536524516352,1.0,0.25659249623853686,0.7216417802561005,55.36641234953288,55.37035437475184,55.367006432376314,55.368905240127546
858.0,29.504,2.1608576331917293,0.26740830260327947,0.9999980642597156,-0.009634190038340642,0.03768529956578271,-7.023766894487243e-06,0.0006573624514538892,-0.0012682197028228205,0.46683590049155405,-0.13503993665206737,0.008368357797300966,0.037449059957907524,-0.1363989809673345,1.0,0.25644159965421837,0.7213785014694953,55.36686093575648,55.37012488678501,55.36675981393566,55.36893204016819
859.0,29.536,2.1605409344565922,0.2686026015337849,0.9999978593537406,-0.009896835473033319,0.03732184157829475,-6.403311717667609e-06,0.0008222451024923259,-0.0010213968277974007,0.4624911370271187,-0.13577965345277723,0.007852408632324084,0.03726222962675589,-0.13702431987643765,1.0,0.2563086586947395,0.721108415595103,55.36730787405945,55.36987360193726,55.36654020999045,55.368953147807275
860.0,29.568,2.1602187386004195,0.2697849303973807,0.9999976756566091,-0.01006862050539902,0.03694777698736922,-5.740535359566307e-06,0.0009801228869247905,-0.0007737852010676391,0.45812473595364467,-0.13645711464942584,0.007405361939419505,0.03702643034425441,-0.1375755277148427,1.0,0.256190968043727,0.7208343592739986,55.36774881866152,55.36960695424248,55.366349562073786,55.368965078754506
861.0,29.6,2.1598939257106062,0.2709549909772472,0.9999975135701656,-0.010150402806663452,0.03656439312082687,-5.065201359039091e-06,0.001129574528757207,-0.0005290528119820218,0.45373889041751003,-0.13706585612801914,0.0070276372732595935,0.03674368474901647,-0.13804757641005444,1.0,0.25608580700364536,0.7205591410435574,55.36817980036953,55.36933118513491,55.36618924997896,55.36896474634172
862.0,29.632,2.159569309765449,0.27211252308033473,0.9999973726494009,-0.01014424828615911,0.036172878221486064,-4.40377389762658e-06,0.0012693337624360807,-0.0002906967428698731,0.4493359722284145,-0.13760024074052019,0.006718671111466741,0.03641651986956688,-0.13843628466438723,1.0,0.25599047914496775,0.7202855029048619,55.36859719268392,55.369052132494375,55.366060255273766,55.36894949115879
863.0,29.664,2.1592476021489135,0.2732573014256971,0.9999972516255418,-0.01005336301673764,0.0357743232925738,-3.7819955986395614e-06,0.0013982696286765357,-6.198634906118714e-05,0.4449185112852671,-0.13805528814905663,0.0064769557999842554,0.03604792192814117,-0.13873833472984973,1.0,0.25590235019349417,0.7200160840530451,55.368997448123984,55.368775291564226,55.365963076693866,55.36891741957681
864.0,29.696,2.158931377765404,0.2743891329747643,0.9999971486471613,-0.009882011984679853,0.03536973590835022,-3.21807439029875e-06,0.001515376876815823,0.0001540789010764525,0.4404891627444417,-0.13842705874249317,0.006300093974812309,0.03564129098686046,-0.1389512624041778,1.0,0.2558188835622367,0.7197533872114933,55.369377400494145,55.36850534979261,55.36589814295037,55.368867008298636
865.0,29.728,2.1586230440966907,0.2755078549183008,0.9999970614172062,-0.009635427147283706,0.034960060735516094,-2.72593609490501e-06,0.001619763819788659,0.0003548103951102678,0.43605068325709595,-0.13871237081470594,0.006184865515315916,0.03520039282842624,-0.13907345147939693,1.0,0.25573767307592804,0.7194997479274704,55.36973393753942,55.36824639516395,55.365865615461715,55.36879748049594
866.0,29.76,2.1583248135280555,0.27661333354030143,0.9999969873738379,-0.009319705269850145,0.03454620693751906,-2.3138552601720242e-06,0.001710645541101211,0.0005378633491940334,0.43160590417901945,-0.13890889482436966,0.0061273063708130165,0.03472930988885194,-0.13910411725917152,1.0,0.25565647245588374,0.7192573071738995,55.37006409136522,55.36800175292092,55.36586550219508,55.3687087303786
867.0,29.792,2.1580386792270185,0.2777054640854525,0.9999969238831482,-0.008941696907405197,0.034129079535970594,-1.9840840533025244e-06,0.0017873420314613371,0.0007012633086485687,0.4271577056045429,-0.13901512673440009,0.006122797128519587,0.034232390607689664,-0.13904328576923858,1.0,0.2555732212127453,0.7190279875554085,55.370365030264125,55.36777396359257,55.365897646555226,55.368601349366145
868.0,29.824,2.157766394823734,0.27878417167492936,0.999996868381958,-0.008508887602648445,0.033709612171152106,-1.7344121937268294e-06,0.001849279182302148,0.0008434236937586434,0.4227089886342576,-0.13903044160670072,0.006166159261608007,0.033714196861702336,-0.13889176594770833,1.0,0.2554860666592712,0.7188134733787136,55.370634158675244,55.367564701736214,55.36596180295476,55.36847655725781
869.0,29.856,2.157509458074398,0.27984941324344254,0.9999968185670954,-0.008029273416740305,0.03328879901603671,-1.5567144552586217e-06,0.001895997153790804,0.0009631587873249059,0.41826265221857406,-0.13895494877029319,0.006251756560102474,0.03317944978158744,-0.13865112436014163,1.0,0.255393381846347,0.718615194775384,55.37086904610179,55.36737490583148,55.36605745040893,55.368336293038624
870.0,29.888,2.1572690986775567,0.2809011803782504,0.999996772517139,-0.007511231151294255,0.03286772296274586,-1.4390611376147154e-06,0.0019271609715388006,0.0010596873080118132,0.413821567542289,-0.138789566174972,0.006373600012828566,0.03263297307976755,-0.13832365276884398,1.0,0.2552937792676829,0.7184343160470892,55.371067600989896,55.36720472225928,55.36618385077325,55.36818307587934
871.0,29.92,2.157046270333811,0.2819395028766943,0.9999967287946385,-0.006963385742048128,0.03244757807637115,-1.36632814090598e-06,0.0019425748505933875,0.0011326287034765905,0.4093885542697794,-0.13853595956154258,0.006525453537579971,0.032079634488993605,-0.1379123345287969,1.0,0.2551861202741049,0.7182717283181717,55.37122811622358,55.36705361119881,55.36633995269854,55.368019957592324
872.0,29.952,2.156841647083561,0.2829644527727324,0.9999966865139948,-0.006394476570317769,0.03202968425119153,-1.3212701176212858e-06,0.0019421986282643325,0.00118199174999219,0.40496635767667594,-0.13819651185969695,0.006700938497144626,0.031524285495491654,-0.13742080803670592,1.0,0.255069520210901,0.7181280465178428,55.371349357748564,55.366920451492426,55.36652432410221,55.36785041506639
873.0,29.984,2.1566556238893733,0.283976148532329,0.9999966453731305,-0.0058132248183656535,0.031615492487393315,-1.2856520084647539e-06,0.001926164845433701,0.0012081556756280034,0.40055762676989504,-0.13777428934488345,0.006893635040515296,0.030971699938954912,-0.13685332670852798,1.0,0.2549433493698201,0.7180036106399497,55.371430647728225,55.36680367713905,55.36673509186608,55.367678211909826
874.0,30.016000000000002,2.156488321356307,0.28497475908389075,0.9999966056491637,-0.0052282041583251405,0.03120657973630471,-1.2413739619576692e-06,0.001894794813923039,0.0012118443242869583,0.396164893506871,-0.1372730044293575,0.007097178561424529,0.030426512317740934,-0.13621471479266353,1.0,0.2548072299247238,0.717898491149433,55.371471933747905,55.3667014394536,55.36696989773821,55.36750723348573
875.0,30.048000000000002,2.1563395944076094,0.2859605073363671,0.9999965681602918,-0.004647717146796788,0.030804632889885164,-1.1715272467405214e-06,0.001848611915523124,0.0011940942078939077,0.3917905532438952,-0.13669697465406755,0.007305349883162331,0.02989315686835839,-0.13551031826585053,1.0,0.25466102909380134,0.7178124983243707,55.371473834739724,55.36661178543908,55.367225879748425,55.36734130349621
876.0,30.080000000000002,2.1562090446580986,0.2869336728462526,0.999996534197889,-0.004079679672211452,0.030411422183922496,-1.0613250868429783e-06,0.0017883504312795606,0.001156217628746845,0.3874368465678851,-0.13605107727464905,0.007512158130922621,0.029375808655738005,-0.1347459501112679,1.0,0.2545048488384203,0.7177451952447368,55.37143765606797,55.36653283929613,55.36749968625365,55.367183994371956
877.0,30.112000000000002,2.156096036157319,0.28789459332618805,0.9999965054343081,-0.0035315156493576053,0.030028764997982987,-8.988619050465099e-07,0.001714958412910204,0.0010997623467392421,0.3831058426911985,-0.13534069878402435,0.007711915607295643,0.028878327994923486,-0.13392782944051002,1.0,0.2543390124656057,0.7176959140681417,55.37136536954601,55.366462971476295,55.36778752603668,55.36703844673235
878.0,30.144000000000002,2.1559997141135088,0.2888436647409703,0.9999964838129851,-0.003010063869074428,0.029658481711944726,-6.756663423201908e-07,0.0016295934760971373,0.0010264694665840155,0.3787994246110501,-0.13457167877888393,0.007899304308157315,0.02840420951885109,-0.13306251418109796,1.0,0.25416404854453434,0.7176637751732734,55.37125955861172,55.36640093909312,55.3680852531302,55.36690721425766
879.0,30.176000000000002,2.155919026161504,0.28978133980842635,0.9999964714281047,-0.002521498500149264,0.02930234585800208,-3.870275142037191e-07,0.0015336108878661761,0.000938231284588431,0.37451927624986736,-0.1337502477477947,0.008069433977664419,0.027956537116942768,-0.132156827388213,1.0,0.2539806725747041,0.7176477087075234,55.37112333370802,55.36634598334263,55.368388480009834,55.36679214893689
880.0,30.208000000000002,2.1558527457059067,0.29070812480784775,0.9999964704012705,-0.002071264237415991,0.0289620312319185,-3.2088567913923756e-08,0.0014285438851734098,0.0008370507362356155,0.37026687179749274,-0.13288295861980554,0.008217891782110673,0.02753794581402411,-0.13121777762529388,1.0,0.2537897668532904,0.7176464780490558,55.37096022700742,55.36629787385075,55.368692708599106,55.36669433777772
881.0,30.240000000000002,2.1557994968566905,0.29162457469122055,0.9999964827623542,-0.0016640265380063453,0.028639058855400138,3.8628386600514343e-07,0.0013160767333773291,0.0007250038239693795,0.36604346746842326,-0.13197661224107018,0.008340783781420964,0.02715059146121187,-0.13025247426023664,1.0,0.2535923589818371,0.7176587046865248,55.37077407811433,55.366256895921985,55.36899346603487,55.36661409630387
882.0,30.272000000000002,2.1557577804776464,0.2925312865853481,0.9999965103409961,-0.0013036368451263536,0.028334746691486046,8.618325601783542e-07,0.0011980115440963764,0.0006042060062186298,0.36185009586638994,-0.13103817731596085,0.008434768401268188,0.02679612889347209,-0.12926803890863456,1.0,0.25338959942983386,0.7176828940309213,55.37056892256359,55.36622378344131,55.369286432069686,55.36655101756267
883.0,30.304000000000002,2.1557260008866996,0.2934288918592874,0.9999965546741864,-0.000993112217087532,0.02805016481060259,1.385412194687684e-06,0.0010762302673264917,0.000476783046261588,0.3576875631147975,-0.13007470572682722,0.008497082081402704,0.02647569898759106,-0.12827151459193795,1.0,0.2531827385383082,0.7177174617010369,55.37034889289333,55.366199606372135,55.3695675472392,55.36650406922084
884.0,30.336000000000002,2.1557024927776554,0.29431804700535097,0.9999966169340515,-0.0007346284076337189,0.027786098314486866,1.9456207860091262e-06,0.0009526535202145853,0.0003448463194295385,0.3535564488661909,-0.1290932445021802,0.008525557218647598,0.02618992483808238,-0.12726977444194898,1.0,0.2529731033048532,0.7177607598626616,55.37011813822141,55.36618562632909,55.36983309505968,55.366471726711076
885.0,30.368000000000002,2.155685547971031,0.29519942363879426,0.9999966978785128,-0.0005295252070158791,0.027543019795102697,2.529514413901477e-06,0.0008291980097535749,0.00021047212802598794,0.3494571092491183,-0.12810074600890195,0.00851863246233317,0.02593891705635833,-0.12626943195698329,1.0,0.25276207424743113,0.7178111032469823,55.369880763697665,55.36618313594779,55.37007975642018,55.366452127962376
886.0,30.400000000000002,2.155673441642767,0.2960736979585403,0.999996797825977,-0.0003783227582460077,0.0273210724920647,3.1233582560574706e-06,0.0007077342678697417,7.568423168482545e-05,0.3453896827491521,-0.12710397817826793,0.008475355374603578,0.02572228798639365,-0.12527675489114445,1.0,0.2525510626024769,0.7178667945207862,55.3696407869388,55.36619329772965,55.370304638957435,55.366443235018096
887.0,30.432000000000002,2.155664457719716,0.29694154002803513,0.9999969166537634,-0.0002807475953381375,0.027120064671712674,3.7133683281065332e-06,0.0005900462797324026,-5.75613967523818e-05,0.34135409895531216,-0.12610943672387834,0.008395377450090644,0.025539174415117754,-0.12429758483617612,1.0,0.25234148807705653,0.717926148725633,55.36940210550823,55.366216996196556,55.37050528760351,55.36644298936437
888.0,30.464000000000002,2.1556569131669105,0.2978036032322753,0.9999970538409282,-0.00023576727517515806,0.026939475132504626,4.287098898103633e-06,0.00047779537775215593,-0.00018739160539560422,0.33735008896640595,-0.12512329479082482,0.008278941480901724,0.02538826814625624,-0.12333726294250538,1.0,0.25213475734751595,0.7179875165420533,55.369168499430366,55.366254682799855,55.37067971532452,55.366449404561756
889.0,30.496000000000002,2.155649180915938,0.29866051423358064,0.9999972084399636,-0.0002416328428872514,0.02677846879079249,4.831219858197895e-06,0.0003724845596185575,-0.0003120268344147416,0.3333772032166547,-0.1241511724492735,0.00812686121466041,0.025267853212020717,-0.1224005718108511,1.0,0.25193224348807247,0.7180493061592647,55.368943453391424,55.36630643062148,55.37082625905256,55.366460879268814
890.0,30.528000000000002,2.1556397112327064,0.2995128637637916,0.9999973792019755,-0.00029592760099339505,0.026635922819092498,5.336312870751753e-06,0.000275434286213707,-0.0004297983594454682,0.3294348230063248,-0.12319833427665,0.00794049422838585,0.025175850099819225,-0.12149167638128948,1.0,0.25173526646729755,0.7181100035834337,55.368730381456345,55.36637161870894,55.37094381798653,55.36647594915249
891.0,30.560000000000002,2.155627051305603,0.3003611984645765,0.999997564620171,-0.00039562272198534444,0.026510459399527498,5.794318608254296e-06,0.0001877601962442733,-0.0005391623693875329,0.32552218090022733,-0.12226941296340951,0.007721707022095215,0.025109863650258864,-0.12061408645728051,1.0,0.25154507490330064,0.7181681911923083,55.36853235713706,55.36644913104187,55.371031670427605,55.36649359049827
892.0,30.592000000000002,2.1556098628752554,0.30120601398341085,0.9999977630038729,-0.0005371384483587867,0.026400484963573823,6.199490684699599e-06,0.00011035844617442387,-0.0006387158652846206,0.3216383804712585,-0.12136843008450844,0.007472833635161746,0.025067234731023416,-0.11977062888596077,1.0,0.2513628292341063,0.7182225643852185,55.368352134377666,55.36653730659392,55.371089539015806,55.366513162005354
893.0,30.624000000000002,2.1555869377374646,0.3020477494574489,0.9999979725548168,-0.0007164105559620542,0.026304233563688762,6.548466997824403e-06,4.389783037602034e-05,-0.0007272131795046494,0.3177824172948338,-0.12049875699362436,0.0071966281713787186,0.025045093937453255,-0.118963433004654,1.0,0.251189586471269,0.7182719461827926,55.36819208364277,55.36663400108783,55.37111760333198,55.36653438993105
894.0,30.656000000000002,2.155557210967931,0.30288678345355935,0.9999981914413246,-0.0009289615479218796,0.02621981237845188,6.840203368996261e-06,-1.1181319757889383e-05,-0.0008035824968180332,0.3139532007562946,-0.11966308907721372,0.006896211970333214,0.025040415953612918,-0.11819392930617333,1.0,0.2510262867058508,0.7183152996430879,55.36805413357634,55.366736678962994,55.37111650860747,55.36655732413665
895.0,30.688000000000002,2.1555197717385854,0.30372343137030283,0.9999984178664053,-0.0011699759170508129,0.026145247398233807,7.075783771404159e-06,-5.4661734674947584e-05,-0.0008669415608036719,0.31014957623664813,-0.11886343329208578,0.00657501631602739,0.025050073285570667,-0.11746286089102007,1.0,0.2508737415314514,0.7183517379769072,55.36793972284829,55.36684253058172,55.37108736657268,55.36658226923498
896.0,30.72,2.155473871621808,0.3045579442497193,0.9999986501264806,-0.0014343786493011183,0.026078527481768296,7.258127352611466e-06,-8.653785393685984e-05,-0.0009166116220268111,0.30637034725208095,-0.1181011087169911,0.006236721691485098,0.025070888215219873,-0.11677030690450023,1.0,0.2507326245371102,0.7183805322663255,55.36784976858431,55.366948606435216,55.37103174298173,55.36660969788085
897.0,30.752,2.155418930311231,0.3053905088963595,0.9999988866582331,-0.0017169159555185927,0.02601764520750516,7.39161726617809e-06,-0.00010699933219056265,-0.0009521286661555799,0.3026142971426269,-0.11737675955916446,0.005885194670254286,0.02509968200150793,-0.11611571682379564,1.0,0.25060346400227684,0.7184011167178064,55.36778465626584,55.36705195856037,55.37095162788113,55.36664015464511
898.0,30.784,2.1553545387257893,0.3062212491604198,0.999999126071962,-0.0020122370450598153,0.025960633251885152,7.481679026311021e-06,-0.00011641043627084195,-0.0009732510502696941,0.29888020993579634,-0.11669037974356224,0.0055244235750076705,0.02513332055806909,-0.11549795418293292,1.0,0.2504866378965167,0.7184130914146493,55.36774425342023,55.3671497787291,55.37084938714206,55.36667415959066
899.0,30.816,2.1552804595060566,0.3070502282128672,0.9999993671707541,-0.0023149756166462843,0.025905595388980827,7.534337254783134e-06,-0.00011528652478703819,-0.000979962859131765,0.295166890051079,-0.11604134791871115,0.005158454032925294,0.0251687560430855,-0.11491534811702184,1.0,0.2503823712490092,0.7184162225719802,55.36772794648931,55.36723952340469,55.370727696502314,55.366712120380186
900.0,30.848,2.155196624956835,0.3078774516239336,0.9999996089556757,-0.0026198296631807483,0.0258507315958247,7.555778801238138e-06,-0.00010426887742793776,-0.0009724725445643137,0.29147318055920635,-0.11542847146661633,0.004791325519603835,0.02520306399368292,-0.11436575098048551,1.0,0.25029073590904805,0.7184104403393696,55.367734697424275,55.367319017034,55.370589461956534,55.36675426040228
901.0,30.88,2.155103132535154,0.30870287105228117,0.9999998506180066,-0.002921638177527661,0.02579435713586165,7.5519478379137904e-06,-8.409912393205721e-05,-0.0009512066967051385,0.2877979797635558,-0.11485003792270689,0.004427009918372183,0.025233475811573366,-0.11384660025074989,1.0,0.2502116526710847,0.7183958342393255,55.367763114423404,55.36738652773244,55.3704377321943,55.36680056819744
902.0,30.912,2.1550002380260107,0.30952638835949625,1.0000000915202298,-0.0032154534107264846,0.025734915850471305,7.528194477524057e-06,-5.559441505371974e-05,-0.0009167990810100037,0.28414025592743364,-0.11430387210556725,0.004069353036621454,0.025257406553933284,-0.11335498296618525,1.0,0.2501448956891908,0.7183726463720397,55.36781153003595,55.367440812456636,55.37027560971927,55.36685077074107
903.0,30.944,2.1548883465871613,0.31034785998159103,1.000000331168028,-0.003496607464043008,0.025670988190461933,7.4889936890754e-06,-1.962429448912119e-05,-0.0008700753277168694,0.28049906002754826,-0.11378739722787405,0.003722019924558129,0.025272478101989737,-0.11288770105639549,1.0,0.2500900990589049,0.7183412625556984,55.367878079793535,55.36748113183173,55.37010616710403,55.36690433037992
904.0,30.976,2.154768001877461,0.3111671014135203,1.0000005691758858,-0.0037607721781324176,0.025601294747788748,7.4377455583363105e-06,2.2910004472396543e-05,-0.0008120338582651765,0.27687353646829377,-0.11329769830693182,0.003388444739838586,0.025276537871490062,-0.11244133609090282,1.0,0.25004676540170295,0.7183022016056337,55.36796077541383,55.367507237462796,55.36993237376071,55.366960462847636
905.0,31.008,2.15463987350952,0.3119838916917025,1.0000008052290743,-0.004004011498165424,0.025524696193194075,7.376662142233308e-06,7.10933727922888e-05,-0.0007438237635636835,0.2732629317414783,-0.11283158630582275,0.0030717857968831784,0.02526767329761537,-0.11201231218265215,1.0,0.25001427625067124,0.7182561029833199,55.368057568173974,55.36751933647445,55.36975703691194,55.36701817211877
906.0,31.04,2.1545047430863886,0.31279797779049767,1.0000010390447793,-0.004222825722849374,0.025440190587349535,7.306740781864989e-06,0.0001240115405923562,-0.0006667204107480375,0.2696666010602271,-0.11238566160236317,0.00277488633404824,0.025244222375097724,-0.11159695601800794,1.0,0.24999190400656174,0.7182037130670741,55.36816639990889,55.3675180390437,55.36958275850456,55.36707629703233
907.0,31.072,2.1543634890937287,0.31360907887909906,1.0000012703349672,-0.004414187270623811,0.025346909018793252,7.227818371591248e-06,0.00018076271275751672,-0.0005820995561029736,0.2660840130329685,-0.11195637558698962,0.0025002414249300324,0.02520478056534773,-0.1111915532282105,1.0,0.24997882521178894,0.7181458703102004,55.36828524088819,55.36750429486646,55.36941190798726,55.36713356457387
908.0,31.104,2.15421707092401,0.31441689041331367,1.0000014987732748,-0.004575567803713483,0.025244110444206498,7.1386971126075e-06,0.00024046633223773824,-0.0004914106958424746,0.26251475247313877,-0.11154008941589272,0.0022499713519092916,0.02514820439801064,-0.11079240055363809,1.0,0.24997413487601342,0.718083489559577,55.36841211531693,55.367479324000286,55.36924660940447,55.367188645272094
909.0,31.136,2.154066512308586,0.31522108806071364,1.0000017239677996,-0.004704956731993444,0.02513117648124915,7.0373289001723845e-06,0.00030226931619199536,-0.000396150309623855,0.25895852146249326,-0.11113312917745263,0.0020258016500190237,0.025073612096017116,-0.11039585346966695,1.0,0.24997686158022958,0.7180175458090043,55.36854511624349,55.36744454660835,55.3690887402909,55.3672402070949
910.0,31.168,2.1539128844279842,0.316021331476649,1.0000019454411835,-0.004800871268806346,0.025007606747980464,6.921043245455832e-06,0.0003653501983531164,-0.00029783555959111545,0.2554151388010728,-0.11073183695359384,0.001829049918809153,0.024980381541945765,-0.10999836913272637,1.0,0.2499859830859045,0.7179490576578306,55.36868241224013,55.36740151503014,55.368939939368104,55.36728696529464
911.0,31.2,2.153757288961376,0.31681726796212567,1.0000021626188615,-0.004862358331511603,0.024873015171145478,6.78680243948459e-06,0.00042892165381255186,-0.00019797891328745393,0.25188453798559507,-0.11033261746317054,0.0016606193891624153,0.02486814588101876,-0.10959654466188389,1.0,0.2500004421807751,0.7178790707373061,55.36882224837735,55.36735185053899,55.368801620008206,55.36732772664141
912.0,31.232,2.1536008413238528,0.3176085360424939,1.000002374825824,-0.004888988672596679,0.02472712751150697,6.631467576456712e-06,0.0004922318872815091,-9.806407102260886e-05,0.24836676386124912,-0.10993198015317987,0.0015209991237879906,0.02473678702414031,-0.10918715089255651,1.0,0.25001916250242395,0.7178086413555981,55.368962943890125,55.36729718622665,55.36867498667921,55.36736142730018
913.0,31.264,2.153444654325495,0.31839476900851393,1.0000025812917317,-0.004880843698679134,0.024569780188126215,6.452059615746902e-06,0.0005545653412455447,4.7649728716312655e-07,0.24486196809054683,-0.10952657675114748,0.001410270625367937,0.024586427275868006,-0.10876716182473464,1.0,0.25004106409386556,0.7177388205980804,55.36910288860617,55.367239116766875,55.36856105204284,55.367387164176485
914.0,31.296,2.1532898224698207,0.3191755984591555,1.0000027811637693,-0.004838495489822843,0.024400920332548807,6.246001174603493e-06,0.0006152431345210187,9.62821623539407e-05,0.24137040357812845,-0.10911323440577274,0.0013281205273561322,0.024417419270202186,-0.10833378004042331,1.0,0.2500650784613388,0.7176706391029202,55.36924053980248,55.36717915534104,55.368460652895656,55.3674042198957
915.0,31.328,2.153137407091406,0.31995065787909355,1.0000029735262266,-0.004762980575459537,0.024220606873064078,6.0113267905115235e-06,0.0006736235814302311,0.00018808269732361636,0.23789241798325064,-0.10868898462333003,0.0012738589510901416,0.024230334354860696,-0.10788445838709221,1.0,0.2500901629227216,0.7176050927135019,55.36937442073506,55.367118697741155,55.36837446367115,55.36741208172011
916.0,31.36,2.1529884225134492,0.320719586274032,1.0000031574254866,-0.004655768061148642,0.024029012341827256,5.746851876320397e-06,0.0007291030726019901,0.0002747146322195387,0.23442844644313277,-0.10825108825590132,0.0012464430300645661,0.02402594952609173,-0.10741691822009192,1.0,0.25011531405503096,0.7175431291890876,55.36950312168227,55.367058993550756,55.368303006710875,55.367410454699154
917.0,31.392,2.1528438233859384,0.32148203187452007,1.0000033318988748,-0.004518722734714316,0.0238264250152515,5.452293380669987e-06,0.0007811175242416199,0.00035513527046125243,0.2309790036212617,-0.10779705681749721,0.001244505030152416,0.023805232983963864,-0.10692916447192324,1.0,0.250139580071004,0.7174856361334931,55.36962530399533,55.36700112428135,55.3682466589269,55.36739926925858
918.0,31.424,2.1527044933438804,0.32223765590464776,1.0000034960056974,-0.0043540638143130216,0.023613250941490242,5.128338205484524e-06,0.0008291445263727708,0.00042843426036928586,0.22754467518595417,-0.10732467039970038,0.001266384433347552,0.023569328355460013,-0.10641949777503103,1.0,0.2501620719775576,0.717433430278551,55.36973970732612,55.366945988375846,55.368205654847785,55.36737868329938
919.0,31.456,2.1525712351028004,0.3229861363967595,1.0000036488587565,-0.0041643200337504425,0.02339001537849173,4.776658096838911e-06,0.000872706244100579,0.0004938426366447436,0.22412610881656939,-0.10683199243392359,0.0013101633048977187,0.02331953762148911,-0.10588652381253127,1.0,0.25018197339278286,0.7173872482348651,55.36984515994157,55.36689429301992,55.36818008633089,55.367349078766956
920.0,31.488,2.152444762085394,0.3237271720179318,1.0000037896546874,-0.0039522817939507925,0.02315736316163377,4.399872841065462e-06,0.00091137305101832,0.0005507392702572945,0.22072400482824486,-0.10631738150778818,0.0013737042284180036,0.023057302785578503,-0.10532916001306822,1.0,0.25019854892292115,0.7173477387969059,55.36994059175924,55.36684655272338,55.3681698995043,55.36731105256127
921.0,31.52,2.152325691648922,0.32446048585924725,1.0000039177015985,-0.0037209511397490146,0.02291605754110857,4.001465971070758e-06,0.0009447678022312191,0.0005986546926884096,0.21733910650121024,-0.10577950039345321,0.0014546900741112933,0.022784186336453717,-0.10474663964671486,1.0,0.2502111510262762,0.7173154568630842,55.37002504953044,55.36680309458207,55.36817488970311,55.367265401664525
922.0,31.552,2.152214539957782,0.32518582912565025,1.0000040324426942,-0.0034734903481270477,0.022666977075093735,3.5856592417449173e-06,0.0009725705879618565,0.0006372722934808804,0.2139721901978033,-0.10521732239075714,0.001550664860478401,0.022501850583584386,-0.10413851332317536,1.0,0.250219225317046,0.717290859004281,55.37009771336614,55.36676407003777,55.3681946953728,55.36721310243086
923.0,31.584,2.1521117185199,0.3259029846531309,1.000004133474829,-0.003213169933805046,0.022411110233769967,3.15725421501378e-06,0.0009945237497236102,0.0006664269296688171,0.2106240553492673,-0.10463013503280705,0.001659074981256294,0.022212035981984093,-0.10350464784576237,1.0,0.25022231428832925,0.7172743006867607,55.37015791362228,55.366729472772434,55.36822879205123,55.36715528415289
924.0,31.616,2.1520175323795017,0.3266117701718348,1.000004220561235,-0.002943316887452083,0.02214954745949694,2.721450183262861e-06,0.0010104368922807976,0.0006861010317961878,0.20729551439511334,-0.10401754115041081,0.0017773100969581714,0.021916538607627923,-0.10284522233851157,1.0,0.2502200594597144,0.717266035127897,55.37020514702158,55.366699162129066,55.36827648763423,55.36709319727916
925.0,31.648,2.151932179932847,0.3273120412290042,1.0000042936379907,-0.0026672639579644586,0.021883470536544054,2.2836486174293548e-06,0.001020191589004888,0.0006964183427892301,0.20398738276001488,-0.10337945724880857,0.0019027430332252881,0.02161718699415432,-0.10216072154248855,1.0,0.25021220198047717,0.7172662137362324,55.370239090805946,55.36667289115493,55.368336920155095,55.367028176980845
926.0,31.68,2.1518557543082197,0.32800369368486676,1.0000043528141311,-0.002388300769595728,0.021614139245704884,1.8492543885084683e-06,0.0010237454587267093,0.0006976354809286119,0.20070046895643773,-0.1027161091189133,0.0020327680855066234,0.02131581859113879,-0.10145192617314087,1.0,0.2501985817439847,0.7172748880616862,55.370259613727164,55.36665033803239,55.368409059231745,55.366961603143416
927.0,31.712,2.1517882462273876,0.32868666569797134,1.0000043983656088,-0.0021096275260035196,0.02134287540951801,1.4234836781534797e-06,0.0010211352912608412,0.0006901315733665881,0.19743556490500996,-0.10202802458886721,0.0021648371981387005,0.021014256150120054,-0.10071990024484359,1.0,0.250179135091902,0.7172920131578798,55.37026678278493,55.366631139348875,55.36849171217103,55.366894858231
928.0,31.744,2.151729548243612,0.329360939124093,1.0000044307236133,-0.0018343119929931078,0.021071044566301263,1.011187640564958e-06,0.0010124789181426997,0.0006743962582350199,0.19419343656839777,-0.10131602332188533,0.002296493564555813,0.020714284382367616,-0.0999659753017556,1.0,0.25015389120761217,0.7173174522372892,55.37026086486207,55.366614923383885,55.368583535414835,55.3668292848125
929.0,31.776,2.1516794602316867,0.3300265402645362,1.000004450458002,-0.0015652503726620846,0.020800035638850866,6.16699642741469e-07,0.0009979755650823662,0.0006510163967932721,0.19097481499756816,-0.10058120358439956,0.00242540227807294,0.02041762725935065,-0.09919173154486222,1.0,0.2501229673163712,0.7173509824818441,55.370242322707725,55.3666013414411,55.36868305165363,55.366766144762124
930.0,31.808,2.1516376959890513,0.3306835399150558,1.0000044582567902,-0.001305132582354872,0.020531239078736673,2.437121338072499e-07,0.0009779044820796778,0.000620661868077854,0.18778038789115986,-0.09982492594440595,0.002549377748014914,0.020125926339790563,-0.09839897591137198,1.0,0.2500865628245849,0.7173923018573108,55.3702118051504,55.36659009522901,55.3687886724551,55.36670658224437
931.0,31.84,2.151603890794234,0.3313320526850656,1.0000044549027935,-0.0010564123380379922,0.020266024062806972,-1.0481239487436502e-07,0.0009526217229277945,0.000584070833049935,0.1846107917686711,-0.099048793912194,0.002666407677868344,0.019840720505516135,-0.09758971724120269,1.0,0.25004495254185943,0.7174410367696846,55.370170131840155,55.36658095846573,55.36889872579759,55.366651592488054
932.0,31.872,2.151577609760106,0.3319722355774787,1.000004441248579,-0.0008212823165015807,0.02000571538790864,-4.266942077446597e-07,0.0009225550333622024,0.0005420348508009705,0.18146660485584348,-0.09825463160235248,0.0027746734785223178,0.019563427471196566,-0.09676613875180655,1.0,0.24999847913687628,0.717496750396143,55.37011827325679,55.36657379123051,55.36901148744295,55.36660199806704
933.0,31.904,2.1515583568148027,0.33260428584143176,1.0000044181908987,-0.0006016545407300228,0.01975157074853363,-7.2055250655012e-07,0.0008881969002988177,0.0004953842050321086,0.17834834077558953,-0.09744445857330321,0.0028725670575095747,0.019295327401948798,-0.09593056813206173,1.0,0.24994754498162058,0.7175589515218828,55.37005732706227,55.36656854610342,55.36912521473435,55.36655843392825
934.0,31.936,2.1515455841426423,0.3332284381322094,1.0000043866457256,-0.0003991460050117853,0.019504759086802128,-9.857866606344237e-07,0.0008500959066815622,0.00044497375583334804,0.17525644312990207,-0.09662046208463916,0.0029587039824759075,0.019037548929237112,-0.09508544565306634,1.0,0.24989260353820877,0.7176271037171501,55.36998849209094,55.366565265777155,55.36923818120472,55.36652134179221
935.0,31.968,2.1515387019206464,0.3338449610337984,1.0000043475249012,-0.00021506943737037413,0.019266340674655557,-1.2225257611797591e-06,0.0008088466207444173,0.0003916695732285208,0.17219128104735903,-0.09578496709821128,0.0030319330637921123,0.018791057801992275,-0.09423329077311995,1.0,0.2498341504388498,0.717700634695521,55.369913041335245,55.3665640725171,55.36934871034699,55.366490973864764
936.0,32.0,2.1515370881928924,0.3344541530186384,1.0000043017152598,-5.042899231533222e-05,0.019037249526249866,-1.43155129417316e-06,0.0007650783190450378,0.0003363365400057384,0.1691531457572487,-0.09494040443129544,0.003091342438386257,0.01855664834895855,-0.09337666778110251,1.0,0.24977271440284746,0.717778945704378,55.36983229519019,55.366565150513026,55.36945520704151,55.366467405117916
937.0,32.032000000000004,2.1515400987342406,0.3350563379353912,1.0000042500609008,9.407941713167668e-05,0.018818278648522594,-1.6141987191351929e-06,0.0007194428950116825,0.00027982703851745774,0.166142248235315,-0.09408927754398493,0.003136262264827846,0.018334937862661594,-0.09251815107282173,1.0,0.24970884812566674,0.717861420810744,55.36974759596791,55.3665687227375,55.36955618544768,55.36645055279344
938.0,32.064,2.1515470767662843,0.3356518601282195,1.0000041933490802,0.00021806350136712908,0.01861006852588717,-1.7722443929059926e-06,0.0006726023364728914,0.00022297076616476866,0.16315871794811299,-0.0932341285042375,0.00316626416185584,0.018126363947384542,-0.09166029068565941,1.0,0.24964311926463853,0.7179474359593695,55.36966028438024,55.36657502432768,55.36965029255162,55.36644020132987
939.0,32.096000000000004,2.151557362400918,0.33624107929968367,1.0000041322999713,0.00032142608230586187,0.018413099108252638,-1.9077846524771044e-06,0.0006252161660845815,0.00016656566356796664,0.16020260270355605,-0.09237750371859146,0.003181157540558993,0.01793118480546712,-0.09080557872624159,1.0,0.24957610163456861,0.7180363676943665,55.36957167832845,55.366584274718996,55.369736326999735,55.3664360306398
940.0,32.128,2.151570301700012,0.33682436523369724,1.000004067560338,0.00040435309668633855,0.01822768543792631,-2.023113537808153e-06,0.0005779292289692703,0.00011136989300048833,0.15727386959507852,-0.09152192004192694,0.00318098299599631,0.01774948237030868,-0.08995641731332706,1.0,0.24950836671500437,0.7181276014500172,55.36948305401675,55.36659665076528,55.36981325324616,55.36643764558321
941.0,32.160000000000004,2.15158525525276,0.33740209249505987,1.0000039997009629,0.0004672985233766279,0.018053976917580046,-2.120605475941269e-06,0.0005313601847405778,5.809477580774361e-05,0.15437240700660812,-0.09066983188460274,0.003166002940366322,0.01758116813204733,-0.08911508862432371,1.0,0.24944047555967283,0.7182205393300529,55.36939562919617,55.36661226289659,55.369880211332664,55.36644460459113
942.0,32.192,2.1516016061848697,0.3379746352181339,1.0000039292175023,0.0005109666284253696,0.017891960096066167,-2.2026081444861607e-06,0.0004860910195934984,7.398587066914822e-06,0.15149802762594547,-0.08982359991900378,0.003136689675982669,0.01742599144606975,-0.08828372758054022,1.0,0.24937297118803697,0.7183146073072807,55.36931054821407,55.366631136035416,55.36993652281743,55.366456445642235
943.0,32.224000000000004,2.15161876752568,0.33854236208967725,1.0000038565343026,0.000536291900318726,0.01774146473572702,-2.2713499900348334e-06,0.0004426578419012043,-4.0118887339641954e-05,0.14865047239581272,-0.08898546195110563,0.003093711125468133,0.017283550065407875,-0.08746429763602917,1.0,0.24930637152913995,0.7184092617867484,55.36922886858702,55.36665319654889,55.36998169338917,55.36647270816699
944.0,32.256,2.1516361888703983,0.33910563162023855,1.000003782010604,0.0005444170224495104,0.01760217283004239,-2.3288655795486237e-06,0.0004015431649719208,-8.392110504266105e-05,0.14582941531535848,-0.08815750646794347,0.0030379144559504116,0.017153302599393384,-0.08665857005096385,1.0,0.24924116297897744,0.7185039954856423,55.36915154890442,55.36667826601326,55.37001541266205,55.36649294988529
945.0,32.288000000000004,2.1516533622850433,0.3396647877855246,1.000003705948498,0.0005366692076568768,0.01747363016518766,-2.3769408108440087e-06,0.0003631698164595212,-0.00012353887595966556,0.14303446899078637,-0.08734164930113048,0.002970307855272014,0.017034582571940654,-0.0858681069366305,1.0,0.24917779462437198,0.7185983425919801,55.36907943806939,55.36670606203971,55.37003755148304,55.366516758054715
946.0,32.32,2.1516698274115047,0.340220156104465,1.0000036286019793,0.0005145352019176331,0.01735525996688862,-2.4170787107927082e-06,0.00032789654796557807,-0.00015857383342331144,0.14026519082239844,-0.0865396137632651,0.002892040738329012,0.016926613736390806,-0.08509424825928669,1.0,0.2491166731785135,0.718691883172145,55.36901326605606,55.36673620589953,55.37004815693206,55.36654375507268
947.0,32.352000000000004,2.1516851757396727,0.34077204020506163,1.0000035501864464,0.0004796352552488022,0.017246378143643215,-2.4504854048698652e-06,0.0002960153532165304,-0.00018870124130316768,0.13752108970700067,-0.08575291452184554,0.0028043826812394392,0.016828526298222377,-0.08433810288841778,1.0,0.24905815866563535,0.7187842468047693,55.368953636534854,55.36676823621755,55.37004744503011,55.36657359881369
948.0,32.384,2.1516990540230303,0.3413207189132089,1.0000034709526373,0.00043369635492623073,0.017146209629604628,-2.4760565334183645e-06,0.0002677532967157427,-0.00021366921920076454,0.1348016362301686,-0.08498274850399387,0.002708701448013488,0.016739373694623954,-0.0836005480161914,1.0,0.2490025608844713,0.7188751154257363,55.368900930581745,55.366801718020156,55.37003565837459,55.366606068984964
949.0,32.416000000000004,2.151711166856135,0.3418664438597708,1.0000033909976629,0.00037852603451678165,0.017053904580056033,-2.4985929505946783e-06,0.00024326429761620738,-0.00023330879289005076,0.1321062589534933,-0.08423042923366243,0.0026064409766964223,0.016658148832217737,-0.0828822125163553,1.0,0.24895013664131976,0.718964225405101,55.368855733104866,55.366835849824,55.37001362765487,55.36664064406652
950.0,32.448,2.1517212783107023,0.3424094376859833,1.0000033104741441,0.0003159829552318653,0.01696855706914357,-2.5163599606806136e-06,0.00022263985000708483,-0.000247525482792615,0.12943436565880667,-0.08349660696687139,0.0024990969403474927,0.016583802706747763,-0.08218349909595285,1.0,0.24890108785851914,0.7190513687681706,55.368818058305074,55.36687021789172,55.36998181355066,55.36667722248033
951.0,32.480000000000004,2.1517292127366963,0.3429498927642812,1.000003229527933,0.0002479508123126306,0.01688922119680634,-2.529569095854606e-06,0.00020590924760828766,-0.00025630165356692927,0.1267853445715736,-0.08278189409583728,0.002388194558312664,0.016515260211424698,-0.0815045817116497,1.0,0.2488555604673521,0.7191363936576806,55.36878800385225,55.36690422943233,55.369940994596654,55.36671551947982
952.0,32.512,2.151734854712357,0.3434879704402676,1.0000031483027068,0.0001763117394027097,0.016814927374576967,-2.538288322584683e-06,0.0001930435844177035,-0.0002596950378782898,0.12415857200540656,-0.08208666437586347,0.0022752660359518697,0.01645143618398125,-0.08084541525974552,1.0,0.24881364410897497,0.7192192040249383,55.368765529530485,55.366937328768124,55.369892046622205,55.366755250920086
953.0,32.544000000000004,2.1517381481698203,0.3440238007687751,1.000003066942898,0.0001029205457247935,0.016744697765857935,-2.5424940208737464e-06,0.0001839605479862334,-0.00025783616197187195,0.12155341966118881,-0.08141106357935946,0.0021618286494540415,0.016391250705992923,-0.08020574785275263,1.0,0.24877537262645585,0.7192997585753711,55.3687504776691,55.36696901388276,55.369835919535994,55.366796120415906
954.0,32.576,2.151739094734172,0.34455748270971254,1.0000029855950052,2.9580135993415508e-05,0.01667756065429706,-2.5421216520718516e-06,0.00017852971225513426,-0.00025092473112800923,0.118969261552818,-0.08075502103326711,0.0020493637875863262,0.016333643473675646,-0.07958513538309292,1.0,0.24874072531972508,0.7193780690037824,55.3687425865136,55.366998851221176,55.36977361838239,55.36683781107413
955.0,32.608000000000004,2.1517377513239766,0.34508908474484795,1.0000029044074197,-4.1981568610345044e-05,0.016612563597979843,-2.537112048228423e-06,0.0001765781078026613,-0.00023922501298248314,0.11640548050737005,-0.08011826280394206,0.0019392972226875546,0.01627758711125942,-0.0789829580108606,1.0,0.24870962892469112,0.7194541975638343,55.36874150386575,55.36702648707775,55.36970618356135,55.36687998117702
956.0,32.64,2.1517342270708144,0.34561864587415475,1.000002823528994,-0.00011013291131846228,0.016548785290839297,-2.52745080420197e-06,0.00017789587250985697,-0.00022306029073995817,0.11386147418282311,-0.07950032668005427,0.001832980855962818,0.016222099330599465,-0.07839843818918528,1.0,0.24868196026771058,0.7195282540250799,55.368746800930715,55.36705165475143,55.36963467131877,55.36692226353457
957.0,32.672000000000004,2.1517286796239348,0.3461461769495775,1.0000027431066298,-0.00017335771498870058,0.016485346106959065,-2.5131988781731914e-06,0.00018224181765336023,-0.000202806489744841,0.11133666055112901,-0.07890057881176528,0.0017316761522513924,0.016166253868526485,-0.07783065984191204,1.0,0.24865754953733424,0.7196003920789931,55.36875798593375,55.36707417727525,55.3695601354076,55.366964268186685
958.0,32.704,2.1517213109134823,0.3466716623047189,1.0000026632822057,-0.0002302722016400947,0.016421417348170823,-2.494513255680006e-06,0.00018934878128720596,-0.00017888510641533056,0.10883048280324742,-0.07831823173184874,0.001636539447045726,0.016109190158354426,-0.07727858832518777,1.0,0.24863618410708488,0.7196708052625574,55.36877451704213,55.367093965958915,55.369483610554795,55.36700558801135
959.0,32.736000000000004,2.15171236245176,0.34719506164064023,1.0000025841891749,-0.0002796394288212232,0.016356229247539614,-2.471657212232693e-06,0.00019892867929580837,-0.00015175558692171725,0.10634241364317394,-0.07775236343318506,0.0015486092752011599,0.016050121712047543,-0.076741090831433,1.0,0.24861761283616088,0.7197397224738997,55.36879581422136,55.367111015272684,55.36940609812538,55.36704580666705
960.0,32.768,2.1517021102564664,0.34771631213032633,1.0000025059491608,-0.0003203811029251289,0.01628907780269236,-2.445000438222869e-06,0.00021067720164342756,-0.00012190731382830661,0.10387195894863821,-0.07720193716844881,0.001468795835330278,0.01598834320692901,-0.07621695692701401,1.0,0.24860155076960253,0.7198074031589738,55.36882126978185,55.36712539477466,55.369328554173066,55.36708450821452
961.0,32.8,2.15169085948277,0.3482353307070385,1.0000024286688491,-0.000351586678007426,0.016219330522256794,-2.41500974079738e-06,0.00022427813479043338,-8.985136257777648e-05,0.10141866078631068,-0.07666582165157178,0.00139787266864964,0.015923236283694808,-0.0757049189505475,1.0,0.24858768415566473,0.7198741322513166,55.368850257537375,55.36713723885546,55.36925187986195,55.367121287739764
962.0,32.832,2.1516789388524513,0.3487520165044563,1.0000023524374324,-0.0003725196974640604,0.016146431169304917,-2.3822317729568888e-06,0.0002394073191019554,-5.6112187271258085e-05,0.09898209977866373,-0.07614281136643233,0.001336470595413989,0.01585427407325031,-0.0752036720346952,1.0,0.24857567569594285,0.719940214948392,55.36888214062803,55.36714673507211,55.36917691410139,55.36715576233037
963.0,32.864,2.1516666949681764,0.349266253418943,1.0000022773248123,-0.00038262138359061775,0.01606990357771145,-2.3472693788664597e-06,0.000255736271383451,-2.1219387921382484e-05,0.09656189682792296,-0.07563164671943097,0.001285073916348111,0.015781024477113364,-0.07471189354861865,1.0,0.24856516994317857,0.720005971407974,55.36891627815766,55.367154111790875,55.36910442813443,55.367187581817966
964.0,32.896,2.151654486599399,0.34977791276627984,1.0000022033806986,-0.0003815115242888484,0.015989354604273948,-2.3107535537800394e-06,0.0002729355171122034,1.4300299520538185e-05,0.09415771420976735,-0.07513103380553804,0.0012440188522260208,0.01570315223162132,-0.07422826178956692,1.0,0.2485557987625246,0.7200717314465104,55.36895203087887,55.36715962576126,55.36903512174574,55.367216438799474
965.0,32.928,2.151642679023476,0.35028685600669407,1.0000021306346831,-0.00036898674760092634,0.015904476262946377,-2.2733129823040715e-06,0.00029067768462319476,4.9930662086340876e-05,0.09176925605563656,-0.0746396635895185,0.0012134941611891983,0.01562041979000107,-0.07375147377948245,1.0,0.24854718677428328,0.7201378293184933,55.36898876617452,55.367163550143125,55.368969620749716,55.36724207754097
966.0,32.96,2.151631638501488,0.3507929375129087,1.0000020590972964,-0.00034501631211710264,0.015815047069205022,-2.235543333783701e-06,0.0003086404151757606,8.517320373566253e-05,0.08939626824776147,-0.07415623033344759,0.001193543841701833,0.015532687058545307,-0.0732802620455558,1.0,0.24853895669962178,0.7202045986516972,55.36902586258897,55.367166163402146,55.3689084754311,55.36726430146635
967.0,32.992,2.151621726963114,0.35129600735628674,1.000001988761997,-0.0003097355741888194,0.015720932605566004,-2.197978105078733e-06,0.0003265091392971668,0.00011955377522590536,0.0870385377554737,-0.07367944912773956,0.0011840717999680216,0.0154399100255822,-0.07281341028229718,1.0,0.24853073453535432,0.7202723676078485,55.36906271414099,55.367167739382914,55.36885215964404,55.36728297902034
968.0,33.024,2.1516132969687978,0.35179591408599536,1.0000019196079861,-0.000263437322386954,0.015622085303392666,-2.1610628425647673e-06,0.00034397976208502405,0.00015262855563697833,0.08469589144509931,-0.07320807240485651,0.0011848483335785843,0.015342138323483934,-0.07234976780716454,1.0,0.24852215448945364,0.7203414543319895,55.369098734591326,55.36716853879282,55.36880107035123,55.36729804775897
969.0,33.056,2.151606687010579,0.35229250747560087,1.0000018515311795,-0.00020656119432973572,0.015518543425173713,-2.1274002073859e-06,0.000360764505141761,0.00018398610703256084,0.08236819787868911,-0.07274079655671142,0.0011955183130160538,0.015239511763498317,-0.07188826760439077,1.0,0.2485128636153512,0.7204121627466672,55.36913326027474,55.3671689511654,55.36875542579689,55.36730961909694
970.0,33.088,2.151602217176006,0.35278564117573075,1.000001784570109,-0.00013968233041060198,0.015410428129056946,-2.0925334520691553e-06,0.00037658465911166467,0.0002132616800021559,0.0800553527618031,-0.0722767730801558,0.0012156097209690374,0.015132254863709376,-0.07142792056639245,1.0,0.24850252612057286,0.7204847787047471,55.369166008994085,55.367168843398716,55.36871574369184,55.36731749923216
971.0,33.12,2.151600185310658,0.3532751753524091,1.0000017186936616,-6.349579212417555e-05,0.015297943021200194,-2.058638981506049e-06,0.00039118273769021383,0.00024013148940006646,0.07775729137094799,-0.07181476528081256,0.0012445464701168062,0.015020673616296843,-0.0709678470610077,1.0,0.24849082720936422,0.7205595666461462,55.36919632350926,55.36716860490603,55.36868198919103,55.367322034915034
972.0,33.152,2.151600863630862,0.35376097917849336,1.0000016538837644,2.1197506375189983e-05,0.015181369565131534,-2.02530928833355e-06,0.0004043214715318146,0.000264318707772342,0.07547397876365582,-0.07135384271219407,0.0012816594109680362,0.014905148296300196,-0.07050727625840762,1.0,0.24847747650940122,0.7206367666889044,55.36922375879959,55.36716836348498,55.36865428402686,55.36732341352632
973.0,33.184,2.1516044958435354,0.354242933187431,1.0000015901272383,0.00011350664604060784,0.015061062779302754,-1.9923914393318283e-06,0.000415786810429355,0.0002855950083514518,0.07320540756330882,-0.07089314441850783,0.0013261990994623664,0.014786126594808194,-0.07004555501671642,1.0,0.24846221102203261,0.7207165922108357,55.369247892064536,55.3671682468744,55.36863263376925,55.367321921352215
974.0,33.216,2.15161129478876,0.3547209314542742,1.000001527408,0.0002124670382685807,0.01493744583884813,-1.9599761952313637e-06,0.00042539076747558644,0.0003037811558776109,0.07095159490354312,-0.07043190517577902,0.0013773490127050834,0.01466411584258494,-0.06958215439558502,1.0,0.24844479757797241,0.7207992279301303,55.369268333376816,55.36716837503993,55.36861695667553,55.367317911891654
975.0,33.248,2.151621440610621,0.35519488356969514,1.0000014657001357,0.00031705693315235033,0.014811003606906327,-1.928370761683719e-06,0.00043297405123469447,0.0003187468453594961,0.06871257884190385,-0.06996947204507334,0.0014342389611737818,0.01453967442347683,-0.06911667408784682,1.0,0.2484250347899751,0.7208848284832822,55.369284738568076,55.367168853797686,55.36860709491726,55.36731178785873
976.0,33.28,2.1516350794537598,0.35566471637435704,1.0000014049622337,0.0004262138480897815,0.014682275145682608,-1.8980594387871904e-06,0.0004384084073021107,0.00033040985408088266,0.06648841442579609,-0.06950531519560006,0.0014959585003928334,0.014413402491489138,-0.06864884489106395,1.0,0.24840275450169402,0.7209735174908434,55.369296818233664,55.3671697728697,55.36860282200317,55.367303986149
977.0,33.312,2.15165232267567,0.3561303754235639,1.0000013451329692,0.0005388506846976709,0.014551845287716227,-1.8696645134876737e-06,0.00044159860286400885,0.00033873456053095915,0.06427916954748372,-0.0690390344466991,0.0015615701641231929,0.014285932124753037,-0.06817852928900672,1.0,0.2483778227389905,0.7210653870944673,55.36930434379429,55.36717120706516,55.36860384834234,55.36729496444071
978.0,33.344,2.1516732465579453,0.35659182615541146,1.0000012863323124,0.0006538713211017667,0.01442033537023454,-1.837520524627728e-06,0.0004424749228328163,0.0003437389387096554,0.062084910878179404,-0.06857066936586964,0.001630122219501452,0.014157917075444077,-0.06770570644374116,1.0,0.24835014017648663,0.7211604979424343,55.369307437802526,55.36717279934742,55.3686101128099,55.36728489957648
979.0,33.376,2.1516978925781385,0.3570490548366992,1.0000012286196036,0.0007701881310357721,0.014288396290242969,-1.8035221510672482e-06,0.00044100486500120976,0.00034548140178770464,0.05990571607338793,-0.06809987796532223,0.0017006637187102804,0.01403002519682615,-0.06723049272235634,1.0,0.24831964205234336,0.721258879694613,55.36930583704501,55.36717479607788,55.36862097932124,55.367274479316514
980.0,33.408,2.151726268115069,0.35750206915500454,1.0000011720717539,0.0008867355290736019,0.014156697447040787,-1.7671203042522142e-06,0.0004371900926818938,0.0003440608511733577,0.05774166221150695,-0.06762667954468675,0.0017722557726352695,0.01390292734451198,-0.06675312701312766,1.0,0.24828629765645702,0.7213605318983778,55.369299529361264,55.36717719544337,55.36863601345774,55.3672641372494
981.0,33.44,2.1517583475821658,0.35795089848298645,1.0000011167816187,0.0010024833467793253,0.014025916499436023,-1.7278167230296531e-06,0.0004310664731680581,0.00033961324763052606,0.05559282196597202,-0.06715121292294632,0.0018439830139975666,0.013777287507707296,-0.06627396510885741,1.0,0.2482501093925459,0.7214654252324494,55.369288570079185,55.36717999928157,55.368654718701656,55.36725429824292
982.0,33.472,2.1517940739509225,0.3583955938080593,1.0000010628556604,0.0011164490236469232,0.013896728908525084,-1.6851861989184758e-06,0.00042270354897362087,0.00033230770965651584,0.05345925982144182,-0.06667373501484294,0.001914964224724442,0.013653753160717185,-0.06579347238200564,1.0,0.24821111144797384,0.7215735030783865,55.369273073878674,55.36718322106164,55.368676556639784,55.36724535892546
983.0,33.504,2.151833360621479,0.35883622732661297,1.0000010104110184,0.0012277084548846483,0.013769797454803643,-1.6388950613290404e-06,0.0004122034452458051,0.0003223423630649802,0.05134102843715452,-0.06619461619533892,0.00198436200084501,0.01353294598515762,-0.06531221491443684,1.0,0.24816936811033952,0.7216846833755658,55.369253212835396,55.36718688842877,55.36870095762912,55.36723767691213
984.0,33.536,2.1518760935946584,0.3592728917081004,1.0000009595721362,0.0013354054118617958,0.013645761921480606,-1.58871506922269e-06,0.0003996992105548253,0.0003099400457073632,0.04923816523155075,-0.06571433335928999,0.0020513913854266377,0.01341545310218206,-0.06483084923293247,1.0,0.24812497177276538,0.7217988607139826,55.36922921300974,55.36719104513269,55.368727331060335,55.36723156243196
985.0,33.568,2.1519221338982266,0.35970569904057337,1.0000009104670984,0.0014387594865080042,0.0135252291397819,-1.5345324316797273e-06,0.0003853526045361317,0.0002953439634189059,0.047150689246425875,-0.06523346117187549,0.0021153274223952804,0.013301818946645992,-0.06435011080922255,1.0,0.2480780406716665,0.7219159086188619,55.36920134980963,55.367195751857665,55.36875507565796,55.3672272721593
986.0,33.6,2.151971320219628,0.36013477947542394,1.0000008632238466,0.00153707254378615,0.01340876358907883,-1.47635161734644e-06,0.000369351364125147,0.00027881338514848655,0.04507859833887928,-0.0647526618221242,0.0021755116035098933,0.013192537904073985,-0.06387080149895304,1.0,0.24802871640164276,0.7220356819817761,55.36916994248732,55.36720108568417,55.36878358972655,55.36722500523702
987.0,33.632,2.152023471697934,0.36056027959498527,1.0000008179664313,0.0016297336970646078,0.013296878736292976,-1.4142942303398302e-06,0.0003519059976279355,0.0002606194543131063,0.04302186674171864,-0.06427267351675754,0.002231357198384562,0.013088047818370682,-0.06339377611192183,1.0,0.24797716125207783,0.7221580195946034,55.36913534807664,55.367207138102884,55.36881228112574,55.36722490148014
988.0,33.664,2.152078390829084,0.3609823605320553,1.000000774820864,0.0017162228484466657,0.013190029283436775,-1.3482989794087619e-06,0.00033324658868716,0.0002410407638018037,0.04098044257420177,-0.06379431204532615,0.002282353466912617,0.01298872446282489,-0.06291992769007254,1.0,0.2479235554091454,0.7222827467451,55.36909796820725,55.36721399836379,55.36884058991213,55.36722702233457
989.0,33.696,2.152135866436542,0.36140119587082364,1.000000733883075,0.0017961127330575512,0.013088604336512473,-1.2793059042671993e-06,0.00031361757834968556,0.000220360849235535,0.038954247846706175,-0.06331839288928046,0.0023280686928541126,0.012894876905353675,-0.0624501752149283,1.0,0.24786809406934712,0.7224096778312086,55.36905818052023,55.36722181082857,55.36886793821979,55.367231437214045
990.0,33.728,2.1521956766784296,0.36181696938028696,1.0000006952454827,0.0018690700589877446,0.012992922170727079,-1.2074247573988543e-06,0.0002932748859801915,0.0001988633957480267,0.036943175297653896,-0.06284583021806196,0.002368152447163646,0.012806744393896122,-0.061985446098455826,1.0,0.24781098449236189,0.7225386189737155,55.369016445041595,55.367230658780116,55.36889383805075,55.36723808783381
991.0,33.76,2.1522575920407236,0.36222987260732786,1.000000658984732,0.0019348550716893253,0.012903225845029736,-1.133148463949976e-06,0.0002724811262691547,0.0001768294051604087,0.03494708861134467,-0.06237753129011622,0.0024023365190435717,0.012724493931715672,-0.061526662768524115,1.0,0.24775244304292873,0.7226693705819097,55.36897320269782,55.36724065013403,55.36891782077546,55.3672468992529
992.0,33.792,2.152321378285519,0.36264010237699906,1.0000006251599876,0.001993320149856536,0.01281968030222356,-1.0570232605865353e-06,0.00025150123278505263,0.00015453426531275276,0.032965822151514036,-0.061914411620246974,0.0024304349586433327,0.01264821914174725,-0.06107472819443698,1.0,0.24769269225259102,0.7228017298496334,55.36892890330387,55.36725187987497,55.368939465169504,55.367257754895164
993.0,33.824,2.152386799323092,0.3630478582438178,1.0000005938118361,0.002044407424156794,0.012742370838086952,-9.796297315013381e-07,0.00023059812170326654,0.0001322450877624456,0.030999181178811428,-0.06145737989493692,0.0024523431907540385,0.012577940262936857,-0.0606305119429832,1.0,0.24763195793291637,0.7229354931584078,55.36888399819904,55.367264425255954,55.36895840233457,55.367270503469854
994.0,33.856,2.1524536199797275,0.36345333993790513,1.0000005649617907,0.0020881455198571313,0.012671302940227598,-9.015639207409322e-07,0.00021002849183395956,0.00011021831651207591,0.02904694253227846,-0.06100732350854728,0.002468036249189322,0.012513605253109914,-0.0601948369720237,1.0,0.2475704663690462,0.7230704583676767,55.36883893470137,55.36727834058898,55.36897431855641,55.3672849665227
995.0,33.888,2.152521608636548,0.36385674484881886,1.0000005386123776,0.0021246455256393026,0.012606403466055432,-8.234191592460879e-07,0.00019003884569336905,8.869759067141408e-05,0.02710885575282309,-0.06056509478383875,0.002477566189736418,0.012455091953479725,-0.059768467360305874,1.0,0.24750844161959584,0.7232064269754241,55.36879415105684,55.367293652733515,55.36898695715964,55.367300945788834
996.0,33.92,2.1525905397176675,0.364258265588036,1.0000005147477529,0.002154096284983956,0.012547523100533612,-7.457695225253911e-07,0.0001708618067768783,6.791184153070351e-05,0.02518464462225791,-0.06013149801396924,0.0024810587426563418,0.012402211252141176,-0.05935209715572618,1.0,0.24744610294623406,0.7233432061352782,55.368750071735995,55.367310357613285,55.36899611942676,55.3673182301165
997.0,33.952,2.1526601960088585,0.36465808766833996,1.00000049333478,0.002176759099720389,0.012494440009500745,-6.691554046978813e-07,0.00015271279721874832,4.8073605180751214e-05,0.023274009086271003,-0.05970727748754275,0.0024787092686648685,0.0123547111687882,-0.058946340502303914,1.0,0.24738366239375142,0.7234806105187009,55.36870710302191,55.36732841796822,55.369001664645985,55.36733660175873
998.0,33.984,2.1527303707905743,0.36505638733497386,1.0000004743244857,0.00219296192861793,0.012446864582308157,-5.940716946150505e-07,0.00013578712789218508,2.9377534656175788e-05,0.021376627524528458,-0.059293106657683066,0.002470778085328468,0.012312281769162643,-0.0585517231803445,1.0,0.2473213225390668,0.7236184640130078,55.368665628864434,55.3673477624569,55.36900350937262,55.36735584187079
999.0,34.016,2.1528008697715886,0.3654533295794628,1.0000004576538026,0.0022030931566971094,0.012404445140280752,-5.209588455069044e-07,0.00012025754019228706,1.1999099870476026e-05,0.019492159326411355,-0.058889578601596965,0.002457585232734294,0.01227456080716012,-0.05816867566593115,1.0,0.2472592744254394,0.7237566012477582,55.36862600699286,55.36736828613427,55.369001625996795,55.36737573511271
1000.0,34.048,2.1528715128117906,0.365849066362619,1.0000004432474991,0.0022075950063119324,0.012366774473629442,-4.5019698385879115e-07,0.00010627222583585097,-3.906531091292872e-06,0.017620247726903727,-0.05849719789522299,0.0024395047504133876,0.012241139983735425,-0.05779752778599274,1.0,0.24719769569606376,0.723894868943629,55.3685885653276,55.36738985225395,55.36899604067743,55.36739607331417
1001.0,34.08,2.152942135424801,0.3662437350685574,1.0000004310202033,0.002206956656578239,0.012333397060576538,-3.821029950779463e-07,9.395333821086556e-05,-1.8205430512607957e-05,0.015760522854013484,-0.058116374001173636,0.0024169585392485346,0.012211571706304023,-0.05743850501468645,1.0,0.24713674893922474,0.724033127079235,55.36855359872581,55.367412295276395,55.3689868307133,55.36741665821677
1002.0,34.112,2.1530125900531365,0.36663745720669993,1.000000420878427,0.002201707135482154,0.012303816816952941,-3.1693050961397523e-07,8.339599668080798e-05,-3.078566568658389e-05,0.013912604936894767,-0.05774741623967199,0.002390409884200906,0.012185376228781256,-0.05709172642651796,1.0,0.24707658025520726,0.7241712498726119,55.36852136612694,55.36743542491345,55.36897412139507,55.367437303355956
1003.0,34.144,2.1530827471106866,0.3670303373738575,1.0000004127225117,0.0021924080484405834,0.012277505223674786,-2.548723523898847e-07,7.466777396702229e-05,-4.1557862051138754e-05,0.012076107622577084,-0.0573905303826474,0.002360356715573203,0.01216204905210986,-0.05675720429225997,1.0,0.24701731805313915,0.7243091265752762,55.3684920881659,55.36745903099381,55.36895808237612,55.36745783518666
1004.0,34.176,2.1531524957893033,0.3674224624836659,1.000000406448424,0.002179646206773334,0.0122539096815113,-1.9606524043200872e-07,6.780864660285051e-05,-5.045556474596255e-05,0.010250641348894033,-0.05704581688165135,0.002327324687053256,0.012141068466389387,-0.0564348452759819,1.0,0.24695907208389103,0.7244466620779708,55.36846594530379,55.367482888917586,55.36893892361592,55.36747809357946
1005.0,34.208,2.153221744628395,0.36781390126601726,1.0000004019493467,0.002164026221621279,0.012232461948481725,-1.4059616665342161e-07,6.283137977611872e-05,-5.743538745612944e-05,0.008435816721804755,-0.05671327071184381,0.0022918601500526844,0.012121903119904097,-0.05612445316594341,1.0,0.24690193271298946,0.7245837773284819,55.368443076541546,55.36750676544725,55.368916890925654,55.36749793183633
1006.0,34.24,2.153290421848544,0.36820470403476074,1.0000003991170279,0.002146163129642979,0.01221258652323242,-8.850996324748626e-08,5.9722310671413246e-05,-6.247693809126702e-05,0.006631247846768959,-0.056392782787264645,0.0022545231029125552,0.012104019505612804,-0.05582573304921211,1.0,0.24684597043526302,0.7247204095632427,55.36842357872848,55.36753042459512,55.36889226118991,55.36751721637107
1007.0,34.272,2.153358475452362,0.36859490271791484,1.0000003978428662,0.002126675119312983,0.012193708848566878,-3.981755203330989e-08,5.844248900208942e-05,-6.558251284190587e-05,0.0048365555660922046,-0.05608414287802405,0.0022158801933585756,0.012086889263137031,-0.05553829681997871,1.0,0.24679123563058689,0.7248565123558923,55.36840750649429,55.36755363337416,55.368865337313494,55.36753582620145
1008.0,34.304,2.1534258730980285,0.3689845111409961,1.000000398018725,0.0021061764270827598,0.012175263221288575,5.495590094106102e-09,5.8929129606314746e-05,-6.677655357182515e-05,0.003051370557124517,-0.0557870439378083,0.002176497850159699,0.012069996202332702,-0.05526166989493493,1.0,0.24673775855768534,0.7249920554874832,55.3683948727741,55.367576167213464,55.36883644298876,55.3675536523779
1009.0,34.336,2.1534926017531792,0.36937352555086034,1.0000003995374882,0.002085270473462194,0.012156700308258182,4.746134735223418e-08,6.109732997646834e-05,-6.610486770517287e-05,0.0012753362497667827,-0.055501087731116956,0.0021369356177127073,0.012052842964136416,-0.05499529899585937,1.0,0.24668554958049105,0.7251270246446343,55.36838564990522,55.36759781486404,55.36880591735758,55.367570597457714
1010.0,34.368,2.153558667139042,0.3697619253646935,1.0000004022933775,0.0020645433082136975,0.012137494182284618,8.612154045461043e-08,6.484200508666941e-05,-6.36336147325315e-05,-0.0004918884741815304,-0.05522579163366382,0.002097739763730414,0.012034957243885541,-0.054738560849754134,1.0,0.24663459961909864,0.7252614209535749,55.368379771238686,55.36761838266687,55.36877410966782,55.36758657510399
1011.0,34.4,2.153624092976851,0.3701496741264869,1.0000004061820682,0.0020445574315244327,0.012117148806045934,1.215215844618945e-07,7.003999286191028e-05,-5.944806859744053e-05,-0.002250626832824304,-0.05496059646681817,0.0020594372256726935,0.012015897512822163,-0.054490771650403697,1.0,0.24658488081494018,0.7253952603596634,55.368377133200354,55.367637698089055,55.368741374018626,55.36760150986427
1012.0,34.432,2.153688920050603,0.3705367206514747,1.0000004111006435,0.0020258460547565257,0.012095203905866693,1.5370547890023956e-07,7.655228582275742e-05,-5.365117033389629e-05,-0.004001181975345367,-0.05470487521769596,0.002022529956676423,0.011995258183446421,-0.054251197121925304,1.0,0.24653634739748695,0.7255285728635622,55.36837759773368,55.36765561247726,55.36870806428137,55.367615337154696
1013.0,34.464,2.1537532051021024,0.37092300033758346,1.0000004169052965,0.002008907859355146,0.0120712401909004,1.813954056406808e-07,8.422821227438471e-05,-4.636002211525809e-05,-0.0057438371384145115,-0.05445800570111068,0.0019874897015576824,0.011972674178921868,-0.05401906019289202,1.0,0.24648893673760663,0.7256614016267634,55.368381081625785,55.36767194398938,55.36867458881214,55.36762794441566
1014.0,34.496,2.153817019594536,0.3713084366030536,1.0000004235400737,0.0019942028885442374,0.012044883295941234,2.0733678662840825e-07,9.29020967605289e-05,-3.7709794228483376e-05,-0.007478846882857818,-0.05421909179633817,0.0019547539387412684,0.011947824317810494,-0.053793561789772265,1.0,0.2464425705512377,0.7257938019754401,55.36838718522278,55.367686750671346,55.36864112656966,55.36763944109483
1015.0,34.528,2.1538804483065475,0.37169294248516,1.000000430905134,0.0019821472503624943,0.012015808815825304,2.3015813560569902e-07,0.0001024013880593279,-2.7846003391590527e-05,-0.00920644485382839,-0.053987479835745325,0.0019247204814690868,0.011920435698453021,-0.053573879307070096,1.0,0.24639715629433095,0.7259258402721017,55.36839581213204,55.36769984995012,55.36860812730027,55.367649687367496
1016.0,34.56,2.153943587834807,0.3720764223190318,1.0000004389012191,0.0019731102581103123,0.011983744808493185,2.498776602299633e-07,0.00011254716050331431,-1.692435662236391e-05,-0.010926838817679784,-0.05376236098928245,0.0018977445205676387,0.01189028574182243,-0.0533591832492578,1.0,0.2463525886688174,0.7260575927177073,55.36840671103668,55.367711211100804,55.368575885253,55.36765867422877
1017.0,34.592,2.1540065450071144,0.37245877349224726,1.0000004474295234,0.001967411634607114,0.011948474162983972,2.665095089060836e-07,0.0001231563935015518,-5.108644902593758e-06,-0.012640210303682314,-0.05354291517845087,0.0018741356573535356,0.011857204090459598,-0.05314864775335134,1.0,0.24630875123809162,0.7261891440858002,55.36841961191794,55.36772082385917,55.36854468367987,55.36766640203824
1018.0,34.624,2.1540694352273846,0.3728398882527342,1.0000004563916682,0.0019653193834426896,0.011909836265214649,2.8006702512680867e-07,0.00013404423687127644,7.431439267190748e-06,-0.014346714504574835,-0.05332831917599782,0.0018541555482618523,0.01182107383662057,-0.05294146094785973,1.0,0.24626551813018513,0.7263205864058618,55.3684342313501,55.36772870057231,55.36851478499039,55.36767288285562
1019.0,34.656,2.1541323807743846,0.3732196555474287,1.0000004656898047,0.0019670483437513823,0.011867727959205114,2.905667650932351e-07,0.00014502620188877165,2.0522498854567935e-05,-0.016046480475243884,-0.05311775593529572,0.0018380161782150573,0.011781832073412182,-0.05273683496590381,1.0,0.24622275580596054,0.7264520176134596,55.36845027465845,55.367734875692186,55.368486427183676,55.367678142272375
1020.0,34.688,2.1541955090760343,0.3735979628696657,1.0000004752268588,0.0019727594265520633,0.011822103819904348,2.98032938605941e-07,0.00015592026442839854,3.3989611418925386e-05,-0.017739611641403766,-0.0529104242918944,0.0018258787634032768,0.011739469781268847,-0.05253401547355593,1.0,0.24618032486943497,0.7265835401846786,55.36846743862736,55.367739404277316,55.368459821437256,55.36768222051394
1021.0,34.72,2.1542589509806898,0.3739746980939437,1.0000004849069215,0.001982559520483314,0.011772975758688858,3.025019609803947e-07,0.00016654887005386533,4.7658459386489844e-05,-0.01942618661524867,-0.052705548570774134,0.0018178532756470502,0.011694031068324942,-0.052332290600987263,1.0,0.2461380818974646,0.7267152597719404,55.36848541446353,55.367742359959145,55.36843515044229,55.367685173067535
1022.0,34.752,2.154322839046143,0.37434975127748565,1.0000004946357801,0.0019965020454091307,0.01172041198568536,3.040268314879683e-07,0.00017674083315076937,6.135738216829212e-05,-0.02110626030631426,-0.052502387825621305,0.0018139985727113513,0.011645611787876183,-0.05213099918244574,1.0,0.2460958812664644,0.7268472838576643,55.36850389084545,55.36774383262496,55.36841256729782,55.367687070945614
1023.0,34.784,2.1543873058661087,0.37472301640889116,1.0000005043215718,0.002014588123933292,0.011664535356423445,3.026809913820095e-07,0.00018633312377420815,7.491932306786346e-05,-0.02277986531017658,-0.05230024453414654,0.0018143231117826151,0.011594357561165653,-0.051929538225565536,1.0,0.24605357695457145,0.7269797204413254,55.36852255698066,55.36774392597393,55.36839219485308,55.367688000625485
1024.0,34.816,2.154452482452739,0.3750943930851465,1.0000005137827355,0.002036768332200117,0.011605521132978821,2.9566136344746385e-07,0.0001951691746054064,8.81870026468149e-05,-0.024447009098507222,-0.052098333420901484,0.00181878626728295,0.011540461229887795,-0.05172737578023774,1.0,0.24601102429869934,0.7271126767743261,55.3685409756084,55.367742891542235,55.368373995452046,55.36768824895556
1025.0,34.848,2.154518496726833,0.3754637881321103,1.0000005231182245,0.0020629460654316752,0.011543595217618796,2.9173403276464443e-07,0.00020310692529919858,0.00010100809792180102,-0.026107695892425457,-0.051896552763751616,0.0018273007801806285,0.01148416093840461,-0.05152402888138738,1.0,0.2459680816547593,0.7272462581958565,55.3685593155011,55.36774032057711,55.36835847320843,55.36768737260297
1026.0,34.88,2.1545854720644697,0.37583111708824757,1.000000532236993,0.002092979301149033,0.011479029879288732,2.849615127198072e-07,0.00021002481672932236,0.00011323195121036273,-0.02776189818055567,-0.05169391080096956,0.0018397345315135766,0.011425735492999623,-0.05131911115345945,1.0,0.24592461200612722,0.7273805670039875,55.3685768303461,55.367736910417975,55.36834522492772,55.36768594626581
1027.0,34.912,2.154653525864236,0.37619630549158045,1.0000005409803439,0.002126681242692564,0.011412137604153863,2.7322971662971605e-07,0.00021580411331755672,0.00012472998213587663,-0.029409572557677514,-0.05148991090648122,0.001855910958773574,0.011365497824253923,-0.05111231718117796,1.0,0.24588048455036116,0.72751570131492,55.36859316817775,55.367732802462584,55.368334244588894,55.36768423540285
1028.0,34.944,2.154722768343414,0.3765592901412023,1.0000005492803368,0.0021638274743105224,0.011343270300682072,2.593747785994681e-07,0.0002203451351120203,0.00013538225453932573,-0.031050670406098754,-0.05128439021422342,0.0018756150148372403,0.011303794333694786,-0.05090341397237291,1.0,0.2458355760653873,0.7276517541464065,55.3686083060378,55.36772791151681,55.36832566854174,55.367682158095334
1029.0,34.976,2.1547933014228033,0.3769200201726814,1.0000005570762505,0.0022041587309231878,0.01127281348372227,2.4362230288679695e-07,0.00022356438360326782,0.00014508162844288096,-0.03268513285589058,-0.05107702844289558,0.0018985957546899428,0.011240998882863042,-0.05069225335067542,1.0,0.2457897721836334,0.7277888125569107,55.36862196338684,55.36772240501256,55.36831943223554,55.367679890240936
1030.0,35.008,2.154865217741212,0.37727845797401455,1.0000005643152066,0.0022473849502766246,0.011201181291659862,2.2621737816305965e-07,0.00022539543705408504,0.00015373460195587177,-0.03431289378079896,-0.05086759898666,0.0019245699603431807,0.01117750776907632,-0.050478772193944976,1.0,0.24574296853285854,0.7279269568850395,55.3686339018176,55.367716433332035,55.36831544589502,55.36767760720973
1031.0,35.04,2.1549385998063393,0.377634579931762,1.0000005709526512,0.0022931895352215374,0.01112881117960996,2.0742014356092195e-07,0.00022578964154298692,0.00016126181618940182,-0.03593388264423792,-0.05065596422264341,0.001953226023825523,0.011113734451457108,-0.05026299193193417,1.0,0.24569507173440247,0.7280662600931606,55.36864391072163,55.3677101403937,55.36831360050559,55.36767548167067
1032.0,35.072,2.1550135192853963,0.37798837699908655,1.0000005769526663,0.0023412337205317036,0.011056158353890134,1.8750047348079623e-07,0.00022471662813028186,0.000167598355980401,-0.03754802726837926,-0.050442073099068244,0.001984227995403454,0.011050104095354353,-0.05004501716527263,1.0,0.24564600025304906,0.7282067872161931,55.368651806022065,55.367703665867346,55.368313767062865,55.3676736834824
1033.0,35.104,2.155090036436759,0.3783398550792159,1.000000582272989,0.0023911609800811163,0.010983690004043827,1.6626008209065957e-07,0.00022216398027345805,0.0001726931882169895,-0.03915525726973666,-0.050225981948462964,0.002017219734346987,0.010987047998570892,-0.049825032338457885,1.0,0.24559568509486018,0.7283485949148688,55.368657451853025,55.3676971249416,55.368315828254424,55.36767235672583
1034.0,35.136,2.1551681996756016,0.3786890352266875,1.0000005869111868,0.0024426012138337215,0.010911879608486122,1.4494368205662565e-07,0.00021813942461734376,0.00017651113604672837,-0.040755504113817176,-0.050007748841670245,0.002051828956703921,0.01092499814277075,-0.04960330215291665,1.0,0.24554407035832668,0.7284917311262706,55.368660661144816,55.367690705210194,55.3683195457086,55.3676717148882
1035.0,35.168,2.155248045290908,0.37903595364248516,1.0000005909154661,0.002495175478331721,0.010841200493677691,1.2513372976698236e-07,0.00021267129629049664,0.00017902799210409227,-0.04234870968542119,-0.04978769964444072,0.002087671811100186,0.010864381191526492,-0.04938015894515988,1.0,0.24549111361788498,0.728636234823482,55.3686614588493,55.36768441617453,55.368324864946146,55.36767174482381
1036.0,35.2,2.1553295972628947,0.37938066145925287,1.0000005942051953,0.0025484991245797095,0.01077211927398969,1.0280403611727622e-07,0.00020580671443710887,0.00018023944607443258,-0.04393482342794978,-0.04956607088226897,0.0021243562406795323,0.01080561226378524,-0.0491560049193666,1.0,0.24543678618839615,0.7287821358328662,55.368659772873045,55.36767842728183,55.368331568806354,55.367672650545956
1037.0,35.232,2.155412867269684,0.3797232243299846,1.0000005968574819,0.0026021877121698658,0.010705089710368529,8.288395664247464e-08,0.0001975971414713559,0.00018014799176256562,-0.04551379005564331,-0.04934271498606946,0.0021614879897732414,0.010749089537554499,-0.04893132655095724,1.0,0.24538107318121383,0.7289294547980607,55.36865497436819,55.3676733243387,55.368338967416285,55.36767506370533
1038.0,35.264,2.1554978547567534,0.38006372196981375,1.000000598827064,0.0026558589709121754,0.0106405512446591,6.154943915647615e-08,0.00018812695997911703,0.00017877451200777134,-0.04708559165584585,-0.049118800137087644,0.0021986721288441494,0.010695193164663224,-0.04870663261883376,1.0,0.24532397348850807,0.7290782031946598,55.36864790062495,55.36766849688115,55.36834758165469,55.36767831532546
1039.0,35.296,2.1555845471716335,0.3804022473578625,1.000000600131557,0.0027091379650043476,0.010578918376524235,4.076540494058372e-08,0.00017749206359671049,0.00017614931743101405,-0.04865021462721898,-0.04889446124664051,0.0022355191717628987,0.010644275582446242,-0.04848249562629074,1.0,0.24526549956915458,0.729228383439626,55.36863820840164,55.36766440290223,55.36835685979057,55.36768280280858
1040.0,35.328,2.155672920281741,0.38073890581724273,1.0000006007932987,0.0027616596908610863,0.010520576855631502,2.0679430390300087e-08,0.00016580351834349037,0.00017231394790613943,-0.050207662449424185,-0.04867023225423818,0.0022716478766930666,0.010596658363409303,-0.048259528424399845,1.0,0.24520567713352362,0.729379989055931,55.36862594596018,55.36766114795635,55.368366594022056,55.36768857670655
1041.0,35.36,2.155762938590712,0.38107381393482453,1.0000006008383082,0.0028130721553418546,0.01046587867443241,1.4065484887916696e-09,0.00015318631010867076,0.0001673203669006925,-0.05175795705900993,-0.04844669004990731,0.0023066887869883177,0.010552628017179527,-0.04803837594473464,1.0,0.2451445447077395,0.7295330048997982,55.36861119110235,55.36765884186037,55.36837656899093,55.36769566181223
1042.0,35.392,2.1558545558446425,0.38140709833300207,1.0000006002952284,0.0028630391853270557,0.010415137443046826,-1.6971243854689055e-08,0.00013977782310000772,0.0001612301263572499,-0.05330114003605928,-0.04822444855771478,0.0023402875733800196,0.010512432210990352,-0.04781970642302875,1.0,0.24508215308589062,0.7296874074440984,55.3685940469383,55.36765759154771,55.36838657175906,55.36770405861091
1043.0,35.424,2.155947715619632,0.38173889430847635,1.0000005991942873,0.002911242968417814,0.010368624233572408,-3.4404409876568804e-08,0.0001257261408573598,0.00015411352471404345,-0.054837273551724755,-0.04800415126273059,0.002372108160882981,0.010476276479936472,-0.047604202266673196,1.0,0.2450185646790671,0.7298431651120388,55.36857464151478,55.36765749882336,55.36839639551363,55.36771374222083
1044.0,35.456,2.1560423519822143,0.3820693443549457,1.0000005975747261,0.002957386330701086,0.010326563952166534,-5.061128599547759e-08,0.00011118781809997384,0.00014604914196205836,-0.05636644145138896,-0.047786475451906354,0.002401835625005715,0.010444321470325901,-0.04739255013462563,1.0,0.24495385277023926,0.7300002386558962,55.368553138515125,55.36765864112286,55.36840585439181,55.367724650514944
1045.0,35.488,2.1561383902185165,0.3823985965917793,1.0000005954581592,0.003001194884444722,0.010289132401051457,-6.614271630401464e-08,9.632703370609758e-05,0.00013712187732458535,-0.05788874820824032,-0.04757206566155449,0.002429178970999304,0.0104166808714976,-0.04718543352547875,1.0,0.24488810068039712,0.7301585815807937,55.368529683260945,55.36766114481557,55.36841473038261,55.367736740283675
1046.0,35.52,2.1562357476123926,0.38272680310779955,1.0000005928740396,0.0030424185586266288,0.010256453625630855,-8.075373703063866e-08,8.131233130160077e-05,0.0001274232853357223,-0.05940432081429284,-0.04736162548595504,0.0024538733300139386,0.010393419569213339,-0.04698352082222945,1.0,0.24482140086589924,0.730318140595765,55.36850449006976,55.3676650579799,55.36842287670199,55.367749890136956
1047.0,35.552,2.1563343342773393,0.38305411825232377,1.0000005898500919,0.003080833279587087,0.01022859826638302,-9.449836746445658e-08,6.631486087209292e-05,0.00011705043019149098,-0.06091330776451709,-0.04715582673685777,0.0024756822367924657,0.010374552799356977,-0.04678745716150579,1.0,0.24475385394474877,0.7304788561029736,55.36847777193386,55.36767044330737,55.36843013383439,55.36776398415946
1048.0,35.584,2.1564340540315476,0.3833806968914196,1.0000005864118127,0.0031162423190091836,0.010205582471744284,-1.0744622552792867e-07,5.150616542702992e-05,0.00010610510279531396,-0.062415878593129186,-0.0469553267068163,0.0024943995448548075,0.010360045796974455,-0.04659785538175964,1.0,0.24468556766384758,0.7306406627181024,55.36844975828081,55.36767734768565,55.36843636157922,55.36777888687414
1049.0,35.616,2.1565348053095135,0.38370669265176766,1.0000005825821294,0.0031484774364324425,0.010187367510877064,-1.1967760116250656e-07,3.705596444291746e-05,9.46930639377504e-05,-0.06391222309996787,-0.04676075849232283,0.002509851072861423,0.010349814078692454,-0.04641528738183626,1.0,0.24461665581579117,0.7308034898198366,55.368420693483465,55.36768580015352,55.36844143842857,55.36779444731658
1050.0,35.648,2.156636482104101,0.38403225617460196,1.0000005783812171,0.003177399830855609,0.01017386008857088,-1.3127850889692235e-07,2.3129962100241338e-05,8.292329265454744e-05,-0.06540255028497785,-0.046572721880506096,0.002521895979491569,0.010343724352115509,-0.04624027599006021,1.0,0.2445472371134947,0.7309672621268941,55.36839083438266,55.367695810292595,55.36844526203462,55.36781050256291
1051.0,35.68,2.1567389749331856,0.38435753340200535,1.0000005738264697,0.0032029009088972078,0.01016491335635695,-1.423358583774338e-07,9.88771272560853e-06,7.090723105542718e-05,-0.06688708700789972,-0.046391774770537776,0.002530427860194075,0.010341596038988808,-0.04607328744452461,1.0,0.24447743403086586,0.7311319003012964,55.368360447794736,55.36770736674736,55.36844774953766,55.36782688128098
1052.0,35.712,2.156842171825114,0.384682663917317,1.0000005689326137,0.003224902872758423,0.01016032860348741,-1.5293299959749326e-07,-2.5194250722054752e-06,5.875801685395098e-05,-0.06836607639161031,-0.04621842517138989,0.0025353755584885448,0.010343203390333566,-0.04591472458076988,1.0,0.24440737161776918,0.731297321576633,55.368329807959384,55.36772043602991,55.36844883769231,55.3678434072593
1053.0,35.744,2.156945959317214,0.3850077793605815,1.000000563711947,0.003243359128130365,0.010159857602017467,-1.6314583711764662e-07,-1.3950215872461222e-05,4.6589695476490075e-05,-0.0698397759898478,-0.046053123847251,0.002536703685078509,0.01034827816428111,-0.04576492081539332,1.0,0.24433717629762086,0.7314634404099547,55.368299193907504,55.3677349617095,55.368448482780565,55.36785990285114
1054.0,35.776,2.1570502234614803,0.3853330019388479,1.0000005582068772,0.0032582545083228126,0.010163205570823647,-1.7203342916880822e-07,-2.4273904404067387e-05,3.451783188180317e-05,-0.07130845419727323,-0.04589620939720784,0.0025344128541528845,0.010356512825682777,-0.04562413716782846,1.0,0.24426697465613698,0.7316301691556439,55.36826884124824,55.367750909148555,55.36844659418598,55.36787623736815
1055.0,35.808,2.1571548508446003,0.3856584430344355,1.0000005523918107,0.003269605722500484,0.010170034237114583,-1.8172082588698626e-07,-3.3376185106947654e-05,2.2654300132344423e-05,-0.07277239353348511,-0.04574812307696317,0.0025285399730766594,0.01036756384796539,-0.045492550260311605,1.0,0.24419689221520569,0.731797418769127,55.368239152895455,55.367768060699234,55.36844332012322,55.36789212105285
1056.0,35.84,2.1572597295752862,0.38598420197470734,1.0000005462741,0.003277460333933246,0.010179966883493053,-1.9117846195013747e-07,-4.1156237810929786e-05,1.111082454914867e-05,-0.07423188139654463,-0.04560901722271514,0.0025191570322020376,0.0103810566325708,-0.04537025879885781,1.0,0.24412705224621037,0.7319650995072134,55.3682103108109,55.36778637267347,55.36843857554505,55.36790747998706
1057.0,35.872,2.1573647502734117,0.3863103649312795,1.0000005398604093,0.00328189681642091,0.010192592392881545,-2.0042783405174168e-07,-4.752934535903024e-05,-3.4030513973482316e-09,-0.07568721067305707,-0.04547906327464319,0.002506370813211549,0.01039658960651639,-0.04525727703286453,1.0,0.24405757458639218,0.732133121652858,55.36818259571735,55.36780569280109,55.36843239428665,55.367922152235785
1058.0,35.904,2.1574698070400564,0.38663700397670486,1.0000005331572088,0.003283023957647756,0.01020747016954097,-2.0947501372379093e-07,-5.2427922423237014e-05,-1.0582681259650895e-05,-0.07713867699900918,-0.04535834711578673,0.0024903218745352665,0.010413739020571267,-0.04515353383129956,1.0,0.2439885744831644,0.7323013962497682,55.368156271351985,55.36782585140673,55.36842482666294,55.36793599347023
1059.0,35.936,2.157574798400839,0.38696417630982893,1.0000005261712401,0.0032809800244591185,0.010224135410128331,-2.1831152163811668e-07,-5.5802269226254136e-05,-2.052576295782665e-05,-0.07858657602364785,-0.04524686916824088,0.0024711832181944365,0.010432064014052238,-0.045058872743439525,1.0,0.24392016147653348,0.732469835842017,55.36813158697465,55.367846663132376,55.368415937030555,55.36794887517363
1060.0,35.968,2.1576796282147104,0.3872919236583316,1.0000005189099295,0.003275931683477029,0.010242104640706995,-2.2691595824572934e-07,-5.7621084147066433e-05,-2.9736830941098224e-05,-0.08003120067583998,-0.045144544470032175,0.0024491586471905,0.010451111868055413,-0.0449730530902378,1.0,0.24385243832982767,0.7326383552131138,55.36810877542243,55.367867928622616,55.368405803712164,55.367960684992795
1061.0,36.0,2.157784206540131,0.3876202718646255,1.000000511381731,0.0032680726693993514,0.010260881446685651,-2.3525620340694535e-07,-5.787173303380045e-05,-3.81264724318251e-05,-0.08147283845064006,-0.04505120330415327,0.0024244808209873095,0.01047042337981721,-0.044895752092720544,1.0,0.24378550001903548,0.7328068721183172,55.36808805077274,55.36788943701676,55.368394518349405,55.36797132725965
1062.0,36.032000000000004,2.1578884504504106,0.3879492306589131,1.000000503596383,0.0032576221962312374,0.010279962321487162,-2.432921225592194e-07,-5.6560276330551615e-05,-4.5612637771631076e-05,-0.08291176874223832,-0.044966592643701314,0.0023974090197941577,0.010489538290275649,-0.04482656801766323,1.0,0.24371943279103125,0.7329753080033842,55.36806960594017,55.36791096896993,55.36838218492648,55.367980723392584
1063.0,36.064,2.1579922847899566,0.38827879362083473,1.0000004955650683,0.0032448231108154445,0.01029884256005124,-2.509785851368128e-07,-5.371125878247706e-05,-5.212156707572089e-05,-0.08434826025295729,-0.044890378522557645,0.0023682266321483477,0.010508000697702054,-0.044765024301542,1.0,0.2436543133007925,0.7331435887024809,55.36805361038533,55.36793230000268,55.36836891858137,55.36798881207997
1064.0,36.096000000000004,2.1580956428633185,0.3886089383288054,1.0000004873004735,0.0032299397925563407,0.01031702212408193,-2.582685870722012e-07,-4.93672699813117e-05,-5.758866769640581e-05,-0.08578256850887976,-0.044822149360362204,0.002337238384145364,0.010525364391445389,-0.04471057459830115,1.0,0.24359020783736357,0.7333116451076563,55.36804020803867,55.36795320404219,55.36835484426589,55.367995549214136
1065.0,36.128,2.1581984670491714,0.38893962669387316,1.0000004788167474,0.003213255807904901,0.010334011408369176,-2.651164426881473e-07,-4.3588287258108823e-05,-6.195932507555234e-05,-0.08721493351214893,-0.04476142022518411,0.0023047673322429884,0.01054119804243246,-0.044662608683472826,1.0,0.24352717164780732,0.7334794138021122,55.368029515505924,55.367973457043774,55.36834009528967,55.36800090758497
1066.0,36.160000000000004,2.1583007093318556,0.3892708054727604,1.0000004701293626,0.003195071333880393,0.010349336840224467,-2.714807753600697e-07,-3.645081531943453e-05,-6.518962984460316e-05,-0.08864557755855353,-0.04470763798960315,0.0022711516459011363,0.010555090189995446,-0.044620459136049465,1.0,0.24346524836766606,0.7336468376495149,55.3680216206091,55.367992840600195,55.368324811759805,55.36800487635449
1067.0,36.192,2.15840233174367,0.3896024069527078,1.0000004612548916,0.003175700369201578,0.010362546248358324,-2.773272167467006e-07,-2.8046839623129156e-05,-6.724700496722761e-05,-0.09007470324698415,-0.04466018731726557,0.0022367412091001022,0.01056665396871586,-0.04458340871002624,1.0,0.24340446956558154,0.7338138663317734,55.368016581279825,55.368011145452535,55.36830913894871,55.36800746034705
1068.0,36.224000000000004,2.1585033067119115,0.38993434979884817,1.00000045221071,0.0031554677575453627,0.0103732139418849,-2.8263067580743987e-07,-1.848261255091049e-05,-6.811071806897345e-05,-0.09150249170488,-0.04461839740327668,0.0022018940740091107,0.010575531523368133,-0.04455069829967536,1.0,0.24334485440864648,0.7339804568280783,55.36801442484173,55.36802817482791,55.36829322559032,55.36800867918973
1069.0,36.256,2.158603617305546,0.3902665400531121,1.0000004430146436,0.0031347060510809165,0.010380945445749681,-2.87377073526805e-07,-7.87729319746057e-06,-6.777226603472561e-05,-0.09292910105098395,-0.04458154938128086,0.0021669728020766604,0.010581398065224096,-0.04452153539634701,1.0,0.24328640945385774,0.7341465738285164,55.36801514767016,55.36804374753472,55.36827722214519,55.36800856634088
1070.0,36.288000000000004,2.158703257377469,0.3905988722721351,1.000000433629247,0.0031137522475962313,0.01038538184446625,-2.932936463139973e-07,3.641893004744324e-06,-6.62331682020954e-05,-0.09435466875246347,-0.04454899801455587,0.0021323406927417415,0.010583965536156155,-0.04449509783566531,1.0,0.2432291285696644,0.7343121900762806,55.36801886431088,55.368057594443655,55.368261386004676,55.36800705515634
1071.0,36.32,2.1588022316207955,0.39093123075442215,1.000000424130744,0.0030929451039499807,0.010386202571472275,-2.968282147853046e-07,1.5930977133042548e-05,-6.351256633375466e-05,-0.09577929762803002,-0.04451966062818169,0.002098358909414671,0.010582984834348668,-0.04447056090478924,1.0,0.2431729929644152,0.7344772866468238,55.36802515749289,55.368069853129704,55.36824558150557,55.36800448697519
1072.0,36.352000000000004,2.158900555472184,0.391263490951444,1.00000041453595,0.0030726203558841705,0.010383131156932335,-2.99837314698925e-07,2.8841269210213316e-05,-5.963955731851528e-05,-0.09720307125875412,-0.04449293609113834,0.002065380995584755,0.010578250596885844,-0.044447084227478645,1.0,0.2431179714012609,0.7346418531182607,55.368034162781285,55.36808019433681,55.3682301698331,55.36800073082293
1073.0,36.384,2.1589982549283975,0.39159552093610867,1.0000004048605606,0.0030531080066762448,0.010375937020771114,-3.023559180803992e-07,4.221770824354089e-05,-5.4655537081321966e-05,-0.0986260461836482,-0.044467979340564213,0.0020337500320030512,0.010569602458245427,-0.04442383141499971,1.0,0.24306402051917442,0.7348058876723642,55.36804574540138,55.36808854412107,55.36821526847525,55.3679958780533
1074.0,36.416000000000004,2.1590953662547276,0.39192718294805134,1.000000395118832,0.0030347289478174157,0.010364437873207571,-3.0442901671753263e-07,5.5900543559392324e-05,-4.861385273679025e-05,-0.10004825205220004,-0.044443950034522596,0.002003795022556009,0.010556926789375193,-0.04439997892916521,1.0,0.2430110852843924,0.7349693971095339,55.36805974685629,55.36809484173085,55.36820100250745,55.36799002321146
1075.0,36.448,2.1591919355876046,0.3922583349993833,1.0000003853233226,0.003017791652404677,0.010348501604124262,-3.06109672332278e-07,6.972710172639326e-05,-4.157928827511969e-05,-0.10146969191846561,-0.04442001697688267,0.001975827410496671,0.01054015794159333,-0.044374724998652824,1.0,0.24295909956847725,0.7351323967769545,55.36807598749059,55.368099048467705,55.36818749303219,55.36798326414215
1076.0,36.480000000000004,2.1592880184351704,0.39258883252350113,1.000000375484715,0.0030025889864306846,0.010328047628681513,-3.0745648388338265e-07,8.353354710012646e-05,-3.362740532407121e-05,-0.10289034275488476,-0.04439536498685464,0.0019501377705888054,0.010519278967642771,-0.044347298374145916,1.0,0.24290798684739173,0.7352949104102918,55.368094266253145,55.368101150235354,55.368174853623735,55.3679757031907
1077.0,36.512,2.1593836790808907,0.3929185300494457,1.000000365611729,0.002989395178759953,0.010303047685769364,-3.085308189488052e-07,9.715661717385146e-05,-2.4843746862396607e-05,-0.10431015621860185,-0.044369202794876904,0.0019269927153005046,0.010494321819539099,-0.04431696677214016,1.0,0.24285766101442569,0.7354569698904493,55.368114361822265,55.36810115840052,55.36816318808201,55.367967447412795
1078.0,36.544000000000004,2.1594789898965177,0.3932472828843668,1.0000003557103874,0.002978462988342478,0.010273526091282114,-3.0941692263915945e-07,0.0001104353493193697,-1.5322947539604572e-05,-0.10572905964422917,-0.04434077012564969,0.0019066320511454502,0.010465367027666544,-0.04428304494160173,1.0,0.2428080272983557,0.7356186149180529,55.36813603342483,55.36809911118961,55.368152587862596,55.36795860936162
1079.0,36.576,2.159574030571516,0.3935749487865869,1.0000003457863926,0.0029700210937014743,0.010239559444379532,-3.1012483553419874e-07,0.00012321261865539204,-5.167597807553696e-06,-0.10714695745789454,-0.044309350871879524,0.0018892662076064849,0.010432542860128008,-0.04424490197944597,1.0,0.24275898327717502,0.7357798926090193,55.368159027736866,55.36809506626537,55.3681431358747,55.36794930177648
1080.0,36.608000000000004,2.1596688872685594,0.3939013896133202,1.0000003358430174,0.0029642717826041678,0.010201275835415479,-3.1073047607185064e-07,0.00013533681120075347,5.512789335650811e-06,-0.10856373255500022,-0.04427427196883587,0.0018750740077943357,0.01039602401933809,-0.04420196844602463,1.0,0.24271041997524392,0.7359408570172453,55.36818307355897,55.36808911043309,55.368134896767515,55.36793964580214
1081.0,36.64,2.159763651713397,0.3942264729257784,1.0000003258821843,0.002961388901171251,0.010158853514319064,-3.112760327273266e-07,0.00014666328043675146,1.6603025253960063e-05,-0.10997924814071354,-0.0442349178649394,0.0018642007473189332,0.01035602982653977,-0.0441537424850826,1.0,0.24266222303260815,0.7361015685888259,55.36820789050492,55.36808134960107,55.36812792392557,55.36792976331
1082.0,36.672000000000004,2.1598584202296043,0.39455007353625215,1.000000315904839,0.0029615161314802147,0.010112519077303934,-3.117920435724215e-07,0.00015705575397870648,2.7983525959534636e-05,-0.11139334970998635,-0.044190734891925536,0.0018567566401717249,0.010312821960384383,-0.0440997953172573,1.0,0.24261427393309223,0.7362620935546815,55.368233190028654,55.368071909252045,55.368122256408945,55.36791977888688
1083.0,36.704,2.1599532927289813,0.3948720749821232,1.000000305911386,0.0029647656055318207,0.010062545183470576,-3.1229540481406803e-07,0.0001663876471636776,3.953163604987641e-05,-0.11280586722222648,-0.04414123735744474,0.0018528156385927432,0.01026670176155841,-0.044039775950063025,1.0,0.24256645127739843,0.7364225032687219,55.36825867818903,55.368060932189984,55.368117918925016,55.36790981929453
1084.0,36.736000000000004,2.1600483716687657,0.3951923709125439,1.0000002959021739,0.002971216868263516,0.010009247825646096,-3.1278787893104063e-07,0.00017454327917148485,5.112297815940386e-05,-0.11421661744656363,-0.04408601288514869,0.001852414637256794,0.010218007129838377,-0.043973415064206,1.0,0.24251863208698907,0.7365828734991723,55.36828405852564,55.36804857608144,55.36811492183582,55.36790001299624
1085.0,36.768,2.160143760987064,0.39551086637436494,1.0000002858780037,0.002980916196826717,0.009952983181909084,-3.1325531751894685e-07,0.0001814189881024734,6.263280835943543e-05,-0.11562540645242199,-0.044024726963472934,0.0018555530670191244,0.010167109042446451,-0.04390052804401923,1.0,0.24247069312428315,0.7367432836810252,55.36830903493651,55.3680350108937,55.368113261298795,55.3678904896638
1086.0,36.800000000000004,2.160239565027966,0.395827478984787,1.000000275840643,0.002993876278181371,0.009894144075687648,-3.1366752251123885e-07,0.00018692414231561086,7.393735814710034e-05,-0.11703203221899992,-0.043957126668000876,0.0018621928787664586,0.010114407724602958,-0.043821017127720144,1.0,0.2424225122146463,0.7369038161377833,55.368333314550696,55.36802041629076,55.368112919526524,55.367881379625345
1087.0,36.832,2.1603358874676726,0.39614213997915054,1.0000002658243246,0.0030100762408311593,0.009833156073862273,-3.1300995129161074e-07,0.0001909834179632882,8.491651789504549e-05,-0.11843628584787481,-0.04388299702225844,0.0018722589272706562,0.010060328502378228,-0.04373487474466234,1.0,0.2423739695558317,0.737064555280681,55.36835656677876,55.36800502246723,55.368113801459955,55.36787285666111
1088.0,36.864000000000004,2.1604328302647504,0.3964547951079992,1.0000002557523127,0.003029462408682065,0.009770472776519188,-3.14750371599413e-07,0.00019353123065813188,9.544872473771155e-05,-0.11983796199172754,-0.04380244895785863,0.001885640053710995,0.010005317008144148,-0.04364217305614114,1.0,0.2423249489866643,0.7372255868020078,55.3683787007787,55.36798884153006,55.36811611171196,55.367864867353724
1089.0,36.896,2.1605304925890882,0.39676540544479905,1.000000245684018,0.003051947635557609,0.009706573024996529,-3.1463420757663755e-07,0.00019452328071840384,0.00010542305221442808,-0.12123684665474972,-0.04371521228327084,0.001902188831583242,0.009949835889484535,-0.043543084596567076,1.0,0.24227533926754802,0.7373869968306644,55.368399173304375,55.367972321060726,55.368119464341625,55.36785780583846
1090.0,36.928,2.160628969835366,0.3970739479748084,1.000000235629519,0.0030774139461734523,0.009641954062792842,-3.1420309409838774e-07,0.00019392908667018445,0.00011473217962208306,-0.12263273344800914,-0.04362152478818355,0.0019217246612205758,0.009894358315049877,-0.04343786185376442,1.0,0.2422250352473346,0.7375488711254147,55.36841788600922,55.36795552444142,55.36812394350962,55.36785165333975
1091.0,36.96,2.160728352658513,0.3973804160474233,1.0000002256017182,0.003105713223344394,0.009577127269215124,-3.133687753731001e-07,0.0001917345541324659,0.00012327563230178504,-0.12402542149156413,-0.043521558761436735,0.0019440349137857204,0.009839363543837194,-0.04332684174143951,1.0,0.24217393898898024,0.7377112942615924,55.368434591132136,55.36793864919935,55.36812946657813,55.36784654043094
1092.0,36.992,2.1608287260592363,0.397684819662242,1.0000002156164443,0.0031366687726078883,0.009512612963085566,-3.1203981065711755e-07,0.00018794236594196816,0.0001309607210110898,-0.12541471828049156,-0.04341557609588696,0.0019688769906169405,0.009785331793741402,-0.04321044217865411,1.0,0.24212196082030643,0.7378743488318966,55.368449069393805,55.3679218876008,55.36813593952951,55.36784258565358
1093.0,37.024,2.1609301685272566,0.39798718558338225,1.0000002056924335,0.0031700771256356402,0.009448935035631639,-3.1012533513449094e-07,0.0001825721846410921,0.00013770334807502795,-0.1268004424013598,-0.04330392360818936,0.0019959806624736866,0.009732739020007247,-0.04308915791568464,1.0,0.24206902029998492,0.7380381146670522,55.36846112520114,55.3679054253745,55.368143260786596,55.36783989784321
1094.0,37.056,2.161032751248782,0.39828755727856546,1.0000001958511897,0.0032057100476660305,0.009386615474476355,-3.0753886937077204e-07,0.00017566071649986195,0.00014342870035620147,-0.12818242610800143,-0.04318702863405294,0.002025050653489351,0.009682051669621045,-0.04296355558478013,1.0,0.2420150470903086,0.7382026680814714,55.368470587756974,55.3678894416454,55.36815132123215,55.36783857514662
1095.0,37.088,2.1611365373837677,0.3985859946809471,1.000000186116723,0.0032433167183039935,0.009326168824424354,-3.042020871312993e-07,0.00016726162910205217,0.0001480718282523001,-0.129560517747133,-0.04306539432709471,0.0020557694414002703,0.009633721462244539,-0.04283426798737526,1.0,0.24195998172955976,0.7383680811484171,55.36847731249898,55.36787410869594,55.36816000483519,55.36783870327935
1096.0,37.12,2.161241581417578,0.3988825737732298,1.0000001765035516,0.003282626056575284,0.009268096633835411,-3.0041160531405464e-07,0.00015744479826397363,0.00015157862769988461,-0.1309345834582114,-0.042939576971810715,0.0020878002519347716,0.009588180249234263,-0.042701988429786716,1.0,0.24190377629801643,0.7385344210086182,55.3684811662591,55.36785960813873,55.36816917335713,55.36784037730942
1097.0,37.152,2.1613479285965727,0.3991773859996963,1.0000001670517975,0.003323349343580989,0.009212882077078512,-2.9536731394049803e-07,0.00014629748004871962,0.00015390462909830327,-0.13230451123409373,-0.04281025973821801,0.0021207903281780156,0.009545835183818149,-0.042567460831542406,1.0,0.2418463949678466,0.7387017492224196,55.36848210544756,55.36784605444607,55.36817874003358,55.36784359540837
1098.0,37.184,2.1614556144327848,0.39947053749549866,1.0000001577051514,0.0033651823816292325,0.009160984243823982,-2.920826913666341e-07,0.00013392589063664014,0.00015502061429103716,-0.1336702143944801,-0.042678234354585926,0.002154373917483015,0.009507063551155197,-0.04243146966278117,1.0,0.24178781444863723,0.7388701211482911,55.36848021215041,55.367833511658965,55.36818866852203,55.367848310246266
1099.0,37.216,2.161564664330337,0.3997621481093195,1.0000001486698498,0.0034078092984997717,0.009112831681899768,-2.823531755624348e-07,0.0001204396534032717,0.00015489691261567838,-0.1350316155971437,-0.042543792808594084,0.002188177127428613,0.009472207286235684,-0.04229485605220701,1.0,0.24172802427148263,0.7390395853935402,55.368474878394565,55.36782255551883,55.36819838224356,55.36785495809376
1100.0,37.248,2.161675093196765,0.40005235039482173,1.000000139883265,0.0034509020758886535,0.009068821421946316,-2.745807747839582e-07,0.00010597416131585183,0.0001535269249865407,-0.1363886811323914,-0.04240829886329712,0.0022218175642918473,0.009441572006758563,-0.04215846329768391,1.0,0.24166702707431903,0.7392101832411853,55.368466782812234,55.36781276306942,55.36820832868939,55.367863006169756
1101.0,37.28,2.1617869052428405,0.40034128831592714,1.000000131373628,0.0034941264398509727,0.009029310034542843,-2.6592615609552306e-07,9.067394255336883e-05,0.00015091135500584218,-0.13774139530823293,-0.04227231571149306,0.0022549117422555956,0.009415419752901586,-0.04202316478693244,1.0,0.2416048386452338,0.7393819481964977,55.36845568709924,55.36780452603686,55.368218096727276,55.367872654091414
1102.0,37.312,2.1619000938349004,0.40062911585211797,1.0000001231675946,0.0035371435018753403,0.008994610505964498,-2.5643854401072354e-07,7.469502114603648e-05,0.00014706212254999955,-0.13908977000849104,-0.04213670521088209,0.002287077391152064,0.009393966542939879,-0.041889842151793664,1.0,0.24154148788721402,0.7395549055602777,55.36844165892563,55.36779794807502,55.36822757900086,55.36788383761511
1103.0,37.344,2.1620146414347916,0.400915995474339,1.000000115289603,0.00357961249659826,0.008964988194405703,-2.461872372627463e-07,5.820353628997437e-05,0.00014200233488709008,-0.1404338450387404,-0.042002339981767875,0.0023179370665320316,0.00937737933939934,-0.04175937566179562,1.0,0.2414770166642784,0.7397290720565931,55.36842480004233,55.36779313346015,55.36823665856003,55.367896467862316
1104.0,37.376,2.1621305196282767,0.4012020965046665,1.0000001077612926,0.0036211935464107274,0.008940657197735402,-2.3525970060947292e-07,4.1374085142511e-05,0.0001357661829986991,-0.14177368826116366,-0.04187009680753688,0.0023471217744930758,0.009365773481164302,-0.041632634333352105,1.0,0.24141147952967162,0.7399044555184844,55.36840523946385,55.36779017874205,55.36824522225415,55.367910433079224
1105.0,37.408,2.162247689242543,0.4014875933757543,1.0000001006010046,0.0036615504458155433,0.008921777221493038,-2.2375899744184463e-07,2.4387910884085365e-05,0.00012839880380966003,-0.14310939546093987,-0.041740848243759586,0.002374274578562401,0.009359210653591786,-0.04151046592876234,1.0,0.2413449433376065,0.7400810546355621,55.36838313387649,55.36778916981672,55.36825316352953,55.36792559832932
1106.0,37.44,2.162366100553461,0.40177266380765675,1.0000000938233877,0.0037003534661965345,0.008908450996952751,-2.1180052850458098e-07,7.430956159330096e-06,0.00011995610746063615,-0.14444108991606164,-0.04161545335091974,0.002399054166917055,0.0093576974320178,-0.04139368698736911,1.0,0.24127748674040028,0.740258858767822,55.368358667179606,55.36779017957072,55.3682603842677,55.36794180642238
1107.0,37.472,2.1624856935832577,0.40205748692102045,1.0000000874391195,0.003737282181142802,0.008900722292614533,-1.9950838203717225e-07,-9.308195703104431e-06,0.00011050456574074869,-0.1457689216583001,-0.04149474804531839,0.002421138356654177,0.009361184427324264,-0.04128307301724999,1.0,0.2412091995732036,0.740437847830348,55.368332049511025,55.36779326564911,55.3682667960487,55.36795887979834
1108.0,37.504,2.1626063984891766,0.4023422413068117,1.0000000814547556,0.003772028309965008,0.008898574555976932,-1.870113716662331e-07,-2.5640466204598772e-05,0.00010012095424908323,-0.14709306642248832,-0.0413795353633172,0.0024402275092367193,0.009369566055659601,-0.041179348969562456,1.0,0.24114018212892369,0.7406179922537784,55.368303515934,55.36779846823923,55.368272321008746,55.3679766231285
1109.0,37.536,2.1627281360435475,0.40262710307367944,1.0000000758727114,0.0038042985740917206,0.008901930214616539,-1.7443888000732422e-07,-4.137848588750013e-05,8.889203772766404e-05,-0.14841372428771898,-0.04127057583995068,0.0024560478293401784,0.009382680947000923,-0.04108318011428628,1.0,0.2410705443264048,0.7407992530254859,55.36827332487305,55.36780580787947,55.368276892370226,55.367994826461135
1110.0,37.568,2.1628508182053636,0.40291224389472463,1.0000000706913745,0.003833817556753583,0.008910650657663274,-1.6191677859602301e-07,-5.6338827435497894e-05,7.691418565618258e-05,-0.14973111801906652,-0.04116857815814487,0.0024683545171089675,0.009400312999846413,-0.040995163433161334,1.0,0.2410004047754916,0.7409815818162946,55.36824175632187,55.36781528335258,55.36828045470451,55.36801326877387
1111.0,37.6,2.1629743487829822,0.4031978290758443,1.0000000659053407,0.0038603305505808937,0.008924536909988123,-1.4956355598448316e-07,-7.034423671692982e-05,6.42929037038699e-05,-0.1510454911227343,-0.04107419020274321,0.0024769347412505636,0.009422193081045723,-0.040915819642010215,1.0,0.24092988974330584,0.741164921197196,55.36820910981076,55.36782686975148,55.36828296398586,55.36803172180221
1112.0,37.632,2.163098624186893,0.40348401566793274,1.0000000615057643,0.00388360637221295,0.008943331002765217,-1.374867650283536e-07,-8.322583028332196e-05,5.1142266353473605e-05,-0.15235710563145388,-0.04098799064156534,0.00248161039875337,0.009448001361801373,-0.04084558594975823,1.0,0.24085913202690842,0.7413492049499282,55.36817570212237,55.36784051680834,55.368284387478184,55.36804995402498
1113.0,37.664,2.1632235342706294,0.403770950645053,1.000000057480804,0.003903440116761588,0.008966718035006326,-1.257800114062705e-07,-9.482522791626869e-05,3.7584236765466334e-05,-0.15366623964062245,-0.04091048114765124,0.0024822406253926614,0.00947737027235424,-0.040784809655136096,1.0,0.24078826973851264,0.7415343584744302,55.368141864727846,55.36785614757832,55.36828470351193,55.36806773469141
1114.0,37.696,2.1633489632568335,0.40405876917023403,1.0000000537874767,0.003919655818876865,0.008994328911909133,-1.1541647498837398e-07,-0.00010499785823374283,2.3746591264494243e-05,-0.15497318599508303,-0.04084212237329289,0.0024787240069936546,0.009509888053013517,-0.04073374074775977,1.0,0.240717445010565,0.7417202992950833,55.36810798141989,55.367873617400456,55.36828396010511,55.36808479762242
1115.0,37.728,2.163474790733628,0.4043475929843998,1.0000000504787412,0.003932108649822967,0.009025744192679739,-1.033979846187689e-07,-0.00011360927323484742,9.767584379128267e-06,-0.15627824263044768,-0.04078307314414809,0.0024710001549357544,0.00954510319630108,-0.04069253700172437,1.0,0.24064680264240715,0.7419069376591868,55.36807424045937,55.3678929497727,55.36828193993602,55.368101086052995
1116.0,37.76,2.163600892762618,0.4046375288740801,1.0000000474959887,0.003940688405937743,0.009060496552510148,-9.321101529514625e-08,-0.00012054605537615765,-4.2143278568060635e-06,-0.1575817222637954,-0.040733795186748696,0.0024590524572272268,0.009582527901292237,-0.04066124258638407,1.0,0.24057648864055248,0.742094177258265,55.36804123010112,55.36791377530398,55.368278925796794,55.36811617019247
1117.0,37.792,2.1637271430143317,0.4049286673416601,1.0000000448210296,0.003945320366057883,0.009098077111873945,-8.359247322119631e-08,-0.0001257108698195513,-1.8055051756667558e-05,-0.15888393816117954,-0.040694305489876674,0.0024429078376083007,0.009621644475849376,-0.04063980140117008,1.0,0.24050664875896802,0.742281916017616,55.368009186136604,55.36793600816749,55.36827481570903,55.368129977323306
1118.0,37.824,2.1638534139784373,0.4052210814202325,1.0000000424355775,0.003945967628302562,0.009137939955388176,-7.454537681584593e-08,-0.0001290254850946238,-3.1607987370234494e-05,-0.16018520472354653,-0.04066463941481666,0.002422637985792119,0.00966191037901327,-0.04062805062202507,1.0,0.24043742698352175,0.742470046987695,55.36797847420331,55.367959432275924,55.36826964070919,55.36814232746542
1119.0,37.856,2.1639795782234543,0.4055148256675624,1.0000000403217875,0.003942632656780523,0.009179507729058942,-6.60559384968377e-08,-0.00013043197225190355,-4.472552155592674e-05,-0.1614858340328323,-0.04064472445289723,0.0023983596261505325,0.00970276405721246,-0.0406257210385008,1.0,0.240368963993126,0.742658459320551,55.367949446151826,55.36798380821949,55.368263442482316,55.368153066757074
1120.0,37.888,2.164105509694233,0.4058099353531357,1.0000000384627246,0.003935358461840555,0.009222177674166028,-5.809571573812207e-08,-0.0001298936071538663,-5.7260621512764035e-05,-0.16278613242375578,-0.040634381033012514,0.0023702343004651317,0.0097436310779092,-0.04063243856357335,1.0,0.2403013956132536,0.7428470393232758,55.36792244128049,55.368008876642115,55.36825627073471,55.36816206549533
1121.0,37.92,2.164231085034092,0.4061064258495716,1.000000036842744,0.003924229370580018,0.009265328013620056,-5.0624393566062073e-08,-0.0001273955128066799,-6.90685229123056e-05,-0.16408639709363276,-0.04063332371140316,0.002338467649896655,0.009783930472656811,-0.04064772695506718,1.0,0.2402348512785458,0.7430356715785436,55.367897782674426,55.36803436061695,55.36824818381128,55.3681692188434
1122.0,37.952,2.1643561849172195,0.4064042922373566,1.000000035447769,0.003909371347741039,0.009308324618282472,-4.359296951195671e-08,-0.0001229450311902228,-8.000848879148843e-05,-0.16538691277699313,-0.04064116319505937,0.0023033081829198117,0.009823081214032454,-0.04067101175160944,1.0,0.24016945252221164,0.743224240120601,55.367875773190214,55.36805996882823,55.368239248911685,55.368174447499875
1123.0,37.984,2.1644806953758855,0.4067035091294,1.0000000342654547,0.00389095183331257,0.009350527876356146,-3.6947320203313566e-08,-0.00011657181761551572,-8.994561215050252e-05,-0.1666879485184175,-0.04065740940609766,0.0022650455229219074,0.009860508748668376,-0.04070162540021812,1.0,0.2401053115106526,0.7434126296535342,55.36785669137968,55.368085399369825,55.36822954207192,55.36817769805827
1124.0,38.016,2.1646045091061357,0.407004030719352,1.0000000332852337,0.003869179070318123,0.009391299686000228,-3.0631906733361624e-08,-0.00010832765505857725,-9.875263216948368e-05,-0.16798975457963453,-0.04068147566906858,0.002224008136342896,0.009895651507831657,-0.04073881353182532,1.0,0.24004252964220782,0.7436007267972874,55.36784078753547,55.36811034399024,55.36821914797788,55.36817894297414
1125.0,38.048,2.164727526735102,0.4073057910549986,1.000000032498242,0.003844300905192069,0.009430010488955379,-2.4593486969146117e-08,-9.828599043876702e-05,-0.00010631173175688484,-0.16929255951734737,-0.04071268403486385,0.0021805605505528245,0.009927967317083881,-0.04078174232303279,1.0,0.23998119622904296,0.7437884213458265,55.367828279999046,55.368134492657774,55.36820815961967,55.36817818011362
1126.0,38.08,2.164849658032774,0.40760870453540293,1.0000000319663358,0.0038166030522511535,0.009466046262636767,-1.6622071774554268e-08,-8.653813241977034e-05,-0.00011251934583017665,-0.17059657078883922,-0.04075037551837815,0.002135100045382477,0.009956939635548428,-0.040829502216217076,1.0,0.2399213872810085,0.7439756075210163,55.367819448773126,55.3681574405803,55.36819677472099,55.368175289705185
1127.0,38.112,2.1649708230156217,0.40791266660263553,1.0000000316100097,0.003786405713995376,0.009498814601017666,-1.1135189992293879e-08,-7.32016352958129e-05,-0.00011727845188464344,-0.17190196042288144,-0.040793443336660504,0.0020880522097213444,0.009982082477833764,-0.04088113361491447,1.0,0.2398631644394997,0.7441621851650054,55.36781417469646,55.36817914734313,55.368184863779334,55.368170652245695
1128.0,38.144,2.16509095303397,0.4082175546985611,1.0000000314239765,0.0037540630733888494,0.009527752997674438,-5.81353715167829e-09,-5.840944660411513e-05,-0.00012050949858269064,-0.17320887754771946,-0.04084117223281152,0.0020398683062387486,0.010002948228348433,-0.040935616550499536,1.0,0.2398065739874495,0.7443480609771712,55.36781277083484,55.36819913130814,55.368172700010554,55.36816411680801
1129.0,38.176,2.1652099917180174,0.4085232293982158,1.0000000314033524,0.003719958876477053,0.00955233436420834,-6.445052824765429e-10,-4.231180163843345e-05,-0.0001221488355690355,-0.1745174397630807,-0.04089257729359812,0.0019910199466181807,0.010019131790877468,-0.04099189088228348,1.0,0.23975164604291305,0.7445331496545003,55.36781527283894,55.36821714292765,55.36816039813755,55.368155782403576
1130.0,38.208,2.1653278958024744,0.40882953573670855,1.0000000315431563,0.0036845026392816234,0.009572073077900048,4.3688733186724545e-09,-2.507450136686254e-05,-0.00012214980134754206,-0.17582773183117295,-0.040946632660002334,0.0019419941390907928,0.010030275425815548,-0.04104886727638002,1.0,0.23969839392194048,0.7447173749593317,55.36782169140809,55.36823294253701,55.36814807448935,55.368145761825936
1131.0,38.24,2.1654446358173516,0.40913630471528883,1.000000031837785,0.0036481254649108146,0.00958653058063284,9.207148932154432e-09,-6.87706731530859e-06,-0.00012048372003792276,-0.17713980457289286,-0.04100227792392272,0.0018932880852489176,0.01003607307219652,-0.04110543881542816,1.0,0.2396468136819881,0.7449006706997336,55.367831997228265,55.36824631290497,55.368135851655495,55.36813417954481
1132.0,38.272,2.1655601966329976,0.4094433549709655,1.000000032280491,0.0036112754889382017,0.009595320489897226,1.3834558498794638e-08,1.2089246854861404e-05,-0.00011714066882431896,-0.1784536740599859,-0.04105842736228911,0.0018454037523448557,0.010036274121803433,-0.04116049299680622,1.0,0.2395968838560816,0.7450829816080426,55.36784611866491,55.36825706498261,55.36812385527485,55.36812117149521
1133.0,38.304,2.1656745778493924,0.40975049459234464,1.0000000328628866,0.003574413012338451,0.009598113168096634,1.819986522599644e-08,3.162355945437304e-05,-0.00011212999563325463,-0.1797693211512107,-0.04111398067566346,0.0017988422868742608,0.010030686607943751,-0.041212923927800696,1.0,0.23954856538548588,0.7452642641045119,55.36786394140705,55.3682650421821,55.36811221148035,55.368106883713864
1134.0,38.336,2.1657877940218344,0.4100575230628557,1.0000000335745065,0.0035380053888121607,0.009594639703471729,2.2238121066833433e-08,5.1517548986477183e-05,-0.00010548057310274693,-0.1810866913977636,-0.04116783451966402,0.0017540983400825838,0.010019179778813203,-0.041261644551047846,1.0,0.23950180175595356,0.745444486934711,55.36788530919557,55.36827012358738,55.36810104477456,55.368091470508276
1135.0,38.368,2.1658998747174656,0.41036423331130817,1.000000034402446,0.003502521738473926,0.009584695264138573,2.587310921064722e-08,7.155769466037522e-05,-9.724077987165319e-05,-0.18240569532992534,-0.041218894414152496,0.0017116543785238255,0.010001686033123366,-0.041305598747251815,1.0,0.23945651933980694,0.745623631671222,55.36791002532344,55.368272226295986,55.3680904761258,55.368075092485654
1136.0,38.4,2.166010864399526,0.41067041384876574,1.0000000353311032,0.0034684275643935216,0.009568141795550043,2.9020535974314397e-08,9.15275380766676e-05,-8.747820543207263e-05,-0.18372620912816304,-0.04126608675780964,0.0016719750546540398,0.009978202203911058,-0.041343773171619934,1.0,0.23941262794318793,0.7458016930722645,55.36793785474128,55.368271306965106,55.36808062119318,55.36805791462459
1137.0,38.432,2.1661208221387427,0.410975850970045,1.0000000364254367,0.003436179350515715,0.009544910039976554,3.4197922271768716e-08,0.00011120624096015305,-7.627538874783194e-05,-0.18504807967816786,-0.04130849584192078,0.0016355016724583702,0.009948790190179259,-0.04137520308500779,1.0,0.23937002155487047,0.7459786792920926,55.367968643433876,55.368267191255335,55.36807170552536,55.368039986676244
1138.0,38.464,2.1662298211971307,0.41128033102744693,1.0000000375757392,0.003406220574625849,0.00951500179381081,3.594695374698316e-08,0.00013038210277275378,-6.374026960991695e-05,-0.18637111171123938,-0.041344803981887564,0.00160264802780325,0.009913578140070201,-0.04139900348344736,1.0,0.239328579254153,0.7461546119892902,55.36800180130027,55.368260319675315,55.36806351062141,55.36802179025261
1139.0,38.496,2.1663379483563454,0.41158364266357933,1.0000000387580232,0.0033789737254593215,0.009478488629136356,3.6946376513742634e-08,0.0001488431419543,-4.99937844369087e-05,-0.187695087350736,-0.041374304285114925,0.001573793199694509,0.009872757248498237,-0.04141435425786101,1.0,0.23928816637846345,0.7463295261827767,55.36803718670783,55.36825050747694,55.36805637822901,55.368003257350885
1140.0,38.528,2.1664453031305113,0.41188557907483286,1.0000000399458928,0.003354836692684807,0.009435512851673973,3.7120924389903646e-08,0.0001663832075055695,-3.517208465580683e-05,-0.18901976013897445,-0.041396103139768055,0.0015492779606501228,0.009826581747586376,-0.04142052104900441,1.0,0.23924863582835962,0.7465034700081916,55.368074434912806,55.3682378832193,55.368050355865485,55.36798457919594
1141.0,38.56,2.1665519968303015,0.412185940250213,1.000000041110969,0.0033341781184439024,0.009386286730627889,3.6408633052871596e-08,0.0001828038931668078,-1.9425129724383512e-05,-0.19034485781199834,-0.04140939361341197,0.001529400573078771,0.009775366951044312,-0.04141686345612726,1.0,0.23920982952989203,0.7466765043296518,55.3681131560313,55.368222606975905,55.36804550154592,55.36796592997217
1142.0,38.592,2.1666581514883703,0.4124845351650586,1.000000042223449,0.003317333064648352,0.009331091088926935,3.4764996437179286e-08,0.00019791639888502464,-2.914940697450302e-06,-0.19167008520045897,-0.041413459415059695,0.0015144130115585734,0.009719486716529025,-0.04140284255656781,1.0,0.23917158003893016,0.7468487022119016,55.3681529460837,55.36820486715287,55.368041865571186,55.36794747706806
1143.0,38.624,2.1667638986594944,0.4127811839089599,1.0000000432527836,0.003304599097627888,0.0092702732469141,3.216670679817208e-08,0.00021154327587559336,1.4186314177571245e-05,-0.19299512731855922,-0.04140768079360009,0.0015045177017334297,0.009659370336737257,-0.04137802754119093,1.0,0.23913371226857977,0.747020148260895,55.36819338880898,55.368184879544266,55.36803948718906,55.36792938344413
1144.0,38.656,2.166869378110472,0.41307571972790175,1.0000000441684542,0.0032962328430506138,0.00920424434193362,2.8614707825450433e-08,0.00022352004774864347,3.1698367772689195e-05,-0.19431965265389828,-0.04139154083734199,0.001499864817131415,0.009595498886028802,-0.041342101347766155,1.0,0.23909604531910345,0.7471909378425541,55.36823405843626,55.368162884519464,55.368038393108776,55.36791180906728
1145.0,38.688,2.166974736416204,0.41336799096149174,1.000000044940821,0.0032924470541314177,0.009133476049686206,2.4136463661059224e-08,0.00023369670755001953,4.943500205453232e-05,-0.19564331664665105,-0.041364631411001364,0.001500550165646744,0.009528401051539948,-0.04129486521732426,1.0,0.23905839438841162,0.7473611761908919,55.36827452307675,55.36813914316035,55.368038596830544,55.36789491197224
1146.0,38.72,2.1670801254794347,0.413657862857022,1.000000045523532,0.0032934082259548376,0.009058496735321565,1.8209718455344033e-08,0.00024193827615282573,6.720544077812398e-05,-0.19696576622136636,-0.04132668606209613,0.0015066136793942522,0.009458648480556093,-0.041236240882422136,1.0,0.239020572740216,0.7475309774178318,55.36831437451912,55.368113906900994,55.36804013640586,55.3678788233053
1147.0,38.752,2.167185700985859,0.41394521925266475,1.0000000459109806,0.0032992345757594994,0.008979887363835157,1.2107766178547119e-08,0.00024812856558904177,8.481909050470286e-05,-0.1982866404001009,-0.04127745760315204,0.0015180383168212075,0.009386850896735487,-0.041166277319376554,1.0,0.23898239371482155,0.7477004634338225,55.36835310976857,55.36808753028391,55.36804290994365,55.36786376829321
1148.0,38.784,2.167291620832879,0.4142299640838687,1.0000000460814995,0.0033099952193725063,0.008898275975124182,5.328716634612239e-09,0.00025216881502112035,0.00010208522568628812,-0.19960557811946372,-0.04121694320913474,0.001534750287124722,0.009313650100617228,-0.04108514628385138,1.0,0.23894367273298606,0.747869762805251,55.36839035503238,55.36806026169395,55.3680469475969,55.36784985323421
1149.0,38.816,2.1673980435303117,0.41451202272716414,1.0000000460177554,0.0033257092947737875,0.008814332602981713,-1.9920037841456564e-09,0.00025397955807687306,0.00011881601083390166,-0.20092222038070978,-0.04114520735729329,0.001556619172188438,0.009239714279001667,-0.04099314473284634,1.0,0.23890422929562316,0.7480390095496703,55.3684256861034,55.36803240115034,55.36805220768061,55.3678372421359
1150.0,38.848,2.1675051265978573,0.4147913431571478,1.0000000457074485,0.0033463458607999952,0.008728763436989449,-9.697090352923613e-09,0.0002535016090982644,0.00013482859427746418,-0.20223621429541808,-0.0410624410620292,0.001583458887542327,0.009165731732870655,-0.040890693445906075,1.0,0.2388638889477535,0.7482083418866996,55.36845869612212,55.3680042444866,55.36805863627586,55.367826097446894
1151.0,38.88,2.1676130249765513,0.4150678969027182,1.0000000451438757,0.00337182433418588,0.008642304549075639,-1.7611648250868388e-08,0.000250696939999316,0.00014994707267203223,-0.20354721708391585,-0.04096896039736467,0.001615029217774376,0.009092404277334916,-0.04077833451613667,1.0,0.2388224851847903,0.7483779009574429,55.368488996750486,55.367976079450045,55.368066168148715,55.36781658192423
1152.0,38.912,2.16772188947029,0.41534167978981906,1.000000044326326,0.0034020154293383092,0.008555715221902111,-2.5548431425995203e-08,0.00024554947001914244,0.00016400430184762606,-0.20485490000862752,-0.04086520445799435,0.001651037889475802,0.00902044036009016,-0.04065672769275224,1.0,0.23877986128066353,0.748547829524423,55.368516221789164,55.367948182734494,55.36807472641246,55.36780885840615
1153.0,38.944,2.1678318652320727,0.4156127124589718,1.000000043260283,0.003436742555706533,0.008469770911022103,-3.33138447383659e-08,0.00023806576365053742,0.00017684352692347224,-0.20615895221429092,-0.04075173243937337,0.0016911431402882367,0.008950547942273561,-0.040526645575696914,1.0,0.23873587201898366,0.7487182706628679,55.36854003108005,55.367920817560865,55.36808422245014,55.36780308851461
1154.0,38.976,2.167943090307943,0.41588104064702275,1.0000000419574164,0.0034757836209490744,0.00838525587659305,-4.07145775427376e-08,0.00022827562545404815,0.00018831981097085235,-0.20745908444232528,-0.04062921969153064,0.001734956739102315,0.00888342719169474,-0.040388967673905776,1.0,0.238690385310392,0.7488893664528546,55.36856011449669,55.367894232050205,55.36809455597968,55.36779943035566
1155.0,39.008,2.168055694249781,0.41614673522384094,1.0000000404353528,0.0035188731824366496,0.008302955525567424,-4.756448707121131e-08,0.00021623257348419664,0.00019830124898080642,-0.20875503258469133,-0.04049845268671594,0.001782047410008854,0.008819763044763276,-0.04024467334637996,1.0,0.2386432836814159,0.7490612566803523,55.368576195842635,55.367868658538086,55.368105615280214,55.36779803522343
1156.0,39.04,2.168169796806186,0.41640989197624523,1.0000000387172223,0.003565704887659564,0.008223648512635035,-5.369157896062996e-08,0.00020201416629896427,0.00020666996267793418,-0.21004656104203234,-0.04036032288397608,0.0018319446130693566,0.008760217701157594,-0.04009483365179006,1.0,0.23859446562244088,0.7492340775537596,55.368588036512385,55.36784431386834,55.368117277638184,55.36779904335349
1157.0,39.072,2.168285506698819,0.41667063113325464,1.0000000368309934,0.0036159341447734978,0.008148098656543316,-5.8944654712782604e-08,0.00018572215260466833,0.0002133228813332232,-0.21133346585105156,-0.040215819496986986,0.0018841426372796413,0.008705423122492461,-0.03994060213916803,1.0,0.23854384678474902,0.7494079604411592,55.36859543875343,55.367821400608406,55.36812941011782,55.36780257883157
1158.0,39.104,2.168402920489826,0.4169290966288855,1.0000000348086118,0.003669180968974133,0.008077046738465115,-6.319942486011229e-08,0.00016748240837942052,0.0002181723237786255,-0.21261557754672128,-0.040066021185751546,0.0019381049655145925,0.008655973613646452,-0.03978320462016926,1.0,0.2384913610188511,0.7495830306323786,55.368598248387606,55.36780010902455,55.36814187075574,55.36780874385648
1159.0,39.136,2.1685221215444788,0.41718545510118227,1.0000000326849725,0.0037250329578959736,0.008011202259273145,-6.636372701373329e-08,0.00014744462454098609,0.00022114640633317818,-0.21389276372589477,-0.03991208670354328,0.001993268876863824,0.008612418571300382,-0.03962392797289499,1.0,0.2384369612484596,0.7497594061291138,55.36859635686384,55.3677806195686,55.36815451026626,55.36781761263891
1160.0,39.168,2.1686431790920073,0.41743989462895664,1.0000000304967631,0.003783048360267855,0.007951235242950093,-6.838154348321666e-08,0.0001257817094132919,0.00022218930967362054,-0.21516493128020095,-0.03975524454065881,0.002049050258408156,0.008575255489066326,-0.03946410803853479,1.0,0.23838062017630446,0.7499371964659723,55.36858970256718,55.367763105550154,55.368167174289255,55.3678292252978
1161.0,39.2,2.1687661473868975,0.4176926232107934,1.0000000282812207,0.003842759215319083,0.007897768182398516,-6.923570050609065e-08,0.00010268887462606229,0.00022126144362812986,-0.21643202826774866,-0.039596781617240874,0.0021048486049296423,0.00854492331114682,-0.0393051166851399,1.0,0.23832233081950446,0.750116501565373,55.368578271362075,55.367747735628406,55.368179706156745,55.36784358216202
1162.0,39.232,2.1688910649726654,0.41794386699419667,1.000000026074854,0.0039036745552449704,0.007851368231352216,-6.894895765442093e-08,7.838238057240898e-05,0.00021833955170426562,-0.21769404539521067,-0.03943803108941904,0.0021600521905743957,0.008521796227193984,-0.03914834812736339,1.0,0.23826210687331414,0.7502974106298347,55.36856209642073,55.36773467574966,55.36819195007395,55.3678606388968
1163.0,39.264,2.1690179540503793,0.4181938682662152,1.0000000239121825,0.003965283678560971,0.00781253975057783,-6.758348741752539e-08,5.309792757536025e-05,0.00021341679625592946,-0.21895101708432396,-0.03928035934643444,0.002214043400865947,0.008506177999476016,-0.03899520460663493,1.0,0.23819998290272568,0.7504800010762968,55.36854125746084,55.367724090199154,55.36820375453616,55.36788030283865
1164.0,39.296,2.169146819954902,0.4184428832203981,1.0000000218245464,0.0040270595163404135,0.007781717318216207,-6.523862700059277e-08,2.7088690631285337e-05,0.00020650286006699628,-0.22020302209978376,-0.039125152290965345,0.0022662042153792188,0.008498296910179042,-0.0388470815523202,1.0,0.23813601436164136,0.7506643375186777,55.36851587956349,55.367716141513526,55.36821497575147,55.367902430846854
1165.0,39.328,2.1692776507429095,0.4186911795183803,1.000000019839039,0.004088462125225831,0.007759259311943856,-6.204710356615821e-08,6.230079339832421e-07,0.0001976240912859442,-0.22145018371894348,-0.0389738010103143,0.0023159218311642766,0.008498301411369057,-0.03870535236028542,1.0,0.23807027743918385,0.7508504708067826,55.3684861317763,55.36771098911674,55.36822548080783,55.36792682886729
1166.0,39.36,2.1694104168981014,0.41893903366768376,1.0000000179776072,0.004148942349749731,0.007745442165733674,-5.8169746797182864e-08,-2.6018254804491143e-05,0.00018682370647358376,-0.22269266942766627,-0.038827686961755155,0.0023625944145949556,0.00850625655414326,-0.038571352940260956,1.0,0.23800286873226556,0.7510384371318066,55.36845222570351,55.36770878666401,55.3682351503258,55.367953253279325
1167.0,39.392,2.1695450711604884,0.4191867282403422,1.00000001625636,0.00420794569959368,0.007740455395575421,-5.378897327545326e-08,-5.2544631893129866e-05,0.0001741620521808014,-0.22393069013110273,-0.038688166810659064,0.0024056369640353247,0.008522141265547987,-0.03844636619672266,1.0,0.2379339047429363,0.751228257210843,55.368414414231495,55.36770967821063,55.36824388039787,55.367981413962994
1168.0,39.424,2.1696815484880387,0.41943454895965465,1.0000000146042398,0.004264916485946983,0.007744397478514998,-5.162875682530057e-08,-7.865565202075543e-05,0.000159713331303612,-0.22516449499077812,-0.03855643575994443,0.0024444872921382524,0.008545846524298838,-0.03833161205435778,1.0,0.23786352119840784,0.7514199355648323,55.368372877200244,55.36771395960355,55.368251470379306,55.368011093153655
1169.0,39.456,2.1698197661171825,0.41968278165763195,1.0000000131103477,0.004319300910742912,0.007757271811789818,-4.668412878494099e-08,-0.00010405518403322173,0.00014357687040240564,-0.22639438350585617,-0.03843406641017336,0.0024786109488264194,0.00857717332514872,-0.038228212728320415,1.0,0.23779187222598938,0.7516134598579002,55.36832822494419,55.36772134792824,55.36825815882415,55.36804162111268
1170.0,39.488,2.169959623864063,0.41993170921753653,1.0000000117716192,0.0043705545900168214,0.00777898624701889,-4.1835264419369965e-08,-0.0001284437322544493,0.0001258664355289552,-0.2276206860255199,-0.03832202227791924,0.0025075093689349804,0.008615835281257984,-0.038137202439499904,1.0,0.2377191292733902,0.7518088004630623,55.3682806434202,55.36773218414147,55.36826364718028,55.368072827105344
1171.0,39.52,2.170101004544749,0.4201816084489295,1.0000000105788962,0.004418146271431061,0.00780935098102907,-3.727259473284699e-08,-0.0001515260228984774,0.00010671391537290963,-0.2288437688657615,-0.03822142667681953,0.00253072481876733,0.008661458520980662,-0.03805950245827461,1.0,0.23764547987881848,0.7520059101233812,55.3682305475422,55.36774650682912,55.36826792666105,55.36810427049994
1172.0,39.552,2.1702437745673935,0.4204327469603543,1.0000000095175086,0.004461563207644951,0.007848078482026833,-3.316836388878396e-08,-0.0001730146314486018,8.626953878657189e-05,-0.2300640307928262,-0.03813329294954803,0.0025478462364952356,0.008713583933518192,-0.03799590846311262,1.0,0.2375711262553027,0.752204723775445,55.36817839251185,55.36776432282208,55.36827097936701,55.368135511111035
1173.0,39.584,2.1703877847069104,0.4206853800636465,1.0000000085680805,0.004500316859903426,0.007894784477878952,-2.9669627865654977e-08,-0.00019263367914198386,6.470176486995149e-05,-0.23128189923378142,-0.03805851596561856,0.0025585149449553254,0.008771670453779096,-0.037947078726182276,1.0,0.23749628368728085,0.7524051585534303,55.36812466533153,55.367785601616355,55.36827279331276,55.36816610807018
1174.0,39.616,2.170532871069891,0.4209397477452188,1.0000000077075222,0.004533948843144453,0.007948990049136241,-2.6892446602924855e-08,-0.00021012248636477672,4.219692230176694e-05,-0.23249782615638298,-0.03799786181641294,0.0025624301192560582,0.00883509939443808,-0.03791352342968931,1.0,0.23742117874081534,0.7526071139895778,55.368069884898226,55.36781026857587,55.368273363013564,55.368195625789035
1175.0,39.648,2.170678856255159,0.42119607173977125,1.0000000068584862,0.004562037039620481,0.008010124829762951,-2.653237352045737e-08,-0.0002252414172179054,1.8956258038405858e-05,-0.23371228609166922,-0.03795203482508913,0.0025593539024969933,0.008903179809602167,-0.037895591872339984,1.0,0.23734604729133646,0.7528104724246811,55.3680146733359,55.36783812800548,55.36827279489322,55.36822356841265
1176.0,39.68,2.17082555069539,0.42145455276933386,1.0000000060486147,0.004584201257221648,0.008077532173832365,-2.5308484474798065e-08,-0.00023776830155162773,-4.798066752701825e-06,-0.23492576251533956,-0.03792131373060343,0.00254911548772121,0.008975155449313233,-0.03789347721398273,1.0,0.23727113239951908,0.7530150996294425,55.36795941106899,55.36786918704316,55.36827084631087,55.36824972427021
1177.0,39.712,2.170972754230929,0.4217153678975338,1.0000000052509779,0.004600110485599758,0.008150472756246602,-2.49261514206872e-08,-0.00024750866261990194,-2.8831456378839412e-05,-0.23613875377448126,-0.037906162609953456,0.002531616697538294,0.009050210770410691,-0.037907194905651254,1.0,0.23719668197361932,0.7532208456741531,55.367904846178305,55.36790309079734,55.368267684025994,55.36827356858976
1178.0,39.744,2.1711202578577375,0.42197866811764184,1.0000000044396795,0.004609488337762265,0.008228131878377929,-2.535307380702458e-08,-0.00025429646763918594,-5.289626472928901e-05,-0.2373517628103502,-0.03790672448208166,0.0025068348831782925,0.00912747970540306,-0.037936585460032195,1.0,0.23712294630580424,0.75342754601875,55.36785157744132,55.36793956458683,55.368263314472976,55.368294771239285
1179.0,39.776,2.17126784565855,0.4222445761792025,1.0000000035912073,0.004612118775392843,0.008309626923770394,-2.651475566883535e-08,-0.00025799672605029413,-7.673394831969897e-05,-0.2385652918777683,-0.03792297750043703,0.002474825819774276,0.009206054617448287,-0.037981311941533064,1.0,0.23705017547643656,0.7536350228332243,55.36780022390983,55.36797827965555,55.368257748515255,55.368313030533905
1180.0,39.808,2.171415296903731,0.42251318468263277,1.0000000026855165,0.004607851411903515,0.008394015732196095,-2.830283923893929e-08,-0.0002585078266725901,-0.00010007762086724306,-0.23977983705130426,-0.03795472831961026,0.0024357258206923475,0.009284995915398123,-0.03804085963631476,1.0,0.23697861664879039,0.7538430865423984,55.367751409247994,55.36801885399523,55.36825100456115,55.36832808508074
1181.0,39.84,2.1715623883039554,0.4227845544696503,1.0000000017069475,0.0045966062570119,0.008480305844296801,-3.058028136270976e-08,-0.00025576348762362003,-0.00012265497205822502,-0.2409958826213612,-0.03800160867777535,0.0023897529829991658,0.009363342241760724,-0.03811453790897011,1.0,0.23690851128092735,0.7540515375845711,55.36770575157621,55.368060857122515,55.368243108203544,55.36833971958201
1182.0,39.872,2.1717088963925657,0.423058713334591,1.0000000006449412,0.004578377769071611,0.008567464529397786,-3.3187695647200244e-08,-0.0002497342753937006,-0.00014419151554060692,-0.24221389547230376,-0.03806307484975388,0.0023372074920160074,0.009440121111420213,-0.0382014842444045,1.0,0.2368400922853105,0.7542601683688079,55.367663853545764,55.36810381537825,55.36823409301496,55.36834776876108
1183.0,39.904,2.171854600011368,0.42333565507840215,0.9999999994945155,0.004553238087567403,0.008654429494097605,-3.595080483309185e-08,-0.00024042865536073383,-0.00016441411775863687,-0.24343431952287295,-0.038138409597706355,0.002278470924077776,0.009514359868514692,-0.03830067046337615,1.0,0.23677358117024633,0.7544687654110184,55.367626292470135,55.368147218010634,55.36822400194991,55.3683521198721
1184.0,39.936,2.1719992828699386,0.42361533892337294,0.9999999982564808,0.004521339330335548,0.008740120155338168,-3.86885835868032e-08,-0.0002278935426031756,-0.00018305474821760036,-0.24465757030352667,-0.03822672644302223,0.0022140045016633826,0.009585096821734685,-0.0384109110784166,1.0,0.23670918520023224,0.7546771116246004,55.3675936105895,55.36819052417463,55.36821288898751,55.368352713943956
1185.0,39.968,2.172142736145294,0.42389768930251226,0.9999999968834891,0.0044829148548581315,0.008823449348102695,-4.290599125988467e-08,-0.00021221671875828443,-0.00019985199679983218,-0.24588402715592242,-0.03832689532373951,0.0021443462963694707,0.00965139240697057,-0.038530877349940366,1.0,0.23664709461464647,0.7548849887374375,55.36756623013594,55.36823324698194,55.36820074529064,55.36834965654945
1186.0,40.0,2.172284761115168,0.42418259605050895,0.9999999954446235,0.004438280308564014,0.008903335874897661,-4.496454944491963e-08,-0.00019351902009407773,-0.0002145623505164091,-0.2471140375259124,-0.03843792055293425,0.0020701078661611153,0.009712341069525105,-0.03865909693421054,1.0,0.23658747992266801,0.7550921798359481,55.36754480113521,55.368274608697476,55.368187836401844,55.368342734364674
1187.0,40.032000000000004,2.1724251716983316,0.42446991494738845,0.9999999939566139,0.004387830723858796,0.008978715527483245,-4.650030013819175e-08,-0.00017196078090082125,-0.00022695685450531958,-0.24834790089876163,-0.03855830449323349,0.001991968056628071,0.009767080368990294,-0.03879398407845409,1.0,0.23653048938743043,0.7552984719023516,55.367529543401574,55.36831418041302,55.36817413477917,55.36833221610861
1188.0,40.064,2.172563796952388,0.42475946866989184,0.9999999924401057,0.004332039189259207,0.009048553828231883,-4.7390879415193047e-08,-0.00014773763587871692,-0.00023682730449651663,-0.249585869848192,-0.038686582385069605,0.0019106675453781845,0.00981480224459848,-0.03893384829439082,1.0,0.2364762466699803,0.7555036584084025,55.36752079128261,55.36835137282869,55.36815975590506,55.36831823799627
1189.0,40.096000000000004,2.1727004834609067,0.4250510481250924,0.9999999909185758,0.00427145339121312,0.009111857975017283,-4.754780943971327e-08,-0.00012107848291328752,-0.00024399005111061585,-0.25082814610414067,-0.03882116660739775,0.0018270018207955908,0.009854762846245074,-0.03907691218300317,1.0,0.23642484869632183,0.755707541894377,55.36751878946446,55.36838562223199,55.36814483329659,55.36830098283149
1190.0,40.128,2.1728350975701933,0.42534441415643215,0.9999999894170637,0.004206690915207109,0.009167688479367438,-4.6922254276498715e-08,-9.224292707865668e-05,-0.0002482894568961343,-0.2520748772486414,-0.038960366244897744,0.0017418131939538123,0.009886291705133856,-0.039221330425251895,1.0,0.23637636378747978,0.7559099364935653,55.367523699581156,55.368416394560526,55.36812951313162,55.368280674873674
1191.0,40.160000000000004,2.17296752743806,0.42563929960674063,0.9999999879607657,0.004138433370839504,0.00921517032213896,-4.5509311596964486e-08,-6.151829074704795e-05,-0.00024960101705247414,-0.2533261540297983,-0.03910240634137547,0.0016559819588953559,0.009908800115094403,-0.03936520978626065,1.0,0.2363308300887794,0.7561106703632379,55.36753559861842,55.36844319416882,55.3681139544144,55.36825757264353
1192.0,40.192,2.1730976848590915,0.4259354117180415,0.9999999865735468,0.004067419407228105,0.009253503478153282,-4.3350590478446246e-08,-2.9216246721119195e-05,-0.00024783407236100917,-0.254582008306855,-0.03924544756181965,0.001570416807026288,0.009921788620024305,-0.03950662991918219,1.0,0.23628825433087433,0.7563095879839932,55.3675544777685,55.368465572934944,55.36809832789299,55.368231962155996
1193.0,40.224000000000004,2.1732255068338024,0.4262324348435575,0.9999999852764291,0.003994436709716773,0.009281972672373769,-4.053492957955641e-08,4.330862132710162e-06,-0.00024293404992673027,-0.255842411646064,-0.03938760647597744,0.0014860446170393902,0.009924853519213893,-0.03964366472042415,1.0,0.23624861095060865,0.7565065522911527,55.36758024240768,55.368483139119135,55.368082813976926,55.36820415024326
1194.0,40.256,2.17335095685275,0.4265300334433683,0.9999999840861203,0.003920313092112703,0.009299956244089216,-3.7197148139438074e-08,3.877394602610146e-05,-0.0002348841772054876,-0.2571072745857393,-0.03952697642525301,0.0014037997559010634,0.009917692320039206,-0.03977440396905599,1.0,0.2362118415946582,0.7567014466044242,55.367612713383515,55.368495565539455,55.36806759992319,55.368174457942466
1195.0,40.288000000000004,2.173474025870968,0.4268278553317404,0.9999999830136476,0.0038459068193159723,0.009306934011626272,-3.3514774289141314e-08,7.375125814769401e-05,-0.00022370662594442816,-0.25837644658358444,-0.03966164881018267,0.0013246130380845812,0.009900108085776422,-0.039896974974928896,1.0,0.23617785502317332,0.7568941763253456,55.367651629637805,55.368502596754965,55.36805287648835,55.368143214030184
1196.0,40.32,2.1735947329530023,0.4271255351413086,0.9999999820631579,0.003772096313567757,0.009302494049006819,-2.9702802717416152e-08,0.00010889257227882439,-0.00020946305476033573,-0.2596497166521384,-0.039789734574288346,0.001249400499571941,0.009872012645951245,-0.040009563959942145,1.0,0.23614652742445666,0.7570846703759812,55.36769665210545,55.368504055016714,55.36803883420876,55.368110748840124
1197.0,40.352000000000004,2.1737131255741704,0.4274226979670937,0.9999999812309469,0.003699769411502215,0.0092863383057841,-2.6006592712676665e-08,0.0001438233684601193,-0.000192254531788968,-0.26092681468007606,-0.0399093856322089,0.0011790521488865445,0.00983342865530718,-0.04011043690359275,1.0,0.2361177031452183,0.7572728823568706,55.36774736874532,55.36849984480654,55.36802565948566,55.36807738850997
1198.0,40.384,2.1738292795694028,0.4277189631518243,0.9999999805047691,0.003629812351011297,0.009258287022831706,-2.2693055767855352e-08,0.0001781689490268129,-0.00017222083159428863,-0.26220741342871723,-0.04001881598085016,0.001114420861274881,0.009784490506771732,-0.04019795959680009,1.0,0.23609119583426627,0.7574587914072585,55.36780330054058,55.368489955817374,55.36801353062791,55.36804344981493
1199.0,40.416000000000004,2.1739432987269502,0.4280139481731965,0.9999999798634758,0.0035630986733588455,0.009218281917880442,-2.0040417242348484e-08,0.00021155841181357557,-0.00014953911327127557,-0.2634911311848353,-0.04011632223515938,0.001056311581895388,0.009725444120648068,-0.04027061666616931,1.0,0.2360667899907979,0.7576424027559907,55.36786390823951,55.36847446427665,55.368002614042034,55.36800923572894
1200.0,40.448,2.1740553140303036,0.42830727259354406,0.9999999792770166,0.0035004782297929885,0.00916638813586269,-1.8326850453888952e-08,0.00024362841446844743,-0.00012442199868000636,-0.2647775350429887,-0.04020030334128416,0.0010054710015812698,0.009656645648398002,-0.04032702935372204,1.0,0.2360442429018633,0.7578237479571005,55.36792859961569,55.36845353253802,55.367993060727876,55.3679750318553
1201.0,40.480000000000004,2.1741654825576826,0.428598562032853,0.9999999787068282,0.0034427664805932214,0.009102794978403684,-1.7818385655841377e-08,0.0002740266733738942,-9.71150811526548e-05,-0.2660661447832936,-0.040269279237478396,0.0009625778627628001,0.009578559141979663,-0.04036597186381392,1.0,0.23602328694724162,0.7580028848098237,55.367996736988516,55.36842740690619,55.36798500326019,55.367941103847855
1202.0,40.512,2.1742739860543265,0.428887452127084,0.9999999781066212,0.0033907342701231928,0.009027815444719681,-1.8756468600502462e-08,0.0003024151526393956,-6.789390525907072e-05,-0.26735643730402425,-0.04032190825559763,0.0009282340448780934,0.00949175325012301,-0.04038638611851834,1.0,0.23600363224400617,0.7581798969685037,55.36806764476591,55.36839641367636,55.36797855340047,55.3679076959417
1203.0,40.544000000000004,2.174381029198411,0.4291735924352656,0.9999999774235587,0.003345098252643578,0.008941884630673426,-2.1345702982953183e-08,0.00032847291271437815,-3.7060467512762553e-05,-0.2686478515627232,-0.040357003082368934,0.0009029565672480483,0.009396897008861349,-0.04038739479417555,1.0,0.2359849695975761,0.7583548932534039,55.36814061676822,55.36836095339907,55.367973800478445,55.36787503069481
1204.0,40.576,2.174486837586606,0.4294566502606881,0.9999999765998069,0.003306512131096371,0.008845557044453587,-2.574224514107221e-08,0.0003518986041610968,-4.93929597560414e-06,-0.26993979397476514,-0.040373545128788345,0.0008871706330950695,0.00929475479607739,-0.040368312543860196,1.0,0.23596697372116668,0.7585280066787081,55.368214923127134,55.36832149339178,55.367970810641516,55.367843310037166
1205.0,40.608000000000004,2.1745916554699853,0.4297363143536273,0.9999999755744202,0.003275558855597349,0.008739502904349793,-3.2043333264560624e-08,0.0003724126096838804,2.812682603932583e-05,-0.2712316442145551,-0.04037069718666725,0.000881203822115297,0.009186180517424956,-0.04032865534206508,1.0,0.23594930668130873,0.7586993932188375,55.36828981660383,55.368278558538115,55.36796962701897,55.36781271770628
1206.0,40.64,2.174695743275051,0.43001229846521716,0.9999999742855068,0.0032527439083055694,0.00862450348718393,-4.027854438870992e-08,0.00038975885602846554,6.178142050402717e-05,-0.27252276136177966,-0.040347814282526394,0.0008852815187857226,0.009072111084257997,-0.04026814791758392,1.0,0.2359316215236206,0.7588692303384785,55.36836453821966,55.368232720431884,55.367970270802836,55.36778342313085
1207.0,40.672000000000004,2.1747993749479857,0.4302843447242383,0.999999972614205,0.0032384897792055705,0.008501445594410413,-5.222818011407197e-08,0.00040370375151679866,9.565649475772719e-05,-0.27381249313763645,-0.040304540270614586,0.0008995236164100985,0.00895355923631051,-0.04018672534134538,1.0,0.23591356603030317,0.7590377153153085,55.36843840469424,55.36818450317737,55.36797286314276,55.36775550494256
1208.0,40.704,2.1749028351446946,0.4305522268423805,0.9999999705659305,0.003233131147154312,0.008371316191943414,-6.400857968658786e-08,0.0004140453837216767,0.00012938534121301876,-0.27510017255513647,-0.04024041470960406,0.000923941881768588,0.008831606457388619,-0.040084550794777546,1.0,0.23589478658570662,0.7592050633776756,55.36851042688341,55.36813474098465,55.3679771071131,55.36772933735255
1209.0,40.736000000000004,2.175006416363969,0.4308157530254858,0.9999999680906505,0.0032369131023192985,0.00823519322204041,-7.735249940576084e-08,0.0004206066926561306,0.00016259942914211424,-0.2763851371832826,-0.040155579395281533,0.0009584408966065812,0.00870739307109256,-0.03996199973052528,1.0,0.23587493201684515,0.7593715057196229,55.368580006938075,55.36808391750644,55.36798315171407,55.367704922486695
1210.0,40.768,2.1751104160101145,0.43107476866548194,0.9999999651472566,0.003249988942050444,0.00809423874988029,-9.198105818676208e-08,0.00042323911539761166,0.00019493594616932171,-0.2776667304011776,-0.04005021570138087,0.0010028180308654347,0.008582109964563711,-0.03981966771732504,1.0,0.23585365744036435,0.7595372873974858,55.36864636529979,55.368032663619054,55.367990946297304,55.36768245604183
1211.0,40.800000000000004,2.175215133446115,0.43132915875761785,0.9999999617058389,0.0032724198750218817,0.007949690379246086,-1.0754430332381344e-07,0.0004218237556221761,0.00022604249733209603,-0.2789443086003753,-0.039924730446048766,0.0010567654574028672,0.008456988969636852,-0.039658368243191106,1.0,0.2358306280378329,0.759702665152023,55.368708744439765,55.3679815791368,55.36800043230988,55.36766214880141
1212.0,40.832,2.1753208670772834,0.4315788500187089,0.9999999577496581,0.0033041759740091467,0.007802851909095672,-1.2363065085564646e-07,0.0004162726151725186,0.0002555814986790186,-0.2802172482562283,-0.0397797517960373,0.0011198733563848495,0.00833329257051246,-0.03947912894600144,1.0,0.23580552271078448,0.7598679051873286,55.36876640552553,55.367931217299166,55.36801154602566,55.36764424285189
1213.0,40.864000000000004,2.1754279115020423,0.43182381268200554,0.9999999532767024,0.0033451382737133693,0.007655083228019614,-1.3977986476619398e-07,0.0004065300399246705,0.0002832341619227215,-0.28148495287441355,-0.03961612534849073,0.001191634174752083,0.008212302926244707,-0.039283186216475516,1.0,0.23577803757033122,0.760033280934537,55.3688186338645,55.36788207149588,55.36802421615335,55.36762902199391
1214.0,40.896,2.175536554761755,0.4320640619430365,0.9999999483007257,0.003395101866019253,0.007507789407217851,-1.5549927318005466e-07,0.00039257444418279826,0.0003087039430846034,-0.2827468597873631,-0.03943490940775069,0.0012714477809191533,0.008095310183516892,-0.03907197814779112,1.0,0.23574788922057202,0.7601990708234592,55.3688647474009,55.36783456373974,55.368038360130235,55.367616818751564
1215.0,40.928000000000004,2.175647075715394,0.43229965902930034,0.9999999428516758,0.003453779801223691,0.007362408945744839,-1.7028280868689775e-07,0.0003744203396804119,0.0003317193312252056,-0.2840024467604919,-0.03923736899544926,0.0013586273296287876,0.007983600075802991,-0.03884713580720725,1.0,0.23571481780068568,0.7603655560790454,55.36890410803603,55.367789036781254,55.36805387845549,55.3676080169573
1216.0,40.96,2.175759741557458,0.4325307118653628,0.9999999369754468,0.0035208075644947425,0.007220401126952385,-1.8363215809060553e-07,0.0003521206437128172,0.0003520358665136549,-0.2852512383608848,-0.039024968370000836,0.0014524056388431532,0.007878440840516915,-0.03861047279299232,1.0,0.23567858975748793,0.7605330185521735,55.36893613534962,55.36774575167819,55.36807064710536,55.367603048468744
1217.0,40.992,2.175874805489166,0.4327573753042324,0.9999999307329125,0.003595747865875861,0.007083232464676503,-1.9507919585273132e-07,0.0003257691781058707,0.0003694373050429986,-0.2864928120370893,-0.03879936193355786,0.0015519418838750624,0.007781069533073632,-0.038363973024053616,1.0,0.23563900032822432,0.7607017385860865,55.36896032180476,55.36770489233475,55.36808850880174,55.36760238263374
1218.0,41.024,2.1759925045440807,0.4329798508963478,0.9999999242586382,0.003678095466086028,0.006952362253604113,-2.0232107308946158e-07,0.0002955058784744305,0.00038373322199438526,-0.2877268067559077,-0.038562474043287887,0.001656328415368358,0.007692677875981461,-0.038109772636441774,1.0,0.23559587572216237,0.7608719929114525,55.36897633255269,55.36766649260328,55.368107349189984,55.367606383512026
1219.0,41.056,2.1761130575270435,0.433198386151677,0.9999999175736527,0.00376728071759022,0.006829226729038937,-2.0890579544021817e-07,0.0002615109627610381,0.0003947666003105969,-0.2889529179903986,-0.03831607252300732,0.0017645969765852925,0.007614396902756304,-0.03785015836155965,1.0,0.23554907502494185,0.7610440525182659,55.36898361840825,55.367630852428135,55.36812671476699,55.36761582410132
1220.0,41.088,2.176236663153134,0.4334132733281076,0.9999999107709417,0.0038626758153271885,0.0067152242634551645,-2.1258471719074308e-07,0.00022401522272068805,0.00040240430682645837,-0.2901709154600654,-0.03806247943661256,0.0018757268852256086,0.007547284348703246,-0.03758753178053052,1.0,0.23549849175228144,0.7612181805963089,55.36898215342924,55.36759785819501,55.36814644813201,55.36763095274192
1221.0,41.12,2.176363498262259,0.4336248476731196,0.9999999039479165,0.003963597160150815,0.006611698281626076,-2.1321953924682407e-07,0.0001832982619326125,0.0004065377875417243,-0.2913806416193927,-0.037803969527334454,0.0019886511157493365,0.007492309405134994,-0.03732439762288434,1.0,0.23544405514770161,0.7613946304049369,55.368971817676616,55.367567595390334,55.36816620592676,55.36765214059525
1222.0,41.152,2.1764937161180034,0.4338334851328017,0.999999897202565,0.004069307992015758,0.0065199206150643235,-2.1079223436191037e-07,0.00013968873404562656,0.0004070810241404512,-0.29258201566892234,-0.03754294271741342,0.002102263035570843,0.007450338932132462,-0.03706334151768515,1.0,0.23538573121921783,0.7615736430838677,55.36895261441393,55.36754018002259,55.36818561130917,55.3676796409016
1223.0,41.184,2.1766274447673517,0.4340395995310592,0.9999998906294346,0.004179020292136476,0.006441074945548133,-2.0541032416667758e-07,9.356335808900281e-05,0.00040396845331294306,-0.2937750367965447,-0.037281900006876645,0.002215423313235457,0.007422124379097917,-0.03680700597073998,1.0,0.23532352353705324,0.7617554453829993,55.36892464473831,55.36751579046092,55.3682042792997,55.36771355743253
1224.0,41.216,2.176764785441251,0.4342436392338939,0.9999998843156451,0.004291896059354724,0.006376240713584413,-1.973059216009211e-07,4.534465988345913e-05,0.0003971533073360024,-0.2949597866501451,-0.03702341941504583,0.0023269671222457817,0.007408289634746924,-0.0365580645994055,1.0,0.23525747381496004,0.7619402472957574,55.36888808786468,55.36749468447842,55.368221839983086,55.36775382410679
1225.0,41.248,2.176905810984,0.43444608332481854,0.9999998783371356,0.0044070482109059145,0.006326377841395228,-1.868284242590096e-07,-4.5025385401846965e-06,0.0003866066989738441,-0.29613643101176307,-0.0367701309931476,0.0024357118013731225,0.00740931997843489,-0.03631919477320006,1.0,0.23518766229359758,0.7621282395911787,55.36884318061629,55.36747720385893,55.368237963767434,55.367800195644996
1226.0,41.28,2.1770505643105493,0.4346474373274348,0.9999998727553373,0.004523541454664652,0.0062923125817581395,-1.7443119518232567e-07,-5.547575392404649e-05,0.0003723176911038763,-0.2973052206319315,-0.03652469054584087,0.0025404651149187442,0.0074255522682683765,-0.03609304889789916,1.0,0.23511420793693852,0.7623195912533254,55.36879019927099,55.36746376650201,55.36825238435068,55.36785225052789
1227.0,41.312,2.177199056903933,0.43484822851914995,0.9999998676144433,0.004640393543240373,0.006274724741098245,-1.6065293886870605e-07,-0.00010704039265600845,0.00035429447335774445,-0.2984664911817772,-0.03628975202607298,0.00264003422268961,0.0074571664789256625,-0.035882224649518964,1.0,0.23503726844262224,0.7625144468514017,55.36872944707799,55.36745484794097,55.3682649153996,55.36790940503041
1228.0,41.344,2.177351267378748,0.43504900088549164,0.9999998629394083,0.00475657733796322,0.006274136448177264,-1.4609484108583677e-07,-0.0001586359700539282,0.00033256663317181366,-0.29962066228528683,-0.03606793875371756,0.0027332354260165507,0.007504178693311929,-0.03568923451390834,1.0,0.23495704005579213,0.7627129238786204,55.368661249626335,55.367450955708414,55.36827545835687,55.36797093531556
1229.0,41.376,2.177507140149482,0.4352503097675244,0.9999998587347746,0.0048710240854460225,0.006290902563523686,-1.31394804758781e-07,-0.00020968275667100855,0.0003071883804560634,-0.30076823560246396,-0.03586181372028962,0.0028189047138245686,0.0075664356560569196,-0.035516475018563996,1.0,0.2348737571645468,0.7629151101110675,55.3685859586407,55.36745260061716,55.36828400056354,55.36803600378017
1230.0,41.408,2.177666584253298,0.43545271625592175,0.9999998549843696,0.00498262824424833,0.006325202762416993,-1.1720015583026398e-07,-0.0002595886535205433,0.0002782424828718662,-0.30190979194452305,-0.03567384930966503,0.002895909093450586,0.007643611005750905,-0.03536619605792791,1.0,0.23478769164505503,0.7631210610484722,55.36850396309857,55.367460268686564,55.3682906046723,55.368103686077355
1231.0,41.44,2.177829472384716,0.4356567813850491,0.9999998516518838,0.005090254106804864,0.0063770352852304205,-1.0414018258854167e-07,-0.0003077561624272643,0.0002458446041869518,-0.30304598741387323,-0.03550639680358457,0.002963158656129063,0.007735203310634192,-0.03524047071552218,1.0,0.23469915191670557,0.763330797506209,55.36841570536217,55.3674743963732,55.36829539160273,55.36817299623945
1232.0,41.472,2.1779956402041343,0.4358630601797925,0.9999998486822901,0.00519274435682668,0.006446212335730103,-9.279980256459224e-08,-0.00035358938472768945,0.00021014771285868998,-0.3041775485738502,-0.03536165605955875,0.0030196192962132903,0.007840536033844974,-0.03514116598049294,1.0,0.23460848166304193,0.7635443034318985,55.36832169947631,55.3674953504087,55.36829851988034,55.368242908631686
1233.0,41.504,2.1781648859831626,0.4360720956075807,0.9999998460040359,0.005288930594635782,0.006532357118382526,-8.369544293730191e-08,-0.0003965010360743315,0.000171346235896879,-0.30530526666552127,-0.03524164575421555,0.003064325971274265,0.007958759546122449,-0.03506991474689893,1.0,0.23451605817302965,0.7637615240207403,55.36822254883457,55.367523412304536,55.36830016417876,55.36831237667954
1234.0,41.536,2.178336970647607,0.4362844124886118,0.9999998435319073,0.00537764576388706,0.006634902532220245,-7.725401915402965e-08,-0.00043591949752143805,0.00012967966389980585,-0.30642999090124157,-0.03514817458257238,0.0030963963578545736,0.008088855286135854,-0.035028089474920546,1.0,0.23442229025934574,0.7639823642016123,55.36811896095337,55.36755876675801,55.36830049535878,55.36838034912353
1235.0,41.568,2.178511618274053,0.43650051141894225,0.9999998411404015,0.005457738326442631,0.0067530915728281566,-7.473455534979513e-08,-0.0004712972609844198,8.543402429926259e-05,-0.30755262231827807,-0.03508285886225148,0.003115044711333197,0.008229642146852314,-0.035016775867982526,1.0,0.23432761571561228,0.7642066875614651,55.36801180022473,55.36760145074613,55.36829972533119,55.368445742832726
1236.0,41.6,2.1786885170800967,0.43672086278068134,0.9999998387993044,0.005528087688860198,0.0068859800543458125,-7.315928418626674e-08,-0.000502112294114252,3.8949520408490006e-05,-0.30867409830914955,-0.03504683118998716,0.0031195953708035113,0.008379785464270463,-0.03503676092358138,1.0,0.23423249829612613,0.7644343157650422,55.36790183831273,55.36765159148183,55.36829774444092,55.3685077102062
1237.0,41.632,2.1788673209858382,0.43694590082644946,0.9999998363622074,0.0055876220544238174,0.007032438930254595,-7.615928374061504e-08,-0.0005278847723965286,-9.388380519216037e-06,-0.3097953966587243,-0.03504135039397704,0.003109497716265527,0.008537806739326997,-0.03508849510976261,1.0,0.2341374241380494,0.7646650285406882,55.367790372092806,55.3677088248081,55.36829491180249,55.36856503795034
1238.0,41.664,2.179047651713104,0.437176018022895,0.99999983372679,0.00563533522705765,0.0071911623889228254,-8.23567915253417e-08,-0.0005481776408559096,-5.914266874953006e-05,-0.31091751428973063,-0.035067011107498595,0.0030843377494802564,0.00870209810844665,-0.03517209240934614,1.0,0.23404289771619127,0.7648985642462788,55.36767845007006,55.367772973317386,55.36829112854397,55.36861693050403
1239.0,41.696,2.179229101485128,0.43741155963646267,0.9999998307967786,0.005670305375752374,0.007360675423989777,-9.156285799006745e-08,-0.0005626054734636309,-0.00010982867392874368,-0.3120414607919033,-0.03512420606572396,0.0030438509294087616,0.008870937182666147,-0.035287312210278275,1.0,0.23394943726464068,0.7651346210704432,55.36756735472518,55.36784362964596,55.36828637900935,55.36866252866679
1240.0,41.728,2.179411236317878,0.4376528186550908,0.9999998274859108,0.005691713523436255,0.007539344332128789,-1.0346461881692811e-07,-0.0005708415109149441,-0.0001609174532890275,-0.31316824737534454,-0.03521298328044772,0.002987933300567221,0.009042504357321807,-0.035433550723082914,1.0,0.23385756970411958,0.7653728588834565,55.367458446379196,55.36792025258223,55.368280605198656,55.36870106876615
1241.0,41.76,2.179593599893708,0.43790003112044545,0.9999998237215597,0.00569886174468855,0.007725389542333362,-1.1763597040915971e-07,-0.0005726242635237095,-0.0002118405832410101,-0.31429887549645136,-0.035333035997376826,0.002916651156921269,0.009214902003803796,-0.03560983645406077,1.0,0.23376782510947097,0.7656129017468343,55.36735314771012,55.36800216762633,55.36827371124927,55.36873189315979
1242.0,41.792,2.1797757179936825,0.43815337194546944,0.9999998194478802,0.005691190624198457,0.007916900781998625,-1.335524850431941e-07,-0.0005677635590811497,-0.00026199631528495853,-0.3154343252530388,-0.03548369565570398,0.0028302489268025605,0.009386175313407946,-0.0358148300532919,1.0,0.23368073076673973,0.7658543410769623,55.36725292013582,55.36808856672307,55.36826557335717,55.368754464360286
1243.0,41.824,2.179957103450585,0.4384129512909982,0.9999998146283574,0.0056682955282000985,0.008111854547775332,-1.5061008690199767e-07,-0.0005561458428861182,-0.0003107570205765585,-0.316575543669608,-0.03566392859687305,0.0027291549799708446,0.009554334539168107,-0.03604682879070283,1.0,0.2335968048840895,0.7660967394441669,55.367159236942264,55.3681785112453,55.368256051243655,55.36876837771593
1244.0,41.856,2.1801372615704606,0.43867881157218575,0.9999998092476532,0.005629941246115192,0.008308133787109206,-1.681470067349345e-07,-0.0005377385364660425,-0.00035747780939703294,-0.3177234330094258,-0.03587233700077597,0.0026139850857888175,0.009717378341883636,-0.03630377584540259,1.0,0.23351655003486138,0.7663396349744391,55.36707355409723,55.36827093864109,55.368245000811115,55.36877337164577
1245.0,41.888,2.1803156959568724,0.43895092516037454,0.9999998033126668,0.005576074575367521,0.00850354963090074,-1.8546832472601072e-07,-0.0005125932717133086,-0.00040150617308852364,-0.3188788392606358,-0.03610716436813334,0.002485543288697099,0.009873317911197561,-0.0365832745179706,1.0,0.23344044642398853,0.7665825463068393,55.366997279699525,55.368364673012046,55.36823228745126,55.3687693347381
1246.0,41.92,2.1804919146592647,0.43922919283881584,0.9999997968527495,0.005506834449761016,0.00869586495128971,-2.0187241461797585e-07,-0.00048084783718603855,-0.00044219245941787196,-0.3200425409504471,-0.0363663057539649,0.00234482001316917,0.01002020150250238,-0.036882607390850405,1.0,0.23336894508028916,0.7668249780458054,55.36693174302717,55.36845843976017,55.368217799395886,55.36875630921043
1247.0,41.952,2.1806654365553304,0.43951344306137674,0.9999997899190387,0.00542255925205297,0.008882819455029105,-2.166784633661728e-07,-0.0004427267022723193,-0.00047890095939575526,-0.32121523844503513,-0.03664732285934359,0.002192987264231187,0.010156139008098895,-0.037198760369030526,1.0,0.23330246108642463,0.7670664266345539,55.36687816417333,55.368550884256734,55.36820146046473,55.36873449042007
1248.0,41.984,2.180835797867433,0.4398034320522326,0.999999782582904,0.005323791003208304,0.00906215596424463,-2.2925420936623297e-07,-0.0003985400215442041,-0.0005110213560338119,-0.32239754389317354,-0.03694746399333589,0.002031390849409495,0.010279326166478135,-0.03752845143369228,1.0,0.23324136696514017,0.7673063865638858,55.36683762525265,55.36864059429721,55.36818324157769,55.36870422229456
1249.0,42.016,2.1810025587053326,0.44009884477179584,0.9999997749335288,0.005211276184358701,0.00923164748635218,-2.390429763854659e-07,-0.0003486810643701329,-0.000537980264914584,-0.3235899719687477,-0.03726368881955695,0.0018615396122815243,0.010388068009227222,-0.03786816383820735,1.0,0.23318598634445892,0.7675443568204101,55.366811044141684,55.368726125908566,55.36816317042852,55.368665988736225
1250.0,42.048,2.181165309521967,0.4403992967601039,0.999999767074677,0.005085963019831871,0.009389124634626492,-2.4558911848601734e-07,-0.0002936220620308048,-0.0005592525839520322,-0.32479293156103195,-0.037592697701080924,0.0016850917339414546,0.010480801149907803,-0.038214183372143745,1.0,0.23313658802553902,0.7677798474697924,55.36679915164199,55.368806031905116,55.36814133879795,55.36862040121907
1251.0,42.08,2.181323677366146,0.4407043368539828,0.9999997591207276,0.004948995130594203,0.009532502933716153,-2.485609183755784e-07,-0.00023390851419693447,-0.0005743723662338329,-0.3260067185519445,-0.03793096535520979,0.0015038382257067007,0.010556114535668458,-0.038562639218488945,1.0,0.2330933805747483,0.7680123862644814,55.36680247287226,55.36887889243129,55.368117907061595,55.36856818295569
1252.0,42.112,2.181477331815856,0.44101345075895665,0.9999997511920862,0.004801701553424648,0.009659809530431595,-2.477700440650377e-07,-0.00017015204680167822,-0.0005829429359202114,-0.3272315098064525,-0.03827477842811617,0.0013196838016453069,0.010612768308644457,-0.038909547836023455,1.0,0.2330565075561147,0.7682415251617061,55.36682131355067,55.36894334661926,55.36809310557655,55.3685101501396
1253.0,42.144,2.181625990478556,0.4413260654415641,0.9999997434101099,0.004645583209381644,0.009769208831484182,-2.431867589247895e-07,-0.0001030219619883208,-0.0005846459827397184,-0.3284673584860718,-0.038620276502601046,0.0011346253806133913,0.010649710461032148,-0.039250859216393486,1.0,0.23302604351175663,0.7684668466365222,55.366855751662285,55.36899812440821,55.36806723276861,55.368447190877845
1254.0,42.176,2.1817694239503593,0.4416415542929542,0.9999997358917069,0.004482295993854022,0.00985902660593952,-2.349500941023223e-07,-3.323566596755289e-05,-0.00057924939525037,-0.32971419077630104,-0.03896349596308665,0.0009507285238776011,0.010666091013954711,-0.039582504797571756,1.0,0.2330019907863388,0.7686879696764652,55.36690563482967,55.369042077542964,55.3680406498759,55.36838024250054
1255.0,42.208,2.181907460134222,0.44195924300084705,0.999999728743791,0.004313630745711925,0.009927772121652283,-2.233723726819094e-07,3.845179941289073e-05,-0.0005666136258770392,-0.33097180409724974,-0.03930041606444761,0.0007701021631939145,0.010661273505203822,-0.03990044626514114,1.0,0.23298427727735485,0.7689045553488987,55.36697058349021,55.36907420878173,55.368013772466036,55.368310267977286
1256.0,42.24,2.1820399878280634,0.44227841605460666,0.9999997220577892,0.00414149043254051,0.009974157929986816,-2.0893755475756997e-07,0.00011125886242799698,-0.0005466964204447868,-0.33223986684318496,-0.03962700648853496,0.000594872014912087,0.010634843632553213,-0.04020072444273571,1.0,0.23297275517648605,0.7691163118393948,55.367049999779,55.36909369840744,55.36798705898359,55.36823823217196
1257.0,42.272,2.1821669595067807,0.44259832379769903,0.9999997159044097,0.003967864959917182,0.009997116971637776,-1.9229310851966894e-07,0.00018438888045760327,-0.0005195557899075362,-0.3335179196718965,-0.039939275627400406,0.00042715310665270923,0.01058661496713661,-0.04047950746477938,1.0,0.23296720074892668,0.7693229988692506,55.367143081807356,55.36909992723807,55.3679609967226,55.3681650786414
1258.0,42.304,2.1822883932371395,0.44291818993354115,0.9999997103288834,0.003794804073711375,0.009995816745065047,-1.742351991851159e-07,0.00025704165180450345,-0.0004853511502551555,-0.3348053783392545,-0.04023331880710769,0.0002690218648434056,0.010516631722591274,-0.040733137439499134,1.0,0.23296731517791305,0.7695244314123361,55.36724884283886,55.36909249547868,55.36793608572725,55.368091707617
1259.0,42.336,2.182404373681047,0.44323721938496913,0.9999997053468895,0.003624388872109207,0.009969670357125373,-1.5568730679650972e-07,0.0003284246729507167,-0.00044434260619078065,-0.33610153804892895,-0.04050536566281745,0.0001224882218247114,0.010425168639080792,-0.04095817484797941,1.0,0.23297272648137526,0.7697204826455393,55.36736613467118,55.369071236932236,55.36791282123934,55.36801895571893
1260.0,42.368,2.1825150521604098,0.4435546064044613,0.9999997009413687,0.003458702480085453,0.009918344359129763,-1.3767252615702455e-07,0.00039776383631166476,-0.0003968884027902338,-0.33740557926259385,-0.04075182589478669,-1.053179665229647e-05,0.010312728114938607,-0.041151439985267886,1.0,0.2329829924871838,0.7699110860828355,55.36749367440372,55.369036228283264,55.36789167535754,55.36794757783993
1261.0,42.4,2.1826206457751076,0.4438695428319536,0.9999996970604071,0.0032998004593085854,0.009841763359135685,-1.2128004850399337e-07,0.00046431327493794415,-0.00034344061494580644,-0.3387165748928393,-0.040969332676517575,-0.00012824255153670062,0.010180034790158218,-0.04131005083040564,1.0,0.23299760483353446,0.7700962368600094,55.367630073605106,55.36898779338154,55.367873078664466,55.367878231503575
1262.0,42.432,2.182721435584233,0.4441812263996,0.9999996936163561,0.003149681535169127,0.009740111488948329,-1.0762659513606682e-07,0.0005273640806392922,-0.0002845391846585135,-0.34003349878006467,-0.041154783049102195,-0.00022899390094376993,0.01002802785395043,-0.04143145683167239,1.0,0.2330159939420707,0.7702759921549865,55.36777386882312,55.368926502656066,55.36785740257832,55.36781146387567
1263.0,42.464,2.182817763879163,0.4444888689880906,0.9999996904863172,0.0030102592165629476,0.009613830890331885,-9.781371546059259e-08,0.0005862516496093733,-0.00022080444938741192,-0.3413552353364874,-0.0413053747186759,-0.00031130452642084104,0.009857851410440694,-0.041513468208145,1.0,0.2330375348939082,0.7704504707471262,55.36792355224247,55.368853167985066,55.367844943261545,55.36774770147683
1264.0,42.496,2.182910030594936,0.4447917047469784,0.9999996875140872,0.0028833348679060504,0.009463617465242291,-9.288218805191333e-08,0.0006403614443891769,-0.00015292832862272044,-0.34268059022554437,-0.04141863877409021,-0.0003738830857096193,0.009670843290055119,-0.04155428049557211,1.0,0.23306155412312854,0.7706198517373807,55.36807760122858,55.368768833500624,55.367835907936225,55.36768724255012
1265.0,42.528,2.1829986889234703,0.4450889980016368,0.9999996845136115,0.002770572766694651,0.009290414208077188,-9.376486392876837e-08,0.0006891330022660036,-8.166434918654678e-05,-0.34400830193383747,-0.0414924679567452,-0.000415646829957466,0.009468522736941062,-0.041552494199689975,1.0,0.23308733682882662,0.7707843724695715,55.36823450536295,55.36867476289889,55.36783040455086,55.36763025198668
1266.0,42.56,2.183084240208149,0.4453800508816306,0.9999996812739469,0.0026734776462086557,0.009095402499803932,-1.0123952023931548e-07,0.0007320620682810632,-7.816690981287136e-06,-0.34533705408566023,-0.04152514024029093,-0.00043573734912008295,0.009252577429966933,-0.041507129559397754,1.0,0.23311413499555836,0.7709443257109188,55.36839278941894,55.36857242383129,55.36782843587472,55.367576758738814
1267.0,42.592,2.1831672282141055,0.4456642106189912,0.9999996775656772,0.0025933751861415082,0.008879991792520449,-1.1588342785363747e-07,0.0007687007871569856,6.777157708719243e-05,-0.34666548834725813,-0.04151533761123113,-0.0004335331296609914,0.00902485030314241,-0.04141763656148828,1.0,0.23314117590299796,0.7711000561671417,55.36855103053216,55.368463469793326,55.367829899282654,55.36752665582253
1268.0,42.624,2.1832482328820775,0.44594087647959635,0.999999673148671,0.0025313958741249253,0.008645808143910031,-1.3803144391365105e-07,0.0007986559555013256,0.0001442309267003826,-0.34799221776934575,-0.041462160077808057,-0.00040865862293525037,0.008787326611448086,-0.04128390048346707,1.0,0.23316767099864028,0.7712519564237846,55.368707867506934,55.36834971957287,55.367834593809796,55.36747970336649
1269.0,42.656,2.1833278636860443,0.4462095063058533,0.9999996677810029,0.0024884626239621253,0.008394682070531298,-1.6773962774332034e-07,0.0008215854189300237,0.00022067835952290825,-0.34931584042203107,-0.041365135070381046,-0.00036098952751473365,0.008542121631911561,-0.04110624336670711,1.0,0.23319282500210575,0.7714004624207599,55.36886199989728,55.368233133617295,55.367842236383396,55.367435535848685
1270.0,42.688,2.1834067527260568,0.4464696226632937,0.999999661228801,0.0024652825003909657,0.008128636170011201,-2.047563091300601e-07,0.0008371928064019516,0.00029623089935147825,-0.35063495318592963,-0.04122422252652866,-0.0002906539885383975,0.008291469281360573,-0.04088542193350981,1.0,0.23321584510559878,0.7715460485813037,55.36901217416314,55.3681157855493,55.36785248951386,55.367393675755615
1271.0,42.72,2.1834855476978627,0.4467208185963387,0.9999996532767121,0.002462342868936589,0.007849872907657488,-2.485027773835576e-07,0.0008452209378046417,0.0003700195827076021,-0.3519481655766341,-0.04103981607418802,-0.00019802941727933843,0.008037711756298084,-0.04062262255230747,1.0,0.23323595013169332,0.7716892227294168,55.369157154178346,55.36799982531091,55.36786500281429,55.36735355759419
1272.0,42.752,2.183564904890055,0.44696276300788307,0.9999996437386095,0.0024799122560062448,0.007560762860760031,-2.980657075324022e-07,0.000845444434958569,0.0004412039870085491,-0.35325411349630087,-0.040812740830115116,-8.373465509504225e-05,0.007783290035014033,-0.040319453917188226,1.0,0.23325237950628303,0.7718305209409729,55.36929567394035,55.367887428025746,55.367879470229376,55.36731456849227
1273.0,42.784,2.1836454823672686,0.44719520568152205,0.9999996324680946,0.002518046162927889,0.0072638335512188405,-3.522035892101038e-07,0.000837662325338775,0.0005089873463952481,-0.35455147282527527,-0.04054424841206379,5.1382720965465704e-05,0.007530734714220368,-0.039977938130605406,1.0,0.23326440190065403,0.7719705024822231,55.3694263724004,55.36778071974673,55.36789570290571,55.36727611443355
1274.0,42.816,2.1837279335035533,0.44741798196176247,0.9999996193682749,0.0025765980088962473,0.006961758757512411,-4.0936936826492104e-07,0.0008216917588122497,0.0005726322446191254,-0.355838972787438,-0.040236009812325384,0.00020626397462218324,0.007282656182089301,-0.03960050084748314,1.0,0.2332713233920006,0.7721097449939069,55.36954771492034,55.36768166859077,55.367913713208885,55.36723772367909
1275.0,42.848,2.18381290103165,0.4476310170935545,0.999999604400226,0.00265523525301599,0.006657347868502289,-4.677515284823812e-07,0.0007973643451770731,0.0006314766850817407,-0.3571154090440062,-0.03989010678608116,0.0003796613374648342,0.0070417325999492155,-0.03918996103712249,1.0,0.23327249498678265,0.7722488400770977,55.36965791438479,55.367591929176356,55.367933797087176,55.367199199299776
1276.0,42.88,2.1839010117682487,0.4478343301950341,0.9999995875894875,0.002753460518714304,0.006353534421236328,-5.253355771228064e-07,0.0007645270005560404,0.0006849499485989702,-0.3583796564900371,-0.039509022355066876,0.0005701637523521878,0.006810693689361241,-0.03874952072556565,1.0,0.2332673193479252,0.7723883894242861,55.3697548781269,55.36751263338698,55.367956589132774,55.36716082735468
1277.0,42.912,2.1839928721572806,0.4480280377943568,0.9999995690298953,0.0028706371572459863,0.006053362478834729,-5.799872561385672e-07,0.0007230494172754761,0.0007325869973940774,-0.35963068174338125,-0.03909563089734788,0.0007762244245349149,0.006592298118939027,-0.038282754775685955,1.0,0.23325525656878848,0.7725290016105609,55.36983622286823,55.367444136573795,55.36798304899483,55.36712363080261
1278.0,42.944,2.18408906473579,0.44821235680324584,0.9999995488840555,0.0030060180784132716,0.0057599690277819965,-6.295574929426191e-07,0.0006728400864931162,0.0007740392722792233,-0.36086755532406023,-0.038653188068554195,0.0009961873328271664,0.006389302668783771,-0.03779360033528036,1.0,0.2332358288506562,0.7726712896082943,55.369899411514254,55.36738576047591,55.36801432654829,55.36708962665354
1279.0,42.976,2.1841901455619412,0.44838760673153366,0.9999995273798356,0.003158775817233354,0.005476560258995101,-6.720068737587533e-07,0.0006138718534221216,0.0008090787266290897,-0.3620894635190346,-0.0381853204645943,0.0012283089898839556,0.006204422629381958,-0.037286345050220514,1.0,0.23320862397546044,0.7728158690081355,55.36994205775143,55.36733562114304,55.36805146148997,55.36706199644087
1280.0,43.008,2.1842966425460815,0.4485542108812968,0.9999995048024323,0.003328030754381666,0.005206379680098197,-7.055438525082379e-07,0.0005462159567377438,0.0008375912897515479,-0.3632957199089936,-0.03769601449317264,0.0014707716503883517,0.006040285122565717,-0.03676561256165874,1.0,0.23317329753200156,0.7729633568169256,55.36996239692825,55.36729067448925,55.3680949207285,55.36704503544146
1281.0,43.04,2.1844090544947004,0.4487126962178289,0.9999994814819096,0.0035128733943405304,0.004952666766627607,-7.287663320033303e-07,0.00047008042091223426,0.0008595563932560973,-0.3644857764971974,-0.03718960340563252,0.0017216855012098411,0.0058993796930651215,-0.03623634330883642,1.0,0.2331295739591498,0.7731143705663539,55.36995982590787,55.36724711299634,55.36814407264049,55.36704374516485
1282.0,43.072,2.184527850529053,0.4488636916252813,0.9999994577765825,0.0037123760735220676,0.00471860648288673,-7.407914733025548e-07,0.0003858452942756779,0.0008750115041361258,-0.3656592343260181,-0.03667075093600461,0.001979080317662583,0.005784012378832198,-0.035703768428524185,1.0,0.23307724660978205,0.7732695273271492,55.369935300730866,55.36720115450134,55.3681968105083,55.36706302670792
1283.0,43.104,2.184653469409417,0.44900792434078496,0.9999994340532146,0.003925590011375367,0.0045072723594904406,-7.41355248024071e-07,0.0002940852144410077,0.0008840049551306923,-0.36681585340105055,-0.03614442963919984,0.002240890775414,0.005696269070412111,-0.035173374777741094,1.0,0.23301617719200535,0.7734294421217264,55.36989133312671,55.36715006809971,55.3682495840285,55.36710662960966
1284.0,43.136,2.184786318231134,0.4491462145252117,0.9999994106655661,0.004151525678646829,0.004321568263335048,-7.308640151414707e-07,0.00019557109462639387,0.0008865455486587843,-0.36795556167862253,-0.035615891985755904,0.0025049421781116314,0.005637990774872982,-0.03465085991931596,1.0,0.23294629506612283,0.7735947252111494,55.36983143944152,55.3670930720155,55.36829798355131,55.36717622271157
1285.0,43.168,2.1849267700042696,0.44927946813973574,0.9999993879331985,0.004389117910494828,0.00416417545387679,-7.103864857472502e-07,9.124814548822675e-05,0.0008825608297303139,-0.36907846282765006,-0.03509063269454964,0.0027689430219190138,0.005610758742791571,-0.03414207720643096,1.0,0.2328675969139653,0.7737659778342835,55.36975916679323,55.367031686017256,55.36833774877638,55.367271007599896
1286.0,43.2,2.185075159797612,0.44940866849081745,0.9999993661224591,0.004637181041946584,0.004037510971303149,-6.815856073982067e-07,-1.7804779723988105e-05,0.0008718749617464225,-0.3701848424658125,-0.03457434168176733,0.003030487518143741,0.005615883980765869,-0.03365297254145163,1.0,0.23278014721561785,0.7739437861928565,55.36967708784746,55.36696933846293,55.36836580607338,55.367388078896646
1287.0,43.232,2.1852317793822484,0.4495348669117997,0.9999993454311892,0.0048943620198921125,0.003943700655696399,-6.466021849894245e-07,-0.00013042329128204455,0.0008542113915498215,-0.37127517259831433,-0.03407284819757362,0.0032870669962167514,0.005654395455701189,-0.03318951548855857,1.0,0.23268407977482541,0.7741287137504834,55.36958619918217,55.36691041033961,55.36838089532926,55.36752335333576
1288.0,43.264,2.185396870572783,0.44965917302889047,0.999999325978041,0.005159099704207226,0.00388456615908533,-6.079108813560759e-07,-0.00024540051450178444,0.0008292176767690479,-0.3723501140479674,-0.03359205787006392,0.003536086579887616,0.005727023960379586,-0.03275762781301341,1.0,0.23257960028479197,0.7743212921616301,55.36948592475302,55.36685917088978,55.36838358229143,55.36767261592648
1289.0,43.296,2.1855706176563587,0.44978274492954956,0.9999993077965753,0.005429596361739606,0.0038616218955970457,-5.681708020733382e-07,-0.00036151657035901396,0.0007965040433696403,-0.37341051674232556,-0.033137885115783895,0.0037748836790967065,0.005834181988757894,-0.032363112133782415,1.0,0.2324669896992671,0.7745220112964258,55.36937459940348,55.3668190321175,55.36837578122449,55.36783225658248
1290.0,43.328,2.1857531393805236,0.4499067793715086,0.9999992908337578,0.005703803880152042,0.003876076311218942,-5.300880463742736e-07,-0.0004775523868214849,0.0007556858679036784,-0.37445741779961167,-0.032716183502236665,0.0040007467095496746,0.005975942073411527,-0.03201158246628811,1.0,0.23234660802938642,0.7747313088561905,55.369250125475666,55.366792292545064,55.36836009662219,55.367999525409
1291.0,43.36,2.185944480950954,0.45003250200688805,0.999999274952176,0.005979424075944865,0.003928832355608747,-4.962994321067718e-07,-0.0005922910639342978,0.000706422752834057,-0.3754920374165613,-0.03233267620779227,0.004210934395935505,0.006152016360323177,-0.03170839740267158,1.0,0.23221889814031615,0.774949560010496,55.36911053179005,55.36678027717799,55.368339257606955,55.36817239699854
1292.0,43.392,2.1861446064120944,0.4501611574895954,0.9999992599352414,0.006253920660641976,0.004020483834604288,-4.6927920577250226e-07,-0.0007045124150172667,0.0006484507880131179,-0.3765157726009155,-0.03199288796240638,0.004402697041537293,0.0063617394287917885,-0.03145859586415962,1.0,0.23208438914982907,0.7751770673821728,55.36895431646901,55.36678366406206,55.36831576647139,55.36834925048536
1293.0,43.424,2.1863533916939266,0.45029399929373687,0.9999992454947363,0.006524540057257385,0.004151306379421404,-4.5126578515635704e-07,-0.0008129860694354928,0.0005816078085947605,-0.377530188808704,-0.031702079063054986,0.004573301202099983,0.006604055408358839,-0.0312668349168373,1.0,0.2319436990946625,0.7754140516085468,55.36878058987544,55.366802815254246,55.36829174727849,55.36852854531482
1294.0,43.456,2.1865706185360536,0.45043227908206696,0.9999992312802034,0.0067883388164678045,0.004321243385314729,-4.4420415262753113e-07,-0.0009164669524781364,0.0005058531008937966,-0.37853700954639824,-0.0314651814575119,0.004720058709901386,0.006877509802156128,-0.031137329054099175,1.0,0.2317975365974593,0.7756606426401811,55.368589093010755,55.36683801675227,55.36826892032224,55.36870858696706
1295.0,43.488,2.1867959694560164,0.45057723550556944,0.999999216889809,0.0070422162488378275,0.004529888234453146,-4.4969982598846395e-07,-0.001013695226257994,0.00042128328648132905,-0.37953810398798216,-0.03128673656900559,0.004840360370918728,0.007180246170989521,-0.031073790515063787,1.0,0.23164670132044726,0.77591687190634,55.36838016410763,55.36688960712146,55.3682486298863,55.3688874026567
1296.0,43.52,2.1870290239086,0.4507300823706476,0.9999992018823938,0.007282951643232966,0.004776464533691967,-4.6898172498250095e-07,-0.0011034014654085294,0.0003281456479682071,-0.3805354726446709,-0.031170834478394176,0.004931714124910878,0.00751000783266263,-0.03107937051471533,1.0,0.23149208302865387,0.7761826654710703,55.36815469852859,55.36695801405644,55.368231879649734,55.36906270826717
1297.0,43.552,2.1872692557776934,0.45089199616838166,0.9999991857904745,0.007507245909172671,0.005059806179189901,-5.028724762990432e-07,-0.0011843170481570166,0.00022684948084233207,-0.3815312311166417,-0.03112105422177778,0.004991787070700671,0.007864144831847502,-0.0311566016207287,1.0,0.23133465910994064,0.7764578383134737,55.36791412020586,55.36704372860293,55.368219356540145,55.36923193773888
1298.0,43.584,2.187516032342757,0.4510641030158781,0.999999168133966,0.00771176765823525,0.005378338984263995,-5.517658899222782e-07,-0.0012551893353747558,0.00011797546098334748,-0.3825275919557974,-0.031140405221285996,0.005018450493471221,0.00823962653259281,-0.03130734186946949,1.0,0.23117549041830265,0.7767420898801319,55.367660365890366,55.36714724279735,55.368211440618616,55.36939231030437
1299.0,43.616,2.187768614861026,0.4512474651112345,0.9999991484343869,0.007893203695903165,0.005730065479886699,-6.156118496914565e-07,-0.0013148010191652356,2.2826099581783325e-06,-0.38352684467836307,-0.031231270179575537,0.005009826846797251,0.008633060228496966,-0.031532721540582814,1.0,0.23101571532681206,0.777035001069514,55.36739587580725,55.36726896869017,55.368208206228275,55.36954091878937
1300.0,43.648,2.1880261608997005,0.451443066850806,0.9999991262292894,0.008048313708582598,0.006112554361608842,-6.939092946078086e-07,-0.0013619929241605558,-0.00011928778120281747,-0.3845313339866142,-0.031395350089058645,0.0049643375067394396,0.009040716138559708,-0.03183309379150645,1.0,0.23085654190159757,0.7773360328131066,55.367123582429485,55.36740915007938,55.36820942160617,55.369674828766065
1301.0,43.68,2.1882877285371207,0.4516518008002196,0.9999991010866321,0.008173988669383582,0.006522935919176336,-7.857080402962934e-07,-0.001395689470326129,-0.0002456119819475149,-0.3855434362898483,-0.031633612306246145,0.004880750014743976,0.009458559064326572,-0.03220799058223559,1.0,0.23069923814070784,0.7776445264137205,55.366846890001256,55.36756777403333,55.3682145533802,55.36979118245209
1302.0,43.712,2.1885522825273185,0.4518744537485562,0.9999990726187867,0.008267312193679007,0.006957904635518637,-8.896201691975917e-07,-0.0014149259289589445,-0.00037538808266254585,-0.38656553465478866,-0.03194624290249306,0.004758223452991966,0.009882286834382945,-0.032656085490268154,1.0,0.2305451202625259,0.7779597057869435,55.36656963927983,55.36774448706984,55.36822278071824,55.36988730327933
1303.0,43.744,2.1888187024884647,0.45211169310752575,0.9999990404958544,0.008325623785819055,0.007413729967798347,-1.003841634816926e-06,-0.00141887652060156,-0.0005071452497944181,-0.3875999923634068,-0.03233260471364566,0.004596350554752009,0.010307375470056829,-0.0331751651193084,1.0,0.23039553907728166,0.7782806817270033,55.36629605400063,55.36793851993096,55.368233022076296,55.36996079776863
1304.0,43.776,2.1890857931333048,0.45236405394315515,0.9999990044579494,0.008346582651252054,0.007886276113418056,-1.1261845310471658e-06,-0.0014068823236823315,-0.0006392583717928228,-0.38864912530976314,-0.032791202663622426,0.004395195147040552,0.010729130782529806,-0.033762110835850706,1.0,0.23025186453102234,0.7786064582838519,55.36603066743449,55.368148624607784,55.36824397586983,55.370009651385445
1305.0,43.808,2.189352296509997,0.4526319269452032,0.9999989643260982,0.00832823052163237,0.008371031314002733,-1.2541203492368029e-06,-0.0013784778985316177,-0.000769968283905845,-0.38971517352459184,-0.03331965802302807,0.00415532356010828,0.011142745871199395,-0.034412892518500354,1.0,0.23011546857233717,0.7789359412950699,55.36577822912523,55.36837302716415,55.36825417494344,55.37003231488641
1306.0,43.84,2.189616906166508,0.4529155476479033,0.9999989200114032,0.008269051765970778,0.008863146959377281,-1.3848342195198042e-06,-0.001333415496029665,-0.0008974075239375013,-0.39080027217435653,-0.03391469327651517,0.003877828721508038,0.011543363747515988,-0.03512257587040426,1.0,0.2299877065558679,0.7792679490655663,55.36554359343764,55.36860939973733,55.36826205346316,55.37002777753903
1307.0,43.872,2.1898782830929497,0.4532149872135902,0.9999988715221227,0.008168028951303431,0.009357486427716614,-1.5152900149918994e-06,-0.001271685724641759,-0.0010196313186409916,-0.391906422437434,-0.03457212920506492,0.0035643457849396905,0.011926144072300561,-0.03588534462277795,1.0,0.22986989746043257,0.7796012251317475,55.365331592969454,55.36885485469479,55.36826602374019,55.369995623685696
1308.0,43.904,2.19013507323625,0.4535301450774637,0.99999881896834,0.008024691978135923,0.009848683246045245,-1.642305711563135e-06,-0.0011935336023834082,-0.0011346532434719375,-0.3930354627107737,-0.03528689563786313,0.003217058323293532,0.012286332778288157,-0.03669453864808195,1.0,0.2297633032604648,0.7799344529868886,55.365146901110116,55.36910596325455,55.36826455957726,55.3699360694737
1309.0,43.936,2.190385926322909,0.45386074372678686,0.9999987625639178,0.007839158958093149,0.010331207791350078,-1.7626381916548694e-06,-0.0010994690259929511,-0.0012404847496921315,-0.39418904064260246,-0.036053057091172305,0.0028386943396088975,0.012619333167089717,-0.037542708610399704,1.0,0.22966910784426728,0.7802662725831898,55.364993889093945,55.36935879991801,55.36825628196821,55.36984997722106
1310.0,43.968,2.1906295156708917,0.45420632585132725,0.9999987026254794,0.007612167124456374,0.010799441391885945,-1.8730762010863557e-06,-0.000990270849378286,-0.0013351775259923815,-0.39536858651733,-0.03686385419088144,0.0024325116107802875,0.012920776929371946,-0.03842168731845808,1.0,0.22958839591820615,0.7805952983659603,55.36487648365058,55.36960901286454,55.36824004250358,55.36973884579994
1311.0,44.0,2.190864558623584,0.4545662540545066,0.9999986395682098,0.007345092271641406,0.0112477563493566,-1.9705396758775643e-06,-0.0008669839739065513,-0.0014168674704261816,-0.39657528853495944,-0.0377117613780528,0.0020022721688708047,0.013186593448799187,-0.03932267742905282,1.0,0.22952213236953964,0.7809201385391293,55.36479803180749,55.36985191907579,55.36821499961814,55.369604776553835
1312.0,44.032000000000004,2.191089837199614,0.454939713257796,0.9999985738983455,0.007039955500927942,0.011670600102790888,-2.0521832601314496e-06,-0.0007309091071220933,-0.0014838189053570873,-0.39781007052664535,-0.03858856093410625,0.0015522060320278998,0.01341307571879969,-0.04023635459589,1.0,0.22947114257960644,0.781239415211423,55.36476117944195,55.37008262150581,55.368180682947774,55.36945041553104
1313.0,44.064,2.1913042185243765,0.45532571586619036,0.9999985062023047,0.00669941639883172,0.012062581512325917,-2.115501274158282e-06,-0.0005835851328775728,-0.0015344675841036538,-0.39907357262905385,-0.039485432850613116,0.0010869646095950126,0.013596941231079535,-0.04115298459530836,1.0,0.22943609418170072,0.7815517850314281,55.36476776981885,55.37029614418733,55.36813704152126,55.36927887413156
1314.0,44.096000000000004,2.191506674594036,0.45572310969242813,0.9999984371325163,0.006326752176862696,0.012418557069928877,-2.158430885412546e-06,-0.0004267643404853522,-0.0015674610209407951,-0.40036613540207794,-0.040393059528933906,0.0006115645106898717,0.013735386284826989,-0.042062552413307926,1.0,0.22941748074300766,0.781855959889517,55.364818767554645,55.37048757990204,55.36808447231558,55.369093631505685
1315.0,44.128,2.191696300921725,0.45613058856466365,0.9999983673901193,0.005925822740283179,0.012733714757361486,-2.1794499087404343e-06,-0.00026238106690465744,-0.0015816947299386868,-0.40168778781763165,-0.04130174375084736,0.00013132276951823875,0.013826132314081103,-0.04295490077591182,1.0,0.22941560781722434,0.7821507272468093,55.36491421227445,55.37065224404379,55.36802382678773,55.36889842311866
1316.0,44.160000000000004,2.1918723336292274,0.4565467054694941,0.9999982977048338,0.005501022109443638,0.013003653275950254,-2.1776651697167145e-06,-9.25145966861836e-05,-0.0015763430824579912,-0.4030382394729575,-0.04220153783987368,-0.00034821524687519544,0.013867463031455817,-0.04381987517489729,1.0,0.2294305817646258,0.78243496964716,55.365053204753096,55.3707858276794,55.36795639428195,55.36869712069574
1317.0,44.192,2.1920341645753982,0.45696988801258603,0.9999982288124403,0.005057217067839239,0.013224454471624167,-2.1528872989897847e-06,8.065257746502813e-05,-0.0015508836826939024,-0.40441687729252634,-0.04308238146084143,-0.0008213537731508761,0.013858251431753637,-0.044647472108092744,1.0,0.22946230167102197,0.7827076829780141,55.365233926627326,55.370884542622164,55.36788386263244,55.36849360922662
1318.0,44.224000000000004,2.1921813541541506,0.4573984559155798,0.9999981614304342,0.004599674336011091,0.013392746968554178,-2.1056876901845855e-06,0.0002548798205437736,-0.0015051144059593656,-0.40582276688133434,-0.04393424510857811,-0.001282328786902002,0.013797975978958705,-0.04542798703834719,1.0,0.2295104546187864,0.782967993069736,55.3654536930131,55.37094525161361,55.367808257667924,55.3682916667865
1319.0,44.256,2.192313641448475,0.45783064021313613,0.9999980962325588,0.004133977947643375,0.013505759298636332,-2.037433607243957e-06,0.0004279152844870097,-0.001439162531976461,-0.4072546585831313,-0.044747276038361164,-0.0017253926171263557,0.013686725603722728,-0.04615215849204408,1.0,0.2295745144752111,0.7832151702598269,55.3657090356294,55.37096557745162,55.36773186462606,55.368094852618576
1320.0,44.288000000000004,2.1924309514906426,0.4582646037702039,0.9999980338230307,0.003665938817731396,0.013561361158366059,-1.950297753155809e-06,0.0005975431560740147,-0.0013534857191478335,-0.40871099818413603,-0.045511943209337206,-0.0021448992341770636,0.01352519345419059,-0.0468113047738718,1.0,0.22965374426963073,0.783448641596932,55.365995812527,55.370943986047955,55.36765713551541,55.36790640825259
1321.0,44.32,2.192533399449916,0.45869846270857284,0.9999979747113725,0.0032014987272902724,0.013558091824031096,-1.847239316371744e-06,0.0007616296685572404,-0.0012488648879166971,-0.4101899420905784,-0.04621917775950381,-0.002535388448377197,0.013314659660020153,-0.04739744996865126,1.0,0.22974720213518482,0.7836680004177405,55.36630933929177,55.37087983986722,55.367586587202574,55.3677291754637
1322.0,44.352000000000004,2.192621291644966,0.4591303083146602,0.999997919288833,0.002746631095312505,0.013495175190227653,-1.7319543611780402e-06,0.000918166381873214,-0.0011263893942610862,-0.4116893767013545,-0.046860505612646965,-0.0028916673142104434,0.01305696367611697,-0.04790343622477332,1.0,0.22985375069789746,0.7838730130954981,55.36664453577308,55.370773419879015,55.36752269534411,55.36756553368669
1323.0,44.384,2.1926951233557985,0.45955822899775983,0.9999978678074085,0.0023072409635202283,0.0133725213468658,-1.6087945142741585e-06,0.0010653093594016783,-0.0009874351616082327,-0.4132069415991743,-0.047428169031106554,-0.0032088871592235125,0.01275446706202793,-0.048323019751707524,1.0,0.22997206970887615,0.7840636228293171,55.36699608203183,55.370625915906416,55.36746778920006,55.367417358207874
1324.0,44.416000000000004,2.192755573486439,0.45998033187950055,0.9999978203624769,0.0018890665825081027,0.013190715054395891,-1.4826541140653964e-06,0.001201413044749149,-0.0008336366874100344,-0.41474005609832176,-0.047915234264175516,-0.003482614826308035,0.012410007816150877,-0.04865094849456689,1.0,0.23010067163835207,0.7842399504161418,55.36735857729826,55.370439386984685,55.367423951892675,55.36728599912783
1325.0,44.448,2.1928034962021257,0.46039476362028897,0.999997776879999,0.001497584865215061,0.01295099189963966,-1.3588274325184e-06,0.001325057855468692,-0.0006668540390490242,-0.4162859486172864,-0.048315682884169896,-0.0037088969288556336,0.01202684761862815,-0.048883020046254375,1.0,0.23023791988588344,0.784402292019463,55.36772669630985,55.37021669492663,55.36739292979886,55.367172279830406
1326.0,44.480000000000004,2.192839909730978,0.4607997301258453,0.9999977371091558,0.0011379227766310344,0.01265520329863376,-1.2428388491968197e-06,0.0014350707447208365,-0.0004891360966712556,-0.4178416882920509,-0.04862448492915853,-0.0038843161615688838,0.011608613541364141,-0.04901611899464585,1.0,0.2303820492113769,0.7845511140183239,55.368095338425725,55.36996141567044,55.367376053532276,55.36707651254951
1327.0,44.512,2.1928659825779633,0.46119351482501664,0.9999977006211465,0.000814776468294288,0.012305771849105732,-1.1402502934910886e-06,0.0015305382173451808,-0.0003026813867069039,-0.4194042182119283,-0.04883765255877981,-0.004006038980899408,0.01115923596219507,-0.04904823355067545,1.0,0.2305311879579867,0.7846870450846802,55.36845976632717,55.369677734164846,55.36737417145387,55.36699852758378
1328.0,44.544000000000004,2.192883017447105,0.4615744952671501,0.9999976668147013,0.0005323396606720614,0.011905638816669659,-1.0564514124621267e-06,0.0016108115027828364,-0.00010979788175733406,-0.42097038964490774,-0.04895227355014564,-0.004071854258867863,0.010682884582142975,-0.04897845193760217,1.0,0.23068338162086216,0.7848108656951367,55.368815732960314,55.369370329555835,55.367387594788994,55.366937711743304
1329.0,44.576,2.192892433205223,0.4619411578517108,0.9999976349286536,0.0002942424411900615,0.011458205767522987,-9.964389903472912e-07,0.0016755037607161336,8.713687295660074e-05,-0.42253699662324395,-0.04896652458942134,-0.004080202818348725,0.010183904608101035,-0.04880693962041279,1.0,0.23083661731491825,0.7849234953332962,55.369159597625746,55.36904425848605,55.367416051256065,55.366893050519714
1330.0,44.608000000000004,2.1928957452468114,0.4622921105730745,0.9999976040616855,0.00010350129964197215,0.0109672725426146,-9.645927528944029e-07,0.0017244792995576772,0.0002857140002446392,-0.42410081028161595,-0.04887966492684203,-0.004030198068998812,0.009666755357523418,-0.04853489900164719,1.0,0.23098884870943062,0.7850259776808558,55.3694884349169,55.36870484572236,55.36745864145452,55.36686316694829
1331.0,44.64,2.1928945446350774,0.46262609373855795,0.9999975731991223,-3.7519116688482205e-05,0.010436973921358726,-9.644550991173514e-07,0.001757834789058116,0.00048352867444172176,-0.4256586123783371,-0.04869201153985006,-0.003921638274247526,0.00913595381686716,-0.04816451369768636,1.0,0.23113802102604533,0.7851194641292176,55.369800143718315,55.36835759375737,55.36751378893806,55.36684634753035
1332.0,44.672000000000004,2.1928904763996617,0.4629419886976619,0.9999975412464128,-0.0001271323567392093,0.009871717471997212,-9.98522171197113e-07,0.0017758722984198268,0.0006782115264320017,-0.4272072274832706,-0.04840489747720983,-0.003755011272828712,0.00859602612171408,-0.04769887993917221,1.0,0.2312820957381571,0.7852051959696765,55.37009356797979,55.36800812769062,55.36757917059439,55.36684054073141
1333.0,44.704,2.192885217368717,0.4632388247063835,0.9999975070687128,-0.00016434471701578114,0.00927612527255107,-1.0680531251084989e-06,0.0017790636165051937,0.0008674550754431289,-0.4287435533827732,-0.04802061553140796,-0.00353149271623637,0.008051470656015811,-0.04714192802376894,1.0,0.23141907466190761,0.7852844856411134,55.37036864660287,55.36766220094202,55.36765160851206,55.366843304142364
1334.0,44.736000000000004,2.1928804539046682,0.4635157841454289,0.9999974695358049,-0.00014885825153075348,0.008654982470167053,-1.172903371648861e-06,0.001768004591363075,0.0010490343732261363,-0.4302645893307812,-0.0475423498115684,-0.0032529389631758246,0.007506737705206227,-0.04649833711786228,1.0,0.2315470231905012,0.7853586974331189,55.37062661588989,55.367325805633186,55.367726898506334,55.36685165798822
1335.0,44.768,2.192877859903845,0.46377220642122985,0.9999974275714492,-8.106252571971955e-05,0.008013196118781244,-1.3113861177528664e-06,0.001743356966018909,0.0012208213788525819,-0.43176746186527376,-0.04697409818314602,-0.0029218754395372026,0.0069662326820639255,-0.04577344710688399,1.0,0.23166409249203654,0.785429228065788,55.37087029077269,55.3670054673919,55.367799547680356,55.36686176675611
1336.0,44.800000000000004,2.192879075418696,0.4640075910140657,0.9999973802061846,3.798483909355907e-05,0.007355768526119212,-1.4801645187299549e-06,0.0017057730750723364,0.001380793332963056,-0.4332494480108439,-0.046320588938950746,-0.002541479891457331,0.006434353353687868,-0.0449731717156987,1.0,0.23176854056326665,0.7854974876059349,55.37110443618983,55.36670887338722,55.36786240798052,55.36686830189013
1337.0,44.832,2.192885686283386,0.4642216003144152,0.9999973266325857,0.00020658952155918673,0.006687790635922065,-1.6741749653272532e-06,0.0016557953659144117,0.0015270372404822153,-0.43470799580242586,-0.04558719553106267,-0.002115555982198366,0.005915576695323927,-0.04410391789623225,1.0,0.23185875210038662,0.7855648812529509,55.37133616102736,55.366446107840176,55.367906271020175,55.366863213668026
1338.0,44.864000000000004,2.1928992052007468,0.46441406312993966,0.9999972662619964,0.00042246616752112656,0.006014462985139503,-1.8865809157939782e-06,0.0015937176444870418,0.0016577571374564583,-0.43614074219582716,-0.04477985382718794,-0.0016484825028831155,0.005414617480306603,-0.043172517722111135,1.0,0.2319332571953809,0.7856327926725086,55.37157498406745,55.36623196232564,55.36791977118803,55.36683344850954
1339.0,44.896,2.1929210549443465,0.4645849800774091,0.9999971987817025,0.0006828044874924364,0.005341154608421125,-2.1087591846327237e-06,0.001519388938075026,0.001771301926334573,-0.43754552858408263,-0.043904987322843286,-0.00114509947894019,0.0049366832226689665,-0.042186181054046784,1.0,0.23199074884788232,0.7857025698410804,55.37183135242425,55.366089920172996,55.367890810937084,55.36675701811315
1340.0,44.928000000000004,2.1929525547712703,0.4647345325026085,0.9999971242110468,0.0009843695913668302,0.004673513287479882,-2.330332989075329e-06,0.0014319398328774074,0.0018662572448686333,-0.43892041432709705,-0.04296944729745736,-0.0006104429758792686,0.004487826048309458,-0.04115248042001655,1.0,0.23203009908749753,0.7857755149123373,55.37211009436994,55.36605764942524,55.36781301761231,55.366597595047246
1341.0,44.96,2.19299491206767,0.46486309699409417,0.9999970429532987,0.0013236655124900035,0.004017640358928041,-2.5393046276803186e-06,0.001329439689082818,0.0019416974024608312,-0.4402636889548976,-0.041980477397504566,-4.916987937106203e-05,0.0040752711919646405,-0.040079383965099975,1.0,0.23205037287151378,0.7858528806268853,55.37239085416042,55.366188786446635,55.367705172058045,55.366302866042226
1342.0,44.992000000000004,2.1930492230151906,0.4649712674843942,0.9999969558352148,0.0016972171100191656,0.0033803278218759135,-2.722440124030807e-06,0.0012086274909929666,0.0019977679330618406,-0.44157388411191995,-0.040945715810710215,0.0005354489121316916,0.003707251823835039,-0.03897535620486689,1.0,0.2320508373205395,0.7859358774590438,55.372587123362116,55.36652812200774,55.3676519830526,55.36582954598361
1343.0,45.024,2.1931164887663215,0.4650598848168903,0.999996864114622,0.0021020547228414272,0.002769291640503407,-2.8662685246097876e-06,0.0010652448065717785,0.002036727380095796,-0.4428497871269555,-0.03987325204016213,0.0011424638658266342,0.003391417759934813,-0.03784954127473886,1.0,0.2320309604943866,0.7860256976750218,55.37251504755044,55.36701155492509,55.36783503736262,55.365243686926284
1344.0,45.056,2.193197655188732,0.4651300661699915,0.9999967694162173,0.00253645070033587,0.0021931672844115514,-2.9593251460461253e-06,0.0008960257279381322,0.002063893859682389,-0.4440904596167459,-0.03877175279578886,0.0017721774241329393,0.0031318042023850664,-0.03671200547956009,1.0,0.23199038911726907,0.7861235618371385,55.372022036903545,55.367322644232786,55.36840397943226,55.36486438283809
1345.0,45.088,2.193293676163594,0.4651832120592156,0.999996673545517,0.003000655464435395,0.001660809038253422,-2.995959383355837e-06,0.0007024645209366938,0.002086308844855926,-0.44529526521223234,-0.03765064634619863,0.0024221555683519073,0.0029280983420634605,-0.035573914211473996,1.0,0.23192889519014284,0.7862307813494506,55.371328393687044,55.367063012474,55.36913494050756,55.3650933931817
1346.0,45.12,2.193405571875769,0.4652209624116668,0.9999965781927523,0.0034967410054574342,0.001179698514101315,-2.9797738963780414e-06,0.0004922483439643619,0.002107739998923026,-0.44646390461477614,-0.03652029893432933,0.0036025205884223266,0.0022488113026129567,-0.03444741465926565,1.0,0.2318463039915113,0.7863488015143736,55.30397105446603,55.365435380376965,55.43648742418799,55.36673156117679
1347.0,45.152,2.1935344303163364,0.4652451104459902,0.9999964918730797,0.00402682626773853,0.000754626072605512,-2.6974897697481826e-06,0.0008194021488974911,0.00265658860815645,-0.44759574820533465,-0.03538125822867713,0.004229823001528014,0.0020424979049610457,-0.03334612236970947,1.0,0.23174245349071312,0.7864791780155354,55.42021099531913,55.3563240434653,55.3201720126555,55.37591842107346
1348.0,45.184,2.1936837840107337,0.46525028810178104,0.9999963963644776,0.004667302949915534,0.00016180174346356162,-2.984643816817174e-06,0.00082359470406996,0.0027246768346126248,-0.4486922609458061,-0.03426763894515902,0.005012842779363754,0.0017319956250009992,-0.032248883855949005,1.0,0.23161175302351053,0.7866237592208069,55.37144754564564,55.36299520274032,55.36890863566536,55.36928595821384
1349.0,45.216,2.1938542101414877,0.4652361382758538,0.9999962866309723,0.00532581658606253,-0.00044218206022602393,-3.4291720400754837e-06,0.0008429575651691079,0.002757270900638315,-0.44975364184203226,-0.0331688687625146,0.005818549938429484,0.0014290303245012791,-0.03115515956793429,1.0,0.23145351906893444,0.7867829993927589,55.37113918993212,55.364567046162946,55.36921472782004,55.3677320348109
1350.0,45.248,2.1940458984845685,0.4652023211005156,0.9999961630200062,0.005990260721275947,-0.0010567867293182402,-3.862842691549221e-06,0.0008674029450086915,0.0027693935407208264,-0.45077996618942523,-0.032072828463712205,0.006637124990831793,0.0011270905116545524,-0.03006358084765933,1.0,0.23126742163713207,0.7869569889456857,55.37102020133435,55.36467735971319,55.36933283002018,55.367638681177134
1351.0,45.28,2.1942588314739093,0.4651485406721309,0.9999960264422518,0.006654155916898473,-0.0016806383870223076,-4.268054822758682e-06,0.0008970685782763079,0.002762815666227213,-0.4517713110094661,-0.030979216242959833,0.007462310620040477,0.0008229509068932773,-0.028972406447662545,1.0,0.23105333593728775,0.787145634697403,55.370942692082146,55.36473003198494,55.36941351884577,55.367598939761784
1352.0,45.312,2.1944927997656185,0.46507453667612475,0.999995878278571,0.0073115091159128565,-0.002312624875192617,-4.630115027493508e-06,0.0009322213910240098,0.0027385441128065157,-0.45272771894031194,-0.02988693080881595,0.008287908144091968,0.0005140162934927535,-0.027879565581265017,1.0,0.23081132472836988,0.7873486724178392,55.370917132855226,55.36478679999286,55.3694480917637,55.367548963715876
1353.0,45.344,2.1947474102904088,0.4649800781003517,0.9999957203101413,0.007956578899694587,-0.002951830492907789,-4.936513427200032e-06,0.0009726760005175117,0.002697248826161479,-0.45364918099477364,-0.028794342721236807,0.009107940027213324,0.0001981121559706798,-0.026782665088648613,1.0,0.23054162834240036,0.7875656727423556,55.370922588847634,55.36486242860292,55.36945885343472,55.367472303149086
1354.0,45.376,2.1950220932247912,0.46486496244711867,0.9999955546546521,0.008583841699453644,-0.00359736416353234,-5.176734037965495e-06,0.0010178430212949567,0.0026395619165246955,-0.45453562296402533,-0.027699406860909614,0.00991669886005462,-0.0001265620477038736,-0.025679018139416754,1.0,0.23024465821109258,0.7877960475871212,55.370945411093146,55.36495769568836,55.369460591193416,55.36736675171224
1355.0,45.408,2.1953161103942573,0.46472901869657895,0.9999953837015912,0.009188036545814208,-0.004248242204365562,-5.342283150577233e-06,0.0010668313243543312,0.002566203885931163,-0.4553868940465341,-0.026599728901939693,0.010708777743337075,-0.00046144533382814785,-0.02456569420108342,1.0,0.22992099086989515,0.7880390589719759,55.370977873812194,55.36506907061407,55.36946197220094,55.36723463659564
1356.0,45.44,2.195628565812194,0.4645721125374586,0.9999952100445677,0.009764231810525624,-0.0049033174725111725,-5.42678198559081e-06,0.0011185374414331576,0.002478025975837185,-0.4562027573606261,-0.025492622746826496,0.011479098222179993,-0.0008076125376139292,-0.02343958499626606,1.0,0.22957136113956203,0.788293830497823,55.37101554509311,55.36519227400364,55.36946815793399,55.3670792780212
1357.0,45.472,2.195958418349409,0.4643941528653123,0.9999950364114496,0.010307891787962832,-0.005561239754570889,-5.426034940802463e-06,0.0011717146502504337,0.002376018216365892,-0.4569828824632548,-0.02437517258301457,0.01222293826024151,-0.0011657667356445725,-0.022297481196380444,1.0,0.22919665403224843,0.7885593611856252,55.37105564316319,55.36532328320601,55.36948242067629,55.366904015086945
1358.0,45.504,2.1963044963040237,0.46419509888464056,0.9999948655943238,0.010814936081711217,-0.0062204368959935166,-5.338035180547129e-06,0.001225026882468406,0.0022613042248203533,-0.4577268401241958,-0.02324430290236571,0.012935960060682115,-0.0015362322103884413,-0.021136155606133165,1.0,0.22879789527856154,0.7888345412655159,55.371096177064864,55.365458511108535,55.369506977948554,55.36671205471995
1359.0,45.536,2.1966655135856854,0.46397496734875565,0.9999947003816481,0.011281790051927268,-0.006879110496402489,-5.162896117571458e-06,0.001277092933185668,0.0021351308824345532,-0.45843409958764664,-0.02209685568585698,0.01361423691421056,-0.0019189509698220994,-0.019952449502800708,1.0,0.2283762405081444,0.7891181695087025,55.371135534219015,55.365594766777,55.369543387308816,55.366506530018604
1360.0,45.568,2.1970400872225158,0.4637338395835094,0.999994543494883,0.011705426150949895,-0.0075352426639465455,-4.902711406990485e-06,0.0013265246086717154,0.001998855739792416,-0.4591040284860105,-0.02092967257116588,0.014254278167169145,-0.0023134844958966807,-0.018743359436777872,1.0,0.22793296316933775,0.7894089717229301,55.37117229769403,55.36572918554509,55.36959271970629,55.36629057931768
1361.0,45.6,2.197426755904032,0.46347186800767365,0.9999943975315867,0.012083396297378514,-0.008186611744865957,-4.561353010578739e-06,0.0013719608437970903,0.0018539329829052374,-0.4597358954919779,-0.01973967954172598,0.014853051462207209,-0.0027190215977911363,-0.017506122226778796,1.0,0.22746944129695693,0.7897056200573382,55.37120517685633,55.36585917665045,55.369655627376964,55.36606739832306
1362.0,45.632,2.1978239992770425,0.4631892819073056,0.9999942649165199,0.012413855406583053,-0.008830815636503358,-4.14422083802647e-06,0.0014120987635352115,0.0017018980911545811,-0.4603288757185456,-0.018523971782113353,0.015408001499657594,-0.003134392728930949,-0.016238296171748896,1.0,0.22698714325213626,0.7900067527803479,55.37123299250808,55.36598239462925,55.369732364522385,55.36584025995975
1363.0,45.664,2.198230257712553,0.46288639225648814,0.9999941478618226,0.012695576109707197,-0.009465301588043576,-3.657959289637559e-06,0.0014457220295772215,0.001544351134326816,-0.46088205880607935,-0.017279896550049134,0.01591706467017794,-0.0035580907645145037,-0.014937836712818033,1.0,0.2264876125719597,0.7903109942066845,55.37125468686032,55.366096730124376,55.36982278978655,55.36561250717356
1364.0,45.696,2.1986439522610595,0.46256359540895076,0.9999940483368157,0.012927954640822062,-0.010087401485544475,-3.110156465702461e-06,0.0014717264535983297,0.0013829386689834765,-0.4613944595713295,-0.016005132124176764,0.0163786790113793,-0.0039882979673526615,-0.013603164953396387,1.0,0.225972452081398,0.7906169744595924,55.371269343115614,55.3662003144029,55.369926365202474,55.36538752523205
1365.0,45.728,2.1990635045130165,0.46222137551741516,0.99999396804749,0.013111007873654799,-0.010694371610486305,-2.509041429482325e-06,0.0014891426681686425,0.0012193342782682347,-0.46186503103501514,-0.014697761076745322,0.016791789046088478,-0.004422918660651827,-0.012233227610313889,1.0,0.22544330743592142,0.7909233487642366,55.37127620648901,55.36629153269029,55.37004215928133,55.36516869921433
1366.0,45.76,2.199487356082313,0.46186030557139524,0.9999939084252958,0.01324536154051627,-0.011283435813123764,-1.8631935681803045e-06,0.0014971555615945979,0.0010552179042148957,-0.46229267959195824,-0.013356336296777162,0.01715584516905952,-0.004859616961813781,-0.010827547139894178,1.0,0.22490185027933057,0.791228815980014,55.37127470209353,55.36636904246002,55.37016885832689,55.364959361332865
1367.0,45.792,2.1999139874345652,0.46148104697986436,0.9999938706244579,0.013332229757882681,-0.011851830985338463,-1.1812761845085628e-06,0.001495120166951564,0.0008922542272414733,-0.46267628204080924,-0.011979938362487917,0.017470797363593728,-0.005295858802473837,-0.00938626096964893,1.0,0.2243497612167973,0.791532136094295,55.371264447024316,55.36643179358458,55.3703047881111,55.36476273197948
1368.0,45.824,2.200341935790007,0.4610843476623145,0.9999938555267278,0.013373386107561143,-0.012396853673434979,-4.7180406456686844e-07,0.0014825737266596698,0.0007320704445203384,-0.4630147041495888,-0.010568223042376378,0.017737083151757323,-0.005728957363570153,-0.007910148973596298,1.0,0.2237887128166919,0.7918321464187763,55.371245255137055,55.36647904776149,55.370447946815105,55.36458185791554
1369.0,45.856,2.2007698118433723,0.46067103864951137,0.9999938637522646,0.013371126667659107,-0.012915906650096063,2.570480252261632e-07,0.001459243718724967,0.0005762338816908096,-0.4633068203991709,-0.009121457899389571,0.0179556098076898,-0.006156120988346996,-0.006400648558188914,1.0,0.22322035286539216,0.792127776252578,55.37121713382384,55.366510394992936,55.370596049240795,55.364419550706906
1370.0,45.888,2.201196315060864,0.46024202923269963,0.9999938956752055,0.013328225546617525,-0.013406544275368101,9.975919014472134e-07,0.0014250517196850098,0.0004262299368437355,-0.4635515345201704,-0.007640547186095768,0.018127730992762506,-0.006574502600421738,-0.004859856974718756,1.0,0.222646288105891,0.7924180598035203,55.37118027274631,55.366525765181,55.37074658154503,55.36427832826484
1371.0,45.92,2.201620247337241,0.4597983007360078,0.9999939514424511,0.01324788363678127,-0.013866515521618163,1.7427264249745548e-06,0.0013801130846934585,0.00028344089839648756,-0.46374780042016944,-0.006127044451404157,0.01825521809952451,-0.006981249646528407,-0.003290520738792335,1.0,0.22206806869272558,0.7927021471905301,55.371135025047614,55.36652543319415,55.37089686509446,55.364160362097486
1372.0,45.952,2.202040524824013,0.45934089902014336,0.9999940310243581,0.013133671461622368,-0.014293803620765549,2.4869345957581577e-06,0.0013247312059679157,0.0001491275322101981,-0.46389464453204576,-0.0045831977026502355,0.018340226725440535,-0.007373553578830893,-0.0016960102905012042,1.0,0.2214871735918611,0.7929793133853,55.37108192426431,55.366509954300575,55.371044169629194,55.36406738994433
1373.0,45.984,2.202456187790431,0.45887092586134876,0.999994134143668,0.012989467700562297,-0.014686661212329638,3.222478433400816e-06,0.0012593933099781887,2.4407233877714106e-05,-0.4639911811296242,-0.0030117303313489867,0.018385259146213858,-0.007748697750592183,-8.029166934619969e-05,1.0,0.22090499713084363,0.7932489650086668,55.37102145705347,55.36648041882728,55.37118559858919,55.364000882167375
1374.0,46.016,2.2028664083424623,0.4583895293495548,0.9999942603899422,0.012819392250980357,-0.015043640993563012,3.94519606913878e-06,0.0011847545435384602,-8.975708920982505e-05,-0.4640366383636895,-0.0014161775938155783,0.018393121900006384,-0.008104103988326599,0.001552129777851141,1.0,0.2203228369424532,0.7935106448604509,55.37095438402688,55.366437995752555,55.37131849360849,55.36396165239615
1375.0,46.048,2.20327049597531,0.4578978935062399,0.9999944092066477,0.012627738526489714,-0.015363620103589161,4.650522047316454e-06,0.0011016242901870925,-0.00019257070445197801,-0.464030373737519,0.000199442419992527,0.018366881553886043,-0.008437375291663253,0.003196263188191206,1.0,0.21974188344058704,0.7937640342197753,55.37088140909537,55.366384226490474,55.37144025479305,55.36395015432516
1376.0,46.08,2.2036679009030227,0.457397227311728,0.9999945799081086,0.012418903991022447,-0.015645818578498272,5.334420651731985e-06,0.0010109486577785554,-0.0002834160300608319,-0.46397189103349046,0.0018305821423295066,0.018309817826533577,-0.00874633519394314,0.004846699691642486,1.0,0.2191632109940332,0.7940089529170663,55.37080324917344,55.3663208957151,55.37154848969136,55.36396637295244
1377.0,46.112,2.2040582151691983,0.45688875334334905,0.9999947716940794,0.012197320817987379,-0.015889811511840154,5.993311586598877e-06,0.000913790866642468,-0.0003618580002268737,-0.463860855260715,0.003472225189909547,0.018225375292177104,-0.009029062962585446,0.006497687915570316,1.0,0.21858777091695608,0.7942453572381605,55.37072059891606,55.366249984346545,55.371641078730555,55.36400984239743
1378.0,46.144,2.2044411715852967,0.4563736962265294,0.9999949836618841,0.011967388003077048,-0.01609553490061585,6.623993898530919e-06,0.0008113101985669438,-0.00042764567209762093,-0.4636971053694901,0.005118955106433145,0.01811711451559976,-0.009283924182751903,0.008143215992364072,1.0,0.21801638635767343,0.7944733357598803,55.37063410420278,55.36617361988384,55.371716228813355,55.36407966958858
1379.0,46.176,2.204816640583686,0.4558532710949253,0.9999952148163004,0.01173340619966969,-0.01626328536262654,7.22357550858507e-06,0.0007047401195748119,-0.00048071004295294374,-0.4634806645078539,0.006765031327542184,0.01798866346605,-0.0095095963940864,0.009777098443256214,1.0,0.21744974912731704,0.7946931032518747,55.37054434262738,55.366094022811936,55.37177251520268,55.36417456655528
1380.0,46.208,2.20518462511039,0.4553286722441515,0.9999954640775625,0.011499516459499582,-0.01639371408668218,7.789414439852451e-06,0.0005953661659617922,-0.0005211581704110182,-0.46321174763787654,0.008404471091443468,0.017843670036852752,-0.009705089558993548,0.011393066237934157,1.0,0.21688841846854492,0.7949049928109381,55.37045181176579,55.36601345137163,55.37180891000645,55.36429288981465
1381.0,46.24,2.205545253716565,0.4548010621473514,0.9999957302880014,0.011269643942961443,-0.016487815525002378,8.31907621609469e-06,0.0004845041345477833,-0.000549263807873124,-0.4628907663784094,0.010031135787704173,0.017685756454568838,-0.009869761240619425,0.012984858311045821,1.0,0.2163328217230374,0.7951094464207995,55.370356925708776,55.365934146955965,55.37182479629847,55.364432684957904
1382.0,46.272,2.2058987720372145,0.45427156098085697,0.9999960122179232,0.011047447520299953,-0.016546911452952357,8.810310057894981e-06,0.00037347904708107766,-0.0005654548762693317,-0.4625183309931286,0.011638820121347036,0.017518476300473373,-0.010003326458069381,0.014546312848303057,1.0,0.2157832568164894,0.7953070041520358,55.370260019905515,55.36585828218439,55.37181996766236,55.36459173447567
1383.0,46.304,2.2062455328698856,0.4537412367857007,0.9999963085713508,0.010836276020968936,-0.016572631098630986,9.261044611740339e-06,0.00026360527046183824,-0.0005702981871977623,-0.46209524949529956,0.013221342434129096,0.017345274786660442,-0.010105862263040466,0.016071456730996036,1.0,0.2152398964425834,0.7954982922330732,55.37016136390083,55.365787913394264,55.37179461364996,55.364767606969046
1384.0,46.336,2.206585985084699,0.4532110963670293,0.9999966179922203,0.010639131712926247,-0.016566888083484423,9.669402171315022e-06,0.00015616807525537578,-0.0005644819089125718,-0.4616225238919093,0.014772634550311779,0.017169452834196783,-0.010177807146041858,0.01755459164145137,1.0,0.214702793794207,0.7956840102341566,55.370061181114565,55.365724938849226,55.37174929227426,55.36495770617505
1385.0,46.368,2.206920661609863,0.4526820770098138,0.9999969390715369,0.010458641411372144,-0.01653185491298249,1.0033728643081817e-05,5.2406811896828514e-05,-0.0005487963237450058,-0.46110134363822763,0.016286829587678704,0.016994135391223512,-0.010219955430970396,0.018990375475207075,1.0,0.2141718896620079,0.7958649176118511,55.369959674424045,55.365671063473464,55.37168489120362,55.36515931860409
1386.0,46.4,2.207250166743769,0.4521550390668433,0.999997270355862,0.010297035434565529,-0.016469935717829547,1.0352635158862341e-05,-4.650021573986349e-05,-0.000524113463269169,-0.4605330764184274,0.01775834628622392,0.01682224430924377,-0.010233446856721513,0.020373897869648827,1.0,0.21364702069808303,0.796041819862371,55.36985705598413,55.365627770400465,55.3716025797698,55.36536965901976
1387.0,46.432,2.207575163046086,0.45163075945489656,0.9999976103573436,0.010156134447393802,-0.01638373787333354,1.0625046301114748e-05,-0.00013944918930653907,-0.0004913662263359523,-0.4599192564078294,0.019181968546925898,0.01665647596780943,-0.010219751574427855,0.021700748834286198,1.0,0.21312792862675678,0.7962155545282205,55.369753579432626,55.36559629913168,55.37150375427376,55.365585913425264
1388.0,46.464,2.207896358056152,0.4511099260780755,0.999997957565318,0.010037344064574011,-0.016276043025660315,1.0850249199113677e-05,-0.0002254226103488977,-0.00045152758620093346,-0.4592615702071923,0.02055291903254992,0.016499283705681655,-0.010180650813924077,0.02296707964611104,1.0,0.21261427017539059,0.7963869772947024,55.369649572396455,55.365577629710145,55.37138997935297,55.36580527958503
1389.0,46.496,2.208214491077852,0.45059313318417543,0.9999983104593263,0.009941656928121321,-0.016149777934374856,1.1027937760892268e-05,-0.00030349966426211503,-0.0004055904771460614,-0.45856184066904554,0.021866925852006273,0.01635286498470818,-0.010118213494849091,0.02416965534662586,1.0,0.21210562749608403,0.7965569484012622,55.369545466996755,55.36557247203312,55.371262928402004,55.36602500538717
1390.0,46.528,2.208530320256361,0.45008087765099447,0.9999986675232145,0.009869661828408293,-0.01600798541190679,1.1158246507326892e-05,-0.0003728652736160543,-0.00035454891868684263,-0.45782200886040575,0.023120281521433802,0.016219153086596855,-0.010034769082481767,0.02530589833897685,1.0,0.21160151885390743,0.7967263195777815,55.36944182589724,55.36558125935555,55.37112432617472,55.366242425446245
1391.0,46.56,2.2088446101541526,0.4495735561946667,0.9999990272598314,0.009821559305982507,-0.015853795510240676,1.12417692758869e-05,-0.00043281799858389315,-0.0002993808861532683,-0.4570441144255884,0.024309893561457425,0.01609981302829985,-0.009932877017749493,0.026373922729774967,1.0,0.21110140936863311,0.7968959216981664,55.36933936134009,55.365604145143486,55.370975896750245,55.36645499627358
1392.0,46.592,2.209158120011861,0.4490714634911253,0.9999993882057245,0.009797183053384919,-0.01569039698567052,1.127955916169334e-05,-0.00048277691260649317,-0.0002410333686612532,-0.45623027462760773,0.02543332624533461,0.01599624128697924,-0.009815293089035561,0.02737255918858784,1.0,0.21060472161428964,0.7970665533231847,55.36923894466063,55.365641002760235,55.37081931993702,55.36666033006441
1393.0,46.624,2.2094715928545003,0.4485747912040087,0.9999997489451656,0.009796026332483124,-0.015521008972391516,1.1273107534264097e-05,-0.0005222875272029626,-0.00018040996751502787,-0.45538266235736363,0.026488833153429932,0.01590956885549712,-0.00968493316014242,0.028301370209032083,1.0,0.2101108459035326,0.7972389702817079,55.36914160401768,55.36569142796669,55.370656198869675,55.36685622669827
1394.0,46.656,2.20978574557568,0.4480836279167554,1.0000001081228158,0.009817272536864456,-0.015348852726668843,1.1224301568053667e-05,-0.0005510267670211875,-0.00011836127825827099,-0.4545034834069216,0.02747538031388507,0.01584066711184373,-0.009544834723741234,0.02916065575135164,1.0,0.2096191501108356,0.7974138764145657,55.36904850862835,55.36575474479865,55.370488040930084,55.36704070300992
1395.0,46.688,2.2101012601025114,0.44759795997206264,1.000000464454387,0.009859828963481039,-0.015177123271646298,1.1135361598079015e-05,-0.0005688069139949629,-5.5678168091141623e-05,-0.4535949533071845,0.028392659818271902,0.01579015598307585,-0.009398116807627071,0.029951449331621603,1.0,0.20912898891864992,0.7975919155784104,55.36896093869858,55.365830015942834,55.3703162531545,55.36721201785686
1396.0,46.72,2.210418775712674,0.44711767322691637,1.0000008167347443,0.009922362817578172,-0.01500896078582273,1.1008761166554462e-05,-0.0005755783596111696,6.9120895706579866e-06,-0.4526592740314394,0.029241093897054905,0.015758413916826808,-0.009247938817616704,0.030675504702792802,1.0,0.20863971240255355,0.7977736649787,55.36888024152409,55.36591605911615,55.370142151955825,55.36736869114082
1397.0,46.752,2.2107388825436174,0.44664255573458345,1.0000011638430473,0.010003338466983971,-0.014847421635402137,1.0847134468415682e-05,-0.0005714309403792384,6.874702273582063e-05,-0.4516986108648638,0.030021829527041938,0.01574558923731999,-0.009097458946424771,0.031335273353376034,1.0,0.2081506739033375,0.7979596298717778,55.36880777577945,55.366011470963336,55.369966985412795,55.367509514923576
1398.0,46.784,2.2110621163033013,0.4461723013649656,1.000001504744707,0.01010105499012315,-0.014695449050559107,1.0653176868437095e-05,-0.0005565935961299569,0.00012922786969217853,-0.45071506973605874,0.03073672372654927,0.01575161254899334,-0.008949792807146048,0.03193387313578466,1.0,0.2076612371642477,0.7981502396468049,55.36874484765835,55.36611465957037,55.3697919647242,55.36763355517523
1399.0,46.816,2.2113889541635285,0.44570651437048825,1.000001838490155,0.010213683132100327,-0.01455584357741579,1.0429545248268278e-05,-0.0005314320938575243,0.00018781668999761863,-0.44971067529989733,0.031388319779115284,0.015776209947806714,-0.00880797295551278,0.03247504843148248,1.0,0.2071707827384119,0.7983458452700548,55.36869264393579,55.36622388574905,55.36961830002342,55.367740143600685
1400.0,46.848,2.211719811792126,0.44524471489563844,1.000002164210636,0.010339300893670328,-0.014431233589058186,1.0178765032232706e-05,-0.0004964446052020695,0.00024403228380034944,-0.4486873500511597,0.0319798147170077,0.015818916893798166,-0.008674909946926419,0.03296312236519497,1.0,0.20667871369329482,0.7985467180478962,55.368652167913204,55.36633731197323,55.36944723488278,55.36782886023001
1401.0,46.88,2.2120550414601587,0.44478634541433704,1.0000024811114545,0.010475927126023458,-0.014324046290667199,9.903150577360578e-06,-0.00045225501044401716,0.00029744557729486504,-0.44764689473522484,0.032515018494225646,0.01587909267638154,-0.008553355532179337,0.03340294169350563,1.0,0.20618446065457455,0.7987530496418825,55.36862418425974,55.36645305641431,55.36928007381095,55.36789950885926
1402.0,46.912,2.212394931145888,0.4443307780611033,1.00000278846328,0.010621552679044913,-0.01423647978855501,9.604744548309343e-06,-0.00039960391493064763,0.00034767511822766717,-0.44659097030523487,0.03299830538510241,0.015955935456976628,-0.008445868537066428,0.03379981510975392,1.0,0.2056874862404678,0.798964953250715,55.36860917791045,55.36656924834677,55.369118197926504,55.36795208859157
1403.0,46.944,2.2127397045486914,0.44387732280058106,1.0000030855922588,0.010774168837600533,-0.0141704768913191,9.285280586078875e-06,-0.0003393374889167476,0.0003943832435922374,-0.44552108165447063,0.03343455825648992,0.016048497897551764,-0.008354783901393263,0.034159445820679486,1.0,0.2051872889392155,0.7991824658601634,55.368607330485986,55.36668408054989,55.36896306570057,55.36798676537991
1404.0,46.976,2.213089521923459,0.44342523635698944,1.0000033718697545,0.010931792961495029,-0.014127701362239871,8.946171740909934e-06,-0.00027239435995463085,0.00043727334029147746,-0.4444385633282382,0.033829106474459934,0.01615570338092993,-0.008282185280810626,0.03448785935339671,1.0,0.20468340647788247,0.7994055514535409,55.36861851550932,55.36679585447549,55.36881619784695,55.36800384736504
1405.0,47.008,2.2134444816483128,0.4429737318021878,1.0000036467025568,0.011092491401672323,-0.014109517337549688,8.588525071683434e-06,-0.00019979088175842784,0.0004760884372729243,-0.44334456739160666,0.034187658313957786,0.0162763628044749,-0.008229881544284477,0.03479132763696727,1.0,0.2041754187211245,0.799634105071772,55.36864231143045,55.36690301487826,55.3686791476798,55.368003766939935
1406.0,47.04,2.21380462244455,0.4425219886800069,1.0000039095316418,0.011254399882408414,-0.014116972568154085,8.21340890439039e-06,-0.0001226048411345911,0.0005106108461524481,-0.4422400539484996,0.03451621789195413,0.0164091918946178,-0.008199387428766136,0.03507629095591529,1.0,0.20366295012594768,0.7998679576126657,55.3686780398147,55.3670041618434,55.36855347030729,55.367987056022756
1407.0,47.072,2.2141699261716443,0.44206916352521475,1.0000041598032436,0.011415741471702934,-0.014150786087253701,7.820987558969884e-06,-4.19596431459554e-05,0.0005406643390925081,-0.4411257824743299,0.03482105955128407,0.016552828831402477,-0.008191908673515106,0.035349276211757145,1.0,0.20314567176803078,0.8001068812579913,55.368724758059635,55.367098109456386,55.36844062689975,55.36795440886112
1408.0,47.104,2.2145403211465013,0.44161440062833246,1.0000043969874743,0.011574842964283292,-0.014211340527573068,7.4120072093849914e-06,4.099391259996686e-05,0.0005661152614134803,-0.44000230844144333,0.03510856226132769,0.016705852476174697,-0.008208331358951593,0.03561681874353368,1.0,0.20262330292860758,0.8003505954408027,55.36878138443568,55.3671837966386,55.368342019250065,55.36790658111832
1409.0,47.136,2.214915685917348,0.44115684287969803,1.0000046205692334,0.011730149088963545,-0.014298679644824324,6.9869299720851605e-06,0.00012509462543932687,0.000586875499029222,-0.4388699802142098,0.03538520103688363,0.016866800391892537,-0.008249216138855046,0.03588538182327585,1.0,0.2020956122408285,0.8005987732429284,55.36884668272558,55.36726035357301,55.368258870123576,55.36784447613059
1410.0,47.168,2.215295853446123,0.4406956425288411,1.0000048300497686,0.01188023527420998,-0.01441251096428126,6.546266723140458e-06,0.00020918792998408827,0.0006029051892745388,-0.43772893921823314,0.035657444491900905,0.017034186882595895,-0.008314796988931877,0.03616127910764768,1.0,0.20156241837373348,0.800851048136179,55.368919328294105,55.36732706198631,55.36819220361962,55.36776913146442
1411.0,47.2,2.2156806156519075,0.44022997169548167,1.0000050249510748,0.012023818930768967,-0.014552213542479953,6.090665818913472e-06,0.0002921424131334581,0.0006142150525534222,-0.4365791226014312,0.03593167688890527,0.017206520731458567,-0.008404984508795083,0.03645060004043051,1.0,0.2010235902325091,0.8011070209799037,55.36899795121394,55.367383342335216,55.368142807769914,55.36768172404254
1412.0,47.232,2.216069728267873,0.43975903247435766,1.000005204822861,0.012159769248927484,-0.014716850660126981,5.620993316635745e-06,0.0003728655598731293,0.0006208679531969236,-0.43542026833046343,0.03621412201391868,0.017382322410484485,-0.008519373654716058,0.036759139196427565,1.0,0.20047904665522978,0.8013662671892685,55.36908117414943,55.36742874125241,55.36811120664238,55.36758357080936
1413.0,47.264,2.216462915961512,0.43928206648595347,1.0000053692516435,0.012287115426208596,-0.014905187137629197,5.138399455927847e-06,0.0004503185166047421,0.0006229793758940878,-0.43425192262934775,0.036510770028698125,0.017560140533067006,-0.008657255704105011,0.037092330471717935,1.0,0.19992875559174328,0.8016283439888874,55.36916764458214,55.36746292217834,55.36809764193311,55.367476122564845
1414.0,47.296,2.2168598776631323,0.4387983637383287,1.0000055178713998,0.012405053175638926,-0.015115710863275733,4.644367383733151e-06,0.0005235296817025251,0.0006207166047083895,-0.43307344963458816,0.036827308317521706,0.017738567325436348,-0.008817634183005796,0.03745518693362467,1.0,0.19937273275914058,0.8018927976655071,55.369256061101055,55.367485660162444,55.368102063967115,55.36736095044132
1415.0,47.328,2.217260292041525,0.43830727068099873,1.0000056503751156,0.012512949324776356,-0.015346658041559911,4.140741118041172e-06,0.0005916069486703867,0.0006142964990440971,-0.4318840431119684,0.03716905723486001,0.017916252904924962,-0.008999244423355769,0.03785224704617559,1.0,0.19881103977944126,0.8021591707319838,55.36934519381632,55.36749684087861,55.368124131710594,55.36723972540303
1416.0,47.36,2.21766382305923,0.4378081973495938,1.0000057665265163,0.012610344303277956,-0.015596041606405469,3.629731272492398e-06,0.0006537484424082689,0.0006039818649829385,-0.43068274005414686,0.037540911556384456,0.018091918171582656,-0.009200576361689645,0.03828752788355687,1.0,0.198243781817796,0.8024270089134546,55.36943389918174,55.36749646319984,55.368163221158824,55.367114191832044
1417.0,47.392,2.2180701255338917,0.43730062351920646,1.0000058662055278,0.012696952333175715,-0.015861682199603017,3.1149691090411725e-06,0.000709250090063912,0.0005900780330860953,-0.42946843759877257,0.03794723694119275,0.018264366161329225,-0.00941990011601104,0.038764488136261516,1.0,0.1976711047526278,0.8026958678661513,55.36952117761626,55.36748457382385,55.368218489315744,55.366986088327884
1418.0,47.424,2.218478850647668,0.4367841038121082,1.0000059493134124,0.012772659805511418,-0.01614124084682246,2.5971213929446096e-06,0.0007575175852657539,0.0005729221272749395,-0.42823990389123756,0.038392059569198944,0.0184324920877837,-0.009655293633783594,0.03928598838052058,1.0,0.1970931919063023,0.8029653195617161,55.36960595508047,55.36746157592755,55.36828867962322,55.36685734353085
1419.0,47.456,2.2188896512619904,0.4362582716951144,1.000006015887847,0.012837519197574039,-0.016432253656054642,2.0804510822422963e-06,0.0007980672123646623,0.0005528807680339957,-0.42699580332184767,0.03887861702386174,0.01859529033146167,-0.009904673188618329,0.03985427814214917,1.0,0.19651026043980552,0.8032349581858216,55.3696874838802,55.36742773993552,55.36837252556772,55.36672962503924
1420.0,47.488,2.2193021870185237,0.4357228423682726,1.000006066072436,0.012891742391664438,-0.016732166463808328,1.568268404028745e-06,0.0008305308763788663,0.0005303408708804511,-0.42573471210451275,0.0394096604953318,0.01875186087667286,-0.010165824181686087,0.04047097629178321,1.0,0.19592255742873524,0.8035044055365035,55.36976500849739,55.36738357343406,55.36846848729868,55.36660465917621
1421.0,47.52,2.2197161291267467,0.43517761453626597,1.0000061001198326,0.012935690881966883,-0.01703836975020471,1.0639811462430568e-06,0.0008546578311039614,0.0005057016230961999,-0.42445513801841034,0.0399873248704264,0.018901413439740257,-0.010436433118468074,0.04113706461733489,1.0,0.1953303557095484,0.8037733158275814,55.369837874648425,55.36732971997746,55.36857487893485,55.366484074618185
1422.0,47.552,2.2201311647630466,0.4346224710788014,1.0000061183919127,0.01296986363437534,-0.017348233045768987,5.710025022254779e-07,0.0008703144769334579,0.00047936641129276705,-0.42315554051666565,0.040613117423490414,0.019043269731255637,-0.010714119962374646,0.04185288954515437,1.0,0.19473394957438603,0.8040413798327589,55.36990551806757,55.367266954276786,55.368689906724654,55.36636938202878
1423.0,47.584,2.2205470010137422,0.43405737865360894,1.0000061213569094,0.012994882834237099,-0.017659138287263072,9.265614664409967e-08,0.0008774823650450541,0.00045173495805774,-0.4218343509732268,0.04128791359887985,0.019176863915218063,-0.010996470375130138,0.042618171855727235,1.0,0.194133650394971,0.8043083283178517,55.36996745589323,55.36719617715589,55.368811706498775,55.36626195220872
1424.0,47.616,2.220963368303701,0.43348238628077573,1.0000061095835657,0.013011477811215911,-0.01796851165103964,-3.679169885418126e-07,0.0008762545260677596,0.00042319591747030027,-0.4204899928232893,0.042011960376589545,0.019301741358248855,-0.01128106739451662,0.04343202410215652,1.0,0.19352978225585923,0.804573934721456,55.370023278513365,55.36711840626342,55.36893838094756,55.36616299829523
1425.0,47.648,2.2213800232632006,0.432897622970159,1.0000060837325044,0.013020467484357798,-0.018273853456771166,-8.078456653625372e-07,0.000866830271841731,0.00039412014343909814,-0.4191209013506216,0.042784887286180545,0.019417555793164266,-0.01156552213072205,0.044292975324256495,1.0,0.19292267767467353,0.8048380170583007,55.37007264216003,55.36703476292774,55.369068035439504,55.36607356251948
1426.0,47.68,2.2217967509979744,0.4323032944644469,1.0000060445451342,0.013022741711681043,-0.018572765803505677,-1.2246053199273205e-06,0.0008495086435854303,0.00036485480227961857,-0.41772554288149283,0.04360572487718688,0.01952406504920051,-0.011847503097624296,0.04519900255219064,1.0,0.19231267348208478,0.8051004390340801,55.370115262624815,55.36694645573241,55.36919881133809,55.365994507530466
1427.0,47.712,2.2222133667404904,0.4316996791790256,1.0000059928305218,0.013019241953625346,-0.0188629776694135,-1.6160816365682752e-06,0.0008246806965114084,0.00033571845521427636,-0.41630243315684096,0.04447293028309519,0.019621125522627895,-0.012124763833398439,0.04614756850932547,1.0,0.19170010692756678,0.8053611103752368,55.370150910372246,55.36685476148932,55.36932891604275,55.36592651202076
1428.0,47.744,2.222629716873945,0.4310871234262089,1.0000059294507329,0.01301094167045912,-0.01914236727552264,-1.980618405395203e-06,0.000792820819718588,0.0003069971903687139,-0.4148501546702807,0.04538441939227611,0.01970868557845217,-0.012395168505874587,0.04713566485370012,1.0,0.19108531206868912,0.8056199863915335,55.37017940720029,55.36676100433677,55.369456649224325,55.36587007024216
1429.0,47.776,2.223045679333785,0.43046603601570976,1.000005855305201,0.012998826870001744,-0.019408981578096417,-2.3170478730125305e-06,0.0007544772916885369,0.0002789418397383216,-0.41336737277856855,0.046337605044514035,0.019786778084546302,-0.01265671524003827,0.04815986024107528,1.0,0.1904686164923068,0.8058770668029007,55.37020062445188,55.36666653370081,55.369580424950655,55.3658254949155
1430.0,47.808,2.2234611634043575,0.42983688232565614,1.0000057713147081,0.012983877205387281,-0.01966105281417775,-2.6247028994677685e-06,0.0007102622671057551,0.0002517662761992995,-0.4118528504125205,0.047329440597901264,0.01985551228485144,-0.012907556948705462,0.04921635244983057,1.0,0.18985033840585733,0.8061323938746255,55.37021448266458,55.36657270183623,55.369698789588114,55.365792923008755
1431.0,47.84,2.2238761089401993,0.42920017793918824,1.0000056784055569,0.01296704799505354,-0.019897012077119684,-2.9034109769173837e-06,0.0006608413811313317,0.0002256467503290532,-0.41030546123954115,0.048356468153996,0.019915065217824945,-0.013146019490402608,0.05030102377868799,1.0,0.18923078412643152,0.8063860499161972,55.37022095243615,55.36648084159227,55.36981043553609,55.36577232388121
1432.0,47.872,2.2242904850522307,0.4285564819409564,1.0000055774944805,0.012949253500983731,-0.02011549994474691,-3.1534711369966137e-06,0.0006069231442619272,0.000200722197154413,-0.4087242011533525,0.049414870687225144,0.019965672881418373,-0.013370617021683566,0.05140949891178243,1.0,0.1886102459847011,0.806638154208821,55.37022005621959,55.366392244968914,55.36991421097728,55.36576350932972
1433.0,47.904,2.2247042883084656,0.4279063899658593,1.0000054695560963,0.012931351757337835,-0.020315374221783148,-3.3730745072065417e-06,0.0005492446829274215,0.00017709181937883124,-0.4071081940912578,0.05050064925169268,0.020007621282959853,-0.013580064532293316,0.05253719898101719,1.0,0.1879890006504448,0.806888859434617,55.370211703651435,55.36630825678584,55.370009011098404,55.365766259046694
1434.0,47.936,2.225117540487843,0.42725052713732165,1.000005355361921,0.01291413060554445,-0.020495713391803335,-3.568567975842767e-06,0.0004885721897267867,0.00015482804759024132,-0.40545671382691245,0.051609123385571734,0.020041236732295006,-0.013773285962574877,0.05367942115016926,1.0,0.18736730791135564,0.8071383476795565,55.37019642425851,55.366229733506586,55.370094311664246,55.36577981135778
1435.0,47.968,2.2255302860082655,0.4265895408349356,1.0000052357238705,0.012898297513204371,-0.02065582194956129,-3.7386890805453356e-06,0.00042567939038887166,0.0001339679413014557,-0.4037691726481522,0.05273596631109625,0.020066879390370364,-0.013949423384225477,0.05483137513363284,1.0,0.18674540978663426,0.8073868261157223,55.37017414962264,55.36615794724413,55.370169226956406,55.36580379404478
1436.0,48.0,2.2259425890386733,0.4259240935213736,1.0000051114001114,0.012884469700243126,-0.020795228548814645,-3.885117470792549e-06,0.00036134125978464377,0.00011452004981169982,-0.4020451333180521,0.0538764770083415,0.020084934111797542,-0.014107839297988835,0.05598825401505011,1.0,0.18612353006350751,0.8076345224274142,55.370145150125914,55.36609382385377,55.370233277932535,55.36583749617784
1437.0,48.032000000000004,2.226354530385599,0.42525485565575993,1.0000049830894793,0.01287316709143305,-0.02091368330042519,-4.0097072537266194e-06,0.00029632443887618457,9.646790993289932e-05,-0.4002843109070524,0.05502589681554761,0.020095802872190913,-0.014248117376585689,0.057145292150594024,1.0,0.18550187419293374,0.8078816800757354,55.370109752048755,55.36603817609234,55.3702861301882,55.36588012480444
1438.0,48.064,2.226766204226328,0.4245824987653772,1.0000048514282962,0.01286480752277361,-0.021011152824463333,-4.114411970846286e-06,0.00023137813157388313,7.977377624686426e-05,-0.3984865729028798,0.05617946326779906,0.02009989782836971,-0.014370060427615232,0.058297821210047215,1.0,0.1848806295112352,0.8081285534883509,55.37006834061615,55.365991688365334,55.370327594649005,55.36593081513082
1439.0,48.096000000000004,2.227177714760283,0.42390768874274704,1.0000047169895216,0.012859704186100832,-0.021087813207189693,-4.201211704912363e-06,0.00016722557432915372,6.438247468639632e-05,-0.39665193756048606,0.057332465134565025,0.02009763507615448,-0.014473685694042225,0.059441323602106404,1.0,0.18425996574993672,0.8083754032588577,55.370021361708616,55.36595490677933,55.370357621943306,55.36598864300242
1440.0,48.128,2.227589172848393,0.4232310794299731,1.0000045802840725,0.012858065253433554,-0.021144041024187096,-4.272045286968699e-06,0.00010455613925146567,5.022526216473976e-05,-0.3947805705205187,0.058480296579702024,0.0200894291533252,-0.014559217641440678,0.06057148264721987,1.0,0.1836400357927428,0.808622491436572,55.36996932106854,55.36592823278143,55.37037629453722,55.366052638554265
1441.0,48.160000000000004,2.228000692706932,0.4225533065470276,1.000004441764074,0.0128599955793437,-0.021180402592044987,-4.328749948767156e-06,4.4018122934977395e-05,3.7223585565598064e-05,-0.39287277976600643,0.059618509151314406,0.02007568831191676,-0.014627078404969284,0.06168422894960995,1.0,0.1830209766365344,0.8088700769826127,55.36991278154264,55.36591191971422,55.370383817606765,55.366121800242
1442.0,48.192,2.2284123887179024,0.4218749820154158,1.0000043018277365,0.012865500342824939,-0.02119764161287165,-4.373010550895933e-06,-1.3787734150142314e-05,2.5292646050047885e-05,-0.39092900901518385,0.06074286071379146,0.020056810564200056,-0.014677876090965162,0.06277578249630279,1.0,0.1824029105124421,0.8091184114621152,55.36985235862862,55.365906071914665,55.37038050923711,55.36619510882103
1443.0,48.224000000000004,2.2288243724125207,0.42119668872336496,1.0000041608255037,0.012874490456822542,-0.02119666537658589,-4.4063197743299875e-06,-6.831395917006562e-05,1.434468880864888e-05,-0.3889498296693939,0.06184936066059997,0.020033180487060973,-0.014712391146714267,0.06384269008242963,1.0,0.18178594612341256,0.8093677350353913,55.36978871448211,55.36591064614714,55.370366790334984,55.36627154098264
1444.0,48.256,2.2292367496780066,0.42051897577333497,1.0000040190670958,0.012886789546433273,-0.02117852968843971,-4.4299502469096635e-06,-0.00011907125654031399,4.291953721158462e-06,-0.3869359314515096,0.06293431088834153,0.02000516675345009,-0.014731561028824825,0.06488185773200612,1.0,0.18117017995613452,0.809618272803028,55.369722550517125,55.36592545521519,55.37034317451507,55.36635008244234
1445.0,48.288000000000004,2.2296496182308045,0.4198423542472101,1.0000038768290522,0.01290214227493558,-0.02114442269139933,-4.444938861424888e-06,-0.0001656325882764591,-4.950761578703992e-06,-0.3848881118835726,0.06399434211518483,0.019973120345494325,-0.01473646341381426,0.06589057785307406,1.0,0.1805556976275991,0.8098702315514718,55.369654598741135,55.365950173618444,55.37031025814122,55.366429740312356
1446.0,48.32,2.2300630653917946,0.4191672935189739,1.0000037343623922,0.012920223780939245,-0.021095647757383533,-4.4520831257726565e-06,-0.00020763640314180144,-1.346395840024456e-05,-0.3828072647629165,0.06502644521171236,0.01993737339326506,-0.014728298205873062,0.06686655093581192,1.0,0.17994257522981974,0.8101237969367356,55.369585612002275,55.365984345128474,55.37026871063238,55.366509554609785
