step,time,x,y,z,vx,vy,vz,roll,pitch,yaw,yaw_rate,desired_vx_body,desired_vy_body,desired_yaw_rate,desired_altitude,goal_distance,signed_clearance,motor_m1,motor_m2,motor_m3,motor_m4
0.0,2.048,-1.2778058734485714e-17,-0.26666666666666666,0.014978264171574442,0.0,0.0,0.0,0.0,0.0,0.0,5.722341702976817e-17,0.0,0.0,0.0,0.54,3.3688655031861083,1.2963155141253617,135.36886705920824,135.36886705920824,135.36886705920824,135.36886705920824
1.0,2.08,-1.2365408642887174e-17,-0.26666666666666666,0.014978692294546193,1.2895315362454362e-17,0.0,1.3378842867220973e-05,0.0,0.0,0.0,7.328494053808969e-18,0.0,0.0,0.0,0.54,3.3688654161320386,1.2963154464146658,53.418153069805626,53.418153069805626,53.418153069805626,53.418153069805626
2.0,2.112,-1.2442403309529904e-17,-0.26666666666666666,0.01497904078053715,-2.4060833325853146e-18,0.0,1.0890187217391264e-05,0.0,0.0,0.0,-5.96054207407091e-17,0.0,0.0,0.0,0.54,3.368865345271306,1.2963153912992273,53.50216538169908,53.50216538169908,53.50216538169908,53.50216538169908
3.0,2.144,-1.2298851046740247e-17,-0.26666666666666666,0.014979327918025977,4.486008212176789e-18,0.0,8.973046525858472e-06,0.0,0.0,0.0,-1.317808092055998e-19,0.0,0.0,0.0,0.54,3.368865286885132,1.2963153458865417,53.58617540356075,53.58617540356075,53.58617540356075,53.58617540356075
4.0,2.176,-1.2477845648773247e-17,-0.26666666666666666,0.01497956833743803,-5.59358131353126e-18,0.0,7.5131066266335216e-06,0.0,0.0,0.0,-1.0493929993268665e-17,0.0,0.0,0.0,0.54,3.3688652379985706,1.2963153078626757,53.670183568132146,53.670183568132146,53.670183568132146,53.670183568132146
5.0,2.208,-1.254886005452229e-17,-0.26666666666666666,0.014979773742827775,-2.2192001796575824e-18,0.0,6.418918429553979e-06,0.0,0.0,0.0,3.805424982381962e-17,0.0,0.0,0.0,0.54,3.3688651962317264,1.2963152753765352,53.75419022122039,53.75419022122039,53.75419022122039,53.75419022122039
6.0,2.24,-1.2572332922542239e-17,-0.26666666666666666,0.014979953497210145,-7.335271256234067e-19,0.0,5.617324449070765e-06,0.0,0.0,0.0,7.569467053991388e-17,0.0,0.0,0.0,0.54,3.3688651596807326,1.2963152469472872,53.838195639086905,53.838195639086905,53.838195639086905,53.838195639086905
7.0,2.2720000000000002,-1.3221469636795353e-17,-0.26666666666666666,0.014980115090814169,-2.0285522320409795e-17,0.0,5.049800125744761e-06,0.0,0.0,0.0,9.044004497867698e-17,0.0,0.0,0.0,0.54,3.3688651268225325,1.2963152213902975,53.92220004235795,53.92220004235795,53.92220004235795,53.92220004235795
8.0,2.3040000000000003,-1.3594810568352457e-17,-0.26666666666666666,0.014980264515676751,-1.1666904111159483e-17,0.0,4.669526955695335e-06,0.0,0.0,0.0,7.921328262593581e-17,0.0,0.0,0.0,0.54,3.368865096438712,1.296315197757884,54.00620360715267,54.00620360715267,54.00620360715267,54.00620360715267
9.0,2.336,-1.3590561647340439e-17,-0.26666666666666666,0.01498040656531035,1.3277878162556615e-19,0.0,4.439051049973947e-06,0.0,0.0,0.0,6.246493383840591e-17,0.0,0.0,0.0,0.54,3.368865067554566,1.2963151752919218,54.09020647398543,54.09020647398543,54.09020647398543,54.09020647398543
10.0,2.368,-1.3948791636386326e-17,-0.26666666666666666,0.014980545074431292,-1.1194687157683978e-17,0.0,4.328410029431468e-06,0.0,0.0,0.0,5.97598884818206e-17,0.0,0.0,0.0,0.54,3.3688650393903474,1.2963151533859263,54.174208754887395,54.174208754887395,54.174208754887395,54.174208754887395
11.0,2.4,-1.400370037263565e-17,-0.26666666666666666,0.014980683110737728,-1.715898007791407e-18,0.0,4.313634576109684e-06,0.0,0.0,0.0,1.8226642088335765e-17,0.0,0.0,0.0,0.54,3.3688650113222756,1.2963151315547234,54.25821053910387,54.25821053910387,54.25821053910387,54.25821053910387
12.0,2.432,-1.4322054413945947e-17,-0.26666666666666666,0.014980823128328245,-9.948563790946713e-18,0.0,4.37554970364852e-06,0.0,0.0,0.0,9.787508077113202e-17,0.0,0.0,0.0,0.54,3.368864982851338,1.2963151094101841,54.34221189765181,54.34221189765181,54.34221189765181,54.34221189765181
13.0,2.464,-1.549736483546554e-17,-0.26666666666666666,0.014980967090433771,-3.672845067248723e-17,0.0,4.498815797703607e-06,0.0,0.0,0.0,7.75384949372512e-18,0.0,0.0,0.0,0.54,3.3688649535783353,1.296315086641814,54.42621288696582,54.42621288696582,54.42621288696582,54.42621288696582
14.0,2.496,-1.5913294226115873e-17,-0.26666666666666666,0.014981116567600697,-1.2997793457822912e-17,0.0,4.671161466418719e-06,0.0,0.0,0.0,2.231624262256079e-17,0.0,0.0,0.0,0.54,3.3688649231839163,1.2963150630012241,54.51021355181497,54.51021355181497,54.51021355181497,54.51021355181497
15.0,2.528,-1.6067125071576313e-17,-0.26666666666666666,0.014981272816235451,-4.8072139206387504e-18,0.0,4.8827698360801856e-06,0.0,0.0,0.0,-4.646789533387404e-17,0.0,0.0,0.0,0.54,3.368864891412606,1.2963150382897095,54.5942139276362,54.5942139276362,54.5942139276362,54.5942139276362
16.0,2.56,-1.542323890406265e-17,-0.26666666666666666,0.014981436841438638,2.0121442734801912e-17,0.0,5.125787599599171e-06,0.0,0.0,0.0,-4.381827328118282e-17,0.0,0.0,0.0,0.54,3.3688648580600296,1.2963150123483107,54.67821404240071,54.67821404240071,54.67821404240071,54.67821404240071
17.0,2.592,-1.4555674102371174e-17,-0.26666666666666666,0.014981609447271102,2.711140005285864e-17,0.0,5.393932264491532e-06,0.0,0.0,0.0,3.0430182451018345e-17,0.0,0.0,0.0,0.54,3.3688648229626925,1.2963149850498648,54.76221391810749,54.76221391810749,54.76221391810749,54.76221391810749
18.0,2.624,-1.4108662838807756e-17,-0.26666666666666666,0.01498179127696581,1.396910198635678e-17,0.0,5.682177959599218e-06,0.0,0.0,0.0,2.715772661596955e-17,0.0,0.0,0.0,0.54,3.3688647859898024,1.2963149562926448,54.846213571977756,54.846213571977756,54.846213571977756,54.846213571977756
19.0,2.656,-1.3345569623378175e-17,-0.26666666666666666,0.01498198284509657,2.38466629821744e-17,0.0,5.986504086289557e-06,0.0,0.0,0.0,-4.47790723524259e-17,0.0,0.0,0.0,0.54,3.3688647470367283,1.2963149259952724,54.930213017410615,54.930213017410615,54.930213017410615,54.930213017410615
20.0,2.688,-1.3229022491536083e-17,-0.26666666666666666,0.01498218456331238,3.6420978700653555e-18,0.0,6.303694244055071e-06,0.0,0.0,0.0,-3.518297403666454e-17,0.0,0.0,0.0,0.54,3.3688647060197674,1.2963148940926474,55.01421226474753,55.01421226474753,55.01421226474753,55.01421226474753
21.0,2.72,-1.2928430406442819e-17,-0.26666666666666666,0.01498239676092439,9.393502659164514e-18,0.0,6.6311753752976095e-06,0.0,0.0,0.0,-7.279604051028714e-17,0.0,0.0,0.0,0.54,3.3688646628719607,1.2963148605326928,55.098211321884,55.098211321884,55.098211321884,55.098211321884
22.0,2.7520000000000002,-1.345608907569632e-17,-0.26666666666666666,0.014982619701375089,-1.648933341417191e-17,0.0,6.966889084354053e-06,0.0,0.0,0.0,-1.1145743307286893e-16,0.0,0.0,0.0,0.54,3.3688646175397423,1.2963148252737493,55.18221019475874,55.18221019475874,55.18221019475874,55.18221019475874
23.0,2.7840000000000003,-1.2563737579739875e-17,-0.26666666666666666,0.014982853595413325,2.7885984248638883e-17,0.0,7.309188694885279e-06,0.0,0.0,0.0,1.6617116270833164e-17,0.0,0.0,0.0,0.54,3.3688645699802606,1.2963147882824912,55.26620888774504,55.26620888774502,55.26620888774502,55.26620888774504
24.0,2.816,-1.2050041192700732e-17,-0.26666666666666666,0.014983098611634056,1.605301209497342e-17,0.0,7.65675689783659e-06,0.0,0.0,0.0,1.4864646896587586e-17,0.0,0.0,0.0,0.54,3.3688645201592364,1.2963147495322604,55.35020740396394,55.35020740396394,55.35020740396394,55.35020740396394
25.0,2.848,-1.18928808546053e-17,-0.26666666666666666,0.014983354884909957,4.9112605654822516e-18,0.0,8.008539871897935e-06,0.0,0.0,0.0,-5.769969345494984e-17,0.0,0.0,0.0,0.54,3.368864468049247,1.2963147090017326,55.434205745534726,55.434205745534726,55.434205745534726,55.434205745534726
26.0,2.88,-1.198790985542053e-17,-0.26666666666666666,0.014983622523136533,-2.969656275475945e-18,0.0,8.363694580491587e-06,0.0,0.0,0.0,-8.826473391833317e-17,0.0,0.0,0.0,0.54,3.3688644136283563,1.2963146666738503,55.51820391377522,55.51820391377522,55.51820391377522,55.51820391377522
27.0,2.912,-1.3036823007706135e-17,-0.26666666666666666,0.014983901612628076,-3.2778536008925116e-17,0.0,8.721546610726454e-06,0.0,0.0,0.0,-2.6664194003636747e-17,0.0,0.0,0.0,0.54,3.368864356879015,1.2963146225349695,55.60220190936214,55.60220190936214,55.60220190936214,55.60220190936214
28.0,2.944,-1.265046284460227e-17,-0.26666666666666666,0.014984192222434339,1.207375509699576e-17,0.0,9.081556445712175e-06,0.0,0.0,0.0,7.042347951194064e-17,0.0,0.0,0.0,0.54,3.3688642977871863,1.296314576574177,55.68619973245932,55.68619973245931,55.68619973245931,55.68619973245932
29.0,2.976,-1.2566163568879421e-17,-0.26666666666666666,0.01498449440779377,2.6343523663390402e-18,0.0,9.443292482236377e-06,0.0,0.0,0.0,-5.90605221369048e-17,0.0,0.0,0.0,0.54,3.3688642363416412,1.2963145287827442,55.77019738282027,55.77019738282027,55.77019738282027,55.77019738282027
30.0,3.008,-1.2510630744278138e-17,-0.26666666666666666,0.014984808212896054,1.7354007687900963e-18,0.0,9.806409446359412e-06,0.0,0.0,0.0,1.1213013163091517e-17,0.0,0.0,0.0,0.54,3.3688641725333963,1.2963144791536902,55.85419485987038,55.85419485987038,55.85419485987038,55.85419485987038
31.0,3.04,-1.2164505429141811e-17,-0.26666666666666666,0.014985133673092073,1.081641609801021e-17,0.0,1.0170631125597405e-05,0.0,0.0,0.0,2.4003206026665235e-17,0.0,0.0,0.0,0.54,3.3688641063552676,1.2963144276814327,55.938192162772324,55.938192162772324,55.938192162772324,55.938192162772324
32.0,3.072,-1.2815091012200828e-17,-0.26666666666666666,0.014985470816661841,-2.033079947059427e-17,0.0,1.0535736555265005e-05,0.0,0.0,0.0,-2.1444944066677062e-17,0.0,0.0,0.0,0.54,3.368864037801507,1.2963143743615073,56.02218929047882,56.02218929047882,56.02218929047882,56.02218929047882
33.0,3.104,-1.2988951802386041e-17,-0.26666666666666666,0.01498581966622882,-5.4331496932879e-18,0.0,1.0901548968070003e-05,0.0,0.0,0.0,4.3849750145379326e-17,0.0,0.0,0.0,0.54,3.368863966867518,1.2963143191903452,56.10618624177448,56.10618624177448,56.10618624177448,56.10618624177448
34.0,3.136,-1.3750476466749826e-17,-0.26666666666666666,0.01498618023989133,-2.3797645761368272e-17,0.0,1.1267926953474606e-05,0.0,0.0,0.0,-1.0325587448497398e-16,0.0,0.0,0.0,0.54,3.3688638935496247,1.2963142621650934,56.19018301530955,56.19018301530955,56.19018301530955,56.19018301530955
35.0,3.168,-1.3912021246395908e-17,-0.26666666666666666,0.014986552552127684,-5.048274363940031e-18,0.0,1.1634757386040976e-05,0.0,0.0,0.0,-7.763919495313967e-17,0.0,0.0,0.0,0.54,3.368863817844886,1.2963142032834716,56.27417960962668,56.27417960962668,56.27417960962668,56.27417960962668
36.0,3.2,-1.3743741365200765e-17,-0.26666666666666666,0.014986936614520243,5.2587462873481956e-18,0.0,1.2001949767467987e-05,0.0,0.0,0.0,-4.2984268839945125e-17,0.0,0.0,0.0,0.54,3.368863739750951,1.2963141425436577,56.35817602318252,56.35817602318252,56.35817602318252,56.35817602318252
37.0,3.232,-1.3458010793005181e-17,-0.26666666666666666,0.01498733243633467,8.929080381111983e-18,0.0,1.23694317008603e-05,0.0,0.0,0.0,-4.209294012128039e-17,0.0,0.0,0.0,0.54,3.368863659265939,1.296314079944197,56.4421722543649,56.4421722543649,56.4421722543649,56.4421722543649
38.0,3.2640000000000002,-1.3354404067529174e-17,-0.26666666666666666,0.014987740024983317,3.2377101711252194e-18,0.0,1.2737145270197847e-05,0.0,0.0,0.0,3.066270398537378e-18,0.0,0.0,0.0,0.54,3.368863576388347,1.2963140154839274,56.52616830150657,56.52616830150657,56.52616830150657,56.52616830150657
39.0,3.2960000000000003,-1.3736065635369386e-17,-0.26666666666666666,0.014988159386395918,-1.1926923995006604e-17,0.0,1.3105044143781301e-05,0.0,0.0,0.0,9.063223657505842e-18,0.0,0.0,0.0,0.54,3.368863491116973,1.296313949161922,56.61016416289624,56.61016416289624,56.61016416289624,56.61016416289624
40.0,3.3280000000000003,-1.3880940705437105e-17,-0.26666666666666666,0.014988590525316146,-4.527345939616224e-18,0.0,1.3473091257129403e-05,0.0,0.0,0.0,9.61947672421132e-18,0.0,0.0,0.0,0.54,3.3688634034508573,1.2963138809774415,56.69415983678745,56.69415983678745,56.69415983678745,56.69415983678745
41.0,3.36,-1.4531810231092488e-17,-0.26666666666666666,0.014989033445538846,-2.0339672676730966e-17,0.0,1.384125695937291e-05,0.0,0.0,0.0,-2.270064118208209e-17,0.0,0.0,0.0,0.54,3.3688633133892325,1.2963138109298977,56.77815532140541,56.77815532140541,56.77815532140541,56.77815532140541
42.0,3.392,-1.444867039453105e-17,-0.26666666666666666,0.01498948815009982,2.59811989254495e-18,0.0,1.4209517530444539e-05,0.0,0.0,0.0,-1.9395681615250555e-17,0.0,0.0,0.0,0.54,3.3688632209314857,1.296313739018822,56.862150614952924,56.862150614952924,56.862150614952924,56.862150614952924
43.0,3.424,-1.3935327769066096e-17,-0.26666666666666666,0.01498995464142765,1.6041957045779767e-17,0.0,1.457785399469265e-05,0.0,0.0,0.0,-2.6773138981660703e-17,0.0,0.0,0.0,0.54,3.3688631260771276,1.296313665243842,56.946145715614705,56.946145715614705,56.946145715614705,56.946145715614705
44.0,3.456,-1.363968068177755e-17,-0.26666666666666666,0.014990432921465156,9.238971477767045e-18,0.0,1.4946251172039807e-05,0.0,0.0,0.0,-1.588668423722926e-17,0.0,0.0,0.0,0.54,3.3688630288257677,1.2963135896046636,57.03014062156099,57.03014062156099,57.03014062156099,57.03014062156099
45.0,3.488,-1.3549370281471281e-17,-0.26666666666666666,0.014990922991766551,2.822200009570908e-18,0.0,1.5314696918608526e-05,0.0,0.0,0.0,9.381446152233787e-18,0.0,0.0,0.0,0.54,3.368862929177095,1.2963135121010534,57.11413533095058,57.11413533095058,57.11413533095058,57.11413533095058
46.0,3.52,-1.3495966427225842e-17,-0.26666666666666666,0.014991424853575182,1.6688704451699868e-18,0.0,1.56831815197305e-05,0.0,0.0,0.0,-4.429919187294184e-18,0.0,0.0,0.0,0.54,3.368862827130861,1.2963134327328276,57.198129841932904,57.198129841932904,57.198129841932904,57.198129841932904
47.0,3.552,-1.3470550815573775e-17,-0.26666666666666666,0.0149919385078857,7.942378641270892e-19,0.0,1.6051697203681926e-05,0.0,0.0,0.0,-3.297750147783318e-19,0.0,0.0,0.0,0.54,3.3688627226868695,1.2963133514998426,57.28212415265012,57.28212415265012,57.28212415265012,57.28212415265012
48.0,3.584,-1.3650300655334855e-17,-0.26666666666666666,0.014992463955493803,-5.617182492533731e-18,0.0,1.6420237753213867e-05,0.0,0.0,0.0,-8.144556892327586e-18,0.0,0.0,0.0,0.54,3.368862615844963,1.296313268401986,57.36611826123841,57.36611826123841,57.36611826123841,57.36611826123841
49.0,3.616,-1.3707489657220536e-17,-0.26666666666666666,0.014993001197036037,-1.787156308927555e-18,0.0,1.6788798194819908e-05,0.0,0.0,0.0,-1.1357828313410521e-17,0.0,0.0,0.0,0.54,3.3688625066050184,1.2963131834391712,57.45011216582925,57.45011216582925,57.45011216582925,57.45011216582925
50.0,3.648,-1.3735923585189545e-17,-0.26666666666666666,0.014993550233021626,-8.885602490315124e-19,0.0,1.7157374549640704e-05,0.0,0.0,0.0,1.6204509223709886e-18,0.0,0.0,0.0,0.54,3.3688623949669365,1.296313096611332,57.534105864550355,57.534105864550355,57.534105864550355,57.534105864550355
51.0,3.68,-1.3749242571877665e-17,-0.26666666666666666,0.014994111063857937,-4.162183340037456e-19,0.0,1.7525963634729726e-05,0.0,0.0,0.0,1.0048341115277633e-18,0.0,0.0,0.0,0.54,3.3688622809306406,1.2963130079184186,57.61809935552634,57.61809935552634,57.61809935552634,57.61809935552634
52.0,3.712,-1.3556900611542896e-17,-0.26666666666666666,0.014994683689870858,6.010686260461505e-18,0.0,1.7894562903783967e-05,0.0,0.0,0.0,1.8250373952919435e-17,0.0,0.0,0.0,0.54,3.3688621644960697,1.2963129173603942,57.702092636879485,57.702092636879485,57.702092636879485,57.702092636879485
53.0,3.744,-1.362144763697606e-17,-0.26666666666666666,0.014995268111321094,-2.0170945447863667e-18,0.0,1.8263170319858594e-05,0.0,0.0,0.0,-6.2732587686419904e-18,0.0,0.0,0.0,0.54,3.368862045663177,1.296312824937233,57.78608570673009,57.78608570673009,57.78608570673009,57.78608570673009
54.0,3.7760000000000002,-1.3656565067427971e-17,-0.26666666666666666,0.0149958643284172,-1.0974197016222131e-18,0.0,1.863178425334353e-05,0.0,0.0,0.0,-1.3417879988023251e-17,0.0,0.0,0.0,0.54,3.368861924431925,1.2963127306489175,57.87007856319693,57.87007856319693,57.87007856319693,57.87007856319693
55.0,3.8080000000000003,-1.363496784803253e-17,-0.26666666666666666,0.014996472341326022,6.749131061075081e-19,0.0,1.9000403400648292e-05,0.0,0.0,0.0,1.9973787272866148e-18,0.0,0.0,0.0,0.54,3.3688618008022875,1.2963126344954372,57.954071204397465,57.954071204397465,57.954071204397465,57.954071204397465
56.0,3.84,-1.3615596271905046e-17,-0.26666666666666666,0.014997092150181026,6.053617539839104e-19,0.0,1.936902671887908e-05,0.0,0.0,0.0,-5.225879827333768e-19,0.0,0.0,0.0,0.54,3.368861674774242,1.2963125364767871,58.038063628448306,58.038063628448306,58.038063628448306,58.038063628448306
57.0,3.872,-1.3664196755390903e-17,-0.26666666666666666,0.015125813212156045,-1.5187651089330235e-18,0.0,0.004022533186719337,0.0,0.0,0.0,-5.225879827333774e-19,0.0,0.0,0.0,0.54,3.3688355038096343,1.2962921863576824,58.10074046691463,58.10074046691463,58.10074046691463,58.10074046691463
58.0,3.904,-1.374469665953118e-17,-0.26666666666666666,0.015736215354451077,-2.515622004383684e-18,0.0,0.01907506694671976,0.0,0.0,0.0,-5.225879827333778e-19,0.0,0.0,0.0,0.54,3.368711463894979,1.2961958546908423,58.10325598223493,58.10325598223493,58.10325598223493,58.10325598223493
59.0,3.936,-1.3792446068049772e-17,-0.26666666666666666,0.01718791820202613,-1.4921690162059663e-18,0.0,0.045365713986720305,0.0,0.0,0.0,-5.225879827333797e-19,0.0,0.0,0.0,0.54,3.368416889140845,1.2959678778902,58.040935651646876,58.040935651646876,58.040935651646876,58.040935651646876
60.0,3.968,-1.3710693212437899e-17,-0.26666666666666666,0.019632901742050013,2.5547767378710077e-18,0.0,0.07640573562574632,0.0,0.0,0.0,-5.22587982733381e-19,0.0,0.0,0.0,0.54,3.3679221173287166,1.2955875015082197,57.94454444377278,57.94454444377278,57.94454444377278,57.94454444377278
61.0,4.0,-1.3439402298490624e-17,-0.26666666666666666,0.023034531414347404,8.477841060852346e-18,0.0,0.10630092725929338,0.0,0.0,0.0,-5.225879827333894e-19,0.0,0.0,0.0,0.54,3.367236588904527,1.2950657882189482,57.84376666385577,57.84376666385577,57.84376666385577,57.84376666385577
62.0,4.032,-1.3026434822259965e-17,-0.26666666666666666,0.027354570603660137,1.2905233632208066e-17,0.0,0.1350012246660228,0.0,0.0,0.0,-5.225879827333796e-19,0.0,0.0,0.0,0.54,3.3663707273097225,1.2944157992960763,57.739088053632415,57.739088053632415,57.739088053632415,57.739088053632415
63.0,4.064,-1.2430917026393352e-17,-0.26666666666666666,0.032553373134436805,1.8609931120831643e-17,0.0,0.16246257908677073,0.0,0.0,0.0,-5.225879827333808e-19,0.0,0.0,0.0,0.54,3.3653357930099963,1.2936522863286246,57.63098471651938,57.63098471651938,57.63098471651938,57.63098471651938
64.0,4.096,-1.1612767342171531e-17,-0.26666666666666666,0.03859007111795327,2.5567177631931894e-17,0.0,0.1886468119848893,0.0,0.0,0.0,-5.225879827333968e-19,0.0,0.0,0.0,0.54,3.3641437386092403,1.2927913839042204,57.51992216081476,57.51992216081476,57.51992216081476,57.51992216081476
65.0,4.128,-1.0630118110375212e-17,-0.26666666666666666,0.045422757709711194,3.0707788493634937e-17,0.0,0.21352145599243497,0.0,0.0,0.0,-5.225879827333555e-19,0.0,0.0,0.0,0.54,3.362807066443801,1.2918503061599986,57.40635443362591,57.40635443362591,57.40635443362591,57.40635443362591
66.0,4.16,-9.408689504702627e-18,-0.26666666666666666,0.053008664391272955,3.8169643927268233e-17,0.0,0.23705958379880485,0.0,0.0,0.0,-5.225879827333921e-19,0.0,0.0,0.0,0.54,3.36133868991995,1.2908470498739912,57.29072334147584,57.29072334147584,57.29072334147584,57.29072334147584
67.0,4.192,-8.005903196143662e-18,-0.26666666666666666,0.06130433244414119,4.383707214246763e-17,0.0,0.2592396266521322,0.0,0.0,0.0,-5.225879827334363e-19,0.0,0.0,0.0,0.54,3.3597517997248882,1.2898001065672928,57.173457753489444,57.173457753489444,57.173457753489444,57.173457753489444
68.0,4.224,-6.6116050955862314e-18,-0.26666666666666666,0.070265778333828,4.357181564241967e-17,0.0,0.2800451840527123,0.0,0.0,0.0,-5.225879827334157e-19,0.0,0.0,0.0,0.54,3.358059735909637,1.2887281859018893,57.05497298305627,57.05497298305627,57.05497298305627,57.05497298305627
69.0,4.256,-5.349623657329479e-18,-0.26666666666666666,0.07984865276977918,3.9436919945523484e-17,0.0,0.2994648261234742,0.0,0.0,0.0,-5.225879827334249e-19,0.0,0.0,0.0,0.54,3.356275866711713,1.2876499524833782,56.93567024389978,56.93567024389978,56.93567024389978,56.93567024389978
70.0,4.288,-4.3510829157772505e-18,-0.26666666666666666,0.09000839325126324,3.1204398173507104e-17,0.0,0.3174918900463766,0.0,0.0,0.0,-5.225879827334319e-19,0.0,0.0,0.0,0.54,3.3544134748572527,1.2865837780048053,56.81593617655022,56.81593617655022,56.81593617655022,56.81593617655022
71.0,4.32,-3.757954728689216e-18,-0.26666666666666666,0.1007003699506822,1.8535255846501066e-17,0.0,0.3341242718568422,0.0,0.0,0.0,-5.225879827334384e-19,0.0,0.0,0.0,0.54,3.3524856519569552,1.2855475104911154,56.6961424413116,56.6961424413116,56.6961424413116,56.6961424413116
72.0,4.352,-3.7130253252717585e-18,-0.26666666666666666,0.11188002482402405,1.4040438567955426e-18,0.0,0.34936421479193264,0.0,0.0,0.0,-5.225879827334391e-19,0.0,0.0,0.0,0.54,3.350505201488425,1.2845582622178153,56.57664537393089,56.57664537393089,56.57664537393089,56.57664537393089
73.0,4.384,-4.329536885325103e-18,-0.26666666666666666,0.12350300387339777,-1.926598625166701e-17,0.0,0.3632180952929284,0.0,0.0,0.0,-5.225879827333436e-19,0.0,0.0,0.0,0.54,3.348484550739782,1.2836322176782016,56.45778570031243,56.45778570031243,56.45778570031243,56.45778570031243
74.0,4.416,-5.6340144770864365e-18,-0.26666666666666666,0.135525282518838,-4.0764924742541626e-17,0.0,0.3756962076700067,0.0,0.0,0.0,-5.225879827333321e-19,0.0,0.0,0.0,0.54,3.3464356719762955,1.2827844627580747,56.33988830676961,56.33988830676961,56.33988830676961,56.33988830676961
75.0,4.448,-7.654761209900779e-18,-0.2666666666666666,0.1479032840659273,-6.314833540044815e-17,1.7347234759768055e-15,0.38681254834654,0.0,0.0,0.0,-5.225879827333726e-19,0.0,0.0,0.0,0.54,3.344370012983789,1.2820288360440566,56.223262062465395,56.223262062465395,56.22326206246562,56.22326206246562
76.0,4.48,-1.0532712643853675e-17,-0.26666666666666655,0.1605939912823649,-8.993598231102792e-17,1.7347234759768055e-15,0.39658460051367506,0.0,0.0,0.0,-5.225879827359255e-19,0.0,0.0,0.0,0.54,3.3422984370400997,1.281377802941724,56.10819969086036,56.10819969086036,56.10819969086019,56.10819969086019
77.0,4.5120000000000005,-1.4390757994303966e-17,-0.26666666666666655,0.17355505112053254,-1.205639172015715e-16,0.0,0.4050331199427385,0.0,0.0,0.0,-5.225879827336669e-19,0.0,0.0,0.0,0.54,3.3402311722694744,1.2808423530147715,55.994977687154105,55.994977687154105,55.99497768715389,55.99497768715389
78.0,4.5440000000000005,-1.9357274815933765e-17,-0.26666666666666655,0.1867448726445028,-1.552036506759311e-16,0.0,0.41218192262406983,0.0,0.0,0.0,-5.225879827303535e-19,0.0,0.0,0.0,0.54,3.3381777702448248,1.2804319206796706,55.88385627888444,55.88385627888444,55.88385627888461,55.88385627888461
79.0,4.5760000000000005,-2.5674173215891836e-17,-0.26666666666666655,0.2001227182389415,-1.9740307499868953e-16,0.0,0.41805767482620965,0.0,0.0,0.0,-5.22587982733704e-19,0.0,0.0,0.0,0.54,3.3361470736196313,1.2801543291065374,55.77507942701121,55.77507942701121,55.77507942701121,55.77507942701121
80.0,4.6080000000000005,-3.357918829199114e-17,-0.26666666666666655,0.2136487881941212,-2.470317211281031e-16,0.0,0.42268968609936486,0.0,0.0,0.0,-5.225879827339084e-19,0.0,0.0,0.0,0.54,3.334147192495414,1.280015756891845,55.66887486498257,55.66887486498257,55.66887486498257,55.66887486498257
81.0,4.64,-4.330225519516171e-17,-0.26666666666666655,0.22728429877593348,-3.0384584072408833e-16,0.0,0.42610970568164525,0.0,0.0,0.0,-5.225879827343359e-19,0.0,0.0,0.0,0.54,3.332185489162295,1.28,55.5654541734489,55.5654541734489,55.5654541734489,55.5654541734489
82.0,4.672,-5.5035446376543024e-17,-0.2666666666666666,0.24099155390251917,-3.666622244181658e-16,-1.7347234759768055e-15,0.42835172270580235,0.0,0.0,0.0,-5.225879827347657e-19,0.0,0.0,0.0,0.54,3.330268570789573,1.28,55.46501288843797,55.46501288843797,55.46501288843774,55.46501288843774
83.0,4.704,-6.891248015872234e-17,-0.26666666666666666,0.25473401056007355,-4.3365730569310337e-16,-1.7347234759768055e-15,0.4294517705485742,0.0,0.0,0.0,-5.225879827285831e-19,0.0,0.0,0.0,0.54,3.3284022895905956,1.28,55.36773064095875,55.36773064095875,55.36773064095892,55.36773064095892
84.0,4.736,-8.507374573626985e-17,-0.2666666666666667,0.26847633809968136,-5.050395492983592e-16,-1.7347234759768055e-15,0.4294477356127434,0.0,0.0,0.0,-5.225879827345929e-19,0.0,0.0,0.0,0.54,3.3265917499416524,1.28,55.27377132614596,55.27377132614596,55.27377132614596,55.27377132614596
85.0,4.768,-1.0361890900071304e-16,-0.2666666666666668,0.28218447156483745,-5.795363520138492e-16,-1.7347234759768055e-15,0.42837917078612747,0.0,0.0,0.0,-5.225879827348342e-19,0.0,0.0,0.0,0.54,3.324841321898168,1.28,55.18328330017711,55.18328330017711,55.18328330017711,55.18328330017711
86.0,4.8,-1.2463355424146076e-16,-0.2666666666666669,0.2958256592057584,-6.567076637733654e-16,-3.469446951953611e-15,0.4262871137787786,0.0,0.0,0.0,-5.225879827351317e-19,0.0,0.0,0.0,0.54,3.3231546605231093,1.2800000000000002,55.09639960333183,55.09639960333183,55.096399603331605,55.096399603331605
87.0,4.832,-1.4823761302681576e-16,-0.266666666666667,0.3093685043418217,-7.376268370423433e-16,-3.469446951953611e-15,0.4232139105019794,0.0,0.0,0.0,-5.225879827269859e-19,0.0,0.0,0.0,0.54,3.3215347304220906,1.2800000000000002,55.013238207660315,55.013238207660315,55.01323820766047,55.01323820766047
88.0,4.864,-1.746974881854437e-16,-0.2666666666666671,0.3227830017376195,-8.268710987071222e-16,-3.469446951953611e-15,0.41920304361867944,0.0,0.0,0.0,-5.22587982733603e-19,0.0,0.0,0.0,0.54,3.3199838348669837,1.2800000000000002,54.933902287840894,54.933902287840894,54.933902287840894,54.933902287840894
89.0,4.896,-2.0441365176251126e-16,-0.2666666666666672,0.3360405686613012,-9.286301117833603e-16,-3.469446951953611e-15,0.41429896636505403,0.0,0.0,0.0,-5.225879827343154e-19,0.0,0.0,0.0,0.54,3.3185036488845983,1.2800000000000002,54.8584805138864,54.8584805138864,54.8584805138864,54.8584805138864
90.0,4.928,-2.378140773174322e-16,-0.2666666666666674,0.34911407079623247,-1.043763298591279e-15,-5.2041704279304166e-15,0.4085469417166011,0.0,0.0,0.0,-5.225879827346092e-19,0.0,0.0,0.0,0.54,3.3170952556888076,1.2800000000000002,54.787047364452064,54.787047364452064,54.78704736445184,54.78704736445184
91.0,4.96,-2.75348105552668e-16,-0.26666666666666755,0.3619778431786154,-1.1729383823511169e-15,-5.2041704279304166e-15,0.40199288694946694,0.0,0.0,0.0,-5.225879827221964e-19,0.0,0.0,0.0,0.54,3.315759185842993,1.2800000000000002,54.71966345955513,54.71966345955514,54.7196634595553,54.719663459555285
92.0,4.992,-3.1737258922641923e-16,-0.2666666666666677,0.37460770633471363,-1.3132651148047252e-15,-5.2041704279304166e-15,0.3946832236280687,0.0,0.0,0.0,-5.225879827329426e-19,0.0,0.0,0.0,0.54,3.3144954585542523,1.2800000000000002,54.65637591158767,54.65637591158769,54.65637591158767,54.65637591158766
93.0,5.024,-3.6312292934630764e-16,-0.2666666666666679,0.38698097779179014,-1.4296981287465115e-15,-5.2041704279304166e-15,0.3866647330336405,0.0,0.0,0.0,8.87655831717392e-16,0.0,0.0,0.0,0.54,3.3133036245210294,1.2800000000000005,54.59721869354237,54.59721869354237,54.59721869354235,54.59721869354235
94.0,5.056,-4.107106840731481e-16,-0.26666666666666805,0.3990764791368928,-1.4871173352137628e-15,-5.2041704279304166e-15,0.37798441703445834,0.0,0.0,0.0,8.876558317173923e-16,0.0,0.0,0.0,0.54,3.312182809780984,1.2800000000000005,54.54221302342535,54.54221302342535,54.54221302342533,54.54221302342533
95.0,5.088,-4.581585295936114e-16,-0.2666666666666682,0.4108745387972868,-1.4827451725144771e-15,-5.2041704279304166e-15,0.3686893643873118,0.0,0.0,0.0,8.876558317173922e-16,0.0,0.0,0.0,0.54,3.311131760035485,1.2800000000000005,54.491367763849574,54.491367763849574,54.49136776384956,54.49136776384956
96.0,5.12,-5.034915518931745e-16,-0.2666666666666684,0.42235699071570865,-1.4166569468613457e-15,-5.2041704279304166e-15,0.3588266224506823,0.0,0.0,0.0,8.87655831717391e-16,0.0,0.0,0.0,0.54,3.3101488849603795,1.2800000000000005,54.44467983583399,54.44467983583399,54.44467983583397,54.44467983583397
97.0,5.152,-5.45217139354151e-16,-0.26666666666666855,0.43350716909276954,-1.3039246081555153e-15,-5.2041704279304166e-15,0.3484430742831526,0.0,0.0,0.0,8.876558317173898e-16,0.0,0.0,0.0,0.54,3.309232302049065,1.2800000000000005,54.40213464584619,54.40213464584619,54.402134645846175,54.402134645846175
98.0,5.184,-5.818644758436689e-16,-0.26666666666666866,0.44430989936781884,-1.1452292652974331e-15,-3.469446951953611e-15,0.3375853210952903,0.0,0.0,0.0,8.876558317173889e-16,0.0,0.0,0.0,0.54,3.3083798795726738,1.2800000000000007,54.36370652513604,54.36370652513604,54.36370652513625,54.36370652513625
99.0,5.216,-6.120060641736285e-16,-0.2666666666666688,0.45475148560844497,-9.41924635311237e-16,-3.469446951953611e-15,0.3262995700195664,0.0,0.0,0.0,8.876558317174062e-16,0.0,0.0,0.0,0.54,3.3075892782827907,1.2800000000000007,54.329359180411245,54.32935918041123,54.32935918041106,54.329359180411075
100.0,5.248,-6.345652008569312e-16,-0.26666666666666883,0.46481969447758,-7.049730213532066e-16,-1.7347234759768055e-15,0.31463152716046877,0.0,0.0,0.0,-5.225879827403539e-19,0.0,0.0,0.0,0.54,3.306857991523922,1.2800000000000007,54.29904615489878,54.29904615489877,54.29904615489898,54.299046154898996
101.0,5.28,-6.492728473176084e-16,-0.2666666666666689,0.47450373594592077,-4.59613951896164e-16,-1.7347234759768055e-15,0.3026262958856493,0.0,0.0,0.0,-5.225879827237387e-19,0.0,0.0,0.0,0.54,3.3061833834653447,1.2800000000000007,54.27271129883831,54.27271129883831,54.27271129883814,54.27271129883814
102.0,5.312,-6.570902543718016e-16,-0.26666666666666894,0.4837942409161127,-2.4429397044353655e-16,-1.7347234759768055e-15,0.2903282803184985,0.0,0.0,0.0,-5.225879827386843e-19,0.0,0.0,0.0,0.54,3.305562725204447,1.2800000000000007,54.25028924842548,54.25028924842548,54.25028924842548,54.25028924842548
103.0,5.344,-6.588648083889641e-16,-0.26666666666666894,0.4926832359238814,-5.545481303632909e-17,0.0,0.2777810939927712,0.0,0.0,0.0,-5.225879827379403e-19,0.0,0.0,0.0,0.54,3.304993228535726,1.2800000000000007,54.2317059122285,54.2317059122285,54.23170591222871,54.23170591222871
104.0,5.376,-6.5545861458292555e-16,-0.26666666666666894,0.5011641150800599,1.0644355643870594e-16,0.0,0.2650274736305765,0.0,0.0,0.0,-5.22587982720716e-19,0.0,0.0,0.0,0.54,3.304472077220793,1.2800000000000007,54.216878964065074,54.216878964065074,54.216878964064904,54.216878964064904
105.0,5.408,-6.476082432727088e-16,-0.26666666666666894,0.509231609416253,2.453241034442736e-16,0.0,0.2521091980060353,0.0,0.0,0.0,-5.225879827313137e-19,0.0,0.0,0.0,0.54,3.303996455634588,1.2800000000000007,54.20571834131916,54.20571834131916,54.20571834131916,54.20571834131916
106.0,5.44,-6.361578824875535e-16,-0.26666666666666894,0.5168817537957101,3.578237745361023e-16,0.0,0.23906701185803422,0.0,0.0,0.0,-5.225879827314026e-19,0.0,0.0,0.0,0.54,3.3035635747012564,1.2800000000000007,54.198126747657284,54.198126747657284,54.198126747657284,54.198126747657284
107.0,5.472,-6.219471762872279e-16,-0.26666666666666894,0.5241118515498425,4.4408456876017416e-16,0.0,0.22594055481663775,0.0,0.0,0.0,-5.225879827317998e-19,0.0,0.0,0.0,0.54,3.3031706950693955,1.2800000000000007,54.19400015907497,54.19400015907497,54.19400015907497,54.19400015907497
108.0,5.5040000000000004,-6.057269337769072e-16,-0.26666666666666894,0.5309204369997177,5.068825784475219e-16,0.0,0.2127682953085989,0.0,0.0,0.0,-5.225879827320312e-19,0.0,0.0,0.0,0.54,3.302815147510435,1.2800000000000007,54.193228332196455,54.193228332196455,54.193228332196455,54.193228332196455
109.0,5.5360000000000005,-5.882176495994413e-16,-0.26666666666666894,0.5373072360207775,5.47165130545808e-16,0.0,0.19958746940811745,0.0,0.0,0.0,-5.225879827319548e-19,0.0,0.0,0.0,0.54,3.3024943505555324,1.2800000000000007,54.19569531372494,54.19569531372494,54.19569531372494,54.19569531372494
110.0,5.5680000000000005,-5.701564764572885e-16,-0.26666666666666894,0.5432731248079524,5.644116606922752e-16,0.0,0.18643402459921754,0.0,0.0,0.0,-5.225879827319104e-19,0.0,0.0,0.0,0.54,3.3022058254154105,1.2800000000000007,54.20127994992841,54.20127994992841,54.20127994992841,54.20127994992841
111.0,5.6000000000000005,-5.522980786357574e-16,-0.26666666666666894,0.5488200869972636,5.580749319228457e-16,0.0,0.17334256841597379,0.0,0.0,0.0,-5.225879827319469e-19,0.0,0.0,0.0,0.54,3.3019472082538694,1.2800000000000005,54.20985639503196,54.20985639503196,54.20985639503196,54.20985639503196
112.0,5.632,-5.353881999466202e-16,-0.266666666666669,0.5539511692988912,5.284337090355532e-16,-1.7347234759768536e-15,0.16034632192586745,0.0,0.0,0.0,-5.225879827316939e-19,0.0,0.0,0.0,0.54,3.3017162599092567,1.2800000000000005,54.221294617378504,54.221294617378504,54.22129461737828,54.22129461737828
113.0,5.664,-5.201745717081471e-16,-0.26666666666666905,0.5586704357955401,4.754258824522824e-16,-1.7347234759768055e-15,0.14747707802027762,0.0,0.0,0.0,-5.225879827259062e-19,0.0,0.0,0.0,0.54,3.301510873178859,1.2800000000000005,54.23546090221248,54.23546090221248,54.23546090221265,54.23546090221265
114.0,5.696,-5.075825212793321e-16,-0.2666666666666691,0.5629829210587107,3.935015759004692e-16,-1.7347234759768055e-15,0.13476516447408204,0.0,0.0,0.0,-5.225879827323749e-19,0.0,0.0,0.0,0.54,3.3013290777990627,1.2800000000000005,54.252218349942446,54.252218349942446,54.252218349942446,54.252218349942446
115.0,5.728,-4.986094767670778e-16,-0.26666666666666916,0.5668945822341732,2.804076410079458e-16,-1.7347234759768055e-15,0.12223941173320266,0.0,0.0,0.0,-5.225879827323809e-19,0.0,0.0,0.0,0.54,3.30116904326916,1.2800000000000005,54.27142736873475,54.27142736873475,54.27142736873475,54.27142736873475
116.0,5.76,-4.941979905100925e-16,-0.2666666666666692,0.5704122502465228,1.3785894553079049e-16,-1.7347234759768055e-15,0.10992712538592302,0.0,0.0,0.0,-5.225879827322676e-19,0.0,0.0,0.0,0.54,3.3010290796789685,1.2800000000000005,54.292946160308205,54.292946160308205,54.292946160308205,54.292946160308205
117.0,5.792,-4.953511395265868e-16,-0.26666666666666927,0.5735435802711363,-3.603590676544458e-17,-1.7347234759768055e-15,0.09785406326917245,0.0,0.0,0.0,-5.225879827328022e-19,0.0,0.0,0.0,0.54,3.3009076367100385,1.2800000000000005,54.31663119780244,54.31663119780245,54.31663119780245,54.31663119780244
118.0,5.824,-5.030364395034616e-16,-0.2666666666666693,0.576297001620135,-2.401656242773382e-16,-1.7347234759768055e-15,0.0860444171562092,0.0,0.0,0.0,-5.225879827322107e-19,0.0,0.0,0.0,0.54,3.3008033009872273,1.2800000000000005,54.342337694618045,54.34233769461806,54.34233769461806,54.342337694618045
119.0,5.856,-5.168732391967963e-16,-0.2666666666666694,0.5786816671870623,-4.3239999041670866e-16,-1.7347234759768055e-15,0.07452079896647777,0.0,0.0,0.0,-5.225879827310506e-19,0.0,0.0,0.0,0.54,3.300714791961965,1.2800000000000005,54.369920063147504,54.369920063147504,54.369920063147504,54.369920063147504
120.0,5.888,-5.351619662858122e-16,-0.26666666666666944,0.5807074025928927,-5.715227215317455e-16,-1.7347234759768055e-15,0.06330423143219988,0.0,0.0,0.0,-5.225879827315191e-19,0.0,0.0,0.0,0.54,3.3006409565107413,1.2800000000000005,54.39923236234573,54.39923236234573,54.39923236234573,54.39923236234573
121.0,5.92,-5.562057698454771e-16,-0.26666666666666944,0.5823846551736708,-6.576188612395298e-16,0.0,0.052414143149315896,0.0,0.0,0.0,-5.225879827316702e-19,0.0,0.0,0.0,0.54,3.300580762432367,1.2800000000000007,54.43012873312448,54.43012873312448,54.43012873312469,54.43012873312469
122.0,5.952,-5.782905874651295e-16,-0.26666666666666944,0.5837244429475312,-6.901505506141346e-16,0.0,0.04186836793313924,0.0,0.0,0.0,-5.225879827351366e-19,0.0,0.0,0.0,0.54,3.300533291025538,1.2800000000000007,54.46246382059534,54.46246382059534,54.46246382059517,54.46246382059517
123.0,5.984,-5.998437768685169e-16,-0.2666666666666695,0.584738303696046,-6.735371688558556e-16,-1.7347234759768055e-15,0.031683148391085214,0.0,0.0,0.0,-5.225879827367388e-19,0.0,0.0,0.0,0.54,3.300497728924362,1.2800000000000007,54.496093182229124,54.496093182229124,54.4960931822289,54.4960931822289
124.0,6.016,-6.191118820599748e-16,-0.26666666666666955,0.5854382442917838,-6.021282872330614e-16,-1.7347234759768055e-15,0.02187314361680804,0.0,0.0,0.0,-5.22587982744098e-19,0.002632921672422723,0.0006582304181040662,0.3429701283768018,0.5601415400285048,3.3004733593639197,1.2800000000000007,58.09943322715608,57.74993099285674,58.35176174399714,57.32938346478928
125.0,6.048,-6.343165555111132e-16,-0.2666666666666696,0.5861701444060526,-4.751460453480729e-16,-1.7347234759768055e-15,0.022871878570900735,0.0,0.0,0.0,-5.225879827572632e-19,0.0026329394133409022,0.0006582348533335802,0.34297012837678637,0.5779079703080257,3.3004480356497883,1.2800000000000007,58.11296119636343,57.17516779283886,57.924071336285024,57.489984226302454
126.0,6.08,-6.43682233998135e-16,-0.2666666666666696,0.5872859235079204,-2.926774527194328e-16,0.0,0.034868096933367954,0.0,0.0,0.0,-5.225879827729587e-19,0.002632966241210221,0.0006582415603026317,0.34297012837764806,0.5940454077677074,3.3004097416895783,1.2800000000000007,57.85332780706743,57.172655124725935,57.85727848787778,57.16607065670867
127.0,6.112,-6.448783415123144e-16,-0.26666666666666955,0.5891047435445366,-3.737835981810593e-17,1.7347234759768055e-15,0.05683812614425474,-2.728743324341001e-05,2.7338297185412514e-05,0.0018622704333600927,0.05819597951753507,0.002634230685810531,0.0006533478379205838,0.34036294977178566,0.6091675146391046,3.3003481267745576,1.2800000000000007,57.65988034362758,57.10077308534936,57.66461435756891,57.09505373483012
128.0,6.144,2.944051665606338e-07,-0.26666637171272883,0.5916671620612102,9.200161475172245e-06,9.217310647374735e-06,0.08007557864605004,-5.8091274568563676e-05,9.840916929146554e-05,0.008817684303058163,0.2173576540494524,0.002648093179867779,0.0006442005680848429,0.33408788920821814,0.6234492553667211,3.300262663434031,1.2799997055948336,57.36859947422766,57.14032680130209,57.37458952590509,57.13594125819561
129.0,6.176,1.6403573308037799e-06,-0.2666654434580051,0.5949259270984205,4.206100513259828e-05,2.9007960117288762e-05,0.10183640741282311,-8.155648223663827e-05,0.00021276157655661845,0.017875467363640863,0.2830579017827452,0.0026871947414591744,0.0006394538591564928,0.3270657086627411,0.6369295400517492,3.3001557698659525,1.2799983596426692,57.171342727202074,57.08797225965344,57.17620966449792,57.083548904526566
130.0,6.208,5.245810517838126e-06,-0.2666636024347785,0.5988341122591165,0.00011267041209482322,5.753197583092945e-05,0.12213078627175053,-0.00010252322038048917,0.00036572256330618194,0.02772411207435958,0.30777306163218354,0.002764953668278704,0.0006395720810422095,0.31824221748670495,0.6496430340915232,3.300029706066443,1.2799947541894823,57.01304403946629,56.99628659033046,57.01723021751955,56.99211104323728
131.0,6.24,1.2713743766820602e-05,-0.2666605622064405,0.6033449240420672,0.00023337291403070215,9.50071355615422e-05,0.14096286821720774,-0.0001228530359790162,0.0005533089505644448,0.03776047987966143,0.3136397535094249,0.0028935183512619395,0.0006447321065202783,0.30693316734696213,0.6616204158076656,3.299886523626361,1.2799872862562331,56.870932943585075,56.888091040837026,56.87461346480613,56.88428171220404
132.0,6.272,2.5994149246295873e-05,-0.26665599905488213,0.6084116441259861,0.0004150126712336018,0.00014259848619968527,0.1583350026224671,-0.00014323017262407028,0.0007717979739338816,0.04767684466461236,0.30988977842138377,0.003083743116715229,0.0006549310414654374,0.29298127136658353,0.6728887794259092,3.2997280186383797,1.2799740058507538,56.73564005170156,56.7727737727815,56.738878569241486,56.76937887638075
133.0,6.304,4.733933763069032e-05,-0.2666495376384203,0.6139876112421975,0.000667037137012326,0.0002019192644319571,0.174248972381604,-0.00016391976058382124,0.001017550570654073,0.05729133669238031,0.30045624826541095,0.0033451805562951277,0.0006700815645005163,0.27677446550146434,0.6834720414002133,3.29955569059657,1.2799526606623692,56.603651138059696,56.65390464525371,56.60646788495503,56.65094150881679
134.0,6.336,7.926086547308314e-05,-0.266640744311023,0.6200262238529027,0.0009975477450747748,0.00027479148116509006,0.1887066440845393,-0.0001850756965822607,0.0012869583748077544,0.0664839670286537,0.2872729976458931,0.00368608654285811,0.0006900872062310538,0.2591003819167391,0.6933913251595769,3.2993707076528125,1.2799207391345269,56.47387766528075,56.532687592193284,56.476280037996574,56.53016057400066
135.0,6.368,0.00012448762159186007,-0.26662912462406313,0.6264809590094289,0.0014133361287117778,0.0003631152174967536,0.20171047364144265,-0.00020683509602936683,0.0015764455028642761,0.07517584952818206,0.27162453016673,0.004113438384933176,0.0007148946508396582,0.24090660464519395,0.7026653208306549,3.299173878147133,1.2798755123784082,56.34607261207372,56.40955186309933,56.3480678545344,56.40746030559493
136.0,6.4,0.0001859251435505319,-0.2666141236550171,0.6333054054331761,0.001919922561208493,0.0004687802826891514,0.21326395074210117,-0.00022931702130612748,0.001882490362959467,0.08332295505089603,0.2546001577027071,0.004632965268002774,0.0007445167089445101,0.22307256230172617,0.7113106203796732,3.298965628274414,1.2798140748564495,56.220149174471146,56.28483340794723,56.22174837451614,56.283174522643975
137.0,6.432,0.00026661642513942514,-0.2665951286358168,0.6404533093801423,0.0025216025496529113,0.0005935943500085661,0.22337199834269303,-0.00025259020135755484,0.0022016512479850346,0.09091216617802826,0.23716589093177234,0.005249188760956431,0.0007790256558159099,0.2062667206600568,0.7193420292353429,3.2987459857642167,1.2797333835748606,56.095964717989865,56.15898750931304,56.09718285210632,56.15775674187001
138.0,6.464,0.00036970449817026133,-0.2665714735757047,0.6478786319331415,0.003221502282213628,0.0007392206285029145,0.23204132978122524,-0.0002766441730016242,0.002530589297298452,0.09795581719166029,0.22011710345659122,0.005965471016623816,0.0008185243381137737,0.19090241990830625,0.7267728554321709,3.2985145694719122,1.2796302955018297,55.97332136485278,56.03258283782934,55.9741760078132,56.03177326902977
139.0,6.496,0.0004983970226581772,-0.2665424455530937,0.6555356163736854,0.0040216413902473686,0.0009071257065940828,0.2392807637669953,-0.00030137741820621816,0.0028660873998883024,0.10448479295386695,0.20403349903791115,0.006784068854949363,0.0008631066339438338,0.17716393017827214,0.7336151771960913,3.298270584793646,1.2795016029773418,55.852033904863085,55.906227212355226,55.852543927969556,55.90582889591597
140.0,6.5280000000000005,0.0006559330525343907,-0.2665072922816519,0.6633788643121945,0.004923000933631667,0.001098539732556982,0.2451014980784092,-0.0003266028874012839,0.0032050656433552966,0.1105414531065781,0.18927365586575237,0.007706192559424091,0.000912818340222991,0.1650644631833846,0.7398800898155942,3.298012824819695,1.2793440669474656,55.731989919188976,55.780500857139344,55.732174651034555,55.78050048381367
141.0,6.5600000000000005,0.0008455520855049015,-0.2664652305226338,0.6713634193104276,0.0059255947803284565,0.0013144299693141476,0.2495173436947854,-0.00035206523477876667,0.0035445942884337165,0.11617349728671314,0.17600443644101318,0.008732068617008683,0.0009676260452373205,0.1545077234951248,0.7455779326090027,3.2977396771289813,1.2791544479144952,55.61317864897736,55.65592103035966,55.613057504059945,55.65630197446121
142.0,6.5920000000000005,0.0010704654629062637,-0.2664154549358231,0.6794448567959641,0.007028543043792562,0.0015554870878356484,0.25254492142301443,-0.00037746311572447045,0.0038819049389199585,0.12142932371205245,0.16424765796496618,0.009861005753471482,0.0010273973605462944,0.14533866718395352,0.7507184967829835,3.2974491361026073,1.2789295345370937,55.495691971846696,55.53293483056818,55.49528437823162,55.53367748263419
143.0,6.6240000000000006,0.0013338301558316762,-0.2663571470204995,0.687579379130714,0.008230146653919131,0.0018221223538616978,0.25420382296093325,-0.0004024714429458721,0.004214400153386912,0.12635493605854847,0.15392847820558409,0.011091463557989902,0.0010918925851435611,0.13737951956339328,0.7553112149572625,3.297138820598381,1.2786661698441684,55.37970908919418,55.41192860073318,55.379034539130856,55.41301086216062
144.0,6.656000000000001,0.0016387249517527595,-0.26628948387338774,0.6957239147499571,0.009527962372533847,0.0021144733472425858,0.25451673810134695,-0.00042676064097353584,0.004539661432141906,0.13099216595671756,0.14491650966574296,0.012421122857186396,0.001160765951808106,0.13045248442118607,0.7593653331008908,3.296805996783998,1.2783612750482474,55.26547531886913,55.29324349699069,55.26455341962872,55.294641342485384
145.0,6.688,0.001988129036333037,-0.26621164656528,0.703836220337611,0.01091887764313397,0.0024324158783666605,0.2535095496141898,-0.00045001170899409314,0.004855455333739168,0.1353778765164485,0.13705647729292508,0.013846956848108105,0.001233573875185581,0.12439241105044033,0.7628900655896655,3.296447605876982,1.278011870963667,55.153281417649495,55.17719075040816,55.152131875085416,55.1788788072967
146.0,6.72,0.002384902944885476,-0.26612282800257525,0.7118749850504575,0.012399184642263694,0.0027755800845238156,0.25121139727645575,-0.00047192703314623236,0.005159737377965996,0.1395438239045951,0.13018878286147448,0.015365301844239199,0.001309787658397784,0.11905268955988867,0.7658947340563211,3.296060296487715,1.2776150970551146,55.043446323198104,55.064063696316005,55.04208882664174,55.06601582673019
147.0,6.752,0.0028317718352458216,-0.2660222401913838,0.7197999358507389,0.013964652823760793,0.0031433690997322685,0.24765471250879126,-0.000492237461782101,0.005450653314078061,0.14351691578272743,0.12416190685883995,0.01697192630843392,0.0013888085252433797,0.11430696987218779,0.7683888906660928,3.295640461210973,1.2771682281647543,54.936303972152636,54.95414589259973,54.934757964448245,54.956335791947744
148.0,6.784,0.0033313110077637645,-0.2659091208610212,0.7275719430532398,0.015610599141185701,0.0035349790738319034,0.24287522507815384,-0.0005107063514601907,0.005726537219459621,0.14731967772746532,0.11883890779321209,0.018662096598471355,0.0014699833590361804,0.11004852832213954,0.7703824264087891,3.2951842770645907,1.2766686889922363,54.83219375787382,54.84771575065454,54.83047807258118,54.85011759768475
149.0,6.816,0.0038859335677120534,-0.26578273943332403,0.7351531252391896,0.017331954998384014,0.003949419615536378,0.236911943310932,-0.0005271312716966328,0.005985905693088251,0.15097080244216765,0.11410000916588832,0.020430637466646466,0.001552620000031989,0.10618846292799208,0.7718856649513964,3.2946877493344378,1.2761140664322879,54.731453823699596,54.745048473771305,54.72958615570725,54.74763769058714
150.0,6.848,0.004497880089057149,-0.26564240234747427,0.7425069527340384,0.019123328792034218,0.004385533932805063,0.22980710921402506,-0.0005413439354473151,0.006227447056801534,0.15448570535800443,0.10984279880039849,0.022271984726626136,0.0016360013183557734,0.10265343223091543,0.7729094425378534,3.2941467583568214,1.2755021199109429,54.634416392144196,54.646416091473576,54.63241253734095,54.649170304289505
151.0,6.88,0.005169210093207827,-0.26548745777013477,0.749598348888186,0.02097906262970868,0.004842018041859362,0.22160612981711092,-0.0005532087632374945,0.006450003878792396,0.15787704436488234,0.10598110749527787,0.02418022645053674,0.0017193975216692938,0.09938334144487683,0.773465174349274,3.293557108757652,1.274830789906792,54.54140448455126,54.55208621840932,54.53927723253532,54.554986562878845
152.0,6.912,0.005901795096699568,-0.26531729974093377,0.7563937884376069,0.02289328135911688,0.005317438412531443,0.21235748591940157,-0.0005626203182652886,0.006652546124381712,0.1611551836750574,0.10244326270371762,0.02614912727939998,0.0018020762762175069,0.09632918404804688,0.7735649076417367,3.292914580679365,1.2740982049033005,54.452729575023255,54.46231996735612,54.450487051661696,54.46535297395151
153.0,6.944,0.006697312898553737,-0.2651313718273526,0.7628613922533479,0.024859931307942756,0.005810247299412036,0.2021126192419084,-0.0005694996680825445,0.006834130529454707,0.16432859541398978,0.09917014197256094,0.028172127373012834,0.0018833102122349978,0.09345113017326877,0.773221361852838,3.2922149825721725,1.2733026871014463,54.368689903441506,54.377369251214844,54.366333008984725,54.38052970840856
154.0,6.976,0.007557242655517252,-0.26492917039570446,0.768971017813124,0.02687280490510982,0.006318794739003717,0.19092579874300364,-0.0005737895149887463,0.006993838856994131,0.16740420023477248,0.0961132667929377,0.030242302190443375,0.001962381225805887,0.09071688715815555,0.7724479557090801,3.291454205222849,1.2724427573444828,54.28956934406743,54.29747351981021,54.287087662839426,54.30076900563577
155.0,7.008,0.008482860104448446,-0.2647102476534682,0.774694344742727,0.0289255452790998,0.006841335694883829,0.17885396655009292,-0.0005754476473134315,0.0071306825649986045,0.17038765217618465,0.09323305941968307,0.03235225980985889,0.002038580614133429,0.0881003228873769,0.7712588211858211,3.2906282768702186,1.2715171398955516,54.21563691800658,54.2228557674389,54.21300198184478,54.22631407854168
156.0,7.04,0.009475231988422915,-0.26447421469491145,0.7800049547786337,0.031011621374202124,0.007376029954897841,0.16595656362208472,-0.0005744378145737569,0.007243452251756429,0.17328357461159763,0.09049731339727757,0.03449393531380014,0.0021112033503874967,0.0855803263274793,0.7696688040326652,3.2897334195608163,1.2705247680115772,54.14714731514492,54.15371736353396,54.144301179048796,54.15739907893895
157.0,7.072,0.010535208242269434,-0.2642207449079698,0.7848784054989866,0.033124257932703696,0.007920930841925904,0.15229533501102593,-0.0005707163689470202,0.007330473543280799,0.1760957544491154,0.08787988737558189,0.03665821008470806,0.0021795334434829214,0.08313987390675248,0.7676934506950399,3.288766107418034,1.2694647917577306,54.08434328350782,54.09023081476599,54.08117861965489,54.09425114227203
158.0,7.104,0.011663409640524858,-0.2639495783142498,0.7892922971741176,0.035256293695481965,0.00847395605375021,0.13793411484784568,-0.0005642116617956584,0.00738920009538462,0.17882730136559608,0.0853596100495232,0.03883422486460188,0.002242814828185692,0.0807652702442167,0.7653489824978181,3.2877231283921953,1.2683365903594752,54.02746170322394,54.032528845604766,54.02378629713025,54.03709651397066
159.0,7.136,0.012860207121364386,-0.26366052778713156,0.7932263321557288,0.0373999212762352,0.00903282897244533,0.12293859317534853,-0.0005547907268510729,0.0074155163289465545,0.1814807781677233,0.08291937405033653,0.041008146737586404,0.0023001977575399487,0.07844553428435944,0.7626522618620559,3.2866016526225676,1.2671397928786357,53.97674702970046,53.980687162786154,53.97221948557204,53.98617471155026
160.0,7.168,0.014125686340994752,-0.26335348875886805,0.7966623665275903,0.0395462256134489,0.009594969633234729,0.10737607412067061,-0.0005422033924591832,0.007402515071528508,0.18405830759112624,0.08054539334281426,0.043160962788311524,0.0023506433907476802,0.07617190531875244,0.7596207677962876,3.2853993133301658,1.2658743136590054,53.93247900268381,53.934697800658576,53.92649282939578,53.94176798351727
161.0,7.2,0.015459586199438565,-0.26302845523377344,0.7995844547885994,0.041684370576369145,0.010157297659206524,0.0913152581565358,-0.0005259868326126106,0.007338329876009413,0.1865616600788181,0.07822659885848325,0.045264627263725134,0.0023927613922918745,0.07393744606456819,0.7562726352204386,3.2841143112039197,1.2645404138005614,53.895024325852525,53.89443570597407,53.886510602929526,53.90425583398365
162.0,7.232,0.016861191415031156,-0.262685547098912,0.8019788915973419,0.04380016298726842,0.010715879214419693,0.07482615027320359,-0.000505305966699157,0.007202361647314838,0.18899232629506138,0.07595414825294335,0.047275996231902304,0.0024245686705655894,0.07173671893835565,0.7526269180544323,3.2827455623389037,1.2631388085849689,53.86490732757468,53.8596614756323,53.85207123154647,53.87418680074719
163.0,7.264,0.018329144526908824,-0.2623250574244544,0.8038342640713183,0.04587353474617708,0.011265302326800623,0.057980389811761825,-0.00047871913369176036,0.006959373387035459,0.1913515769660629,0.07372102497522205,0.04913082513895502,0.0024433043557059095,0.06956549946945888,0.7487044942902238,3.281292925318521,1.261670855473091,53.84276927502088,53.83029440413568,53.82312243330052,53.85221940620878
164.0,7.296,0.019861123247637832,-0.2619475333907484,0.8051415527153353,0.04787433502278144,0.011797626053312502,0.04085277012553023,-0.00044400807731840056,0.006553906031022208,0.1936405097332118,0.07152169546521496,0.050754626138275485,0.0024461056503282553,0.06742045846562732,0.7445303849569044,3.2797575639849623,1.2601388767523622,53.82852872572174,53.807831476189264,53.80107248289774,53.838174680428565
165.0,7.328,0.0214533322183643,-0.26155390392925254,0.8058943639687546,0.049756530335202116,0.01230092067174524,0.023525351669353274,-0.00039889447381420635,0.005922646358860592,0.19586007532680455,0.06935178703093921,0.05214153582326683,0.002433749288342236,0.06529876417875893,0.7401371626237532,3.278142500799658,1.2585466677816357,53.818219880354484,53.79917559228327,53.79231615251232,53.82757253199227
166.0,7.36,0.023099922780825163,-0.2611456265687219,0.8060893564447473,0.051455955076901906,0.012758667516581794,0.006093514874773437,-0.0003449420118440937,0.005079299979683555,0.19801106986870892,0.06720778790642398,0.05349056911986079,0.002416281682818981,0.06319798683876254,0.735562453830085,3.276453245494755,1.256900077219175,53.80311013847275,53.81544904405546,53.807153552767424,53.810853851455356
167.0,7.392,0.02479311866621137,-0.26072466036765923,0.8057265104975952,0.052912371418318914,0.013155193783209023,-0.011338935848502475,-0.0002938152987684511,0.00426961768004257,0.20009412605206214,0.06508673900811465,0.05504012300108318,0.002404294926739107,0.061116766983615685,0.7308337040936663,3.27469768553555,1.2552068813337887,53.79016422523816,53.84513586541652,53.83508206287698,53.79599031079661
168.0,7.424,0.026525471920552803,-0.26029290755910744,0.8048084918615886,0.054136039198169714,0.01349227526724338,-0.028688082375206262,-0.000259474786167045,0.0038271962491916505,0.20210982354399465,0.06298622608893352,0.05669216797943352,0.0023927719510776994,0.05905390175953418,0.7259629862822746,3.2728837453488073,1.2534745280794473,53.803506497409046,53.856361574462795,53.84665698264118,53.80953120290502
169.0,7.456,0.028292929102896932,-0.259851446859287,0.8033396987169632,0.055233036948253995,0.013795646869388377,-0.04589978576954516,-0.00023962082727181926,0.003736185225286299,0.20405882574571552,0.060905190997713285,0.058258865131081305,0.0023735210676235387,0.05700579341601785,0.7209609466696801,3.271016192628647,1.2517070708971032,53.83437583581413,53.85820488845441,53.84990633878451,53.84167487647102
170.0,7.488,0.030094684917806813,-0.2594005636194051,0.8013261403109008,0.05630486921593374,0.014090101246309524,-0.06292370018945095,-0.00022384422355311537,0.003770402257696923,0.2059417461100613,0.058841110532457844,0.05970742118802967,0.0023454348520025297,0.05496672483863739,0.7158444055236448,3.269096775054926,1.2499053150821933,53.86464980209852,53.87230932376364,53.86472600134329,53.87256402245345
171.0,7.5200000000000005,0.031931099402859174,-0.2589402656498429,0.7987757644676063,0.057387952657886224,0.014384311548818947,-0.0796992451029508,-0.00020700910235622402,0.0038038895568595485,0.20775901327565693,0.056789431432205155,0.061066889555202404,0.00230991626130439,0.05293116709761402,0.7106349692101824,3.2671263621449804,1.2480689005971408,53.894885224554216,53.89932727701438,53.89186226703437,53.90285327191256
172.0,7.5520000000000005,0.03380253723215193,-0.258470570946065,0.7956986940024751,0.05848243216539858,0.014677959493059042,-0.09615845203535248,-0.00018846370802797126,0.003811735118184562,0.20951087041121882,0.054745200008821215,0.06236321555743622,0.002268144561757319,0.050895441468901535,0.7053565151422294,3.2651061293782533,1.246197462767848,53.929516675298316,53.934860679459604,53.927334679633574,53.93738970963197
173.0,7.5840000000000005,0.03570913733192829,-0.2579915632058233,0.7921073106658568,0.05958125311801126,0.014968991882554128,-0.1122307292693198,-0.00016882033204005628,0.0038011166108988517,0.21119741695440558,0.05270415003492831,0.06361334337572486,0.002220917648348676,0.04885802509894271,0.7000337744385909,3.263037773628349,1.2442908626680718,53.97029845421535,53.97695539475326,53.96935268767926,53.978080246885284
174.0,7.6160000000000005,0.037650878119068386,-0.25750337334093365,0.7880162519132435,0.06067939959812787,0.01525593327780099,-0.12784558601916507,-0.0001487329463806639,0.0037823627350111783,0.21281866204025496,0.05066346213772446,0.06482890254191147,0.002168835892801063,0.04681921335577979,0.6946916947918133,3.2609234161331293,1.2423491218809317,54.01746823978555,54.025068276781845,54.01740752602243,54.02518448415392
175.0,7.648000000000001,0.03962767193970998,-0.257006153719177,0.7834423666116117,0.06177480689504975,0.015538113179894966,-0.14293391567599456,-0.0001286812239362467,0.0037628915311525213,0.2143745785767084,0.04862197069501973,0.06601859924980819,0.002112405937326157,0.04478070873714511,0.6893551565977294,3.258765469515932,1.24037232806029,54.070829935460914,54.07900348307707,54.07130583947686,54.0784973396922
176.0,7.68,0.04163943288088542,-0.2565000591874473,0.7784046505599674,0.06286752941173411,0.015815454116554432,-0.15742862661388765,-0.00010899703581707733,0.00374725210896271,0.21586515197080158,0.046580040378041414,0.06718941115025252,0.002052088539061787,0.042745294433251764,0.6840488292384995,3.2565665276642655,1.2383605671191147,54.13009790930894,54.13858774284373,54.130872803951185,54.137721954195534
177.0,7.712,0.0436861183157617,-0.25598523481068675,0.772924170131502,0.06395891983988371,0.01608826177376675,-0.1712650133895431,-8.99147318431178e-05,0.0037380382018285916,0.21729042132743726,0.044539334136963524,0.0683472119926179,0.001988321754815949,0.04071659242545084,0.6787970794843861,3.2543292790249296,1.2363138816842383,54.19497159607072,54.2036097150256,54.195896439491385,54.202549287382546
178.0,7.744,0.045767752568054175,-0.25546180822860337,0.7670239772136005,0.06505107038413986,0.016357080690105455,-0.18438102868442355,-7.160686617505265e-05,0.0037366150446656965,0.2186505131600238,0.04250257575932997,0.0694971192997086,0.001921532723911214,0.03869887904019385,0.6737814299462598,3.2520564354901387,1.2342322474319458,54.291359240155494,54.300033910068855,54.29234160830611,54.298881725269304
179.0,7.776,0.04788447323428359,-0.2549298767463246,0.7607383424483142,0.06614752081966914,0.016622858821211173,-0.1964260864151973,-5.420616831319317e-05,0.00374358691437123,0.21994563712212364,0.04047236002675229,0.0706442399401194,0.0018521510118937167,0.03669679980202921,0.6693676583527086,3.2497508102446817,1.2321155267657165,54.44978961655306,54.4583512771481,54.45070358440894,54.457244164712804
180.0,7.808,0.05003657717999007,-0.25438949519936643,0.7541236997977134,0.06725324830332746,0.0168869233424431,-0.20670758283127305,-3.7804568335546233e-05,0.003758532158618051,0.22117608603152417,0.03845128420250063,0.07179424060145968,0.0017806043503619858,0.03471497337343792,0.6654835393503836,3.2474153098387806,1.22996342282001,54.597195980996275,54.60552997570139,54.59795273929835,54.604563987909486
181.0,7.84,0.05222442318966473,-0.2538406983442758,0.7472326822709406,0.06837018780233298,0.017149901721582095,-0.21534429771164953,-2.246606503730146e-05,0.0037802924759812945,0.22234235941634684,0.03644580896426244,0.07295075713456665,0.0017072918820533363,0.03275870582303808,0.6620655146283376,3.245052382379324,1.2277755768103353,54.734366960189774,54.74259743329863,54.73510814932038,54.74162608877643
182.0,7.872,0.05444842270693391,-0.2532835017522252,0.7401144145276481,0.06949998491466192,0.017412393501581636,-0.22244586697789026,-8.273608464523807e-06,0.0038088463469773634,0.2234451436458304,0.03446177627356758,0.07411653119128726,0.0016326050291999156,0.030833572980312415,0.6590576528729372,3.2426640185045095,1.225551577293066,54.862184938529204,54.87024874305528,54.862869546444365,54.869318555091304
183.0,7.904,0.056709041003861836,-0.2527179002290781,0.7328147699766643,0.07064432177899761,0.017675047598347104,-0.22811389221824555,4.711474591113658e-06,0.0038438222995856156,0.22448530732452654,0.032504881891126755,0.07529398587905071,0.0015569415974825765,0.028945308419447233,0.6564107345281847,3.240251750068268,1.2232909589961383,54.981334326441946,54.989185254091275,54.98193771918694,54.988325085424314
184.0,7.936,0.0590067947980676,-0.2521438672952955,0.7253765967804001,0.07180480606893004,0.01793852918070651,-0.23244291238325493,1.644466111270328e-05,0.0038846324986766124,0.22546390179989662,0.030580837988307,0.07648524613349703,0.0014807031854491455,0.027099678029953233,0.6540814463848025,3.2378166593394773,1.2209932052019323,55.09241752127123,55.10001878692496,55.09292424389366,55.09924761807335
185.0,7.968,0.061342247566385615,-0.2515613554108419,0.7178399166770802,0.0729828990099379,0.01820349638917416,-0.23552125322874573,2.6895647682671526e-05,0.003930547895357769,0.226382161952934,0.02869538162589381,0.07769214180458722,0.001404291805521804,0.025302359029900228,0.6520316728186262,3.2353593961038536,1.2186577524336144,55.195964680391874,55.203285115039144,55.19636456603765,55.202616221774356
186.0,8.0,0.06371600327618868,-0.2509702967622349,0.7102421001299969,0.07417986593134561,0.01847058276896808,-0.23743176709635472,3.6046884495591474e-05,0.003980741787812369,0.22724150501696852,0.026854212936982376,0.07891620209957412,0.0013281061841010806,0.02355882695091196,0.650227872080391,3.232880200827436,1.2162839967238113,55.29244293510734,55.29945513526899,55.29272899515082,55.29889833893345
187.0,8.032,0.06612869896691541,-0.2503706045002505,0.7026180209393929,0.07539674033521031,0.01874038318701308,-0.23825247470637598,4.3892647048608784e-05,0.004034316276880322,0.2280435265096189,0.02506290479967718,0.08015864552014251,0.0012525379861911233,0.02187425289177274,0.6486405274307441,3.2303789325167886,1.2138713010330846,55.38226484422728,55.38894427503584,55.38243205086761,55.38850722769067
188.0,8.064,0.06858099645607245,-0.24976217435516773,0.6950001931089869,0.07663429653615744,0.019013442033836616,-0.2380571197001869,5.043835457287582e-05,0.004090318880275773,0.22878999303471476,0.023326804955745947,0.0814203675286006,0.0011779681096294077,0.02025341267189279,0.6472436641390548,3.227855100215452,1.2114190035439276,55.465795979514105,55.472120544608636,55.46584051063271,55.47180951467359
189.0,8.096,0.07107357335136241,-0.2491448865782551,0.6874188924450114,0.0778930279778113,0.019290243028519966,-0.23691564574923238,5.5699984773736064e-05,0.004147753067940209,0.22948283205393807,0.021650941273745002,0.08270192711124902,0.0011047631408355185,0.018700609067430388,0.6460144244423682,3.2253078972841545,1.2089264266486377,55.54336165223851,55.54931148470502,55.54328038157714,55.5491318779359
190.0,8.128,0.07360711349213457,-0.24851860817148747,0.6799022650797585,0.07917312939912989,0.01957120021148834,-0.23489460516415406,5.9703505883380814e-05,0.004205584712274419,0.23012411890770532,0.020039935765040973,0.08400353278415797,0.001033272034741236,0.017219607940398632,0.6449326935092841,3.2227362377629922,1.2063928865078655,55.61525283584374,55.62081018195446,55.615042955251035,55.62076692043889
191.0,8.16,0.07618229690308916,-0.24788319537631348,0.6724764248524733,0.0804744815923307,0.019856649849186985,-0.23205750710266254,6.248428508140306e-05,0.00426274552198392,0.230716061461411,0.018497930366855975,0.0853250282093381,0.0009638230644531988,0.015813588716856498,0.64398077028817,3.2201387942291735,1.2038177030969108,55.68173135511949,55.68688048262188,55.681390068363164,55.686978307460784
192.0,8.192,0.07879978931269135,-0.2472384963988168,0.6651655412462713,0.08179663780006863,0.020146843046771664,-0.22846511269381303,6.408645358377282e-05,0.004318134033224488,0.23126098280474974,0.017028526101368208,0.08666587735544647,0.0008967210750301276,0.014485109315795452,0.6431430778535896,3.217514036656649,1.2012002106873088,55.74303441456711,55.747761509688836,55.74255867049444,55.748005242515
193.0,8.224,0.08146023126355555,-0.24658435435398346,0.6579919193687565,0.08313881096450594,0.02044193890104148,-0.22417568367233737,6.456222114392932e-05,0.004370614467678553,0.23176130245633356,0.015634736374448475,0.08802514899492422,0.0008322450676410999,0.013236085283393633,0.6424059085111589,3.2148602718619994,1.1985397687364445,55.79937853528143,55.80367157160966,55.79876478447843,55.80406635251442
194.0,8.256,0.08416422681973408,-0.2459206104166198,0.6509760732743732,0.08449986113057913,0.02074199804261415,-0.2192451904494753,6.397114034224579e-05,0.0044190136370909,0.23221951653178013,0.01431895459818931,0.08940150025488994,0.0007706461335888169,0.012067782557634132,0.6417571994898198,3.212175683189094,1.195835773180266,55.85096296399751,55.85481153898079,55.850206933825696,55.85536304700462
195.0,8.288,0.0869123318552163,-0.24524710717105988,0.6441367937564464,0.08587828235881914,0.021046976423747654,-0.21372748493521368,6.237932589931777e-05,0.004462116031677889,0.2326381773251525,0.013082935876466436,0.09079315892572089,0.0007121457515180778,0.010980822990755423,0.6411863355510414,3.209458370146426,1.1930876681447837,55.897972611442924,55.90136775616463,55.89706910280482,55.90208240962595
196.0,8.32,0.08970504188866871,-0.24456369215624796,0.6374912115846553,0.08727218854538778,0.021356719212872553,-0.2076744428684723,5.9858637415375116e-05,0.004498657257297879,0.23301987273366362,0.011927792127802202,0.09219790428468808,0.0006569344552765331,0.009975201504342574,0.6406839752849165,3.2067063877672775,1.1902949581113313,55.94058057044133,55.94351454768068,55.9395232878651,55.94439967311959
197.0,8.352,0.09254277941185739,-0.24387022160700048,0.6310548570277353,0.08867929759964617,0.021670954663983805,-0.2011360799037477,5.6485835960545035e-05,0.004527316081415385,0.2333672059258972,0.010853999717387937,0.09361304632814553,0.0006051708741131624,0.009050313550802568,0.6402418982507265,3.203917785514595,1.1874572205881426,55.978950257592764,55.9814163734543,55.97773169360581,55.9824803224106
198.0,8.384,0.09542588064428707,-0.24316656439599366,0.6248417163799946,0.09009691351342759,0.02198928784396309,-0.19416064524189672,5.234172613750118e-05,0.00454670552000546,0.23368277561628742,0.009861418424804173,0.09503540354980775,0.0005569811414566951,0.008204991414051205,0.6398528704606393,3.2010906455993497,1.1845741193557129,56.0132372159128,56.015229682507616,56.01184862221991,56.0164818636681
199.0,8.416,0.09835458163613682,-0.24245260618385547,0.6188642861023799,0.09152190599530453,0.022311194129318188,-0.1867946961754614,4.7510295740977434e-05,0.004555363664286195,0.23396915726513312,0.008949320388507678,0.09646127978832868,0.0005124586632947008,0.007437547798590831,0.6395105260053626,3.1982231206217917,1.1816454183638632,56.04359060961539,56.04510451116472,56.04202210203864,56.04655529084897
200.0,8.448,0.10132900363828584,-0.24172825378599394,0.6131336250930167,0.09295068756715684,0.022636012433172883,-0.17908315654259818,4.207786500621122e-05,0.004551745331151851,0.2342288854758923,0.008116427541596995,0.09788644123508296,0.0004716642325636837,0.006745825130246202,0.6392865868197571,3.195313470476834,1.1786709963617141,56.08302191247015,56.084053345053626,56.08126277421234,56.08571375127426
201.0,8.48,0.10434915864903288,-0.2409934349613517,0.6076641343524628,0.09437984408584488,0.02296308827007003,-0.17092158564230978,3.6132138903782105e-05,0.004534212957773917,0.234464432263718,0.007360782614620154,0.09930610741122757,0.00043461791757468116,0.00612712768257392,0.6394336959623185,3.192359940191507,1.1756508413509672,56.16171926012287,56.16218122781138,56.15967447244494,56.16414712448461
202.0,8.512,0.10741498165089744,-0.2402480919453615,0.6024846568517584,0.09580696880826739,0.023291969249693442,-0.16185867189701095,2.976402437522887e-05,0.0045003379976125595,0.2346781833765379,0.006679689024676142,0.10071434778024184,0.00040129265398071434,0.0055782195376916305,0.6399452932419187,3.1893603683815437,1.1725850183491027,56.23668436285935,56.2362875531045,56.23405604522121,56.23885873292399
203.0,8.544,0.11052623492777665,-0.2394922044397647,0.5976226479323139,0.09722666490247518,0.023621484549899895,-0.15193777873264203,2.3072203803151244e-05,0.004445247744293484,0.23487244841168842,0.006070767122856076,0.10210346395327148,0.0003716621752723748,0.00509605381779355,0.6408137563407803,3.186312693242804,1.1694737650722233,56.30742744260898,56.30627669643707,56.30430870976771,56.309358309159876
204.0,8.576,0.11368245740398872,-0.2387258027696274,0.5931040614906992,0.0986319523816271,0.023950052191790812,-0.14120582630046036,1.6148360258300363e-05,0.004364826514837979,0.23504944839571923,0.0055312451376259225,0.10346369146232681,0.0003456675726980704,0.004677320076183739,0.6420303522362717,3.1832150453661963,1.1663175425960113,56.373756314286624,56.37176987699415,56.37005344898303,56.37545558652127
205.0,8.608,0.11688292135546564,-0.23794897924089498,0.588953239052809,0.10001449848365383,0.024275735272888378,-0.12971320118406587,9.083818934249048e-06,0.0042541843152086485,0.23521130540861276,0.005058028323942906,0.10478347055644532,0.0003232205275305912,0.004318498909508367,0.6435851838054805,3.180065834135564,1.1631170786445344,56.43539558712309,56.43248839634651,56.43101066677615,56.43687597521046
206.0,8.64,0.12012658114678795,-0.23716190143513893,0.5851928016881538,0.10136436847882208,0.024596181429876303,-0.11751366764547663,1.969002178465354e-06,0.004107621439085062,0.2353600342461916,0.004647760885418394,0.10604937432306948,0.00030420460785761036,0.004015915092414846,0.6454671264643298,3.1768638428084564,1.159873418853212,56.49206623927369,56.48817024708175,56.48691764639366,56.49334102175761
207.0,8.672,0.1234120136477707,-0.2363648275224301,0.5818435443029056,0.10266976565571073,0.024908559772151055,-0.10466429328900494,-5.107295808241462e-06,0.0039187617313225145,0.23549753593106734,0.0042968838149430606,0.10724630898259496,0.0002884771735769086,0.003765789916725692,0.6476637503729603,3.173608331948748,1.1565879863522293,56.54347304197785,56.53857819178802,56.53753658629097,56.54455581207367
208.0,8.704,0.126737351725541,-0.2355581232531721,0.57892433154092,0.10391681493032139,0.02520950841431236,-0.09122539881204961,-1.2059070896019682e-05,0.0036810247241574625,0.23562559298696548,0.004001690372339894,0.10835824450062516,0.00027587231689212705,0.003564291863243729,0.6501612283779563,3.1702991490998875,1.153262648274459,56.5892859544298,56.583513876912164,56.582668647289395,56.590190318843426
209.0,8.736,0.13010021571085473,-0.23474227944279225,0.5764519944955744,0.10508949954105432,0.02549511907437051,-0.07726053266705189,-1.880516235406834e-05,0.0033887065034161673,0.23574586639183995,0.0037583794930547373,0.10936981134783866,0.00026620543309322994,0.003407584467469076,0.6529442430863975,3.1669368389950696,1.1498997842891452,56.629120001756164,56.622837888997424,56.62217391993151,56.62985921279258
210.0,8.768,0.1334976540294652,-0.23391792723869367,0.5744412282287661,0.10616994745657722,0.025761006378080344,-0.06283644583775916,-2.527281365605079e-05,0.003039001038984728,0.2358598940978348,0.0035631066185157715,0.11026902049240776,0.0002592799673793271,0.0032918700442095493,0.6559959334355665,3.1635227421121637,1.1465023459705348,56.662530045294275,56.65648831014727,56.655989900716165,56.6631165821604
211.0,8.8,0.13692611390789078,-0.2330858460996114,0.5729044925740097,0.1071393712007992,0.026002535596321406,-0.0480229892111383,-3.14032450410209e-05,0.002635159049684547,0.23596909097013657,0.003412030970095092,0.11105087131888595,0.0002548961504131239,0.0032134280411521996,0.6592979600947769,3.160059059300942,1.1430738860921092,56.68905678345738,56.684474314266616,56.68412511635153,56.689501997258056
212.0,8.832,0.14038147480912172,-0.23224695655822314,0.5718519236406894,0.10798002816346683,0.02621529816838276,-0.032892779166258906,-3.715883893851202e-05,0.0021903535927748716,0.23607474998398437,0.003301358142547011,0.11172052975126984,0.0002528596812701178,0.0031686472494487526,0.6628307945454898,3.1565488479407753,1.1396185251908784,56.70837039823997,56.70680667370495,56.70658992640653,56.70868449451394
213.0,8.864,0.14385918452735647,-0.2314022880504217,0.5712912700283477,0.10867842869483568,0.026395890868794746,-0.017520425385678093,-4.252935441567539e-05,0.0017304958116504741,0.23617804456974814,0.0032273771060054206,0.11229363508421503,0.0002529860294934773,0.0031540509113212488,0.6665742885888328,3.1529959073525466,1.1361408154726436,56.72050698875093,56.72335381563465,56.72325320923659,56.720699687131614
214.0,8.896,0.14735452697084533,-0.23055291470389863,0.5712278714119935,0.10922945135902706,0.026542917078846057,-0.001981206761068192,-4.7531896442225236e-05,0.0012928638123693365,0.23628003209510137,0.0031864907627330943,0.1127918942034338,0.00025509629394171104,0.003166310887124801,0.6705084108896061,3.1494045222941556,1.1326454730291546,56.72604278714433,56.733721905804494,56.73372303865758,56.72612463949984
215.0,8.928,0.1508630073661443,-0.22969986245315532,0.5716646901640356,0.10964001235309266,0.026657882835728352,0.01365058600131737,-5.2199640923153816e-05,0.0009181170704689449,0.2363816584481309,0.0031752376762837604,0.11323567464626445,0.00025900623110657744,0.003202242511598041,0.6746138300870728,3.1457790783001705,1.1291369926338557,56.72593873800513,56.73735798874429,56.737449543495316,56.72592227341488
216.0,8.96,0.15438077233448347,-0.22884400742660685,0.5726023865657636,0.10993015526059882,0.0267454695796398,0.029303012553997365,-5.656123946480671e-05,0.0006378256541915148,0.23648376329473297,0.0031902991960387006,0.11363884055792127,0.0002645171345167542,0.0032587741803702273,0.6788720166178658,3.1421236338824308,1.1256192276655166,56.7210138186427,56.73391558416593,56.73408901349143,56.72091334803088
217.0,8.992,0.15790493609936465,-0.22798599683423762,0.5740394073338907,0.11013011765253687,0.026812831011538394,0.044906899003972725,-6.062239412392046e-05,0.0004648695182509539,0.2365870849864624,0.003228485703506928,0.11400935367445661,0.00027141613896802114,0.003332900893326134,0.683264829848059,3.1384415832065775,1.1220950639006353,56.71147537555079,56.72355162770597,56.723799300502975,56.711305387588524
218.0,9.024000000000001,0.16143371380394422,-0.22712621647412107,0.5759720546700072,0.11027430326811152,0.02686813625364223,0.0603952292536416,-6.436147653713387e-05,0.0003930270337837415,0.23669226402001176,0.003286704195525513,0.11435351448251628,0.00027948421636339593,0.003421644936813572,0.6877738884231519,3.1347355125629703,1.1185662861960557,56.69695410300998,56.70681652149157,56.70712980351171,56.69672762206496
219.0,9.056000000000001,0.1649663577065654,-0.22626480602175927,0.5783945214437949,0.11039512195691159,0.026919076636306032,0.07570208668086421,-6.773952360922286e-05,0.0004045565925193624,0.23679984475749505,0.003361921572903136,0.11467937446774348,0.00028850452770100635,0.0035220412437060753,0.692380074055161,3.1310072557532593,1.1150336422934346,56.676920289322986,56.684278771345,56.684647360071885,56.67664839936666
220.0,9.088000000000001,0.16850297437611603,-0.2254017032416613,0.581298900142179,0.11051927092345708,0.026971961878061317,0.09076183432450347,-7.07147838649591e-05,0.00047924567477780215,0.23691027608032303,0.0034511400775953144,0.11499746091998365,0.00029826687117282327,0.0036311469830706874,0.6970633257279649,3.127258067892762,1.111497025623884,56.65102855447847,56.65627417861562,56.65668660637358,56.65072095461454
221.0,9.120000000000001,0.17204431609441104,-0.22453669452210026,0.5846751833058821,0.11066692869671897,0.02703152248628279,0.10550884886572136,-7.325294398355304e-05,0.0006000207896439664,0.2370239119387082,0.003551391741689867,0.1153197873446247,0.0003085688705036331,0.003746064727176118,0.7018026848681153,3.123488821200308,1.107955683905589,56.61919360391402,56.62291218572906,56.6233566472605,56.61885937350352
222.0,9.152000000000001,0.175591604246963,-0.22366945767951196,0.5885112708799835,0.11085275476724843,0.027101151330884293,0.11987773669066756,-7.533092075921995e-05,0.0007545493616266624,0.23714101244722038,0.0036597488137754624,0.11565857758133834,0.0003192160347155297,0.003863970344349049,0.7065764788453903,3.1197001629360948,1.104408395753037,56.58150829936896,56.584203109949456,56.58466805186015,56.58115635515736
223.0,9.184000000000001,0.17914640123164458,-0.22279959298064309,0.5927929928945265,0.11108740577129944,0.027183271839652395,0.1338038129544693,-7.693645367635283e-05,0.000934559198066845,0.23726174578912088,0.003773343873159342,0.11602536620682537,0.0003300219491093048,0.003982141990424704,0.7113625486605466,3.1158926184675195,1.1008535987683554,56.53815069826398,56.54016505850745,56.540639456695764,56.537789903983246
224.0,9.216000000000001,0.18271052394198756,-0.22192664404043086,0.5975041499732363,0.11137883469821808,0.027279654381632035,0.1472236587096823,-7.806616879030634e-05,0.0011345228202955693,0.2373861909912842,0.00388939479436932,0.11643052667458977,0.0003408088791932093,0.004097989434452686,0.716138469624888,3.112066646944722,1.0972894760580125,56.489332996209654,56.49087158027449,56.491345038365125,56.48897207573995
225.0,9.248,0.18628598536260418,-0.22105011185186327,0.6026265709216039,0.11173316939427569,0.027391630892738727,0.16007565463649523,-7.872362356708123e-05,0.0013505193497458869,0.23751434157940324,0.0040052319609486355,0.11688308317169528,0.00035140866211250815,0.004209083395983699,0.7208817464173517,3.1082226640126387,1.0937140146373958,56.43528435875666,56.436458909409794,56.436921699468726,56.43493174307547
226.0,9.28,0.18987495265043608,-0.22016946476919463,0.6081401854362785,0.11215522774474664,0.027520221333394792,0.17230045358358048,-7.891782272442433e-05,0.0015794743510493647,0.23764611011842335,0.004118326395683925,0.1173906730249804,0.00036166370829325903,0.004313184144892868,0.7255699807184101,3.104361044234584,1.0901250473495638,56.376248919650756,56.37711721030316,56.37756031338585,56.375912591736615
227.0,9.312,0.19347971396575153,-0.21928414632703958,0.6140231098245745,0.11264879110360779,0.027666201317345557,0.18384138713425213,-7.86622044759954e-05,0.0018187214941837392,0.23778133363275158,0.004226317818038357,0.1179595789982429,0.00037142798732708177,0.004408268223115186,0.7301810158200057,3.1004821119738826,1.0865202860342484,56.31248765770707,56.31307925898935,56.313494419487,56.312175016584405
228.0,9.344,0.19710264962356694,-0.2183935819772374,0.6202517438650916,0.11321673930673137,0.027830135931317782,0.19464481376615922,-7.797395675550874e-05,0.0020657770567641303,0.23791977987459628,0.004327041577578961,0.11859479050524081,0.00038056792391873845,0.004492552011795142,0.7346930636379765,3.0965861261164216,1.0828973503764332,56.24427994241193,56.24461117090792,56.24499096026495,56.243997690032096
229.0,9.376,0.20074620531811993,-0.21749718529611659,0.6268008772557473,0.11386111545478088,0.028012396285025606,0.20466041845798916,-7.687352789006987e-05,0.002318238008762333,0.23806115437272127,0.004418553309062251,0.11930007493116282,0.0003889631626328681,0.004564510948429378,0.7390848186719992,3.092673261789799,1.07925379468188,56.171923911245656,56.17200575725204,56.17234363806,56.171677961496144
230.0,9.408,0.20441286643468787,-0.2165943639082427,0.6336438043644229,0.11458315989274795,0.02821316837105928,0.21384147214611302,-7.53842369084268e-05,0.0025737457487790376,0.23820510815575147,0.0044991501539538075,0.12007805113255562,0.00039650717861536636,0.004622893420155571,0.7433355621754112,3.0887435909397403,1.0755871335653122,56.09573589926482,56.09557788929012,56.09586827149169,56.09553130840158
231.0,9.44,0.20810513312768514,-0.21568452521088635,0.6407524461939568,0.1153833341561646,0.02843245929238546,0.22214505717293284,-7.353192613553865e-05,0.0028299819106140877,0.2383512460097615,0.004567387515931538,0.12093026212364438,0.00040310772183991747,0.004666728661793545,0.7474252586662248,3.084797062930895,1.071894866872315,56.01604928471147,56.01566115026333,56.01589943331585,56.01589020318055
232.0,9.472,0.21182549616266577,-0.21476708190552526,0.6480974786058336,0.11626134484314471,0.02867010329253396,0.2295322628711493,-7.134462478374029e-05,0.003084678059482365,0.23849913510290416,0.004622090539667948,0.12185724602322223,0.00040868708876398013,0.0046953283264781764,0.7513346460632505,3.080833485988998,1.0681745038373343,55.933213016879996,55.932605241915645,55.9327878389277,55.93310266274482
233.0,9.504,0.21557641365142038,-0.21384145731019558,0.6556484659323839,0.11721617152358153,0.028925768604052732,0.23596835395469826,-6.885220846313167e-05,0.0033356299135333927,0.23864831379231224,0.004662359786603429,0.07443937655643582,0.015315050837657631,0.2840701871958554,0.7560847497510487,3.076852510131266,1.0644235863485796,58.53692422345485,55.407561926347995,54.062230679675565,56.07396166714541
234.0,9.536,0.21936028222458065,-0.21290709217342016,0.6633719462765473,0.11824589291125817,0.029198910524231753,0.24135876075510507,-0.005168885914560048,-0.006897290764318086,0.24057637748621644,0.059415223424837633,0.07479478780254822,0.015338566542563641,0.2831792563421082,0.7604927959785189,3.0728536434656957,1.0606397177754194,54.681627724504295,55.73045226504672,57.61021255485639,55.66633188264487
235.0,9.568,0.22306319630357282,-0.2119382560526849,0.67125817053701,0.11571606496850538,0.030276128772976717,0.24644450813945928,-0.010559019315624908,-0.01685398051181842,0.24461586109900468,0.12377639914979865,0.07317286323670977,0.01645312622853919,0.30964411866294034,0.764532376692418,3.0689425813965867,1.0569368036964273,55.91593016729092,55.671720657354776,56.08702941346544,55.587768045349016
236.0,9.6,0.22657308863913542,-0.21090650267507316,0.6793055495351459,0.10968413548633091,0.032242293050366966,0.2514805936917467,-0.015670070462353167,-0.025729168290962785,0.25195918174191656,0.2257737758906311,0.06976212753335666,0.018652773255793124,0.3657713449878052,0.7681950866364146,3.065222470064265,1.0534269113608645,55.72484300968126,55.624444238751686,55.958994569915355,55.499403064456224
237.0,9.632,0.2297899934972729,-0.20978566728893414,0.6874699092988802,0.10052827681679587,0.035026105816844476,0.2551362426166969,-0.020417960172909595,-0.03309935093259222,0.261776449604434,0.3024566274420308,0.06497184898371552,0.021903568566117526,0.45522155198873127,0.7714340529654924,3.0617854815430405,1.0502100065027271,55.58486036869612,55.50240290804691,55.88389621016814,55.35529397263054
238.0,9.664,0.2326298808161526,-0.20855187402762046,0.6957043671293639,0.08874647871499097,0.03855603941605234,0.2573268072026157,-0.02464960584573554,-0.038598644424095094,0.27426227582036017,0.38596742185336824,0.059250652979417714,0.026082301376356646,0.580547436334683,0.7742198130811007,3.0587084754170224,1.0473701191838474,55.47884890930671,55.342525757137814,55.82615625026539,55.18415934450902
239.0,9.696,0.23502823135818893,-0.2071842641514042,0.7039610671130627,0.07494845443863513,0.04273780863175803,0.258021874490588,-0.02824867279346801,-0.0419592085719245,0.2901165710068689,0.492106002732036,0.0530986963905617,0.03102600499921377,0.7403221273942087,0.7765420702439735,3.0560496709118117,1.0449717686418112,55.39370820097538,55.16575659995509,55.771310897934256,55.006398000305865
240.0,9.728,0.23694238982089383,-0.20566545146195192,0.7121929488511956,0.05981745195952811,0.04746289654538375,0.2572463043166507,-0.03113163502382155,-0.04301786347583204,0.3102446472190513,0.6271972092634853,0.04702831887549627,0.036576700349978175,0.9254440950033721,0.7784090750895593,3.053846471774721,1.0430576101791063,55.31901614362044,54.98892661449566,55.70544545257713,54.842547438742365
241.0,9.76,0.2383527109720107,-0.20398162451516136,0.7203552739916268,0.04407253597240187,0.052619592087205014,0.2550726606384763,-0.03323012278580574,-0.041753009751885006,0.3354913620039444,0.7891569081662255,0.04153214654068324,0.04260350959779044,1.11738372604034,0.7798444078654859,3.0521144062523677,1.0416472890279893,55.24195038743561,54.830288825883784,55.61380666359324,54.71256095364859
242.0,9.792,0.23926231016875876,-0.20212233427791837,0.7284066881008133,0.028424974898377264,0.05810281991384335,0.25160669091207877,-0.034475605611019665,-0.038311505892413104,0.36635936844491124,0.9670179364816183,0.03705245066899469,0.048999124296228366,1.2,0.7808814254990202,3.050847365394999,1.0407376898312413,55.05855270062398,54.79765033437556,55.393405043414134,54.72237915558901
243.0,9.824,0.23969537179454264,-0.2000800162662509,0.7363095278043933,0.013533175805746285,0.06382243786460806,0.24696374073687374,-0.03474425224250637,-0.03306749874453815,0.4011943989340701,1.0930341845041596,0.03386514776595453,0.05570930999761062,1.2,0.7815561976795848,3.05001918271917,1.0403046282054573,54.8616923962686,54.8000116930935,55.14137823332323,54.77519567451497
244.0,9.856,0.23969412270794271,-0.19784933726231968,0.744029997191558,-3.903395624782476e-05,0.06970871887285086,0.2412646683488983,-0.03395479598232826,-0.026528219795387057,0.4378291265359208,1.1508044265217927,0.03210967696098883,0.06263430248986905,1.2,0.7819013479505027,3.049586467959546,1.0403058772920573,54.74798854428801,54.74630532323588,54.9581379283016,54.763038855440904
245.0,9.888,0.23931492522739667,-0.19542667875612277,0.75153766951164,-0.011849921267063902,0.07570807831865344,0.2346147600025617,-0.03217973221045239,-0.019183957162773966,0.4752866385003326,1.177335205204226,0.0318869238098802,0.0695803150639839,1.2,0.7819413691236263,3.0494923181704476,1.0406850747726033,54.674317009071814,54.67413987042852,54.810270307492274,54.71978826695248
246.0,9.92,0.23862401106457662,-0.19280941176148886,0.7588045462034894,-0.02159106758812654,0.08178959358230961,0.22708989662029147,-0.02958812064166161,-0.01147291583675907,0.5131313616307015,1.1895370331927764,0.033254454915662326,0.07631389682036419,1.2,0.7816902834978969,3.049670311484719,1.0413759889354235,54.61756890031386,54.59690723538598,54.683856709036895,54.66266650673588
247.0,9.952,0.23769327787621622,-0.18999507253391965,0.765804134090604,-0.029085412136262468,0.08794810086153781,0.2187371214723321,-0.02637836464128432,-0.0037696338621399403,0.5511719244372532,1.1951571071059708,0.03622358242286371,0.08259675083646321,1.2,0.7811519230962334,3.0500484066220377,1.0423067221237838,54.56625509990134,54.51962118184424,54.571837072329444,54.59909941881041
248.0,9.984,0.23659647408144538,-0.1869807770393529,0.7725106816452042,-0.034275118586588715,0.09419673420521081,0.20957961108125625,-0.022744220378941443,0.0036181519530977427,0.5893250740817705,1.1977509145717737,0.04075468233040768,0.08820651523156134,1.2,0.7803220802904159,3.0505525194595764,1.0434035259185546,54.515226145499014,54.4438848668067,54.469937104770935,54.53228204175035
249.0,10.016,0.2354059452993909,-0.183762975655808,0.7788986757412818,-0.037204024439202246,0.10055629323577836,0.19962481550242478,-0.01886213845401566,0.01044436358487683,0.627553821242175,1.1989521228772202,0.04675472207070906,0.09295139573379392,1.2,0.7791916382279818,3.051109638568529,1.0445940547006092,54.462719521275176,54.37022446230631,54.375377025304985,54.46368057578273
250.0,10.048,0.2341899749345043,-0.18033752829659974,0.7849426305843461,-0.037999073902706335,0.10704522997525755,0.1888735888457593,-0.014890369423750575,0.016515833315202542,0.6658397675715377,1.1995120063722617,0.0540794378462133,0.09668080272581654,1.2,0.7777499302527727,3.051650447546245,1.0458100250654958,54.4086388463705,54.29912707439815,54.28656468157251,54.39412447903391
251.0,10.08,0.23301066882799704,-0.17670002836345758,0.7906171476960588,-0.03685331582835204,0.1136718729106925,0.17732865974102296,-0.010972940898336619,0.02168464882489973,0.7041710998240829,1.1997763300493134,0.06254095448239047,0.09929281978470397,1.2,0.7759878236154422,3.0521114877191993,1.046989331172003,54.35359669755463,54.231445222167785,54.20298903348199,54.32424582906609
252.0,10.112,0.23192231009208344,-0.1728462867882369,0.7958971962433262,-0.03401121049729971,0.12042942422564584,0.16500151710210548,-0.007244525149051573,0.025844450026471146,0.7425377499820951,1.1999043198204546,0.07192066197560384,0.10073891770588667,1.2,0.7739002236315322,3.052436911952726,1.0480776899079165,54.29840550726601,54.16847717375539,54.12508699795214,54.254632610744565
253.0,10.144,0.2309701225184979,-0.1687728803700074,0.8007585490464285,-0.02975586167454789,0.12729395056967202,0.1519172750969465,-0.003834224376858702,0.028931673824830365,0.7809298686553856,1.1999692055192495,0.08198650515613651,0.10102569566101594,1.2,0.7714877981502886,3.052579865278648,1.0490298774815021,54.2437943190857,54.111833363224086,54.05406066089598,54.18589843883459
254.0,10.176,0.23018940688402784,-0.16447766077805215,0.8051783025612169,-0.024397363577189822,0.1342256122486015,0.13811729733713754,-0.0008670112361478996,0.030931220619527588,0.8193378681896925,1.2000043449108209,0.0925128206388526,0.10021258658748544,1.1554605014236474,0.7687577560780221,3.05250350004979,1.0498105931159722,54.1457060526317,54.10763814384719,53.94709375770187,54.16333704043509
255.0,10.208,0.22960504097160134,-0.15996011399599716,0.8091354108357631,-0.01826143476332807,0.14117333693921824,0.12365963357956883,0.001515647413513528,0.03188550525174632,0.8569952154122413,1.1763411270162143,0.1032245760623997,0.09848223965051192,1.0666480397933862,0.7657235594675805,3.0521816057746958,1.0503949590283987,54.02824591434766,54.13366684567402,53.83006586277299,54.163417280337946
256.0,10.24,0.2292313633874519,-0.15522147498831004,0.8126111622854794,-0.011677424504669989,0.1480824689902223,0.10861723280363227,0.0031701169119313717,0.03191130261878282,0.8927887486106225,1.1180931681555337,0.11385881159264741,0.09612002074118592,0.9815670564137922,0.7624035760286949,3.0515988088565837,1.0507686366125482,53.95020019746853,54.12957712639171,53.763580029110685,54.13030754715449
257.0,10.272,0.22907245003220636,-0.15026445188126336,0.815589456489363,-0.004966042351423057,0.15490697209520868,0.09307169387136319,0.00400929588533302,0.03118310075862381,0.9262606724034628,1.0456496621171656,0.12427064420140863,0.0933890442592375,0.9022421020393704,0.758818841754925,3.0507502948552583,1.0509275499677937,53.89379169340409,54.111012247877206,53.729519223656276,54.08592890949435
258.0,10.304,0.22912280489260536,-0.14509266043327104,0.8180569276533155,0.0015735893874688892,0.16161848274975982,0.07710847387351609,0.004016536290346164,0.029901877128009124,0.9572950387172929,0.9696025068407593,0.13438647394445366,0.09051570471079359,0.8298518211093754,0.7549906598080199,3.0496410568449406,1.0508771951073947,53.85095201737401,54.085499081346285,53.71713318257528,54.04158886152855
259.0,10.336,0.22936845954719273,-0.13970998359703823,0.8200028934137515,0.007676707955855254,0.1682086511322751,0.06081143001362624,0.00324327049854716,0.028268239903761382,0.9859564511915181,0.8955315401287497,0.14416333472455423,0.08767808669591257,0.7649833914023775,0.7509387791559015,3.048284722598158,1.0506315404528073,53.81848091020991,54.055849987232826,53.71901651215551,54.00384003003807
260.0,10.368,0.22978839918343097,-0.13412000486151118,0.8214191706126992,0.013123113632444889,0.1746868354852202,0.044258662467114254,0.0018025036259800061,0.02645157637530544,1.0124039582738626,0.8263648047896841,0.1535620769277157,0.08500464845393667,0.7077930311064684,0.7466807348397062,3.0467020739292914,1.050211600816569,53.79543392285847,54.023660735198,53.72971505028418,53.97577533267751
261.0,10.4,0.23035619008099964,-0.12832571976874602,0.8222998466306853,0.017743465549020943,0.1810714091489113,0.027521125562066765,-0.00014604201520089925,0.0245676749307798,1.0368430879607955,0.7635617563473137,0.1625373947247093,0.0825806445543544,0.6581176974765147,0.7422324198828545,3.0449194263277417,1.0496438099190004,53.7814824081636,53.991139742742945,53.74563639239314,53.957755293297
262.0,10.432,0.2310416677499716,-0.12232965522758442,0.8226410965538477,0.021421177155373453,0.18737701691129974,0.01066406009882225,-0.002417673213890425,0.0226745740165563,1.0594980065383819,0.7077235535466461,0.17104173389560967,0.08045713575325662,0.6155578453410726,0.7376093977918351,3.0429670342889743,1.0489583322500284,53.77607404163034,53.96139476044637,53.76508055157443,53.94842266558068
263.0,10.464,0.231812566944018,-0.11613436941554621,0.8224410989489225,0.024090599813950273,0.19360268162619387,-0.0062499251539116455,-0.004825458226279382,0.020786765777290658,1.0805946695306365,0.6589224907796379,0.17903488677835833,0.07865831314617593,0.5795426877540301,0.7328282242238869,3.0408776294644264,1.048187433055982,53.77833706092741,53.937711255222126,53.787807219451906,53.94595223725963
264.0,10.496,0.23263602296987027,-0.1097431613730393,0.8217000509405411,0.025733000807883256,0.19972525132834076,-0.023157750261917888,-0.007197929968442638,0.0188985083980149,1.1003501329157128,0.6168917361019536,0.186491376341499,0.07718584545139999,0.5493851615608888,0.7279072280008979,3.0386851190307356,1.0473639770301297,53.78740834899005,53.92266727106925,53.81425339210531,53.94902076819036
265.0,10.528,0.2334799199289866,-0.10316076594719567,0.8204202451606921,0.026371779972385125,0.20569985705761323,-0.039993930620280775,-0.009389166184835224,0.017004624324896824,1.1189655213566159,0.5811438275893622,0.19340224958984967,0.07602135500950315,0.5243297950704546,0.7228665995145095,3.036423415686295,1.0465200800710135,53.80275498374856,53.917694707484216,53.84483494192486,53.95715134826483
266.0,10.56,0.23431408445569085,-0.09639385570079052,0.8186061604336681,0.02606764145950816,0.21146594520016065,-0.05669014771950138,-0.011282371533733022,0.015111823625420392,1.1366214715374883,0.5510513875155931,0.19977227964960276,0.07512866541659874,0.5035936589621711,0.7177279647229678,3.034125360554426,1.0456859155443092,53.824251211387555,53.923172217205895,53.879614498930884,53.970524407326245
267.0,10.592,0.23511132227373094,-0.08945126834396709,0.8162645293526692,0.024913681813752676,0.21695585490073205,-0.07317597128121335,-0.012789750068389828,0.013240175584340543,1.1534755012033133,0.5259062936808999,0.20561524054850136,0.07445673356949271,0.48639955762027914,0.7125137466343827,3.0318217249999013,1.0448886777262691,53.85204110866318,53.93878865412962,53.918313051310314,53.98959245008637
268.0,10.624,0.23584828289658807,-0.08234396866339311,0.8134043652328649,0.02303001946428547,0.22210311501793678,-0.08938012874388701,-0.013851034522790507,0.011418338758272173,1.1696609456915206,0.5049648376659055,0.21094935605905132,0.07394331746639739,0.4720011685811319,0.7072465684996195,3.029540310386205,1.044151717103412,53.8863366225563,53.96390374942794,53.96048445631118,54.014772005778624
269.0,10.656,0.23650612884449854,-0.07508480756619833,0.8100369471889889,0.02055768587220194,0.22684878428733668,-0.10523181387112394,-0.014431813584078582,0.009676703238006094,1.18528711357512,0.48748227569427544,0.2157938507830785,0.07351901703186867,0.459700849858812,0.7019488369020925,3.027305185854002,1.0434938711555015,53.92726438966331,53.99778600003202,54.00569560349663,54.046299696469774
270.0,10.688,0.2370709861022584,-0.06768815743650301,0.8061757711629202,0.01765178930499595,0.23114531655297837,-0.12066175081464753,-0.01452184282926052,0.00804128077632556,1.2004403123330563,0.4727386397889046,0.22016672103648763,0.07311131155050628,0.4488615147023149,0.6966425363979838,3.025136107375382,1.0429290138977416,53.97479412975128,54.039732021861234,54.05364292634926,54.08421353458568
271.0,10.72,0.23753416140518774,-0.06016949607179735,0.8018364775069845,0.01447422821654157,0.2349581676470518,-0.1356029267479893,-0.014133141179270567,0.006529638581976864,1.2151854374304691,0.4600573307798842,0.22408351712093055,0.07264835505847704,0.43891412584395667,0.6913491999942089,3.023048150708849,1.0424658385948122,54.02873160012954,54.08911155432656,54.1041995531992,54.12839241874588
272.0,10.752,0.23789212538538265,-0.05254499438691751,0.7970367647670439,0.011186374381091057,0.23826567765249476,-0.14999102312314425,-0.01329767967680183,0.005149117958582168,1.2295678922066808,0.4488179801438821,0.22755687690773949,0.07206241303930028,0.4293621420899225,0.6860899904506712,3.021051573452969,1.0421078746146173,54.08874704089979,54.145373895423205,54.15741154991541,54.178608047607824
273.0,10.784,0.23814627467403576,-0.04483114408953779,0.7917962968172285,0.007942165270409696,0.24105782179311602,-0.16376462343172998,-0.012064606077574244,0.003897032781420451,1.243615685710593,0.4384649690338275,0.23059659120931186,0.07129288238449619,0.41978387799779376,0.6808858246678711,3.0191519029837353,1.0418537253259643,54.15441612204932,54.20803485732841,54.21346383337055,54.234569462235605
274.0,10.816,0.23830249804769196,-0.03704444452323731,0.7861366078039145,0.004881980426756252,0.24333436144688977,-0.17686528166606358,-0.010497067447360594,0.002762321467112321,1.2573416222995653,0.4285127685160245,0.23321003300986176,0.07028884685443096,0.40983336765768397,0.6757574858102897,3.0173502312040457,1.041697501952308,54.225259698244756,54.27665355871885,54.27263181808141,54.29595556104067
275.0,10.848,0.23837058034337047,-0.029201154332422884,0.7800810070711061,0.0021275717399533278,0.2451028184629506,-0.18923752290026294,-0.008668751165676345,0.0017280777699702466,1.2707455416802123,0.41854897242524874,0.2354028240859181,0.0690111115774882,0.39924003531746005,0.671106587513055,3.015643685331966,1.0416294196566296,54.36416159728435,54.414190749074024,54.398615668446126,54.425822265087604
276.0,10.88,0.2383633074472707,-0.021317008782949842,0.7736770687997415,-0.00022727800311813493,0.24637954842103235,-0.2001230709801417,-0.006660062648899088,0.0007745286682278469,1.2838162044314,0.40822357333786735,0.23718153305713593,0.06743721302510712,0.38782378863395073,0.6670137970114883,3.014026743602535,1.0416366925527294,54.51721768049908,54.56683010069778,54.53873276540792,54.5707194840249
277.0,10.912,0.23829589132200021,-0.013407239694773808,0.7669776739497369,-0.0021067539147023497,0.24718028400550088,-0.2093560890626433,-0.004552215567889218,-0.00011771308592743778,1.2965343416203214,0.39728482404567067,0.23854948895277137,0.06555380187212168,0.3754545634765196,0.6634121413701097,3.0124910772254525,1.041704108678,54.65963805516619,54.70968182995107,54.66807507739116,54.70535234488289
278.0,10.944,0.2381852214106259,-0.005486499352233783,0.7600320892656092,-0.003458434730447404,0.24752313570437556,-0.21704952137899228,-0.002429332754424493,-0.0009665054492868345,1.3088747943567718,0.38554929728946624,0.23951042997672262,0.06336002626772104,0.3620618680493224,0.6602426844056966,3.011025979048889,1.041814778589374,54.79195998586406,54.84330401111655,54.78802516390562,54.8306308556137
279.0,10.976,0.23804898606729316,0.002431243169318583,0.7528862360508796,-0.0042573544791479866,0.2474294537985112,-0.2233079129602999,-0.00037360666786204606,-0.0017862213600538456,1.320808402068255,0.37289327853751325,0.24007013341459676,0.060869420876196595,0.34764187359760623,0.657453562277013,3.0096192105050665,1.0419510139327068,54.91465868836993,54.968107757186864,54.899833228092085,54.947389779034786
280.0,11.008000000000001,0.23790480185156437,0.010332786477376066,0.7455829324676774,-0.004505756741524608,0.24692322837679612,-0.2282282369750683,0.0015395746098847167,-0.002586384238542339,1.3323040618108262,0.35925717852048883,0.2402370287341672,0.05810912472730448,0.3322538231086215,0.6549991348037715,3.0082578577372665,1.0420951981484357,55.02827234354515,55.08446216377195,55.00450169889303,55.05632530031368
281.0,11.040000000000001,0.23776940385227419,0.018205768237872715,0.7381621130013412,-0.004231187477818362,0.2460306800155201,-0.23190060832300652,0.003244891968783602,-0.0033711782184704577,1.3433308061487452,0.34464556295620147,0.24002276053718063,0.0551182081116139,0.31601360010962853,0.6528392386273189,3.0069291411577383,1.0422305961477258,55.13333863918881,55.19267362255043,55.10285807810385,55.158050946128526
282.0,11.072000000000001,0.2376579332512921,0.026038728745072653,0.7306610272021814,-0.0034834562806906164,0.24478001584999784,-0.23440893122374218,0.004689579824290809,-0.0041395972544159,1.353859768931263,0.3291235974062739,0.23944259031358808,0.05194541753390454,0.2990857297791359,0.6509385299920406,3.00562113960866,1.042342066748708,55.23038992149955,55.29300442587247,55.19557066602671,55.25310763216234
283.0,11.104000000000001,0.23758334962167577,0.03382116976454068,0.7231144187960213,-0.002330738425510013,0.24320128185837558,-0.23583151269250166,0.005835168897986118,-0.004886108382614938,1.3638659460809226,0.31281097091696153,0.238515573246503,0.0486465257141041,0.28167421231561507,0.6492659063929958,3.0043233994275957,1.0424166503783243,55.31995337662861,55.38569440794476,55.2831599896331,55.34196599272234
284.0,11.136000000000001,0.23755598733447766,0.04154360941345944,0.7155546857246731,-0.0008550714749406752,0.24132623902871114,-0.23624165847963333,0.0066584489719104765,-0.005601694785078777,1.373329687287023,0.2958740212083892,0.23726448624053686,0.04528146751151206,0.2640124665464105,0.6477939976258362,3.0030274072973397,1.0424440126655223,55.4025488781244,55.47098102096643,55.36601280474368,55.425026880549574
285.0,11.168000000000001,0.23758326716589198,0.04919763178816347,0.7080120215984018,0.0008524947316974194,0.23918819920950066,-0.23570825394597628,0.007151635010290238,-0.006275122981220105,1.3822378766544738,0.27851655267968095,0.2357155184878838,0.04191143877971654,0.24635265511130078,0.6464987179107359,3.0017269144571164,1.042416732834108,55.47868402802543,55.54911622268135,55.44439893350514,55.502622329122744
286.0,11.200000000000001,0.23766956593242347,0.05677592854564624,0.7005145393179762,0.0026968364541090474,0.23682177367133633,-0.2342963212632989,0.007321759996590584,-0.006894272334179408,1.3905847779359548,0.26096972619263625,0.2338977651400641,0.03859612031182201,0.2289546832415801,0.6453588717614476,3.0004181084328367,1.0423304340675765,55.54884708813067,55.62037895335148,55.518490154128685,55.575018460712116
287.0,11.232000000000001,0.23781623906811583,0.06427232888170624,0.6930883781135939,0.004583535490386248,0.23426251050187477,-0.23206753763694765,0.0071893621744799786,-0.007447377472608777,1.3983725339034407,0.2434813585664262,0.23184258452244141,0.03539116438105516,0.2120751945675587,0.6443558071500739,2.999099636548081,1.0421837609318843,55.613498849425284,55.685082335752966,55.58838005422511,55.642421223892896
288.0,11.264,0.23802178386059278,0.07168181438458615,0.6857577957958348,0.006423274764904949,0.23154642196500988,-0.2290806974299835,0.006786576475293815,-0.007924063197536604,1.4056113204291267,0.2263049672115897,0.22958288788084552,0.03234605082221069,0.19595692036236628,0.643473110292065,2.9977724927373433,1.0419782161394073,55.673064625373065,55.74357527775144,55.65410364326724,55.704985178285774
289.0,11.296,0.23828212493725595,0.07900051601176677,0.6785452484773259,0.008135658645724152,0.2287094258493943,-0.22539210370340465,0.006154773840037149,-0.008316092266522059,1.4123191649067557,0.20968891077745688,0.22715242815021508,0.02950238718408077,0.1808187636595015,0.6426963370570172,2.9964397852659124,1.041717875062744,55.727927509003905,55.796238798853395,55.71565558402325,55.76282488264559
290.0,11.328,0.23859099883982332,0.08622569176085845,0.6714714602976865,0.00965230945523028,0.22578674215911473,-0.2210558806137323,0.0053419131841992,-0.008617792671390604,1.4185214468827878,0.19386599553959896,0.22458514282400416,0.026892696345899907,0.1668470075212385,0.6420127766101752,2.9951064076060074,1.0414090011601767,55.7784237976843,55.84347799429567,55.77300615483556,55.816027910297635
291.0,11.36,0.238940411347678,0.09335568523097898,0.6645554857148753,0.010919140870458376,0.22281229594126628,-0.21612420571284743,0.0043997765082932835,-0.008826175590586259,1.4242501071736626,0.1790439281989701,0.22191458894397761,0.024539706930698235,0.15418802027506184,0.6414112434169542,2.993778637770743,1.041059588652322,55.82484110377361,55.88571096619896,55.82611444693936,55.86466821620964
292.0,11.392,0.23932113968654392,0.10038986691941387,0.6578147667142177,0.01189776058956037,0.2198181777635902,-0.21064746877055127,0.003381248570277231,-0.008940791780809835,1.4295426008423429,0.16539699016843434,0.21917348908159123,0.02245613743154508,0.14294278632813112,0.6408818942069197,2.9924636928331916,1.040678860313456,55.86741922061536,55.92335622152255,55.874938740197734,55.90881855465176
293.0,11.424,0.23972325183683818,0.10732856151197773,0.6512651868798045,0.012566004696695592,0.21683420601762027,-0.2046743698254116,0.0023377815837661783,-0.008963398389955845,1.4344406390657827,0.1530592807067917,0.21639338911376702,0.02064494398298191,0.13316352000407325,0.6404160669020893,2.991169265243926,1.0402767481631618,55.90635340477795,55.95681996356749,55.91944438043402,55.94856086445535
294.0,11.456,0.2401366166709929,0.11417296540759134,0.6449211237500587,0.012917651067334892,0.2138876217379251,-0.19825197280455548,0.0013171570880383275,-0.008897518262592052,1.4389887744074328,0.1421198243147361,0.2136044140027039,0.01909998374370702,0.12485252623958788,0.6400061388738386,2.989903066091012,1.0398633833290072,55.941799452187155,55.98648445147826,55.959609718872045,55.98399391188153
295.0,11.488,0.240551381357804,0.12092505915621622,0.6387955003297087,0.012961396462846617,0.21100292964452746,-0.19142573188593912,0.0003616261664770942,-0.008747970633340076,1.4432328921993052,0.13261976295788694,0.21083509814395734,0.017807030734858557,0.11796336288737343,0.639645402208978,2.9886723978671266,1.039448618642196,55.97387982971479,56.012698265066646,55.995430732938075,56.015237897868275
296.0,11.52,0.24095839609246228,0.12758751936325494,0.6328998361365233,0.012719210458071542,0.20820188146995963,-0.1842395060370412,-0.0004935206505971547,-0.008520438545195476,1.447218676457123,0.12455176010556344,0.20811226273312702,0.016745068968564678,0.11240424268768091,0.6393279539439006,2.9874837758890744,1.0390416039075379,56.00269016754111,56.03576897934624,56.02692484312082,56.04243610098721
297.0,11.552,0.24134957045771277,0.13416363398299178,0.6272442977839242,0.012224198914077822,0.20550358186677603,-0.1767355735187227,-0.001220928975476776,-0.008221118351827024,1.4509901210437268,0.11786163731885092,0.2054609138106131,0.015887779439694646,0.10804349635226233,0.6391871428187983,2.986342613518275,1.0386504295422871,56.05136057412974,56.07901347980938,56.077189225454894,56.0888088836416
298.0,11.584,0.24171813173721668,0.1406571560083711,0.621846219254046,0.011517539984497161,0.2029225632931033,-0.16868995405869266,-0.0018016392047405915,-0.007856447755506368,1.4545880838680165,0.11244992689695608,0.2029021209383778,0.015205208046741995,0.10471835639658686,0.6394015181956618,2.9852527875836206,1.0382818682627835,56.1273665271318,56.15007329552577,56.153762774445454,56.161982288052954
299.0,11.616,0.24205879635215216,0.14707222301863218,0.6167329074928185,0.010645769216733802,0.20047084407065902,-0.15979099253836032,-0.0022248536144659626,-0.007432806844034181,1.458049183476038,0.10818274856463474,0.2004545010072913,0.014665595793920641,0.10224424025810408,0.6399644120626822,2.9842163491063824,1.037941203647848,56.19981059273984,56.21813882748735,56.22578544022309,56.23121123870169
300.0,11.648,0.24236790509451886,0.1534133943432921,0.6119303227184367,0.009659648198959312,0.1981616038956222,-0.15008077419943047,-0.0024876145753973886,-0.006956692092869643,1.4614049905625206,0.10490112564551157,0.19813739308965334,0.014236452747095285,0.10041941383157704,0.6408681133778634,2.9832336544283056,1.0376320949054811,56.26838672173663,56.28295350711892,56.29290886317473,56.296268925048196
301.0,11.68,0.24264346031401862,0.15968560029346163,0.607462969198974,0.008611100609367567,0.19600643594279762,-0.13960479748320934,-0.0025948816569740236,-0.006435032565270824,1.4646812380713066,0.10242163110675542,0.19596799516527344,0.013885873370262578,0.09903548265547935,0.642103859596185,2.982303377139681,1.0373565396859814,56.33272132999306,56.34421956363825,56.35491672639556,56.35696308655548
302.0,11.712,0.2428850796970785,0.16589409369257627,0.6033537902282495,0.007550605720621488,0.19401541872233233,-0.12841184283514026,-0.0025584857498245493,-0.005874996764876399,1.4678973419316526,0.10054619366996727,0.19396115067982103,0.013583868408151827,0.09788772109786338,0.6436618432382605,2.9814226028138275,1.0371149203029215,56.3924788797627,56.40161642825148,56.411626006045886,56.41312234784551
303.0,11.744,0.24309387656024586,0.17204440384010614,0.5996240685147975,0.006524901973979814,0.19219719211030825,-0.11655380354537438,-0.0023959213300846624,-0.00528398932220897,1.47106624662502,0.0990722653934419,0.19212921789718795,0.013303476103152,0.09678479116233882,0.6455312289131372,2.980586996051516,1.036906123439754,56.4473503679776,56.45481613932423,56.46290169595974,56.46458582153752
304.0,11.776,0.2432722784877913,0.1781422910184129,0.5962933330536857,0.0055750602357944965,0.1905589743220859,-0.10408548315974504,-0.0021289732831860702,-0.004669625563777564,1.4741945905840252,0.09780280952572847,0.19048197719596052,0.01302163147687764,0.09555741289806718,0.6477001761933413,2.979791027650874,1.0367277215122088,56.49705675680772,56.50349121262826,56.50865310477603,56.51120023546615
305.0,11.808,0.24342379832721492,0.1841936998006508,0.5933792733382586,0.004734994981988451,0.18910652444493486,-0.09106436610709776,-0.001782250022184157,-0.0040396706507169235,1.4772831706972858,0.09655561024788448,0.18902659470001812,0.012719776766593183,0.09406550510208204,0.6501558644855077,2.9790282474919714,1.036576201672785,56.54135175908066,56.54732323561664,56.54882755049753,56.552816494544764
306.0,11.84,0.24355277296334957,0.1902047098291642,0.5908976615181055,0.004030457379207774,0.18784406339104348,-0.07755036937978278,-0.0013817085629243729,-0.00340193355263716,1.4803276693442171,0.09517141312915997,0.18776765943747242,0.012384207602531064,0.09220339563941095,0.6528845175086714,2.9782915872665634,1.0364472270366505,56.58002319145138,56.58601122100462,56.58340289538577,56.58928693579153
307.0,11.872,0.2436640857406077,0.19618148340097918,0.5888622828750355,0.003478524289316287,0.18677417411921782,-0.06360558259593802,-0.0009532529727538498,-0.0027641090584354577,1.4833195930168261,0.09352045368116234,0.18670730520036816,0.01200616172545158,0.08990283092633379,0.6558714270387379,2.977573676673757,1.0363359142593924,56.612893174595705,56.619279186813024,56.612379681875076,56.62046416067708
308.0,11.904,0.24376288791001496,0.20213021007686427,0.5872848748285687,0.003087567793977339,0.18589770862140875,-0.04929400145208675,-0.0005214755457187891,-0.0021335672371586107,1.4862473602194899,0.09150702732678684,0.18584541528166557,0.01158166741705496,0.0871336693787551,0.6591009778679321,2.9768671571293512,1.0362371120899851,56.63981797950995,56.64688236613909,56.63577333159912,56.64620237676211
309.0,11.936,0.24385433315021365,0.20805704952002732,0.5861750746395274,0.0028576637562090544,0.1852137325988452,-0.03468125590753987,-0.0001085930181282331,-0.001517103254725318,1.4890974690949903,0.08907188500830161,0.18517988814152903,0.011111177082622062,0.08390230832778399,0.6625566778435971,2.9761649783033666,1.0361456668497864,56.66068850561852,56.66861146311288,56.65360663717165,56.66636198639935
310.0,11.968,0.24394333721664513,0.21396807467384849,0.5855403760588395,0.0027813770759835934,0.18471953605691122,-0.01983433064649957,0.00026638934960375373,-0.0009206823395464922,1.4918556727698156,0.08619239004413787,0.18470692069002156,0.01059901838178413,0.08024805416371969,0.6662211975264837,2.975460664760544,1.036056662783355,56.675431937858555,56.68429479215951,56.66590282056931,56.68081730979004
311.0,12.0,0.24403437231107808,0.21986921791509337,0.5853860953136968,0.002844846701029709,0.18441072628890243,-0.004821273285708634,0.0005882717438316159,-0.0003492379756367015,1.4945080929817374,0.08288052929520211,0.1844212564056132,0.01005270214266597,0.07623778851823218,0.6700764227206857,2.9747485424621596,1.035965627688922,56.68401394280425,56.69379906565327,56.67267992806581,56.68946576832466
312.0,12.032,0.24413130303960484,0.22576622267088917,0.5857153469268004,0.0030290852664613026,0.18428139861861853,0.010289112909487438,0.000846012476276934,0.00019341095154225892,1.4970422100172307,0.07917902157066624,0.18431636080421632,0.009482133290009548,0.07195939646109824,0.6741035200036262,2.9740239177181564,1.0358686969603952,56.68643942679823,56.697030510044556,56.67394796996676,56.69223538715872
313.0,12.064,0.2442372680254246,0.23166460204643413,0.5865290298178484,0.003311405806867039,0.18432435548578,0.025427590345249832,0.0010328491082439604,0.0007044842138576093,1.4994476788429858,0.0751558953997922,0.18438452463419056,0.008898776337442002,0.067514492717617,0.6782830118463028,2.973283204176846,1.0357627319745755,56.682749703190495,56.69393781159583,56.66971011727087,56.68908761959423
314.0,12.096,0.2443546085137292,0.2375696045337947,0.5878258239108162,0.003666890259519138,0.18453132773001737,0.04052481540524341,0.0011462028161286291,0.0011820240596781186,1.501716936571636,0.07089800382143639,0.1846169323394066,0.008314827479688877,0.06301099799917864,0.6825948560349486,2.972523996415963,1.0356453914862709,56.67301572159513,56.68451660582375,56.65996784229481,56.68001498135521
315.0,12.128,0.24448484277145727,0.24348618548231823,0.5896021971585124,0.00406982055400212,0.18489315464136052,0.055511663990506034,0.001187386016143832,0.0016246173423093977,1.5038455834872955,0.06650399411595427,0.18500374308633377,0.007742439409703629,0.058556078105108475,0.6870185250255786,2.9717450914567443,1.0355151572285428,56.65732969499665,56.668813083120014,56.64472795305964,56.66503622897967
316.0,12.16,0.2446286828517101,0.24941898236051394,0.5918524226558336,0.004495002507901194,0.18539990244361548,0.0703195467912885,0.0011611416822530987,0.002031154887581054,1.505832536846,0.06207724944268986,0.18553421041256277,0.007193034675641588,0.054249874850295754,0.6915330837629696,2.9709464618866073,1.03537131714829,56.635798615358276,56.64692394382603,56.624008809745625,56.64419297964745
317.0,12.192,0.2447860884597172,0.25537229216578206,0.5945686054519862,0.00491892525022151,0.18604093141462857,0.08488071237976867,0.0010750530131632215,0.002400694249339679,1.5076799718230283,0.05771927076431502,0.18619683638250803,0.006676732525350295,0.05018034896203272,0.6961172673345569,2.970129186133914,1.0352139115402827,56.60854171870315,56.618991900638676,56.59784430409363,56.61754980936722
318.0,12.224,0.24495635130181842,0.2613500503172084,0.597740718773877,0.005320713815663322,0.18680494223207394,0.09912854130908816,0.0009388695669822692,0.0027324332371723957,1.5093930762083205,0.05352388352937182,0.18697953994247712,0.006201905089985456,0.04641943752604569,0.7007495610598052,2.9692953427620794,1.0350436486981816,56.575691449901136,56.58519831421591,56.56628609581808,56.585197015516606
319.0,12.256,0.24513820245785106,0.2673558113964935,0.6013566495326973,0.005682848626020054,0.18768003372765849,0.11299783621313346,0.0007637973520230368,0.0030257568374331507,1.5109796543040395,0.04957254953617002,0.18786982107708955,0.005774871227003264,0.043020612650674736,0.7054082851028373,2.9684478764736797,1.034861797542149,56.53739602318626,56.54575538502233,56.529405455102236,56.54725384080814
320.0,12.288,0.24532993497945013,0.27339273272830933,0.6054022530960771,0.005991641299970917,0.18865379161924437,0.1264251113556185,0.0005617960047386615,0.003280308124993488,1.5124496208626284,0.04593095304689293,0.18885491226076848,0.005399729268238519,0.04001782055810716,0.7100716842913973,2.967590443893958,1.0346700650205498,56.49382184782777,56.500899531906036,56.48729560129292,56.503870447169795
321.0,12.32,0.24552953403301314,0.2794635619026857,0.6098614173183576,0.006237470423844054,0.18971341169926065,0.13934888194626685,0.0003449187880219511,0.003496046529634746,1.5138144278878587,0.042646921022554435,0.18992191667333855,0.005078322895875489,0.037425687877300544,0.7147180224540446,2.966727247187596,1.034470465966987,56.44515501913243,56.45088637366666,56.44007454462184,56.45522812266863
322.0,12.352,0.24573480740657347,0.2855706290840721,0.6147161357397022,0.0064147929237602245,0.1908458494183257,0.15170995066701706,0.00012472314821168352,0.003673276886254396,1.5150864659421759,0.039749637927430706,0.1910579356413157,0.004810327842689334,0.035240810658133136,0.7193256797356494,2.9658628631966706,1.0342651925934265,56.391601837324664,56.3959870114849,56.38788790693217,56.40153804184913
323.0,12.384,0.24594351000679623,0.2917158445410027,0.6199465897293165,0.006521956256961414,0.19203798302908065,0.16345168717544684,-8.822794227494017e-05,0.003812648240820315,1.5162784777244924,0.03725003250335676,0.1922501873583964,0.0045934417562635815,0.03344389532048,0.7238732510692345,2.965002075118539,1.0340564899932039,56.33338862672106,56.33648518113095,56.33091115237633,56.34303914669795
324.0,12.416,0.2461534570059558,0.29790070143008596,0.6255312391996634,0.0065608437237367765,0.19327677778385194,0.1745202959483395,-0.0002847605575451356,0.003915129330760016,1.5174030157694842,0.0351421521487173,0.19348611749576447,0.004423655825032192,0.03200249971254037,0.7283396441031886,2.964149712827929,1.0338465429940442,56.2707611341811,56.27267499385029,56.26935086888737,56.279995618962886
325.0,12.448,0.246362621479392,0.30412628355810833,0.6314469213862627,0.006536389794880957,0.19454944150069914,0.18486506833122873,-0.00045737350300754806,0.003981969818028966,1.5184719689415351,0.033405302321332875,0.19475350120872825,0.004295584766459438,0.030874123952238496,0.7327041752066454,2.9633105068568453,1.033637378520608,56.20398369413532,56.2048591493123,56.20344497951767,56.212694237817075
326.0,12.48,0.24656921362388534,0.31039327764407465,0.6376689570863759,0.00645600451541685,0.1958435651864472,0.1944386156285392,-0.0006004103890245741,0.004014655465302747,1.5194961747114877,0.03200671311228805,0.19604053564492618,0.004202831427399631,0.03000942013848089,0.736946662551491,2.9624889598538027,1.0334307863761147,56.13333826412781,56.13334758747151,56.13346193142012,56.141441779971636
327.0,12.512,0.24677173989378692,0.31670198949535033,0.6441712636833723,0.006328945934424424,0.19714724535236494,0.20319708115613588,-0.0007101248739048624,0.004014863450800939,1.5204851266714219,0.030904499875161865,0.19733592221110569,0.004138363320442028,0.02935532198192163,0.7410475156087811,2.961689238124374,1.033228260106213,56.05912338335235,56.05845655808121,56.05969900204169,56.06656253888578
328.0,12.544,0.2469690415699382,0.3230523634751103,0.650926474248606,0.006165677379727641,0.19844918686749857,0.21110033016355134,-0.0007846485523087107,0.003984421897526729,1.5214467798746527,0.030050705192322516,0.19862893827946873,0.004094880633459861,0.028857934681013563,0.7449878206603053,2.960915084675776,1.0330309584300619,55.981653078439734,55.98050806402922,55.982479900419705,55.988395996875454
329.0,12.576,0.24716031333303287,0.32944400464901535,0.6579060620023727,0.005977242596708234,0.19973878668453296,0.21811211730520996,-0.0008238746486135239,0.003925275829912761,1.5223874507349477,0.029394240647633085,0.19990949847460562,0.0040651582955313955,0.028465067388111144,0.748749422103105,2.960169754105829,1.0328396866669671,55.901255724278606,55.899829606333704,55.90215184895431,55.9072946599373
330.0,12.608,0.24734510330810114,0.3358762030386604,0.6650804694219813,0.005774686720883335,0.2010061996764073,0.22420023186276916,-0.0008292732255384498,0.003839460274900916,1.523311803576253,0.028883584157598095,0.20116820603524468,0.004042348255562344,0.02812833173029303,0.7523149994233832,2.9594559687345656,1.032654896691899,55.818272856793,55.81675413862423,55.81908232185462,55.823622049732606
331.0,12.64,0.24752329675452528,0.34234795946383656,0.6724192413006962,0.005568545200754395,0.20224238828675506,0.22933662120984044,-0.0008036550145594547,0.003729080110467188,1.5242229125540274,0.02846912791504556,0.20239639493392977,0.004020231945583566,0.027804767429195507,0.7556681397522919,2.958775894604012,1.0324767032454747,55.733057927520186,55.73162013110278,55.73365559824504,55.73775083660585
332.0,12.672,0.24769508608473603,0.34885801251516496,0.6798911610802179,0.005368416569086032,0.20343915785401237,0.23349749311005177,-0.0007509012839485321,0.003596295518527924,1.5251223855295835,0.028105110089272245,0.20359646243761784,0.0037794316287834495,0.025985700161120066,0.7587931801437957,2.9581311353829265,1.0323072397742004,55.630135480600764,55.63319273311742,55.65908905517875,55.66450944237469
333.0,12.704,0.24786093021315503,0.3554048662097537,0.687464376843213,0.00518262901309362,0.2045891779558979,0.23666299259359944,-0.0004549602384015955,0.0034538160315431476,1.5259847374461426,0.026945642551132732,0.2047677923040317,0.0031040710332838574,0.02122094774130585,0.7616754304541348,2.9575227418606294,1.0321760583891242,55.52087846749921,55.5325184972238,55.58353683141984,55.594795580934566
334.0,12.736,0.24802374218521653,0.36198682434776297,0.6951065401645377,0.005087874126921857,0.2056861918127895,0.23881760379139394,0.00034425074116657494,0.003312542380532686,1.5267469604552746,0.023819091403266424,0.20588373862299983,0.0023882660736254087,0.016239371624614262,0.7643018243526263,2.956949001723377,1.0320899689100647,55.45443655139318,55.46749434619462,55.466594559391446,55.48385564370462
335.0,12.768,0.24819149205062888,0.36860199346224204,0.7027849699295433,0.005242183294135862,0.20672403482747073,0.23995093015642655,0.0012577862839962288,0.0031542666730737653,1.5273767889817025,0.019685996935870632,0.2069424383911065,0.001560314888569358,0.010555589601257331,0.7666603639502174,2.9564028206581603,1.0320416443333749,55.36816692919816,55.384159049325596,55.36876739653116,55.38929690574219
336.0,12.8,0.2483732451869262,0.37524828088739104,0.710466793534622,0.005679785509291041,0.20769648203590607,0.24005698765871045,0.002193866311791859,0.002977898896802046,1.5278473845362583,0.01471553386435481,0.20793910816020264,0.0006097724803464967,0.004105427944886308,0.7687401464892194,2.9558756633698398,1.0320226111464883,55.278652915540874,55.29771837410736,55.273756508810735,55.29713147392212
337.0,12.832,0.24857823236534848,0.38192342378664984,0.7181190803908833,0.006405849325696698,0.20859821560183736,0.23913396425816516,0.003107399167977446,0.002784647670829617,1.5281332439270499,0.008949045954953628,0.20886981151349612,-0.00045937228158807013,-0.00307904791331648,0.7705314250585585,2.9553584744072583,1.0320241768840528,55.18855917321813,55.21070264586313,55.17963880327691,55.20560770610498
338.0,12.864,0.24881539851440507,0.3886250176747246,0.7257089805198312,0.007411442158018228,0.20942480900233687,0.23718437902962136,0.003964230918215732,0.0025767791253195347,1.5282100340144718,0.002422635070604311,0.20973178087292835,-0.0016362239533805629,-0.010921888200600138,0.7720256771117825,2.954842127821013,1.0320378799057333,55.09860335865071,55.12371700247126,55.08654520643284,55.11480965569712
339.0,12.896,0.24909306660397715,0.3953505490624909,0.7332038650864917,0.008677127799127514,0.21017285586769577,0.23421514270813967,0.004736663132982786,0.002357328993108621,1.5280552780583494,-0.004806229070273748,0.21052348429512718,-0.0029049645318938565,-0.019317047995249137,0.7732156678111184,2.9543177681110295,1.0320558249092548,55.00924357623078,55.03709923607014,54.99488898719542,55.02507660305596
340.0,12.928,0.24941867024358796,0.4020974321629174,0.7405714677491672,0.010175113737838004,0.21084009688832736,0.2302375832086074,0.005403247268277661,0.0021298891136870193,1.527649185960577,-0.012654149444246063,0.2112445985208017,-0.0042461404937456995,-0.028137033189351967,0.7740955032963557,2.9537770886203396,1.0320709505678352,54.92091364067812,54.951168056511875,54.905099231523664,54.93677635067034
341.0,12.96,0.24979855171020984,0.40886304844888444,0.7477800255161812,0.011871295831933696,0.21142550893647036,0.2252674302191877,0.005948927977866496,0.0018983654144454605,1.5269753988333203,-0.021014400625260166,0.21189591454016998,-0.005637881376963218,-0.03724079427993216,0.7746606708838936,2.953212550452256,1.032077232558291,54.83404854169954,54.86626013875813,54.8175791254744,54.85027310303449
342.0,12.992,0.25023782558928576,0.4156447873491001,0.7547984176890589,0.013727308721122275,0.21192934063173924,0.21932475540242782,0.0063649906087237295,0.001666719001707033,1.5260215578699228,-0.029762351246227215,0.21247918776365324,-0.007057082083633591,-0.046481185082904726,0.7749080648585562,2.9526175414403633,1.0320698217562427,54.74908109678426,54.782733699131704,54.73269930729969,54.76592204029895
343.0,13.024000000000001,0.2507403062824327,0.4224400861298019,0.7615963015188981,0.015702521660842364,0.21235308689693064,0.2124338696824766,0.006648766483953581,0.0014387157746441333,1.5247796649974856,-0.03876192770164813,0.21299694680746398,-0.008480508317782978,-0.05571180270593796,0.7748359980260151,2.9519864765312174,1.032045119269849,54.66643571133655,54.700965630432535,54.65079765499517,54.68406723591636
344.0,13.056000000000001,0.2513084953189536,0.4292464669774073,0.7681442433759262,0.017755907391277925,0.21269940148766953,0.20462318303212845,0.006803125851626668,0.0012177067993871232,1.5232462318376954,-0.047872217300191165,0.21345227745150008,-0.009885785714978784,-0.06479301771108537,0.7744442003928502,2.951314843155716,1.0320007922585706,54.58652283211833,54.621346790237304,54.5721808711503,54.6050401146749
345.0,13.088000000000001,0.2519436224522173,0.4360615694384792,0.7744138444848457,0.019847722914490325,0.21297195190849558,0.19592503465373415,0.006835801749242095,0.0010064551875485894,1.521422229737835,-0.05695370200152366,0.21384859922038796,-0.011252243823780372,-0.07359705553063457,0.7737338071448273,2.9505991970280183,1.0319357363994384,54.509734537234586,54.544276556867665,54.49712691485076,54.52915830933413
346.0,13.120000000000001,0.25264573303938315,0.4428831766534772,0.7803778605632794,0.021940955848932776,0.21317522546868814,0.18637550245105186,0.006758590663102354,0.0008070183801498457,1.5193128631300803,-0.06587381893415302,0.21418945122599592,-0.012561597006157861,-0.08201204437287259,0.7727073384801509,2.9498371152121425,1.0318499923129467,54.43644125424352,54.47015714018744,54.42588794641644,54.45672496222738
347.0,13.152000000000001,0.2534138132008507,0.44970923420312375,0.7860103149758969,0.024002505045861412,0.2133142984264544,0.17601420039429685,0.006586475385654098,0.0006206886888281837,1.5169271939957463,-0.07451166522353027,0.21447830182148173,-0.013798454138401703,-0.08994499456153893,0.7713686738535482,2.9490271142315976,1.0317446242415431,54.36698949996247,54.39938796035757,54.35869356942092,54.38802842637786
348.0,13.184000000000001,0.2542459437126536,0.4565378608358376,0.7912866052508573,0.026004078493839487,0.213394582272307,0.16488407109251077,0.006336713168613033,0.00044799028642903327,1.5142776481230604,-0.08276174573358269,0.21471839379854776,-0.01495065741641234,-0.0973237186960997,0.7697230228638215,2.9481685414893932,1.0316215698104148,54.30170048521753,54.3323603143616,54.29575417980086,54.32334224250686
349.0,13.216000000000001,0.2551394734639874,0.4633673508309144,0.7961836029776217,0.02792280472918224,0.21342156234615045,0.15303117896138863,0.006027928563292257,0.00028872780070087335,1.5113794348908483,-0.0905367223723658,0.21491263380650868,-0.01600945751372982,-0.1040977405356309,0.7677768944538683,2.9472614483515454,1.0314834698317161,54.24086939743596,54.26945247265982,54.23726423520941,54.26292523263861
350.0,13.248000000000001,0.2560912035655714,0.4701961682498859,0.8006797472066093,0.029741565674500064,0.21340054434285954,0.14050450715586196,0.0056792455770570075,0.00014208015567345066,1.5082499119301425,-0.09776917101819971,0.21506353169517758,-0.016969537816595784,-0.11023827235279787,0.7655380653722248,2.946306452974023,1.0313334868883095,54.18476516790442,54.21102527209394,54.18340525215071,54.207021553299576
351.0,13.280000000000001,0.25709757376751435,0.4770229338181889,0.8047551315014186,0.03144906881071688,0.2133364240094677,0.12735575921279235,0.005309488292981217,6.732924869999036e-06,1.5049079245180985,-0.10441239032479857,0.21517319259930773,-0.017828904533087143,-0.11573736517196592,0.763015548045956,2.945304600375738,1.031175120907203,54.133630553107686,54.1574181913631,54.134348323780266,54.15586058491353
352.0,13.312000000000001,0.2581548436782807,0.4838464056449938,0.8083915847598733,0.03303968471144757,0.2132334945876538,0.1136391643267071,0.0049364732043063715,-0.00011895748914491272,1.5013731471864842,-0.11044033697978853,0.21524336144955306,-0.01858866223238638,-0.12060635374896402,0.7602195572058557,2.944257226437994,1.0310120291656744,54.08768241143728,54.10894581229686,54.09025592660681,54.10965659282393
353.0,13.344,0.2592592623077432,0.49066545541459533,0.8115727458315946,0.03451308217070606,0.213095305300059,0.09941128349129554,0.00457641045430425,-0.0002367750114593547,1.4976654519909236,-0.11584678500344754,0.21527551557672833,-0.019252695910090198,-0.124873728818062,0.7571614738606455,2.943165831505471,1.0308478572250142,54.04711213110189,54.065894493102626,54.05128275798919,54.06860817124693
354.0,13.376,0.26040722062533145,0.4974790420456342,0.8142841318306446,0.0358736974246324,0.21292458221996452,0.08473081247031479,0.004243425131081338,-0.00034843963301550755,1.493804324375631,-0.12064382288167982,0.21527099553549875,-0.019827281106142413,-0.12858257387470198,0.7538538046387556,2.94203196813762,1.030686086216559,54.01208624193088,54.0285190356796,54.01757534743067,54.03289755765403
355.0,13.408,0.26159538306740193,0.5042861850783263,0.8165131998888636,0.03713007631470259,0.21272321977162925,0.06965837681934325,0.003949203895971766,-0.0004554014909843613,1.489808343749114,-0.12485981238805373,0.21523115719555028,-0.020320643094037933,-0.13178770363247805,0.750310134256033,2.9408571463743183,1.0305299007665696,53.98274728184892,53.99703916848984,53.98927027093796,54.00268994927473
356.0,13.44,0.2628207951850484,0.5110859401592237,0.8182494019415453,0.03829412867645262,0.2124923462780424,0.05425631414630173,0.003702766702934234,-0.0005586538662187329,1.4856947419031907,-0.12853693769635338,0.21515752097979488,-0.020742485006259,-0.1345526372742455,0.7465450691223972,2.939642758697044,1.03038208068842,53.9592149308384,53.9716358524644,53.966491042123096,53.97813291880867
357.0,13.472,0.26408096583470303,0.5178773788755154,0.8194842320132647,0.039380332801706615,0.2122324598841164,0.0385884397412321,0.0035103584829768125,-0.000658592758553454,1.4814790483806475,-0.13172847368873214,0.21505189027408605,-0.02110350339459298,-0.13694653233852144,0.7425741710424387,2.938390025745747,1.0302449184317346,53.941587232595275,53.952447777709914,53.9493441880031,53.95935587748762
358.0,13.504,0.2653739234236772,0.5246595747768417,0.8202112654167485,0.040404924655443285,0.2119436219164444,0.022719793858868416,0.003375451845397169,-0.0007549536236209212,1.4771748279290546,-0.13449589893706632,0.21491641494196,-0.02141490859914406,-0.13904119464004652,0.7384138815899214,2.937099962844699,1.030120163187858,53.92994144763496,53.93956886116146,53.93791553381139,53.94646930309682
359.0,13.536,0.2666982466879813,0.5314315966858157,0.8204261893283917,0.041385102009502926,0.2116256846554398,0.006716372238851209,0.0032988495156626766,-0.0008468488832944775,1.4727935113708512,-0.13690597204968982,0.21475359006769593,-0.021687966603800166,-0.14090826573536552,0.734081439692514,2.9357733665359453,1.0300089915288082,53.92433391855616,53.93304781035903,53.932268008032366,53.93956329097219
360.0,13.568,0.2680530712799119,0.5381925094082058,0.8201268243756829,0.042338268497830976,0.21127852257469043,-0.009355154772152504,0.003278874492996755,-0.0009329095553744752,1.46834431769033,-0.13902787996864718,0.21456620128778384,-0.02193357841323823,-0.14261667207173578,0.7295947965278771,2.9344108196293632,1.0299120035148033,53.924798550812575,53.932890537114325,53.93244193989204,53.93870512200264
361.0,13.6,0.26943807408847276,0.5449413809047099,0.8193131371374255,0.04328133776752663,0.21090223426575136,-0.025427726195542653,0.003311636193933064,-0.0010115045566212704,1.4638342620228233,-0.1409305533739835,0.21435724655892335,-0.022161911515528886,-0.14423040011907662,0.7249725321955698,2.933012712734855,1.0298292423543782,53.93134420682855,53.93906526825322,53.93845773846659,53.94393606402229
362.0,13.632,0.2708534377441706,0.5516772941621082,0.81798724374354,0.044230114240557214,0.2104972892936969,-0.041434168558920174,0.003391360925432799,-0.0010809844735921888,1.4592682416582086,-0.14268022809416556,0.214129868957101,-0.022382094919326,-0.14580664179378,0.7202337774182841,2.9315792798012863,1.0297602349570667,53.94395212046561,53.951509019825934,53.95031951360643,53.95526826904455
363.0,13.664,0.27229979821471345,0.5583993616575842,0.816153404972724,0.045198764704464406,0.21006460923362455,-0.05730746158799991,0.0035107737265548463,-0.001139888270563871,1.4546491902079484,-0.1443383136818667,0.21388732273000413,-0.02260198468079969,-0.14739433699758564,0.7153981411795465,2.930110644804445,1.02970405010674,53.96257470300183,53.97013347587586,53.968017551652814,53.972682872041666
364.0,13.696,0.27377817880004574,0.5651067405302503,0.8138180133151565,0.04619939329163383,0.20960558977081692,-0.07298098929898668,0.003661515795870483,-0.0011870684287955268,1.4499782887063306,-0.14595961301778482,0.21363297338119894,-0.02282800188350296,-0.1490331264923639,0.7104856427977524,2.9286068763879336,1.0296593705340038,53.98713647364606,53.99482876799381,53.99152816504548,53.99612992459606
365.0,13.728,0.2752899141638588,0.571798647207548,0.8109895723891741,0.04724173011915775,0.20912208366555254,-0.08838877893694785,0.003834578618614168,-0.0012217239344825578,1.4452552215230594,-0.14759092156937795,0.21337031536557957,-0.023065041053598957,-0.15075271788000227,0.7055166455108888,2.9270680469955295,1.0296245749024866,54.01753670857288,54.025464884523714,54.02081088917329,54.02552989846494
366.0,13.76,0.2768365682437499,0.5784743709737737,0.8076786689327645,0.04833293999659777,0.20861636769455344,-0.10346573301280017,0.004020734295842031,-0.0012433629657017825,1.4404784644511712,-0.14927002222662317,0.21310298622379756,-0.023316444593505556,-0.1525726581333157,0.7005117885975801,2.9254942928981014,1.0295978256528653,54.053652602355555,54.06189156381731,54.05580425284768,54.06077583501269
367.0,13.792,0.27841984991401525,0.5851332865192901,0.8038979374144403,0.04947755219579168,0.2080911107973855,-0.11814785994763283,0.004210942468725565,-0.0012517331238461272,1.4356455921493867,-0.1510250807259313,0.21283476225710016,-0.023584037644684242,-0.15450249626180543,0.6954919160453789,2.92388587156296,1.0295771587550877,54.0953417623047,54.10393788660994,54.09642166831891,54.10173520615717
368.0,13.824,0.2800415301137306,0.5917748657285564,0.7996620171863299,0.05067750624110526,0.20754935028957278,-0.1323725071284489,0.004396717303170249,-0.0012467540173693344,1.4307535922669212,-0.15287443634814674,0.21256953108804924,-0.023868217084224045,-0.15654230895680576,0.6904780011047463,2.922243213053786,1.0295605716734941,54.14244348924524,54.151412416552304,54.14254847325965,54.14825103638722
369.0,13.856,0.28170336381557665,0.5983986888837954,0.7949875020581056,0.0519323031826883,0.2069944736012191,-0.14607859775700782,0.004570442104709663,-0.0012284727092314106,1.425799174087139,-0.15482677202570133,0.21231124448699862,-0.024168087591754057,-0.15868355120223843,0.6854910671558215,2.9205669625614594,1.029546106217036,54.194778975417655,54.20410412698288,54.19404040456299,54.20014236970392
370.0,13.888,0.28340701973970167,0.6050044552121034,0.7898928821925949,0.05323924762890698,0.20643019775962496,-0.15920687079721052,0.0047256231837894055,-0.0011970470290873134,1.4207790604025365,-0.15688163717466888,0.21206385845393727,-0.024481636800347446,-0.16091018391767709,0.680552105911716,2.9188580117031906,1.029531923397546,54.25215089779758,54.261783912746765,54.2507232717264,54.257204443749245
371.0,13.92,0.28515402015963454,0.6115919924302871,0.7843984782859791,0.05459376312290198,0.20586053806823776,-0.1717001220817442,0.004857078056563003,-0.0011527511982755323,1.4156902525548125,-0.15903028601374425,0.21183126762531912,-0.024805940641481394,-0.16320002250433532,0.6756819941195107,2.917117516839557,1.0295163679298631,54.31434288544096,54.32420633673417,54.31239343850695,54.31920893317609
372.0,13.952,0.2869456925449367,0.6181612647402959,0.7785263680715911,0.055989762040692,0.20528975968777516,-0.1835034441996229,0.004961055923180043,-0.0010959938474079942,1.4105302600942402,-0.1612567845479585,0.21161723948634112,-0.025137389318464903,-0.16552624409404537,0.6710401548251694,2.9153469033052994,1.0294980205606112,54.404207731567645,54.414199876071685,54.40190735319265,54.40899304687296
373.0,13.984,0.28878317303903794,0.6247123632166319,0.7723085359543066,0.0574212654406644,0.20472182738550165,-0.194307253665142,0.005035278252611354,-0.0010273336641245185,1.405297257289205,-0.16354030040628215,0.21142497821808626,-0.025472531479320687,-0.1678632463559682,0.6669553362461491,2.913548020035867,1.0294756954005826,54.549822191191055,54.559817057605855,54.54724023581369,54.55453715319764
374.0,14.016,0.2906674349872249,0.6312454909269116,0.7657969374804077,0.058883185880842806,0.2041602409462403,-0.2034874523093413,0.0050782403600774,-0.0009475926403217877,1.3999901271076929,-0.1658586072324105,0.2112570853684039,-0.02580847817269414,-0.17018937379396104,0.6633606958966112,2.9117232013758185,1.0294484112436622,54.68521874520081,54.695087564572965,54.682370288915855,54.6898245357899
375.0,14.048,0.2925991619086884,0.6377610079200843,0.7590399924192647,0.060366466295733806,0.20360990603664525,-0.21115453316071836,0.005088853202687503,-0.0008579044516764768,1.394608544592309,-0.1681868659897005,0.2111169479971454,-0.026140456133788653,-0.17246988244391043,0.6601974123890179,2.9098746524994037,1.0294155286244644,54.81106188285665,54.82070184072687,54.808336078557474,54.81582818650409
376.0,14.08,0.29457873426125825,0.6442594277091263,0.7520828598971279,0.06186163601780767,0.20307561840756158,-0.21741039131677514,0.005069057705743954,-0.0007593455836123839,1.3891531545236058,-0.17049475103230402,0.21100746062745718,-0.026463638571657802,-0.17466992541092144,0.6574137229023357,2.908004462533619,1.0293767640640712,54.928205761082985,54.93747259834873,54.92576433444838,54.933198194697106
377.0,14.112,0.2966062459720867,0.6507414090555056,0.7449676799283184,0.06335974096338849,0.2025619170743542,-0.2223493740252968,0.0050222907592234215,-0.0006531928841120017,1.3836256538186391,-0.1727493330425182,0.21093107862946092,-0.02677363913322614,-0.1767578157624562,0.6549640761540554,2.90611459502395,1.029332173994358,55.037318308928654,55.04607539764107,55.03527286395869,55.04254970612603
378.0,14.144,0.2986815357204541,0.6572077425141645,0.7377337855510571,0.06485280463648131,0.20207292058308982,-0.2260591992894153,0.004953052060333328,-0.0005408814954139398,1.378028775576324,-0.17491820065980226,0.2108897863939704,-0.027066750989681615,-0.17870669399183473,0.6528083870155688,2.9042068691798346,1.0292821227071265,55.138975976610965,55.14710260648022,55.13740315799805,55.144430501456924
379.0,14.176,0.3008042288294996,0.6636593325093672,0.7304178893119189,0.06633415965767193,0.20161218735008352,-0.22862175747306848,0.004866590597562936,-0.000423964641183131,1.3723661975012749,-0.17697182339805986,0.21088508027872055,-0.0273401065333422,-0.1804956575737998,0.6509113805737005,2.9022829347988006,1.0292272385028745,55.23368247626551,55.241080559431474,55.232625614335014,55.239322867872
380.0,14.208,0.3029737866953611,0.6700971756102524,0.7230542474471757,0.067798683308173,0.20118259690266369,-0.230113808273223,0.004768596971279182,-0.00030406868166834455,1.366642395575125,-0.17888526176873923,0.21091796401888976,-0.027591778610601435,-0.1821104837182756,0.6492420149048564,2.9003442429225395,1.0291683611537563,55.3218794801589,55.328478016964155,55.321349693970106,55.32765204496299
381.0,14.24,0.30518956069707004,0.6765223358237806,0.7156748047479617,0.06924293755340352,0.2007862566727572,-0.23060758435043663,0.0046648997627064415,-0.00018284581281369978,1.360862459847331,-0.1806393483355661,0.2109889555619667,-0.027820826255802587,-0.183543960667252,0.6477729731162737,2.898392014451344,1.0291064838242245,55.40395519069335,55.409712658248935,55.40393360811562,55.40979458988677
382.0,14.272,0.3074508475465408,0.6829359178556341,0.7083093227630459,0.07066521404596071,0.2004244384954215,-0.23017131202861926,0.00456117834867093,-6.19276396456179e-05,1.3550318870491007,-0.18222140786169064,0.21109810408088805,-0.02802728738362506,-0.18479584239935343,0.6464802163423209,2.896427209080138,1.0290426926192766,55.48025176856331,55.48515664039375,55.48069291985201,55.48608578617223
383.0,14.304,0.30975694318877817,0.6893390393668372,0.7009854936871145,0.07206548881991813,0.2000975472250947,-0.22886965862285705,0.004462704766622431,5.711751283861729e-05,1.3491563634383217,-0.1836255577561257,0.2112450155522007,-0.02821212279330238,-0.18587245691260404,0.6453425903812424,2.894450496891991,1.028978106813915,55.551071878780185,55.555141491178084,55.5519080586023,55.5568260428303
384.0,14.336,0.3121071926480661,0.6957328032703199,0.6937290420035184,0.07344529560274718,0.19980512198383688,-0.2267641151123786,0.004374125080439708,0.0001728213006088495,1.3432415501354138,-0.1848526254249953,0.21142888501163648,-0.028377117834222677,-0.1867860138307713,0.6443414795354934,2.892462234758657,1.0289138225561012,55.61668448088972,55.619962490305724,55.617830813197,55.62228635740409
385.0,14.368,0.3145010336131519,0.7021182710698602,0.6865638156979107,0.07480753015893196,0.19954586873563424,-0.22391332205023964,0.004299287934631496,0.00028384452108212016,1.3372928818628667,-0.18590972524502594,0.21164853347825482,-0.028524749721880793,-0.1875536696677327,0.6434605019912342,2.8904624493798385,1.028850862451345,55.677329950742504,55.6798826613371,55.678689872245386,55.6827129393416
386.0,14.4,0.31693803203372206,0.708496438149994,0.6795118686321778,0.07615620064281736,0.19931772125417868,-0.22037334580415188,0.004241125006109907,0.00038899790118025333,1.331315388343584,-0.18680954738465397,0.2119024475761362,-0.028658029635590963,-0.18819641763574968,0.642685241752286,2.888450828376614,1.0287901329594666,55.733224602532815,55.735136470002814,55.734695480181244,55.73833109371563
387.0,14.432,0.3194179085299524,0.7148682117885676,0.6725935354652433,0.07749614050719764,0.19911792620542682,-0.2161979114667053,0.004201585068693672,0.000487254369184908,1.325313545664014,-0.18756941958240836,0.21218882006050754,-0.0287803293244088,-0.18873787304130493,0.6420030127420117,2.8864267203745197,1.0287323909954065,55.78456466816949,55.78593329807946,55.78604327957684,55.78934846350244
388.0,14.464,0.32194055496475454,0.7212343924946445,0.6658275003269591,0.0788327010875673,0.1989431470649018,-0.21143859807137824,0.00418162053842379,0.0005777532759124534,1.3192911627539925,-0.18821020918291398,0.21250558973962952,-0.02889520199423838,-0.18920302513258605,0.6414026512129702,2.8843891445025984,1.028678220559367,55.83152978292626,55.83246073679697,55.83291741423891,55.835957724166896
389.0,14.496,0.3245060410644144,0.7275956590857151,0.6592308602913901,0.08017144061436998,0.1987895809709565,-0.20614500111153214,0.004181222808049943,0.000659797526306066,1.3132513058934145,-0.18875513530562238,0.2128504796339979,-0.029006206782684903,-0.18961702210897904,0.6408743330674138,2.8823368092286428,1.0286280196590942,55.87428602038001,55.87488772140571,55.875492971906965,55.87833881809469
390.0,14.528,0.32711461147078214,0.7339525577222111,0.6528191845541479,0.0815178251989921,0.19865308239050053,-0.20036486678881912,0.004199500521725611,0.000732844943670652,1.3071962619510085,-0.18922855976166095,0.21322103259071346,-0.029116745213367455,-0.19000404846837954,0.6404094130993242,2.880268139976763,1.028581997257956,55.91298851523844,55.91336751011596,55.913937848990585,55.91666080893992
391.0,14.56,0.32976667404463894,0.7403054949262627,0.6466065700928786,0.08287695543302512,0.1985292876266127,-0.19414420191466564,0.004234793270920212,0.0007964954082827036,1.3011275390098855,-0.1896548204759875,0.2136146439374889,-0.02922991674396752,-0.19038634370549345,0.6400002835274053,2.878181314555508,1.02854017951161,55.94778370944522,55.948040496712466,55.94841412188612,55.95108342753689
392.0,14.592,0.3324627805982391,0.7466547344362784,0.6406056944785005,0.08425332980000436,0.1984137346879888,-0.1875273629493161,0.004284812060731802,0.0008504753943796189,1.295045901238181,-0.19005716324549812,0.21402859109005756,-0.029348398981662485,-0.19078339942476563,0.6396402495041167,2.876074305081718,1.0285024241632532,55.97881125469238,55.979036836886316,55.97907900946284,55.98175837198598
393.0,14.624,0.3352036015039947,0.7530003975981524,0.6348278664055527,0.08565065330486288,0.19830197380856282,-0.18055712727961856,0.004346797318213807,0.0008946214873715161,1.2889514333975838,-0.19045681738180623,0.21446006029993675,-0.029474356441462797,-0.19121135906196038,0.6393234195636227,2.8739449248299214,1.028468441666405,56.006205602986114,56.006478863577115,56.00608550900337,56.00883041513298
394.0,14.656,0.3379898958003489,0.7593424668742529,0.6292830744215713,0.08707169676106823,0.19818966487813988,-0.17327474949941826,0.004417685172899438,0.0009288643149777399,1.2828436292980219,-0.19087224895738092,0.21490617093574713,-0.02960937997174088,-0.19168263145027697,0.6393437105207971,2.871790878275798,1.0284378214025431,56.079870764096455,56.08025671404012,56.07935623136177,56.08221181138968
395.0,14.688,0.34082256077001666,0.7656807853116804,0.6239983191213473,0.0885207803021179,0.19807245116960898,-0.16514860313199944,0.00449427840401465,0.0009532052470466293,1.2767214850983688,-0.19131900933798118,0.21536380999753346,-0.029755659838603357,-0.19221355376125454,0.6397029416921136,2.869609245688154,1.028409983412475,56.15139045995332,56.15186045075305,56.15023077354283,56.1533389604362
396.0,14.72,0.3437025207333207,0.7720150701424353,0.6189998110387346,0.08999874885325101,0.19794640096109148,-0.15620337758164696,0.0045720248424239215,0.0009669455550718067,1.270583491397852,-0.19181279276083424,0.2158299003056322,-0.029913604626052616,-0.19280895700489492,0.6403947860870212,2.8673969540618467,1.0283842832426617,56.21908100486119,56.21972934462638,56.21747980742793,56.220816124638965
397.0,14.752,0.3466306751294572,0.7783449185571344,0.6143124270825188,0.09150482487926644,0.19780776295934607,-0.14648074863174418,0.004647536915701398,0.000969869571531919,1.2644278294681541,-0.19236333002655817,0.2163010741232913,-0.030082754996716116,-0.19346838868606428,0.6414119110397257,2.865150875810652,1.028360058425308,56.28275267335289,56.2835963293294,56.28077624796258,56.28435282662409
398.0,14.784,0.34960786123599324,0.7846698157965794,0.6099596067070295,0.09303706582925063,0.19765303873265483,-0.13602563673403834,0.004717941168416744,0.0009617798961137531,1.258252549003911,-0.19297473828165923,0.21677386261590983,-0.030262046118318786,-0.19418768126756375,0.6427459581416131,2.8628679055396526,1.0283366620526488,56.342158016816654,56.34320036075941,56.33987117049517,56.34368059849602
399.0,14.816,0.3526348219382056,0.7909891428305508,0.60596325238993,0.09459252194413638,0.19747896981160679,-0.12488607240936078,0.004780844498496626,0.0009425216696750557,1.2520557152709295,-0.1936465438585709,0.21724473928732346,-0.030449923640414857,-0.19495970161411236,0.6443875311289118,2.8605450325606867,1.028313491259348,56.39705503282748,56.398291534932056,56.3945342361738,56.39855036509138
400.0,14.848,0.3557121783772349,0.7973021838169265,0.6023436350723488,0.09616738871966518,0.19728253082424205,-0.1131130411744125,0.00483438746470437,0.0009120272431224353,1.2458355281599445,-0.19437456270285947,0.21771018025801422,-0.030644452140590625,-0.19577502619973805,0.6463261921554606,2.858179408621525,1.0282900109003486,56.44721522894868,56.44863824582684,56.44454911363529,56.44872795074464
401.0,14.88,0.35884040823610713,0.803608133455688,0.5991193052188848,0.09775718308975721,0.19706092621129737,-0.10076030792074966,0.00487728553300237,0.0008703770752810332,1.2395904165188254,-0.19515167464876643,0.21816674621053223,-0.03084343099413582,-0.19662263057815224,0.6485504670711846,2.855768409383484,1.0282657718556638,56.49242617418147,56.494029471524435,56.48971425854459,56.49399478491916
402.0,14.912,0.36201983036404034,0.8099061045269104,0.5963070101719357,0.09935694149791263,0.1968115959756973,-0.08788422021716027,0.0049088443710822455,0.0008178760605049838,1.2333191090508255,-0.19596855708762972,0.21861118429495946,-0.03104451527929218,-0.1974905774765965,0.651047860488657,2.8533096882659144,1.0282404235556681,56.53249362704655,56.53427598394521,56.52984417291063,56.53414989756784
403.0,14.944,0.36525059624407036,0.8161951361195816,0.5939216185004187,0.10096143375093797,0.19653223727097627,-0.07454348973490517,0.004928948689412026,0.0007551384773045785,1.2270206823703584,-0.1968143988199559,0.2190405437000536,-0.031245336142729965,-0.19836667315601764,0.653804881465253,2.8508012215150424,1.028213720633325,56.56724397405767,56.56921110856154,56.56477052251986,56.56901248536024
404.0,14.976,0.36853268858888233,0.8224742032187838,0.5919760520693472,0.102565385775374,0.1962208468500695,-0.060798950970983257,0.004938026529770355,0.0006831686496227029,1.2206945870209602,-0.1976775864946207,0.21945229305600775,-0.03144361423411886,-0.19923906318110007,0.6568070804372481,2.8482413436284406,1.028185523925914,56.59652706681803,56.59869111723911,56.594342998120766,56.59842485444561
405.0,15.008000000000001,0.3718659271043784,0.8287422283534136,0.5904812265689456,0.10416370360925149,0.1958757854571799,-0.046713296887549535,0.004936991355459904,0.0006034186057843962,1.2143406528598615,-0.1985463441316939,0.21984442336683527,-0.031637259793001,-0.2000967443066064,0.6600390975022985,2.845628772567498,1.0281557963312675,56.62021922148896,56.62259534058712,56.61842997972611,56.622255461327605
406.0,15.040000000000001,0.3752499811677325,0.8349980958562654,0.5894460012180733,0.10575168947981631,0.19549585946411815,-0.03235079221475948,0.004927164466884047,0.0005178009370330971,1.2079590759022951,-0.1994093040423266,0.2202155192977996,-0.03182445372873276,-0.2009299761919532,0.6634847212285109,2.8429626245323005,1.028124594254677,56.63822583725828,56.6408261868602,56.63691922683761,56.64040156583419
407.0,15.072000000000001,0.3786843888083637,0.8412406689236381,0.5888771382728806,0.10732523876972451,0.1950804083553982,-0.017776967037273755,0.004910180800874322,0.00042863792736508804,1.2015503893453046,-0.2002559904585603,0.22056478634302223,-0.03200370574584342,-0.2017305840629417,0.6671269560123387,2.8402424184675477,1.0280920555505872,56.65048288612378,56.653309331890085,56.649718935049634,56.652790863700844
408.0,15.104000000000001,0.38216858096299394,0.8474688091125411,0.5887792728128711,0.10888100483219522,0.19462938090321677,-0.0030582956252953016,0.004887882457049354,0.00033853911638083607,1.1951154219805882,-0.20107720272086982,0.22089203143107272,-0.032173888133075534,-0.2024921505697184,0.6709480949578296,2.8374680709060276,1.0280583849608844,56.65695660960388,56.65999430460137,56.65675945067687,56.65938154707479
409.0,15.136000000000001,0.38570190954752254,0.8536813972885731,0.589154893049642,0.11041651826651848,0.19414338050099939,0.01173813239908893,0.004862206270705676,0.00025021772884415355,1.188655247515657,-0.20186529136452627,0.22119760647794062,-0.03233424669303983,-0.20321010145153173,0.6749297947601316,2.834639882196532,1.0280238380769933,56.65764123977264,56.66085548512077,56.65799564339944,56.660160638399326
410.0,15.168000000000001,0.38928367753807486,0.8598773545109364,0.5900043311440586,0.11193024970475991,0.1936236631988537,0.026544940450519392,0.004835073727876179,0.0001662761592694547,1.182171128418602,-0.20261432691651773,0.22148233286411387,-0.03248439256347305,-0.20388169484947294,0.6790531494843388,2.8317585155319644,1.0279887048103615,56.65255531153115,56.65589322507615,56.653409492994804,56.65514105118162
411.0,15.200000000000001,0.392913169086318,0.866055661096412,0.5913257642826895,0.11342161088259858,0.19307208079611168,0.041294785582214576,0.0048082923712288944,8.900320786218082e-05,1.1756644577622053,-0.2033201670282949,0.22174742566564598,-0.03262427965730712,-0.20450592795200195,0.6832987614201376,2.8288249704055293,1.0279532932556914,56.641737760632516,56.64513458347462,56.643012120244684,56.644358341097394
412.0,15.232000000000001,0.39658967778445475,0.8722153722516992,0.5931152256106265,0.11489089681677296,0.19249097360272607,0.0559206664980313,0.0047834766709313,2.022406854529453e-05,1.1691367021765413,-0.20398043230305654,0.22199442985383344,-0.03275417205240186,-0.20508337697286314,0.6876468089303165,2.8258405521193874,1.0279179146892405,56.625245096070344,56.62863323184499,56.626844555457424,56.627868198361995
413.0,15.264000000000001,0.4003125315445666,0.8783556291775664,0.5953666245750473,0.11633918000349468,0.19188302893334894,0.07035621763815107,0.004761993144153295,-3.877207445982937e-05,1.1625893484798993,-0.20459440455765251,0.22222517097089076,-0.03287460450038143,-0.20561598729721683,0.6920771127493,2.8228068387526695,1.027882870279219,56.60315040100597,56.60646842375606,56.60497701278951,56.60574532099766
414.0,15.296000000000001,0.40408111308383615,0.8844756652697084,0.5980717762909113,0.11776817310217384,0.19125112787943943,0.08453599112075154,0.004744930363717704,-8.722529018641571e-05,1.1560238559365672,-0.20516286318842344,0.22244171534990384,-0.03298633812976691,-0.2061068302639282,0.6965692030067439,2.8197256466331484,1.0278484399145906,56.575544082055394,56.578743334639434,56.577507037641745,56.578083653359734
415.0,15.328000000000001,0.40789487558095155,0.8905748077501984,0.6012204396526878,0.11918007803485622,0.19059820251531007,0.09839573005551361,0.004733090900296144,-0.00012483755905247034,1.1494416154801648,-0.20568787590015478,0.22264633257266897,-0.033090312898770374,-0.20655984190514956,0.7011023892009907,2.8165989949570482,1.027814873396424,56.54253564514228,56.545583297989765,56.54455724810404,56.54499745927653
416.0,15.36,0.41175335356554216,0.8966524755769636,0.6048003640295959,0.12057743701846292,0.18992711958642353,0.1118726367783851,0.00472700024279496,-0.00015167321028615279,1.1428439167035016,-0.206172559610441,0.2228414548041898,-0.03318759839020714,-0.20697955743660582,0.7056558346439098,2.813429069865197,1.0277823840908131,56.50425560936692,56.50713439223246,56.50627334013532,56.506622548574455
417.0,15.392,0.41565616944848915,0.9027081747150545,0.6087973444551381,0.12196299634209355,0.18924059806534038,0.12490563829819351,0.004726927471794008,-0.0001680541592177596,1.136231922966971,-0.20662082623151992,0.22302963127573072,-0.03327934479921593,-0.20737085362139632,0.7102086359313103,2.8102181880691166,1.0277511450176955,56.46085691072826,56.46356257257646,56.46282269635838,56.46311714406969
418.0,15.424,0.41960303628516427,0.9087414918354406,0.6131952852376222,0.12333958864609712,0.18854116001206633,0.1374356494526287,0.004732913330733832,-0.00017446861994996,1.1296066546034937,-0.2070371265642379,0.22321347919030723,-0.03336673611228169,-0.20773870937515534,0.7147399071085229,2.8069687600344966,1.0277212872458252,56.41251553264679,56.415053278154176,56.41439357951292,56.41466216524921
419.0,15.456,0.4235937574190769,0.9147520873204571,0.6179762718816817,0.12471003543476969,0.1878311089067648,0.14940583262685797,0.004744802567103186,-0.0001715019873129138,1.122968979878708,-0.2074262038808924,0.22339563373833551,-0.03345094736345913,-0.2080879931044486,0.719228867588762,2.803683252742691,1.0276929003797628,56.359430404327135,56.36181129828575,56.36119467781068,56.36146094074629
420.0,15.488,0.4276282236290326,0.9207396881973559,0.6231206511384118,0.12607706906111482,0.187112527403086,0.16076185177281418,0.004762278450715551,-0.00015979068282601455,1.1163196130891935,-0.2077928669734105,0.22357869993160528,-0.033533107504240336,-0.2084232832435362,0.7236549325756225,2.8003641521217784,1.0276660348591724,56.301822749901405,56.30406066646603,56.30345472966539,56.30373847818127
421.0,15.52,0.4317064083417899,0.926704081367892,0.6286071189128781,0.1274432722736667,0.18638728657925288,0.17145211795207407,0.004784898019216808,-0.00013999523318827296,1.1096591189499279,-0.208141790503513,0.22376520823659893,-0.03361426893951827,-0.2087487263010793,0.7279978046780353,2.7970139253309236,1.0276407057438253,56.23993508325346,56.24204441397903,56.24142202507974,56.24174043754442
422.0,15.552,0.43582836140211756,0.9326451072944311,0.6344128156678256,0.12881103313523873,0.18565706020434708,0.1814280235921081,0.004812126905841205,-0.0001127872642636686,1.1029879222426233,-0.20847734842602866,0.22395757509362818,-0.033695384267642875,-0.20906793453325812,0.7322375654935773,2.793634983171833,1.0276168976294522,56.17402999386684,56.17602409726905,56.17536368145569,56.1757319224824
423.0,15.584,0.43999420182606275,0.9385626541554932,0.6405134288810781,0.13018251324828703,0.1849233394081924,0.19064416291414057,0.0048433727200189285,-7.884535478348999e-05,1.0963063215772804,-0.20880348412085428,0.22415806866820395,-0.033777290287556785,-0.20938392323712668,0.7363547660927184,2.790229642977658,1.027594570329761,56.10438881047511,56.10627907850952,56.105564673609244,56.10599616203991
424.0,15.616,0.4442041099042516,0.9444566523923045,0.6468833020458625,0.13155962744340077,0.18418744490035135,0.1990585363995134,0.004878016014271457,-3.885577787977217e-05,1.0896145060645572,-0.209123618750949,0.22436877969405306,-0.03386069893646104,-0.20969908572723556,0.7403305155075193,2.786800092389879,1.0275736649675307,56.03131018581602,56.03310557721358,56.03232664589628,56.032833122403865
425.0,15.648,0.4484583189685804,0.9503270695215285,0.6534955496491112,0.1329440332602758,0.18345053528824926,0.2066327376015196,0.004915437962162851,6.4846078367116065e-06,1.082912573705399,-0.20944059736781273,0.22459159700783043,-0.033946194509717795,-0.21001520241718039,0.7441465664843282,2.783348354478081,1.0275541101408983,55.95510862113549,55.95681552673448,55.955966553396614,55.95655806799508
426.0,15.68,0.45275710708509553,0.9561739050752089,0.660322177521761,0.13433712864109765,0.182713611052515,0.21333212102030827,0.004955044020822253,5.6465001672856083e-05,1.0762005503711363,-0.20975667051047966,0.22482818727459608,-0.0340342362909755,-0.2103334791471675,0.747785397890301,2.779876254688159,1.0275358278671491,55.87611293842458,55.87773527194871,55.87681518004307,55.87750008106569
427.0,15.712,0.45710078888627426,0.9619971855360284,0.667334207925492,0.13574005628683497,0.18197751440060858,0.21912595011659342,0.0049962830519025255,0.00011035774699834519,1.069478408362545,-0.2100735075701137,0.22507997839325888,-0.034125165578792915,-0.21065460901483274,0.7512302932677852,2.7763853901224538,1.0275187390523008,55.79466470554682,55.79620414067355,55.795215574223874,55.79600054487601
428.0,15.744,0.4614897077066462,0.9677969591557783,0.6745018087204413,0.13715371313662353,0.18124292561718502,0.22398752484216447,0.005038661605684964,0.00016741625308550097,1.0627460836887277,-0.21039223707244106,0.22534814610341755,-0.03421921602806002,-0.21097885148605613,0.7544654151132065,2.772877101661367,1.027502768287152,55.71111661997827,55.71257291606267,55.71152143288437,55.71241159445442
429.0,15.776,0.4659242281371324,0.9735732905713269,0.6817944259466258,0.13857876345269363,0.18051035673589244,0.22789428831826422,0.005081753309739035,0.00022687383117059374,1.0560034913836633,-0.21071350828973087,0.22563360335901034,-0.03431652622044261,-0.211306122464478,0.7574758745237415,2.769352449429841,1.0274878478257847,55.625830858314394,55.627202232481956,55.62609545659469,55.62709453912613
430.0,15.808,0.470404729066718,0.9793262551611406,0.6891809191468359,0.14001565404954905,0.179780143431677,0.23082791250656606,0.005125203525092175,0.00028794334783015284,1.0492505383676065,-0.21103756822977826,0.22593699207544515,-0.03441715342746217,-0.21163608924095398,0.7602477959109926,2.765812192093373,1.0274739206576153,55.53917739990784,55.54046091387289,55.53930769147448,55.54041826155414
431.0,15.84,0.4749315972364551,0.9850559331137126,0.6966296987596446,0.1414646303042852,0.17905243601787688,0.2327743629002737,0.005168729623967004,0.0003498175132979151,1.042487133550741,-0.21136434803601797,0.22625867689041157,-0.03452108762160905,-0.21196826476966854,0.762768376530169,2.7622567704366396,1.0274609426362846,55.451532333649936,55.45272427129406,55.45153386934098,55.452757598631464
432.0,15.872,0.4795052212916161,0.9907624032051975,0.7041088649171643,0.14292575172378066,0.17832719035890104,0.23372394242248873,0.00521211739490159,0.0004116695932565258,1.0357131950576755,-0.211693553126221,0.22659874060616142,-0.03462826491425358,-0.21230209646007225,0.7650259406188727,2.7586862956331815,1.0274488836757267,55.36327615703234,55.36437237491389,55.36315375461151,55.36449171006537
433.0,15.904,0.4841259862841327,0.9964457363059639,0.7115863469926815,0.14439890601614436,0.17760415939895008,0.23367131485991352,0.005255214189657791,0.0004726543396753814,1.028928654615418,-0.21202475194097736,0.22695698100781128,-0.034738579743558665,-0.21263704556289376,0.7670099879833545,2.7551005425575408,1.0274377280640978,55.274792076319955,55.27578831486771,55.27454950495046,55.27600244089038
434.0,15.936,0.48879426854999125,1.0021059886540236,0.7190300432578446,0.1458838208080788,0.1768828858768645,0.23261550828634536,0.005297919492442455,0.0005319089688759654,1.0221334592883555,-0.21235745890414304,0.22733290878606477,-0.03485189529174165,-0.21297265419572398,0.7687112369132025,2.751498948422511,1.0274274739788642,55.186464316071124,55.187356464868614,55.18610405203603,55.18767268440486
435.0,15.968,0.4935104308653884,1.0077431949471556,0.7264079600272404,0.14738007235616163,0.1761626966603756,0.23055989904361884,0.005340173619265083,0.0005885540696171285,1.0153275708575487,-0.21269120805016556,0.22772574634313614,-0.03496805177086246,-0.21330859803575467,0.7701216613483339,2.7478806169453036,1.0274181323107605,55.09867644541973,55.099460762099724,55.09819950886518,55.09988475212755
436.0,16.0,0.4982748177713003,1.0133573613152171,0.733688349689628,0.14888709080974533,0.1754426990019235,0.22751217694961365,0.005381945249741925,0.0006416944018364999,1.0085109632265008,-0.21302561468504186,0.22813442733910122,-0.03508687237361616,-0.21364472364903234,0.7712345222649742,2.744244328159114,1.0274097249206182,55.011809727527684,55.01248301662624,55.011215610521184,55.01301875727858
437.0,16.032,0.5030877509486079,1.0189484582401471,0.7408398470494242,0.15040416179086338,0.17472177890406182,0.2234842924936293,0.0054232184627122535,0.0006904196526896697,1.001683618291342,-0.21336042336137293,0.22855759695612732,-0.0352081668362723,-0.21398107028279872,0.7720443932896383,2.7405885538928896,1.0274022824616174,54.92624149742147,54.92680126329195,54.92552819612399,54.92745101793922
438.0,16.064,0.5079495245249371,1.0245164134944245,0.7478316034289086,0.151930424260288,0.17399860169616654,0.21849238685888916,0.005463979898789732,0.0007338053585524476,0.994845520741688,-0.2136955413152237,0.22899361303560806,-0.035331732702761715,-0.21431787668642796,0.7725471805911395,2.736911478844106,1.0273958419011273,54.84234357200645,54.8427881687172,54.84150774063074,54.84355248540481
439.0,16.096,0.5128604001998874,1.0300611051704947,0.7546334180106447,0.1534648648421967,0.17327161487719328,0.2125567056792501,0.005504206616040618,0.0007709143898945169,0.987996652262028,-0.21403105729395194,0.22944054849651013,-0.03545735451204983,-0.2146555741255993,0.7727401371388696,2.733211027069031,1.0273904438719679,54.760480694390004,54.76080950548812,54.75951794601013,54.76168720223861
440.0,16.128,0.5178206020875827,1.0355823548755558,0.7612158659303369,0.1550063089904781,0.17253905328316177,0.20570149749038114,0.005543855147634028,0.0008007996419187618,0.9811369855860625,-0.21436724637200835,0.22989619579032392,-0.035584801256876714,-0.21499476720226118,0.7726218714486239,2.729484893614093,1.0273861299737612,54.6810090127311,54.68122270464787,54.67991440176019,54.68221079316442
441.0,16.16,0.5228303111951388,1.041079921170125,0.7675504226622101,0.15655340961112638,0.17179894670528426,0.19795489787103795,0.005582852220419176,0.0008225088880847406,0.974266478822273,-0.2147045618873962,0.23035807460444707,-0.03571382258350543,-0.21533620438949705,0.7721923509614329,2.7257305809117063,1.0273829401323225,54.60427459180005,54.60437549575593,54.60304332417,54.60546899022252
442.0,16.192,0.5278896594839424,1.0465534933374168,0.7736095842712416,0.1581046340251127,0.17104913022786952,0.18934880028223505,0.005621087557184549,0.0008350931410888942,0.9673850704225974,-0.21504361602774358,0.23082344459626963,-0.035844144321458715,-0.21568074034276108,0.7714529002107721,2.721945439464951,1.0273809101099907,54.53061195356063,54.530604640297476,54.5292403812441,54.531796191767334
443.0,16.224,0.5329987234995169,1.0520026855865656,0.7793669831381748,0.15965825048670418,0.17028725778590173,0.17991871459166112,0.005658409166781068,0.0008376203175433253,0.9604926751118439,-0.2153851508520746,0.23128932560628127,-0.03597546404956374,-0.2160292920748178,0.7704061939215738,2.7181267122476926,1.0273800692436676,54.460342642073826,54.460234758026616,54.458829604356325,54.46151405329451
444.0,16.256,0.5381575176078269,1.0574270318191459,0.7847974987927495,0.16121231588468718,0.1695108197681329,0.16970361420546087,0.005694621524348269,0.0008291964814519088,0.9535891810372628,-0.21573000166274606,0.23175252849706812,-0.03610744751381835,-0.21638279100322177,0.7690562451407833,2.714271582149025,1.0273804384712935,54.39377380899233,54.393577235325544,54.39212237656583,54.394930107594526
445.0,16.288,0.5433659869443227,1.0628259811282768,0.7898773635160226,0.16276466676549264,0.16871716591033967,0.15874577260228243,0.005729487050511672,0.0008089973612590357,0.9466744483385654,-0.21607905465745184,0.23220970036173771,-0.03623972679812501,-0.21674213272998297,0.7674083884123725,2.7103772216918083,1.027382028692655,54.331196820715,54.33092918817393,54.32941646871263,54.332336413543835
446.0,16.32,0.5486240002699803,1.0681988942550877,0.7945842623914294,0.16431291642679868,0.16790353521284315,0.14709058985646464,0.0057627312933191625,0.0007763130324624661,0.9397483092804421,-0.2164332007191052,0.23265738810130054,-0.036371901179448024,-0.21710812623203202,0.7654692578692465,2.706440844152452,1.027384839497739,54.2728858991044,54.2725724284222,54.27099506598439,54.27400823871829
447.0,16.352,0.5539313430381172,1.0735450412989473,0.798897427493201,0.1658544615042791,0.16706709512061255,0.13478640943036235,0.0057940521639941395,0.0007306083639310084,0.9328105700322538,-0.21679328707362408,0.23309212392577588,-0.03650354152484414,-0.21748144397603833,0.7632467599160433,2.70245975510163,1.0273888582861401,54.2190968265329,54.21877235126693,54.217125689664634,54.220202792540256
448.0,16.384,0.5592877111059306,1.0788636010625479,0.8027977258965571,0.16738650211916756,0.166204992612516,0.12188432510487612,0.005823133422753969,0.0006716006557318849,0.9258610141212777,-0.21716006840162552,0.23351053472606537,-0.03663419884283281,-0.21786257437362022,0.7607500399316344,2.6984314032738297,1.0273940597948068,54.17006577268173,54.16977662896608,54.168058876615625,54.17115804421925
449.0,16.416,0.5646927056688223,1.0841536625017496,0.8062677411741309,0.16890608009036814,0.16531441997505433,0.10843797742418258,0.005849662285304002,0.0005993533866739732,0.9188994075226823,-0.21753415887513539,0.2339094740437836,-0.036763417118932634,-0.21825177801053228,0.7579894421677739,2.6943534295623817,1.0274004060488031,54.12600832938045,54.12581357364083,54.1240264478077,54.12709168008889
450.0,16.448,0.5701458301376418,1.0894142288255597,0.8092918480070936,0.17041013965060622,0.16439269761906586,0.09450333853008508,0.005873350459550881,0.000514380743361329,0.9119255052766074,-0.2179159865510355,0.234286170346497,-0.03689074981280124,-0.21864904923822415,0.7549764618419804,2.6902237128377773,1.027407846750236,54.087118855993666,54.087090043841144,54.08523920567987,54.08820026858115
451.0,16.48,0.5756464897902933,1.094644224825807,0.8118562794919817,0.17189561414536117,0.1634373750077285,0.08013848390275156,0.0058939571057377476,0.0004177515846395068,0.9049390594367117,-0.21830575162195595,0.2346383789592564,-0.03701577843302532,-0.21905408498193585,0.7517236884449714,2.6860404112224137,1.027416320122688,54.05357021619784,54.0537888476005,54.0518839888756,54.05465869091286
452.0,16.512,0.5811939950672425,1.0998425079712661,0.8139491866772287,0.1733595399046604,0.1624463482955972,0.06540334953896923,0.005911311228679106,0.0003111744811097883,0.8979398280570416,-0.2187033902055765,0.2349645188202268,-0.03713813064902037,-0.21946626289274376,0.7482447396570371,2.681801997457162,1.0274257542299454,54.02551389919416,54.02606576678949,54.02412021868849,54.02661984184183
453.0,16.544,0.5867875692933007,1.1050078836356827,0.8155606898375701,0.17479919456431914,0.16141798951301703,0.05035947376066936,0.005925330116680301,0.00019703948096182092,0.8909275848261098,-0.2191085455913702,0.23526377183656252,-0.03725749482898556,-0.2198846310720872,0.7445541861087203,2.67750728710477,1.0274360687849822,54.00308035564309,54.00404658877291,54.00207639144952,54.00421450024257
454.0,16.576,0.592426361347495,1.1101391245118166,0.8166829210171644,0.17621225169357405,0.160351277379185,0.03506972436232225,0.005936030079506358,7.839059085483544e-05,0.8839021288814525,-0.21952054903967358,0.23553612502148813,-0.03737362815739055,-0.22030791132274016,0.7406674685094262,2.673155458590016,1.0274471774538874,53.9863791848985,53.9878248078822,53.985847316262245,53.98755114241083
455.0,16.608,0.5981094633475792,1.1152349937934989,0.8173100574695032,0.17759693750262953,0.1592459150525706,0.01959801413558766,0.005943526414234812,-4.1190713207427195e-05,0.8768632943142518,-0.21993841217562193,0.2357823454908749,-0.037486356855140665,-0.22073451711808076,0.7366008101536409,2.668746064493814,1.027458990635959,53.975498701145675,53.977460795973506,53.97549307525656,53.976715400198565
456.0,16.64,0.6038359327990029,1.1202942711361812,0.8174383458053981,0.17895217035699182,0.15810241695882174,0.004009010496713868,0.005948021530312238,-0.00015779439573910547,0.869810958924485,-0.22036083259882214,0.2360038941756621,-0.03759556929073961,-0.22116258633877345,0.7323711290098267,2.6642790340723566,1.0274714186638159,53.97050452899442,53.97298305803616,53.97104046597379,53.97176895189185
457.0,16.672,0.6096048179847745,1.1253157798454012,0.8170661169125014,0.18027766205536128,0.1569221471631256,-0.011632152903021099,0.005949783207091361,-0.00026746287420660993,0.8627450519083665,-0.22078621352688396,0.236202800181411,-0.03770120512529815,-0.2215900276473019,0.7279959539275187,2.6597546675802786,1.0274843753183098,53.97143729502603,53.97439161588266,53.972486981455866,53.9727479170809
458.0,16.704,0.6154151848072338,1.1302984133443892,0.816193791980587,0.1815739632018523,0.15570729684337412,-0.02726015412232716,0.005949118026707132,-0.0003665002003996502,0.8556655603095453,-0.2212126972852617,0.2363815267164504,-0.03780324497678572,-0.22201457857677762,0.7234933485996732,2.655173623507973,1.0274977814992992,53.97831004140179,53.98166277630701,53.97980641139997,53.97966120166081
459.0,16.736,0.6212661430089343,1.1352411588778066,0.8148238801847708,0.1828424438031424,0.1544607979192951,-0.042809743619254235,0.0059463467184469295,-0.00045175249325118375,0.8485725341760043,-0.22163821155979105,0.2365428566988977,-0.03790170467685432,-0.22243387319954788,0.7188818449106691,2.6505369001589814,1.0275115688460073,53.9911063483039,53.9947539403035,53.992954411757125,53.992489466316556
460.0,16.768,0.6271568698056145,1.1401431166828986,0.8129609686796986,0.1840852123962537,0.1531861814091233,-0.058215984533507105,0.00594178746162745,-0.0005208078418009165,0.8414660903803359,-0.22206052679751018,0.23668981303666906,-0.03799663619292713,-0.22284551741717984,0.7141803848231957,2.6458458130061633,1.0275256830718953,54.009780009079044,54.01360707744231,54.01187236916092,54.01118526327634
461.0,16.8,0.6330866294435293,1.1450035134490426,0.8106117055141584,0.1853049886848394,0.15188739894200068,-0.07341447392313065,0.005935750248049871,-0.0005720863147546171,0.8343464149776635,-0.22247732298860895,0.23682561220851933,-0.03808813471684308,-0.22324717001125044,0.7094082678751082,2.641101968985885,1.027540086777718,54.034256470157786,54.0381500795815,54.036488644535154,54.035674423201996
462.0,16.832,0.6390547879038624,1.1498217096346066,0.8077847759105214,0.18650495188540767,0.15056863079887503,-0.08834155011365466,0.0059285415061757175,-0.0006048209166221588,0.8272137638482356,-0.2228862640403842,0.2369536380760296,-0.038176349480330385,-0.22363662725094938,0.70458510032609,2.636307238428555,1.0275547615352654,54.06443550040746,54.06829607925054,54.066717375929336,54.06585824992852
463.0,16.864,0.6450608227111762,1.154597200920775,0.8044908721278178,0.18768858772855498,0.14923410269276197,-0.10293449320948948,0.005920475048325494,-0.0006189557176535263,0.8200684612827822,-0.22328507775095416,0.2370774197644758,-0.03826149520058619,-0.22401190808146526,0.6997307421696032,2.6314637248446027,1.027569709088555,54.100194138617816,54.103941488433286,54.10245584054122,54.101615812047804
464.0,16.896,0.6511043283771806,1.15932961460159,0.8007426569112717,0.18885955206263805,0.14788792752546534,-0.11713172551706595,0.005911884139376815,-0.0006149994789167144,0.8129108961781217,-0.22367163887045285,0.23720060162327983,-0.03834386155853635,-0.2243713360673912,0.6948652492874182,2.6265737324318104,1.0275849515890143,54.14138906362391,54.14496370766344,54.14358157934496,54.14280572409317
465.0,16.928,0.6571850183298003,1.1640187019737664,0.7965547203765043,0.19002156101936477,0.146533980380517,-0.1308730167114794,0.005903130147319296,-0.0005938711052274513,0.8057415156274697,-0.2240440520276773,0.2373269004416152,-0.038423819171508194,-0.22471361376208335,0.6900088094320889,2.6216397310176935,1.0276005308550156,54.18785797297349,54.19121923245078,54.1899501658435,54.18926715330383
466.0,16.96,0.6633027242443936,1.1686643278233522,0.7919435301040223,0.19117830983104278,0.14517580779955366,-0.14409969601506312,0.005894605054014099,-0.0005567623478692157,0.7985608158792943,-0.22440073068686675,0.23746005130937486,-0.03850182154782554,-0.22503788524723414,0.685181672000139,2.6166643181947475,1.0276165067141767,54.23942002922388,54.242542495882745,54.241393986500526,54.24082013808312
467.0,16.992,0.6694573935797065,1.1732664579852203,0.7869273742221059,0.1923334167285259,0.1438165675583801,-0.15675487130988722,0.005886727120615138,-0.0005050300598593236,0.7913693308487003,-0.2247404680380514,0.2376037469126203,-0.03857840319053893,-0.2253437832202074,0.6804040724433542,2.611650178589064,1.0276329545427987,54.295875717020365,54.29874546060191,54.29772198633121,54.297265503478286
468.0,17.024,0.6756490859166524,1.1778251457605415,0.7815262973115504,0.19349038552956052,0.14245899297878742,-0.16878365345485827,0.005879930554373244,-0.0004401197471415087,0.7841676185529813,-0.2250624959276074,0.23776157572388693,-0.038654174321491236,-0.2256314580134712,0.6756961526116443,2.606600040449718,1.0276499621578454,54.35700650885906,54.359617803568824,54.35872013149364,54.358384685127334
469.0,17.056,0.6818779684793475,1.1823405177815884,0.7757620290487819,0.1946525800842201,0.1411053756577156,-0.1801333832115169,0.005874650884925284,-0.0003635159313812611,0.7769562459846251,-0.2253665285581847,0.23793696352229746,-0.0387298127458789,-0.2259015870938362,0.6710778784173438,2.6015166299950376,1.0276676262428612,54.42257464382669,54.42492750275308,54.424152316050765,54.423939691266995
470.0,17.088,0.6881443110316636,1.1868127597483962,0.7696579055944589,0.19582320475988024,0.13975756146274154,-0.19075385794759311,0.005871308015222615,-0.0002767124994446551,0.7697357730244719,-0.22565278859583296,0.23813312103671194,-0.03880605331328271,-0.22615536473910675,0.6669885330072626,2.596402624163318,1.0276860485015247,54.56214497947017,54.56424346730207,54.56358329927826,54.56349511601946
471.0,17.12,0.6944485772033469,1.191241992336224,0.7632637347442196,0.19700831786510065,0.13841351836962185,-0.19981783906997796,0.005870292234903625,-0.00018118523982036048,0.7625067250659633,-0.22592235931995627,0.2383505972266476,-0.03888560496620044,-0.22640775446244127,0.6633899090463911,2.591261089894861,1.0277051860670081,54.696515807179395,54.69810914197832,54.69718841123655,54.69753665700756
472.0,17.152,0.7007913103163204,1.195628383780761,0.7566274808969442,0.19821040978042198,0.13707473264178138,-0.20738293272735597,0.005869267746913273,-8.065984709274838e-05,0.7552693546355107,-0.2261833546128823,0.2385926863086642,-0.038969003772103716,-0.22665868132360653,0.6602231199608242,2.586094638645367,1.0277250134789933,54.82117829682937,54.82256743162746,54.82168529329117,54.82219746533599
473.0,17.184,0.7071730871772155,1.1999721461467256,0.7497938481003333,0.19943052690297292,0.13574257393639255,-0.2135510248940894,0.005868378258013807,2.3406217667741164e-05,0.7480238077197555,-0.22643951821640199,0.23886164462741072,-0.03905620330720164,-0.22690570130294455,0.6574363455655252,2.5809054130966254,1.027745548939413,54.9371411379286,54.93834345526894,54.937559019031475,54.93822143403731
474.0,17.216,0.7135945103010439,1.2042735225116128,0.7428045236750941,0.20066947261963825,0.13441801140272314,-0.21841638828872642,0.005868255861070935,0.0001296742309296117,0.7407702170976148,-0.22669128528649304,0.23915920801316573,-0.03914715427115936,-0.2271468439979798,0.6549839840976622,2.5756950952911226,1.027766849997298,55.04508909116539,55.0461031899599,55.04542667479766,55.04623481084909
475.0,17.248,0.7200562036533453,1.2085327715695362,0.7356983923775549,0.2019279172594186,0.13310153306010641,-0.22206660304810077,0.005869595093097484,0.00023681307052690926,0.7335087430925759,-0.22693779778639445,0.239486627176961,-0.03924189079866337,-0.2273810734445429,0.6528259060059428,2.570464917023978,1.02778900453719,55.14559614998103,55.146421236579414,55.14585175320478,55.146799769238996
476.0,17.28,0.7265588082616687,1.212750151893054,0.7285117248357915,0.2032063940101065,0.13179313510992818,-0.22458336068010407,0.005873061219218835,0.0003435073852263164,0.7262395766983526,-0.2271781015058842,0.23984467213681454,-0.03934054085753365,-0.22760834102401134,0.6509267972852297,2.565215675295717,1.0278121210097837,55.239162979033644,55.2398010672316,55.23933050079656,55.2404133706711
477.0,17.312,0.7331029771633776,1.2169259065978373,0.7212783435839635,0.20450527817840092,0.13049233452448034,-0.2260431641196261,0.005879246345985443,0.00044846615694300374,0.7189629238838151,-0.22741173387591676,0.2402336422447217,-0.03944331852775497,-0.2278295279202673,0.6492555816110022,2.55994775247626,1.0278363188140123,55.32622917048433,55.32668615516551,55.32629983943601,55.32751403093224
478.0,17.344,0.7396893694930899,1.2210602488323763,0.714029769657127,0.2058247603035112,0.12919819482934403,-0.22651793521364144,0.005888637723541679,0.0005504328570225867,0.7116789821668893,-0.22763896554667068,0.2406533798257512,-0.03955050769997605,-0.22804633411099612,0.6477849118176819,2.5546611406062785,1.0278617192849222,55.407182233599045,55.40746810446987,55.40714565416677,55.40848925755324
479.0,17.376,0.746318643617523,1.2251533484454307,0.706795352379258,0.20716481638853224,0.12790936290794908,-0.226075539933406,0.005901593975017885,0.0006481959309084046,0.704387915560097,-0.22786085112134763,0.24110328667698183,-0.039662440322270925,-0.22826113314479063,0.6464907223995601,2.5493554692868186,1.027888437629738,55.482365123301335,55.48249367322576,55.48221017759481,55.48368275576415
480.0,17.408,0.7529914492919475,1.229205320131684,0.6996023846774683,0.20852517732576606,0.1266241151954144,-0.2247802406809272,0.005918329092430115,0.00074059868885754,0.6970898313191992,-0.22807917260187258,0.24158234304260248,-0.03977947115466317,-0.2284768049977957,0.6453518357116128,2.544030036644016,1.0279165760796192,55.55208272943479,55.55207098568998,55.551798425978944,55.553400699307446
481.0,17.44,0.759708418869708,1.2332162132944775,0.692476205983614,0.20990529930501442,0.125340411337299,-0.22269308418294465,0.005938904292901027,0.0008265481464001315,0.6897847604631278,-0.22829632136814826,0.24208912882871045,-0.039901950696210026,-0.22869655748265866,0.6443496154262193,2.538683842874982,1.0279462184477532,55.61660750938491,55.61647502709179,55.61618378360071,55.61791721035187
482.0,17.472,0.7664701576485298,1.2371860037952578,0.6854402945388802,0.21130433683818112,0.12405595314938361,-0.2198722326479314,0.005963227540373974,0.000905022676300774,0.6824726431686277,-0.2285151457679684,0.24262184689934652,-0.04003019781313176,-0.2289237457530297,0.643467661575073,2.533315625885308,1.0279774262042292,55.67618438460247,55.67595249192022,55.6756128353175,55.67747912794001
483.0,17.504,0.7732772334845173,1.2411145876871794,0.6785163506955978,0.2127211198746091,0.12276824662255093,-0.2163732451025758,0.005991060198991739,0.0009750785344968574,0.6751533195748226,-0.22873878209436443,0.24317834834947044,-0.04016447347025834,-0.22916169852638354,0.6426915421860642,2.5279238985235883,1.0280102360983678,55.731034994826594,55.73072605166747,55.7303095365263,55.732310145413514
484.0,17.536,0.7801301658458807,1.2450017769595974,0.6717243726116329,0.2141541362926066,0.12147466476306035,-0.21224931512390363,0.006022029984058046,0.0010358554462699821,0.6678265261194295,-0.2289704818685592,0.2437561596965621,-0.040304956813420084,-0.22941355851817896,0.6420085571237365,2.5225069869093963,1.0280446592839625,55.78136138786284,55.780998102550875,55.780478799832615,55.782614391743046
485.0,17.568,0.787029414512527,1.2488472972546993,0.6650827255543175,0.21560152083269551,0.12017250922193706,-0.20755147054110615,0.006055649139977908,0.0010865815100687824,0.6604918972069379,-0.22921344545491534,0.24435251197500196,-0.04045172465942455,-0.22968214321385336,0.6414075302688881,2.517063069342709,1.0280806818358579,55.827349211671134,55.826954047266184,55.82630956937297,55.82857952481368
486.0,17.6,0.7939753681539515,1.2526507874602415,0.658608205871291,0.21706105129451808,0.11885906892319237,-0.20232874009457735,0.006091336612307605,0.0011265777074687719,0.653148971754555,-0.22947066993364323,0.2449643717540217,-0.04060473522741612,-0.22996983055417772,0.6408786266366215,2.5115902152785043,1.0281182664903847,55.86917046715288,55.86876515834441,55.86797744641968,55.87037939771029
487.0,17.632,0.8009683330359892,1.2564118010353962,0.652316100543102,0.21853015256367828,0.11753167422358368,-0.19662829150590683,0.006128442895967838,0.0011552623050918758,0.6457972039655954,-0.22974481732826513,0.24558847412687157,-0.040763816701081465,-0.2302784724610998,0.6404131914402269,2.506086423852518,1.0281573553994041,55.90698587335905,55.90659106478314,55.90564692323514,55.90817635234238
488.0,17.664,0.8080085221168707,1.2601298088914237,0.6462202431054109,0.2200059087775449,0.1161877455008591,-0.1904955449278446,0.006166276231269718,0.0011721554010996097,0.6384359775398373,-0.23003810753358125,0.24622135773006548,-0.04092866095714427,-0.2306093374795521,0.6400036084673997,2.500549661454621,1.0281978736592616,55.94094689127384,55.94058189851127,55.93947327599139,55.942123188537835
489.0,17.696,0.8150960447949709,1.2638042036256956,0.6403330666156695,0.22148508369063105,0.11482483544599649,-0.18397426530442057,0.006204128877288191,0.0011768838072149775,0.6310646224450172,-0.2303522385774181,0.24538396482694053,-0.04239614382009889,-0.23951996587846344,0.6396431754513117,2.4949778978655828,1.0282397333620958,55.97402048988561,55.802283756614294,55.9496673522167,56.15807499469221
490.0,17.728,0.8222308978065547,1.267434304670279,0.634665706603216,0.22296415661199312,0.11344065764323082,-0.17710500038917149,0.00759357193438908,-0.0003562641989127879,0.6235187406401005,-0.23547389287481701,0.24606437947343282,-0.042528181716255165,-0.23959995900583872,0.6395717836541291,2.489369138829621,1.0282828376073114,56.02408282822455,56.18740845476944,56.044810376935004,55.8979890149142
491.0,17.76,0.8294083996639479,1.2709988297478065,0.6292428497073829,0.2242969330435369,0.1113914086727368,-0.16946427799478442,0.007887876271679977,-0.0006296183334919531,0.6159068944875119,-0.23779806712176982,0.24630665775586688,-0.042830510643122474,-0.2410371832578753,0.6398252803014497,2.4837192865744284,1.0283106233039039,56.12040527712332,56.133123668604135,56.09229569164257,56.09253376470618
492.0,17.792,0.8366276089096943,1.274493181981701,0.6240905345810759,0.2256002889295774,0.10919850730919935,-0.1610098476970931,0.007902432689160613,-0.0008522583564579641,0.6082382060570017,-0.23958522464085447,0.24647841395026882,-0.04316296848994215,-0.2427051114622133,0.6403982794385789,2.478025267659022,1.028319561081464,56.17974970989226,56.18900936205152,56.16821470621453,56.17143460134071
493.0,17.824,0.8438862819483278,1.2779154347650405,0.6192335973491881,0.226833532457296,0.10694539947936334,-0.15177928849649164,0.007798293188614211,-0.0010502381084496314,0.600514584190304,-0.24130826951942258,0.24658872492914619,-0.04348234035399595,-0.24435763096210733,0.6412844672427229,2.4722858997213257,1.028309021237095,56.24154605221141,56.25028313409863,56.23404406017544,56.23750442405896
494.0,17.856,0.851181646249034,1.281264852071511,0.6146955245302518,0.22798013439706882,0.10466929082720418,-0.14181477559176134,0.0076113311783507056,-0.0012267133866023623,0.5927372123337395,-0.2429942357213312,0.2466419023736281,-0.04377014942963865,-0.24589012211270286,0.6424765410084541,2.4665007742091962,1.0282796062723973,56.3003406369952,56.308672894987566,56.294993516409306,56.29824480398243
495.0,17.888,0.8585106059379122,1.284541582036775,0.6104983510283783,0.22902999027744184,0.10239781141449512,-0.13116167193354458,0.007359840399232659,-0.0013825547225574891,0.5849087547811667,-0.24459703371889777,0.2466417370843224,-0.0440138309301268,-0.24723102030197708,0.6439662031491946,2.460670022695846,1.028232787936328,56.35508027741705,56.36277367729273,56.35168943174326,56.354531978199894
496.0,17.92,0.8658698587965581,1.2877465067990934,0.6066625653912211,0.22997665183268465,0.10015389882245254,-0.11986830116116401,0.007060674342717853,-0.0015187682056540916,0.5770337987902067,-0.2460563027699757,0.24659185652858467,-0.04420412713541558,-0.24832688737158007,0.6457441620130648,2.4547942131821205,1.0281707248102605,56.405444711016386,56.412246752569345,56.403991821300636,56.40627211815409
497.0,17.952,0.8732560004729473,1.2908810989035546,0.6032070210084347,0.23081692738716167,0.0979560032644127,-0.10798576196207461,0.006730978683659429,-0.0016367513427760223,0.5691187367761031,-0.24731536997578382,0.24649574673634836,-0.04433486925100805,-0.24914105356725794,0.6478001376154284,2.4488742591724963,1.0280960923939415,56.451230364325795,56.456940844262746,56.451651005816984,56.45324326024594
498.0,17.984,0.880665623392106,1.2939472682189623,0.6001488535904065,0.23155071622370912,0.09581779110649077,-0.0955677318133819,0.006387709508831958,-0.0017381885543295346,0.5611714173007878,-0.2483285563281372,0.24635675958195574,-0.04440297230306792,-0.24965351842365702,0.6501228723817349,2.442911328701195,1.028011907721936,56.492257482642216,56.496747943102875,56.49441699743765,56.49522638535906
499.0,18.016000000000002,0.8880954080094536,1.2969472044424863,0.5975034054392524,0.23218076929211443,0.09374800698512534,-0.08267025472356505,0.00604688550487658,-0.001824881952939568,0.5532006933721214,-0.24906439262816005,0.2461781476065173,-0.04440832450530559,-0.24986031075949883,0.6527001476021183,2.436906756220646,1.0279213538490082,56.52835821022744,56.53157625557205,56.53206090370449,56.53202653088523
500.0,18.048000000000002,0.8955422033883541,1.299883223190596,0.5952841570173104,0.23271235559063957,0.09175058587842364,-0.06935151318568708,0.005722907925576259,-0.0018985781793042357,0.545215935917715,-0.2495066938604866,0.24596312351512634,-0.04435354324664345,-0.2497721487565117,0.6555188065394897,2.430861961892522,1.0278276124948282,56.5593771014668,56.56134306291194,56.56438117014911,56.56347702828807
501.0,18.080000000000002,0.9030030948736633,1.3027576233250517,0.5935026662944883,0.23315285891591078,0.08982500420174475,-0.05567158508818985,0.005428019451421471,-0.0019608145513762562,0.5372265554500686,-0.24965428176263305,0.2457149328558184,-0.044243616898771765,-0.24941250345896787,0.6585647850892404,2.424778382095076,1.0277337125339336,56.58517359334004,56.585971912452855,56.5912065060346,56.589441073707114
502.0,18.112000000000002,0.9104754575970497,1.3055725619772194,0.5921685163326322,0.23351133510582706,0.08796683288023874,-0.041692186308003136,0.00517192282143963,-0.0020128004830560244,0.5292415618879981,-0.24951976983663984,0.24543692688073654,-0.04408546066225737,-0.2488152165287916,0.6618231505810883,2.418657413812847,1.0276424005944103,56.60562475644755,56.60539155957678,56.61239761657253,56.6098126002119
503.0,18.144000000000002,0.9179569954247809,1.3083299521874934,0.5912892715359876,0.2337980571165998,0.08616844407106214,-0.027476399895143253,0.004961563913633475,-0.002055345907958511,0.5212691839445224,-0.24912768221844325,0.24513262396710475,-0.043887417123868,-0.2480218335424998,0.665278148804059,2.412500374393598,1.0275560383164333,56.62062786755876,56.619536173681745,56.62784826166287,56.62451656083612
504.0,18.176000000000002,0.9254457656660825,1.311031386344785,0.5908704429518149,0.2340240700406738,0.08441981741536674,-0.01308839325539836,0.004801074095001389,-0.0020888427454803134,0.5133165627548156,-0.24851211904714596,0.24480575147869,-0.04365873259802093,-0.2470788133101723,0.6689132587453932,2.4063084770672467,1.027476528999065,56.63010250677094,56.62834663588377,56.637485853727995,56.633508501667265
505.0,18.208000000000002,0.9329401903835081,1.313678086828758,0.5909154629379649,0.23420077241954865,0.08270939012415539,0.0014068745671884362,0.004691859049532634,-0.0021132979533007067,0.5053895284951482,-0.24771415373138259,0.2444602647236921,-0.04340903915026782,-0.24603476512738975,0.6727112540242463,2.400082821677669,1.027405274550866,56.63399198827932,56.631772749580634,56.6412716867041,56.6367733709868
506.0,18.240000000000002,0.9404390555105254,1.316270883552114,0.5914256694260781,0.23433953521929238,0.08102489760487129,0.015943952753536675,0.004632815332496772,-0.002128408639845485,0.4974924633362174,-0.24677913010041144,0.2441003443265531,-0.04314786943593703,-0.24493785053395942,0.6766542697219389,2.39382439929589,1.0273431619593454,56.63226411339852,56.62977610755152,56.63920077881994,56.634323666401144
507.0,18.272000000000002,0.9479414992359577,1.3188102165862896,0.5924002999097973,0.234451366419759,0.07935415731798866,0.030457202616223478,0.004620651402126184,-0.00213366319367589,0.4896282491847486,-0.24575401066635033,0.24373037641021963,-0.04288422720702002,-0.2438334652557138,0.680723873339049,2.3875341087506725,1.0272905769936713,56.624911434909606,56.62233328307211,56.63130122135354,56.6261971915485
508.0,18.304000000000002,0.9554469913130172,1.3212961608212135,0.5938364951917257,0.23454662740811003,0.07768575734137105,0.04488110256026241,0.00465028669666604,-0.0021284496134315587,0.4817982944068791,-0.2446849076775245,0.24335492068419812,-0.04262623084634287,-0.24276229207709607,0.6849011389064894,2.381212782609244,1.027247441624325,56.61195134232757,56.60943898860802,56.61763290605191,56.61245479736975
509.0,18.336000000000002,0.9629553051237221,1.3237284687126984,0.5957293128441588,0.23463480658452557,0.07600962160890505,0.05915055163853428,0.004715300430308444,-0.002112154269222743,0.47400263021882955,-0.2436149056473222,0.2429786701959083,-0.0423808411109453,-0.24175878807088855,0.6891667236989371,2.374861219756939,1.0272132707313661,56.59342624645997,56.5911089035294,56.5982855871774,56.593178459802246
510.0,18.368000000000002,0.9704664844729842,1.326106626624727,0.5980717502827252,0.23472435466444208,0.0743174347508923,0.07320116995520105,0.004808401325041447,-0.002084240362807259,0.46624006476594326,-0.24258225824538213,0.2426064043863638,-0.04215367804596798,-0.2408501414599372,0.6935009473637205,2.36848022147215,1.0271872431047613,56.56940397268982,56.56738199705665,56.5733763913941,56.56846989988548
511.0,18.400000000000002,0.9779808071652871,1.3284299200590093,0.6008547773151347,0.23482258413446538,0.07260291982132121,0.0869695947627972,0.0049218906996238545,-0.002044302897461523,0.4585083811359493,-0.24161901503355238,0.24224293556020823,-0.041948926334732684,-0.24005570584115205,0.6978838734551732,2.3620706278030474,1.0271682815157643,56.539978263412316,56.538322308825734,56.543047037689384,56.53844975550637
512.0,18.432000000000002,0.9854987473863326,1.330697503138862,0.6040673779985413,0.23493563190767042,0.07086197124539499,0.10039377135645502,0.005048094285385756,-0.001992103160115104,0.45080456466746816,-0.24075010587812806,0.2418930486288463,-0.04176932354352668,-0.2393868938763768,0.7022953933243007,2.3556333511565923,1.0271551367340708,56.505269155314735,56.504020237065745,56.5074610896111,56.50325715985309
513.0,18.464,0.9930209387451633,1.332908468027371,0.6076966016069835,0.23506847996348523,0.06909265276591814,0.11341323776383125,0.005179742612406314,-0.0019275887626143528,0.4431250448813349,-0.2399928843154537,0.24156143483299083,-0.04161622194579343,-0.2388474900374341,0.7067153121216252,2.349169404319997,1.0271464707381877,56.46542299249696,56.46459339952718,56.46680150911171,56.46304952496941
514.0,18.496,1.0005481395347158,1.3350619104595367,0.6117276224678306,0.2352250246735151,0.06729507600517626,0.12596940190147388,0.005310285289817165,-0.0018509051060598607,0.43546593810403805,-0.23935710693352782,0.24125262141096884,-0.041489711873342335,-0.23843432359460526,0.7111234364350264,2.342679920629404,1.0271409349596947,56.42061193563475,56.42018709653517,56.421268656013694,56.41800236175759
515.0,18.528,1.0080812013776528,1.3371569882064034,0.6161438083725931,0.2354081825917812,0.0654711795895837,0.1380058095238264,0.005434130330298325,-0.0017624019527629872,0.42782327825876004,-0.23884530504118107,0.2409709001922274,-0.04138879279303857,-0.23813822950335833,0.715499662897373,2.3361661646299448,1.0271372401525083,56.37103295908619,56.37097436172921,56.37107874688158,56.36830904208726
516.0,18.56,1.015621041993941,1.339192970020162,0.620926797207568,0.23562001925900972,0.06362443167995385,0.14946840109296755,0.005546805236538648,-0.0016626361995283141,0.42019322523075037,-0.23845348839061303,0.24072025853244286,-0.04131157748917012,-0.2379452165778708,0.7198240670072751,2.3296295322691365,1.0271342153218945,56.31690642909335,56.3171555665632,56.31646270042839,56.31418047570757
517.0,18.592,1.0231686224108585,1.3411692733876508,0.626056581390398,0.23586188802866814,0.06175948023402761,0.1603057557134356,0.005645041451818601,-0.0015523700850132325,0.41257224251189056,-0.23817210907536704,0.2405043158810675,-0.041255514778947094,-0.23783775937527946,0.724076991409864,2.3230715403654187,1.027130854024534,56.258474401438775,56.25895755691029,56.25766526471904,56.255844710447164
518.0,18.624,1.03072492857583,1.3430854902009488,0.6315115996456889,0.23613456765535895,0.05988177541556278,0.17046932047784152,0.005726787753787752,-0.0014325633487349985,0.4049572383295294,-0.23798720719145824,0.2403262687596956,-0.04121761700760371,-0.23779613224243573,0.7282391329535968,2.3164938057411653,1.0271263472070844,56.195998773678944,56.196632332574104,56.19494432836746,56.193546469676214
519.0,18.656,1.0382909570509538,1.3449414001956381,0.6372688356098093,0.23643838984761778,0.057997187334041196,0.17991362387876128,0.005791161170180112,-0.001304358132160821,0.3973456670073334,-0.23788165833722175,0.2401888462386588,-0.04119468003247226,-0.23779971039479988,0.732291627936581,2.3098980149671973,1.0271201025419,56.129759397167284,56.130455316341646,56.12857034054465,56.12754662960061
520.0,18.688,1.045867704272348,1.3467369726729252,0.6433039227225844,0.23677335066857297,0.05611163991522251,0.18859647227422224,0.005838346041260765,-0.0011690562546172673,0.38973558974610156,-0.23783644614092198,0.24009427726857688,-0.04118348535324852,-0.23782817288839517,0.7362161350515734,2.3032858861127994,1.0271117509103633,56.0600522172949,56.06072328646622,56.05882578632481,56.05812162414339
521.0,18.72,1.0534561587431215,1.3484723575822803,0.6495912548405016,0.23713920221166812,0.054230778417346755,0.19647912868491266,0.005869453017998406,-0.001028089486584423,0.3821256962268241,-0.2378318900966036,0.240044270533083,-0.041180976305354874,-0.23786255494600378,0.7399949156150614,2.296659124223688,1.0271011412525701,55.987187478271295,55.98775206054182,55.98600467805183,55.98556275517889
522.0,18.752,1.0610572954847546,1.350147867477382,0.6561041019899523,0.23753552317603405,0.05235968422192395,0.203526473420333,0.0058863501645631065,-0.0008829842847898249,0.3745152903296521,-0.2378487692237534,0.2400400068684053,-0.04118440263367856,-0.23788611128144738,0.7436109107172535,2.2900193724617397,1.0270883254330978,55.91148800549229,55.91187402078458,55.910412030252644,55.91017538319113
523.0,18.784,1.0686720720841587,1.3517639521608684,0.6628147306675927,0.23796176873137875,0.05050264635895331,0.20970714617626182,0.005891478040219663,-0.0007353230002171348,0.36690424476244876,-0.23786929450218713,0.24008214375787867,-0.041191430148539265,-0.2378849668028183,0.7470478149593371,2.2833681609420284,1.0270735350621278,55.83328756377462,55.83343556409852,55.83236328840347,55.832277977282104
524.0,18.816,1.0763014257284564,1.3533211680030286,0.6696945280862739,0.2384173013843039,0.048662995067505446,0.21499366933378972,0.005887659791661701,-0.0005867037918857464,0.3592929304627409,-0.23787789668639406,0.2401708309593557,-0.041200214402613435,-0.23784854541764175,0.7502901464592686,2.2767068553059695,1.0270571523634986,55.752929281703885,55.752794548802356,55.752183683619506,55.75220101144603
525.0,18.848,1.083946270703469,1.3548201439644343,0.6767141297581076,0.23890140546914385,0.046842998793927795,0.2193625522448025,0.005877916019729793,-0.00043870141724714086,0.3516821272675506,-0.23786181002190743,0.24030573596764115,-0.04120943931349913,-0.2377697807893693,0.753323312815796,2.2700366069875475,1.0270396772075838,55.67076412895829,55.67031779627748,55.67020748814111,55.67028570389176
526.0,18.88,1.0916074959334134,1.3562615462871153,0.6838435498008005,0.23941328843576198,0.04504382258378038,0.222794376334153,0.005865292622239295,-0.00029283079852628226,0.3440729225538806,-0.23781144570831372,0.2404860777568739,-0.04121832331856368,-0.23764512416016825,0.7561336727293723,2.2633583069771603,1.0270216923435975,55.58714943309777,55.58637869194421,55.58677715107191,55.586882606032894
527.0,18.912,1.09928596224861,1.3576460436618685,0.6910523133496975,0.23995207234989135,0.043265542961037864,0.22527386090303075,0.005852708079651226,-0.00015051486422385768,0.3364666043783318,-0.2377205609577403,0.24071066709137784,-0.04122659694364336,-0.23747437331749835,0.7587085929928836,2.2566725446797364,1.027003828692969,55.502447423742915,55.50135491693967,55.50224230005501,55.50235005629728
528.0,18.944,1.1069824991770902,1.3589742744516873,0.6983095904566052,0.24051677901500818,0.04150721218183769,0.22678990959086578,0.005842824854107683,-1.305770914011107e-05,0.3288645551450111,-0.2375862396359657,0.2409779516359476,-0.041234456579654584,-0.23726035320884817,0.761036500587086,2.2499795732153225,1.0269867323244428,55.417023794441505,55.415626330179464,55.41695860188044,55.417052520434
529.0,18.976,1.1146979011585156,1.3602468172747533,0.7055843308581408,0.2411063119195434,0.03976696322081221,0.22733563754798508,0.005837947811668186,0.00011837633740414606,0.32126815107594864,-0.2374087083902675,0.2412860641274927,-0.04124249979909879,-0.237008482565319,0.7631069296456514,2.2432792822357124,1.026971034444551,55.331246275222085,55.32957301035866,55.33128648269033,55.33135884425397
530.0,19.008,1.122432923170076,1.3614641659459406,0.7128453990016316,0.24171943786126227,0.03804214597460245,0.22690837948408768,0.005839950932229928,0.000242777556101796,0.313678671823117,-0.2371910176983351,0.24163287197799363,-0.04125164773569384,-0.23672626231716568,0.7649105630915704,2.236571179043224,1.0269573254250612,55.245483211475275,55.24357345895963,55.245589715793884,55.24564044678486
531.0,19.04,1.1301882758307298,1.3626267094625026,0.7200617087258449,0.24235477064542937,0.03632948489256518,0.2255096788816647,0.005850232103265643,0.00035929975855549136,0.30609722352156815,-0.23693862042812158,0.24201602684402512,-0.04126305993750619,-0.23642272085041444,0.7664392687882559,2.229854378509342,1.026946133570932,55.16010214719039,55.15800295857115,55.16023389153005,55.16026948183846
532.0,19.072,1.1379646201103728,1.3637347174142376,0.7272023570071251,0.2430107587388442,0.03462524849171669,0.22314525879000757,0.0058696945446443894,0.00046726371181475453,0.2985246775102484,-0.23665888144163202,0.2424330129044435,-0.04127804673893982,-0.23610784862826356,0.7676861300926106,2.223127602011811,1.0269379090246178,55.075468412513196,55.07323207559043,55.07558478884061,55.07561699450989
533.0,19.104,1.145762561813511,1.3647883309145776,0.7342367561986658,0.2436856782230682,0.03292542188562672,0.21982497473564658,0.005898752408697289,0.0005661556777962171,0.29096162590342944,-0.23636055078152166,0.2428811928144671,-0.041297983637712206,-0.2357920508115091,0.7686454707412232,2.2163891853473805,1.0269330129184704,54.991943717197515,54.98962529282075,54.99200667188887,54.99205109638558
534.0,19.136,1.1535826460330565,1.3657875588971962,0.7411347642112218,0.24437763186079658,0.031225874456829145,0.21556275039237552,0.005937357351042393,0.0006556217900807783,0.2834083542328866,-0.23605323040314302,0.24335785053708384,-0.04132423146743765,-0.23548564169049507,0.7693128740428256,2.2096370953400717,1.0269317116365402,54.909884752693074,54.90753975523704,54.90986053729759,54.90993517990303
535.0,19.168,1.1614253517800757,1.3667322794100678,0.7478668121070137,0.24508455459434897,0.02952251602723885,0.21037649674349507,0.005985042369991329,0.0007354590400653626,0.27586483053797184,-0.2357468606474933,0.24386023047663458,-0.041358065381096897,-0.2351983994102089,0.7696851963887765,2.2028689546561977,1.026934175837015,54.829641806566535,54.827324111369286,54.82950233829451,54.82962618854261
536.0,19.2,1.1692910869914668,1.3676222453696767,0.7544040286042427,0.24580422535597202,0.02781143623777763,0.20428801553840756,0.00604097894928714,0.0008056036453357248,0.2683307095836451,-0.23545124809266574,0.24438557254610005,-0.041400614855769124,-0.23493919400253227,0.7697605751278598,2.1960820741601292,1.0269404837206142,54.75155739362927,54.74931743295913,54.75128121156682,54.75147295587644
537.0,19.232,1.1771801841018552,1.368457094113698,0.7607183610168845,0.24653428469963828,0.02608902325066523,0.1973228878950557,0.006104043486688557,0.0008661175381501508,0.26080535034919894,-0.23517565144877503,0.24493114298189284,-0.04145281613850679,-0.23471569645511464,0.7695384308818031,2.1892734920001935,1.0269506279094995,54.675964908720445,54.67384819676262,54.67553773104278,54.67581462302597
538.0,19.264,1.1850928963409786,1.369236360010151,0.7667826921826645,0.24727225747260528,0.02435205926415438,0.18951034893062418,0.0061728891187324665,0.0009171736527669327,0.25328784455572456,-0.2349284371097015,0.24549426087576032,-0.04151537781214791,-0.23453417169044585,0.7690194644038224,2.1824400185018185,1.026964525224475,54.603187306502214,54.60123331423707,54.60260221051585,54.60297914110398
539.0,19.296,1.1930293948860762,1.3699594893419875,0.7725709529608371,0.24801557953429954,0.022597791619893816,0.18088314931789443,0.00624601932671655,0.0009590406164902233,0.245777053782101,-0.23471681112258067,0.24607232052089992,-0.04158875949529004,-0.23439935408283946,0.7682056481045849,2.1755782858639705,1.0269820286123355,54.53353581398259,54.53177719730095,54.53279307415878,54.533281862681456
540.0,19.328,1.2009897669628589,1.3706258566842122,0.7780582299101809,0.24876162739945867,0.020823979444521672,0.17147740466699396,0.006321860095329559,0.0009920673681726945,0.23827165264408054,-0.2345466299003354,0.24666280977088068,-0.0416731631205194,-0.23431440061285144,0.7671002123888601,2.1686848016028515,1.0270029404758154,54.46730868168169,54.46577085103544,54.46641531090366,54.467024224399985
541.0,19.36,1.2089740149508916,1.3712347820207742,0.7832208677861837,0.24950774962602373,0.019028916767561948,0.16133243362508723,0.006398827860207007,0.0010166681448975027,0.2307701755604967,-0.234422288136369,0.24726332468707818,-0.04176853577043811,-0.23428091400287468,0.7657076269623988,2.161756004661111,1.027027026690371,54.40478997950495,54.40349098709206,54.403759025473484,54.4044925213524
542.0,19.392,1.2169820565117764,1.3717855479049557,0.7880365665245075,0.2502512987776482,0.017211433880670576,0.15049058557261769,0.006475390992049006,0.001033308196481079,0.2232710647832687,-0.2343466791786229,0.2478715808062136,-0.04187458269529337,-0.23429902619127752,0.7640335772827773,2.1547883230985234,1.0270540306491798,54.346248443342496,54.34519915434527,54.34509809583951,54.34595677288734
543.0,19.424,1.2250137257231803,1.372277416043871,0.7924844724053488,0.2509896628563738,0.015370879341107521,0.1389970587762911,0.006550123095622802,0.0010424905110066971,0.21577271760089994,-0.23432122062259306,0.24848542139798044,-0.04199078888785718,-0.2343675312488293,0.7620849363404664,2.147778232297961,1.0270836867543542,54.291936378288796,54.29114088601115,54.29068894403504,54.29166967881764
544.0,19.456,1.2330687751699447,1.3727096427791645,0.7965452631201567,0.2517202952113868,0.013507085477919277,0.12689970983774726,0.006621746927851627,0.001044743764741691,0.20827353091585643,-0.23434593608700763,0.24910282310639184,-0.04211644744413262,-0.23448405625066393,0.7598697319674568,2.1407223126555452,1.027115732862583,54.24208862408367,54.24154486480878,54.24076942473223,54.24186566466174
545.0,19.488,1.2411468789163087,1.3730814930365334,0.800201226488272,0.25244074207387396,0.01162032054277672,0.1142488552536013,0.006689168241237002,0.0010406116479663656,0.20077194172312463,-0.23441958300385332,0.24972189938036904,-0.04225069288290604,-0.23464525860162416,0.7573971098803997,2.133617305772988,1.0271499212918374,54.19692158798092,54.196622109720984,54.19555783375039,54.1967600144014
546.0,19.52,1.2492476362614604,1.3733922524212807,0.8034363325963635,0.25314866703599037,0.009711230773354331,0.10109706587786002,0.006751499322311023,0.001030643665119444,0.19326646236097825,-0.23453981572306626,0.25034090210159066,-0.04239253762173356,-0.23484703877640076,0.7546772926732451,2.1264601682306905,1.0271860280974732,54.15663234981576,54.15656518945921,54.155252036651085,54.15654808922097
547.0,19.552,1.2573705761645886,1.3736412372412796,0.80623629915801,0.2538418719727554,0.007780775624965923,0.08749895505145286,0.006808072408414987,0.0010153874629456078,0.18575570974873104,-0.23470337322268717,0.2509582218096498,-0.04254090989787074,-0.23508475827592976,0.7517215349804803,2.1192481220895445,1.0272238604267492,54.12139784357842,54.12154746872122,54.120028715774424,54.12140463084461
548.0,19.584,1.2655151622155523,1.3738278023387482,0.8085886499143504,0.254518314092615,0.00583015929589425,0.07351096113563861,0.006858443522722455,0.0009953827018737474,0.17823842815606725,-0.2349062811396007,0.25157238690615036,-0.04269469156673417,-0.23535345372255473,0.7485420750359458,2.1119787013454556,1.0272632618568631,54.091374119442,54.09172239383327,54.09004273235295,54.091483148293484
549.0,19.616,1.2736807980230977,1.3739513467050128,0.8104827659193442,0.255176118985796,0.0038607614457689086,0.05919112515605571,0.006902387562003272,0.0009711564494679422,0.17071350535336885,-0.2351440586046595,0.25218206218568245,-0.042852754393086695,-0.23564803932521666,0.7451520828536519,2.1046497936414665,1.027304115710198,54.066695689867124,54.06722282435232,54.06542659882184,54.06691538721888
550.0,19.648,1.2818668328939002,1.374011316935559,0.8119099295747765,0.2558135897125777,0.0018740697045674364,0.04459886423225849,0.006939885702371992,0.000943220034433723,0.1631799822640862,-0.2354119213909886,0.25282101821322195,-0.042784440637028145,-0.23469588820438042,0.7415655810865268,2.0972596766264813,1.0273446502688923,54.06117049695587,54.06378941109767,54.03512168355829,54.02963863667006
551.0,19.68,1.2900725676806135,1.3740072086588653,0.812863360631755,0.25642921208478947,-0.0001283836466789422,0.02979472053057927,0.006740940218577405,0.000946096089982155,0.15565884092482904,-0.2350317869976854,0.2535713606819703,-0.04194143727592101,-0.22948633513972477,0.7377974488502435,2.0898070484028106,1.0273405419921986,54.08472564429175,54.089362440529385,53.99405493133462,53.967236327665134
552.0,19.712,1.298297242369885,1.3739407922970812,0.8133382696698224,0.2570210840397364,-0.0020755113057518964,0.014840907439604686,0.0057070609994729305,0.0010681189327508048,0.14823259836966798,-0.23209029799648387,0.2543150670728001,-0.041085720362089455,-0.22423870418447084,0.7338634129385935,2.0822919684365164,1.0272741256304145,54.043293855782096,54.0305780836634,54.024181382961714,54.00549077983236
553.0,19.744,1.306540082188672,1.3738218994554308,0.8133318900197496,0.25758874433708784,-0.003715401301576656,-0.00019936406477419325,0.00449953485203696,0.0012105233124599353,0.1409398027431965,-0.22792050963435884,0.25506208297226063,-0.040105505379276055,-0.2183457570832217,0.7297798165060128,2.074718199523856,1.027155232788764,54.035424357635584,54.016357874655604,54.03088125166486,54.011648724440285
554.0,19.776,1.3148004286722488,1.3736620283817433,0.8128434616327229,0.2581358276117771,-0.004995971052731969,-0.015263387094583539,0.0032555215260136154,0.0013508739091080352,0.13380957943109073,-0.2228356143621369,0.25580812125900315,-0.038982756762808234,-0.21171798602473832,0.7255635774345436,2.067090560737327,1.0269953617150767,54.03717990824772,54.013476388769305,54.03891508163841,54.018148087767244
555.0,19.808,1.323077734399888,1.3734730214285011,0.8118742157539928,0.25866580398872774,-0.005906467288818712,-0.030288933710317212,0.0020365682967092404,0.0014773561565123133,0.12686812056217697,-0.21693098312171932,0.25654703795562245,-0.037718870473022297,-0.20437103553021277,0.7212321644785686,2.059414413557571,1.0268063547618345,54.0452487327038,54.01749970659415,54.0517457249868,54.02925496073043
556.0,19.84,1.331371527120064,1.373266473959259,0.8104273712174113,0.25918102250549446,-0.006454608413815338,-0.04521389176817196,0.0008892884278633304,0.0015813088243778921,0.12013998765427747,-0.2102592622621475,0.257272847016654,-0.03632407482814253,-0.19636653891480532,0.7168035690758997,2.0516954585642875,1.0265998072925924,54.059160393271576,54.02793295195436,54.06978504791034,54.04544159583819
557.0,19.872,1.3396813689907974,1.3730532889469296,0.8085081288917733,0.2596825584604207,-0.0066620316352961,-0.05997632267618758,-0.00014738974398858772,0.001656868360694625,0.11364794597169488,-0.20287763800032152,0.2579803652423595,-0.03481520146207306,-0.18779947512217807,0.7122962489373647,2.043939584912247,1.026386622280263,54.07880968375291,54.04478194507284,54.09298010776925,54.066695194936756
558.0,19.904,1.3480068215043133,1.372843306925274,0.8061236612144923,0.2601703910473719,-0.006561938176739828,-0.07451461491502977,-0.0010420965100913506,0.0017012078686960926,0.10741230822754197,-0.19486319678421662,0.25866544737641367,-0.03321431880882277,-0.17879070436288164,0.7077290464766992,2.036152735043338,1.0261766402586072,54.104129221425005,54.068055901273546,54.12117795352244,54.09296130398855
559.0,19.936,1.3563474221664475,1.3726450092498945,0.8032830945480177,0.26064377069169564,-0.006196802355605541,-0.08876770832733075,-0.0017716141742223385,0.0017144108891203101,0.10145017496130744,-0.18631619199041682,0.2593249914517764,-0.031547326899685896,-0.16947960796599265,0.7031210924175849,2.0283407787404917,1.0259783425832278,54.13504208209394,54.09769389425454,54.1541897471329,54.124191598874596
560.0,19.968,1.3647026747090514,1.3724652992719018,0.799997482765053,0.2611016419563695,-0.005615936812274064,-0.10267536821764724,-0.002321276543104049,0.0016989463402748786,0.09577475581621256,-0.17735769011421004,0.2599568106251585,-0.029842494960479842,-0.16001657885138135,0.698491706395573,2.020509397414272,1.025798632605235,54.17144710073478,54.133560054512,54.19181556024735,54.16033816141881
561.0,20.0,1.3730720509903571,1.372309364175962,0.7962797712906101,0.26154300879080417,-0.004872971748115513,-0.1161784835763401,-0.002685022727075123,0.0016589065331106179,0.0903948611153771,-0.16812448596941323,0.2605594518029432,-0.028129020078688876,-0.15055566386459404,0.693860303726902,2.012663982278414,1.0256426975092954,54.213209137218456,54.17545315455118,54.233861843448665,54.20134253769666
562.0,20.032,1.3814550005520239,1.3721806172195152,0.7921447515819967,0.26196717380208545,-0.004023342388963232,-0.12921936589416888,-0.0028650785957010532,0.0015991979123507348,0.08531460179467379,-0.158762801873984,0.2611320182552968,-0.026435675944490665,-0.14124765756466587,0.6892463128477542,2.0048095510408395,1.0255139505528486,54.26015376605622,54.223119204437495,54.28015294261854,54.24712692699998
563.0,20.064,1.3898509631991336,1.372080717017572,0.7876090065533288,0.26237383272217896,-0.0031218813107275452,-0.1417420321458729,-0.002871283233553373,0.0015248357725889455,0.0805333060970211,-0.14942164355904958,0.26167402625459085,-0.02478960092062499,-0.1322338871487554,0.6846691033333506,1.9969506871972382,1.0254140503509053,54.312067006159324,54.27626315300948,54.3305357069719,54.29758853448057
564.0,20.096,1.398259380616431,1.372009657623792,0.7826908477075032,0.2627630442905424,-0.002220606055626515,-0.1536924639320493,-0.0027201084308856645,0.0014404301276807376,0.07604564383698367,-0.14024635348973163,0.26218530372404175,-0.023215258593833353,-0.12364087241670134,0.6801479212607885,1.989091504369929,1.0253429909571252,54.36869919938066,54.33455822637441,54.38487765551557,54.3525967042297
565.0,20.128,1.406679704384525,1.3719659206386585,0.7774102447707498,0.2631351177529368,-0.00136678078541813,-0.1650188417735425,-0.00243344037486497,0.0013498869494865957,0.07184193840366207,-0.1313727167196708,0.26266592575426023,-0.021733592705967038,-0.1155759966928116,0.6757018274347039,1.9812356359485024,1.0252992539719918,54.429771306129446,54.397652765155875,54.44306037077941,54.41199203164556
566.0,20.16,1.415111399285095,1.3719466785641936,0.7717887485164151,0.2634904656428139,-0.0006013148270284091,-0.17567175794795994,-0.002037203224790422,0.0012563021899518712,0.06790864002290393,-0.1229218612790159,0.2631161767212842,-0.02036139043181955,-0.10812428069813078,0.6713496343870531,1.9733862480961144,1.025280011897527,54.49498189734121,54.46517512517125,54.50497020329275,54.47558665313918
567.0,20.192,1.4235539421029249,1.3719480372047044,0.7658494072986689,0.2638294630571828,4.2457515961324925e-05,-0.18560441305456848,-0.0015599053859569737,0.0011619998551388635,0.06422892946980503,-0.11499611819451953,0.26353652869467764,-0.019110861492297567,-0.10134630820135228,0.6672276782606067,1.9655460723699438,1.0252813705380377,54.583623162562965,54.556346994443125,54.59009773437183,54.562774662519
568.0,20.224,1.4320068244734576,1.371965315551657,0.7596236897581526,0.2641525740791487,0.0005399483422666158,-0.19455367314113303,-0.0010311653892102373,0.0010686576937624175,0.060783502796278,-0.10767331567030948,0.2639278653184439,-0.017989297243025303,-0.09527649982298944,0.6636003568693339,1.9577176647025074,1.0252986488849902,54.71677889207347,54.69218120371942,54.71974242863748,54.69475285360226
569.0,20.256,1.44046955308637,1.3719933240425295,0.7531591046210555,0.26446026915351284,0.0008752653397683933,-0.20201828553428527,-0.00048015853772186265,0.0009774555427148246,0.057551362498361354,-0.10100654821605282,0.2642914324419689,-0.016999299423078405,-0.08992452221954596,0.6604083140450139,1.9499035524960049,1.0253266573758628,54.84036133342045,54.81852291916883,54.83997167696434,54.817481987229925
570.0,20.288,1.4489416224190645,1.3720266084931738,0.7464998836101197,0.2647521666467032,0.00104013908263506,-0.20810065659174531,6.540044756672429e-05,0.0008892472419754231,0.05451031218843802,-0.09503342729365323,0.26462795925042165,-0.01613937991598647,-0.08527889104173572,0.6575993163596122,1.9421055817515362,1.0253599418265071,54.95512884926344,54.93605172215907,54.95163078310929,54.93168976520598
571.0,20.32,1.45742251037573,1.3720597262221856,0.7396872292504482,0.265027748645792,0.0010349290316194462,-0.21289544873973382,0.0005798215475156271,0.0008047243521776312,0.051637811168817625,-0.08976483266905286,0.26493834671167016,-0.015403741749238186,-0.08130566400349518,0.6551273983964587,1.9343250361919908,1.025393059555519,55.06168954409653,55.04528964102031,55.055520269842994,55.038083498256974
572.0,20.352,1.4659116761071171,1.3720875062310236,0.732759533448384,0.2652864291058513,0.0008681252761863482,-0.2164904938145062,0.0010409734972868152,0.0007244507804731031,0.04891176104830625,-0.08518703557939857,0.2652236554109249,-0.014782726504127758,-0.07795091188771999,0.6529521105888837,1.9265627590729228,1.025420839564357,55.160608948436,55.14672711914407,55.15231193449649,55.137249269021716
573.0,20.384,1.474408560440866,1.37210527712124,0.7257525704421538,0.26552763542965463,0.0005553403192651291,-0.2189675939446923,0.001431121823510549,0.0006489059941639469,0.0463112165383286,-0.08126406408535901,0.2654850808193374,-0.01426349098099055,-0.07514436264133441,0.6510378573182176,1.9188192684174001,1.0254386104545734,55.252399247382094,55.24081011959033,55.24257857165262,55.2296888936683
574.0,20.416,1.4829125890543458,1.3721090532334697,0.7186996672551822,0.2657508941712389,0.00011800350717405806,-0.22040322459286243,0.00173742576668256,0.0005785010521805744,0.04381699683261859,-0.07794080904253066,0.26572392204754225,-0.013830804263864845,-0.07280363881866896,0.6493533144400315,1.9110948596753372,1.025442386566803,55.33752411057458,55.327947376216414,55.32680582342638,55.3158338768891
575.0,20.448,1.4914231781399592,1.3720956729246783,0.711631854403888,0.2659559089254191,-0.00041813464973089427,-0.22086915160294382,0.0019521461280390387,0.000513570122252862,0.041412176509703656,-0.07514678946805092,0.26594154479903587,-0.01346790715129141,-0.07083878492356456,0.6478709167072277,1.903389691721319,1.0254290062580116,55.416404379569904,55.40851856632988,55.405401653411964,55.39605544847405
576.0,20.48,1.4999397419996428,1.3720628858930717,0.7045779993102437,0.2661426206151116,-0.0010245947377057743,-0.22043297167638456,0.0020725846862963745,0.00045434660342453555,0.039082441430380054,-0.07280037403204784,0.26613934044864057,-0.013157383972444373,-0.06915682733057645,0.6465664067023604,1.8957038537828068,1.025396219226405,55.48942275259404,55.482880846855466,55.47870567255737,55.47067339149007
577.0,20.512,1.508461701794203,1.3720093893017657,0.6975649246306426,0.26631124358000835,-0.0016717684783104632,-0.21915858373753436,0.002100781593624619,0.0004009345013737072,0.036816302642644336,-0.07081322386403657,0.2663186845438322,-0.01288200104567233,-0.06766613375892289,0.6454184378980772,1.8880374124322281,1.025342722635099,55.556927492925894,55.55137352045736,55.54699850657876,55.53996411862683
578.0,20.544,1.5169884945799097,1.3719348150667814,0.6906175135184627,0.26646227455333327,-0.0023304448432612235,-0.2171065972556214,0.0020430063061748394,0.00035328494091545676,0.03460516884613409,-0.06909472096879497,0.26648089876958564,-0.012625471606293518,-0.06628036925719424,0.644408225350308,1.8803904391361148,1.0252681484001147,55.61923542187541,55.614320972507805,55.610511065258116,55.60416810777932
579.0,20.576,1.525519581789207,1.3718396729528157,0.6837588036693021,0.2665964752905437,-0.002973191061426958,-0.21433468278626835,0.0019090849881591013,0.00031118536368827314,0.03244328494592813,-0.06755616302266335,0.26662722033756475,-0.012373114181121074,-0.06492188301916786,0.643519238308271,1.872763019981895,1.025173006286149,55.67663444773546,55.67203411737794,55.669433517056596,55.66349672740012
580.0,20.608,1.5340544564394956,1.371725255970589,0.677010071839022,0.26671483282151415,-0.003575530694584214,-0.21089786969625388,0.0017116120203888568,0.00027426567186202293,0.030327550268409102,-0.06611453381944911,0.26675878190164043,-0.012112379654977542,-0.06352440303416108,0.6427369297112785,1.8651552500661563,1.0250585893039224,55.72938583278006,55.72481064298561,55.72392377593672,55.718138442590025
581.0,20.64,1.5425926485568182,1.3715935159299741,0.6703909103642895,0.26681850366633264,-0.00411687626921536,-0.20684879608538745,0.0014650950727821378,0.00024202199256261002,0.02825723487296233,-0.06469569549906459,0.2668766036664423,-0.011833231118394837,-0.062034961017203086,0.6420484981459251,1.8575672156166818,1.0249268492633075,55.777726344064,55.772934372687224,55.77411533460219,55.76826436805151
582.0,20.672,1.5511337285458089,1.37144691784245,0.663919297048047,0.26690874965595834,-0.004581190235129757,-0.2022379161325803,0.0011850822661503776,0.00021385545709470997,0.02623361592568548,-0.06323689079685031,0.2669815976433356,-0.011528369496635462,-0.060415015726199894,0.6414426783684141,1.849998967243894,1.0247802511757833,55.82187037888117,55.81667407343012,55.8201243179324,55.81403312310084
583.0,20.704,1.5596773084870925,1.3712882821846537,0.6576116595987078,0.2669868731651132,-0.004957364306133745,-0.1971136702918484,0.0008873165402767826,0.000189120889673244,0.024259558241271864,-0.06168848805161188,0.26707458234417414,-0.011193306483103306,-0.05864078628865138,0.6409095569642044,1.8424504878011088,1.024621615517987,55.86201210725096,55.856282027621745,55.862055674256126,55.855594946833506
584.0,20.736,1.568223041565216,1.371120623860469,0.6514829356367399,0.2670541586913611,-0.00523932263077342,-0.19152262381149834,0.0005869568913302363,0.00016717887768317517,0.022339063854856418,-0.06001494599724241,0.26715630487982467,-0.010826294041939358,-0.05670284644857353,0.6404404101284998,1.8349216582137513,1.0244539571938023,55.898327635685035,55.891992655118855,55.90000846361046,55.89309504598198
585.0,20.768,1.5767706199981584,1.370946996085188,0.6455466291129136,0.26711182602944644,-0.005425867977526528,-0.18550957886957053,0.0002978991504297937,0.00014744444627302062,0.020476814928620076,-0.05819501711108184,0.2672274666537198,-0.010428126372721135,-0.054605063979495806,0.6400275609130799,1.8274122243573583,1.0242803294185214,55.93097717077666,55.92402142452006,55.93408023694852,55.92667617067876
586.0,20.8,1.5853197719378687,1.3707703464337222,0.6398148638266015,0.26716099811594624,-0.00552030160830968,-0.17911766519725422,3.222098167666301e-05,0.00012942639583837695,0.018677732557674458,-0.05622124550975112,0.26728874870609276,-0.01000183548368796,-0.052362995614418914,0.6398276207595682,1.8199217676651622,1.0241036797670555,55.987293076798665,55.97975016306097,55.991556454451725,55.9836663686081
587.0,20.832,1.593870259132394,1.3705933907333594,0.6343084068822601,0.26720272482892,-0.005529865636337556,-0.17207677951066783,-0.0002002165674668329,0.00011275374559748886,0.016946604291455183,-0.054097815373055365,0.2673409165882444,-0.00955232082912047,-0.050001932001517674,0.6399433473652888,1.8124493189116448,1.0239267240666927,56.058336229128706,56.050289044368775,56.06347242642412,56.05513607769789
588.0,20.864,1.6024218722390744,1.3704185160220896,0.6290534139063578,0.2672379095837588,-0.005464834727179896,-0.16421853049694554,-0.00039203572772310356,9.723023173078535e-05,0.01528770575048908,-0.051840732628287575,0.26738470497684824,-0.009085801895497955,-0.047554067261458825,0.6403706493765251,1.8049933228285129,1.023751849355423,56.12626480622481,56.117821261961325,56.131977652498264,56.12327453529444
589.0,20.896,1.6109744269699722,1.3702477027376951,0.6240748905235153,0.2672673353405553,-0.005337915137328115,-0.15557885571382948,-0.0005383710467827573,8.277176759661302e-05,0.013704491808515512,-0.049475650792071946,0.26742082220301,-0.008609441843451554,-0.04505653963616779,0.641104430956077,1.7975518228156666,1.0235810360710285,56.19080006929264,56.18208643864134,56.196780950462376,56.18781813649006
590.0,20.928,1.6195277616201103,1.3700824704700654,0.6193965876153968,0.2672917078168147,-0.005163508363430209,-0.146196965878701,-0.0006369434960414298,6.936686188573169e-05,0.012199389592570227,-0.04703469109940892,0.26745000837672694,-0.008130935035448743,-0.04254927492311894,0.6421385759633695,1.790122488791381,1.0234158038033987,56.25166663795959,56.24282477860625,56.257618059233394,56.248518253881585
591.0,20.96,1.6280817348550851,1.3699238503512368,0.6150409005245482,0.2673116635929643,-0.004956878713394115,-0.13611522158902048,-0.0006879790313038834,5.707494806369516e-05,0.010773656010418893,-0.044554426605373565,0.26747302370001524,-0.007658064877751087,-0.04007268677153134,0.6434659402702321,1.782702660020499,1.02325718368457,56.30859884411688,56.29977496030089,56.31424912928289,56.305146053763515
592.0,20.992,1.6366362240049515,1.3697723836206421,0.6110287728634981,0.2673277859333229,-0.0047333353310821625,-0.1253789894078149,-0.000693978562041636,4.5998520709112556e-05,0.009427305363880431,-0.042073693134912236,0.2674906395206371,-0.007198288702128508,-0.03766551465143552,0.6450783519043735,1.775289401815154,1.0231057169539755,56.36134360960522,56.35268030088543,56.36645886025331,56.35748945503918
593.0,21.024,1.6451911238101853,1.369628144290416,0.6073796055739231,0.2673406189135569,-0.004507479069569549,-0.11403647779921815,-0.0006593874713158341,3.625539806721854e-05,0.008159107032281794,-0.03963140010486608,0.26750362686824125,-0.006758373827358543,-0.03536292610047918,0.6469666186219946,1.767879574455234,1.0229614776237492,56.409663168242396,56.40129249743406,56.414056014478696,56.40535278926949
594.0,21.056,1.6537463455155756,1.369490782704733,0.6041111718539475,0.2673506782934485,-0.0042925495525938905,-0.10213855374923896,-0.0005901942045244298,2.795458560270984e-05,0.0069666484362812,-0.037264490341809134,0.2675127441875869,-0.006344100360428453,-0.03319496437669968,0.6491205424881288,1.7604699121282776,1.0228241160380662,56.453337408608846,56.44537524353133,56.45687264676938,56.44855670798647
595.0,21.088,1.6623018161876235,1.3693595859535859,0.601239538534877,0.26735845850149575,-0.004099898473344795,-0.08973854122095232,-0.0004934858152068169,2.117800533769319e-05,0.005846454898091858,-0.03500616136528489,0.26751872575907804,-0.005960040766394555,-0.031185394328867903,0.6515289410738145,1.7530571092576956,1.0226929192869192,56.49216597942468,56.48470773953058,56.49476302958074,56.48693820132918
596.0,21.12,1.6708574781359105,1.3692335505582007,0.5987789944439902,0.2673644358839667,-0.003938606105785555,-0.07689200284021265,-0.00037698797033981925,1.596914493874856e-05,0.004794155468279079,-0.032884427998235974,0.26752227175253995,-0.0056094211623171,-0.029350973173836614,0.654179674941736,1.7456379112792029,1.022566883891534,56.52597015573697,56.51908797813918,56.52760239767113,56.52035075597132
597.0,21.152,1.6794132883419532,1.369111462597106,0.596741986239926,0.267369068938837,-0.00381524878421274,-0.06365650637700498,-0.00024861536436910964,1.2328425608480357e-05,0.003804682188576552,-0.030921076649646963,0.26752404018305254,-0.005294064458952463,-0.02770114779034778,0.6570596811604397,1.738209206750545,1.0224447959304392,56.55459444081244,56.548335695128614,56.55528565648274,56.54866468672935
598.0,21.184,1.6879692178305108,1.3689919804794635,0.5951390621539588,0.2673727965174231,-0.0037338161763267284,-0.05009137768647444,-0.00011605559139223569,1.0213969275695229e-05,0.0028724895351012296,-0.02913103415668649,0.2675246404088364,-0.005014411051077173,-0.026238157004430124,0.6601550126367995,1.730768117647228,1.0223253138127968,56.577907874176475,56.57229490638832,56.577726191217934,56.571767650397064
599.0,21.216,1.6965252509476167,1.3688737158701805,0.5939788240155391,0.26737603490956086,-0.003695769040093496,-0.0362574418256156,1.3594478657558172e-05,9.54567638533001e-06,0.0019917808679212616,-0.027522148718615583,0.2675246274147981,-0.004769608942519895,-0.024957497248480152,0.6634508830702018,1.7233120848079364,1.0222070492035138,56.59580501506746,56.59083598659016,56.594854894763806,56.58956531736056
600.0,21.248,1.7050813845281032,1.3687553087901696,0.5932678878845706,0.2673791743902016,-0.0037002212503398045,-0.02221675409276589,0.00013412553120786824,1.0210295719032189e-05,0.0011567295140271537,-0.02609535783454066,0.2675244960908279,-0.004557662149917379,-0.023848693845572786,0.6669317173065312,1.7158389457397325,1.022088642123503,56.608206574360075,56.60385727436289,56.606619504356054,56.60198214839736
601.0,21.28,1.7136376269388431,1.3686354936052987,0.5930108535561304,0.2673825753356227,-0.00374422452721623,-0.008032322763758253,0.0002404366911047575,1.2065570229884488e-05,0.00036168352046584367,-0.024845199063428813,0.2675246750526643,-0.004375624072258347,-0.02289630864143011,0.6705812068171505,1.7083470023574818,1.021968826938632,56.61505968188682,56.611286209190084,56.612984299445614,56.60896221045435
602.0,21.312,1.7221939969743005,1.368513153423345,0.5932102831458854,0.26738656360804336,-0.003823130686052275,0.0062321746798453485,0.00032867645402575934,1.4942495924796863e-05,-0.00039865500017196296,-0.02376060455639286,0.2675255201293834,-0.004219821295918936,-0.022081108101120756,0.674382369970112,1.7008350766873785,1.0218464867566783,56.616337802895586,56.61308001419303,56.613930168347196,56.61046997122865
603.0,21.344,1.7307505225659403,1.3683873612820734,0.5938666889070293,0.2673914247387427,-0.0039310044147380895,0.020512680035746755,0.0003963045028072589,1.8645944406208952e-05,-0.001129082797466286,-0.02282591014254146,0.2675273082075664,-0.004086093020723146,-0.021381314297742607,0.6783176167212628,1.6933025530770425,1.0217206946154067,56.61204035297777,56.60922593927988,56.609455004619875,56.60649103493856
604.0,21.376,1.7393072392574727,1.3682574073778373,0.5949785303735061,0.26739739661038575,-0.0040610595073778365,0.034745045827400095,0.0004420795221447292,2.295494096855241e-05,-0.0018337851668049888,-0.02202200446615277,0.2675302324310031,-0.003970031877656167,-0.02077386412821832,0.682368817344685,1.6857494059874996,1.0215907407111706,56.602192093478486,56.59974107857871,56.59957435524341,56.59703280879145
605.0,21.408,1.7478641884033237,1.3681228124027045,0.5965422208711488,0.2674046608078446,-0.004206092972899863,0.048865328051334686,0.0004659816394679343,2.7624352162292276e-05,-0.0025162644717945703,-0.021327543156978143,0.2675343996812222,-0.0038672132485368894,-0.02023560900726198,0.6865173748407729,1.678176212961179,1.0214561457360378,56.58684240469196,56.584671783296166,56.584322221361354,56.582125106158294
606.0,21.44,1.75642141507208,1.3679833277868874,0.5985521433890277,0.26741333339863593,-0.004358894244285701,0.06281007868371569,0.0004690807489069019,3.2389436345144734e-05,-0.003179307312033715,-0.020720156862309106,0.2675398308684297,-0.00377340213978504,-0.019744397420042598,0.6907443006868459,1.670584152838394,1.0213166611202207,56.56606452376859,56.564092709884946,56.56375191281555,56.56182068893011
607.0,21.472,1.7649789656762034,1.3678389242500029,0.6010006757574239,0.2674234563788539,-0.0045126105276405105,0.07651663651237962,0.00045336366357749474,3.69737927023325e-05,-0.0038249881093090667,-0.02017758953347484,0.2675464640394945,-0.003684729029402511,-0.01927999512556421,0.6950302936056754,1.6629749897167445,1.0211722575833362,56.53995480200493,56.53810556869638,56.537936875180364,56.53619573085727
608.0,21.504,1.7735368853940685,1.3676897705280306,0.6038782250347106,0.26743499118328495,-0.0046610538116317836,0.08992341491520844,0.00042153379965348815,4.1100111673448066e-05,-0.004454705186147682,-0.01967871381406682,0.26755415987261555,-0.0035978287143916265,-0.01882481151984217,0.6993558210056677,1.655351043507679,1.021023103861364,56.508631996541645,56.50683765947169,56.5069714309162,56.50535015880926
609.0,21.536,1.7820952154882008,1.367536204452473,0.6071732709606811,0.26744781544163465,-0.0047989398611752955,0.10297018518657862,0.0003767969906587816,4.45022368596831e-05,-0.005069244107606746,-0.019204382795109918,0.26756270889793093,-0.0035099388545570915,-0.018364414728077462,0.7037012026919095,1.6477151482428651,1.0208695377858064,56.472236580346916,56.470440287221365,56.47097139375521,56.46940781461262
610.0,21.568,1.790653990644992,1.3673786987142311,0.610872418286464,0.2674617236497268,-0.004922054320059817,0.11559835393071598,0.00032264617571669087,4.693668736162403e-05,-0.005668862181790885,-0.01873809082671183,0.26757183976303245,-0.0034189574732415694,-0.017887831517280756,0.7080466963729426,1.6400705995231866,1.0207120320475644,56.43093004068228,56.42908714268578,56.430074522928244,56.42851638368702
611.0,21.6,1.7992132364622244,1.3672178236562784,0.6149604577402441,0.2674764317885101,-0.005027345561021963,0.1277512329306284,0.0002626562461026984,4.8191993451536015e-05,-0.0062533875700238745,-0.018266429587924436,0.2675812279725096,-0.003323460995029338,-0.017387640351321707,0.7123725844136638,1.6324210926876506,1.0205511569896117,56.38489413885557,56.38297271058674,56.38444078428701,56.38284705560943
612.0,21.632,1.8077729671935183,1.367054209322928,0.6194204353341622,0.2674915853529342,-0.005112947917197681,0.1393742998099418,0.00020029843178013618,4.809479091555663e-05,-0.006822326421437744,-0.017779338394843497,0.2675905046836542,-0.003222686363636356,-0.016859876255108226,0.7166592612277694,1.6247706534091924,1.0203875426562614,56.334330115364025,56.33231074452944,56.33425238516399,56.332593907439644
613.0,21.664,1.8163331838294003,1.3668885087713567,0.6242337296627989,0.267506769871313,-0.005178142236605949,0.1504154477698949,0.00013878142951801394,4.651234225727683e-05,-0.0073749717746684085,-0.017270159084641842,0.2675992652743237,-0.0031164823139934452,-0.016303774208198226,0.7208873206738983,1.6171235624997888,1.02022184210469,56.27945783641507,56.27733282652587,56.27971355396753,56.27797302435096
614.0,21.696,1.8248938725605075,1.3667213643484573,0.6293801367899834,0.26752152284709846,-0.005223263215607672,0.16082522272451563,8.092417563655317e-05,4.3351786628265156e-05,-0.007910508600067983,-0.016735515232988676,0.26760707749530555,-0.0030052359312857696,-0.015721383340664953,0.7250376428197584,1.60948427672988,1.0200546976817906,56.220514885409685,56.21828701452252,56.22105004542752,56.21922138874538
615.0,21.728,1.8334550036359922,1.366553378279865,0.634837962270683,0.26753534610889756,-0.005249564643511335,0.17055704627186294,2.906289406246514e-05,3.8556842881002124e-05,-0.008428110216811516,-0.016175042611474132,0.2676134890836233,-0.0028897812119063927,-0.0151170872340074,0.729091479463242,1.6018573474405404,1.0198867116131982,56.157755605267376,56.15543657253291,56.15850836633131,56.1565955775559
616.0,21.76,1.8420165306037732,1.3663850885345799,0.6405841198103026,0.2675477177431563,-0.005259054540157622,0.17956742311311236,-1.5007071383048302e-05,3.2102876747651935e-05,-0.008927022332813445,-0.01559100252477444,0.26761803475907864,-0.002771296473620864,-0.014497066282996053,0.7330305378409183,1.5942473386573388,1.0197184218679132,56.09145009592089,56.089058773043135,56.092354731460034,56.09037030937067
617.0,21.792,1.850578389900838,1.3662169505425519,0.6465942360260084,0.26755810303327027,-0.005254312250874134,0.18781613174080597,-5.005600313607814e-05,2.3991233068637562e-05,-0.009406632044525078,-0.014987812013266127,0.26762024256513767,-0.0026511971964990884,-0.013868736629751698,0.7368370620040637,1.5866587463105524,1.0195502838758852,56.021883168042116,56.019443758410766,56.02287377256622,56.020836880663516
618.0,21.824,1.8591405007513584,1.366049324975312,0.6528427607441111,0.2675659640787654,-0.005238298976244222,0.19526639744070814,-7.54140467938811e-05,1.424359310359141e-05,-0.009866520227276623,-0.01437152504464932,0.26761963955121587,-0.002531030282020614,-0.013240197012672218,0.7404939113938914,1.5790959200364745,1.0193826583086454,55.94935325084621,55.94689344595178,55.950367033040656,55.94830152580719
619.0,21.856,1.8677027653266964,1.3658824714686832,0.6593030822439414,0.26757076797931356,-0.005214172082150521,0.2018850468696978,-9.093903569272969e-05,2.896910979553672e-06,-0.010306496783272804,-0.013749297042303365,0.26761575682461747,-0.002412374875285995,-0.01261971040752799,0.7439846361964403,1.5715629888880973,1.0192158048020166,55.874171249672585,55.87172046000329,55.875151286924535,55.87308373005473
620.0,21.888,1.8762650691226743,1.3657165478847426,0.6659476468414975,0.2675719936243088,-0.005185111998144694,0.20764264367362903,-9.6962804469917e-05,-1.000073575958972e-05,-0.01072661914419505,-0.013128861781288975,0.2676081340249443,-0.0022967538878786893,-0.012015242019240011,0.7472935491015416,1.5640637921284948,1.019049881218076,55.79665934833415,55.794247073558275,55.79755672339994,55.795514519127615
621.0,21.92,1.8848272815139153,1.3655516144859152,0.6727480821947156,0.26756913722628095,-0.005154168713356051,0.21251360478806416,-9.422132671492175e-05,-2.439324413887153e-05,-0.011127195212517068,-0.01251804523779205,0.2675963232879595,-0.002185559267522913,-0.011434069438499528,0.7504057931289927,1.5566018161234114,1.0188849478192485,55.71714975190489,55.71480414231626,55.71792503747729,55.715934743868765
622.0,21.952,1.8933892564509907,1.3653876422312652,0.6796753237057743,0.26756171678360396,-0.005124132957813605,0.21647629722058492,-8.377410544625808e-05,-4.0218552085766196e-05,-0.011508772547508822,-0.011924335823272502,0.26757989276940114,-0.00207999295902644,-0.010882474995689884,0.7533074052193145,1.549180138195612,1.0187209755645985,55.6359833674178,55.633730015291654,55.63660746501244,55.63469337382825
623.0,21.984,1.9019508332723218,1.3652245243036827,0.6866997433937385,0.2675492756665993,-0.0050974352369531585,0.21951311524888073,-6.691804488467189e-05,-5.740980283217561e-05,-0.011872116048628685,-0.011354524967891261,0.26755842979313044,-0.001981024451226163,-0.010365524850953706,0.7559853753176131,1.5418013781555258,1.018557857637016,55.553508422427406,55.55136940835707,55.553962796213675,55.55214580981626
624.0,22.016000000000002,1.9105118376084536,1.3650620899333044,0.6937912806125441,0.2675313855041159,-0.005076074074322752,0.22161053808767547,-4.510059323590756e-05,-7.589580124800935e-05,-0.012218176661949435,-0.010814426590199462,0.26753154367492255,-0.001889364856829195,-0.009886934414166354,0.7584277007086114,1.5344676580820118,1.0183954232666377,55.470079024277524,55.46807223018757,55.47035539693705,55.46865222232287
625.0,22.048000000000002,1.9190720823609686,1.364900119591087,0.7009195739944448,0.26750764851609493,-0.005061573194291287,0.22275916818439623,-1.9836329985192123e-05,-9.560098086755475e-05,-0.012548053745153682,-0.010308678895254901,0.2674988682559953,-0.0018054566619327933,-0.009449015476381658,0.7606234353901494,1.5271805707939208,1.0182334529244204,55.386053665779095,55.384192353667096,55.38615326188697,55.38457592032348
626.0,22.080000000000002,1.927631368741811,1.3647383606790757,0.708054094007308,0.26747769940132343,-0.005054966000353485,0.22295375040197443,7.369561953103501e-06,-0.00011644509516112905,-0.012862953691396692,-0.009840627407647627,0.2674600641627945,-0.00172947763149009,-0.009052697065720561,0.7625627343023397,1.5199411573267865,1.018071694012409,55.30179368558732,55.30008632963072,55.301726118708864,55.300281753297746
627.0,22.112000000000002,1.9361894873611465,1.3645765429315162,0.7151642755253742,0.2674412068542351,-0.005056804611235084,0.22219317243956838,3.5088292565414095e-05,-0.00013834282105478504,-0.013164147254842686,-0.009412284324771533,0.26741482079336104,-0.001661356876365531,-0.008697609565396046,0.7642368922605923,1.5127498936082526,1.0179098762648495,55.21766169373939,55.21611204365783,55.217443597069234,55.2161345481133
628.0,22.144000000000002,1.9447462193532918,1.3644143928541492,0.7222196498271168,0.26739787475454196,-0.005067189917717925,0.22048044692945712,6.202308624670863e-05,-0.00016120342596394408,-0.013452927766728044,-0.009024356260793601,0.26736285801766496,-0.0016008007748042029,-0.008382220034426159,0.7656383774729956,1.5056066864093478,1.0177477261874825,55.13401997431913,55.132627320104106,55.13367347250656,55.13249758181611
629.0,22.176000000000002,1.953301337530891,1.3642516466584969,0.7291899754505091,0.2673474430499726,-0.005085818614136701,0.2178226757310086,8.705235714416796e-05,-0.00018493060934952785,-0.013730572107090618,-0.008676330271494441,0.2673039275697123,-0.00154732628677751,-0.008104005899832106,0.7667608595558014,1.498510878535155,1.0175849799918302,55.051228878181334,55.04998848069097,55.050779991022196,55.04973109102592
630.0,22.208000000000002,1.9618546075576513,1.3640880612851158,0.7360453673551227,0.2672896883362597,-0.005112042918156696,0.21423099701917464,0.00010926007411469701,-0.00020942259181143402,-0.013998305929932432,-0.008366606685718312,0.26723781410331626,-0.0015002991861399017,-0.00785965414735735,0.767599231994531,1.491461263106831,1.0174213946184492,54.96964521893752,54.968548867440255,54.969122277310824,54.968190818654655
631.0,22.240000000000002,1.9704057891297366,1.3639234232470223,0.7427564238618243,0.2672244241276667,-0.0051449386904225914,0.20972051583442364,0.00012795357052754455,-0.00023457249284169704,-0.014257274252648437,-0.008092666657571922,0.26716433587919486,-0.0014589748417624753,-0.007645273713521169,0.7681496290318685,1.484456106676768,1.0172567565803556,54.88962068518421,54.88865734166073,54.88905282705517,54.88822659880243
632.0,22.272000000000002,1.9789546371555138,1.3637575551553782,0.7492943508641198,0.2671515008055359,-0.005183377863877954,0.20431021882173406,0.00014266957091196034,-0.0002602690144432875,-0.014508518135315462,-0.007851262405912076,0.26708334504871173,-0.0014225393807685309,-0.007456609848196615,0.7684094369964137,1.4774931808099445,1.0170908884887115,54.811500281268714,54.810656771965505,54.810916081884635,54.81018098095698
633.0,22.304000000000002,1.9875009029228312,1.363590319909013,0.755631082830109,0.26707080522866944,-0.005226101448915772,0.1980228739371646,0.0001531696134595624,-0.00028639743235221184,-0.014752957809633684,-0.007638618714039273,0.2669947274970246,-0.0013901493397232194,-0.007289250643207546,0.7683773001179351,1.470569801657687,1.0169236532423462,54.7356208078462,54.73488252497933,54.73504708437686,54.73438789496042
634.0,22.336000000000002,1.996044335242407,1.3634216226337132,0.7617394001402115,0.26698225998674613,-0.005271789853114601,0.1908849159407004,0.00015942634446051401,-0.0003128408886236836,-0.014991382284911467,-0.007450635304885897,0.26689840220569394,-0.001360968229205983,-0.007138817584340208,0.7680531209045334,1.4636828769460966,1.0167549559670466,54.66230939223779,54.66166097257906,54.66177020976035,54.661171358536905
635.0,22.368000000000002,2.0045846815552153,1.3632514105440259,0.767593042332964,0.26688582227525603,-0.005319127802730357,0.18292631852351635,0.00016160235249976424,-0.0003394819770718317,-0.015224445169616472,-0.00728308106577048,0.2667943200923225,-0.0013341987814145155,-0.007001133767064104,0.7674380551847821,1.456828959701641,1.0165847438773592,54.59188207722109,54.59130802927435,54.59139797073352,54.59084422948542
636.0,22.400000000000002,2.0131216889909234,1.3630796709683393,0.773166816858941,0.26678148236587684,-0.00536686174020667,0.17418045393677983,0.00016002330529924018,-0.0003662046138492397,-0.01545266620817377,-0.007131772658373873,0.266682462282865,-0.0013091099996256055,-0.006872365219278908,0.7665345019432805,1.4500043079424743,1.0164130043016726,54.524642475450825,54.52412773276979,54.52422989198235,54.523707004907
637.0,22.432000000000002,2.021655105363425,1.362906427827033,0.778436702970892,0.2666692616406783,-0.005413848165818075,0.16468394099846878,0.00015514716197991864,-0.00039289618603503314,-0.01567643784704611,-0.006992731710391186,0.26656283777430256,-0.0012850584661235637,-0.006749132514367987,0.76534608810108,1.4432049494776817,1.0162397611603664,54.46088049530036,54.460410879982305,54.46055145146998,54.46004667000393
638.0,22.464000000000002,2.0301846800882815,1.3627317368841438,0.7833799504062711,0.2665492101517617,-0.005459091965288871,0.1544764823555969,0.00014753117107394796,-0.0004194499675082446,-0.015896036011976186,-0.006862316455541858,0.26643548045421334,-0.0012615036784531363,-0.006628591468394946,0.7638776484131411,1.4364267508796063,1.0160650702174772,54.400871142545896,54.400433729874024,54.40063308633803,54.400135599061315
639.0,22.496000000000002,2.0387101650054706,1.3625556801066039,0.7879751725462137,0.2664214036621618,-0.0055017742981236465,0.14360069187320856,0.00013779824351499336,-0.00044576777903442433,-0.016111634197522307,-0.006737325294092196,0.2663004454647851,-0.0012380174629881037,-0.00650848314859509,0.7621352006733141,1.4296654896283705,1.0158890134399372,54.344873401037965,54.34445678347124,54.34472926217678,54.34423051116152
640.0,22.528,2.0472313150893444,1.3623783594634953,0.7922024337625126,0.26628594012108475,-0.005541270097144446,0.13210191300935534,0.00012660412343063902,-0.0004717628434257396,-0.016323319936725783,-0.0066150712284634506,0.26615780493638685,-0.0012142877529127032,-0.006387154642186465,0.7601259164331065,1.4229169283740826,1.0157116927968286,54.29312919429829,54.292723650295855,54.293077605392,54.29257148304933
641.0,22.56,2.0557478890263665,1.362199890483038,0.7960433306910977,0.26614293553194035,-0.0055771556392927805,0.12002802901828191,0.00011460658113634013,-0.0004973627423624088,-0.016531112727585964,-0.006493427444925789,0.2660076431750003,-0.0011901172117221607,-0.0062635530304837915,0.7578580874532473,1.4161768902220728,1.0155332238163712,54.24586242900227,54.24546000912848,54.24589809910907,54.24538102132509
642.0,22.592,2.06425964964046,1.362020395859563,0.7994810671967751,0.2659925191904192,-0.0056092069835936235,0.1074292658024208,0.00010243763347799247,-0.000522512316624795,-0.016734982537794905,-0.00637084543571752,0.2658500514687842,-0.0011654173312360856,-0.006137195773929926,0.7553410881158845,1.4094413339205614,1.0153537291928962,54.20327812051476,54.202872669162836,54.20339234336327,54.202863196068044
643.0,22.624,2.072766364146266,1.3618399993688597,0.8025005228193536,0.26583482830644356,-0.005637390334475851,0.09435798820557609,9.067956805685984e-05,-0.0005471762689187243,-0.016934868083175784,-0.006246347969596777,0.26568512277335027,-0.0011401987368241662,-0.00600812124996898,0.7525853340288403,1.4027064278185841,1.015173332702193,54.1655616003989,54.165148735138274,54.16574287968241,54.165202838064516
644.0,22.656,2.0812678042130672,1.3616588203104079,0.8050883145155434,0.2656700020875339,-0.00566184557661969,0.08086849050593224,7.984531811321854e-05,-0.0005713411395977708,-0.017130694171699275,-0.006119499921078464,0.2655134836603383,-0.001282411990420361,-0.00676185179388863,0.7496021534867906,1.3959686214646008,1.01499294543651,54.12122029591434,54.12263604535825,54.142972220495324,54.14412587854267
645.0,22.688,2.0897637458300493,1.3614769686516177,0.8072328469846872,0.2654981755306899,-0.005682864337192001,0.06701663966074406,0.0002388610597227782,-0.0005944606608835738,-0.017337460075957028,-0.006461318241852899,0.2653359483435664,-0.002377156522793456,-0.012542326497425038,0.7464036312492114,1.3892247133793543,1.0148572706284473,54.03566804236773,54.048061827750644,54.16254494670551,54.17447519434488
646.0,22.72,2.098253946263491,1.361292924939497,0.808924361069689,0.2653187635450469,-0.005751366003774178,0.05285981515630584,0.001392293883619336,-0.0006156779185865096,-0.017647736245669142,-0.009695586234149026,0.2651500975833233,-0.003466005022319002,-0.01829956210147691,0.7430033433618842,1.382470964863659,1.0147904466099957,54.06214014988617,54.079250213211274,54.08661261834863,54.10391845849285
647.0,22.752,2.1067380111454526,1.3610956429490622,0.8101549624334501,0.26512702756130413,-0.006165062201086974,0.03845629261753355,0.0027386548005088134,-0.0006372850641640692,-0.01810442051448503,-0.014269958983187487,0.2649581391559762,-0.004679837149972522,-0.02472500316006297,0.7394155359407579,1.3756984892203965,1.014781291294515,54.05393989280041,54.07489739097573,54.05754131771538,54.07840399624755
648.0,22.784,2.1152154978620916,1.3608722433476872,0.8109186757280008,0.2649214598949704,-0.006981237542967583,0.023866040454709865,0.004113016546145708,-0.0006577781409003909,-0.01873894990516922,-0.019826734355903562,0.26475878160035893,-0.006037502301621868,-0.03191976671020382,0.7356550964975381,1.3688977377041678,1.0148167731470328,54.04562074615632,54.06965061015606,54.03997210261949,54.064314368036946
649.0,22.816,2.1236859498834306,1.3606095883569702,0.8112114502130008,0.26470162566684363,-0.008207968459905672,0.009149202656249375,0.005444433893155941,-0.0006783306196214237,-0.019579145412537465,-0.02625274211395873,0.2645519626038298,-0.007535461097324705,-0.039866624833188875,0.7317375446672089,1.3620594418977263,1.0148835946368857,54.04170037713543,54.06859519561658,54.02928335184218,54.056844064237936
650.0,22.848,2.1321488895651526,1.3602949536991327,0.8110311762997494,0.264466865053811,-0.009832333057423195,-0.005633559789105369,0.006681233169523628,-0.0006998667788719966,-0.02065085144437532,-0.03348611932890331,0.26433890976030455,-0.009160839814455658,-0.0484985166943824,0.7276790349958484,1.3551750579631665,1.0149688719144296,54.0427470474678,54.072408520794156,54.02498055096916,54.05536866710473
651.0,22.88,2.1406038107443384,1.359916515688651,0.8103777010180494,0.26421628684955545,-0.011826187827551616,-0.02042110255312533,0.007781715908073962,-0.000722157023146492,-0.021977847971283063,-0.04146252187199605,0.2641223414377439,-0.010894181772869712,-0.05771270211129577,0.7234963367083692,1.3482371008261465,1.0150606279527394,54.048820699000274,54.081123571632745,54.02711132209747,54.059809170422184
652.0,22.912,2.149050182313862,1.3594637435207353,0.8092528398361045,0.2639491115476176,-0.014149130247366458,-0.03515191193577749,0.008713655931021575,-0.0007434643449776378,-0.023581196357100855,-0.05009744391704347,0.2639064298806587,-0.012711011949045382,-0.06737871050340336,0.7192067855770773,1.3412394107478296,1.0151481894589203,54.059943030351164,54.094662063347144,54.03573486183767,54.07014089518712
653.0,22.944,2.1574874671683917,1.3589277022890058,0.8076603822224847,0.26366515170404814,-0.016751288491545488,-0.04976430042561912,0.009454646527890366,-0.0007606440698977347,-0.025478458737378962,-0.05928213122930494,0.26369650432301267,-0.01458335594873875,-0.07734619683130607,0.7148282125240721,1.33417734992863,1.0152224937457717,54.07614923290346,54.112916258606944,54.050838992525925,54.08632822923046
654.0,22.976,2.1659151562634866,1.3583012638616832,0.8056060886797235,0.2633652842217169,-0.019576200853833863,-0.06419667321128775,0.009992193532315105,-0.0007696432127231146,-0.027682996118961325,-0.06888581231579312,0.263498574272514,-0.016481272167554586,-0.08745307831661153,0.7103788589980127,1.3270479254390277,1.015276303435524,54.09747974714129,54.13577109280642,54.07233299435357,54.108310712691704
655.0,23.008,2.1743328134461692,1.3575792249127492,0.8030976777806565,0.26305178695883147,-0.02256371715418646,-0.07838784059584207,0.010323417657334485,-0.0007662500696322084,-0.030203444679113088,-0.0787610506739767,0.2633187864987792,-0.018374331719270578,-0.09753361794294207,0.705877289982744,1.3198498393842237,1.0153043288159018,54.12396403594775,54.16311903340238,54.100058750059105,54.13599402168035
656.0,23.04,2.182740123971396,1.3567583349026864,0.8001448026872068,0.262728453913341,-0.025652812814462553,-0.09227734667030521,0.010454379585951632,-0.0007468909840404446,-0.03304341320177908,-0.08875054638061616,0.263162919878234,-0.02023298598993152,-0.10742609280328773,0.7013423124422145,1.3125834716666516,1.01530326076177,54.155605965435335,54.19487129748861,54.133806913044715,54.16924376668212
657.0,23.072,2.1911369387520527,1.3558372402195544,0.7967590174384992,0.2624004618955176,-0.028784208847873447,-0.10580578902211192,0.01039907924668686,-0.0007092848667179038,-0.036201412088643074,-0.09869440986906422,0.2630359863547684,-0.022029779514370212,-0.11697974043063496,0.6967929021135549,1.3052508037344168,1.0152717201223729,54.19237381509512,54.230963137870766,54.173332013831576,54.2078840133022
658.0,23.104,2.199523307335208,1.354816353674096,0.7929537337951276,0.262074018223604,-0.03190270454557495,-0.11891511385536321,0.01017819943656108,-0.0006528315975709858,-0.039671005282204054,-0.10843728350783655,0.26294196416484544,-0.023740379409463334,-0.1260607355714187,0.6922481370570093,1.2978552931279044,1.0152101321448306,54.23419566464538,54.271352147573815,54.21836339792571,54.251700723251595
659.0,23.136,2.207899494800235,1.3536976609115614,0.7887441695950587,0.2617558582820865,-0.03495914882920695,-0.13154888125215317,0.00981767266698389,-0.0005786956569207351,-0.043441164969291055,-0.11783488337551902,0.26288365686262205,-0.02534440091595993,-0.13455700648020918,0.6877271337323003,1.2904017087781714,1.0151205367541416,54.280959336355245,54.316010609952436,54.2686113653316,54.30044858415318
660.0,23.168,2.2162659804811415,1.3524844769650612,0.7841472894935541,0.2614526775283341,-0.037911998328130046,-0.14365250317201886,0.009347149835927417,-0.0004896204287498075,-0.0474968015379752,-0.12675965657655303,0.26286265463807523,-0.026826014163918943,-0.14238175701647987,0.6832489809675472,1.2828959363880648,1.0150063472461361,54.332515230852565,54.36491419669339,54.32376962335536,54.35385905927424
661.0,23.2,2.2246234389546826,1.3511811671221698,0.7791817387459011,0.2611705772981585,-0.040728432590356155,-0.15517346086415376,0.00879844272455916,-0.0003895539372945576,-0.051819435907162585,-0.13510533789903353,0.2628793707874895,-0.028174322748222815,-0.14947562173339066,0.6788326685081267,1.2753447623370344,1.0148720711106636,54.388680331930125,54.418029518500695,54.38351589111533,54.4116478398822
662.0,23.232,2.2329727056826956,1.3497928465639855,0.7738677704578718,0.26091458525040445,-0.04338501744326202,-0.16606150900091626,0.008204003027351988,-0.0002831807712867066,-0.056387977233901175,-0.1427902634205782,0.26293313015835573,-0.029383511600658243,-0.15580744577971048,0.6744970089703728,1.2677556437310373,1.0147230072681275,54.44924211371632,54.47530250587765,54.447512362997486,54.4735207002727
663.0,23.264,2.2413147308993184,1.3483250729498644,0.7682271665460787,0.2606882880194642,-0.04586792544128411,-0.17626887224353444,0.007595491549811796,-0.0001754451896498801,-0.06117956615495198,-0.14975936737005976,0.263022292514059,-0.030452770117930503,-0.161373746497115,0.6702605541164897,1.2601364716127903,1.0145649339903853,54.51396170570477,54.53664881974436,54.51540713878974,54.53917754125837
664.0,23.296,2.2496505258448476,1.3467835453479597,0.7622831525477349,0.2604935920477861,-0.048172737559519466,-0.18575043744824254,0.007002483604785877,-7.112786718724355e-05,-0.06617044251505219,-0.15598485524939695,0.2631443988646264,-0.03138600575345056,-0.1661969739407073,0.6662692876225109,1.2524953339413685,1.0144038012264374,54.603840028604615,54.62321063504769,54.60810086458981,54.62957873291199
665.0,23.328,2.2579811013666884,1.3451737685901917,0.7560679157450491,0.26033048505752476,-0.05030552368025239,-0.19422615008393343,0.006451366668849246,2.5484270944960192e-05,-0.07133686564320216,-0.1614677445181037,0.26329644387420326,-0.03219216423241218,-0.1703268159276089,0.6627569731078096,1.2448405957697384,1.0142453869924262,54.73336925334113,54.74962098941402,54.73990629841378,54.759090847978904
666.0,23.36,2.2663074106563372,1.343500778010716,0.7496278319718751,0.2601971653015259,-0.052280955608614794,-0.20125261791168592,0.005963604757744311,0.00011093782662192866,-0.07665595973510671,-0.16623546099296202,0.2634750651213519,-0.032884120653417614,-0.17383402049466892,0.6596661363348724,1.237180690730575,1.0140950136967193,54.85386280356672,54.867289950195904,54.862107441983504,54.879074533361155
667.0,23.392,2.274630306183191,1.3417690521489891,0.7430060621206853,0.26009048521417866,-0.05411643317896476,-0.20693030784968058,0.005555361316485692,0.0001826977990639774,-0.0821063046431543,-0.17033379243880092,0.2636763352711132,-0.03347567926928133,-0.1767946301805249,0.6569461999746877,1.2295230388531684,1.0139574516110483,54.96591539899366,54.976835543646715,54.975511082375036,54.99043428868889
668.0,23.424,2.2829504925835695,1.3399823427035773,0.7362427936740734,0.2600058250118301,-0.0558346701691192,-0.21135213895662178,0.0052394434595605,0.00023885338548894204,-0.08766848728328579,-0.1738255938144859,0.26389615342644246,-0.03398270991816254,-0.1792955448959535,0.6545526559777252,1.2218739556370026,1.0138367396679695,55.07024326959479,55.07905087075951,55.080634554600884,55.09370675776203
669.0,23.456,2.2912684837902524,1.3381435376764197,0.7293754536071458,0.2599372252088392,-0.057462657098675214,-0.2146043770914865,0.005023453136041878,0.00027833821512219414,-0.09332554292124262,-0.17678745944927376,0.26413037609124357,-0.034422545798797985,-0.1814311460172416,0.6524463372603981,1.2142385889281615,1.0137360396031714,55.16740095532978,55.174524531053976,55.178012788888694,55.18946395943637
670.0,23.488,2.2995845694065356,1.3362545764578215,0.7224388962053451,0.25987767550884866,-0.059030038081192504,-0.21676741880627384,0.004909607406466089,0.0003009098574189874,-0.09906328878148138,-0.17930633461916762,0.26437496579900793,-0.034813122779872016,-0.18329860178446447,0.6505927767891504,1.2066208909074556,1.0136575429237829,55.25785771096112,55.26373638041085,55.26814542150824,55.278235820719686
671.0,23.52,2.3078987920479737,1.3343164192562071,0.7154655688874388,0.2598194575449406,-0.06056741255044956,-0.2179164786845695,0.004895030285851128,0.00030706287593162203,-0.10487052464050278,-0.1814753841620303,0.26462612276157815,-0.035172114130725005,-0.18499320965778754,0.6489616435744523,1.1990236248652513,1.013602433504925,55.34201812913239,55.34708156184674,55.351495629094764,55.360503498363435
672.0,23.552,2.3162109363230834,1.3323290684459663,0.7084856588291248,0.25975450859717897,-0.0621047128200255,-0.21812218932231225,0.004972308686938231,0.0002979117517293344,-0.11073908999282867,-0.18338954247522982,0.26488039371228184,-0.035516136305038984,-0.18660417129081408,0.647526246345518,1.1914484043419011,1.0135709036470835,55.420233533328386,55.42488447632999,55.428494464780584,55.436702037041314
673.0,23.584,2.3245205294225237,1.3302916365921496,0.7015272229326049,0.2596747843575107,-0.06366974543177412,-0.21745112176624665,0.0051302396825069424,0.00027506123442546597,-0.11666378095400835,-0.18514115809105489,0.26513475685221566,-0.03586006707374608,-0.1882110088582638,0.6462630967840559,1.183895761013475,1.0135622184996727,55.49281121853013,55.497411046755126,55.4995442625336,55.507223837377445
674.0,23.616,2.3328268527052463,1.3282024538239767,0.6946163034537817,0.2595726025850784,-0.06528696150540075,-0.21596623371322712,0.0053547103938223995,0.00024047610381413437,-0.12264213998699772,-0.18681603797743884,0.26538668327133663,-0.036216503648644094,-0.18988075693858988,0.6451515251699692,1.1763652367726445,1.0135748215693603,55.5600226176351,55.56488019867186,55.56502058330928,55.57242187811711
675.0,23.648,2.341128963187086,1.326059205744781,0.6877770313680497,0.25944095255749067,-0.06697650247486359,-0.21372725267912432,0.005629651788641483,0.00019635829059164948,-0.1286741384175462,-0.18849010495807048,0.2656341756494505,-0.03659537773536686,-0.19166600720603086,0.6441733421495729,1.1688554947591934,1.0136064724620883,55.62211054044461,55.627474465936444,55.625273019870164,55.63261270337017
676.0,23.68,2.34942572345273,1.3238590921935747,0.6810317193226315,0.2592737583013702,-0.06875354847520049,-0.2107910014193177,0.005938008915212105,0.00014503567393335618,-0.1347617761348773,-0.19022680750775056,0.26587578503243436,-0.03700373444260464,-0.19360383126743352,0.6433125410916242,1.16136444366845,1.0136544070664264,55.679295471632415,55.685349545672835,55.680625279041195,55.688079300039504
677.0,23.712,2.3577158382244083,1.3215989969075723,0.6744009457892929,0.25906608661495334,-0.07062797768757338,-0.20721167291683198,0.006262674454545871,8.886392717667903e-05,-0.1409086252434197,-0.1920753582791432,0.26611060637291756,-0.03744567265974356,-0.1957155595957757,0.6425550361606293,1.153889369534458,1.0137155100666302,55.73178089433009,55.7386426776202,55.731374936843515,55.73907395881995
678.0,23.744,2.3659978956254273,1.3192756584372034,0.6679036318021753,0.25881429378184195,-0.07260432719902864,-0.20304106209742528,0.006587339590605881,3.0140817101985133e-05,-0.14711934501840657,-0.19406982273041193,0.2663382535800392,-0.03792243620590838,-0.19800735284064866,0.6418884318213538,1.1464270693517244,1.01378648993517,55.77975762528947,55.78747978631028,55.777793203978185,55.78582116339832
679.0,23.776,2.3742704110683803,1.3168858334664093,0.6615571114499332,0.2585161075922824,-0.07468203033731545,-0.19832876100756344,0.006897225297419761,-2.8968529161244704e-05,-0.15339919456495232,-0.19622903118764037,0.2665588151915157,-0.03843263805812201,-0.200471467083803,0.6413018200027913,1.1389739813455129,1.013864047323871,55.82340718229108,55.83198137880835,55.82012496463943,55.8285205117068
680.0,23.808,2.3825318716724007,1.3144264448994385,0.6553771970978495,0.25817064387563515,-0.07685589271783776,-0.19312232350261732,0.00717966737508651,-8.649680688706856e-05,-0.1597535673284289,-0.19855724678286216,0.2667727924990831,-0.03897259453115444,-0.20308808785366644,0.6407856016024563,1.131526307385866,1.0139450289550955,55.86290424325594,55.87226723093124,55.85858926994834,55.86734964655625
681.0,23.84,2.390780779168874,1.3118947085843202,0.6493782401505274,0.2577783592647984,-0.07911675984744591,-0.18746740460381575,0.007424539148876682,-0.00014073082485199128,-0.166187568309323,-0.20104548855154525,0.2669810229456781,-0.03953674257004586,-0.20582758958252345,0.6403313294101616,1.1240801239082117,1.0140265606013483,55.89841829237781,55.90845992173699,55.89338038559431,55.90246716035904
682.0,23.872,2.3990156893898695,1.3092882342396452,0.6435731880321715,0.25734094440610344,-0.08145232327109307,-0.18140787869862213,0.007624506013627784,-0.00019025846908930175,-0.17270565077025796,-0.20367338415529546,0.26718459270577966,-0.04011811139187602,-0.20865306794767616,0.640004673769892,1.116631478686215,1.0141061544205086,55.94227979520284,55.95285251103008,55.936834635700215,55.94618065504249
683.0,23.904,2.407235239968061,1.3066050645715752,0.6379780975767327,0.2568609555684829,-0.08384905212718834,-0.17484657673245957,0.007775104741424457,-0.0002340036443314137,-0.17931134371626728,-0.20641200612118593,0.26738480282720045,-0.04070933495212249,-0.2115255832245522,0.639989581929088,1.1091762039734205,1.0141817539520206,56.01422410945119,56.02516749637715,56.00861684978669,56.018127771274195
684.0,23.936,2.41543816502253,1.3038436620656262,0.6326193698928063,0.2563414079521512,-0.08629382831090707,-0.16746024012270058,0.00787409912697923,-0.00027116700306764434,-0.18600710697746012,-0.20922788486223953,0.26758310572745037,-0.04130349401470735,-0.21440851602174946,0.6402827463269919,1.1017093940327476,1.0142517256946926,56.08313284428722,56.09428860160466,56.077530837432576,56.08709760475318
685.0,23.968,2.4236233337030173,1.3010030153753245,0.6275223343904079,0.25578652126523305,-0.08877020907192826,-0.159282359449949,0.007920812474125608,-0.00030116166525399993,-0.19279422420319772,-0.21208420219007632,0.2677808098473207,-0.041892265756514335,-0.21725833677439094,0.6408798603649719,1.094225973329588,1.0143149717576627,56.148630003138784,56.159786495888575,56.14340952664708,56.152949572234554
686.0,24.0,2.431789769100511,1.2980826471193443,0.6227111425497831,0.2552011061716789,-0.09126150799938079,-0.1503497450195261,0.007918162777911327,-0.00032393168225407936,-0.19967268234069255,-0.21494027796958506,0.26797916019058887,-0.04246747651455511,-0.22003251030715218,0.6417756019557764,1.0867207733731703,1.0143709427544347,56.21052044043463,56.221480938101514,56.20591715543667,56.215325587120056
687.0,24.032,2.439936654979605,1.295082585500811,0.6182086650668568,0.2545901837216894,-0.09375192557916487,-0.1407024213414472,0.007871376477204433,-0.000339800686537065,-0.20664113304408643,-0.21775425242086321,0.2681792446158807,-0.04302167346272919,-0.222692479709282,0.6429636240649618,1.079188599870963,1.0144196127322862,56.26857939631113,56.27916128814474,56.26476221359331,56.27393323091338
688.0,24.064,2.4480633332082355,1.2920033124797992,0.6140363931273559,0.2539586946447012,-0.0962272819066203,-0.1303834981094021,0.007787389299464688,-0.00034940855745715715,-0.21369694611010512,-0.220485951428113,0.26838194027025747,-0.04354848081542889,-0.2252055024415453,0.6444365519351655,1.0716242950915973,1.0144614291187124,56.322586907203565,56.3326301559262,56.31966792026123,56.328502875592314
689.0,24.096,2.456169292894736,1.2888456945409628,0.6102143444901256,0.253311240203141,-0.09867556058863738,-0.11943901991344821,0.007674323215683957,-0.00035364566953468256,-0.2208363366693663,-0.22309919851303814,0.26858788349193097,-0.04404284828685623,-0.22754590703587874,0.6461859867542199,1.0640227970798288,1.0144972437040327,56.37233402046807,56.38170860539032,56.370370726184426,56.37878297535354
690.0,24.128,2.464254152346314,1.2856109013966937,0.6067609750232312,0.25265185786181565,-0.10108728575840961,-0.10791779584044804,0.007540968065487769,-0.0003535763225950685,-0.22805454779372827,-0.22556355239408699,0.26879746124624676,-0.04450120625089507,-0.22969584917435562,0.6482025156275586,1.0563791968462761,1.0145282300301655,56.41762445908056,56.4262354597619,56.416623022088956,56.424541208528694
691.0,24.16,2.4723176352982184,1.2823003179440116,0.6036930963007903,0.2519838422470053,-0.10345573289631528,-0.09587121007628005,0.007396279996384837,-0.00035035498173149144,-0.23534607138810942,-0.2278555051542247,0.2690108223827763,-0.04492153079142528,-0.23164558853067801,0.6504757278148435,1.048688794464267,1.0145557926346693,56.458275684191,56.46606579853766,56.458196162031676,56.46556638119082
692.0,24.192,2.4803595431437553,1.278915454624577,0.601025799828939,0.25130962017302894,-0.10577697873233306,-0.08335301474535199,0.007248919160667503,-0.00034514154331161497,-0.24270489114358543,-0.22995916947992684,0.2692279056990432,-0.0453033236453016,-0.233393318245042,0.6529942372577872,1.0409471547743991,1.0145814735324459,56.49412000323827,56.501069548683425,56.49488316956427,56.50167021917958
693.0,24.224,2.4883797250578654,1.2754578609234886,0.5987723884262144,0.25063068481594153,-0.10804980315901037,-0.07041910633514413,0.007106846907098379,-0.00033902239949101494,-0.2501247322998411,-0.2318664863212958,0.2694484805858418,-0.04564751558021569,-0.23494459777576135,0.6557457114382257,1.0331501630956479,1.0146068609896894,56.52500580380935,56.53113040481665,56.52650101500669,56.53268885981724
694.0,24.256,2.496378047932197,1.2719290461120145,0.596944315237181,0.24994758982285736,-0.11027546285856384,-0.05712728715729499,0.006976997915503748,-0.00033294367022619945,-0.25759930430300726,-0.23357699613143976,0.26967219534266845,-0.04595630499275004,-0.23631145640261605,0.658716906554285,1.0252940809975877,1.0146335050729862,56.550798869038374,56.55614518479899,56.55289244807058,56.55848397339467
695.0,24.288,2.504354367926811,1.2683304105473285,0.5955511308078985,0.24925999983169111,-0.11245736139643682,-0.04353701341507778,0.00686503725811818,-0.00032766172869155434,-0.26512252424624116,-0.23509723131966404,0.26989862825006955,-0.04623294599271581,-0.23751124640445037,0.6618937088970998,1.0173756018359843,1.0146628436888194,56.5713836908093,56.57602367487726,56.57392739804179,56.57894347431298
696.0,24.32,2.5123085052067515,1.264663189950434,0.594600438597076,0.24856678999814175,-0.11460064365295665,-0.029709131588201404,0.006775206851587452,-0.00032371413425256985,-0.2726887112044319,-0.2364398005026193,0.27012733715624865,-0.04648150180112097,-0.2385653312375014,0.6652611821770733,1.0093919054235032,1.014696141923867,56.58666469074064,56.59068897282142,56.58950396416517,56.59398180502391
697.0,24.352,2.5202402230979803,1.2609284141524386,0.5940978592373021,0.24786618410090033,-0.11671174368735317,-0.015705604992935482,0.00671026055235454,-0.0003214115294770369,-0.2802927441048471,-0.2376222443094334,0.27035790448577424,-0.04670657986679211,-0.23949769490224354,0.6688036204237867,1.001340710919199,1.0147344465174604,56.59656727958158,56.600078290222854,56.59954901747133,56.60353980920131
698.0,24.384,2.528149212504008,1.257126880884152,0.5940470037976047,0.24715591893836852,-0.11879791463395561,-0.0015892324905439333,0.0066714825032772665,-0.0003208483801214121,-0.2879301784605696,-0.23866574689469466,0.27058997587128564,-0.04691306469831366,-0.24033355453827998,0.6725046060027239,0.9932203267852752,1.0147785563071934,56.601038727024374,56.60414412986009,56.60401842530132,56.607584253039946
699.0,24.416,2.5360350820140263,1.2532591443312677,0.5944494562341995,0.2464334221880663,-0.1208667672776344,0.012576638643589644,0.006658779429631428,-0.00032192821248568164,-0.29559731997251376,-0.23959378675167395,0.2708232916798538,-0.047105863072692,-0.2410980498586807,0.6763470722750426,0.9850296964794568,1.0148290085455676,56.60004886064679,56.60285571803647,56.60289689994003,56.60610709497838
700.0,24.448,2.543897353744898,1.2493255174247688,0.5953047651537917,0.24569599158974476,-0.1229258408280905,0.026728403737255577,0.006670834513302082,-0.0003243977794358096,-0.30329125552737946,-0.24043080524317478,0.2710577113073137,-0.047289674153500855,-0.24181507127215426,0.6803133704687216,0.9767684384246219,1.01488608014075,56.5935906442104,56.59620055396078,56.5961974742034,56.59912462856894
701.0,24.48,2.5517354646229102,1.2453260862127626,0.5966104449559553,0.24494096493787842,-0.12498222537519327,0.04080249381761127,0.006705308311821585,-0.0003278846567402616,-0.3110098443537712,-0.2412009621815488,0.27129323023545593,-0.04746879433463769,-0.24250627448877565,0.6843853404014727,0.9684368787240126,1.0149498021685206,56.581680685729204,56.58418594341426,56.58396062693888,56.58667661848272
702.0,24.512,2.559548772542757,1.241260734187177,0.5983619863690126,0.24416587249520538,-0.1270422507995485,0.05473566915804163,0.006759070987056873,-0.0003319340040381938,-0.3187516739472774,-0.24192703571088692,0.2715299896952756,-0.04764696357694209,-0.24319031413035436,0.6885443847571674,0.9600360750753179,1.0150199854634174,56.56435969392404,56.566840409378294,56.5662531166221,56.568825514845706
703.0,24.544,2.5673365666432892,1.237129174130371,0.600552876346386,0.24336856564163822,-0.12911125177519206,0.06846531179291801,0.006828449900250598,-0.00033604208664953666,-0.32651598677126176,-0.24262950969499314,0.2717682786526251,-0.04782725688953522,-0.24388231338935693,0.6927715466344411,0.9515678303898718,1.015096254739528,56.541692854527504,56.54421490702682,56.54316661710369,56.545655779381825
704.0,24.576,2.575098080805323,1.2329309849076797,0.6031746272448241,0.2425473175635543,-0.13119341320910044,0.08192971557618993,0.00690947740102766,-0.0003396859400144999,-0.3343025846512963,-0.24332587683228826,0.2720085279450598,-0.04801202165664474,-0.24459357201660442,0.6970475900462723,0.9430346947544985,1.0151780885166513,56.513770060097116,56.51638380091687,56.514816268635,56.51727330855252
705.0,24.608,2.582832509396647,1.2286656506567646,0.6062168151590496,0.24170089347887147,-0.13329169534109775,0.09506837231954687,0.006998125292301097,-0.0003423497053039661,-0.3421117182078732,-0.24403017078139433,0.2722512967898851,-0.04820285889570543,-0.24533150164913264,0.7013530829647615,0.9344399545882682,1.0152648621249993,56.48070591677641,56.48344557982964,56.48133924976904,56.48380491018677
706.0,24.64,2.5905390242560373,1.2243325999968218,0.6096671272370742,0.2408285893559512,-0.13540783312321325,0.10782225243826858,0.00709051480259256,-0.00034354847147958324,-0.34994396864397026,-0.2447527265584996,0.27249725243462547,-0.04840064436084311,-0.24609976632252484,0.7056684824039946,0.9257876081401527,1.0153558912108596,56.44263947092988,56.44552328971036,56.44289344524581,56.44539778552144
707.0,24.672,2.59821679191845,1.2199312431737,0.6135114177463721,0.23993023945038916,-0.13754240072255663,0.12013407841555956,0.007183093687461523,-0.00034285009584445944,-0.3578001287753013,-0.24550015607569584,0.27274714425518176,-0.04860558373553893,-0.24689859736984426,0.7099742209457105,0.9170823268313077,1.0154504734393786,56.399733635856705,56.40276466477678,56.399656244683854,56.402218980940376
708.0,24.704,2.605864990137435,1.2154610054373076,0.6177337726048023,0.23900619434329118,-0.13969492926226001,0.13194858932594536,0.00727277503659754,-0.00033989481899250905,-0.36568108943403543,-0.24627551546955062,0.27300177398617037,-0.04881729501081185,-0.24772524600756995,0.7142507940580882,0.9083294023448849,1.0155479264575158,56.3521743369053,56.35534193889887,56.351823471319484,56.354454791478
709.0,24.736,2.6134828228577285,1.2109213553790785,0.6223165820342419,0.23805727250916764,-0.14186406431965906,0.14321279466998613,0.007357035236355529,-0.0003344119133859465,-0.37358773637487985,-0.2470786331668574,0.27326196393478364,-0.04903491051689628,-0.2485745337756447,0.718478847543996,0.8995346797815229,1.0156476206074814,56.300169420108986,56.303451328132326,56.299608417354506,56.30231011176632
710.0,24.768,2.621069532927444,1.20631182740471,0.6272406209421397,0.2370846896786042,-0.1440477491990165,0.1538762158718071,0.007433971139132709,-0.0003262323331721655,-0.38152086165325133,-0.2479065626035589,0.2735285249992176,-0.049257190938512774,-0.24943946048025792,0.722639264476278,0.8907044776065245,1.0157490053367804,56.24394738078908,56.24731218979248,56.2432409535309,56.2460077360343
711.0,24.8,2.628624412007738,1.2016320379502632,0.6324851365888502,0.23608997125919273,-0.14624342045146246,0.163891113959702,0.007502318698051327,-0.0003152964143043654,-0.389481092214054,-0.24875412112205947,0.2738022261371421,-0.04948264394604829,-0.25031183109275057,0.7267132510222888,0.8818454954965729,1.0158516287061483,56.18375596713009,56.18716588006111,56.18296668101792,56.185787607969665
712.0,24.832,2.636146807326874,1.196881695443597,0.6380279430579238,0.23507485372299664,-0.14844820333331774,0.17321270215854886,0.007561437071600435,-0.00030165602733217686,-0.3974688372043029,-0.24961447663272196,0.27408376666589457,-0.049709640746284464,-0.2511828667866654,0.7306824206150615,0.872964711536797,1.0159551498260302,56.119860704783356,56.1232743466748,56.11904609841506,56.12190601713939
713.0,24.864,2.6436361251219043,1.1920606043504334,0.6438455220128423,0.23404118109469887,-0.1506590966613637,0.18179934234120368,0.007611263467074347,-0.0002854710751130516,-0.40548425437043734,-0.25047974582144905,0.27437375246854223,-0.04993652481143916,-0.2520437704845428,0.7345288759839061,0.8640692705154001,1.016059344435599,56.052543377079495,56.0559185032295,56.051753761845795,56.05463473434818
714.0,24.896,2.6510918308012656,1.1871686639142132,0.6499131291965887,0.23299080248004292,-0.15287313863188143,0.189612724492076,0.007652244784505898,-0.00026700072472295226,-0.41352723487537507,-0.25134157161213094,0.2746726768611872,-0.050161708191620136,-0.25288622344329853,0.7382352886066441,0.8551663653089921,1.0161641041608664,55.98210048456851,55.98539643622512,55.98137742014463,55.98426007581269
715.0,24.928,2.6585134460334388,1.182205862396367,0.6562049061091457,0.2319254760054094,-0.15508754743269446,0.19661802851740612,0.007685252478871842,-0.0002465901752207537,-0.4215974050103731,-0.2521916527936452,0.2749809065644234,-0.05038375206173554,-0.25370279605240875,0.7417849751867146,0.8462631135457506,1.0162694302408781,55.908841698898584,55.91202149591345,55.908217109827575,55.91108188584775
716.0,24.96,2.6659005431112814,1.1771722677488594,0.6626939962816418,0.23084678368258374,-0.15729983273460993,0.20278406789050307,0.007711487027488847,-0.0002246540428191648,-0.4296941426072374,-0.25302220472658377,0.27529867293111576,-0.050601429413632965,-0.25448726270071736,0.7451619707915098,0.8373664318753042,1.0163754226893666,55.83308831962538,55.83612031829211,55.83258419665467,55.83541242988449
717.0,24.992,2.673252737052542,1.17206801570811,0.6693526655536324,0.2297560606643876,-0.15950787627341798,0.2080834147497044,0.0077323780348101286,-0.00020165758167187483,-0.4378166054879731,-0.25382633639922664,0.2756260683215138,-0.050813769004785236,-0.25523481690321764,0.7483510983155842,0.8284829102641245,1.0164822659642256,55.75517173832517,55.758030819802876,55.75480035260342,55.75757519314167
718.0,25.024,2.6805696759715585,1.1668932962959797,0.6761524257513474,0.22865434121926967,-0.1617099816290725,0.21249250617859353,0.0077494853961377645,-0.0001780969655699463,-0.4459637690196412,-0.2545983353962818,0.2759630472953106,-0.0510200807568192,-0.25594218855308376,0.7513380339564575,0.819618688773668,1.0165902122535142,55.675431911730904,55.678100199277004,55.67519645959161,55.67790358467273
719.0,25.056,2.687851030295205,1.1616483396589175,0.6830641611593427,0.2275423226139465,-0.16390489490819546,0.21599173149985226,0.007764406147018372,-0.00015447976040451012,-0.4541344697592507,-0.2553338582281779,0.2763094321128607,-0.05121996371792116,-0.25660766995245965,0.7541093684140457,0.8107793392661402,1.0166995634621812,55.59421584423475,55.596682974473154,55.59411143427701,55.59673955093574
720.0,25.088,2.6950964814000993,1.1563334020813008,0.6900582571757062,0.2264203470279528,-0.16609179930052162,0.21856550051136175,0.007778690715170885,-0.0001313065509065769,-0.4623274522557231,-0.2560300286707031,0.2766649219089059,-0.051413298435517674,-0.2572310610354179,0.7566526635491411,0.8019697544202755,1.0168106529082854,55.511876079520036,55.51413907355514,55.511890971730864,55.514432107154605
721.0,25.12,2.7023057102220784,1.1509487528846256,0.6971047305418075,0.22528840068684866,-0.16827028739609798,0.22020229269066585,0.007793771331383253,-0.00010905447830437369,-0.4705414162960343,-0.25668545109281327,0.27702910482191007,-0.05160022611831394,-0.257813546872812,0.7589565042629484,0.7931940463280749,1.016923827622363,55.42876920111964,55.430831995551436,55.42888620940003,55.43133579808822
722.0,25.152,2.7094783863382075,1.1454946627814475,0.7041733605415614,0.2241461286290323,-0.17044031572431548,0.22089468749230867,0.0078109044008011,-8.816322454196518e-05,-0.4787750622096368,-0.2573001490938425,0.27740147232796497,-0.0517811173006924,-0.2583575221539419,0.7610105453888671,0.7844554567846804,1.0170394320004066,55.34525434202657,55.34712704827174,55.345452316375734,55.34780910237097
723.0,25.184,2.7166141579520993,1.1399713941019756,0.7112338205723638,0.22299286293411805,-0.17260214623349823,0.22063937596257502,0.007831127733809368,-6.902376414286272e-05,-0.4870271322470047,-0.25787544209417823,0.27778143503551866,-0.05195653287041277,-0.2588663779509468,0.7628055534193338,0.7757562811799522,1.0171577934009404,55.26169170404425,55.26338966755971,55.26194701623757,55.264212796149195
724.0,25.216,2.7237126431310728,1.1343791931609182,0.718255809500207,0.22182766184292138,-0.17475627940804328,0.21943715399509714,0.007855232722402523,-5.197001140479142e-05,-0.495296446493171,-0.25841377385480635,0.278168339238392,-0.05212718030321291,-0.2593442658097644,0.764333442924059,0.7670978076553064,1.0172792101103554,55.17844108820081,55.17998381808769,55.178729054498504,55.18090829243147
725.0,25.248,2.7307734225545297,1.1287182848900357,0.7252091822249044,0.2206493569830296,-0.17690338346507806,0.21729289764679438,0.00788375084934929,-3.7273327500388523e-05,-0.5035819322364371,-0.2589185073234947,0.2785614835916828,-0.052293867791722376,-0.25979585322735693,0.7655873075506484,0.7584802729074867,1.0174039419370884,55.095860438196425,55.097270473142316,55.096156623812746,55.09825597248229
726.0,25.28,2.7377960339421703,1.1229888697337271,0.7320640788976598,0.2194566058637685,-0.17904422363464162,0.21421552102360625,0.007916953349189704,-2.5139723642243998e-05,-0.5118826461607592,-0.25939369983869903,0.27896013535998787,-0.05245745869047064,-0.260226083034142,0.7665614455335656,0.7499028357079196,1.0175322035419532,55.014304399459114,55.0156061689302,55.01458576157794,55.01661352488863
727.0,25.312,2.7447799682428515,1.1171911226950515,0.7387910522521305,0.21824794689628815,-0.18117959495861352,0.21021791732720918,0.0079548624090564,-1.5709503661914697e-05,-0.5201977891468802,-0.2598438717108677,0.279363545781283,-0.05261882835460807,-0.26063994727497847,0.7672513796719299,0.7413635688689858,1.0176641604747634,54.93412289697583,54.93534162785638,54.93436873531727,54.93633430669316
728.0,25.344,2.7517246675837304,1.111325194330482,0.7453611925313482,0.21702185440246305,-0.18331026139279516,0.20531688372555487,0.00799727200145,-9.059029895527396e-06,-0.5285267138362678,-0.2602737797012252,0.27977096418574754,-0.0527788250563624,-0.2610422840307613,0.7676538717700984,0.7328594700348291,1.0177999277704173,54.855659735544535,54.856820444763514,54.85585243140848,54.85776573950764
729.0,25.376,2.758629524907642,1.105391213424584,0.7517462495160049,0.2157767913722323,-0.18543690330931323,0.19953303077051965,0.008043776273151778,-5.204266561908877e-06,-0.5368689254225054,-0.26068820508587803,0.28018165060132494,-0.05293823624752575,-0.2614376033917736,0.7677669315669166,0.7243864913129747,1.0179395708633094,54.779251226531265,54.78037783027454,54.77937676234696,54.78124775182726
730.0,25.408,2.7654938851663573,1.0993892910306091,0.7579187511843232,0.2145112580848594,-0.1875600748117155,0.1928906771349463,0.008093803361635262,-4.105749836585351e-06,-0.5452240763808393,-0.26109176397427897,0.2805948866624474,-0.053097761021930895,-0.2618299466070669,0.7675898202096427,0.7159395874032658,1.0180831085082436,54.705224845562526,54.70633940599261,54.70527310694014,54.70711127704121
731.0,25.44,2.7723170478895285,1.0933195255386332,0.7638521185596528,0.21322383509909928,-0.189680171624247,0.1854177304790523,0.008146652556762425,-5.674648112892662e-06,-0.5535919560261904,-0.26148874547676726,0.2810099847122504,-0.0532579892382123,-0.2622227803899828,0.7671230483567222,0.7075127815319487,1.018230517348676,54.63389792582683,54.63502004727445,54.633862796754386,54.63567681495962
732.0,25.472,2.779098270914104,1.0871820084274089,0.7695207763287288,0.21191321951798106,-0.1917974097257606,0.17714555528362455,0.008201532853711944,-9.779603688922957e-06,-0.5619724759047456,-0.2618829812954277,0.2814262950524676,-0.053419387405839805,-0.2626189265337072,0.7663683690198135,0.6990992481703219,1.0183817377477458,54.56557639181595,54.566722770540736,54.56545566086457,54.56725306309292
733.0,25.504,2.7858367750365116,1.0809768303671408,0.774900258840902,0.21057825382524134,-0.193911814383378,0.16810882850541012,0.008257601134560692,-1.625408235932636e-05,-0.5703656520787335,-0.26227774843398954,0.2818432113485334,-0.05358229112683298,-0.26302052543085075,0.7653287652797798,0.6906914112177805,1.018536680492048,54.500553538332596,54.50173766346843,54.50034863965263,54.50213562250423
734.0,25.536,2.7925317493391786,1.0747040873650997,0.7799673111263488,0.20921794695834253,-0.19602321881378293,0.15834538392021216,0.008313998453311029,-2.4903994018444926e-05,-0.5787715853647667,-0.2626757050498133,0.2822601742451293,-0.0537469036292296,-0.2634290308253958,0.7640084330338158,0.6822810560658208,1.0186952339898214,54.43910885946448,54.440340857877786,54.43882447709426,54.44060578178329
735.0,25.568,2.799182356942855,1.0683638866813996,0.7846999845990644,0.20783148761488437,-0.19813127136562841,0.1478960460223644,0.008369883166148973,-3.551537916486638e-05,-0.5871904405411293,-0.2630788580469256,0.2826766732923909,-0.05391329972986093,-0.26384523216334055,0.7624127589514414,0.6738594537386151,1.0188572716111288,54.38150693195394,54.38279354658216,54.381150499714316,54.38292938155177
736.0,25.6,2.805787740945393,1.0619563522853663,0.7890777271381574,0.20641825007931805,-0.20023544987603903,0.13680445434665472,0.008424459930691543,-4.786197682943076e-05,-0.5956224254573097,-0.26348855985664016,0.28309224733130567,-0.05408143442375117,-0.26426930024093664,0.7605482938355265,0.6654174951314387,1.019022658854608,54.32799635697054,54.3293410467198,54.327577489180634,54.32935576096855
737.0,25.632,2.812347030324664,1.0554816296707763,0.7930814672684198,0.20497779310221767,-0.2023350817059384,0.12511687907069957,0.008477003883019724,-6.171249351078363e-05,-0.6040677708688471,-0.2639055309773808,0.28350648354327523,-0.05425115521384302,-0.26470085145804845,0.7584227216003202,0.6569458332427743,1.0191912600703912,54.27880876383743,54.28021191305854,54.27833865417884,54.28011678688041
738.0,25.664,2.8188593456067395,1.0489398898980293,0.7966936921881755,0.20350985256485635,-0.20442936789834257,0.11288202874236768,0.008526879579136065,-7.68373767795711e-05,-0.6125267116907877,-0.2643299042396661,0.28391901543467896,-0.05442221726347654,-0.2651390258411951,0.7560448240907861,0.648435031219634,1.0193629445188728,54.23415787886476,54.23561710521657,54.23364870558871,54.23542596564301
739.0,25.696,2.8253238041290474,1.0423313327804082,0.7998985194188095,0.2020143288221225,-0.206517409925659,0.10015085095731172,0.008573554549410757,-9.301486194609256e-05,-0.6209994702218518,-0.26476128640833047,0.284329520100811,-0.054594300468530796,-0.2655825740708825,0.7534244419752161,0.6398757140066524,1.0195375915975526,54.19423866225237,54.195749212430194,54.193703036837356,54.19547763730974
740.0,25.728,2.8317395247607275,1.0356561891775462,0.8026817618759098,0.20049126974000503,-0.20859823758943832,0.08697632678438322,0.008616607553513553,-0.00011003601331142634,-0.6294862417461063,-0.26519883260534455,0.2847377151829246,-0.05476702759783769,-0.2660299489962633,0.7505724319447862,0.631258721404213,1.0197150951208156,54.159226516280015,54.1607817383651,54.15867700835999,54.16044625183858
741.0,25.76,2.838105631977852,1.028914722399923,0.805030986186317,0.19894085053513683,-0.21067083680072188,0.0734132597002244,0.008655731831755987,-0.00012770843982050435,-0.6379871827759034,-0.2656413291028392,0.2851433559794696,-0.05493998272866771,-0.26647939750865257,0.7475006204483661,0.6225752603939471,1.0198953665883312,54.12927656871683,54.13086844645521,54.128725331440336,54.13048572732521
742.0,25.792,2.8444212592285303,1.0221072287618962,0.8069355640982265,0.1973633515836985,-0.21273417618834065,0.05951805974717389,0.008690733819786366,-0.00014585835473000428,-0.6465024020645488,-0.2660872802645324,0.2855462331721612,-0.055112729296764376,-0.26692904913814797,0.7442217541783294,0.613817054675122,1.0200783374251465,54.10452303644609,54.10614276381349,54.10398154273751,54.10572889086456
743.0,25.824,2.8506855515611034,1.0152340373462139,0.8083867168525024,0.19575913539290873,-0.2147872317400724,0.045348523571121055,0.008721527920384158,-0.0001643307015952205,-0.6550319543939792,-0.26653499577074513,0.28594617155789454,-0.05528482717667539,-0.2673769983015362,0.740749447504771,0.604976489465785,1.0202639602193175,54.08507867521105,54.086717239707525,54.08455755757025,54.08628700319693
744.0,25.856,2.8568976675262454,1.008295509059756,0.8093775524023102,0.19412862391068858,-0.2168290089518061,0.030963610931494773,0.008748128003653089,-0.00018298721076882884,-0.6635758370349658,-0.26698267471606485,0.28634303002775274,-0.05545584829926513,-0.2678213777336004,0.7370981270348856,0.596046749751417,1.0204522090201678,54.071034321313704,54.0726830540511,54.07054328902673,54.07224936835948
745.0,25.888,2.863056780399112,1.0012920350688852,0.8099030953850531,0.19247227727707522,-0.21885856221471442,0.016423218210714893,0.008770636334843738,-0.0002017024876748356,-0.6721339886872043,-0.267428483688724,0.2867367028223662,-0.0556253903970093,-0.2682604212515561,0.7332829734565595,0.5870219503053116,1.0206430787913878,54.06245852930209,54.06410957340411,54.0620063225293,54.0636830286786
746.0,25.92,2.869162078798507,0.9942240347048317,0.8099603097657183,0.19079057498110047,-0.22087501137667256,0.0017879493957873012,0.008789230613483807,-0.00022035853811974238,-0.6807062906350274,-0.26787062649978227,0.2871271218596814,-0.05579308854710009,-0.2686925146117773,0.7293198608162773,0.5778972559542135,1.0208365841377827,54.05939730595945,54.06104395687035,54.05899164197888,54.06063254351595
747.0,25.952,2.8752127668041414,0.9870919529273329,0.8095481140847782,0.18908400017607335,-0.2228775555468373,-0.012881115029377681,0.008804149761939079,-0.00023883844066836883,-0.6892925698012468,-0.2683074038045909,0.28751425973808753,-0.05595862426536187,-0.26911623380042043,0.7252252933855144,0.5686689907163962,1.0210327574423623,54.061873936155024,54.06351082094044,54.06152141262184,54.063119847819735
748.0,25.984,2.881208063688391,0.9798962574310192,0.808667389257675,0.18735302763279987,-0.22486548425980338,-0.02752265084697556,0.008815679044327002,-0.00025702009312655264,-0.6978926033458059,-0.26873726142813464,0.2878981329159217,-0.05612173199780601,-0.2695303706423807,0.7210163402875909,0.559334734594643,1.021231646561587,54.06988889227259,54.07151197847925,54.06959483416887,54.071144184819175
749.0,26.016000000000002,2.887147203384449,0.9726374354761854,0.807320978887625,0.18559811550181143,-0.22683818608855413,-0.0420753240640628,0.008824135044403835,-0.0002747710113599088,-0.7065061244360751,-0.26915882675399505,0.2882788045788592,-0.05628220296303356,-0.2699339461040121,0.7167105680847189,0.5498934069609372,1.0214333122310613,54.08341981799824,54.08502626995031,54.083188081932796,54.08468210738079
750.0,26.048000000000002,2.893029433808441,0.9653159905250293,0.8055136820697647,0.18381970074975146,-0.22879515472362993,-0.056478025558134116,0.008829850992803537,-0.00029194501341669185,-0.7151328288103385,-0.26957093304980884,0.2886563868054255,-0.056439886411720305,-0.27032621209811136,0.7123259715553568,0.5403453356199941,1.0216378253320906,54.10242158016072,54.104009503133526,54.10225435169167,54.10368754491206
751.0,26.080000000000002,2.8988540161404486,0.9579324387662731,0.8032522386828593,0.18201819787523593,-0.23073599246112972,-0.07067010584079277,0.008833162906428584,-0.0003083813157441505,-0.7237723817642627,-0.26997263207067673,0.28903104177549077,-0.05659468847659793,-0.2707066429645737,0.7078809029167862,0.5306923107811269,1.021845264161786,54.1268263878999,54.128394511376655,54.126724016481745,54.12809193658059
752.0,26.112000000000002,2.904620224150859,0.9504873056142289,0.8005453071847276,0.18019400032533145,-0.23266041100138116,-0.08459160931661637,0.008834396974147438,-0.00032390619129762504,-0.7324244252109033,-0.27036319569593825,0.28940298187825547,-0.05674656887500977,-0.2710749180929791,0.7033939997609273,0.5209376232979244,1.0220557118365199,54.15654398421851,54.1580913323641,54.15650489373237,54.157804435174945
753.0,26.144000000000002,2.910327343636824,0.9429811222710753,0.7974034349486823,0.17834748393640004,-0.23456822947354855,-0.09818350737641679,0.008833858577906526,-0.00033833699719253586,-0.7410885844971961,-0.2707421077068676,0.28977246862965395,-0.056895535787982454,-0.2714308973700779,0.6988841119707716,0.5110860866486993,1.0222692539413316,54.19146191829038,54.19298750232576,54.191482613073255,54.19271218769071
754.0,26.176000000000002,2.9159746720113597,0.9354144224417814,0.7938390211999551,0.1764790117042418,-0.23645936966543482,-0.11138792964772427,0.00883182326690048,-0.00035148815094000383,-0.7497644747023934,-0.271109047097532,0.2901387481690515,-0.05704141728993033,-0.27177453010106806,0.6943702365598048,0.501144042224844,1.0224859765173968,54.23152945630533,54.23289616323988,54.23144053525761,54.23273576033721
755.0,26.208000000000002,2.9215615180632355,0.9277877392855666,0.7898662731464677,0.17458893912111734,-0.23833384863171359,-0.12414837667147963,0.008828311332515385,-0.00036424757153103376,-0.7584517145818329,-0.271463831890955,0.29049760085424653,-0.057183407348625856,-0.27210599183490497,0.6898714700167473,0.4911193476616603,1.0227059644524608,54.27679742255708,54.27752873645812,54.27602649979134,54.2778638256661
756.0,26.240000000000002,2.9270871958426703,0.9201016113089342,0.785501156492062,0.17267743060733737,-0.24019149926976144,-0.1364098954501797,0.00882260581559464,-0.00038126060536505617,-0.7671499561410059,-0.27180646576342765,0.29085455724488424,-0.0573227327646824,-0.2724259901851986,0.6854068498320631,0.48102135844753174,1.0229293001461435,54.32609172627509,54.32735533322428,54.32604314315959,54.32725763389748
757.0,26.272000000000002,2.9325509975973656,0.9123566189396684,0.7807613339465163,0.17074380483422788,-0.24203101153955747,-0.14811945454830375,0.008815833630968582,-0.0003979797809996179,-0.7758587822770385,-0.2721373246831928,0.2912082730849555,-0.05745917973995325,-0.2727348145355913,0.6809953274776578,0.4708609274284781,1.0231560612178838,54.38026338804258,54.381499338665364,54.380245095227,54.381399104013795
758.0,26.304000000000002,2.9379522188895857,0.9045533472165767,0.7756660994616841,0.16878816538187777,-0.24385224134661534,-0.15922607765100544,0.008808101776148781,-0.00041427918043528535,-0.7845778253986624,-0.27245673411550253,0.29155872961713747,-0.057592811168610106,-0.2730328264104464,0.6766556935412682,0.46065029784003453,1.0233863191544827,54.438756495344,54.4399601624633,54.43875482577173,54.4398555278322
759.0,26.336000000000002,2.9432901592424736,0.8966923847220801,0.770236305744516,0.16681063602774757,-0.24565507795301622,-0.16968105366150357,0.008799456144739166,-0.00043007920391195496,-0.7933067292723607,-0.2727650359091792,0.2919059173584826,-0.05772368778625213,-0.2733203663157637,0.6724065031813126,0.4504030208741075,1.0236201392935118,54.50133448937128,54.50250212181415,54.50133826358579,54.50239195276925
760.0,26.368000000000002,2.9485641229114097,0.8887743232561963,0.7644942851675163,0.16481136465425192,-0.24743942080886877,-0.17943814303123998,0.008789894119139822,-0.00044533981917882455,-0.8020451488408922,-0.27306256828525594,0.2922498194217441,-0.05785185694609865,-0.27359771734931854,0.6682660020038438,0.44013385512128295,1.023857581376364,54.56774452873553,54.56887103644975,54.567742187509324,54.56875627605136
761.0,26.400000000000002,2.9537734197702448,0.8807997581171676,0.7584637642828908,0.16279052683859638,-0.24920516059464734,-0.18845377764454743,0.008779371242933688,-0.0004600704940956126,-0.8107927492741256,-0.2733496372381766,0.29259039712239326,-0.05797734380996955,-0.27386507820616063,0.6645140817633826,0.42985864757827724,1.024098700555497,54.68132122230743,54.682400088572834,54.681300913554566,54.68228381116111
762.0,26.432000000000002,2.9589172618763357,0.8727691997486766,0.7521853914902275,0.16074506581534295,-0.25095494901534293,-0.19619914977072797,0.008767808056776544,-0.0004743396919533931,-0.8195492111929281,-0.27362670956309354,0.29292786157621514,-0.05810230279634672,-0.27413220938146404,0.6612123919517766,0.41959612619199244,1.024343413382203,54.805738128441696,54.80684099910312,54.80547691976745,54.80639604837952
763.0,26.464000000000002,2.9639948486567538,0.8646831515547965,0.745703756282315,0.15867458688806332,-0.25268900605875433,-0.20255110024726392,0.008752935682335105,-0.000487809924038898,-0.8283143802132684,-0.27389905576476686,0.2932621520848681,-0.05822702509913483,-0.2744005128896538,0.6583069049175634,0.409365321973245,1.0245916118471452,54.92124605035132,54.922335917770134,54.92086592698265,54.92178188806337
764.0,26.496000000000002,2.969005433116507,0.8565421623205338,0.739060366974687,0.15658076436729493,-0.25440591357070763,-0.20760591586337412,0.008733838218987195,-0.0005005288092444677,-0.8370882049456828,-0.2741697930067413,0.2935930980796927,-0.0583504534950411,-0.2746652987766041,0.6557500763274557,0.3991843550706454,1.0248432471256008,55.0285430675548,55.02957300755434,55.0281566537766,55.02910873685651
765.0,26.528000000000002,2.9739483281184245,0.8483468300838632,0.7322938779564275,0.15446546880991383,-0.25610413239595514,-0.21145278182060892,0.008710842031385826,-0.0005128851297154691,-0.845870602344893,-0.27443783964939195,0.29080432040354554,-0.05785150367696841,-0.2749214399889883,0.653500067168161,0.3890703741598894,1.025098336605826,55.366980224100615,54.96973787745932,54.88920861751974,55.28838536551943
766.0,26.560000000000002,2.9788229006183085,0.8400977996431129,0.7254404247492056,0.15233039062137452,-0.25778220127344714,-0.2141704127256864,0.008064940751908369,-0.003713498604415387,-0.8546856152169349,-0.27462205747371055,0.28329052184313097,-0.056400719917211656,-0.27513051826450274,0.6515200591079817,0.37903952602946656,1.0253569571940928,55.628989043044655,54.94948151378365,54.81251611613334,55.4940574885575
767.0,26.592000000000002,2.9836123209173837,0.8318238577334618,0.7185337657138025,0.14966938434610152,-0.2585606846765979,-0.21583309485634689,0.006359637232573129,-0.012373020253790598,-0.8635379049606059,-0.2746707059660498,0.2760575107846278,-0.0549849256815219,-0.2752487427464165,0.6497776520150239,0.36913916249425394,1.0256182167636863,55.32562519051031,55.298104667845706,55.28790102271715,55.317733692503225
768.0,26.624000000000002,2.9882727073405104,0.823602766383111,0.7116041075200307,0.14563707572270976,-0.25690910469846107,-0.21655181855536798,0.004599114462428887,-0.021265693092597834,-0.8723873656316578,-0.27498434304975355,0.26857449999879557,-0.05349853579727981,-0.27526915149976466,0.648244333773221,0.35947106355212105,1.0258788203839646,55.29646088312151,55.456416614799195,55.47783096118316,55.31901446330552
769.0,26.656,2.9927602417542416,0.8155156550677078,0.7046791118015997,0.14023545042911467,-0.25272222860637733,-0.21640611620099168,0.0030261438851974147,-0.02887883854220836,-0.8812232938565945,-0.2751308044459861,0.26082322033016064,-0.05193846856627006,-0.2751862584069471,0.6468950137204345,0.350138649943725,1.0261338279444554,55.32843039611396,55.563420404988776,55.59538516961955,55.360616976588574
770.0,26.688,2.9970390782273753,0.8076336841871028,0.6977840061853084,0.1337136397854265,-0.24631159001890757,-0.21547205050910145,0.0017169003721830979,-0.034601921613342086,-0.8900457996003643,-0.27514252335686834,0.2529007881196316,-0.050318857920005275,-0.2749626477922631,0.6457076120739823,0.34123119563410576,1.0263777385727928,55.38111977461822,55.64633407188945,55.68191492850821,55.415981128978565
771.0,26.72,3.0010844178953735,0.8000124500057616,0.6909422205004666,0.12641686462494517,-0.23816356816691217,-0.21380580265130728,0.0006923520016051829,-0.038184198457007636,-0.8988565653722822,-0.2750213422114494,0.2449043535471216,-0.048668335833836576,-0.2746354677077201,0.6446626986251044,0.3328170720420923,1.0266055250976378,55.44659576571765,55.708907229920804,55.7458440161702,55.48198905395214
772.0,26.752,3.004883579633931,0.7926894467907987,0.6841759178572224,0.11872380432992313,-0.2288438504675914,-0.2114469576013805,-4.34724878098666e-05,-0.03964242103917359,-0.907656826912527,-0.27478706786981816,0.23703214624121238,-0.04700281994687064,-0.27406085556550147,0.6437431747900919,0.32494062943850466,1.0268134963400772,55.51486995608598,55.7629023711229,55.79784340361987,55.546906139365696
773.0,26.784,3.0084354545965097,0.7856837288653994,0.6775063018347017,0.11099609258058409,-0.2189286851687273,-0.20842550070377158,-0.0005154735663412489,-0.039083536168182546,-0.9164435471748958,-0.2743692116906544,0.22947163180366803,-0.04534771190562524,-0.27314570493162027,0.6429339938152809,0.3176218878446315,1.0269996953521618,55.58618211158379,55.805283850083505,55.83793897425637,55.61394320872052
774.0,26.816,3.0117496208814694,0.778996505751422,0.6709537142986011,0.10356769640498799,-0.20897572231179365,-0.2047683605031455,-0.0007529281043521529,-0.03673099523282489,-0.9252091220338795,-0.2736826985504267,0.22242190885664392,-0.04373175406818601,-0.27179573995222267,0.6422219145574473,0.31085734064653747,1.0271642739970137,55.65715440038248,55.83891618232076,55.86968246333333,55.68037284700223
775.0,26.848,3.01484479570705,0.7726127559879533,0.664537553117177,0.09672421329939832,-0.1994921801083958,-0.20050503691950214,-0.0007840320177917515,-0.03287435294224075,-0.9339416579120798,-0.27263603902260175,0.2160929308965058,-0.0421850611721926,-0.26990954401226164,0.6415952848105536,0.3046221871788222,1.027309526417746,55.72484481211224,55.86662382802898,55.89618996359266,55.74350496763455
776.0,26.88,3.0177469255471907,0.7665034509737972,0.6582760776283874,0.09069155750439364,-0.19091578169237716,-0.19567110902467597,-0.0006336708170323666,-0.02782248778038313,-0.94262536636301,-0.27113152363008564,0.20871496892960512,-0.04035545971111924,-0.26739323913413826,0.6410438506332872,0.2988735060289578,1.0274396438869586,55.93847307457126,55.78815210276447,55.76843113025711,55.903798964080124
777.0,26.912,3.020487200960797,0.7606280097348264,0.652186185267199,0.08563360667519775,-0.18360753871783983,-0.19030913628713728,-0.000709926241259552,-0.023927198776845772,-0.9512410255168711,-0.2690695640680976,0.20022592803170686,-0.03823747803429074,-0.2641794193930805,0.6405585885572928,0.2935538720893516,1.0275602993138013,56.043370860773926,55.77465637228908,55.741267893441425,55.990421803226205
778.0,26.944,3.023091203960877,0.7549561431748724,0.6462827498942241,0.08137509375250034,-0.17724582999856225,-0.184482355405465,-0.0011366210900146953,-0.02213198666464744,-0.9597682673124946,-0.2663554684645501,0.19291627861408944,-0.036275112058663656,-0.26021132026664745,0.6401315579304176,0.2886155486403973,1.027677632147222,55.91535772685132,55.91376063568432,55.93927826693645,55.91629876531183
779.0,26.976,3.0255746459825543,0.7494766972763357,0.6405784945529015,0.07760756317741473,-0.17123268432927052,-0.17825797941633023,-0.001461835516538459,-0.02024889561879882,-0.9681878379948932,-0.26297751359372307,0.1861300691147482,-0.034346301086748854,-0.2554661532596354,0.6399876335510614,0.2840300568783312,1.0277973204308304,55.985455997071995,55.97935583067189,56.00915890716516,55.98521363222892
780.0,27.008,3.027952573015101,0.7441771158163685,0.6350989831166818,0.07431021976708745,-0.16561192062397576,-0.1712347323818661,-0.0016731332250186403,-0.0182920138652612,-0.9764753762635278,-0.25884292105116047,0.17989016122112236,-0.032471117022256975,-0.25001519290622837,0.6401547847200991,0.2797633995653584,1.0279244319837662,56.058414084659574,56.046896572474466,56.080363302346015,56.056569901951406
781.0,27.04,3.0302393013259032,0.7390432487742413,0.6298705777055146,0.07146025971256624,-0.16043334506647328,-0.16338766909897495,-0.0017620927116907012,-0.016283740384770515,-0.9846072916489855,-0.2539777415273563,0.17422512003271107,-0.030671307356592202,-0.24396200819782138,0.6406294724677233,0.27577780910795074,1.0280632820846989,56.128260186670566,56.1117465392366,56.148032468183295,56.12448318229914
782.0,27.072,3.0324481966318,0.7340594737659942,0.6249184709445268,0.06902797830928004,-0.15574296900772153,-0.15475333628086813,-0.001724894246947112,-0.014245226844370202,-0.9925621801548846,-0.24845130019825168,0.1691586572857096,-0.028968462690476787,-0.23744705629525883,0.6414070515561943,0.27203276690545225,1.0282172699675225,56.194671068271525,56.17377242158248,56.21177888634774,56.188660557424804
783.0,27.104,3.0345914842539647,0.7292088783163219,0.6202665707978798,0.06697773819264169,-0.15158110780226136,-0.14537187958271733,-0.0015632545547398908,-0.012196001033356834,-1.000322118073288,-0.24237260019127488,0.16470837765393967,-0.0273831526179616,-0.23064372554531395,0.6424817623955309,0.26848580211254885,1.0283887618522465,56.25730239517467,56.23275752444743,56.27127700712544,56.24890637926884
784.0,27.136,3.036680123957894,0.7244734677609952,0.6159373915231903,0.06526999074779599,-0.14798157985395827,-0.1352868523340488,-0.0012843000846090612,-0.010153978926131258,-1.0078738406791075,-0.23588674664553233,0.16088583228293807,-0.025934115723011096,-0.22374935411983196,0.6438467376641673,0.2650932949800106,1.0285790385426008,56.315817340383965,56.28845061046004,56.326250540976766,56.305067700797885
785.0,27.168,3.038723749728663,0.7198343952502099,0.611951951708168,0.06386330533653112,-0.14497101596204126,-0.12454499421944698,-0.0008999631851529077,-0.008135613054092205,-1.015209705938527,-0.22916832958231897,0.15769657120560007,-0.024637499986693866,-0.21697299947619667,0.6454940218716527,0.2618112560714423,1.0287883076464222,56.3699040816788,56.34058155536823,56.37647057998953,56.3570117858756
786.0,27.2,3.040730669223429,0.7152722089604258,0.6083296802791995,0.0627162342114323,-0.14256832155575327,-0.11319598215526323,-0.00042613159120660874,-0.0061561010242008095,-1.022328340313294,-0.2224116329403656,0.15514017616872938,-0.023506221194773476,-0.21052118038854062,0.6474146007976583,0.2585960589571721,1.0290157747071587,56.419286597369776,56.388865725405665,56.42175696975107,56.404616031507885
787.0,27.232,3.04270791449375,0.7107671111522709,0.6050883312118128,0.06178891469753306,-0.14078430650484017,-0.10129215835583466,0.0001183557895571146,-0.004229635014742891,-1.0292348845317478,-0.21581829487939883,0.15321027312302501,-0.022549471332139318,-0.20458306472135523,0.6495984364985127,0.2554051106500497,1.0292597642497836,56.46373179763398,56.433008131297,56.461977757901806,56.44776050360662
788.0,27.264,3.044661333386998,0.7062992237351681,0.6022439074020463,0.0610443404139987,-0.1396214817844624,-0.08888824405520529,0.0007127926967429108,-0.0023696788070155495,-1.0359407931820013,-0.20958352559914095,0.1518945371807031,-0.021772395893515088,-0.199316802782681,0.6520345025094727,0.25219745087455714,1.029517879512352,56.503052103197255,56.47270949380735,56.49704605340602,56.48632177153008
789.0,27.296,3.046595709702283,0.7018488553813076,0.5998105937822172,0.06044925985265731,-0.13907401105813985,-0.07604105061965662,0.0013357000043408248,-0.0005892491475451955,-1.0424631886874638,-0.20388232996013758,0.15117472746211197,-0.02117595139471669,-0.1948386740935768,0.6547108133963397,0.24893427761383013,1.0297871883039635,56.537101884035735,56.507675129676585,56.52691528844363,56.52016741933653
790.0,27.328,3.048514899749232,0.6973967657871163,0.5978006993264379,0.05997468896715147,-0.139127799818478,-0.06280920174310528,0.001965870672276851,0.0010988491775608907,-1.0488238209190361,-0.19885731480526042,0.15102682310966536,-0.02075694928275478,-0.19121637253052118,0.657614443871555,0.24557940167014716,1.030064421997627,56.565767112100886,56.53762695424646,56.551574412662475,56.54915080141794
791.0,27.36,3.050421973518492,0.6929244230543652,0.5962246071959209,0.059596055289379224,-0.13976071039847177,-0.04925287907865668,0.002583318990452427,0.002681925368760285,-1.0550477297618353,-0.19460952578740237,0.15142135534940082,-0.020508287483126893,-0.1884671526905151,0.6607315366409511,0.24209963667071066,1.0303461751014402,56.58895035333233,56.562317545808476,56.571043688783014,56.573107003919326
792.0,27.392,3.052319350275307,0.6884142498645881,0.5950907321096388,0.05929302365047234,-0.1409429121805339,-0.035433596446313824,0.0031701039135437663,0.004147559121802271,-1.0611617410143264,-0.19119335869067883,0.15232400488419917,-0.0204193612605579,-0.18656082544249938,0.664047305563119,0.23846513259714314,1.030629094068965,56.60655766635962,56.58154285967977,56.58536915115019,56.59185382483733
793.0,27.424,3.0542089209527763,0.6838498527815594,0.5944054843119743,0.05904908367090894,-0.1426374088446465,-0.02141399367701703,0.003711007094712308,0.005484091099116478,-1.067192940323752,-0.18861599849922828,0.15369643056362622,-0.02047662678892856,-0.1854268830898487,0.6675460491888696,0.23464966034484439,1.0309100458636355,56.61849707957378,56.59514831880899,56.59461127866398,56.605203577791265
794.0,27.456,3.0560921528600544,0.6792162269031499,0.594173240318365,0.058850997102441405,-0.14480080870029804,-0.007257624800287987,0.004194045142375504,0.00668138498066818,-1.0731672638687253,-0.1868411787350806,0.15549715643929032,-0.02066426780138572,-0.18496450232675862,0.6712111931364778,0.23063085259667873,1.031186259066932,56.624694205565035,56.603025100096616,56.59882559020994,56.61298799004507
795.0,27.488,3.0579701751426445,0.6744999265137293,0.5943963216563858,0.05868819633093875,-0.14738438716939403,0.006971291813148006,0.0046107855768753,0.007731601431563333,-1.0791083205789966,-0.18579646228742008,0.1576822938824859,-0.020964902709034845,-0.185053914711095,0.6750253723272153,0.22639040407860067,1.0314554327407879,56.62511748219961,56.605100774196345,56.598041656523904,56.61508817422188
796.0,27.52,3.059843845229372,0.6696891932864647,0.5950749834496539,0.05855219021023978,-0.1503354133520171,0.02120818103962944,0.004956434192481013,0.008629634080870934,-1.0850365237576232,-0.1853828401038767,0.16020599592545778,-0.021360278746192445,-0.1855676743369758,0.6789705480131862,0.2219142342476855,1.0317158105494555,56.61979438233209,56.60133459365508,56.592254363782644,56.611453489392034
797.0,27.552,3.0617137968296073,0.6647740378792905,0.5962074144121574,0.05843598750734919,-0.15359860647419496,0.03538846757823382,0.005229684843732346,0.009373009637743589,-1.090968566372452,-0.18548529018794588,0.16302073724415794,-0.021831922812810114,-0.186380636517607,0.6830281406652285,0.21719261870936224,1.0319662196532449,56.60880563622123,56.59172357995569,56.58143538840337,56.60209882998756
798.0,27.584,3.0635804695740934,0.6597462769941788,0.5977897487638191,0.058333523265188765,-0.15711752765974044,0.04944794848942692,0.00543236380297915,0.009961360602119117,-1.0969172315485052,-0.1859830322637536,0.1660776007171045,-0.022361734571313414,-0.18737788048028703,0.6871791577049836,0.21222030078290868,1.032206075612046,56.59226346837676,56.57631394077822,56.565557129145446,56.58708604961012
799.0,27.616,3.065444120312626,0.6545995330689665,0.5998160894216772,0.05823908557914254,-0.1608357476628844,0.06332314555806609,0.005568931568552143,0.010395782668370622,-1.1028914955450762,-0.18675848973629278,0.16932668118173125,-0.022932507808017998,-0.18846024424672855,0.6914043037911224,0.20699659875353266,1.0324353560729416,56.57029098493745,56.5552069465835,56.544613493469306,56.566504549864995
800.0,27.648,3.0673048170433974,0.6493292056340968,0.602278541172468,0.058146772836609135,-0.16469773233967672,0.07695161721221401,0.005645907895290621,0.010678351175739662,-1.108896859532297,-0.18770433705005818,0.1727176013840739,-0.02352836143662663,-0.18954750181809316,0.6956840724584964,0.20152552564397977,1.0326545473929352,56.54301359112695,56.52855434298894,56.518629015202336,56.54046092241248
801.0,27.68,3.069162418122714,0.6439324222700487,0.6051672525104721,0.05805003372864876,-0.16864948012650427,0.09027222931262671,0.005671269868401199,0.010811892530750588,-1.1149358388677792,-0.18872837682549753,0.17620007790178438,-0.024135062761402454,-0.19057945994801048,0.6999988246340806,0.19581593730220112,1.0328645694769594,56.51056126108236,56.49654675483805,56.48765865368068,56.50907749241503
802.0,27.712,3.071016540994815,0.6384079747721396,0.6084704651714562,0.05794133975314803,-0.17263898430965718,0.10322539565575305,0.005653856235750003,0.010799957765618613,-1.1210085410531037,-0.18975629266057903,0.17390237704992417,-0.02393878336297766,-0.19151538473442867,0.7041885956177031,0.1898817229655494,1.03306668486619,56.872916514385814,56.11528690937197,56.005260064750836,56.76992603806007
803.0,27.744,3.0728665288510326,0.6327563433837519,0.6121664194391608,0.05781212050680324,-0.17661348088711723,0.11549857086576983,0.0047826331283593124,0.004551223992026263,-1.127138420932824,-0.1905330656969432,0.16568270626731624,-0.022901051938441247,-0.1922928467288998,0.7080572989787641,0.18374599937960126,1.0332624290260362,56.86615750593254,55.95466844798725,55.823092374457055,56.74162055653017
804.0,27.776,3.0746918998903467,0.6270405856807546,0.6162209679786761,0.05704284497856644,-0.1786174282186642,0.12670464185985167,0.0028958178410646656,-0.00918341341815648,-1.1333100816024517,-0.19121985770716451,0.15755854380317041,-0.021831967996639876,-0.19276240298243652,0.7116059749554943,0.17748829623956686,1.033451261632974,56.26785571359613,56.24329911084566,56.230165121739496,56.260891905591045
805.0,27.808,3.076449735623611,0.6213983542225436,0.6205978004104958,0.054932366664511796,-0.17631973306909254,0.13677601349436688,0.0009463355126134543,-0.02314629098123922,-1.1394838592760006,-0.19207214928357644,0.14888374397098492,-0.02063608557552024,-0.1928189957050264,0.7148855130208452,0.17124492702367605,1.0336293222290398,56.02069549740304,56.28098612916362,56.302323602695026,56.04502035662024
806.0,27.84,3.078098680077413,0.6159693385173508,0.6252621543714223,0.0515295141813032,-0.1696567407872758,0.14576106127895172,-0.0008052435935342109,-0.03500156555840093,-1.1456462081255072,-0.19246996022111626,0.13945130661444702,-0.019292509518197803,-0.1924625111253718,0.7179517888102029,0.16514958892120524,1.0337915187493998,55.895710516871,56.2389233265171,56.27002135475674,55.92677874872765
807.0,27.872,3.079606422932102,0.6108723101624605,0.6301813260879414,0.047116964209031845,-0.15928213609032307,0.15372411614122242,-0.0022973511393113355,-0.04406419785194453,-1.151794944327717,-0.19243963427808436,0.12918592157552078,-0.01779451396116006,-0.19163491620084824,0.7208522211251418,0.15931589234520915,1.0339330843058163,55.82485493834692,56.16754931098741,56.19965473524552,55.85374149029609
808.0,27.904,3.080951500060612,0.6061985647081013,0.6353253971998968,0.04203366026593599,-0.14605454544872387,0.16075222224860491,-0.0035390813879592046,-0.05032828780027235,-1.1579265308584623,-0.1919707399497583,0.11805651974858256,-0.016139981391459043,-0.19022035890161998,0.7236216201279989,0.1538333238556203,1.0340506329839843,55.782924587510095,56.0831480620391,56.1130087900798,55.80578379135824
809.0,27.936,3.0821227994843734,0.6020119940488058,0.6406673692356885,0.03660310699254984,-0.1308303331029845,0.16693662611848972,-0.0045674769570739765,-0.054126005552643595,-1.1640311090945172,-0.19098840049479604,0.10607897620360919,-0.014333934788431837,-0.18803625415990471,0.7262805022645173,0.14876879347661054,1.0341428051590793,55.75445936773344,55.99377728116536,56.02123138558404,55.770104886812554
810.0,27.968,3.0831179839945846,0.5983523860538347,0.646182701124227,0.031099515944099626,-0.11436274984284724,0.17235412151683072,-0.005424515085175038,-0.05593406563510536,-1.170090617191677,-0.18935359017198164,0.09333683442055139,-0.012392476960510952,-0.18479934121630437,0.7288349547808859,0.14417067850449286,1.0342105158800097,55.727564605397355,55.90465644682752,55.93175227660817,55.73644343935529
811.0,28.0,3.083941488522326,0.5952400549048237,0.6518484591817671,0.025734516491918134,-0.09726034840659348,0.1770549392981281,-0.006141878723673611,-0.05623234655120636,-1.176077460350961,-0.18684606418240063,0.07999447835438979,-0.01034509328973129,-0.180052315001336,0.7312782516489408,0.14007352050017666,1.034256854807654,55.6939219928694,55.81875620023184,55.84909788147569,55.697088677389
812.0,28.032,3.0846025385292175,0.5926804423889243,0.6576423717225003,0.020657812715360584,-0.0799878911218569,0.18105976689791037,-0.006732615446549152,-0.05540867614545068,-1.1819517309258438,-0.18311610292181094,0.06629187803541675,-0.008233979272559148,-0.173005096482483,0.7335942265524346,0.13650209573648248,1.034286729231536,55.649721836491295,55.73659848756702,55.774842003247954,55.6475213264149
813.0,28.064,3.0851134688672825,0.5906677897299382,0.6635420528630956,0.015966573064532516,-0.0628953955933153,0.1843650356436048,-0.007190286257275004,-0.05371690762453201,-1.187654509443572,-0.17757482904156063,0.052521596226810914,-0.006110386365060803,-0.16214769608754342,0.735761853178579,0.13347410548657143,1.0343063537243498,55.59590357035312,55.65634137124746,55.70835024409883,55.58620391138843
814.0,28.096,3.0854884580071436,0.5891874991584194,0.669524555138912,0.011718410620656362,-0.04625908035996158,0.18695319611925967,-0.007494877157282128,-0.0512847985908679,-1.1930922286065007,-0.16913250534565508,0.03899661267736761,-0.004028977512735937,-0.1441311475610737,0.7377601165511583,0.13100127415059443,1.0343226737232807,55.53788035633833,55.57382875291129,55.64886488786626,55.51291106015497
815.0,28.128,3.0857426570418163,0.588217286898506,0.675566285807845,0.007943719833522482,-0.030319133122291814,0.1888040834041557,-0.007623387327284232,-0.04815488735760694,-1.1980972388703055,-0.15546999282563675,0.026018387179764683,-0.0020412986917083976,-0.10961387002803832,0.739572287768291,0.12908909778920918,1.0343427837655748,55.48734324684423,55.48016923415062,55.60033958755173,55.42408910905493
816.0,28.16,3.085891615811547,0.587727547073082,0.6816432277489491,0.00465496155407918,-0.01530436954450333,0.189904435659506,-0.007563980728821259,-0.044336587618900025,-1.2023051269612333,-0.1304464748932233,0.013851065522642212,-0.00018860338917017858,-0.019061957897503624,0.7411890018430934,0.12773576209481075,1.0343733807587472,55.482426074750286,55.34078013985998,55.59407975889429,55.290187625801714
817.0,28.192,3.085950893624021,0.5876814544315837,0.687731377023394,0.0018524316398177403,-0.0014403950468200298,0.1902546648264029,-0.007344177517672572,-0.03984981087332287,-1.2045726522157758,-0.06975049708073913,0.002705601985119707,0.001509745695568457,0.7125580944713886,0.7426098671813629,0.12693083172268121,1.0344202861044125,56.08756028926689,54.59448492372758,56.19030410978202,54.55414510911281
818.0,28.224,3.0859357642579615,0.5880353483214606,0.6938091337314424,-0.00047279268935995723,0.011059184058654487,0.1899298971265102,-0.007376427660623935,-0.03468454573870764,-1.1932115963969905,0.3559699201730614,-0.007232590774555396,0.0031633670270548664,1.2,0.7438436103303444,0.12665420302671307,1.034488087073516,56.08691035680165,54.4517819731811,56.17829977297363,54.43730783728644
819.0,28.256,3.085861245492531,0.5887394388662262,0.6998540991587842,-0.002328711419696814,0.022002829523921887,0.18890516960443066,-0.007544603364642682,-0.028975747275968692,-1.1671710413776843,0.814712705149126,-0.015810457155445438,0.005119781646513275,1.2,0.7449070114436287,0.12687597525888739,1.0345801429682313,55.572860944387116,54.82601230880864,55.64666465015145,54.85236410632642
820.0,28.288,3.085742352147845,0.5897394085287769,0.7058430309720278,-0.0037154170214465064,0.031249051954711893,0.1871541191638645,-0.007444986252690518,-0.023009430117276457,-1.1344426939251475,1.0238798847104436,-0.02298818459701262,0.007460836073607747,1.2,0.7458228668386799,0.12755624807355084,1.0346990077990041,55.32284577635872,54.96013137443407,55.36107994562853,55.019313886394954
821.0,28.32,3.085593779241324,0.5909786882800715,0.7117558982552071,-0.004642903328772037,0.038727492227955095,0.184777102599353,-0.006969728015761013,-0.017088630807285714,-1.098660777595082,1.1193889745839625,-0.028786869812229818,0.01010072234723158,1.2,0.7466175405889778,0.12864669229717926,1.034846468203703,55.19554476352057,54.99203405715572,55.192055535268494,55.073122139969186
822.0,28.352,3.0854296398007173,0.5924009846093177,0.7175748153568771,-0.005129357518965367,0.04444676028894294,0.18184115942718512,-0.006157871730542809,-0.011485870779261085,-1.0614795132780492,1.1630587619812378,-0.033274628343627516,0.012921336217609297,1.2,0.7473185053892605,0.13009315507851688,1.0350237270732203,55.126080158655164,54.98287064043104,55.08141488496391,55.07685945111299
823.0,28.384,3.085263276643268,0.5939527534337941,0.7232838723779706,-0.005198848670284746,0.04849277576488699,0.17840803190917448,-0.005113609021660556,-0.006428589424560182,-1.023652875550732,1.1830519137084081,-0.03654855248619958,0.015816109610402612,1.2,0.7479522019294123,0.13183841812183966,1.0352316958421235,55.08361028959412,54.96040093341287,55.003595050297434,55.059012061312316
824.0,28.416,3.085107060349175,0.5955853894137002,0.7288690921237013,-0.004881759190417108,0.05101987437206713,0.1745381170540834,-0.003962838774887302,-0.002083508605605184,-0.985525608536937,1.1922176693835542,-0.038722454574771116,0.018701590392284254,1.2,0.748542394021396,0.13382499971189274,1.0354712614543071,55.05340934154542,54.93669464507798,54.94696339902656,55.032548773028225
825.0,28.448,3.084972172397143,0.5972569293137443,0.7343183633936414,-0.00421524850099941,0.052235621876377904,0.1702897271856281,-0.0028293242303362256,0.0014506347443004638,-0.9472564903877495,1.1964260930157806,-0.03991993442024045,0.021518990851765892,1.2,0.7491090651446715,0.13599771068704614,1.0357434754929251,55.028556670549115,54.91632061211295,54.90561384034867,55.00355427084795
826.0,28.48,3.0848684067725083,0.5989331656961319,0.7396213260773808,-0.003242675769829503,0.052382386949611316,0.16571758386685675,-0.0018213833698256794,0.004140207281873946,-0.9089196501868101,1.1983617337115788,-0.04027112444045286,0.024233760859660638,1.2,0.7496678171798199,0.13830571660368224,1.0360496616775192,55.006052336666414,54.90032592983766,54.87582427516875,54.97499761684381
827.0,28.512,3.0848040183677736,0.6005881719175941,0.7447692097213435,-0.002012137647958155,0.05171894442069359,0.16087136387383363,-0.0010257945964124505,0.006005594269914583,-0.8705503868128217,1.1992535148752794,-0.039911548104826965,0.02683569809994772,1.2,0.7502296857503341,0.14070397875071222,1.0363914541122585,54.98491865338165,54.88823877893363,54.85463756421847,54.9483314981676
828.0,28.544,3.0847856303898356,0.6022043242316679,0.7497546349634193,-0.0005746243105647636,0.05050475981480808,0.15579453881486835,-0.0005075115191538789,0.00710529690198822,-0.8321658417028013,1.199664733944224,-0.03793744904297557,0.028554018896222354,1.2,0.7506244448813655,0.14315407102953523,1.0367707834770938,54.818816431259535,54.86617085110571,54.926928915906814,54.87823343183753
829.0,28.576,3.0848181436841156,0.6037720140538401,0.7545608043294557,0.0010160404462500319,0.04899030694287955,0.1501927926886372,0.0005061615927760539,0.008566055032352379,-0.7937741068607238,1.1998526747204523,-0.03495978765416402,0.02953462432225197,1.2,0.7507415922944232,0.14562056563238493,1.0371897905069598,54.76621615760028,54.79103851480892,54.85341452049835,54.828002862171516
830.0,28.608,3.0849062274095846,0.6052760884590399,0.7591650088762486,0.0027526164209090683,0.04700232516249496,0.14388139208727765,0.002028994827239327,0.010199392392846693,-0.7553771037878145,1.1999358858530387,-0.03154843234878229,0.030088145864402043,1.2,0.750586197693178,0.14806361733896087,1.0376489574641077,54.76701492399905,54.722090599426444,54.73245675583903,54.7771246238238
831.0,28.64,3.085053580283762,0.6066969746237517,0.7635455390573788,0.004604777318048532,0.044402692647244016,0.1368915681603174,0.0036378624701388983,0.011451764866802695,-0.7169768671575015,1.199969265700695,-0.027655005701689328,0.030071850099019,1.2,0.7501640005005956,0.15044247672470554,1.0381466468170406,54.71277128748584,54.66899554378394,54.67281942232122,54.716472228825886
832.0,28.672,3.0852621124187447,0.6080172243987617,0.7676818101743003,0.00651662921820339,0.041257805469062346,0.12925847240379668,0.005276468594063353,0.012330828111966313,-0.6785750492272282,1.1999853858466196,-0.023403598760729023,0.029463388882947455,1.2,0.7494815294646129,0.1527196577384575,1.038679945262964,54.66086995507814,54.61896746053276,54.61748496305448,54.65932900098635
833.0,28.704,3.0855321466880588,0.6092215776583868,0.7715544464635712,0.008438570916063919,0.037636039363284045,0.12101988403971631,0.006898270441416351,0.012850935232574254,-0.6401730652485967,1.1999933910395,-0.018915315140419484,0.028257179915482943,1.2,0.7485461270185012,0.15486107928492301,1.0392449082429827,54.61184059522215,54.57271353484877,54.56631969357015,54.60542031810154
834.0,28.736,3.085862578741788,0.6102969557975854,0.7751453611295224,0.010326001679036847,0.03360556684995489,0.1122160833109744,0.008460068775922468,0.013034411284095897,-0.601772109703837,1.1999975535081426,-0.014305556896600673,0.02646189235393806,1.2,0.7473659752646307,0.15683614192392276,1.03983674519625,54.565847386060476,54.530392106559766,54.519547694534104,54.55499318806739
