step,time,x,y,vx,vy,ax,ay,heading,linear_speed,angular_speed,goal_distance,obstacle_distance,signed_clearance
0.0,0.0,0.0,-0.12,0.0,0.0,-5.227179982281277,-0.3742639221550941,0.05992815512120789,0.0,0.0,4.50809272309255,0.9624065990481777,0.96
1.0,0.064,0.0,-0.12,0.0,-0.0,-5.227179982281277,-0.3742639221550941,-0.19607184487879212,0.0,-4.0,4.50809272309255,0.9624065990481777,0.96
2.0,0.128,0.0,-0.12,0.0,-0.0,-5.227179982281277,-0.3742639221550941,-0.45207184487879215,0.0,-4.0,4.50809272309255,0.9624065990481777,0.96
3.0,0.192,0.0,-0.12,0.0,-0.0,-5.227179982281277,-0.3742639221550941,-0.7080718448787919,0.0,-4.0,4.50809272309255,0.9624065990481777,0.96
4.0,0.256,0.0,-0.12,0.0,-0.0,-5.227179982281277,-0.3742639221550941,-0.9640718448787917,0.0,-4.0,4.50809272309255,0.9624065990481777,0.96
5.0,0.32,0.0,-0.12,0.0,-0.0,-5.227179982281277,-0.3742639221550941,-1.220071844878792,0.0,-4.0,4.50809272309255,0.9624065990481777,0.96
6.0,0.384,0.0,-0.12,0.0,-0.0,-5.227179982281277,-0.3742639221550941,-1.4760718448787922,0.0,-4.0,4.50809272309255,0.9624065990481777,0.96
7.0,0.448,-0.00011713277746072442,-0.12158646234829996,-0.006120643272572881,-0.03762186317483947,-5.222114961380019,-0.3551847001812402,-1.7320718448787924,0.038116490693877285,-4.0,4.508304938138957,0.9625240254627537,0.9601171327774607
8.0,0.512,-0.0011946695311177873,-0.12501055721973445,-0.0327930571781016,-0.0740823525276749,-5.190374790409553,-0.335382674477739,-1.9875268919892977,0.08101592161495752,-3.8637617776262587,4.509588036572483,0.9636042634652919,0.9611946695311178
9.0,0.5760000000000001,-0.004349314103876137,-0.13027179328909927,-0.06891041637096904,-0.09212785199768665,-5.118825600232883,-0.3221669872643123,-2.2130077362088194,0.11504862710231693,-3.0708721029237225,4.5130604938978545,0.9667668163345358,0.9643493141038761
10.0,0.64,-0.009737029114857227,-0.13619919807923708,-0.10113018170106261,-0.09412346458768082,-4.999504002204909,-0.31617011111455984,-2.392064303328813,0.13815404531492498,-2.435401961005262,4.518809362293446,0.9729592664552348,0.9697370291148572
11.0,0.704,-0.01697461144252502,-0.14198914136174032,-0.12588739253328307,-0.08753690776915052,-4.864926736493633,-0.3111653703552437,-2.533988376684805,0.15333083780053397,-1.9295922344486005,4.526402246717532,0.9804708606014245,0.976974611442525
12.0,0.768,-0.025581874792705184,-0.1472514281943913,-0.14351074572275258,-0.07750260553797722,-4.727078506628443,-0.30499275248092733,-2.646422689815592,0.163101158803596,-1.5287378319997789,4.535333473628578,0.9886225504028375,0.9855818747927052
13.0,0.8320000000000001,-0.03514512535559656,-0.15185584350315398,-0.15556516041217788,-0.06689101396729309,-4.582356195672328,-0.2982930466919255,-2.7355054726577026,0.16933672632845845,-1.2107646209690195,4.545179672828527,0.9976398288050542,0.9951451253555965
14.0,0.896,-0.04535617310990682,-0.1558092438033877,-0.16364007250430304,-0.05707511743514869,-4.425726971198476,-0.2921311403939714,-2.8060011138173913,0.17330794084360235,-0.9573736321646651,4.555631902823574,1.0078764743695796,1.0053561731099068
15.0,0.96,-0.05599791628553099,-0.15917851521915902,-0.16896965610055095,-0.048562365489141966,-4.269413342191485,-0.2852919377355308,-2.861732540352914,0.17580969263564356,-0.7566862832382013,4.566476581290133,1.0185448950545761,1.015997916285531
16.0,1.024,-0.06703049061728399,-0.16217208300931935,-0.17389641924947907,-0.04598548012145284,-3.762242771165556,-0.8478644772367939,-2.8830685784608576,0.1798739253193501,-0.1310044596428359,4.577687070086631,1.049974962722197,1.027030490617284
17.0,1.088,-0.07817274198817302,-0.16507163831162244,-0.17428826925266033,-0.04467873125250585,-3.6217197741977296,-0.8186479160119712,-2.890646865342962,0.17992384451601037,-0.10181521767129297,4.589001611761742,1.0613661386168471,1.038172741988173
18.0,1.1520000000000001,-0.08933672889798043,-0.1678971641166752,-0.17457761302449223,-0.04366099470977798,-3.485929192653912,-0.790288152351211,-2.8965245452225115,0.1799545093304878,-0.07868955708486935,4.600333707261402,1.0727795356352854,1.0493367288979805
19.0,1.216,-0.10051677618116671,-0.17066522371979803,-0.17479179446028548,-0.042874177454492686,-3.354732335272528,-0.7627862375312733,-2.9010545286632072,0.1799732382968257,-0.060354415068571324,4.611678739204154,1.084209351825397,1.0605167761811667
20.0,1.28,-0.11170870202254295,-0.1733890439745793,-0.17495016894780088,-0.042271622259527825,-3.227978135648182,-0.7361343178092725,-2.9045155896616928,0.17998458729379102,-0.04580251637575162,4.623033379294729,1.0956513119477547,1.0717087020225429
21.0,1.344,-0.12290938672885429,-0.17607917792203998,-0.17506661106318708,-0.04181604384074336,-3.1055097970008156,-0.7103182849167459,-2.907127846168338,0.17999138821521485,-0.03423695288030637,4.634395195511499,1.1071022266133008,1.0829093867288542
22.0,1.408,-0.13411647554261885,-0.17874404531113355,-0.17515118913776306,-0.04147775671356544,-2.987169104788792,-0.6853197084804982,-2.9090650112308816,0.17999539815884785,-0.025027272749869715,4.645762386974077,1.11855968845787,1.0941164755426187
23.0,1.472,-0.145328171246972,-0.1813903695724041,-0.1752112935359126,-0.04123319501693964,-2.872799217334906,-0.6611172507033827,-2.910464085899077,0.17999770485712507,-0.017674702564565603,4.6571336029392665,1.1300218601137044,1.105328171246972
24.0,1.536,-0.15654308750224674,-0.18402352896180493,-0.17525240499271094,-0.041063697228333015,-2.7622464540541842,-0.6376877051785059,-2.9114330262282815,0.17999897967985645,-0.011784610287554731,4.66850781767205,1.1414873242694832,1.1165430875022466
25.0,1.6,-0.16776014372182366,-0.186647837580486,-0.17527862412175493,-0.040954519475788334,-2.655361417539508,-0.6150067607458769,-2.912056806317574,0.1799996353871534,-0.007044705560088625,4.679884242784814,1.15295497619764,1.1277601437218236
26.0,1.6640000000000001,-0.1789784887121757,-0.18926676964932432,-0.175293041030864,-0.0408940405252574,-2.5519996694084175,-0.5930495626961051,-2.912402211638996,0.17999992440089957,-0.0032077840133293294,4.6912622649793905,1.1644239456884777,1.1389784887121757
27.0,1.728,-0.19019744449152434,-0.19188313816776748,-0.17529799675270968,-0.04087312464648176,-2.452022105366346,-0.5717911235959672,-2.912521627352624,0.1799999999552218,-7.80692589479326e-05,4.702641401221048,1.1758935396137014,1.1501974444915244
28.0,1.792,-0.201416464452293,-0.19449923707787947,-0.1752952705936471,-0.040884613025105696,-2.355295126830746,-0.5512066218887441,-2.9124560311507124,0.17999995409641803,0.002499597529488362,4.714021266028648,1.1873631991541964,1.161416464452293
29.0,1.856,-0.21263510185234508,-0.19711695433503615,-0.17528621608718545,-0.04092291903088977,-2.261690675014403,-0.5312716163722001,-2.9122373564669535,0.17999984125596397,0.004648314780701712,4.725401547297086,1.1988324675873405,1.172635101852345
30.0,1.92,-0.22385298583500998,-0.19973786185156472,-0.17527186079700027,-0.040983706951830845,-2.171086172558046,-0.5119621974287846,-2.9118903572586405,0.17999969284072845,0.00646589526887853,4.736781988206217,1.210300965771305,1.18385298583501
31.0,1.984,-0.23506980299779393,-0.20236328710090043,-0.1752529803311991,-0.04106363756538669,-2.0833644038563546,-0.49325509062688877,-2.911434078138257,0.17999952623567955,0.008030231400609988,4.748162373524953,1.221768373301998,1.195069802997794
32.0,2.048,-0.24628528308949726,-0.20499437021215988,-0.17523015369810527,-0.04116016710289132,-1.9984133557540746,-0.4751277244498898,-2.910883011901699,0.1799993503349374,0.009403546496369318,4.75954251912453,1.2332344138906468,1.2062852830894972
33.0,2.112,-0.2574991878025639,-0.2076321096128766,-0.17520380497383758,-0.041271388806512224,-1.9161260337830124,-0.457558271043998,-2.9102480092860747,0.17999916891843923,0.010635766155266513,4.770922263857189,1.2446988439057631,1.2174991878025638
34.0,2.176,-0.2687113018986403,-0.2102773986585943,-0.17517423479131333,-0.04139590844369904,-1.8364002645887285,-0.4405256667308548,-2.909536992149285,0.1799989826932399,0.011767195243001183,4.78230146319113,1.2561614433004404,1.2287113332119417
35.0,2.24,-0.2799214260976843,-0.21293105519394598,-0.17514164415955918,-0.04153274690333685,-1.759138492021692,-0.4240096174129646,-2.908755510449347,0.1799987905077428,0.01283064765970199,4.7936799841553785,1.267622008342602,1.2399248904593638
36.0,2.3040000000000003,-0.291129371299049,-0.21559384559707345,-0.17510615242657165,-0.04168126441916376,-1.6842475721212233,-0.40799059277171756,-2.9079071748210605,0.17999859005341678,0.013853145728898397,4.8050577012625855,1.2790803457069797,1.2511418763816187
37.0,2.368,-0.3023349538030914,-0.21826650454819668,-0.17506781070769392,-0.04184110211064969,-1.6116385706209666,-0.3924498122198157,-2.9069939897305646,0.17999837824774634,0.01485728214245885,4.816434493158927,1.2905362675899716,1.2623620204562944
38.0,2.432,-0.3135379912749935,-0.22094975151788385,-0.17502661174845968,-0.042012137452176905,-1.5412265654613384,-0.3773692248499181,-2.9060166067606197,0.1799981514167483,0.015862318589821234,4.827810239808405,1.3019895875832912,1.2735850628360277
39.0,2.496,-0.3247382992460776,-0.22364430477824754,-0.1749824969322416,-0.04219445102241977,-1.4729304559766812,-0.36273148506580083,-2.9049745132431997,0.17999790534816043,0.016885080462818225,4.8391848200606224,1.313440117097121,1.284810750500861
40.0,2.56,-0.3359356879870508,-0.2263508935906403,-0.17493536094932294,-0.042388302484255375,-1.4066727798417573,-0.3485199251512134,-2.9038661679730113,0.17999763525659618,0.017940695553459344,4.850558109481141,1.3248876621635022,1.2960388339550952
41.0,2.624,-0.3471299596158201,-0.22907026910833064,-0.1748850544949559,-0.042594114231935445,-1.3423795384499928,-0.3347185256946438,-2.9026890929144846,0.17999733568280077,0.01904321582531576,4.861929978344724,1.3363320204795393,1.3072690643050953
42.0,2.688,-0.3583209053221954,-0.23180321444578103,-0.17483138524532746,-0.04281246154198932,-1.279980031109592,-0.3213118845221522,-2.9014399275000624,0.17999700033635121,0.02020615466147735,4.8733002897063304,1.3477729785700971,1.3185011905833461
43.0,2.7520000000000002,-0.36950830260453804,-0.2345505543026755,-0.17477411726170872,-0.043044068398628094,-1.2194066982510723,-0.3082851845771645,-2.900114450181086,0.17999662188195445,0.021442967118690204,4.884668897473914,1.3592103089627185,1.3297349572042425
44.0,2.816,-0.38069191242025635,-0.23731316448716397,-0.17471296888635374,-0.04328980845137835,-1.1605949737190389,-0.2956241610113671,-2.8987075702257927,0.1799961916620489,0.02276749740028916,4.896035644411667,1.3706437672744585,1.3409701014502102
45.0,2.88,-0.391871476153536,-0.24009198165639417,-0.174647609112207,-0.04355071081821243,-1.1034831461560561,-0.28331506760275027,-2.8972132912667554,0.17999569934135043,0.024194415849579487,4.907400360002961,1.382073089111871,1.3522063508938083
46.0,2.944,-0.4030467122999691,-0.24288801358175074,-0.17457765232593717,-0.04382797068622611,-1.0480122294677787,-0.2713446424854838,-2.895624646694516,0.17999513245115406,0.02573966720518994,4.918762858098747,1.3934979866815727,1.363443420662958
47.0,3.008,-0.41421731275854257,-0.245702350250709,-0.17450265123379263,-0.04412296489834745,-0.9941258423800468,-0.2597000730526055,-2.8939336055879488,0.17999447580146305,0.027420952698385292,4.930122934269462,1.4049181449993902,1.37468101045251
48.0,3.072,-0.4253829386060653,-0.24853617613716286,-0.17442208767484116,-0.04443727296380275,-0.9417700971589587,-0.24836895976767553,-2.892130946371879,0.17999371071598444,0.029258270977231327,4.941480362765975,1.416333217570387,1.385918801175614
49.0,3.136,-0.43654321520632283,-0.25139078400886705,-0.1743353608969809,-0.044772704209393166,-0.8908934976660227,-0.23733927848632436,-2.8902060936907423,0.17999281402684494,0.031274547135341724,4.952834892976631,1.4277428213887524,1.3971564511319705
50.0,3.2,-0.4476977264741323,-0.25426759069682064,-0.17424177270520208,-0.04513133211906181,-0.8414468470690467,-0.22659934073230853,-2.888146911950046,0.17999175673983617,0.033496385835011244,4.964186245241521,1.4391465310737133,1.4083935915455388
51.0,3.2640000000000002,-0.4588460080701713,-0.2571681553311167,-0.17414050867146028,-0.045515537317831686,-0.7933831657376234,-0.2161377511821191,-2.8859394464301147,0.17999050224299576,0.03595499447642525,4.975534105849262,1.450543871912331,1.419629821289339
52.0,3.3280000000000003,-0.46998753924177755,-0.2600942006571159,-0.17403061429591513,-0.0459280611793687,-0.7466576201394741,-0.20594336137007185,-2.883567599580159,0.17998900387498512,0.038687336851781495,4.986878120992244,1.4619343115180181,1.4308647005661401
53.0,3.392,-0.48112173294170896,-0.2630476381936484,-0.17391096459273536,-0.04637207272471167,-0.7012274639511749,-0.19600521830859052,-2.8810127257181426,0.17998720158489492,0.04173759868812299,4.998217889388333,1.4733172497285485,1.4420977432458726
54.0,3.456,-0.4922479237420214,-0.26603059819407715,-0.1737802249834149,-0.046851252405067614,-0.6570519931511662,-0.18631250629293827,-2.878253121405825,0.17998501728535532,0.045159076934114806,5.009552953182574,1.4846920062499218,1.4533284074657724
55.0,3.52,-0.5025678667068385,-0.26872011237687626,-0.17536708447369645,-0.03865904956162506,-0.6162758574779217,-0.1818703458091529,-2.9246165581693426,0.1795776612772668,0.2398071864022986,5.020060935239404,1.495242502879546,1.4637461584308071
56.0,3.584,-0.5137742258434009,-0.2712796717983764,-0.17488260092951335,-0.04126201681231602,-0.5742115621501727,-0.1715621241813326,-2.9098889048781205,0.1796843847953719,0.2072951908775551,5.0314419950549105,1.5066992187454906,1.4750476829363968
57.0,3.648,-0.524188043456763,-0.273510417874649,-0.17554194394795436,-0.03490346515362869,-0.5355717053379058,-0.16659694108087794,-2.94531982324487,0.1789782835004217,0.3730934595423487,5.042006204881372,1.5173456872391509,1.4855462704064881
58.0,3.712,-0.5346746296410549,-0.27541578540334133,-0.17555383283133305,-0.029933765944680817,-0.49793533703468806,0.2591093787983195,-2.9727064098637026,0.17808755870470727,0.5106532696740499,5.052615878613932,1.5280665499969035,1.4961054352793992
59.0,3.7760000000000002,-0.5450869566330389,-0.2768817956747615,-0.1424203213539235,-0.02021117404799171,-0.4780506472015525,-0.15828216505103423,-3.0006218139762,0.14384727835782313,-2.257198537827036,5.063114700208492,1.5387114945678173,1.5065722424164012
60.0,3.84,-0.556136462022169,-0.2786647429238896,-0.13587527218570628,-0.022924553849779674,-0.44360532767082883,-0.1489535557014488,-2.97444911075068,0.13779559049821302,-2.4462550213298333,5.074275257060466,1.550007852480305,1.5176905542283325
61.0,3.904,-0.5673320314270889,-0.28075303352848546,-0.17475749679977376,-0.03558978651729691,-0.3869291928277311,-0.13472970309444282,-2.9406876342582,0.17834465394866678,0.4750338726415213,5.085607347468047,1.5614535375655834,1.5289699558777083
62.0,3.968,-0.5774895110034799,-0.28283834135458047,-0.17470744889986578,-0.029277515997628942,-0.3540004612393274,-0.1308871998715607,-2.975555227130909,0.17714362998451463,0.624352720953965,5.095905097634466,1.5718379412780406,1.5392138969022486
63.0,4.032,-0.5886352703783955,-0.284939450412537,-0.17408102452374594,-0.03625282732057994,-0.3190333836593988,-0.11992192674083768,-2.936274633240428,0.17781583334442638,0.5457953228391855,5.107189172183086,1.5832327035476141,1.5504473941053591
64.0,4.096,-0.5997539145586958,-0.28744937873990517,-0.1734387121615489,-0.042036756223068836,-0.285049706048064,-0.10972651776601436,-2.903805695293701,0.17846029180188608,0.4581166376546971,5.118481410342004,1.5945997448529947,1.5616756001962673
65.0,4.16,-0.6108253286287583,-0.2902988639043629,-0.17258010416369954,-0.04690565934307405,-0.2521756865715287,0.21752700916710388,-2.8762125876190066,0.17884080415711034,0.3974280751549415,5.129756195893594,1.60591850089938,1.5728763844008777
66.0,4.224,-0.6203907026984218,-0.292391549258144,-0.1723576531701898,-0.03965244174647066,-0.22418144063205675,-0.09782137783859807,-2.9154681621931906,0.17686004846429476,0.6546989081474277,5.13946604533345,1.6156975711158656,1.5825369318170013
67.0,4.288,-0.6313900864413162,-0.2951567020782052,-0.1714315353660972,-0.046612543712543,-0.19306853107754124,-0.08759547463853945,-2.8761090862960272,0.17765556717798395,0.5655072702568222,5.1506629387519975,1.6269426876347255,1.593666863284964
68.0,4.352,-0.6423190544972787,-0.29833591719565633,-0.17011241104965413,-0.05264260217867979,-0.16311900835662385,-0.07800578826810549,-2.841481777511591,0.17807154729846436,0.5127902845079073,5.161826261401429,1.6381158153383193,1.6047521885549343
69.0,4.416,-0.6531543964052683,-0.3018822293790765,-0.1684552750297849,-0.05813024331862487,-0.13433105163684422,0.19929872591921202,-2.8093092210399813,0.17820298783590305,0.4949761490883552,5.1729293231610605,1.6491932252300994,1.6157689967063098
70.0,4.48,-0.6612332294825607,-0.30412684321640904,-0.15539264905496533,-0.046022458421860445,-0.11924085008028973,-0.07028323117026404,-2.8536543933683687,0.16206462309681127,0.8668978890008336,5.181173577370737,1.6574525442441537,1.623963376124086
71.0,4.5440000000000005,-0.668599875550589,-0.306380794797629,-0.16947602197983355,-0.04237807581349814,-0.09281858650491143,0.1833299068114993,-2.896563619544482,0.1746940850050843,0.8519214739807166,5.188709676152799,1.6649837655675017,1.631449298093329
72.0,4.6080000000000005,-0.6751883786939669,-0.30765943130658013,-0.0564120616866341,-0.011947784086270702,-0.1322824822507866,-0.0795278598047428,-2.932882042050959,0.05766342210022533,-4.0,5.1953851551192,1.6717194597903726,1.6381020720147228
73.0,4.672,-0.6819655422676,-0.3092252645831847,-0.15790494442282163,-0.030925711318620524,-0.06423578589746598,-0.06635158925773199,-2.948190473814946,0.16090485105719168,1.3317526993007207,5.202273995560041,1.6786480292297383,1.6449609403039749
74.0,4.736,-0.6886222481697216,-0.31094547740295997,-0.10857244330435922,-0.03385069375192523,-0.07215808710262622,-0.06130563883350762,-2.8393640525603905,0.11372706323723007,1.3257033290596567,5.209056686900236,1.6854534499015552,1.6517098130629058
75.0,4.8,-0.6944536750454311,-0.31302279815366757,-0.0,-0.0,-0.11197540118868216,0.14917214715433053,-2.77687450901121,0.0,-4.0,5.215049289681071,1.69141515432258,1.657658185456442
76.0,4.864,-0.6992309568823335,-0.3145751498764617,-0.03400268841757533,-0.01182443150334459,-0.08325719641183921,0.15279929085602392,-2.8069237821298327,0.036,-4.0,5.2199456522924,1.6962991634775564,1.6625231818679544
77.0,4.928,-0.7036711374850789,-0.31589880797577163,-0.08727420136946751,-0.03079223197799986,-0.04584013998886738,-0.05483690960186888,-2.802406286448186,0.09254700305717804,1.5668246599341957,5.224486099739237,1.7008385403562754,1.667038155301667
78.0,4.992,-0.7067151488967828,-0.3170921013124857,-0.03426274792737987,-0.011048262508866546,-0.06501453577748884,-0.06310687034198612,-2.8296625381533067,0.036,-4.0,5.227624477031585,1.7039505567936928,1.6701521205343988
79.0,5.056,-0.7096896132297351,-0.3179659217648988,-0.0775076811500469,-0.015181743213380047,-0.03627487557216791,-0.05950799750737227,-2.9481674853014455,0.078980541681191,2.348619610824869,5.230665155611384,1.7069914724292476,1.6731766328722757
80.0,5.12,-0.7123072766195347,-0.3186315438652772,-0.041606948177779504,-0.008542459588138865,-0.04799963618708225,-0.06149560829604308,-2.9390934163294755,0.04247483669754852,-4.0,5.233331889896388,1.7096676159763322,1.6758318650023334
81.0,5.184,-0.7161313989316789,-0.31974191172399413,-0.052406531793116454,-0.020060044301874486,-0.03356807661140704,-0.0537932523911143,-2.7760207974888385,0.056114614424195165,2.429880699001375,5.237240135276505,1.7135771714557662,1.6797201414740206
82.0,5.248,-0.7184180752196796,-0.32072916052785544,-0.03335315166857079,-0.012540472025146278,-0.037729678984067705,-0.05637255787676175,-2.7819537814621498,0.03563279619732589,-4.0,5.239606201839097,1.7159149334523045,1.6820666402420974
83.0,5.312,-0.7216971282636769,-0.32223888532685485,-0.043566253726151416,-0.024237217930221114,-0.024975749201215314,-0.04883366514579784,-2.6339024812936676,0.04985439997360749,2.2463673745676718,5.243007768841458,1.7192672424918987,1.685438458855651
84.0,5.376,-0.7245119488919834,-0.3240520872144113,-0.04035361597366917,-0.02977358831566582,-0.020060344787274476,-0.04458205341090422,-2.5059342972823737,0.05014858804932717,1.8442075328599028,5.245974693563385,1.7221449478874797,1.6883685570863465
85.0,5.44,-0.7269708764288897,-0.3260868848319615,-0.03554064779526405,-0.032807042091238414,-0.01680193144077763,-0.04174024448717956,-2.396168767375322,0.04836775430473588,1.578501749790302,5.248607745387799,1.7246588093282906,1.6909603492540104
86.0,5.5040000000000004,-0.7276775445175198,-0.3267597740562198,-0.0,-0.0,-0.03294976183228504,0.13403864315799263,-2.5411810151561425,0.0,-4.0,5.249372571232763,1.7253812648023932,1.6917116595644617
87.0,5.5680000000000005,-0.7276775445175198,-0.3267597740562198,-0.0,-0.0,-0.03294976183228504,0.13403864315799263,-2.7971810151561427,0.0,-4.0,5.249372571232763,1.7253812648023932,1.6917116595644617
88.0,5.632,-0.7284319135787162,-0.32686626521873463,-0.024658348931709765,-0.0029835857861705184,-0.01889129091337216,-0.05590202150225085,-3.021181015156143,0.02483819550976662,4.0,5.250133494477265,1.7261524869171645,1.6924715804814157
89.0,5.696,-0.7330638635485054,-0.3276017394771676,-0.09771609501105931,-0.009290964771109595,-0.06788818798392421,0.042853621543728335,-3.046796422340448,0.09815679930900544,-1.921766046760749,5.254813110047666,1.6930638635485054,1.6971433101485116
90.0,5.76,-0.7382057670001576,-0.32774062869638765,-0.08062906242291618,0.0027562372854180177,-0.06386826182842353,0.03684113165300213,3.1074217932605768,0.08067615850529847,-1.693470883204936,5.259946365291278,1.6982057670001578,1.7022824920436719
91.0,5.824,-0.7430501741603935,-0.32732247381344154,-0.07162400919155762,0.009805618816108115,-0.05665937965605622,0.03328298849702139,3.005534404189308,0.07229210781986609,-1.413779730720344,5.264732839638753,1.7030501741603934,1.7070865410310785
92.0,5.888,-0.7474439040434029,-0.32652968805511384,-0.06406312236794522,0.014344386505955683,-0.04992163981165815,0.03095018179143139,2.921315740883563,0.06564941029257282,-1.2036842641780057,5.269036730720347,1.7074439040434028,1.711415745414655
93.0,5.952,-0.7513837700262794,-0.3254960114838809,-0.0572525901271183,0.01726221880251196,-0.04397817554566452,0.02940857151745462,2.8487512688442087,0.059798355113243724,-1.065389321307991,5.27286714767521,1.7113837700262793,1.7152765774002878
94.0,6.016,-0.7549053125045446,-0.3243083037413876,-0.05116730348763566,0.019149438605179567,-0.038730416363276565,0.028369944996721345,2.783478389229604,0.05463326775042249,-0.9821981458131148,5.2762674506118925,1.7149053125045448,1.718710743307478
95.0,6.08,-0.7580524606870216,-0.3230207954493032,-0.045777298211432935,0.02039913742973532,-0.03406842215430528,0.027642094921076724,2.72238969461817,0.050116722153545616,-0.9379656618338734,5.279286348765743,1.7180524606870216,1.7217659416647557
96.0,6.144,-0.7608679029189375,-0.3216666630606284,-0.041016801731256415,0.021262192560361645,-0.02990835704949013,0.02710223676466957,2.663351262282434,0.04620020407676894,-0.9198384610869699,5.281969380165455,1.7208679029189375,1.724487107210639
97.0,6.208,-0.7633900965431161,-0.32026587274624907,-0.03680819105985369,0.0218952809028342,-0.026186422718353752,0.026673629368282947,2.6049699589354574,0.04282810122936469,-0.9179948572910943,5.284356658994351,1.723390096543116,1.7269140069949582
98.0,6.272,-0.7656526503393712,-0.31883020429305425,-0.03307589505561633,0.02239512154832835,-0.02285234389017904,0.026308855569280275,2.5464134658352027,0.03994441516525866,-0.9249646256249369,5.286482724315243,1.7256526503393714,1.7290809937622251
99.0,6.336,-0.7676845472170427,-0.3173664119920524,-0.029751570920774295,0.022820582755228965,-0.01986545226562164,0.02597902158174982,2.4872761584166647,0.037495799358623044,-0.9350433249530845,5.288377052749505,1.7276845472170428,1.7310174583511875
100.0,6.4,-0.7695106284319768,-0.3158782174273038,-0.02677536052054405,0.023206405130096055,-0.017192311464341914,0.025667054829136397,2.4274786507465937,0.03543243104935445,-0.943882214084022,5.290064723293167,1.729510628431977,1.7327484557155879
101.0,6.464,-0.7711521288278589,-0.31436758440679624,-0.024095770288010906,0.02357164808503307,-0.014805066522597776,0.025363582710027276,2.367189444408238,0.03370799221575252,-0.9482299228586075,5.291567066445844,1.7311521288278588,1.7342953283164138
102.0,6.5280000000000005,-0.7726271963152923,-0.3128355518614123,-0.021669213195427785,0.02392497853710316,-0.012680119019419567,0.02506435488036151,2.3067599585008196,0.032279395882044454,-0.9457786794997172,5.292902256738784,1.7326271963152924,1.735676280917047
103.0,6.5920000000000005,-0.7739513809209404,-0.31128278697030487,-0.01945953764493403,0.024268146711419355,-0.010796971093422925,0.024768549601914828,2.2466674153395956,0.031106535489533044,-0.9350686203717646,5.294085849121922,1.7339513809209404,1.7369069043371634
104.0,6.656000000000001,-0.7751380929232714,-0.3097099503562825,-0.01743756465445498,0.024598457662598678,-0.009137206900282413,0.02447756719720337,2.1874628749743597,0.030152160460851844,-0.9154126457932148,5.295131267293261,1.7351380929232714,1.7380006546930469
105.0,6.72,-0.7761990287567936,-0.30811792398356513,-0.015580549100357862,0.024910683270018746,-0.00768363963653268,0.024194092283675937,2.129723853965928,0.029381893254993866,-0.8868160704739523,5.296050247432434,1.7361990287567934,1.7389692908337622
106.0,6.784,-0.7771445581185736,-0.3065079308238292,-0.013871476953321025,0.025198616284129643,-0.006419669635293168,0.02392132632384162,2.0740123299457687,0.028764355294379883,-0.8498773783721533,5.29685323358931,1.7371445581185738,1.7398232658844608
107.0,6.848,-0.7779840614320447,-0.3048815666263757,-0.012298160215654384,0.025456317837006654,-0.0053288864189723895,0.023662366411606836,2.0208395453273695,0.02827134348609219,-0.8056670941174598,5.2975497158957525,1.7379840614320448,1.7405720638563922
108.0,6.912,-0.7787262061211142,-0.30324076283318896,-0.010852160868641764,0.02567903760232695,-0.004394916398156479,0.02341974222549175,1.9706389919823462,0.027877990740019287,-0.7555900703483377,5.298148501909268,1.7387262061211142,1.741224471372384
109.0,6.976,-0.7793791535824395,-0.3015877013333455,-0.009527635863727459,0.02586377633816259,-0.0036014815699697,0.023195127937586456,1.9237484548882484,0.02756285129703175,-0.7012417738481961,5.298657914913584,1.7393791535824392,1.7417887779385564
110.0,7.04,-0.7799506952369538,-0.2999247029601097,-0.008320226236739723,0.026009492294026045,-0.002932606101581803,0.02298923008979585,1.8804012209466656,0.027307871649462766,-0.6442712355297918,5.299085919521114,1.7399506952369537,1.7422729045870002
111.0,7.104,-0.7804483235275073,-0.29825411047010014,-0.007226107202569804,0.026116999801813773,-0.0023728955370077576,0.022801828936701227,1.840725729454085,0.02709823433271939,-0.5862624146900727,5.299440182226591,1.7404483235275072,1.7426844679644617
112.0,7.168,-0.7808792500348639,-0.296578182854317,-0.0062412793574822,0.026188646854409754,-0.0019078189489739605,0.022631931201140577,1.8047522382981616,0.026922087439184936,-0.5286424784782766,5.2997280804632085,1.740879250034864,1.743030792885859
113.0,7.232,-0.7812503865159639,-0.2948990120898803,-0.005361130069837512,0.026227874802569603,-0.0015239428165783053,0.02247798356590573,1.7724246336224734,0.02677019111409146,-0.4726209774382153,5.299956676807233,1.7412503865159636,1.7433188895884284
114.0,7.296,-0.78156830519325,-0.29321846727957374,-0.004580246257788957,0.026238755653436835,-0.0012090889095527357,0.022338099555647587,1.7436153714495555,0.02663552053222826,-0.41915932374020126,5.300132674958199,1.7415683051932502,1.743555412067552
115.0,7.36,-0.7818391925633966,-0.2915381658527797,-0.0038924269808060783,0.026225578046454038,-0.0009524098660850244,0.02221026424499545,1.7181416807837533,0.026512863513237478,-0.3689663657407689,5.3002623716192945,1.7418391925633965,1.743746611535214
116.0,7.424,-0.7820688073997364,-0.2898594678860996,-0.0032908304157753176,0.02619252241694136,-0.0007443912713935852,0.0220924962224174,1.6957814968582043,0.026398443048546775,-0.3225137481679213,5.300351614524674,1.7420688073997366,1.743898295293103
117.0,7.488,-0.7822624496020189,-0.2881834877961176,-0.0027681919780134434,0.026143438149306284,-0.0005767969293140607,0.02198295994903637,1.67628802719089,0.026289584346157722,-0.2800641775122672,5.3004057727170935,1.742262449602019,1.7440157972498969
118.0,7.5520000000000005,-0.7824249429359048,-0.2865111173567955,-0.002317062457986501,0.026081715671060633,-0.00044257594960794844,0.02188003155301343,1.659402289137685,0.026184435658999035,-0.2417063249837973,5.300429721572344,1.7424249429359047,1.7441039627397146
119.0,7.6160000000000005,-0.7825606319518265,-0.2848430546898188,-0.001930030868544007,0.026010235487421516,-0.0003357484149446588,0.021782326631474853,1.644863331900494,0.02608174398433997,-0.20739138999913231,5.300427842397182,1.7425606319518265,1.7441671476276728
120.0,7.68,-0.782673391586261,-0.2831798350598081,-0.001599911745966484,0.025931372583641515,-0.00025128278423242056,0.021688700512963992,1.6324161377974113,0.02598068131644196,-0.17696785007166305,5.3004040347577215,1.7426733915862616,1.7442092299956857
121.0,7.744,-0.7827666470143014,-0.2815218605886321,-0.0013198885673972784,0.025847035918070204,-0.00018497427834973657,0.021598230888055566,1.6218173833002498,0.02588071427878986,-0.1502123132789351,5.300361738879017,1.7427666470143013,1.7442336318531213
122.0,7.808,-0.7828434010275004,-0.2798694271461023,-0.001083613098249487,0.025758726499405662,-0.00013333007469917835,0.021510190921985462,1.6128393428848156,0.025781509036863635,-0.12685549962634157,5.30030396526225,1.7428434010275002,1.7442433480896031
123.0,7.872,-0.782906266330926,-0.27822274757064236,-0.000885265255042427,0.025667602025059154,-9.346450670344453e-05,0.021424018793121925,1.6052722582544896,0.025682863708874175,-0.10660316362156641,5.300233328861618,1.7429062663309258,1.744240980054561
124.0,7.936,-0.7829575005000429,-0.2765819710053614,-0.0007195802796057037,0.025574540205149023,-6.300562420585853e-05,0.021339287577854513,1.5989254925406895,0.025584661469004847,-0.089152263267816,5.3001520855609865,1.7429575005000428,1.7442287715240554
125.0,8.0,-0.7829990417754437,-0.2749471985343138,-0.0005818505289830661,0.025480196232242597,-4.001328605951482e-05,0.021255677766623914,1.5936277610157106,0.025486838761832893,-0.07420294418532725,5.300062169158246,1.7429990417754437,1.7442086452679824
126.0,8.064,-0.7830325443151699,-0.27331849552238596,-0.0004679087041400615,0.025385052277535045,-2.2908257009068844e-05,0.021172953503023468,1.589226689606509,0.02538936426318306,-0.061467010336503036,5.29996522752221,1.7430325443151697,1.7441822388778738
127.0,8.128,-0.7830594119228065,-0.2716959011534477,-0.00037409838145825003,0.025289458495683634,-1.0411413642275047e-05,0.021090942844434104,1.58558790875057,0.025292225299564187,-0.05067355391754613,5.299862656989874,1.7430594119228067,1.7441509389132053
128.0,8.192,-0.7830808296039461,-0.2700794356706469,-0.00029723660178503856,0.02519366597715043,-1.4920091892522969e-06,0.021009521865076635,1.5825938481234856,0.02519541932506121,-0.041572361078345055,5.299755634404486,1.743080829603946,1.7441159127544488
129.0,8.256,-0.7830977925698231,-0.2684691057848076,-0.00023457219951160743,0.025097852580665013,4.676080714083319e-06,0.02092860217245221,1.5801423602408697,0.025098948748455127,-0.03393562785345628,5.299645146455795,1.7430977925698232,1.7440781378117969
130.0,8.32,-0.783111132509716,-0.26686490865616636,-0.00018374260995453968,0.02500214276580264,8.751165392284488e-06,0.020848121309592085,1.5781452689984106,0.025002817925751694,-0.027558431277987072,5.299532016180014,1.7431111325097162,1.744038427935514
131.0,8.384,-0.783121541102006,-0.2652668347868998,-0.0001427311094133955,0.024906622546924644,1.125455400119435e-05,0.020768035509489764,1.5765269129765183,0.024907031514505486,-0.022258315073618085,5.299416926618434,1.7431215411020062,1.7439974570168373
132.0,8.448,-0.7831295908375611,-0.2636748700963552,-0.00010982581792542575,0.024811350589994983,1.2596237469297833e-05,0.020688314312711033,1.5752227323729118,0.02481159365719839,-0.017874272987470907,5.299300441731218,1.7431295908375612,1.7439557798675354
133.0,8.512,-0.7831357532978798,-0.2620889973924024,-8.358131332470221e-05,0.024716366329237686,1.3096199415585374e-05,0.020608936626773457,1.5741779320689049,0.024716507648877326,-0.014265347836642017,5.299183024726192,1.7431357532978802,1.7439138505312446
134.0,8.576,-0.7831404150725059,-0.2605091974028114,-6.27833441783734e-05,0.024621695825654634,1.3002023728003742e-05,0.020529887879397697,1.5733462408442438,0.024621775871763698,-0.011309010655675024,5.2990650540000725,1.743140415072506,1.7438720382188093
135.0,8.64,-0.7831438915224969,-0.25893544949020986,-4.641686556225613e-05,0.02452735594332065,1.2503379146044935e-05,0.020451157987556583,1.5726887774225764,0.024527399864146943,-0.008899441085232884,5.298946836908371,1.7431438915224968,1.743830641079862
136.0,8.704,-0.7831464386047102,-0.25736773214224523,-3.363743463465867e-05,0.02443335729136587,1.1743881760839514e-05,0.020372739925696784,1.5721730272205678,0.024433380445704818,-0.006945795948063995,5.298828621585374,1.7431464386047102,1.7437898980291704
137.0,8.768,-0.7831482629696702,-0.2558060233039079,-2.37458749097167e-05,0.02433970627275764,1.0830765507563456e-05,0.02029462872793392,1.5717719288465337,0.024339717856020696,-0.005370526360476968,5.298710607031598,1.7431482629696702,1.7437499988430383
138.0,8.832,-0.7831495305370688,-0.2542503006002842,-1.616603457876738e-05,0.024246406495013768,9.842727942077634e-06,0.02021682080051596,1.5714630660985787,0.024246411884279288,-0.004107783355354333,5.298592951675895,1.7431495305370688,1.743711092731482
139.0,8.896,-0.7831503737400166,-0.25270054148410065,-1.0425413716483748e-05,0.02415345973065058,8.836263543976486e-06,0.02013931345340286,1.5712279590821674,0.0241534619806232,-0.003101936640060421,5.298475780605293,1.7431503737400167,1.7436732955783303
140.0,8.96,-0.7831508976137863,-0.25115672333222555,-6.1384087739053155e-06,0.02406086656362584,7.850748787785466e-06,0.020062104584765223,1.571051446809984,0.024060867346641316,-0.002306219724869663,5.298359191639616,1.7431508976137864,1.7436366960256355
141.0,9.024000000000001,-0.7831511848883179,-0.24961882350792552,-2.9919135059072285e-06,0.023968626819327314,6.912501637590385e-06,0.019985192470970498,1.570921153031832,0.023968627006061966,-0.0016815064003610214,5.298243260410822,1.743151184888318,1.7436013605620118
142.0,9.088000000000001,-0.7831513002270841,-0.24808681940041993,-7.330181643166283e-07,0.0238767398470684,6.0380022253170296e-06,0.019908575628499497,1.5708270268891633,0.023876739858320263,-0.0011952176908527343,5.298128044590039,1.7431513002270842,1.743567337757683
143.0,9.152000000000001,-0.7831512937386929,-0.24656068844957219,8.41440551278487e-07,0.02378520470325378,5.236430735244824e-06,0.01983225272433899,1.5707609501579736,0.023785204718137446,-0.000820354419796332,5.298013587388808,1.743151293738693,1.7435346617726832
144.0,9.216000000000001,-0.7831512038722384,-0.24504040816098013,1.8937105796465175e-06,0.023694020268453925,4.511652224148399e-06,0.019756222518651553,1.570716403229619,0.023694020344129978,-0.0005346479366539203,5.297899920445523,1.7431512038722383,1.7435033552492298
145.0,9.28,-0.7831510597931522,-0.24352595611495562,2.5525498205653644e-06,0.023603185321059213,3.863755809241365e-06,0.019680483828666953,1.5706881825009849,0.023603185459081064,-0.00031982001291042117,5.297787066193742,1.7431510597931523,1.7434734316849834
146.0,9.344,-0.7831508833232891,-0.24201730997167636,2.919438968664084e-06,0.02351269858278982,3.2902367506637553e-06,0.019605035506339314,1.5706721624441573,0.02351269876403494,-0.00016094215495054962,5.297675039795956,1.7431508833232892,1.7434448973708878
147.0,9.408,-0.7831506905172491,-0.24051444747398615,3.073754980125511e-06,0.0234225587462307,2.7868941023800886e-06,0.019529876424803642,1.5706650962578839,0.023422558947915957,-4.588436525709838e-05,5.297563850714666,1.7431506905172491,1.743417752965538
148.0,9.472,-0.7831504929364856,-0.23901734644878045,3.0770586746032166e-06,0.023332764491072442,2.3485032333292466e-06,0.019455005470366323,1.5706644496374367,0.02333276469396932,3.515642974027955e-05,5.29745350398218,1.7431504929364856,1.7433919947675685
149.0,9.536,-0.7831502986735205,-0.23752598480756454,2.976631374479611e-06,0.023243314493386985,1.969311456517797e-06,0.019380421537911776,1.5706682628150777,0.023243314683986615,9.00576291181787e-05,5.29734400122129,1.7431502986735206,1.7433676157383475
150.0,9.6,-0.7831501131705034,-0.23604034054654344,2.8083782190434286e-06,0.023154207430702085,1.6433957304995417e-06,0.019306123528372545,1.570675036605471,0.023154207601016448,0.00012511061759723496,5.297235341460939,1.7431501131705036,1.7433446063191633
151.0,9.664,-0.783149939869342,-0.23456039174645973,2.599200009586579e-06,0.023065441984607696,1.36491379204573e-06,0.019232110347413036,1.5706836387310685,0.023065442131057105,0.00014530686469815812,5.297127521784011,1.743149939869342,1.743322955080105
152.0,9.728,-0.7831497807245584,-0.23308611657230421,2.3689212178828147e-06,0.02297701684196207,1.1282737847895241e-06,0.019158380904803405,1.5706932271964682,0.022977016964079482,0.00015457774408078603,5.297020537838267,1.7431497807245586,1.743302649231758
153.0,9.792,-0.7831496366048387,-0.23161749327297057,2.1318490995921353e-06,0.02288893069533918,9.28242285425096e-07,0.01908493411416817,1.570703187926952,0.022888930794618186,0.00015599460913640062,5.296914384236334,1.743149636604839,1.7432836750256648
154.0,9.856,-0.7831495076048053,-0.23015450018089104,1.898027647726507e-06,0.022801182243092966,7.600064849677679e-07,0.01901176889292491,1.5707130842847887,0.02280118232209126,0.00015193491888343402,5.296809054866211,1.7431495076048051,1.7432660180650617
155.0,9.92,-0.7831493932847788,-0.2286971157116721,1.6742403059789945e-06,0.022713770189249572,6.192028055296284e-07,0.01893888416230909,1.5707226164293784,0.022713770250954002,0.00014421952483456566,5.29670454312997,1.7431493932847788,1.743249663543644
156.0,9.984,-0.7831492928531305,-0.22724531836373782,1.464806821105394e-06,0.022626693243341357,5.019215491008922e-07,0.018866278847428454,1.5707315887970237,0.02262669329075569,0.00013422558109932317,5.296600842125248,1.7431492928531305,1.7432345964269513
157.0,10.048,-0.7831492053031522,-0.2257990867179833,1.2722122463509978e-06,0.022539950120238333,4.0469494139161455e-07,0.018793951877319613,1.5707398842456357,0.022539950156141783,0.0001229789516099533,5.296497944781382,1.743149205303152,1.7432208015882935
158.0,10.112,-0.7831491295141523,-0.22435839943743777,1.0975997785178115e-06,0.02245353954000099,3.2447417785963495e-07,0.018721902184994633,1.570747443643281,0.022453539566828058,0.00011122945418395869,5.296395843959881,1.7431491295141521,1.7432082639089201
159.0,10.176,-0.7831490643246277,-0.22292323526693616,9.411537135127641e-07,0.022367460227761964,2.585996902171317e-07,0.018650128707474015,1.5707542498803353,0.022367460247562386,9.95118080771018e-05,5.296294532527071,1.7431490643246277,1.7431969683502748
160.0,10.24,-0.783149008583837,-0.22149357303279696,8.023942230007948e-07,0.022281710913635285,2.0476775824951332e-07,0.018578630385806216,1.570760315456909,0.02228171092808293,8.8194724281343e-05,5.296194003405186,1.743149008583837,1.7431869000046651
161.0,10.304,-0.783148961186827,-0.22006939164250533,6.804017871196497e-07,0.02219629033264853,1.6099571453764838e-07,0.018507406165076266,1.5707656729434327,0.022196290343076998,7.752021410922795e-05,5.296094249606978,1.7431489611868272,1.7431780441293896
162.0,10.368,-0.7831489210969407,-0.21865067008439998,5.739858689873234e-07,0.022111197224692857,1.255873647298955e-07,0.018436454994405677,1.5707703677360982,0.022111197232142922,6.763486173610998e-05,5.295995264257837,1.743148921096941,1.7431703861683565
163.0,10.432,-0.7831488873589816,-0.2172373874273626,4.818096997680836e-07,0.022026430334485855,9.709969056581613e-08,0.018365775826946186,1.5707744526331566,0.02202643033975545,5.861453165156849e-05,5.295897040608599,1.7431488873589815,1.7431639117643611
164.0,10.496,-0.7831488591055279,-0.2158295228205097,4.024807834062075e-07,0.021941988411543434,7.431156079373835e-08,0.01829536761986917,1.5707779838454878,0.021941988415234776,5.048373671256989e-05,5.295799572041518,1.7431488591055277,1.7431586067645186
165.0,10.56,-0.7831488355583366,-0.21442705549288596,3.346148588125586e-07,0.02185787021015719,5.619484744201486e-08,0.01822522933435238,1.5707810181277864,0.021857870212718445,4.323069095957255e-05,5.29570285207135,1.7431488355583364,1.7431544572207942
166.0,10.624,-0.7831488160263291,-0.21302996475315883,2.768795135572776e-07,0.021774074489375572,4.188816882244595e-08,0.01815535993556503,1.5707836107773374,0.021774074491135973,3.6818888179523945e-05,5.295606874343023,1.743148816026329,1.7431514493871145
167.0,10.688,-0.7831487999013024,-0.21163822998931445,2.280223808484421e-07,0.021690600012986828,3.0673312501061645e-08,0.01808575839265184,1.5707858142972846,0.021690600014185372,3.119591002387345e-05,5.295511632627047,1.7431487999013022,1.7431495697142136
168.0,10.752,-0.7831487866522173,-0.21025183066835462,1.8688781579897658e-07,0.021607445549503165,2.195427217799306e-08,0.018016423678716895,1.5707876775626046,0.021607445550311383,2.6300027568981754e-05,5.295417120813497,1.7431487866522173,1.7431488048430583
169.0,10.816,-0.7831487758187068,-0.20887074633599464,1.5242511032766794e-07,0.021524609872145047,1.5238785899818197e-08,0.017947354770807156,1.5707892453606114,0.02152460987268474,2.2065068789434147e-05,5.2953233329052205,1.7431487758187068,1.7431487758187068
170.0,10.88,-0.7831487670042607,-0.2074949566163624,1.2369062747245657e-07,0.021442091758825613,1.01222120685307e-08,0.017878550649896293,1.570790558205299,0.021442091759182373,1.842392644646473e-05,5.295230263010739,1.7431487670042607,1.7431487670042607
171.0,10.944,-0.7831487598694195,-0.2061244412116983,9.984569342936989e-08,0.021359889992134923,6.273531139022737e-09,0.01781001030086851,1.5707916523469727,0.021359889992368285,1.5311015621910506e-05,5.295137905337134,1.7431487598694195,1.7431487598694195
172.0,11.008000000000001,-0.7831487541251991,-0.20475917990205614,8.015164687321809e-08,0.02127800335932375,3.42329153912857e-09,0.017741732712502723,1.5707925599167023,0.02127800335947471,1.2663921137634482e-05,5.295046254183189,1.7431487541251989,1.743148754125199
173.0,11.072000000000001,-0.7831487495268957,-0.2033991525450053,6.396310499824092e-08,0.02119643065228746,1.3532825415829564e-09,0.017673716877456804,1.5707933091592368,0.021196430652383965,1.042443715104646e-05,5.294955303932897,1.7431487495268958,1.7431487495268958
174.0,11.136000000000001,-0.7831487458683556,-0.20204433907533373,5.0720229406166715e-08,0.0211151706675492,-1.1226786167384262e-10,0.0176059617922522,1.5707939247196208,0.021115170667610116,8.539148853348166e-06,5.294865049049443,1.7431487458683557,1.7431487458683557
175.0,11.200000000000001,-0.7831487429767573,-0.20069471950475226,3.994056425649382e-08,0.021034222206243278,-1.1141449429707961e-09,0.017538466457258654,1.5707944279576653,0.0210342222062812,6.959678967910499e-06,5.294775484069689,1.7431487429767571,1.7431487429767571
176.0,11.264,-0.7831487325917019,-0.19935024588461747,4.089309068595072e-06,0.020960593022039446,0.0006595116039256887,0.01748370434840056,1.570601231693703,0.02096059342094153,-0.048395751760977324,5.294686593650747,1.7434593641871012,1.7431487325917019
177.0,11.328,-0.7831325053146182,-0.19800452119911666,0.0007542451388200903,0.021200041861894076,0.006982851000840284,0.017416435388743386,1.535233795649227,0.021213454708639397,-1.1579138691055555,5.294581779091427,1.746616974755764,1.7431325053146183
178.0,11.392,-0.7830239369206948,-0.19662903896834966,0.002836635034086975,0.022125157699250643,0.012637811128127785,0.01700396581927547,1.4432833733519055,0.022306257004108054,-1.750499021310333,5.294383213249033,1.749798693534938,1.7430239369206948
179.0,11.456,-0.7827494916083932,-0.1951812950805928,0.006003663176318198,0.023715704076408422,0.017873604292438616,0.016259198781689545,1.3228538668242393,0.024463822092519683,-2.0075264933888275,5.294014763632819,1.7530677997667297,1.7427494916083932
180.0,11.52,-0.782243539754305,-0.19362750682536714,0.010233468345939266,0.02568061201399415,0.022789259745847057,0.01532928853785961,1.1915923087400455,0.02764448783755347,-2.0594694547250114,5.2934087955421605,1.7564710541824802,1.742243539754305
181.0,11.584,-0.7814411120812146,-0.19195310144159938,0.015480555992083374,0.02765627781943719,0.027400636446154536,0.01439663520135222,1.0604995950268945,0.03169412116860037,-1.9828785369659863,5.292499612089469,1.7600103906353333,1.7414411120812145
182.0,11.648,-0.7802831783894012,-0.19016551841728727,0.0215520920673145,0.02929714392502905,0.03169800532591077,0.013633861272955012,0.9365504453633299,0.03637052810507248,-1.8262854072739607,5.2912288765373,1.7636389414755784,1.7402831783894013
183.0,11.712,-0.7787264713836738,-0.18829111023091574,0.028105505242320694,0.03036384542048605,0.03567660954210161,0.013160093485469704,0.8240033151479382,0.04137490221916286,-1.624534267456192,5.289555183089406,1.7672732127173552,1.7387264713836736
184.0,11.776,-0.7767510085196145,-0.1863671278856582,0.034733556952631715,0.03077711297441193,0.03934298733093322,0.013014381387697005,0.7250775437286909,0.04640744187758496,-1.4044711052658474,5.287461021192952,1.7708156751812663,1.7367510085196145
185.0,11.84,-0.7744635336228166,-0.18450896137320352,0.01556521252122736,0.01132872452293514,0.061420441581491014,-0.0538838301140699,0.6291563040218303,0.01925138540852385,-4.0,5.285060246842591,1.7732124807356509,1.7344635336228165
186.0,11.904,-0.7729708870498673,-0.18371035818619755,0.03126592751283314,0.012240571727431033,0.05046506164962988,-0.055038253118328356,0.3731563040218303,0.03357662608798151,-4.0,5.283520093539555,1.7716864875503386,1.7329708870498672
187.0,11.968,-0.7706955225393842,-0.18315014819315567,0.04151508404298832,0.00517049326497941,0.04058842029846088,-0.05251942138441297,0.12390690124208009,0.04183582440564045,-3.600604196299045,5.281213905207574,1.7693602900431564,1.730695522539384
188.0,12.032,-0.7679477389648384,-0.18312297772276154,0.04538858866879107,-0.004292253006524606,0.032882497271439826,-0.04896977222266767,-0.09428639049090597,0.04559108923042669,-3.0923143676809826,5.278469882338217,1.7665511193489951,1.7279477389648383
189.0,12.096,-0.765071113529457,-0.1836785450304514,0.04492303396138443,-0.01297858463030064,0.027039635597546574,-0.04582466231887801,-0.28124903411950875,0.04676026774197914,-2.658488603490889,5.275634104250972,1.7636102283901836,1.725071113529457
190.0,12.16,-0.7622830491126347,-0.18473932172234198,0.042240321452650546,-0.019983268809162014,0.02245704922175873,-0.04344922126019991,-0.441884831626306,0.04672874692009703,-2.2992520230636058,5.272918859842744,1.760759876955767,1.7222830491126346
191.0,12.224,-0.7596909627517628,-0.18619911269134468,0.03865108350686263,-0.025383330033829886,0.01871269420123739,-0.04176567544041228,-0.5810918598572768,0.046240887749488535,-2.0080709713702225,5.270424922814764,1.7581098818436518,1.7196909627517627
192.0,12.288,-0.7573352141530111,-0.18796466767832687,0.034833475924726305,-0.029523730926336762,0.015561100738589573,-0.04058979285034978,-0.7030803237828995,0.04566203820252904,-1.7721328715951983,5.268186943396391,1.7557015044198518,1.7173352141530112
193.0,12.352,-0.755986430215935,-0.18919089367039763,0.0,-0.0,0.02025267503329875,0.028968346554062323,-0.6761291243376101,0.0,4.0,5.266919765571046,1.7537946035484353,1.7159864302159349
194.0,12.416,-0.7558117622270532,-0.1892944108288639,0.007671274687138483,-0.0034269688291735543,0.0157136729487396,0.03068602638778249,-0.42012912433761024,0.008401938507371903,4.0,5.266752127942224,1.7534636163043942,1.715811762227053
195.0,12.48,-0.7553041200391633,-0.18944627473712794,0.01043485736329556,-0.0017282103321345477,0.013017100967923967,0.029850205200912982,-0.16412912433761018,0.010577001424998494,4.0,5.266255326845966,1.7528524696412153,1.7153041200391632
196.0,12.544,-0.7545328496813654,-0.18946651440683662,0.01532037066571253,0.0014100039083427133,0.009609146583945183,0.028303809739727365,0.09177603909869779,0.01538511840566613,3.976290859076989,5.265486965398746,1.7524195574133243,1.7145328496813654
197.0,12.608,-0.7535563317446424,-0.18928659279218182,0.014413298640952235,0.002173056215478445,0.01760075292179758,-0.058004854193014946,0.1496404207984772,0.014576191238760045,-4.0,5.26450088069731,1.7518381995305552,1.7135563317446425
198.0,12.672,-0.7524801761428515,-0.18927382172428142,0.021375965850376093,-0.002282150733399481,0.011780612020813985,-0.05625710172654919,-0.1063595792015228,0.021497444685506246,-4.0,5.263426139586366,1.7507380019724528,1.7124801761428514
199.0,12.736,-0.7509444517254985,-0.1896518445507564,0.02757996808336556,-0.010435535316486626,0.0053317458741997115,-0.052835451467917426,-0.3617251727432622,0.02948821861050787,-3.8413983854348492,5.261917997328876,1.7491679685580672,1.7109444517254984
200.0,12.8,-0.7492922222126229,-0.1905069295599778,0.0,-0.0,0.006210310685688503,0.029155130465271902,-0.5661178769860191,0.0,4.0,5.260324496004054,1.7473520827715392,1.709292222212623
201.0,12.864,-0.7492922222126229,-0.1905069295599778,0.0,-0.0,0.006210310685688503,0.029155130465271902,-0.31011787698601917,0.0,4.0,5.260324496004054,1.7473520827715392,1.709292222212623
202.0,12.928,-0.7491217316875822,-0.19052441238622334,0.007071518129979027,-0.00038306959230185496,0.0023941956523477748,0.029351658819644546,-0.054117876986019206,0.007081886117071383,4.0,5.260155494802965,1.7472257571720446,1.7091217316875822
203.0,12.992,-0.7484946260083416,-0.19049711050165846,0.01430742545404131,0.00014139234100038982,0.006606333106462359,-0.059154297031414116,0.00988212301398081,0.014308124087980323,-4.0,5.2595279371345125,1.7466634122770737,1.7084946260083416
204.0,13.056000000000001,-0.747516483999496,-0.1906198177034086,0.019247655580605157,-0.004835218188119446,0.0019876356872573497,-0.05709623762857606,-0.24611787698601922,0.019845694250298272,-4.0,5.258559794283862,1.745663417993888,1.707516483999496
205.0,13.120000000000001,-0.7461584195647973,-0.19116596876645722,0.02462553225639022,-0.013512685417803308,-0.01295604088305613,0.03599907982553094,-0.5018650528002452,0.028089313023123747,-3.9367939535564727,5.257239996558552,1.744234963429391,1.7061584195647974
206.0,13.184000000000001,-0.7461584195647973,-0.19116596876645722,0.0,-0.0,-0.000643274754861034,0.029242737116629284,-0.2458650528002452,0.0,4.0,5.257239996558552,1.744234963429391,1.7061584195647974
207.0,13.248000000000001,-0.7461584195647973,-0.19116596876645722,0.0,0.0,-0.000643274754861034,0.029242737116629284,0.010134947199754774,0.0,4.0,5.257239996558552,1.744234963429391,1.7061584195647974
208.0,13.312000000000001,-0.7459611139406449,-0.19114296718278784,0.014532521841603726,0.0010793458223801132,0.0009194509574270704,-0.06071338532761818,0.07413494719975475,0.014572548798373561,-4.0,5.257041614162441,1.7440733000426867,1.7059611139406448
209.0,13.376,-0.7453297082355346,-0.1912021318825753,0.013984949757475546,-0.002571790243300932,-0.0002006978814235727,-0.05916863737021802,-0.18186505280024526,0.014219455853676441,-4.0,5.256415379600388,1.743427788358523,1.7053297082355345
210.0,13.44,-0.7442628613988297,-0.1915564565944789,0.020742963965799385,-0.009711337514718409,-0.005939218328787854,-0.056053906577367564,-0.43786505280024524,0.022903725251828117,-4.0,5.255373799501651,1.7423371075288563,1.7042628613988295
211.0,13.504,-0.7438709785319876,-0.19175941283264408,0.0,-0.0,-0.006239546073302349,0.029305091446692546,-0.34186505280024515,0.0,4.0,5.254995940602593,1.741695054653764,1.7038709785319877
212.0,13.568,-0.7438709785319876,-0.19175941283264408,0.0,-0.0,-0.006239546073302349,0.029305091446692546,-0.08586505280024513,0.0,4.0,5.254995940602593,1.741695054653764,1.7038709785319877
213.0,13.632,-0.7438709785319876,-0.19175941283264408,0.0,0.0,-0.006239546073302349,0.029305091446692546,0.17013494719975486,0.0,4.0,5.254995940602593,1.741695054653764,1.7038709785319877
214.0,13.696,-0.743600113310953,-0.19166664014070484,0.0,0.0,0.002963777328670869,-0.06120162733883887,0.39413494719975495,0.0,-4.0,5.254719615859602,1.7416595532544508,1.7036001133109528
215.0,13.76,-0.743600113310953,-0.19166664014070484,0.0,0.0,0.002963777328670869,-0.06120162733883887,0.13813494719975491,0.0,-4.0,5.254719615859602,1.7416595532544508,1.7036001133109528
216.0,13.824,-0.7432485554166175,-0.19169122266512845,0.014488855873916072,-0.0017156819793814457,-0.005060459545178753,-0.060501595178599654,-0.11786505280024508,0.014590082562805685,-4.0,5.254370400488038,1.7413001413476266,1.7032485554166175
217.0,13.888,-0.7423401559471919,-0.19192044181867512,0.016447114550544626,-0.0064524721564057155,-0.008057268592327471,-0.05852828671783748,-0.37386505280024507,0.01766754012215418,-4.0,5.253478837797855,1.740371447693679,1.702340155947192
218.0,13.952,-0.7416475584967537,-0.19226308817236687,0.0,-0.0,-0.011337707648906237,0.0293668635840574,-0.43786505280024507,0.0,4.0,5.2528100240747575,1.7393984943202294,1.7016475584967536
219.0,14.016,-0.7416475584967537,-0.19226308817236687,0.0,-0.0,-0.011337707648906237,0.0293668635840574,-0.18186505280024504,0.0,4.0,5.2528100240747575,1.7393984943202294,1.7016475584967536
220.0,14.08,-0.7416475584967537,-0.19226308817236687,0.0,0.0,-0.011337707648906237,0.0293668635840574,0.07413494719975496,0.0,4.0,5.2528100240747575,1.7393984943202294,1.7016475584967536
221.0,14.144,-0.7416475584967537,-0.19226308817236687,0.0,0.0,-0.011337707648906237,0.0293668635840574,0.330134947199755,0.0,4.0,5.2528100240747575,1.7393984943202294,1.7016475584967536
222.0,14.208,-0.7413824312626027,-0.1921216939324475,0.0,0.0,-0.001965191076948314,-0.06217519698269207,0.554134947199755,0.0,-4.0,5.252536248728559,1.7393923268699187,1.7013824312626027
223.0,14.272,-0.7413824312626027,-0.1921216939324475,0.0,0.0,-0.001965191076948314,-0.06217519698269207,0.298134947199755,0.0,-4.0,5.252536248728559,1.7393923268699187,1.7013824312626027
224.0,14.336,-0.7413824312626027,-0.1921216939324475,0.0,0.0,-0.001965191076948314,-0.06217519698269207,0.042134947199754955,0.0,-4.0,5.252536248728559,1.7393923268699187,1.7013824312626027
225.0,14.4,-0.7410261400584257,-0.19215715846288772,0.014626538471598297,-0.0031766857760578077,-0.010072523339776596,-0.06074674167633751,-0.21386505280024504,0.014967530196426965,-4.0,5.252183024406435,1.7390280759082954,1.7010261400584257
226.0,14.464,-0.7401259892951771,-0.19247948844641868,0.017156987923832613,-0.008712252263058258,-0.01334660073443017,-0.05836486021418287,-0.46986505280024504,0.01924228609374941,-4.0,5.251305797960473,1.738107815241528,1.7001259892951772
227.0,14.528,-0.7398217192016778,-0.1926496306717328,0.0,-0.0,-0.015405136846008194,0.029418163924086423,-0.37386505280024496,0.0,4.0,5.251013275399054,1.73757632790436,1.6998217192016778
228.0,14.592,-0.7398217192016778,-0.1926496306717328,0.0,-0.0,-0.015405136846008194,0.029418163924086423,-0.11786505280024492,0.0,4.0,5.251013275399054,1.73757632790436,1.6998217192016778
229.0,14.656,-0.7398217192016778,-0.1926496306717328,0.0,0.0,-0.015405136846008194,0.029418163924086423,0.13813494719975505,0.0,4.0,5.251013275399054,1.73757632790436,1.6998217192016778
230.0,14.72,-0.7398217192016778,-0.1926496306717328,0.0,0.0,-0.015405136846008194,0.029418163924086423,0.39413494719975506,0.0,4.0,5.251013275399054,1.73757632790436,1.6998217192016778
231.0,14.784,-0.7396896378944136,-0.1925604016957012,0.0,0.0,-0.005743297041355844,-0.0629143764280144,0.6181349471997549,0.0,-4.0,5.250875653666539,1.7376617154909009,1.6996896378944135
232.0,14.848,-0.7396896378944136,-0.1925604016957012,0.0,0.0,-0.005743297041355844,-0.0629143764280144,0.3621349471997549,0.0,-4.0,5.250875653666539,1.7376617154909009,1.6996896378944135
233.0,14.912,-0.7396896378944136,-0.1925604016957012,0.0,0.0,-0.005743297041355844,-0.0629143764280144,0.10613494719975489,0.0,-4.0,5.250875653666539,1.7376617154909009,1.6996896378944135
234.0,14.976,-0.7396295982334323,-0.19256897682954682,0.014992284845819744,-0.0022637929018170513,-0.013373691722396552,-0.06180930921887082,-0.14986505280024512,0.015162234769337719,-4.0,5.250816301354474,1.7376003345081779,1.6996295982334324
235.0,15.040000000000001,-0.7390562534462054,-0.19275236390450673,0.0,-0.0,-0.016813309609328253,0.02944084970494563,-0.3738650528002451,0.0,4.0,5.250256147059486,1.7369520794815938,1.6990562534462055
236.0,15.104000000000001,-0.7390562534462054,-0.19275236390450673,0.0,-0.0,-0.016813309609328253,0.02944084970494563,-0.11786505280024509,0.0,4.0,5.250256147059486,1.7369520794815938,1.6990562534462055
237.0,15.168000000000001,-0.7390562534462054,-0.19275236390450673,0.0,0.0,-0.016813309609328253,0.02944084970494563,0.1381349471997549,0.0,4.0,5.250256147059486,1.7369520794815938,1.6990562534462055
238.0,15.232000000000001,-0.7390562534462054,-0.19275236390450673,0.0,0.0,-0.016813309609328253,0.02944084970494563,0.3941349471997548,0.0,4.0,5.250256147059486,1.7369520794815938,1.6990562534462055
239.0,15.296000000000001,-0.738921404136893,-0.192661264974327,0.0,0.0,-0.007462414577791621,-0.06325865362829118,0.6181349471997547,0.0,-4.0,5.250115638844299,1.7368763189342418,1.698921404136893
240.0,15.36,-0.738921404136893,-0.192661264974327,0.0,0.0,-0.007462414577791621,-0.06325865362829118,0.3621349471997548,0.0,-4.0,5.250115638844299,1.7368763189342418,1.698921404136893
241.0,15.424,-0.738921404136893,-0.192661264974327,0.0,0.0,-0.007462414577791621,-0.06325865362829118,0.10613494719975478,0.0,-4.0,5.250115638844299,1.7368763189342418,1.698921404136893
242.0,15.488,-0.7388608690431732,-0.1926699108680999,0.015115997548695923,-0.0022824731724706473,-0.015155996009312389,-0.06214451498347427,-0.14986505280024523,0.015287349857814773,-4.0,5.25005579713265,1.736814431450518,1.6988608690431732
243.0,15.552,-0.7382262801188058,-0.1928785048015482,0.01382759586538778,-0.005942048967935634,-0.015934164080838864,-0.06058958253349089,-0.4058650528002452,0.015050260906503719,-4.0,5.249436182180163,1.7361656654320856,1.6982262801188057
244.0,15.616,-0.7379549600669438,-0.193008186398091,0.0,-0.0,-0.019392939424696387,0.02947146846896667,-0.30986505280024523,0.0,4.0,5.2491739140198055,1.7357996197041479,1.697954960066944
245.0,15.68,-0.7379549600669438,-0.193008186398091,0.0,-0.0,-0.019392939424696387,0.02947146846896667,-0.053865052800245214,0.0,4.0,5.2491739140198055,1.7357996197041479,1.697954960066944
246.0,15.744,-0.7379549600669438,-0.193008186398091,0.0,0.0,-0.019392939424696387,0.02947146846896667,0.20213494719975478,0.0,4.0,5.2491739140198055,1.7357996197041479,1.697954960066944
247.0,15.808,-0.7379549600669438,-0.193008186398091,0.0,0.0,-0.019392939424696387,0.02947146846896667,0.4581349471997548,0.0,4.0,5.2491739140198055,1.7357996197041479,1.697954960066944
248.0,15.872,-0.7378209875484351,-0.19290460945977345,0.0,0.0,-0.009929800550196377,-0.06374493308674692,0.6821349471997546,0.0,-4.0,5.249033460437419,1.7357513183845985,1.6978209875484351
249.0,15.936,-0.7378209875484351,-0.19290460945977345,0.0,0.0,-0.009929800550196377,-0.06374493308674692,0.42613494719975475,0.0,-4.0,5.249033460437419,1.7357513183845985,1.6978209875484351
250.0,16.0,-0.7378209875484351,-0.19290460945977345,0.0,0.0,-0.009929800550196377,-0.06374493308674692,0.17013494719975472,0.0,-4.0,5.249033460437419,1.7357513183845985,1.6978209875484351
251.0,16.064,-0.7378209875484351,-0.19290460945977345,0.0,-0.0,-0.009929800550196377,-0.06374493308674692,-0.08586505280024528,0.0,-4.0,5.249033460437419,1.7357513183845985,1.6978209875484351
252.0,16.128,-0.7374591286399673,-0.1929882805883224,0.014641761129915517,-0.005210075849120539,-0.018063321489646955,-0.06129978027694766,-0.3418650528002454,0.015541108690794683,-4.0,5.248677841589734,1.7353813753328584,1.6974591286399674
253.0,16.192,-0.736901181737691,-0.19323862920341023,0.0,-0.0,-0.021793831321772317,0.02950107235840339,-0.40586505280024543,0.0,4.0,5.248137454741736,1.7347306529772188,1.6969011817376911
254.0,16.256,-0.736901181737691,-0.19323862920341023,0.0,-0.0,-0.021793831321772317,0.02950107235840339,-0.1498650528002454,0.0,4.0,5.248137454741736,1.7347306529772188,1.6969011817376911
255.0,16.32,-0.736901181737691,-0.19323862920341023,0.0,0.0,-0.021793831321772317,0.02950107235840339,0.10613494719975457,0.0,4.0,5.248137454741736,1.7347306529772188,1.6969011817376911
256.0,16.384,-0.736901181737691,-0.19323862920341023,0.0,0.0,-0.021793831321772317,0.02950107235840339,0.3621349471997546,0.0,4.0,5.248137454741736,1.7347306529772188,1.6969011817376911
257.0,16.448,-0.736901181737691,-0.19323862920341023,0.0,0.0,-0.021793831321772317,0.02950107235840339,0.6181349471997546,0.0,4.0,5.248137454741736,1.7347306529772188,1.6969011817376911
258.0,16.512,-0.7367709495023109,-0.1931201601509807,0.0,0.0,-0.012289648486092153,-0.06421143479663188,0.6821349471997545,0.0,-4.0,5.247999754368647,1.7346778218638927,1.6967709495023109
259.0,16.576,-0.7367709495023109,-0.1931201601509807,0.0,0.0,-0.012289648486092153,-0.06421143479663188,0.42613494719975464,0.0,-4.0,5.247999754368647,1.7346778218638927,1.6967709495023109
260.0,16.64,-0.7367709495023109,-0.1931201601509807,0.0,0.0,-0.012289648486092153,-0.06421143479663188,0.1701349471997546,0.0,-4.0,5.247999754368647,1.7346778218638927,1.6967709495023109
261.0,16.704,-0.7367709495023109,-0.1931201601509807,0.0,-0.0,-0.012289648486092153,-0.06421143479663188,-0.0858650528002454,0.0,-4.0,5.247999754368647,1.7346778218638927,1.6967709495023109
262.0,16.768,-0.7364108209570446,-0.19322913336059383,0.014722120887209863,-0.005238670799345826,-0.02046128133812447,-0.06174955020948256,-0.3418650528002454,0.015626404422052424,-4.0,5.247647522826157,1.7343096478326974,1.6964108209570445
263.0,16.832,-0.735842813086853,-0.1934839992176404,0.0,-0.0,-0.024281905333680076,0.029530539022981417,-0.40586505280024543,0.0,4.0,5.247097409146488,1.7336242456826083,1.6958428130868528
264.0,16.896,-0.735842813086853,-0.1934839992176404,0.0,-0.0,-0.024281905333680076,0.029530539022981417,-0.1498650528002454,0.0,4.0,5.247097409146488,1.7336242456826083,1.6958428130868528
265.0,16.96,-0.735842813086853,-0.1934839992176404,0.0,0.0,-0.024281905333680076,0.029530539022981417,0.10613494719975457,0.0,4.0,5.247097409146488,1.7336242456826083,1.6958428130868528
266.0,17.024,-0.735842813086853,-0.1934839992176404,0.0,0.0,-0.024281905333680076,0.029530539022981417,0.3621349471997546,0.0,4.0,5.247097409146488,1.7336242456826083,1.6958428130868528
267.0,17.088,-0.735842813086853,-0.1934839992176404,0.0,0.0,-0.024281905333680076,0.029530539022981417,0.6181349471997546,0.0,4.0,5.247097409146488,1.7336242456826083,1.6958428130868528
268.0,17.152,-0.7357070645446163,-0.19336051211691974,0.0,0.0,-0.01468603128336382,-0.06468348266890042,0.6821349471997545,0.0,-4.0,5.246953869342058,1.7335901690833755,1.6957070645446164
269.0,17.216,-0.7357070645446163,-0.19336051211691974,0.0,0.0,-0.01468603128336382,-0.06468348266890042,0.42613494719975464,0.0,-4.0,5.246953869342058,1.7335901690833755,1.6957070645446164
270.0,17.28,-0.7357070645446163,-0.19336051211691974,0.0,0.0,-0.01468603128336382,-0.06468348266890042,0.1701349471997546,0.0,-4.0,5.246953869342058,1.7335901690833755,1.6957070645446164
271.0,17.344,-0.7357070645446163,-0.19336051211691974,0.0,-0.0,-0.01468603128336382,-0.06468348266890042,-0.0858650528002454,0.0,-4.0,5.246953869342058,1.7335901690833755,1.6957070645446164
272.0,17.408,-0.7354016024449168,-0.19345029205443792,0.0,-0.0,-0.015375088793069924,-0.06481756973106437,-0.3418650528002454,0.0,-4.0,5.246654938338816,1.7332778827786604,1.6954016024449168
273.0,17.472,-0.7348215269297053,-0.1937104943527225,0.0,-0.0,-0.026635526436615875,0.029559209724190072,-0.40586505280024543,0.0,4.0,5.246093148499638,1.7325808040784358,1.6948215269297053
274.0,17.536,-0.7348215269297053,-0.1937104943527225,0.0,-0.0,-0.026635526436615875,0.029559209724190072,-0.1498650528002454,0.0,4.0,5.246093148499638,1.7325808040784358,1.6948215269297053
275.0,17.6,-0.7348215269297053,-0.1937104943527225,0.0,0.0,-0.026635526436615875,0.029559209724190072,0.10613494719975457,0.0,4.0,5.246093148499638,1.7325808040784358,1.6948215269297053
276.0,17.664,-0.7348215269297053,-0.1937104943527225,0.0,0.0,-0.026635526436615875,0.029559209724190072,0.3621349471997546,0.0,4.0,5.246093148499638,1.7325808040784358,1.6948215269297053
277.0,17.728,-0.7348215269297053,-0.1937104943527225,0.0,0.0,-0.026635526436615875,0.029559209724190072,0.6181349471997546,0.0,4.0,5.246093148499638,1.7325808040784358,1.6948215269297053
278.0,17.792,-0.7346909698167546,-0.19357109662824457,0.0,0.0,-0.01697987031154491,-0.06513692823671427,0.8421349471997546,0.0,-4.0,5.245953740543221,1.732551374194854,1.6946909698167545
279.0,17.856,-0.7346909698167546,-0.19357109662824457,0.0,0.0,-0.01697987031154491,-0.06513692823671427,0.5861349471997548,0.0,-4.0,5.245953740543221,1.732551374194854,1.6946909698167545
280.0,17.92,-0.7346909698167546,-0.19357109662824457,0.0,0.0,-0.01697987031154491,-0.06513692823671427,0.3301349471997548,0.0,-4.0,5.245953740543221,1.732551374194854,1.6946909698167545
281.0,17.984,-0.7346909698167546,-0.19357109662824457,0.0,0.0,-0.01697987031154491,-0.06513692823671427,0.07413494719975475,0.0,-4.0,5.245953740543221,1.732551374194854,1.6946909698167545
282.0,18.048000000000002,-0.7346909698167546,-0.19357109662824457,0.0,-0.0,-0.01697987031154491,-0.06513692823671427,-0.18186505280024526,0.0,-4.0,5.245953740543221,1.732551374194854,1.6946909698167545
283.0,18.112000000000002,-0.7343234611837147,-0.1936942111806339,0.014698541396035856,-0.006881489873207883,-0.025160023960762,-0.06185669444946248,-0.43786505280024524,0.016229664877810704,-4.0,5.245595086079113,1.732175655200334,1.6943234611837146
284.0,18.176000000000002,-0.7340388342004575,-0.1938416195689304,0.0,-0.0,-0.028224493845717014,0.029582150604096993,-0.34186505280024515,0.0,4.0,5.245320731591755,1.731881099105801,1.6940388342004575
285.0,18.240000000000002,-0.7340388342004575,-0.1938416195689304,0.0,-0.0,-0.028224493845717014,0.029582150604096993,-0.08586505280024513,0.0,4.0,5.245320731591755,1.731881099105801,1.6940388342004575
286.0,18.304000000000002,-0.7340388342004575,-0.1938416195689304,0.0,0.0,-0.028224493845717014,0.029582150604096993,0.17013494719975486,0.0,4.0,5.245320731591755,1.731881099105801,1.6940388342004575
287.0,18.368000000000002,-0.7340388342004575,-0.1938416195689304,0.0,0.0,-0.028224493845717014,0.029582150604096993,0.42613494719975487,0.0,4.0,5.245320731591755,1.731881099105801,1.6940388342004575
288.0,18.432000000000002,-0.7340388342004575,-0.1938416195689304,0.0,0.0,-0.028224493845717014,0.029582150604096993,0.6821349471997548,0.0,4.0,5.245320731591755,1.731881099105801,1.6940388342004575
289.0,18.496,-0.733902401957347,-0.19370054227496294,0.0,0.0,-0.018763510876825706,-0.06549228786896094,0.7461349471997546,0.0,-4.0,5.245175346542286,1.7317451892603761,1.693902401957347
290.0,18.56,-0.733902401957347,-0.19370054227496294,0.0,0.0,-0.018763510876825706,-0.06549228786896094,0.4901349471997548,0.0,-4.0,5.245175346542286,1.7317451892603761,1.693902401957347
291.0,18.624,-0.733902401957347,-0.19370054227496294,0.0,0.0,-0.018763510876825706,-0.06549228786896094,0.23413494719975478,0.0,-4.0,5.245175346542286,1.7317451892603761,1.693902401957347
292.0,18.688,-0.733902401957347,-0.19370054227496294,0.0,-0.0,-0.018763510876825706,-0.06549228786896094,-0.0218650528002452,0.0,-4.0,5.245175346542286,1.7317451892603761,1.693902401957347
293.0,18.752,-0.733902401957347,-0.19370054227496294,0.0,-0.0,-0.018763510876825706,-0.06549228786896094,-0.2778650528002452,0.0,-4.0,5.245175346542286,1.7317451892603761,1.693902401957347
294.0,18.816,-0.7332563561288643,-0.19400919789026583,0.01393198395492977,-0.008235484713297664,-0.02719302479434743,-0.06164994855219629,-0.5338650528002452,0.016184047249788294,-4.0,5.244550926170539,1.731084710383775,1.6932563561288643
295.0,18.88,-0.732984738386684,-0.19418478113133386,0.0,-0.0,-0.03122655679405234,0.029609277039461222,-0.43786505280024524,0.0,4.0,5.244291414075917,1.7305465658332335,1.6929847383866838
296.0,18.944,-0.732984738386684,-0.19418478113133386,0.0,-0.0,-0.03122655679405234,0.029609277039461222,-0.1818650528002452,0.0,4.0,5.244291414075917,1.7305465658332335,1.6929847383866838
297.0,19.008,-0.732984738386684,-0.19418478113133386,0.0,0.0,-0.03122655679405234,0.029609277039461222,0.07413494719975479,0.0,4.0,5.244291414075917,1.7305465658332335,1.6929847383866838
298.0,19.072,-0.732984738386684,-0.19418478113133386,0.0,0.0,-0.03122655679405234,0.029609277039461222,0.3301349471997548,0.0,4.0,5.244291414075917,1.7305465658332335,1.6929847383866838
299.0,19.136,-0.732984738386684,-0.19418478113133386,0.0,0.0,-0.03122655679405234,0.029609277039461222,0.5861349471997548,0.0,4.0,5.244291414075917,1.7305465658332335,1.6929847383866838
300.0,19.2,-0.7329569846673035,-0.19415418118824407,0.006877008583167042,0.007705247820889551,-0.034539868779499494,0.025758290587587926,0.8421349471997546,0.010327830896866792,4.0,5.24426171198651,1.7306047533106668,1.6929569846673034
301.0,19.264,-0.7328391278309778,-0.193985072181458,0.0,0.0,-0.021173280059061328,-0.06596365725684261,0.9061349471997544,0.0,-4.0,5.2441330139158895,1.7306581609575191,1.6928391278309778
302.0,19.328,-0.7328391278309778,-0.193985072181458,0.0,0.0,-0.021173280059061328,-0.06596365725684261,0.6501349471997545,0.0,-4.0,5.2441330139158895,1.7306581609575191,1.6928391278309778
303.0,19.392,-0.7328391278309778,-0.193985072181458,0.0,0.0,-0.021173280059061328,-0.06596365725684261,0.3941349471997545,0.0,-4.0,5.2441330139158895,1.7306581609575191,1.6928391278309778
304.0,19.456,-0.7328391278309778,-0.193985072181458,0.0,0.0,-0.021173280059061328,-0.06596365725684261,0.13813494719975447,0.0,-4.0,5.2441330139158895,1.7306581609575191,1.6928391278309778
305.0,19.52,-0.7328391278309778,-0.193985072181458,0.0,-0.0,-0.021173280059061328,-0.06596365725684261,-0.11786505280024552,0.0,-4.0,5.2441330139158895,1.7306581609575191,1.6928391278309778
306.0,19.584,-0.7327770222766509,-0.19400886567339426,0.015478305263661231,-0.006072392420883032,-0.029053356534200325,-0.0629544557791901,-0.37386505280024546,0.016626842260281435,-4.0,5.244072602904005,1.7305946679281639,1.6927770222766507
307.0,19.648,-0.732208207387578,-0.19434489251480427,0.0,-0.0,-0.032964735178631965,0.029631381091723266,-0.5978650528002453,0.0,4.0,5.243527069678859,1.7297816874612035,1.692208207387578
308.0,19.712,-0.732208207387578,-0.19434489251480427,0.0,-0.0,-0.032964735178631965,0.029631381091723266,-0.34186505280024526,0.0,4.0,5.243527069678859,1.7297816874612035,1.692208207387578
309.0,19.776,-0.732208207387578,-0.19434489251480427,0.0,-0.0,-0.032964735178631965,0.029631381091723266,-0.08586505280024524,0.0,4.0,5.243527069678859,1.7297816874612035,1.692208207387578
310.0,19.84,-0.732208207387578,-0.19434489251480427,0.0,0.0,-0.032964735178631965,0.029631381091723266,0.17013494719975475,0.0,4.0,5.243527069678859,1.7297816874612035,1.692208207387578
311.0,19.904,-0.732208207387578,-0.19434489251480427,0.0,0.0,-0.032964735178631965,0.029631381091723266,0.42613494719975475,0.0,4.0,5.243527069678859,1.7297816874612035,1.692208207387578
312.0,19.968,-0.732208207387578,-0.19434489251480427,0.0,0.0,-0.032964735178631965,0.029631381091723266,0.6821349471997548,0.0,4.0,5.243527069678859,1.7297816874612035,1.692208207387578
313.0,20.032,-0.7320729979638445,-0.19418062161907865,0.0,0.0,-0.022913020000841833,-0.06630477876762979,0.9061349471997546,0.0,-4.0,5.243381366667932,1.72987491529341,1.6920729979638445
314.0,20.096,-0.7320729979638445,-0.19418062161907865,0.0,0.0,-0.022913020000841833,-0.06630477876762979,0.6501349471997546,0.0,-4.0,5.243381366667932,1.72987491529341,1.6920729979638445
315.0,20.16,-0.7320729979638445,-0.19418062161907865,0.0,0.0,-0.022913020000841833,-0.06630477876762979,0.3941349471997546,0.0,-4.0,5.243381366667932,1.72987491529341,1.6920729979638445
316.0,20.224,-0.7320729979638445,-0.19418062161907865,0.0,0.0,-0.022913020000841833,-0.06630477876762979,0.13813494719975458,0.0,-4.0,5.243381366667932,1.72987491529341,1.6920729979638445
317.0,20.288,-0.7320729979638445,-0.19418062161907865,0.0,-0.0,-0.022913020000841833,-0.06630477876762979,-0.11786505280024541,0.0,-4.0,5.243381366667932,1.72987491529341,1.6920729979638445
318.0,20.352,-0.7320101091854078,-0.19420471517494226,0.01567350490391344,-0.006148972433735564,-0.03089270830029983,-0.06325767762477619,-0.37386505280024546,0.016836526303363127,-4.0,5.24332019512131,1.7298106215422528,1.6920101091854076
319.0,20.416,-0.7317133083204325,-0.194364501808464,0.0,-0.0,-0.03364788204437891,0.029647462402637437,-0.4378650528002455,0.0,4.0,5.243034526928362,1.729488311858156,1.6917133083204323
320.0,20.48,-0.7317133083204325,-0.194364501808464,0.0,-0.0,-0.03364788204437891,0.029647462402637437,-0.18186505280024548,0.0,4.0,5.243034526928362,1.729488311858156,1.6917133083204323
321.0,20.544,-0.7317133083204325,-0.194364501808464,0.0,0.0,-0.03364788204437891,0.029647462402637437,0.07413494719975451,0.0,4.0,5.243034526928362,1.729488311858156,1.6917133083204323
322.0,20.608,-0.7317133083204325,-0.194364501808464,0.0,0.0,-0.03364788204437891,0.029647462402637437,0.33013494719975456,0.0,4.0,5.243034526928362,1.729488311858156,1.6917133083204323
323.0,20.672,-0.7317133083204325,-0.194364501808464,0.0,0.0,-0.03364788204437891,0.029647462402637437,0.5861349471997546,0.0,4.0,5.243034526928362,1.729488311858156,1.6917133083204323
324.0,20.736,-0.7317133083204325,-0.194364501808464,0.0,0.0,-0.03364788204437891,0.029647462402637437,0.8421349471997543,0.0,4.0,5.243034526928362,1.729488311858156,1.6917133083204323
325.0,20.8,-0.7315902290654309,-0.1941878993200707,0.0,0.0,-0.0240107686170275,-0.06652932096721462,0.9061349471997543,0.0,-4.0,5.242900116814286,1.7293813610506235,1.6915902290654308
326.0,20.864,-0.7315902290654309,-0.1941878993200707,0.0,0.0,-0.0240107686170275,-0.06652932096721462,0.6501349471997544,0.0,-4.0,5.242900116814286,1.7293813610506235,1.6915902290654308
327.0,20.928,-0.7315902290654309,-0.1941878993200707,0.0,0.0,-0.0240107686170275,-0.06652932096721462,0.3941349471997545,0.0,-4.0,5.242900116814286,1.7293813610506235,1.6915902290654308
328.0,20.992,-0.7315902290654309,-0.1941878993200707,0.0,0.0,-0.0240107686170275,-0.06652932096721462,0.13813494719975447,0.0,-4.0,5.242900116814286,1.7293813610506235,1.6915902290654308
329.0,21.056,-0.7315902290654309,-0.1941878993200707,0.0,-0.0,-0.0240107686170275,-0.06652932096721462,-0.11786505280024552,0.0,-4.0,5.242900116814286,1.7293813610506235,1.6915902290654308
330.0,21.12,-0.7315268227189742,-0.19421219116336033,0.015802496197756352,-0.006199577828948342,-0.032056278324210485,-0.06345717426192027,-0.37386505280024546,0.016975089140776015,-4.0,5.242838442043925,1.7293165381686688,1.6915268227189741
331.0,21.184,-0.7309447504445187,-0.19455612244175025,0.0,-0.0,-0.03554364686646938,0.029668610484761323,-0.5978650528002453,0.0,4.0,5.242280219877145,1.728653224275933,1.6909447504445185
332.0,21.248,-0.7309447504445187,-0.19455612244175025,0.0,-0.0,-0.03554364686646938,0.029668610484761323,-0.34186505280024526,0.0,4.0,5.242280219877145,1.728653224275933,1.6909447504445185
333.0,21.312,-0.7309447504445187,-0.19455612244175025,0.0,-0.0,-0.03554364686646938,0.029668610484761323,-0.08586505280024524,0.0,4.0,5.242280219877145,1.728653224275933,1.6909447504445185
334.0,21.376,-0.7309447504445187,-0.19455612244175025,0.0,0.0,-0.03554364686646938,0.029668610484761323,0.17013494719975475,0.0,4.0,5.242280219877145,1.728653224275933,1.6909447504445185
335.0,21.44,-0.7309447504445187,-0.19455612244175025,0.0,0.0,-0.03554364686646938,0.029668610484761323,0.42613494719975475,0.0,4.0,5.242280219877145,1.728653224275933,1.6909447504445185
336.0,21.504,-0.7309447504445187,-0.19455612244175025,0.0,0.0,-0.03554364686646938,0.029668610484761323,0.6821349471997548,0.0,4.0,5.242280219877145,1.728653224275933,1.6909447504445185
337.0,21.568,-0.730918183426639,-0.19452048938991853,0.0065702765914197325,0.00896111136402916,-0.028825938649292837,-0.07129705991198827,0.9381349471997547,0.011111707851014202,4.0,5.24225136838295,1.7286943015124847,1.690918183426639
338.0,21.632,-0.730918183426639,-0.19452048938991853,0.0,0.0,-0.02554080035358297,-0.06681650422997369,0.6821349471997548,0.0,-4.0,5.24225136838295,1.7286943015124847,1.690918183426639
339.0,21.696,-0.730918183426639,-0.19452048938991853,0.0,0.0,-0.02554080035358297,-0.06681650422997369,0.42613494719975487,0.0,-4.0,5.24225136838295,1.7286943015124847,1.690918183426639
340.0,21.76,-0.730918183426639,-0.19452048938991853,0.0,0.0,-0.02554080035358297,-0.06681650422997369,0.17013494719975483,0.0,-4.0,5.24225136838295,1.7286943015124847,1.690918183426639
341.0,21.824,-0.730918183426639,-0.19452048938991853,0.0,-0.0,-0.02554080035358297,-0.06681650422997369,-0.08586505280024517,0.0,-4.0,5.24225136838295,1.7286943015124847,1.690918183426639
342.0,21.888,-0.730918183426639,-0.19452048938991853,0.0,-0.0,-0.02554080035358297,-0.06681650422997369,-0.34186505280024515,0.0,-4.0,5.24225136838295,1.7286943015124847,1.690918183426639
343.0,21.952,-0.7306108068838427,-0.194673493375528,0.0,-0.0,-0.03654515943679931,0.02967695179544764,-0.4058650528002452,0.0,4.0,5.241954714619895,1.7282100564761367,1.6906108068838428
344.0,22.016000000000002,-0.7306108068838427,-0.194673493375528,0.0,-0.0,-0.03654515943679931,0.02967695179544764,-0.14986505280024517,0.0,4.0,5.241954714619895,1.7282100564761367,1.6906108068838428
345.0,22.080000000000002,-0.7306108068838427,-0.194673493375528,0.0,0.0,-0.03654515943679931,0.02967695179544764,0.10613494719975479,0.0,4.0,5.241954714619895,1.7282100564761367,1.6906108068838428
346.0,22.144000000000002,-0.7306108068838427,-0.194673493375528,0.0,0.0,-0.03654515943679931,0.02967695179544764,0.3621349471997548,0.0,4.0,5.241954714619895,1.7282100564761367,1.6906108068838428
347.0,22.208000000000002,-0.7306108068838427,-0.194673493375528,0.0,0.0,-0.03654515943679931,0.02967695179544764,0.6181349471997548,0.0,4.0,5.241954714619895,1.7282100564761367,1.6906108068838428
348.0,22.272000000000002,-0.7306108068838427,-0.194673493375528,0.0,0.0,-0.03654515943679931,0.02967695179544764,0.8741349471997547,0.0,4.0,5.241954714619895,1.7282100564761367,1.6906108068838428
349.0,22.336000000000002,-0.7304876011440932,-0.1944840647349807,0.0,0.0,-0.02652225820833054,-0.06702071166223837,0.9381349471997545,0.0,-4.0,5.241819323152833,1.7282540997656086,1.6904876011440932
350.0,22.400000000000002,-0.7304876011440932,-0.1944840647349807,0.0,0.0,-0.02652225820833054,-0.06702071166223837,0.6821349471997546,0.0,-4.0,5.241819323152833,1.7282540997656086,1.6904876011440932
351.0,22.464000000000002,-0.7304876011440932,-0.1944840647349807,0.0,0.0,-0.02652225820833054,-0.06702071166223837,0.42613494719975475,0.0,-4.0,5.241819323152833,1.7282540997656086,1.6904876011440932
352.0,22.528,-0.7304876011440932,-0.1944840647349807,0.0,0.0,-0.02652225820833054,-0.06702071166223837,0.17013494719975472,0.0,-4.0,5.241819323152833,1.7282540997656086,1.6904876011440932
353.0,22.592,-0.7304876011440932,-0.1944840647349807,0.0,-0.0,-0.02652225820833054,-0.06702071166223837,-0.08586505280024528,0.0,-4.0,5.241819323152833,1.7282540997656086,1.6904876011440932
354.0,22.656,-0.7304876011440932,-0.1944840647349807,0.0,-0.0,-0.02652225820833054,-0.06702071166223837,-0.3418650528002454,0.0,-4.0,5.241819323152833,1.7282540997656086,1.6904876011440932
355.0,22.72,-0.7301200682294692,-0.19467693233679206,0.014374559350377519,-0.009789178127645942,-0.03454800060273672,-0.062282664220345216,-0.5978650528002454,0.017391261165663273,-4.0,5.24146526419681,1.727878355947039,1.690120068229469
356.0,22.784,-0.7298454207507394,-0.19488050946270852,0.0,-0.0,-0.038522216487021865,0.02969756887238509,-0.8538650528002453,0.0,-4.0,5.2412046030235,1.727340303290446,1.6898454207507394
357.0,22.848,-0.7298454207507394,-0.19488050946270852,0.0,-0.0,-0.038522216487021865,0.02969756887238509,-1.1098650528002454,0.0,-4.0,5.2412046030235,1.727340303290446,1.6898454207507394
358.0,22.912,-0.7298454207507394,-0.19488050946270852,0.0,-0.0,-0.038522216487021865,0.02969756887238509,-1.3658650528002456,0.0,-4.0,5.2412046030235,1.727340303290446,1.6898454207507394
359.0,22.976,-0.7298454207507394,-0.19488050946270852,-0.0,-0.0,-0.038522216487021865,0.02969756887238509,-1.6218650528002458,0.0,-4.0,5.2412046030235,1.727340303290446,1.6898454207507394
360.0,23.04,-0.7298454207507394,-0.19488050946270852,-0.0,-0.0,-0.038522216487021865,0.02969756887238509,-1.877865052800246,0.0,-4.0,5.2412046030235,1.727340303290446,1.6898454207507394
361.0,23.104,-0.7298454207507394,-0.19488050946270852,-0.0,-0.0,-0.038522216487021865,0.02969756887238509,-2.133865052800246,0.0,-4.0,5.2412046030235,1.727340303290446,1.6898454207507394
362.0,23.168,-0.7300406269593552,-0.19508139351010734,-0.008524481708395214,-0.007968929319392304,-0.03507271739528478,0.03367026100169894,-2.3898650528002463,0.011669216892929657,-4.0,5.241412608046831,1.7269648130674753,1.6900406269593553
363.0,23.232,-0.7306942882870667,-0.1955453485838379,-0.01521718106517572,-0.008228962936285545,-0.03336580528631844,0.033765771874337484,-2.6458650528002465,0.01729966562038422,-4.0,5.2420954136153295,1.726198939514693,1.6906942882870668
364.0,23.296,-0.7319148727605777,-0.1960010499768996,-0.025295940183114273,-0.006212090088700078,-0.029253459778079027,0.03270340060833132,-2.9007815372874415,0.02604754600759582,-3.7291211217986913,5.243343395429909,1.725735756998859,1.6919148727605777
365.0,23.36,-0.7336721221257719,-0.1962154495294113,-0.030838497023207696,-0.0005501188090360319,-0.025516799742492047,0.029807441752305826,-3.1237558417975455,0.03084340333611784,-3.061452514670084,5.24511096349823,1.7261088444499293,1.693672122125772
366.0,23.424,-0.7356513161162366,-0.19606213903437128,-0.03134803451957523,0.005206545882225358,-0.02212444256051055,0.026868183295985296,2.977006636118378,0.03177746667473979,-2.5231919594679826,5.247075729206005,1.7274585370922841,1.6956513161162365
367.0,23.488,-0.7375871352235237,-0.1955846048397275,-0.02884166057898341,0.009430266133369732,-0.018623445316341136,0.024706622397188717,2.8255828600126036,0.030344213687282552,-2.1604516546608385,5.248975873269107,1.7295498709203194,1.6975871352235237
368.0,23.552,-0.7393335939058513,-0.1948825645953923,-0.02509373672589176,0.012072952556736594,-0.014831692745392533,0.0233475050045606,2.6931675295646746,0.027846935312626084,-1.9818789501557261,5.250672384713438,1.732075157093516,1.6993335939058514
369.0,23.616,-0.740835219018715,-0.19404296053815812,-0.021100061326525515,0.013626429361802802,-0.01077515622512737,0.02254307542580543,2.5681753236721048,0.02511756686335958,-1.9641372022760277,5.252115702419625,1.734802023915574,1.7008352190187148
370.0,23.68,-0.74208525975109,-0.1931216985019541,-0.017303359175931746,0.014588944687558563,-0.00653154452112642,0.022042051550092097,2.4411017582226786,0.02263279801235244,-2.0684063223650075,5.253302805900543,1.7375955109841579,1.7020852597510898
371.0,23.744,-0.743098313018198,-0.1921467405057991,-0.013854421686018912,0.015344676519012997,-0.0021520557463665657,0.021650564555449253,2.305201035557544,0.020673753837346036,-2.247910786168698,5.254250118904982,1.7403971075398113,1.7030983130181978
372.0,23.808,-0.7436202317134939,-0.19151428087227032,-0.0,0.0,0.0030083853142950367,-0.06120467646414397,2.3099896425882367,0.0,4.0,5.254729787389146,1.7416801211140722,1.7036202317134939
373.0,23.872,-0.7436202317134939,-0.19151428087227032,-0.0,0.0,0.0030083853142950367,-0.06120467646414397,2.565989642588237,0.0,4.0,5.254729787389146,1.7416801211140722,1.7036202317134939
374.0,23.936,-0.7436202317134939,-0.19151428087227032,-0.0,0.0,0.0030083853142950367,-0.06120467646414397,2.821989642588237,0.0,4.0,5.254729787389146,1.7416801211140722,1.7036202317134939
375.0,24.0,-0.7436202317134939,-0.19151428087227032,-0.0,0.0,0.0030083853142950367,-0.06120467646414397,3.0779896425882374,0.0,4.0,5.254729787389146,1.7416801211140722,1.7036202317134939
376.0,24.064,-0.7439116369916006,-0.19155427600796388,-0.0,-0.0,0.003654295602508295,-0.06106913959159592,-2.949195664591349,0.0,4.0,5.255023175975083,1.7419780365594386,1.7039116369916005
377.0,24.128,-0.7442258037095519,-0.19162488438309977,-0.007106933165030868,-0.0006872169047138046,-0.0016024892769826438,0.02963971808481912,-3.045195664591349,0.007140081658240337,-4.0,5.255341267883835,1.742189051852719,1.704225803709552
378.0,24.192,-0.7445348199960118,-0.191602891745242,-0.00682808772910416,0.0010991320228707498,-0.0012772399076299012,0.028737195803845757,2.9819896425882373,0.006915986787150677,-4.0,5.2556482011070065,1.7423951904160826,1.7045348199960118
379.0,24.256,-0.7450784315842061,-0.19143581018769473,-0.01044248227730945,0.00460836120531336,0.001991377478771039,0.02696817502220418,2.725989642588237,0.011414132867220319,-4.0,5.2561798072315185,1.743060136685285,1.705078431584206
380.0,24.32,-0.7452738279873122,-0.1913400690135012,-0.0,0.0,0.0066683214940562174,-0.06046878858161199,2.821989642588237,0.0,4.0,5.256368572815535,1.7433706597123142,1.705273827987312
381.0,24.384,-0.7452738279873122,-0.1913400690135012,-0.0,0.0,0.0066683214940562174,-0.06046878858161199,3.0779896425882374,0.0,4.0,5.256368572815535,1.7433706597123142,1.705273827987312
382.0,24.448,-0.7453312398434122,-0.1913507772307363,-0.014331088526560934,-0.002791791130911926,0.004651385006041064,0.030661652090145992,-2.949195664591349,0.014600486158849813,4.0,5.256426558869937,1.7433866341217705,1.7053312398434122
383.0,24.512,-0.7455001382122879,-0.19134815182151882,-0.006974019584841041,0.000444167742926808,0.0011791279615704364,0.029038440372035613,3.0779896425882374,0.006988149551462325,-4.0,5.2565949302506745,1.7434771810484107,1.7055001382122879
384.0,24.576,-0.7459376712305021,-0.19126292485753832,-0.007654586703517924,0.002533276875322439,0.0024464925745841803,0.027981532421858638,2.821989642588237,0.008062889638877418,-4.0,5.257026006623671,1.743896405761584,1.705937671230502
385.0,24.64,-0.7462646310762538,-0.19112286772308257,-0.0,0.0,0.008855109893195434,-0.060038196597454754,2.757989642588237,0.0,4.0,5.257343187406095,1.744383597931657,1.706264631076254
386.0,24.704,-0.7462646310762538,-0.19112286772308257,-0.0,0.0,0.008855109893195434,-0.060038196597454754,3.0139896425882373,0.0,4.0,5.257343187406095,1.744383597931657,1.706264631076254
387.0,24.768,-0.7462646310762538,-0.19112286772308257,-0.0,-0.0,0.008855109893195434,-0.060038196597454754,-3.013195664591349,0.0,4.0,5.257343187406095,1.744383597931657,1.706264631076254
388.0,24.832,-0.7465469914013932,-0.19119448421009239,-0.0,-0.0,-0.0003424657501470696,0.029230246919098413,-2.949195664591349,0.0,-4.0,5.257629599832837,1.7443619139246411,1.7065469914013933
389.0,24.896,-0.7465750109944277,-0.19119292462877144,-0.007001554973682346,0.0004459214419756089,0.0031980918695826976,0.029006439654095415,3.0779896425882374,0.007015740729382009,-4.0,5.257657459154972,1.7443795820382224,1.7065750109944275
390.0,24.96,-0.7468717049218574,-0.19112310976877067,-0.006475910149206492,0.0021431951930351895,0.003622950089321897,0.028149625921590038,2.821989642588237,0.006821341356071018,-4.0,5.257948997843923,1.7446921677769787,1.7068717049218574
391.0,25.024,-0.7473591472318217,-0.19088290279408515,-0.009111712087273995,0.00591260895062251,0.006696329398803436,0.02625324818104616,2.565989642588237,0.010861963071395357,-4.0,5.258419836172726,1.7455012385781687,1.7073591472318217
392.0,25.088,-0.7475290956719981,-0.19076269966428513,-0.0,0.0,0.011639194712944556,-0.05949673616522097,2.661989642588237,0.0,4.0,5.25858163646878,1.7456763114186558,1.707529095671998
393.0,25.152,-0.7475290956719981,-0.19076269966428513,-0.0,0.0,0.011639194712944556,-0.05949673616522097,2.9179896425882372,0.0,4.0,5.25858163646878,1.7456763114186558,1.707529095671998
394.0,25.216,-0.7475290956719981,-0.19076269966428513,-0.0,-0.0,0.011639194712944556,-0.05949673616522097,-3.109195664591349,0.0,4.0,5.25858163646878,1.7456763114186558,1.707529095671998
395.0,25.28,-0.7475850222664903,-0.1907788056392915,-0.013948989606254118,-0.004138216900367607,0.01873665499548327,-0.05740115312269928,-2.853195664591349,0.014549884884419998,4.0,5.258638489218339,1.7457334874465378,1.7075850222664903
396.0,25.344,-0.7478520780276221,-0.19089436779838279,-0.0,-0.0,0.0026444024572242486,0.029194180471064004,-2.789195664591349,0.0,-4.0,5.258912473397469,1.745720463491094,1.707852078027622
397.0,25.408,-0.7478520780276221,-0.19089436779838279,-0.0,-0.0,0.0026444024572242486,0.029194180471064004,-3.045195664591349,0.0,-4.0,5.258912473397469,1.745720463491094,1.707852078027622
398.0,25.472,-0.7478798964083181,-0.1908901178384971,-0.006945872799021896,0.0011180921398608753,0.006170201508924555,0.028634336026837733,2.9819896425882373,0.007035288122984796,-4.0,5.258939957782987,1.745744365840394,1.707879896408318
399.0,25.536,-0.7481697809759545,-0.19079174204025764,-0.006283569392126635,0.002772995600911063,0.006659406330256856,0.02779930968769957,2.725989642588237,0.0068682420537094354,-4.0,5.259222857171204,1.7461207997717585,1.7081697809759544
400.0,25.6,-0.7485913586171241,-0.19053670311059218,-0.0,0.0,0.013972285185788302,-0.05903696547728007,2.501989642588237,0.0,4.0,5.259627030114947,1.7467623059498791,1.7085913586171242
401.0,25.664,-0.7485913586171241,-0.19053670311059218,-0.0,0.0,0.013972285185788302,-0.05903696547728007,2.757989642588237,0.0,4.0,5.259627030114947,1.7467623059498791,1.7085913586171242
402.0,25.728,-0.7485913586171241,-0.19053670311059218,-0.0,0.0,0.013972285185788302,-0.05903696547728007,3.0139896425882373,0.0,4.0,5.259627030114947,1.7467623059498791,1.7085913586171242
403.0,25.792,-0.7485913586171241,-0.19053670311059218,-0.0,-0.0,0.013972285185788302,-0.05903696547728007,-3.013195664591349,0.0,4.0,5.259627030114947,1.7467623059498791,1.7085913586171242
404.0,25.856,-0.7488670024330972,-0.19063062454210505,-0.0,-0.0,0.005112419693717285,0.029166547511427183,-2.789195664591349,0.0,-4.0,5.2599081771079375,1.746848431688442,1.7088670024330972
405.0,25.92,-0.7488670024330972,-0.19063062454210505,-0.0,-0.0,0.005112419693717285,0.029166547511427183,-3.045195664591349,0.0,-4.0,5.2599081771079375,1.746848431688442,1.7088670024330972
406.0,25.984,-0.7488670024330972,-0.19063062454210505,-0.0,0.0,0.005112419693717285,0.029166547511427183,2.9819896425882373,0.0,-4.0,5.2599081771079375,1.746848431688442,1.7088670024330972
407.0,26.048000000000002,-0.7491615069696957,-0.19053060141988562,-0.006420658732776195,0.002833494358039353,0.009154639779623996,0.027742079509842834,2.725989642588237,0.0070180872636221945,-4.0,5.260195587310015,1.7472310522909673,1.7091615069696957
408.0,26.112000000000002,-0.7494074513844379,-0.19039767204411223,-0.0,0.0,0.015761121647439313,-0.0586817363047299,2.661989642588237,0.0,4.0,5.260432412433746,1.7475966307150796,1.709407451384438
409.0,26.176000000000002,-0.7494074513844379,-0.19039767204411223,-0.0,0.0,0.015761121647439313,-0.0586817363047299,2.9179896425882372,0.0,4.0,5.260432412433746,1.7475966307150796,1.709407451384438
410.0,26.240000000000002,-0.7494074513844379,-0.19039767204411223,-0.0,-0.0,0.015761121647439313,-0.0586817363047299,-3.109195664591349,0.0,4.0,5.260432412433746,1.7475966307150796,1.709407451384438
411.0,26.304000000000002,-0.7494635043380271,-0.19041381440854083,-0.013980505591595721,-0.004147566680305351,0.022874125846236326,-0.056581523113108156,-2.853195664591349,0.014582758516968537,4.0,5.260489392482134,1.747653935924996,1.709463504338027
412.0,26.368000000000002,-0.7497312017766143,-0.1905296542386019,-0.0,-0.0,0.006595255518643761,0.02914142367020306,-2.789195664591349,0.0,-4.0,5.260764025911332,1.7475178476894737,1.7097312017766142
413.0,26.432000000000002,-0.7497312017766143,-0.1905296542386019,-0.0,-0.0,0.006595255518643761,0.02914142367020306,-3.045195664591349,0.0,-4.0,5.260764025911332,1.7475178476894737,1.7097312017766142
414.0,26.496000000000002,-0.7497312017766143,-0.1905296542386019,-0.0,0.0,0.006595255518643761,0.02914142367020306,2.9819896425882373,0.0,-4.0,5.260764025911332,1.7475178476894737,1.7097312017766142
415.0,26.560000000000002,-0.7498954492308173,-0.19047867565395402,-0.006577141621090382,0.002902551661911387,0.010323339575464496,0.02768578968046149,2.725989642588237,0.007189130549235003,-4.0,5.260924629419197,1.7477199238954697,1.7098954492308174
416.0,26.624000000000002,-0.7502875208636859,-0.19024075722784123,-0.007032749469096972,0.005590098097965025,0.012176135687211487,0.026333022319413157,2.469989642588237,0.00898380553217599,-4.0,5.26130048796074,1.7484759677546649,1.7102875208636859
417.0,26.688,-0.7504120911847243,-0.19013333777201208,-0.0,0.0,0.017958982141480895,-0.058252796799387316,2.565989642588237,0.0,4.0,5.26141785213099,1.7486237147661292,1.7104120911847243
418.0,26.752,-0.7504120911847243,-0.19013333777201208,-0.0,0.0,0.017958982141480895,-0.058252796799387316,2.821989642588237,0.0,4.0,5.26141785213099,1.7486237147661292,1.7104120911847243
419.0,26.816,-0.7504120911847243,-0.19013333777201208,-0.0,0.0,0.017958982141480895,-0.058252796799387316,3.0779896425882374,0.0,4.0,5.26141785213099,1.7486237147661292,1.7104120911847243
420.0,26.88,-0.7504120911847243,-0.19013333777201208,-0.0,-0.0,0.017958982141480895,-0.058252796799387316,-2.949195664591349,0.0,4.0,5.26141785213099,1.7486237147661292,1.7104120911847243
421.0,26.944,-0.7506824519669573,-0.1902452291996508,-0.0,-0.0,0.009084504621544975,0.02911601096150228,-2.725195664591349,0.0,-4.0,5.261694881631475,1.7486627072532674,1.7106824519669572
422.0,27.008,-0.7506824519669573,-0.1902452291996508,-0.0,-0.0,0.009084504621544975,0.02911601096150228,-2.981195664591349,0.0,-4.0,5.261694881631475,1.7486627072532674,1.7106824519669572
423.0,27.072,-0.7506824519669573,-0.1902452291996508,-0.0,0.0,0.009084504621544975,0.02911601096150228,3.0459896425882373,0.0,-4.0,5.261694881631475,1.7486627072532674,1.7106824519669572
424.0,27.136,-0.7507100207639336,-0.1902353651964658,-0.006872250898947249,0.002521058890466511,0.01260071845650168,0.02785476333050628,2.789989642588237,0.007320079941317684,-4.0,5.261721754889853,1.7486997037402867,1.7107100207639334
425.0,27.2,-0.7509878064259076,-0.1900765586758674,-0.005934686238956157,0.004126725229818926,0.022183707631862504,-0.06006322663269796,2.533989642588237,0.007228441178931987,-4.0,5.26198869335486,1.7492122918282735,1.7109878064259076
426.0,27.264,-0.7509878064259076,-0.1900765586758674,-0.0,0.0,0.0192163645123844,-0.0579998640177885,2.789989642588237,0.0,4.0,5.26198869335486,1.7492122918282735,1.7109878064259076
427.0,27.328,-0.7509878064259076,-0.1900765586758674,-0.0,0.0,0.0192163645123844,-0.0579998640177885,3.0459896425882373,0.0,4.0,5.26198869335486,1.7492122918282735,1.7109878064259076
428.0,27.392,-0.7509878064259076,-0.1900765586758674,-0.0,-0.0,0.0192163645123844,-0.0579998640177885,-2.981195664591349,0.0,4.0,5.26198869335486,1.7492122918282735,1.7109878064259076
429.0,27.456,-0.7512622467863349,-0.1901799832144486,-0.0,-0.0,0.010063501509672279,0.029099210522346253,-2.757195664591349,0.0,-4.0,5.262269244869864,1.749105945529976,1.711262246786335
430.0,27.52,-0.7512622467863349,-0.1901799832144486,-0.0,-0.0,0.010063501509672279,0.029099210522346253,-3.013195664591349,0.0,-4.0,5.262269244869864,1.749105945529976,1.711262246786335
431.0,27.584,-0.7512622467863349,-0.1901799832144486,-0.0,0.0,0.010063501509672279,0.029099210522346253,3.0139896425882373,0.0,-4.0,5.262269244869864,1.749105945529976,1.711262246786335
432.0,27.648,-0.7512897447726338,-0.19016914012093714,-0.006852590636296661,0.002765682019556462,0.013574579232575379,0.0277156659004858,2.757989642588237,0.007389654623996888,-4.0,5.262295984401186,1.749145211969536,1.7112897447726336
433.0,27.712,-0.7515650256953522,-0.18999984915409687,-0.0058628080333944345,0.004361500877949583,0.014228556678300586,0.02691139850182265,2.501989642588237,0.007307202470493704,-4.0,5.262559749450017,1.7496813279336059,1.7115650256953523
434.0,27.776,-0.7516786798683092,-0.18990801601492535,-0.0,0.0,0.020723225703436154,-0.057704802171657174,2.597989642588237,0.0,4.0,5.262667234011149,1.7499185997943552,1.7116786798683092
435.0,27.84,-0.7516786798683092,-0.18990801601492535,-0.0,0.0,0.020723225703436154,-0.057704802171657174,2.853989642588237,0.0,4.0,5.262667234011149,1.7499185997943552,1.7116786798683092
436.0,27.904,-0.7516786798683092,-0.18990801601492535,-0.0,0.0,0.020723225703436154,-0.057704802171657174,3.1099896425882374,0.0,4.0,5.262667234011149,1.7499185997943552,1.7116786798683092
437.0,27.968,-0.7516786798683092,-0.18990801601492535,-0.0,-0.0,0.020723225703436154,-0.057704802171657174,-2.917195664591349,0.0,4.0,5.262667234011149,1.7499185997943552,1.7116786798683092
438.0,28.032,-0.7519468743177771,-0.1900292015070516,-0.0,-0.0,0.011583080034503423,0.029080280683138036,-2.693195664591349,0.0,-4.0,5.262942696679662,1.7498029501008765,1.711946874317777
439.0,28.096,-0.7519468743177771,-0.1900292015070516,-0.0,-0.0,0.011583080034503423,0.029080280683138036,-2.949195664591349,0.0,-4.0,5.262942696679662,1.7498029501008765,1.711946874317777
440.0,28.16,-0.7519468743177771,-0.1900292015070516,-0.0,0.0,0.011583080034503423,0.029080280683138036,3.0779896425882374,0.0,-4.0,5.262942696679662,1.7498029501008765,1.711946874317777
441.0,28.224,-0.7519468743177771,-0.1900292015070516,-0.0,0.0,0.011583080034503423,0.029080280683138036,2.821989642588237,0.0,-4.0,5.262942696679662,1.7498029501008765,1.711946874317777
442.0,28.288,-0.7521083179817747,-0.18994901277363713,-0.006336965070437668,0.00411206983236248,0.015330188597653227,0.027020289215320986,2.565989642588237,0.007554220317820541,-4.0,5.263098622969089,1.7500724038097957,1.7121083179817747
443.0,28.352,-0.7523444768512714,-0.18976739071030527,-0.0,0.0,0.022173299984146744,-0.0574191509541503,2.501989642588237,0.0,4.0,5.263322561206006,1.750599271077976,1.7123444768512712
444.0,28.416,-0.7523444768512714,-0.18976739071030527,-0.0,0.0,0.022173299984146744,-0.0574191509541503,2.757989642588237,0.0,4.0,5.263322561206006,1.750599271077976,1.7123444768512712
445.0,28.48,-0.7523444768512714,-0.18976739071030527,-0.0,0.0,0.022173299984146744,-0.0574191509541503,3.0139896425882373,0.0,4.0,5.263322561206006,1.750599271077976,1.7123444768512712
446.0,28.544,-0.7523444768512714,-0.18976739071030527,-0.0,-0.0,0.022173299984146744,-0.0574191509541503,-3.013195664591349,0.0,4.0,5.263322561206006,1.750599271077976,1.7123444768512712
447.0,28.608,-0.7523444768512714,-0.18976739071030527,-0.0,-0.0,0.022173299984146744,-0.0574191509541503,-2.757195664591349,0.0,4.0,5.263322561206006,1.750599271077976,1.7123444768512712
448.0,28.672,-0.7526137150618182,-0.18988904783299757,-0.0,-0.0,0.01302792476619169,0.029061778930860756,-2.853195664591349,0.0,-4.0,5.26359909230294,1.7504660454213534,1.7126137150618181
449.0,28.736,-0.7526137150618182,-0.18988904783299757,-0.0,-0.0,0.01302792476619169,0.029061778930860756,-3.109195664591349,0.0,-4.0,5.26359909230294,1.7504660454213534,1.7126137150618181
450.0,28.8,-0.7526137150618182,-0.18988904783299757,-0.0,0.0,0.01302792476619169,0.029061778930860756,2.9179896425882372,0.0,-4.0,5.26359909230294,1.7504660454213534,1.7126137150618181
451.0,28.864,-0.7526409519620161,-0.18987515744486066,-0.006781226675477747,0.0035269591310589277,0.016517830429380598,0.027297634481053986,2.661989642588237,0.00764359051338904,-4.0,5.2636253754305695,1.75051235656472,1.712640951962016
452.0,28.928,-0.7529079244607112,-0.1896732962875852,-0.005625362595180186,0.005091284043539171,0.017236711997419718,0.02650962745549596,2.4059896425882368,0.007587218036886044,-4.0,5.263878761053773,1.7511210123119183,1.712907924460711
453.0,28.992,-0.7530162945459551,-0.18956702867850825,-0.0,0.0,0.02363440870148148,-0.0571360356122514,2.501989642588237,0.0,4.0,5.263980049138757,1.7512860975795996,1.713016294545955
454.0,29.056,-0.7530162945459551,-0.18956702867850825,-0.0,0.0,0.02363440870148148,-0.0571360356122514,2.757989642588237,0.0,4.0,5.263980049138757,1.7512860975795996,1.713016294545955
455.0,29.12,-0.7530162945459551,-0.18956702867850825,-0.0,0.0,0.02363440870148148,-0.0571360356122514,3.0139896425882373,0.0,4.0,5.263980049138757,1.7512860975795996,1.713016294545955
456.0,29.184,-0.7530162945459551,-0.18956702867850825,-0.0,-0.0,0.02363440870148148,-0.0571360356122514,-3.013195664591349,0.0,4.0,5.263980049138757,1.7512860975795996,1.713016294545955
457.0,29.248,-0.7530162945459551,-0.18956702867850825,-0.0,-0.0,0.02363440870148148,-0.0571360356122514,-2.757195664591349,0.0,4.0,5.263980049138757,1.7512860975795996,1.713016294545955
458.0,29.312,-0.7532761244010713,-0.18971046139160896,-0.0,-0.0,0.014655285344306546,0.029043835724969352,-2.693195664591349,0.0,-4.0,5.2642485918487205,1.7512174206041013,1.7132761244010712
459.0,29.376,-0.7532761244010713,-0.18971046139160896,-0.0,-0.0,0.014655285344306546,0.029043835724969352,-2.949195664591349,0.0,-4.0,5.2642485918487205,1.7512174206041013,1.7132761244010712
460.0,29.44,-0.7532761244010713,-0.18971046139160896,-0.0,0.0,0.014655285344306546,0.029043835724969352,3.0779896425882374,0.0,-4.0,5.2642485918487205,1.7512174206041013,1.7132761244010712
461.0,29.504,-0.7532761244010713,-0.18971046139160896,-0.0,0.0,0.014655285344306546,0.029043835724969352,2.821989642588237,0.0,-4.0,5.2642485918487205,1.7512174206041013,1.7132761244010712
462.0,29.568,-0.7534116676898556,-0.1896329259111752,-0.0,0.0,0.015189974369079484,0.029040589970605175,2.565989642588237,0.0,-4.0,5.264378849834317,1.7514676897686479,1.7134116676898556
463.0,29.632,-0.7536604584315191,-0.18944161177450147,-0.0,0.0,0.025033417012307713,-0.05685965426912832,2.501989642588237,0.0,4.0,5.264614783656156,1.7519446524695577,1.713660458431519
464.0,29.696,-0.7536604584315191,-0.18944161177450147,-0.0,0.0,0.025033417012307713,-0.05685965426912832,2.757989642588237,0.0,4.0,5.264614783656156,1.7519446524695577,1.713660458431519
465.0,29.76,-0.7536604584315191,-0.18944161177450147,-0.0,0.0,0.025033417012307713,-0.05685965426912832,3.0139896425882373,0.0,4.0,5.264614783656156,1.7519446524695577,1.713660458431519
466.0,29.824,-0.7536604584315191,-0.18944161177450147,-0.0,-0.0,0.025033417012307713,-0.05685965426912832,-3.013195664591349,0.0,4.0,5.264614783656156,1.7519446524695577,1.713660458431519
467.0,29.888,-0.7536604584315191,-0.18944161177450147,-0.0,-0.0,0.025033417012307713,-0.05685965426912832,-2.757195664591349,0.0,4.0,5.264614783656156,1.7519446524695577,1.713660458431519
468.0,29.952,-0.753921528383133,-0.1895857290525268,-0.0,-0.0,0.015995866014987536,0.029025832586776778,-2.693195664591349,0.0,-4.0,5.264884604033016,1.751833497191798,1.7139215283831328
469.0,30.016000000000002,-0.753921528383133,-0.1895857290525268,-0.0,-0.0,0.015995866014987536,0.029025832586776778,-2.949195664591349,0.0,-4.0,5.264884604033016,1.751833497191798,1.7139215283831328
470.0,30.080000000000002,-0.753921528383133,-0.1895857290525268,-0.0,0.0,0.015995866014987536,0.029025832586776778,3.0779896425882374,0.0,-4.0,5.264884604033016,1.751833497191798,1.7139215283831328
471.0,30.144000000000002,-0.753921528383133,-0.1895857290525268,-0.0,0.0,0.015995866014987536,0.029025832586776778,2.821989642588237,0.0,-4.0,5.264884604033016,1.751833497191798,1.7139215283831328
472.0,30.208000000000002,-0.7539483553400055,-0.1895686244004219,-0.006672315664313085,0.004329679531171298,0.019446393034408038,0.026860366985123278,2.565989642588237,0.007953987752497579,-4.0,5.264910271909403,1.7518871718550602,1.7139483553400054
473.0,30.272000000000002,-0.7541834387556172,-0.18935593633738332,-0.0,0.0,0.026167829269728715,-0.056634274567104945,2.3419896425882367,0.0,4.0,5.265131153126314,1.752479316485199,1.7141834387556172
474.0,30.336000000000002,-0.7541834387556172,-0.18935593633738332,-0.0,0.0,0.026167829269728715,-0.056634274567104945,2.597989642588237,0.0,4.0,5.265131153126314,1.752479316485199,1.7141834387556172
475.0,30.400000000000002,-0.7541834387556172,-0.18935593633738332,-0.0,0.0,0.026167829269728715,-0.056634274567104945,2.853989642588237,0.0,4.0,5.265131153126314,1.752479316485199,1.7141834387556172
476.0,30.464000000000002,-0.7541834387556172,-0.18935593633738332,-0.0,0.0,0.026167829269728715,-0.056634274567104945,3.1099896425882374,0.0,4.0,5.265131153126314,1.752479316485199,1.7141834387556172
477.0,30.528000000000002,-0.7541834387556172,-0.18935593633738332,-0.0,-0.0,0.026167829269728715,-0.056634274567104945,-2.917195664591349,0.0,4.0,5.265131153126314,1.752479316485199,1.7141834387556172
478.0,30.592000000000002,-0.7542367713675148,-0.18938318850535615,-0.013278222561187,-0.006919488063062327,0.023985701391396552,0.03247819218515328,-2.661195664591349,0.014972992668110056,4.0,5.265186131394652,1.7524678639354887,1.7142367713675148
479.0,30.656000000000002,-0.7542367713675148,-0.18938318850535615,-0.0,-0.0,0.01734659011080303,0.029018448153622117,-2.917195664591349,0.0,-4.0,5.265186131394652,1.7524678639354887,1.7142367713675148
480.0,30.72,-0.7542367713675148,-0.18938318850535615,-0.0,0.0,0.01734659011080303,0.029018448153622117,3.1099896425882374,0.0,-4.0,5.265186131394652,1.7524678639354887,1.7142367713675148
481.0,30.784,-0.7542367713675148,-0.18938318850535615,-0.0,0.0,0.01734659011080303,0.029018448153622117,2.853989642588237,0.0,-4.0,5.265186131394652,1.7524678639354887,1.7142367713675148
482.0,30.848,-0.7542367713675148,-0.18938318850535615,-0.0,0.0,0.01734659011080303,0.029018448153622117,2.597989642588237,0.0,-4.0,5.265186131394652,1.7524678639354887,1.7142367713675148
483.0,30.912,-0.7543721895073315,-0.18929376781206364,-0.0,0.0,0.026576944841035954,-0.056555497466831556,2.693989642588237,0.0,4.0,5.265315504957341,1.7526722840409878,1.7143721895073316
484.0,30.976,-0.7543721895073315,-0.18929376781206364,-0.0,0.0,0.026576944841035954,-0.056555497466831556,2.9499896425882373,0.0,4.0,5.265315504957341,1.7526722840409878,1.7143721895073316
485.0,31.04,-0.7543721895073315,-0.18929376781206364,-0.0,-0.0,0.026576944841035954,-0.056555497466831556,-3.077195664591349,0.0,4.0,5.265315504957341,1.7526722840409878,1.7143721895073316
486.0,31.104,-0.7543721895073315,-0.18929376781206364,-0.0,-0.0,0.026576944841035954,-0.056555497466831556,-2.821195664591349,0.0,4.0,5.265315504957341,1.7526722840409878,1.7143721895073316
487.0,31.168,-0.7546324296926771,-0.1894429086212053,-0.0,-0.0,0.017497206181039893,0.02900608233260828,-2.5971956645913488,0.0,-4.0,5.265584816465422,1.75252488015537,1.714632429692677
488.0,31.232,-0.7546324296926771,-0.1894429086212053,-0.0,-0.0,0.017497206181039893,0.02900608233260828,-2.853195664591349,0.0,-4.0,5.265584816465422,1.75252488015537,1.714632429692677
489.0,31.296,-0.7546324296926771,-0.1894429086212053,-0.0,-0.0,0.017497206181039893,0.02900608233260828,-3.109195664591349,0.0,-4.0,5.265584816465422,1.75252488015537,1.714632429692677
490.0,31.36,-0.7546324296926771,-0.1894429086212053,-0.0,0.0,0.017497206181039893,0.02900608233260828,2.9179896425882372,0.0,-4.0,5.265584816465422,1.75252488015537,1.714632429692677
491.0,31.424,-0.7546324296926771,-0.1894429086212053,-0.0,0.0,0.017497206181039893,0.02900608233260828,2.661989642588237,0.0,-4.0,5.265584816465422,1.75252488015537,1.714632429692677
492.0,31.488,-0.7547911736310556,-0.18932932390028306,-0.006083286624064254,0.0055057322256720324,0.021275205665457653,0.026249598980270357,2.4059896425882368,0.008204843904141173,-4.0,5.265735909493513,1.7528716193179594,1.7147911736310557
493.0,31.552,-0.7550136880647305,-0.1890929125318103,-0.0,0.0,0.027966162306243048,-0.05628718697964961,2.3419896425882367,0.0,4.0,5.2659427327950485,1.7533281140577646,1.7150136880647304
494.0,31.616,-0.7550136880647305,-0.1890929125318103,-0.0,0.0,0.027966162306243048,-0.05628718697964961,2.597989642588237,0.0,4.0,5.2659427327950485,1.7533281140577646,1.7150136880647304
495.0,31.68,-0.7550136880647305,-0.1890929125318103,-0.0,0.0,0.027966162306243048,-0.05628718697964961,2.853989642588237,0.0,4.0,5.2659427327950485,1.7533281140577646,1.7150136880647304
496.0,31.744,-0.7550136880647305,-0.1890929125318103,-0.0,0.0,0.027966162306243048,-0.05628718697964961,3.1099896425882374,0.0,4.0,5.2659427327950485,1.7533281140577646,1.7150136880647304
497.0,31.808,-0.7550136880647305,-0.1890929125318103,-0.0,-0.0,0.027966162306243048,-0.05628718697964961,-2.917195664591349,0.0,4.0,5.2659427327950485,1.7533281140577646,1.7150136880647304
498.0,31.872,-0.7550674176479344,-0.18912036754619055,-0.013377056523549759,-0.006970991976303944,0.03477096051793033,-0.052775694295605566,-2.661195664591349,0.015084441334300026,4.0,5.2659981188478975,1.7533830439918185,1.7150674176479344
499.0,31.936,-0.7553164576478655,-0.18929089015609235,-0.0,-0.0,0.019011416724605712,0.028987238989977845,-2.5971956645913488,0.0,-4.0,5.266257625502898,1.753224497289349,1.7153164576478654
500.0,32.0,-0.7553164576478655,-0.18929089015609235,-0.0,-0.0,0.019011416724605712,0.028987238989977845,-2.853195664591349,0.0,-4.0,5.266257625502898,1.753224497289349,1.7153164576478654
501.0,32.064,-0.7553164576478655,-0.18929089015609235,-0.0,-0.0,0.019011416724605712,0.028987238989977845,-3.109195664591349,0.0,-4.0,5.266257625502898,1.753224497289349,1.7153164576478654
502.0,32.128,-0.7553164576478655,-0.18929089015609235,-0.0,0.0,0.019011416724605712,0.028987238989977845,2.9179896425882372,0.0,-4.0,5.266257625502898,1.753224497289349,1.7153164576478654
503.0,32.192,-0.7553164576478655,-0.18929089015609235,-0.0,0.0,0.019011416724605712,0.028987238989977845,2.661989642588237,0.0,-4.0,5.266257625502898,1.753224497289349,1.7153164576478654
504.0,32.256,-0.7554708040122105,-0.18916411890125165,-0.006185723049439941,0.00559844321614921,0.022899296380586076,0.026184620098491075,2.4059896425882368,0.008343005219273189,-4.0,5.266403485432426,1.7536000888441543,1.7154708040122104
505.0,32.32,-0.7555900197741079,-0.18904721603130722,-0.0,0.0,0.02921264334763346,-0.05603569522226719,2.501989642588237,0.0,4.0,5.26651492646207,1.7539173213603687,1.7155900197741079
506.0,32.384,-0.7555900197741079,-0.18904721603130722,-0.0,0.0,0.02921264334763346,-0.05603569522226719,2.757989642588237,0.0,4.0,5.26651492646207,1.7539173213603687,1.7155900197741079
507.0,32.448,-0.7555900197741079,-0.18904721603130722,-0.0,0.0,0.02921264334763346,-0.05603569522226719,3.0139896425882373,0.0,4.0,5.26651492646207,1.7539173213603687,1.7155900197741079
508.0,32.512,-0.7555900197741079,-0.18904721603130722,-0.0,-0.0,0.02921264334763346,-0.05603569522226719,-3.013195664591349,0.0,4.0,5.26651492646207,1.7539173213603687,1.7155900197741079
509.0,32.576,-0.7555900197741079,-0.18904721603130722,-0.0,-0.0,0.02921264334763346,-0.05603569522226719,-2.757195664591349,0.0,4.0,5.26651492646207,1.7539173213603687,1.7155900197741079
510.0,32.64,-0.7558430083263173,-0.1892145606278049,-0.0,-0.0,0.019975993987052354,0.028972366395621667,-2.5331956645913487,0.0,-4.0,5.266778165663952,1.7536672374181066,1.7158430083263174
511.0,32.704,-0.7558430083263173,-0.1892145606278049,-0.0,-0.0,0.019975993987052354,0.028972366395621667,-2.789195664591349,0.0,-4.0,5.266778165663952,1.7536672374181066,1.7158430083263174
512.0,32.768,-0.7558430083263173,-0.1892145606278049,-0.0,-0.0,0.019975993987052354,0.028972366395621667,-3.045195664591349,0.0,-4.0,5.266778165663952,1.7536672374181066,1.7158430083263174
513.0,32.832,-0.7558430083263173,-0.1892145606278049,-0.0,0.0,0.019975993987052354,0.028972366395621667,2.9819896425882373,0.0,-4.0,5.266778165663952,1.7536672374181066,1.7158430083263174
514.0,32.896,-0.7558430083263173,-0.1892145606278049,-0.0,0.0,0.019975993987052354,0.028972366395621667,2.725989642588237,0.0,-4.0,5.266778165663952,1.7536672374181066,1.7158430083263174
515.0,32.96,-0.7558696224579431,-0.18919375118808449,-0.006611701558998107,0.0052554211509561275,0.023413698742489997,0.026344061092562997,2.469989642588237,0.008445948672539694,-4.0,5.266803384323479,1.753729528920463,1.715869622457943
516.0,33.024,-0.7561173608383215,-0.18891764113882564,-0.005071147888157457,0.006765868030593059,0.032887407187322915,-0.05919582012593693,2.2139896425882366,0.008455383557885771,-4.0,5.267032834374692,1.7544564435376535,1.7161173608383216
517.0,33.088,-0.7561173608383215,-0.18891764113882564,-0.0,0.0,0.030351833243244197,-0.055812886110640406,2.469989642588237,0.0,4.0,5.267032834374692,1.7544564435376535,1.7161173608383216
518.0,33.152,-0.7561173608383215,-0.18891764113882564,-0.0,0.0,0.030351833243244197,-0.055812886110640406,2.725989642588237,0.0,4.0,5.267032834374692,1.7544564435376535,1.7161173608383216
519.0,33.216,-0.7561173608383215,-0.18891764113882564,-0.0,0.0,0.030351833243244197,-0.055812886110640406,2.9819896425882373,0.0,4.0,5.267032834374692,1.7544564435376535,1.7161173608383216
520.0,33.28,-0.7561173608383215,-0.18891764113882564,-0.0,-0.0,0.030351833243244197,-0.055812886110640406,-3.045195664591349,0.0,4.0,5.267032834374692,1.7544564435376535,1.7161173608383216
521.0,33.344,-0.7561173608383215,-0.18891764113882564,-0.0,-0.0,0.030351833243244197,-0.055812886110640406,-2.789195664591349,0.0,4.0,5.267032834374692,1.7544564435376535,1.7161173608383216
522.0,33.408,-0.7563769583489585,-0.1890776591434649,-0.0,-0.0,0.021244690515464404,0.02895784577870778,-2.5651956645913487,0.0,-4.0,5.267302192507286,1.7542562953202259,1.7163769583489583
523.0,33.472,-0.7563769583489585,-0.1890776591434649,-0.0,-0.0,0.021244690515464404,0.02895784577870778,-2.821195664591349,0.0,-4.0,5.267302192507286,1.7542562953202259,1.7163769583489583
524.0,33.536,-0.7563769583489585,-0.1890776591434649,-0.0,-0.0,0.021244690515464404,0.02895784577870778,-3.077195664591349,0.0,-4.0,5.267302192507286,1.7542562953202259,1.7163769583489583
525.0,33.6,-0.7563769583489585,-0.1890776591434649,-0.0,0.0,0.021244690515464404,0.02895784577870778,2.9499896425882373,0.0,-4.0,5.267302192507286,1.7542562953202259,1.7163769583489583
526.0,33.664,-0.7563769583489585,-0.1890776591434649,-0.0,0.0,0.021244690515464404,0.02895784577870778,2.693989642588237,0.0,-4.0,5.267302192507286,1.7542562953202259,1.7163769583489583
527.0,33.728,-0.7564034263592424,-0.18905556365812956,-0.006572600328727416,0.0055766300268092405,0.024668814647965775,0.0261689460419148,2.437989642588237,0.00861962165858213,-4.0,5.267327183295976,1.7543215419766052,1.7164034263592423
528.0,33.792,-0.7566271535829545,-0.1887938507701238,-0.0,0.0,0.03145190328191516,-0.0555976310185575,2.2139896425882366,0.0,4.0,5.267533607401597,1.7549776253554596,1.7166271535829545
529.0,33.856,-0.7566271535829545,-0.1887938507701238,-0.0,0.0,0.03145190328191516,-0.0555976310185575,2.469989642588237,0.0,4.0,5.267533607401597,1.7549776253554596,1.7166271535829545
530.0,33.92,-0.7566271535829545,-0.1887938507701238,-0.0,0.0,0.03145190328191516,-0.0555976310185575,2.725989642588237,0.0,4.0,5.267533607401597,1.7549776253554596,1.7166271535829545
531.0,33.984,-0.7566271535829545,-0.1887938507701238,-0.0,0.0,0.03145190328191516,-0.0555976310185575,2.9819896425882373,0.0,4.0,5.267533607401597,1.7549776253554596,1.7166271535829545
532.0,34.048,-0.7566271535829545,-0.1887938507701238,-0.0,-0.0,0.03145190328191516,-0.0555976310185575,-3.045195664591349,0.0,4.0,5.267533607401597,1.7549776253554596,1.7166271535829545
533.0,34.112,-0.7566271535829545,-0.1887938507701238,-0.0,-0.0,0.03145190328191516,-0.0555976310185575,-2.789195664591349,0.0,4.0,5.267533607401597,1.7549776253554596,1.7166271535829545
534.0,34.176,-0.7566777512933288,-0.1888284960224145,-0.012579733048568659,-0.00876223025346588,0.029090243894560275,0.03333222507153734,-2.5331956645913487,0.015330569545454052,4.0,5.267586328733407,1.7549932213338715,1.7166777512933287
535.0,34.24,-0.7566777512933288,-0.1888284960224145,-0.0,-0.0,0.02280037737027596,0.028951109944804397,-2.789195664591349,0.0,-4.0,5.267586328733407,1.7549932213338715,1.7166777512933287
536.0,34.304,-0.7566777512933288,-0.1888284960224145,-0.0,-0.0,0.02280037737027596,0.028951109944804397,-3.045195664591349,0.0,-4.0,5.267586328733407,1.7549932213338715,1.7166777512933287
537.0,34.368,-0.7566777512933288,-0.1888284960224145,-0.0,0.0,0.02280037737027596,0.028951109944804397,2.9819896425882373,0.0,-4.0,5.267586328733407,1.7549932213338715,1.7166777512933287
538.0,34.432,-0.7566777512933288,-0.1888284960224145,-0.0,0.0,0.02280037737027596,0.028951109944804397,2.725989642588237,0.0,-4.0,5.267586328733407,1.7549932213338715,1.7166777512933287
539.0,34.496,-0.7566777512933288,-0.1888284960224145,-0.0,0.0,0.02280037737027596,0.028951109944804397,2.469989642588237,0.0,-4.0,5.267586328733407,1.7549932213338715,1.7166777512933287
540.0,34.56,-0.756811710353346,-0.18871298047095342,-0.0,0.0,0.03184986087549013,-0.055522650444914126,2.565989642588237,0.0,4.0,5.267712581495652,1.755166305233888,1.716811710353346
541.0,34.624,-0.756811710353346,-0.18871298047095342,-0.0,0.0,0.03184986087549013,-0.055522650444914126,2.821989642588237,0.0,4.0,5.267712581495652,1.755166305233888,1.716811710353346
542.0,34.688,-0.756811710353346,-0.18871298047095342,-0.0,0.0,0.03184986087549013,-0.055522650444914126,3.0779896425882374,0.0,4.0,5.267712581495652,1.755166305233888,1.716811710353346
543.0,34.752,-0.756811710353346,-0.18871298047095342,-0.0,-0.0,0.03184986087549013,-0.055522650444914126,-2.949195664591349,0.0,4.0,5.267712581495652,1.755166305233888,1.716811710353346
544.0,34.816,-0.756811710353346,-0.18871298047095342,-0.0,-0.0,0.03184986087549013,-0.055522650444914126,-2.693195664591349,0.0,4.0,5.267712581495652,1.755166305233888,1.716811710353346
545.0,34.88,-0.7570706449771303,-0.18887836441755862,-0.0,-0.0,0.022995428274609098,0.028939150069328557,-2.629195664591349,0.0,-4.0,5.267981616534987,1.7550720530991277,1.7170706449771302
546.0,34.944,-0.7570706449771303,-0.18887836441755862,-0.0,-0.0,0.022995428274609098,0.028939150069328557,-2.885195664591349,0.0,-4.0,5.267981616534987,1.7550720530991277,1.7170706449771302
547.0,35.008,-0.7570706449771303,-0.18887836441755862,-0.0,-0.0,0.022995428274609098,0.028939150069328557,-3.1411956645913492,0.0,-4.0,5.267981616534987,1.7550720530991277,1.7170706449771302
548.0,35.072,-0.7570706449771303,-0.18887836441755862,-0.0,0.0,0.022995428274609098,0.028939150069328557,2.885989642588237,0.0,-4.0,5.267981616534987,1.7550720530991277,1.7170706449771302
549.0,35.136,-0.7570706449771303,-0.18887836441755862,-0.0,0.0,0.022995428274609098,0.028939150069328557,2.629989642588237,0.0,-4.0,5.267981616534987,1.7550720530991277,1.7170706449771302
550.0,35.2,-0.7572050098376968,-0.18876249893624414,-0.0,0.0,0.02371175268894299,0.02893615088267292,2.3739896425882367,0.0,-4.0,5.268108251179744,1.75541198536199,1.7172050098376967
551.0,35.264,-0.7573291348571276,-0.18863273543415968,-0.0,0.0,0.03296474701138025,-0.055300892242035084,2.469989642588237,0.0,4.0,5.268223776732079,1.7556952893088817,1.7173291348571276
552.0,35.328,-0.7573291348571276,-0.18863273543415968,-0.0,0.0,0.03296474701138025,-0.055300892242035084,2.725989642588237,0.0,4.0,5.268223776732079,1.7556952893088817,1.7173291348571276
553.0,35.392,-0.7573291348571276,-0.18863273543415968,-0.0,0.0,0.03296474701138025,-0.055300892242035084,2.9819896425882373,0.0,4.0,5.268223776732079,1.7556952893088817,1.7173291348571276
554.0,35.456,-0.7573291348571276,-0.18863273543415968,-0.0,-0.0,0.03296474701138025,-0.055300892242035084,-3.045195664591349,0.0,4.0,5.268223776732079,1.7556952893088817,1.7173291348571276
555.0,35.52,-0.7573291348571276,-0.18863273543415968,-0.0,-0.0,0.03296474701138025,-0.055300892242035084,-2.789195664591349,0.0,4.0,5.268223776732079,1.7556952893088817,1.7173291348571276
556.0,35.584,-0.7573801311866858,-0.18866765362888374,-0.012678838776550691,-0.008831260908143781,0.030709818886382967,0.03334739059436555,-2.5331956645913487,0.015451346929943486,4.0,5.268276912180208,1.7557227821973487,1.7173801311866859
557.0,35.648,-0.7573801311866858,-0.18866765362888374,-0.0,-0.0,0.024370399498107598,0.028931760140293656,-2.789195664591349,0.0,-4.0,5.268276912180208,1.7557227821973487,1.7173801311866859
558.0,35.712,-0.7573801311866858,-0.18866765362888374,-0.0,-0.0,0.024370399498107598,0.028931760140293656,-3.045195664591349,0.0,-4.0,5.268276912180208,1.7557227821973487,1.7173801311866859
559.0,35.776,-0.7573801311866858,-0.18866765362888374,-0.0,0.0,0.024370399498107598,0.028931760140293656,2.9819896425882373,0.0,-4.0,5.268276912180208,1.7557227821973487,1.7173801311866859
560.0,35.84,-0.7573801311866858,-0.18866765362888374,-0.0,0.0,0.024370399498107598,0.028931760140293656,2.725989642588237,0.0,-4.0,5.268276912180208,1.7557227821973487,1.7173801311866859
561.0,35.904,-0.7573801311866858,-0.18866765362888374,-0.0,0.0,0.024370399498107598,0.028931760140293656,2.469989642588237,0.0,-4.0,5.268276912180208,1.7557227821973487,1.7173801311866859
562.0,35.968,-0.7575077248005974,-0.18853846671045374,-0.0,0.0,0.03334926794110693,-0.05522973813036534,2.4059896425882368,0.0,4.0,5.268395938972376,1.7558778690579255,1.7175077248005972
563.0,36.032000000000004,-0.7575077248005974,-0.18853846671045374,-0.0,0.0,0.03334926794110693,-0.05522973813036534,2.661989642588237,0.0,4.0,5.268395938972376,1.7558778690579255,1.7175077248005972
564.0,36.096000000000004,-0.7575077248005974,-0.18853846671045374,-0.0,0.0,0.03334926794110693,-0.05522973813036534,2.9179896425882372,0.0,4.0,5.268395938972376,1.7558778690579255,1.7175077248005972
565.0,36.160000000000004,-0.7575077248005974,-0.18853846671045374,-0.0,-0.0,0.03334926794110693,-0.05522973813036534,-3.109195664591349,0.0,4.0,5.268395938972376,1.7558778690579255,1.7175077248005972
566.0,36.224000000000004,-0.7575077248005974,-0.18853846671045374,-0.0,-0.0,0.03334926794110693,-0.05522973813036534,-2.853195664591349,0.0,4.0,5.268395938972376,1.7558778690579255,1.7175077248005972
567.0,36.288000000000004,-0.7575077248005974,-0.18853846671045374,-0.0,-0.0,0.03334926794110693,-0.05522973813036534,-2.5971956645913488,0.0,4.0,5.268395938972376,1.7558778690579255,1.7175077248005972
568.0,36.352000000000004,-0.7577660148513217,-0.18870931809459876,-0.0,-0.0,0.02459742230556705,0.028920134985675305,-2.693195664591349,0.0,-4.0,5.268664676091055,1.755817429230463,1.7177660148513216
569.0,36.416000000000004,-0.7577660148513217,-0.18870931809459876,-0.0,-0.0,0.02459742230556705,0.028920134985675305,-2.949195664591349,0.0,-4.0,5.268664676091055,1.755817429230463,1.7177660148513216
570.0,36.480000000000004,-0.7577660148513217,-0.18870931809459876,-0.0,0.0,0.02459742230556705,0.028920134985675305,3.0779896425882374,0.0,-4.0,5.268664676091055,1.755817429230463,1.7177660148513216
571.0,36.544000000000004,-0.7577660148513217,-0.18870931809459876,-0.0,0.0,0.02459742230556705,0.028920134985675305,2.821989642588237,0.0,-4.0,5.268664676091055,1.755817429230463,1.7177660148513216
572.0,36.608000000000004,-0.7577660148513217,-0.18870931809459876,-0.0,0.0,0.02459742230556705,0.028920134985675305,2.565989642588237,0.0,-4.0,5.268664676091055,1.755817429230463,1.7177660148513216
573.0,36.672000000000004,-0.7578961312976843,-0.18858172602317583,-0.0,0.0,0.025365079157536052,0.028917308994137362,2.3099896425882367,0.0,-4.0,5.268786322552091,1.7561828510570123,1.7178961312976844
574.0,36.736000000000004,-0.7580149622212006,-0.18844041378188278,-0.0,0.0,0.034440604027479726,-0.05501423704987109,2.4059896425882368,0.0,4.0,5.2688958289781045,1.756396438464243,1.7180149622212006
575.0,36.800000000000004,-0.7580149622212006,-0.18844041378188278,-0.0,0.0,0.034440604027479726,-0.05501423704987109,2.661989642588237,0.0,4.0,5.2688958289781045,1.756396438464243,1.7180149622212006
576.0,36.864000000000004,-0.7580149622212006,-0.18844041378188278,-0.0,0.0,0.034440604027479726,-0.05501423704987109,2.9179896425882372,0.0,4.0,5.2688958289781045,1.756396438464243,1.7180149622212006
577.0,36.928,-0.7580149622212006,-0.18844041378188278,-0.0,-0.0,0.034440604027479726,-0.05501423704987109,-3.109195664591349,0.0,4.0,5.2688958289781045,1.756396438464243,1.7180149622212006
578.0,36.992,-0.7580149622212006,-0.18844041378188278,-0.0,-0.0,0.034440604027479726,-0.05501423704987109,-2.853195664591349,0.0,4.0,5.2688958289781045,1.756396438464243,1.7180149622212006
579.0,37.056,-0.7580149622212006,-0.18844041378188278,-0.0,-0.0,0.034440604027479726,-0.05501423704987109,-2.5971956645913488,0.0,4.0,5.2688958289781045,1.756396438464243,1.7180149622212006
580.0,37.12,-0.7582602391212852,-0.18863250840771925,-0.0,-0.0,0.025523177409972064,0.02890628969728497,-2.5331956645913487,0.0,-4.0,5.26915294123015,1.7562451524742888,1.7182602391212851
581.0,37.184,-0.7582602391212852,-0.18863250840771925,-0.0,-0.0,0.025523177409972064,0.02890628969728497,-2.789195664591349,0.0,-4.0,5.26915294123015,1.7562451524742888,1.7182602391212851
582.0,37.248,-0.7582602391212852,-0.18863250840771925,-0.0,-0.0,0.025523177409972064,0.02890628969728497,-3.045195664591349,0.0,-4.0,5.26915294123015,1.7562451524742888,1.7182602391212851
583.0,37.312,-0.7582602391212852,-0.18863250840771925,-0.0,0.0,0.025523177409972064,0.02890628969728497,2.9819896425882373,0.0,-4.0,5.26915294123015,1.7562451524742888,1.7182602391212851
584.0,37.376,-0.7582602391212852,-0.18863250840771925,-0.0,0.0,0.025523177409972064,0.02890628969728497,2.725989642588237,0.0,-4.0,5.26915294123015,1.7562451524742888,1.7182602391212851
585.0,37.44,-0.7582602391212852,-0.18863250840771925,-0.0,0.0,0.025523177409972064,0.02890628969728497,2.469989642588237,0.0,-4.0,5.26915294123015,1.7562451524742888,1.7182602391212851
586.0,37.504,-0.758413050454263,-0.1884709728564158,-0.005625917614218433,0.0075060355107531805,0.029293758617425114,0.025150013973712856,2.2139896425882366,0.009380379421465903,-4.0,5.269295058037088,1.7567018334458395,1.718413050454263
587.0,37.568,-0.7585181794394479,-0.1883183543293603,-0.0,0.0,0.035522131529582335,-0.05480267300860908,1.9579896425882364,0.0,-4.0,5.269390168925745,1.756910897854492,1.7185181794394477
588.0,37.632,-0.7585181794394479,-0.1883183543293603,-0.0,0.0,0.035522131529582335,-0.05480267300860908,1.7019896425882362,0.0,-4.0,5.269390168925745,1.756910897854492,1.7185181794394477
589.0,37.696,-0.7585181794394479,-0.1883183543293603,0.0,0.0,0.035522131529582335,-0.05480267300860908,1.445989642588236,0.0,-4.0,5.269390168925745,1.756910897854492,1.7185181794394477
590.0,37.76,-0.7585181794394479,-0.1883183543293603,0.0,0.0,0.035522131529582335,-0.05480267300860908,1.1899896425882357,0.0,-4.0,5.269390168925745,1.756910897854492,1.7185181794394477
591.0,37.824,-0.7585181794394479,-0.1883183543293603,0.0,0.0,0.035522131529582335,-0.05480267300860908,0.9339896425882356,0.0,-4.0,5.269390168925745,1.756910897854492,1.7185181794394477
592.0,37.888,-0.7585181794394479,-0.1883183543293603,0.0,0.0,0.035522131529582335,-0.05480267300860908,0.6779896425882357,0.0,-4.0,5.269390168925745,1.756910897854492,1.7185181794394477
593.0,37.952,-0.7581834946443343,-0.188148317498967,0.014136210346996882,0.0063466085872894325,0.027734841603696436,-0.058136756530914845,0.4219896425882358,0.01549554398963772,-4.0,5.269045259625076,1.7565687360019633,1.7181834946443342
594.0,38.016,-0.7572402640568842,-0.18786338781027892,0.01752652673343106,0.0029362385367991094,0.024010082190688897,-0.05686973174956224,0.16598964258823573,0.017770780401621583,-4.0,5.268085692435492,1.7556044330820948,1.7172402640568842
595.0,38.08,-0.7558776737296518,-0.18782459677433408,0.026726490633413372,-0.0024121788776606387,0.016470961257364747,-0.0548001894005818,-0.09001035741176426,0.02683512452953712,-4.0,5.266723419679028,1.754211401676395,1.7158776737296517
596.0,38.144,-0.7540707871676687,-0.18823077280827558,0.031246511266945175,-0.010981369476598366,0.010300324170958608,-0.05128360415093169,-0.337959815694773,0.033120008181413516,-3.5876260406546367,5.264946333272844,1.7523641481937633,1.7140707871676688
597.0,38.208,-0.7520968188343784,-0.18918998507938303,0.03145250436079113,-0.019552450887703653,0.005907900073644723,-0.047799506041592624,-0.5561867343608616,0.037034556380246386,-3.1055900704929202,5.2630381758437155,1.7503460802336626,1.7120968188343784
598.0,38.272,-0.7502965116581359,-0.19055280958698764,0.0,-0.0,0.007121147936107464,0.029123891049347754,-0.7175175458384473,0.0,4.0,5.261329649095101,1.7477457038728765,1.710296511658136
599.0,38.336,-0.7502965116581359,-0.19055280958698764,0.0,-0.0,0.007121147936107464,0.029123891049347754,-0.46151754583844745,0.0,4.0,5.261329649095101,1.7477457038728765,1.710296511658136
600.0,38.4,-0.7502683826814175,-0.19055890858388702,0.007044217012679335,-0.001468443079773297,0.0035368581822187717,0.029858889717829105,-0.20551754583844745,0.007195645794524287,4.0,5.26130197388441,1.7477172926435485,1.7102683826814173
601.0,38.464,-0.7499556136295233,-0.1905707857648218,0.006994356194302839,0.00035339252136147337,0.003148160759695151,0.02895734756106027,0.05048245416155256,0.007003278150047783,4.0,5.260990629643491,1.7475330956697819,1.7099556136295233
602.0,38.528,-0.7494170380715929,-0.1904671459645496,0.010962193229042148,0.003469023035333163,0.0010685316587210614,0.027417309134452863,0.3064824541615526,0.011497991181529478,4.0,5.260446475070114,1.7475081032558615,1.7094170380715927
603.0,38.592,-0.7491503903930148,-0.19037878673717593,0.014255080060741943,0.0030455532109543632,0.008070451375811638,-0.060321349562577814,0.21048245416155265,0.014576786405065998,-4.0,5.260174668147799,1.7473338268281917,1.7091503903930148
604.0,38.656,-0.7485164903719103,-0.19035157326548122,0.014201962726681058,-0.0006468853002445822,0.006707040517385243,-0.05876197535915684,-0.04551754583844736,0.014216687584726287,-4.0,5.259540335726133,1.7466857651035306,1.7085164903719101
605.0,38.72,-0.7474535239747617,-0.1905491173772496,0.02081630992711852,-0.006473868015061321,0.0010648574246557851,-0.056310926823398055,-0.3015175458384473,0.021799764357861462,-4.0,5.258492387331331,1.7455990514047481,1.7074535239747617
606.0,38.784,-0.7461122088287575,-0.19116031943716846,0.0,-0.0,-0.0006677504906954512,0.02924425686794212,-0.5255175458384475,0.0,4.0,5.257193516618977,1.7442251830641011,1.7061122088287575
607.0,38.848,-0.7461122088287575,-0.19116031943716846,0.0,-0.0,-0.0006677504906954512,0.02924425686794212,-0.26951754583844745,0.0,4.0,5.257193516618977,1.7442251830641011,1.7061122088287575
608.0,38.912,-0.7461122088287575,-0.19116031943716846,0.0,-0.0,-0.0006677504906954512,0.02924425686794212,-0.013517545838447442,0.0,4.0,5.257193516618977,1.7442251830641011,1.7061122088287575
609.0,38.976,-0.7459143977598716,-0.19114198917075179,0.01455567679220875,0.0007354311360223839,0.0008048038731327534,-0.060562619960641384,0.05048245416155257,0.014574243919842826,-4.0,5.256994932982121,1.7440255401946452,1.7059143977598716
610.0,39.04,-0.7452853879677851,-0.19121593722034386,0.013886401751945257,-0.002894770351181975,-0.00024933886117461945,-0.05902610171617764,-0.20551754583844745,0.014184916249400648,-4.0,5.2563720489555825,1.7433824779496274,1.705285387967785
611.0,39.104,-0.7442723094153763,-0.19156871486340946,0.0,-0.0,-0.0048203250062939795,0.02929554082520399,-0.4295175458384475,0.0,4.0,5.25538402424355,1.7423445387272565,1.7042723094153762
612.0,39.168,-0.7442723094153763,-0.19156871486340946,0.0,-0.0,-0.0048203250062939795,0.02929554082520399,-0.17351754583844745,0.0,4.0,5.25538402424355,1.7423445387272565,1.7042723094153762
613.0,39.232,-0.7442723094153763,-0.19156871486340946,0.0,0.0,-0.0048203250062939795,0.02929554082520399,0.08248245416155255,0.0,4.0,5.25538402424355,1.7423445387272565,1.7042723094153762
614.0,39.296,-0.7441354481465781,-0.19152899170496093,0.0,0.0,0.004150108500206473,-0.060969579853435006,0.3064824541615525,0.0,-4.0,5.255244870668018,1.7422068477887558,1.704135448146578
615.0,39.36,-0.7440768822070667,-0.19152556271492205,0.014647874259741117,0.0007400894483258006,-0.003303547946071128,-0.0613664757027,0.05048245416155252,0.014666558993871382,-4.0,5.255186205691129,1.7421469734513169,1.7040768822070667
616.0,39.424,-0.743440709416174,-0.19160048111251532,0.014108366748887402,-0.0029410413509431852,-0.0044439156623564124,-0.059808829586737444,-0.20551754583844747,0.01441165280420915,-4.0,5.25455624785377,1.7414965881818387,1.7034407094161739
617.0,39.488,-0.7424585104733018,-0.1919515560191598,0.018766415719859444,-0.009333293880886362,-0.008953815826736378,-0.05703147493855595,-0.46151754583844756,0.020959215959514766,-4.0,5.253598966489341,1.740492446330307,1.7024585104733019
618.0,39.552,-0.7420927678631103,-0.1921520833945079,0.0,-0.0,-0.010263622515915893,0.029354665527600986,-0.36551754583844753,0.0,4.0,5.2532470563503795,1.7398822498281283,1.7020927678631104
619.0,39.616,-0.7420927678631103,-0.1921520833945079,0.0,-0.0,-0.010263622515915893,0.029354665527600986,-0.1095175458384475,0.0,4.0,5.2532470563503795,1.7398822498281283,1.7020927678631104
620.0,39.68,-0.7420927678631103,-0.1921520833945079,0.0,0.0,-0.010263622515915893,0.029354665527600986,0.14648245416155253,0.0,4.0,5.2532470563503795,1.7398822498281283,1.7020927678631104
621.0,39.744,-0.7420652073814801,-0.1921406098430873,0.0068669530668124075,0.0029234164425309727,-0.01367086813500723,0.027894032891872936,0.4024824541615526,0.007463337599108376,4.0,5.253218807107053,1.7398954988631914,1.7020652073814801
622.0,39.808,-0.7419358870942554,-0.19206613910056045,0.0,0.0,-0.0007329067832245739,-0.061927122510258115,0.46648245416155265,0.0,-4.0,5.25308491154729,1.7399581472340826,1.7019358870942554
623.0,39.872,-0.7419358870942554,-0.19206613910056045,0.0,0.0,-0.0007329067832245739,-0.061927122510258115,0.21048245416155265,0.0,-4.0,5.25308491154729,1.7399581472340826,1.7019358870942554
624.0,39.936,-0.741876474731254,-0.19206836915302644,0.014848155396643204,-0.0006763187347190296,-0.00828919793119648,-0.0616158772959575,-0.04551754583844736,0.014863550239219318,-4.0,5.253025770497987,1.739897407563549,1.7018764747312538
625.0,40.0,-0.7412422626039159,-0.19220567232399594,0.013942731690487308,-0.004336186627200275,-0.009248877452751658,-0.06006438767443123,-0.3015175458384473,0.014601447923368064,-4.0,5.252401848438116,1.7392490267600156,1.7012422626039159
626.0,40.064,-0.7409674023769919,-0.19230337008124052,0.0,-0.0,-0.012325901874308098,0.029387831714741408,-0.20551754583844734,0.0,4.0,5.25213393869075,1.7389639064226006,1.7009674023769918
627.0,40.128,-0.7409674023769919,-0.19230337008124052,0.0,0.0,-0.012325901874308098,0.029387831714741408,0.05048245416155267,0.0,4.0,5.25213393869075,1.7389639064226006,1.7009674023769918
628.0,40.192,-0.7409674023769919,-0.19230337008124052,0.0,0.0,-0.012325901874308098,0.029387831714741408,0.30648245416155273,0.0,4.0,5.25213393869075,1.7389639064226006,1.7009674023769918
629.0,40.256,-0.7408336397430266,-0.19222916530792375,0.0,0.0,-0.003188529389518857,-0.06241729591905519,0.5304824541615527,0.0,-4.0,5.251995624622083,1.7388312750213386,1.7008336397430266
630.0,40.32,-0.7408336397430266,-0.19222916530792375,0.0,0.0,-0.003188529389518857,-0.06241729591905519,0.2744824541615526,0.0,-4.0,5.251995624622083,1.7388312750213386,1.7008336397430266
631.0,40.384,-0.7408336397430266,-0.19222916530792375,0.0,0.0,-0.003188529389518857,-0.06241729591905519,0.018482454161552614,0.0,-4.0,5.251995624622083,1.7388312750213386,1.7008336397430266
632.0,40.448,-0.7404766051012668,-0.19227325523526922,0.01461852365127198,-0.0035389571033041215,-0.011294445245624007,-0.060807553010304605,-0.2375175458384474,0.015040792902032292,-4.0,5.251642222187556,1.7384662640132944,1.7004766051012667
633.0,40.512,-0.73957901144867,-0.19261901616642432,0.017331891988151053,-0.009323083924335871,-0.02419643505899083,0.03408808575310221,-0.4935175458384474,0.019680304208755123,-4.0,5.250769087234009,1.7375271797423126,1.69957901144867
634.0,40.576,-0.73957901144867,-0.19261901616642432,0.0,-0.0,-0.015530489064915276,0.02942654379093427,-0.2375175458384474,0.0,4.0,5.250769087234009,1.7375271797423126,1.69957901144867
635.0,40.64,-0.73957901144867,-0.19261901616642432,0.0,0.0,-0.015530489064915276,0.02942654379093427,0.018482454161552586,0.0,4.0,5.250769087234009,1.7375271797423126,1.69957901144867
636.0,40.704,-0.73957901144867,-0.19261901616642432,0.0,0.0,-0.015530489064915276,0.02942654379093427,0.2744824541615526,0.0,4.0,5.250769087234009,1.7375271797423126,1.69957901144867
637.0,40.768,-0.7395513306713186,-0.19260307583650918,0.0068880925730429145,0.004040315921004695,-0.00949663239020293,-0.06499451002827861,0.5304824541615526,0.007985610310823649,4.0,5.250740425341194,1.737520318402168,1.6995513306713186
638.0,40.832,-0.7395513306713186,-0.19260307583650918,0.0,0.0,-0.006052586103681479,-0.06297435206777627,0.2744824541615526,0.0,-4.0,5.250740425341194,1.737520318402168,1.6995513306713186
639.0,40.896,-0.7395513306713186,-0.19260307583650918,0.0,0.0,-0.006052586103681479,-0.06297435206777627,0.018482454161552614,0.0,-4.0,5.250740425341194,1.737520318402168,1.6995513306713186
640.0,40.96,-0.7392526498787786,-0.1926578950399785,0.0,-0.0,-0.006720822086370093,-0.06310692554937926,-0.2375175458384474,0.0,-4.0,5.250445958420583,1.7372149649030477,1.6992526498787786
641.0,41.024,-0.738678259429265,-0.19284648351070627,0.0,-0.0,-0.017730141441792746,0.029451234831971086,-0.3015175458384475,0.0,4.0,5.249885105130634,1.7365416559988414,1.6986782594292649
642.0,41.088,-0.738678259429265,-0.19284648351070627,0.0,-0.0,-0.017730141441792746,0.029451234831971086,-0.04551754583844746,0.0,4.0,5.249885105130634,1.7365416559988414,1.6986782594292649
643.0,41.152,-0.738678259429265,-0.19284648351070627,0.0,0.0,-0.017730141441792746,0.029451234831971086,0.21048245416155256,0.0,4.0,5.249885105130634,1.7365416559988414,1.6986782594292649
644.0,41.216,-0.738678259429265,-0.19284648351070627,0.0,0.0,-0.017730141441792746,0.029451234831971086,0.46648245416155254,0.0,4.0,5.249885105130634,1.7365416559988414,1.6986782594292649
645.0,41.28,-0.7385408267766547,-0.19275516320769576,0.0,0.0,-0.008315099337008414,-0.06342591397301792,0.5304824541615525,0.0,-4.0,5.249742002776077,1.7364872392493833,1.6985408267766546
646.0,41.344,-0.7385408267766547,-0.19275516320769576,0.0,0.0,-0.008315099337008414,-0.06342591397301792,0.2744824541615525,0.0,-4.0,5.249742002776077,1.7364872392493833,1.6985408267766546
647.0,41.408,-0.7385408267766547,-0.19275516320769576,0.0,0.0,-0.008315099337008414,-0.06342591397301792,0.018482454161552475,0.0,-4.0,5.249742002776077,1.7364872392493833,1.6985408267766546
648.0,41.472,-0.7382388218391728,-0.19281059251727997,0.0,-0.0,-0.008992236406280218,-0.06356027410498542,-0.23751754583844756,0.0,-4.0,5.24944426172572,1.736178487341946,1.6982388218391726
649.0,41.536,-0.7373814112685904,-0.19313052230768493,0.0,-0.0,-0.020683260147052518,0.029487640171157674,-0.46151754583844756,0.0,4.0,5.248609587542296,1.7352250778855696,1.6973814112685903
650.0,41.6,-0.7373814112685904,-0.19313052230768493,0.0,-0.0,-0.020683260147052518,0.029487640171157674,-0.20551754583844753,0.0,4.0,5.248609587542296,1.7352250778855696,1.6973814112685903
651.0,41.664,-0.7373814112685904,-0.19313052230768493,0.0,0.0,-0.020683260147052518,0.029487640171157674,0.05048245416155244,0.0,4.0,5.248609587542296,1.7352250778855696,1.6973814112685903
652.0,41.728,-0.7373814112685904,-0.19313052230768493,0.0,0.0,-0.020683260147052518,0.029487640171157674,0.3064824541615524,0.0,4.0,5.248609587542296,1.7352250778855696,1.6973814112685903
653.0,41.792,-0.7373814112685904,-0.19313052230768493,0.0,0.0,-0.020683260147052518,0.029487640171157674,0.5624824541615524,0.0,4.0,5.248609587542296,1.7352250778855696,1.6973814112685903
654.0,41.856,-0.7372472486716801,-0.19302147824182053,0.0,0.0,-0.011218560019117585,-0.06399976170868155,0.6264824541615523,0.0,-4.0,5.248468584097107,1.7351647618400394,1.69724724867168
655.0,41.92,-0.7372472486716801,-0.19302147824182053,0.0,0.0,-0.011218560019117585,-0.06399976170868155,0.37048245416155234,0.0,-4.0,5.248468584097107,1.7351647618400394,1.69724724867168
656.0,41.984,-0.7372472486716801,-0.19302147824182053,0.0,0.0,-0.011218560019117585,-0.06399976170868155,0.11448245416155232,0.0,-4.0,5.248468584097107,1.7351647618400394,1.69724724867168
657.0,42.048,-0.7372472486716801,-0.19302147824182053,0.0,-0.0,-0.011218560019117585,-0.06399976170868155,-0.14151754583844767,0.0,-4.0,5.248468584097107,1.7351647618400394,1.69724724867168
658.0,42.112,-0.7368880437208355,-0.19312589287995782,0.01443362813440874,-0.006060248566632321,-0.01924304306934793,-0.06112685148677102,-0.3975175458384477,0.015654272062659593,-4.0,5.248116972860924,1.7347975320369144,1.6968880437208353
659.0,42.176,-0.7363433216806251,-0.19340770074929936,0.0,-0.0,-0.023307871962679694,0.02951576674099597,-0.46151754583844773,0.0,4.0,5.247591850691439,1.7340539038386642,1.696343321680625
660.0,42.24,-0.7363433216806251,-0.19340770074929936,0.0,-0.0,-0.023307871962679694,0.02951576674099597,-0.20551754583844767,0.0,4.0,5.247591850691439,1.7340539038386642,1.696343321680625
661.0,42.304,-0.7363433216806251,-0.19340770074929936,0.0,0.0,-0.023307871962679694,0.02951576674099597,0.05048245416155234,0.0,4.0,5.247591850691439,1.7340539038386642,1.696343321680625
662.0,42.368,-0.7363433216806251,-0.19340770074929936,0.0,0.0,-0.023307871962679694,0.02951576674099597,0.3064824541615524,0.0,4.0,5.247591850691439,1.7340539038386642,1.696343321680625
663.0,42.432,-0.7363433216806251,-0.19340770074929936,0.0,0.0,-0.023307871962679694,0.02951576674099597,0.5624824541615524,0.0,4.0,5.247591850691439,1.7340539038386642,1.696343321680625
664.0,42.496,-0.736212781077901,-0.19328300997852757,0.0,0.0,-0.013546232730525964,-0.06445601064798367,0.7864824541615523,0.0,-4.0,5.247453431300128,1.734107183624847,1.696212781077901
665.0,42.56,-0.736212781077901,-0.19328300997852757,0.0,0.0,-0.013546232730525964,-0.06445601064798367,0.5304824541615525,0.0,-4.0,5.247453431300128,1.734107183624847,1.696212781077901
666.0,42.624,-0.736212781077901,-0.19328300997852757,0.0,0.0,-0.013546232730525964,-0.06445601064798367,0.2744824541615525,0.0,-4.0,5.247453431300128,1.734107183624847,1.696212781077901
667.0,42.688,-0.736212781077901,-0.19328300997852757,0.0,0.0,-0.013546232730525964,-0.06445601064798367,0.018482454161552475,0.0,-4.0,5.247453431300128,1.734107183624847,1.696212781077901
668.0,42.752,-0.7361512096699165,-0.19329739518463096,0.015363589322149198,-0.0037193279472606923,-0.021366732835662927,-0.06262363161759758,-0.23751754583844756,0.015807380467330167,-4.0,5.247392932882794,1.734044236674981,1.6961512096699165
669.0,42.816,-0.7355711287316479,-0.19354081331756232,0.0,-0.0,-0.024889896156477687,0.029538237567830597,-0.46151754583844756,0.0,4.0,5.246830027209122,1.733354763894499,1.6955711287316477
670.0,42.88,-0.7355711287316479,-0.19354081331756232,0.0,-0.0,-0.024889896156477687,0.029538237567830597,-0.20551754583844753,0.0,4.0,5.246830027209122,1.733354763894499,1.6955711287316477
671.0,42.944,-0.7355711287316479,-0.19354081331756232,0.0,0.0,-0.024889896156477687,0.029538237567830597,0.05048245416155244,0.0,4.0,5.246830027209122,1.733354763894499,1.6955711287316477
672.0,43.008,-0.7355711287316479,-0.19354081331756232,0.0,0.0,-0.024889896156477687,0.029538237567830597,0.3064824541615524,0.0,4.0,5.246830027209122,1.733354763894499,1.6955711287316477
673.0,43.072,-0.7355711287316479,-0.19354081331756232,0.0,0.0,-0.024889896156477687,0.029538237567830597,0.5624824541615524,0.0,4.0,5.246830027209122,1.733354763894499,1.6955711287316477
674.0,43.136,-0.7354370560612836,-0.1934127487594226,0.0,0.0,-0.015295089851515786,-0.06480417176661511,0.7864824541615523,0.0,-4.0,5.2466878584484276,1.7333141284499065,1.6954370560612837
675.0,43.2,-0.7354370560612836,-0.1934127487594226,0.0,0.0,-0.015295089851515786,-0.06480417176661511,0.5304824541615525,0.0,-4.0,5.2466878584484276,1.7333141284499065,1.6954370560612837
676.0,43.264,-0.7354370560612836,-0.1934127487594226,0.0,0.0,-0.015295089851515786,-0.06480417176661511,0.2744824541615525,0.0,-4.0,5.2466878584484276,1.7333141284499065,1.6954370560612837
677.0,43.328,-0.7354370560612836,-0.1934127487594226,0.0,0.0,-0.015295089851515786,-0.06480417176661511,0.018482454161552475,0.0,-4.0,5.2466878584484276,1.7333141284499065,1.6954370560612837
678.0,43.392,-0.7354370560612836,-0.1934127487594226,0.0,-0.0,-0.015295089851515786,-0.06480417176661511,-0.23751754583844756,0.0,-4.0,5.2466878584484276,1.7333141284499065,1.6954370560612837
679.0,43.456,-0.7347830145425986,-0.19366581045550724,0.013911435134883288,-0.007483169025005425,-0.02372759072572056,-0.06134512063513079,-0.49351754583844754,0.015796387123923807,-4.0,5.2460517914541915,1.7326454752546279,1.6947830145425986
680.0,43.52,-0.7345111762321584,-0.19382637227158558,0.0,-0.0,-0.027593481204876424,0.029566880085506137,-0.39751754583844745,0.0,4.0,5.245791058398038,1.7321529365478276,1.6945111762321585
681.0,43.584,-0.7345111762321584,-0.19382637227158558,0.0,-0.0,-0.027593481204876424,0.029566880085506137,-0.14151754583844742,0.0,4.0,5.245791058398038,1.7321529365478276,1.6945111762321585
682.0,43.648,-0.7345111762321584,-0.19382637227158558,0.0,0.0,-0.027593481204876424,0.029566880085506137,0.11448245416155257,0.0,4.0,5.245791058398038,1.7321529365478276,1.6945111762321585
683.0,43.712,-0.7345111762321584,-0.19382637227158558,0.0,0.0,-0.027593481204876424,0.029566880085506137,0.37048245416155257,0.0,4.0,5.245791058398038,1.7321529365478276,1.6945111762321585
684.0,43.776,-0.7345111762321584,-0.19382637227158558,0.0,0.0,-0.027593481204876424,0.029566880085506137,0.6264824541615526,0.0,4.0,5.245791058398038,1.7321529365478276,1.6945111762321585
685.0,43.84,-0.7343796633796952,-0.1936835835902065,0.0,0.0,-0.017683645983657847,-0.06527222779873768,0.8504824541615524,0.0,-4.0,5.245650471203008,1.7322331129868058,1.6943796633796953
686.0,43.904,-0.7343796633796952,-0.1936835835902065,0.0,0.0,-0.017683645983657847,-0.06527222779873768,0.5944824541615525,0.0,-4.0,5.245650471203008,1.7322331129868058,1.6943796633796953
687.0,43.968,-0.7343796633796952,-0.1936835835902065,0.0,0.0,-0.017683645983657847,-0.06527222779873768,0.33848245416155254,0.0,-4.0,5.245650471203008,1.7322331129868058,1.6943796633796953
688.0,44.032000000000004,-0.7343796633796952,-0.1936835835902065,0.0,0.0,-0.017683645983657847,-0.06527222779873768,0.08248245416155252,0.0,-4.0,5.245650471203008,1.7322331129868058,1.6943796633796953
689.0,44.096000000000004,-0.7343796633796952,-0.1936835835902065,0.0,-0.0,-0.017683645983657847,-0.06527222779873768,-0.17351754583844747,0.0,-4.0,5.245650471203008,1.7322331129868058,1.6943796633796953
690.0,44.160000000000004,-0.7340185044131593,-0.19382845615643016,0.014681456813153203,-0.006724653698075534,-0.02584144098515634,-0.062065842673822605,-0.4295175458384475,0.01614825506101274,-4.0,5.245299582655149,1.7318638855141164,1.6940185044131593
691.0,44.224000000000004,-0.7337307188645159,-0.1939744667746227,0.0,-0.0,-0.029268573886296223,0.029589357685569435,-0.3335175458384474,0.0,4.0,5.2450219895991825,1.731414391933024,1.6937307188645159
692.0,44.288000000000004,-0.7337307188645159,-0.1939744667746227,0.0,-0.0,-0.029268573886296223,0.029589357685569435,-0.0775175458384474,0.0,4.0,5.2450219895991825,1.731414391933024,1.6937307188645159
693.0,44.352000000000004,-0.7337307188645159,-0.1939744667746227,0.0,0.0,-0.029268573886296223,0.029589357685569435,0.1784824541615526,0.0,4.0,5.2450219895991825,1.731414391933024,1.6937307188645159
694.0,44.416000000000004,-0.7337307188645159,-0.1939744667746227,0.0,0.0,-0.029268573886296223,0.029589357685569435,0.4344824541615526,0.0,4.0,5.2450219895991825,1.731414391933024,1.6937307188645159
695.0,44.480000000000004,-0.7337307188645159,-0.1939744667746227,0.0,0.0,-0.029268573886296223,0.029589357685569435,0.6904824541615525,0.0,4.0,5.2450219895991825,1.731414391933024,1.6937307188645159
696.0,44.544000000000004,-0.7336050539869209,-0.19381916785528447,0.0,0.0,-0.019436857294076237,-0.06562086576082174,0.9144824541615525,0.0,-4.0,5.244886412621549,1.7314411983594087,1.693605053986921
697.0,44.608000000000004,-0.7336050539869209,-0.19381916785528447,0.0,0.0,-0.019436857294076237,-0.06562086576082174,0.6584824541615526,0.0,-4.0,5.244886412621549,1.7314411983594087,1.693605053986921
698.0,44.672000000000004,-0.7336050539869209,-0.19381916785528447,0.0,0.0,-0.019436857294076237,-0.06562086576082174,0.4024824541615526,0.0,-4.0,5.244886412621549,1.7314411983594087,1.693605053986921
699.0,44.736000000000004,-0.7336050539869209,-0.19381916785528447,0.0,0.0,-0.019436857294076237,-0.06562086576082174,0.14648245416155253,0.0,-4.0,5.244886412621549,1.7314411983594087,1.693605053986921
700.0,44.800000000000004,-0.7336050539869209,-0.19381916785528447,0.0,-0.0,-0.019436857294076237,-0.06562086576082174,-0.10951754583844746,0.0,-4.0,5.244886412621549,1.7314411983594087,1.693605053986921
701.0,44.864000000000004,-0.7335435069990326,-0.19384216004513424,0.015340270709592329,-0.005870956188681684,-0.027246419820977308,-0.0627121378743088,-0.3655175458384474,0.016425347241778365,-4.0,5.244826505297981,1.7313782763751986,1.6935435069990326
702.0,44.928000000000004,-0.7329793736981031,-0.19416907123199073,0.0,-0.0,-0.03115185678373622,0.029609822488775712,-0.5895175458384474,0.0,4.0,5.244285029929483,1.730580876627853,1.692979373698103
703.0,44.992000000000004,-0.7329793736981031,-0.19416907123199073,0.0,-0.0,-0.03115185678373622,0.029609822488775712,-0.3335175458384474,0.0,4.0,5.244285029929483,1.730580876627853,1.692979373698103
704.0,45.056,-0.7329793736981031,-0.19416907123199073,0.0,-0.0,-0.03115185678373622,0.029609822488775712,-0.0775175458384474,0.0,4.0,5.244285029929483,1.730580876627853,1.692979373698103
705.0,45.12,-0.7329793736981031,-0.19416907123199073,0.0,0.0,-0.03115185678373622,0.029609822488775712,0.1784824541615526,0.0,4.0,5.244285029929483,1.730580876627853,1.692979373698103
706.0,45.184,-0.7329793736981031,-0.19416907123199073,0.0,0.0,-0.03115185678373622,0.029609822488775712,0.4344824541615526,0.0,4.0,5.244285029929483,1.730580876627853,1.692979373698103
707.0,45.248,-0.7329793736981031,-0.19416907123199073,0.0,0.0,-0.03115185678373622,0.029609822488775712,0.6904824541615525,0.0,4.0,5.244285029929483,1.730580876627853,1.692979373698103
708.0,45.312,-0.7328496043729149,-0.1940086999623834,0.0,0.0,-0.021149509565724756,-0.06595689260865435,0.9144824541615525,0.0,-4.0,5.244145017792279,1.7306688715516352,1.6928496043729149
709.0,45.376,-0.7328496043729149,-0.1940086999623834,0.0,0.0,-0.021149509565724756,-0.06595689260865435,0.6584824541615526,0.0,-4.0,5.244145017792279,1.7306688715516352,1.6928496043729149
710.0,45.44,-0.7328496043729149,-0.1940086999623834,0.0,0.0,-0.021149509565724756,-0.06595689260865435,0.4024824541615526,0.0,-4.0,5.244145017792279,1.7306688715516352,1.6928496043729149
711.0,45.504,-0.7328496043729149,-0.1940086999623834,0.0,0.0,-0.021149509565724756,-0.06595689260865435,0.14648245416155253,0.0,-4.0,5.244145017792279,1.7306688715516352,1.6928496043729149
712.0,45.568,-0.7328496043729149,-0.1940086999623834,0.0,-0.0,-0.021149509565724756,-0.06595689260865435,-0.10951754583844746,0.0,-4.0,5.244145017792279,1.7306688715516352,1.6928496043729149
713.0,45.632,-0.7327873146912129,-0.19403196960134564,0.015525383329186097,-0.005941801618999125,-0.02905353973011593,-0.06301311344714086,-0.3655175458384474,0.016623553591146215,-4.0,5.244084388804309,1.73060519028139,1.692787314691213
714.0,45.696,-0.7324929727811058,-0.1941872773783245,0.0,-0.0,-0.03181666985257314,0.029625598933820285,-0.4295175458384475,0.0,4.0,5.243800872660285,1.7302950497849334,1.6924929727811058
715.0,45.76,-0.7324929727811058,-0.1941872773783245,0.0,-0.0,-0.03181666985257314,0.029625598933820285,-0.17351754583844745,0.0,4.0,5.243800872660285,1.7302950497849334,1.6924929727811058
716.0,45.824,-0.7324929727811058,-0.1941872773783245,0.0,0.0,-0.03181666985257314,0.029625598933820285,0.08248245416155255,0.0,4.0,5.243800872660285,1.7302950497849334,1.6924929727811058
717.0,45.888,-0.7324929727811058,-0.1941872773783245,0.0,0.0,-0.03181666985257314,0.029625598933820285,0.33848245416155254,0.0,4.0,5.243800872660285,1.7302950497849334,1.6924929727811058
718.0,45.952,-0.7324929727811058,-0.1941872773783245,0.0,0.0,-0.03181666985257314,0.029625598933820285,0.5944824541615525,0.0,4.0,5.243800872660285,1.7302950497849334,1.6924929727811058
719.0,46.016,-0.7324651935169185,-0.19415613071062085,0.0068823011429402,0.007841975689654244,-0.02546320952908898,-0.07004501536826521,0.8504824541615523,0.01043372664675686,4.0,5.2437711090084544,1.7302758727284433,1.6924651935169184
720.0,46.08,-0.7324651935169185,-0.19415613071062085,0.0,0.0,-0.022022058957618884,-0.0661240275234381,0.5944824541615524,0.0,-4.0,5.2437711090084544,1.7302758727284433,1.6924651935169184
721.0,46.144,-0.7324651935169185,-0.19415613071062085,0.0,0.0,-0.022022058957618884,-0.0661240275234381,0.3384824541615524,0.0,-4.0,5.2437711090084544,1.7302758727284433,1.6924651935169184
722.0,46.208,-0.7324651935169185,-0.19415613071062085,0.0,0.0,-0.022022058957618884,-0.0661240275234381,0.08248245416155241,0.0,-4.0,5.2437711090084544,1.7302758727284433,1.6924651935169184
723.0,46.272,-0.7324651935169185,-0.19415613071062085,0.0,-0.0,-0.022022058957618884,-0.0661240275234381,-0.17351754583844756,0.0,-4.0,5.2437711090084544,1.7302758727284433,1.6924651935169184
724.0,46.336,-0.732153725033984,-0.19427820001341806,0.0,-0.0,-0.03268437820395914,0.029634784798300014,-0.39751754583844756,0.0,4.0,5.243468325582932,1.7299115077150957,1.692153725033984
725.0,46.4,-0.732153725033984,-0.19427820001341806,0.0,-0.0,-0.03268437820395914,0.029634784798300014,-0.14151754583844756,0.0,4.0,5.243468325582932,1.7299115077150957,1.692153725033984
726.0,46.464,-0.732153725033984,-0.19427820001341806,0.0,0.0,-0.03268437820395914,0.029634784798300014,0.11448245416155244,0.0,4.0,5.243468325582932,1.7299115077150957,1.692153725033984
727.0,46.528,-0.732153725033984,-0.19427820001341806,0.0,0.0,-0.03268437820395914,0.029634784798300014,0.3704824541615525,0.0,4.0,5.243468325582932,1.7299115077150957,1.692153725033984
728.0,46.592,-0.732153725033984,-0.19427820001341806,0.0,0.0,-0.03268437820395914,0.029634784798300014,0.6264824541615525,0.0,4.0,5.243468325582932,1.7299115077150957,1.692153725033984
729.0,46.656,-0.732126559257947,-0.1942457053227823,0.006726237996161505,0.008177743675339945,-0.02615441819227632,-0.07036348213722007,0.8824824541615524,0.01058856785408533,4.0,5.243439084963759,1.7299296731786846,1.692126559257947
730.0,46.72,-0.732126559257947,-0.1942457053227823,0.0,0.0,-0.02279129919419559,-0.0662746102995501,0.6264824541615523,0.0,-4.0,5.243439084963759,1.7299296731786846,1.692126559257947
731.0,46.784,-0.732126559257947,-0.1942457053227823,0.0,0.0,-0.02279129919419559,-0.0662746102995501,0.37048245416155234,0.0,-4.0,5.243439084963759,1.7299296731786846,1.692126559257947
732.0,46.848,-0.732126559257947,-0.1942457053227823,0.0,0.0,-0.02279129919419559,-0.0662746102995501,0.11448245416155232,0.0,-4.0,5.243439084963759,1.7299296731786846,1.692126559257947
733.0,46.912,-0.732126559257947,-0.1942457053227823,0.0,-0.0,-0.02279129919419559,-0.0662746102995501,-0.14151754583844767,0.0,-4.0,5.243439084963759,1.7299296731786846,1.692126559257947
734.0,46.976,-0.7320643184493731,-0.1942712546179174,0.015508606174443034,-0.006511599679853025,-0.030687049049635873,-0.0630457735793434,-0.3975175458384477,0.016820160399491874,-4.0,5.243378655899963,1.7298660418734222,1.692064318449373
735.0,47.04,-0.7317716685402543,-0.19443785149964826,0.0,-0.0,-0.0339583528259646,0.029643747431569147,-0.46151754583844773,0.0,4.0,5.24309757922606,1.7293447534799302,1.6917716685402544
736.0,47.104,-0.7317716685402543,-0.19443785149964826,0.0,-0.0,-0.0339583528259646,0.029643747431569147,-0.20551754583844767,0.0,4.0,5.24309757922606,1.7293447534799302,1.6917716685402544
737.0,47.168,-0.7317716685402543,-0.19443785149964826,0.0,0.0,-0.0339583528259646,0.029643747431569147,0.05048245416155234,0.0,4.0,5.24309757922606,1.7293447534799302,1.6917716685402544
738.0,47.232,-0.7317716685402543,-0.19443785149964826,0.0,0.0,-0.0339583528259646,0.029643747431569147,0.3064824541615524,0.0,4.0,5.24309757922606,1.7293447534799302,1.6917716685402544
739.0,47.296,-0.7317716685402543,-0.19443785149964826,0.0,0.0,-0.0339583528259646,0.029643747431569147,0.5624824541615524,0.0,4.0,5.24309757922606,1.7293447534799302,1.6917716685402544
740.0,47.36,-0.7317716685402543,-0.19443785149964826,0.0,0.0,-0.0339583528259646,0.029643747431569147,0.8184824541615523,0.0,4.0,5.24309757922606,1.7293447534799302,1.6917716685402544
741.0,47.424,-0.7316437917802999,-0.1942633149551735,0.0,0.0,-0.023888918450769014,-0.06649829847254808,0.8824824541615522,0.0,-4.0,5.242958515389692,1.7294361203884054,1.6916437917803
742.0,47.488,-0.7316437917802999,-0.1942633149551735,0.0,0.0,-0.023888918450769014,-0.06649829847254808,0.6264824541615523,0.0,-4.0,5.242958515389692,1.7294361203884054,1.6916437917803
743.0,47.552,-0.7316437917802999,-0.1942633149551735,0.0,0.0,-0.023888918450769014,-0.06649829847254808,0.37048245416155234,0.0,-4.0,5.242958515389692,1.7294361203884054,1.6916437917803
744.0,47.616,-0.7316437917802999,-0.1942633149551735,0.0,0.0,-0.023888918450769014,-0.06649829847254808,0.11448245416155232,0.0,-4.0,5.242958515389692,1.7294361203884054,1.6916437917803
745.0,47.68,-0.7316437917802999,-0.1942633149551735,0.0,-0.0,-0.023888918450769014,-0.06649829847254808,-0.14151754583844767,0.0,-4.0,5.242958515389692,1.7294361203884054,1.6916437917803
746.0,47.744,-0.7315810402603532,-0.19428907389275848,0.015635860651550038,-0.0065650300270466595,-0.03184960402207898,-0.06324299924838367,-0.3975175458384477,0.01695817671716848,-4.0,5.242897590761576,1.729371966962174,1.691581040260353
747.0,47.808,-0.7312859815605605,-0.19445704202731576,0.0,-0.0,-0.03462910207333847,0.029659560810711902,-0.46151754583844773,0.0,4.0,5.242614202349268,1.7290569654072365,1.6912859815605605
748.0,47.872,-0.7312859815605605,-0.19445704202731576,0.0,-0.0,-0.03462910207333847,0.029659560810711902,-0.20551754583844767,0.0,4.0,5.242614202349268,1.7290569654072365,1.6912859815605605
749.0,47.936,-0.7312859815605605,-0.19445704202731576,0.0,0.0,-0.03462910207333847,0.029659560810711902,0.05048245416155234,0.0,4.0,5.242614202349268,1.7290569654072365,1.6912859815605605
750.0,48.0,-0.7312859815605605,-0.19445704202731576,0.0,0.0,-0.03462910207333847,0.029659560810711902,0.3064824541615524,0.0,4.0,5.242614202349268,1.7290569654072365,1.6912859815605605
751.0,48.064,-0.7312859815605605,-0.19445704202731576,0.0,0.0,-0.03462910207333847,0.029659560810711902,0.5624824541615524,0.0,4.0,5.242614202349268,1.7290569654072365,1.6912859815605605
752.0,48.128,-0.7312859815605605,-0.19445704202731576,0.0,0.0,-0.03462910207333847,0.029659560810711902,0.8184824541615523,0.0,4.0,5.242614202349268,1.7290569654072365,1.6912859815605605
753.0,48.192,-0.7311566360889864,-0.1942805008664352,0.0,0.0,-0.02499766776917589,-0.06672431169142219,0.8824824541615522,0.0,-4.0,5.242473539711448,1.728938081349156,1.6911566360889863
754.0,48.256,-0.7311566360889864,-0.1942805008664352,0.0,0.0,-0.02499766776917589,-0.06672431169142219,0.6264824541615523,0.0,-4.0,5.242473539711448,1.728938081349156,1.6911566360889863
755.0,48.32,-0.7311566360889864,-0.1942805008664352,0.0,0.0,-0.02499766776917589,-0.06672431169142219,0.37048245416155234,0.0,-4.0,5.242473539711448,1.728938081349156,1.6911566360889863
756.0,48.384,-0.7311566360889864,-0.1942805008664352,0.0,0.0,-0.02499766776917589,-0.06672431169142219,0.11448245416155232,0.0,-4.0,5.242473539711448,1.728938081349156,1.6911566360889863
757.0,48.448,-0.7311566360889864,-0.1942805008664352,0.0,-0.0,-0.02499766776917589,-0.06672431169142219,-0.14151754583844767,0.0,-4.0,5.242473539711448,1.728938081349156,1.6911566360889863
758.0,48.512,-0.7310933569369913,-0.19430647639225604,0.01576733127075947,-0.006620230606152535,-0.033025439614483176,-0.0634416730348599,-0.3975175458384477,0.01710076573374737,-4.0,5.242412103094908,1.728873388503263,1.6910933569369913
759.0,48.576,-0.73051571706651,-0.19466646384666902,0.0,-0.0,-0.03662085213987909,0.029680328517581903,-0.6215175458384478,0.0,4.0,5.241859368371146,1.7281791105772017,1.69051571706651
760.0,48.64,-0.73051571706651,-0.19466646384666902,0.0,-0.0,-0.03662085213987909,0.029680328517581903,-0.36551754583844775,0.0,4.0,5.241859368371146,1.7281791105772017,1.69051571706651
761.0,48.704,-0.73051571706651,-0.19466646384666902,0.0,-0.0,-0.03662085213987909,0.029680328517581903,-0.10951754583844772,0.0,4.0,5.241859368371146,1.7281791105772017,1.69051571706651
762.0,48.768,-0.73051571706651,-0.19466646384666902,0.0,0.0,-0.03662085213987909,0.029680328517581903,0.14648245416155228,0.0,4.0,5.241859368371146,1.7281791105772017,1.69051571706651
763.0,48.832,-0.73051571706651,-0.19466646384666902,0.0,0.0,-0.03662085213987909,0.029680328517581903,0.40248245416155226,0.0,4.0,5.241859368371146,1.7281791105772017,1.69051571706651
764.0,48.896,-0.73051571706651,-0.19466646384666902,0.0,0.0,-0.03662085213987909,0.029680328517581903,0.6584824541615522,0.0,4.0,5.241859368371146,1.7281791105772017,1.69051571706651
765.0,48.96,-0.7304878179390494,-0.19463083461827085,0.0069033009766180115,0.008962819726977846,-0.03992076214893153,0.02520073992275446,0.914482454161552,0.011313164978558318,4.0,5.241829187008909,1.7282490677683182,1.6904878179390495
766.0,49.024,-0.7303724900542653,-0.1944368203898628,0.0,0.0,-0.02678479308363818,-0.06707833731086454,0.9784824541615521,0.0,-4.0,5.241701356235086,1.728136417025558,1.6903724900542652
767.0,49.088,-0.7303724900542653,-0.1944368203898628,0.0,0.0,-0.02678479308363818,-0.06707833731086454,0.7224824541615523,0.0,-4.0,5.241701356235086,1.728136417025558,1.6903724900542652
768.0,49.152,-0.7303724900542653,-0.1944368203898628,0.0,0.0,-0.02678479308363818,-0.06707833731086454,0.46648245416155243,0.0,-4.0,5.241701356235086,1.728136417025558,1.6903724900542652
769.0,49.216,-0.7303724900542653,-0.1944368203898628,0.0,0.0,-0.02678479308363818,-0.06707833731086454,0.2104824541615524,0.0,-4.0,5.241701356235086,1.728136417025558,1.6903724900542652
770.0,49.28,-0.7303724900542653,-0.1944368203898628,0.0,-0.0,-0.02678479308363818,-0.06707833731086454,-0.04551754583844759,0.0,-4.0,5.241701356235086,1.728136417025558,1.6903724900542652
771.0,49.344,-0.7303724900542653,-0.1944368203898628,0.0,-0.0,-0.02678479308363818,-0.06707833731086454,-0.3015175458384476,0.0,-4.0,5.241701356235086,1.728136417025558,1.6903724900542652
772.0,49.408,-0.7299966847132013,-0.19461508286490709,0.014790715144003406,-0.009221961788576982,-0.03503770499658776,-0.06262898382943727,-0.5575175458384476,0.017430141528427864,-4.0,5.241338080819541,1.7277522159696213,1.6899966847132013
773.0,49.472,-0.7297119028441666,-0.19480887653658935,0.0,-0.0,-0.0383080305320842,0.029703897567359257,-0.46151754583844756,0.0,4.0,5.241066661290274,1.7274422777883032,1.6897119028441665
774.0,49.536,-0.7297119028441666,-0.19480887653658935,0.0,-0.0,-0.0383080305320842,0.029703897567359257,-0.20551754583844753,0.0,4.0,5.241066661290274,1.7274422777883032,1.6897119028441665
775.0,49.6,-0.7297119028441666,-0.19480887653658935,0.0,0.0,-0.0383080305320842,0.029703897567359257,0.05048245416155244,0.0,4.0,5.241066661290274,1.7274422777883032,1.6897119028441665
776.0,49.664,-0.7297119028441666,-0.19480887653658935,0.0,0.0,-0.0383080305320842,0.029703897567359257,0.3064824541615524,0.0,4.0,5.241066661290274,1.7274422777883032,1.6897119028441665
777.0,49.728,-0.7297119028441666,-0.19480887653658935,0.0,0.0,-0.0383080305320842,0.029703897567359257,0.5624824541615524,0.0,4.0,5.241066661290274,1.7274422777883032,1.6897119028441665
778.0,49.792,-0.7297119028441666,-0.19480887653658935,0.0,0.0,-0.0383080305320842,0.029703897567359257,0.8184824541615523,0.0,4.0,5.241066661290274,1.7274422777883032,1.6897119028441665
779.0,49.856,-0.7295898252846331,-0.19461079302539197,0.0,0.0,-0.02857154484889779,-0.06743089646921378,1.0424824541615523,0.0,-4.0,5.2409318197616495,1.7273362670593926,1.689589825284633
780.0,49.92,-0.7295898252846331,-0.19461079302539197,0.0,0.0,-0.02857154484889779,-0.06743089646921378,0.7864824541615523,0.0,-4.0,5.2409318197616495,1.7273362670593926,1.689589825284633
781.0,49.984,-0.7295898252846331,-0.19461079302539197,0.0,0.0,-0.02857154484889779,-0.06743089646921378,0.5304824541615525,0.0,-4.0,5.2409318197616495,1.7273362670593926,1.689589825284633
782.0,50.048,-0.7295898252846331,-0.19461079302539197,0.0,0.0,-0.02857154484889779,-0.06743089646921378,0.2744824541615525,0.0,-4.0,5.2409318197616495,1.7273362670593926,1.689589825284633
783.0,50.112,-0.7295898252846331,-0.19461079302539197,0.0,0.0,-0.02857154484889779,-0.06743089646921378,0.018482454161552475,0.0,-4.0,5.2409318197616495,1.7273362670593926,1.689589825284633
784.0,50.176,-0.7295898252846331,-0.19461079302539197,0.0,-0.0,-0.02857154484889779,-0.06743089646921378,-0.23751754583844756,0.0,-4.0,5.2409318197616495,1.7273362670593926,1.689589825284633
785.0,50.24,-0.7295276452694103,-0.19464360194456104,0.01547888922982847,-0.008326326026255397,-0.036453069525120896,-0.063294251450247,-0.49351754583844754,0.017576225899913717,-4.0,5.240871931749367,1.727272697905641,1.6895276452694103
786.0,50.304,-0.7289738916470399,-0.19506734874304815,0.0,-0.0,-0.040523542228868115,0.029722285464246174,-0.7495175458384474,0.0,-4.0,5.240347262796135,1.7264650395306471,1.6889738916470398
787.0,50.368,-0.7289738916470399,-0.19506734874304815,0.0,-0.0,-0.040523542228868115,0.029722285464246174,-1.0055175458384473,0.0,-4.0,5.240347262796135,1.7264650395306471,1.6889738916470398
788.0,50.432,-0.7289738916470399,-0.19506734874304815,0.0,-0.0,-0.040523542228868115,0.029722285464246174,-1.2615175458384476,0.0,-4.0,5.240347262796135,1.7264650395306471,1.6889738916470398
789.0,50.496,-0.7289738916470399,-0.19506734874304815,0.0,-0.0,-0.040523542228868115,0.029722285464246174,-1.5175175458384478,0.0,-4.0,5.240347262796135,1.7264650395306471,1.6889738916470398
790.0,50.56,-0.7289738916470399,-0.19506734874304815,-0.0,-0.0,-0.040523542228868115,0.029722285464246174,-1.773517545838448,0.0,-4.0,5.240347262796135,1.7264650395306471,1.6889738916470398
791.0,50.624,-0.7289738916470399,-0.19506734874304815,-0.0,-0.0,-0.040523542228868115,0.029722285464246174,-2.029517545838448,0.0,-4.0,5.240347262796135,1.7264650395306471,1.6889738916470398
792.0,50.688,-0.7290052191488916,-0.19510403872168325,-0.007905004018826666,-0.009109546805123232,-0.0367248399901457,0.034275039189821103,-2.2855175458384482,0.012061216005544243,-4.0,5.24038093838877,1.7263942977808502,1.6890052191488916
793.0,50.752,-0.7294169915063105,-0.19544221929122013,-0.01091621042939898,-0.00746938506108846,-0.036492178057085045,0.03343197268722682,-2.5415175458384485,0.013227069340172468,-4.0,5.24081409686737,1.7258037163806832,1.6894169915063104
794.0,50.816,-0.7304370454874743,-0.19594717233975328,-0.022458525412775925,-0.00804932245321905,-0.03214379821745966,0.03367328070142957,-2.797446848794969,0.02385742977925741,-3.9823257391300393,5.241865234137331,1.7251243620760845,1.6904370454874744
795.0,50.88,-0.7320832566634753,-0.19630804113857828,-0.030413979735245268,-0.003261760872492653,-0.02809515006433283,0.03121350717461117,-3.034755555835687,0.030588384189512756,-3.273746887373526,5.243531678555544,1.7250971091576222,1.6920832566634751
796.0,50.944,-0.7340841996861052,-0.1963165952065872,-0.032748826650082545,0.00288929995999933,-0.02460009193054047,0.028071010204471798,3.0535944423948838,0.03287603536340732,-2.6741548198083294,5.2455288192439875,1.726076582782313,1.6940841996861051
797.0,51.008,-0.7361326270679126,-0.1959648096080099,-0.031149831420604995,0.00786922632882138,-0.02115048765590949,0.025523868891207918,2.8941449272394664,0.032128440991531566,-2.235318260730291,5.247549574585477,1.7279281287207602,1.6961326270679127
798.0,51.072,-0.7380331237517318,-0.19534404717978546,-0.027664925566544676,0.01114077995984072,-0.017445996618284942,0.02384348850032288,2.7587573002713905,0.02982390123233454,-1.9807858188290273,5.249405063094564,1.7303390140775836,1.6980331237517317
799.0,51.136,-0.7396981430181476,-0.19455245118101824,-0.023605173267811815,0.013083028586791943,-0.013455456887279449,0.02283906392684342,2.6354968385289155,0.02698832788459175,-1.8978510015931784,5.251014475466875,1.7330344663039488,1.6996981430181477
800.0,51.2,-0.7411048901636365,-0.1936600405323248,-0.01960512728009975,0.014223273229480712,-0.009255433785641587,0.022244702033474728,2.5139650458992246,0.024221117171372878,-1.9539134365766075,5.252359726176022,1.7358382834953758,1.7011048901636365
801.0,51.264,-0.7422615096410917,-0.19270659193655879,-0.015918465846096987,0.01499110525296873,-0.004915107362088333,0.02184359391890377,2.3861878695272165,0.021866202038738757,-2.107736553483416,5.253451583827653,1.738660916918564,1.7022615096410916
802.0,51.328,-0.7431374009739067,-0.19177071929307915,-0.0,0.0,0.0019372891562101091,-0.06140361959970972,2.2722502959967854,0.0,4.0,5.254264651695565,1.7411865036485437,1.7031374009739066
803.0,51.392,-0.7431374009739067,-0.19177071929307915,-0.0,0.0,0.0019372891562101091,-0.06140361959970972,2.5282502959967856,0.0,4.0,5.254264651695565,1.7411865036485437,1.7031374009739066
804.0,51.456,-0.7431374009739067,-0.19177071929307915,-0.0,0.0,0.0019372891562101091,-0.06140361959970972,2.784250295996786,0.0,4.0,5.254264651695565,1.7411865036485437,1.7031374009739066
805.0,51.52,-0.7431374009739067,-0.19177071929307915,-0.0,0.0,0.0019372891562101091,-0.06140361959970972,3.040250295996786,0.0,4.0,5.254264651695565,1.7411865036485437,1.7031374009739066
806.0,51.584,-0.7434308510652131,-0.19179976468458781,-0.0,-0.0,-0.006947846822368486,0.029318294793708705,-3.0189350111828004,0.0,-4.0,5.254559369637087,1.7413801969571965,1.703430851065213
807.0,51.648,-0.7438878481935072,-0.1917974024013979,-0.007528892573672997,0.001009912871739938,-0.0026469464982751822,0.028798980787634917,3.008250295996786,0.007596324597752153,-4.0,5.25501524533658,1.7416140311211201,1.7038878481935071
808.0,51.712,-0.7444793586925719,-0.19163307936845617,-0.011161389287000487,0.004579365795320168,0.0006741492505070723,0.026998336997008973,2.752250295996786,0.012064294504997694,-4.0,5.2555948193017334,1.7422964075697707,1.7044793586925717
809.0,51.776,-0.744924095044198,-0.19140589433442662,-0.0,0.0,0.005895326847228599,-0.06062188059770569,2.6886108272781652,0.0,4.0,5.256023853395405,1.743013113527207,1.704924095044198
810.0,51.84,-0.744924095044198,-0.19140589433442662,-0.0,0.0,0.005895326847228599,-0.06062188059770569,2.9446108272781655,0.0,4.0,5.256023853395405,1.743013113527207,1.704924095044198
811.0,51.904,-0.744924095044198,-0.19140589433442662,-0.0,-0.0,0.005895326847228599,-0.06062188059770569,-3.082574479901421,0.0,4.0,5.256023853395405,1.743013113527207,1.704924095044198
812.0,51.968,-0.7452117805969336,-0.19145795258077572,-0.0,-0.0,-0.0031883877193733534,0.029267844855779962,-3.018574479901421,0.0,-4.0,5.256314312966217,1.7430746084736226,1.7052117805969336
813.0,52.032000000000004,-0.745520028909872,-0.19144416966757774,-0.0068649208570581675,0.000918329402370653,0.0006658491205665529,0.028799267982711617,3.0086108272781655,0.006926071560771712,-4.0,5.256621014938646,1.743261033222585,1.705520028909872
814.0,52.096000000000004,-0.74598545909451,-0.1913161427878683,-0.008866841892672919,0.00363420994429751,0.0028406316593193592,0.02742877916911325,2.7526108272781653,0.009582711884894088,-4.0,5.257077148602503,1.7437949691815298,1.70598545909451
815.0,52.160000000000004,-0.7465484490848089,-0.19099757248590982,-0.0,0.0,0.009480670423593351,-0.05992007941137382,2.528610827278165,0.0,4.0,5.257618279509791,1.7446737566033566,1.7065484490848088
816.0,52.224000000000004,-0.7465484490848089,-0.19099757248590982,-0.0,0.0,0.009480670423593351,-0.05992007941137382,2.7846108272781653,0.0,4.0,5.257618279509791,1.7446737566033566,1.7065484490848088
817.0,52.288000000000004,-0.7465484490848089,-0.19099757248590982,-0.0,0.0,0.009480670423593351,-0.05992007941137382,3.0406108272781656,0.0,4.0,5.257618279509791,1.7446737566033566,1.7065484490848088
818.0,52.352000000000004,-0.7465484490848089,-0.19099757248590982,-0.0,-0.0,0.009480670423593351,-0.05992007941137382,-2.986574479901421,0.0,4.0,5.257618279509791,1.7446737566033566,1.7065484490848088
819.0,52.416000000000004,-0.7468287003286437,-0.19107665048501304,-0.0,-0.0,0.0005682320599560975,0.02922322886557091,-2.922574479901421,0.0,-4.0,5.257903069865252,1.7447800796684518,1.7068287003286438
820.0,52.480000000000004,-0.7468567481479227,-0.19107583738031877,-0.007010104246353475,0.00025936470896888863,0.004109330864653982,0.029092689137914834,3.1046108272781656,0.007014900683331271,-4.0,5.257931005864386,1.7447960041920778,1.7068567481479227
821.0,52.544000000000004,-0.7471563305748309,-0.19101365985945654,-0.006577631838831447,0.001984228461545493,0.004545315382121107,0.028221872783261215,2.8486108272781654,0.00687040051196554,-4.0,5.2582259245588014,1.7450920498998899,1.707156330574831
822.0,52.608000000000004,-0.7475703538656852,-0.19082845622711486,-0.0,0.0,0.011729910281549571,-0.05947289502682522,2.624610827278165,0.0,4.0,5.258627069430212,1.745718491344933,1.7075703538656852
823.0,52.672000000000004,-0.7475703538656852,-0.19082845622711486,-0.0,0.0,0.011729910281549571,-0.05947289502682522,2.8806108272781654,0.0,4.0,5.258627069430212,1.745718491344933,1.7075703538656852
824.0,52.736000000000004,-0.7475703538656852,-0.19082845622711486,-0.0,0.0,0.011729910281549571,-0.05947289502682522,3.1366108272781656,0.0,4.0,5.258627069430212,1.745718491344933,1.7075703538656852
825.0,52.800000000000004,-0.7476268377711818,-0.1908424596038701,-0.014092518050544567,-0.003613698768404769,0.009693278978359254,0.03100869412580783,-2.890574479901421,0.014548466716245207,4.0,5.258684342187235,1.7457301783319699,1.7076268377711816
826.0,52.864000000000004,-0.7476268377711818,-0.1908424596038701,-0.0,0.0,0.002647019953086971,0.029201844741605445,3.1366108272781656,0.0,-4.0,5.258684342187235,1.7457301783319699,1.7076268377711816
827.0,52.928000000000004,-0.7477916345928083,-0.19080683134295973,-0.006735773481113138,0.0017989440687865435,0.00638014524236119,0.028297777487768645,2.8806108272781654,0.00697186088153581,-4.0,5.258846483440288,1.745896385240636,1.7077916345928084
828.0,52.992000000000004,-0.7480529765048909,-0.19071413709652177,-0.0,0.0,0.01279047466636507,-0.059264817406908504,2.8166108272781654,0.0,4.0,5.2591012699337965,1.746211896060994,1.7080529765048909
829.0,53.056000000000004,-0.7480529765048909,-0.19071413709652177,-0.0,0.0,0.01279047466636507,-0.059264817406908504,3.0726108272781656,0.0,4.0,5.2591012699337965,1.746211896060994,1.7080529765048909
830.0,53.120000000000005,-0.7480529765048909,-0.19071413709652177,-0.0,-0.0,0.01279047466636507,-0.059264817406908504,-2.954574479901421,0.0,4.0,5.2591012699337965,1.746211896060994,1.7080529765048909
831.0,53.184000000000005,-0.7483303888249252,-0.19080208868689308,-0.0,-0.0,0.003648685668708629,0.029180725996421058,-2.890574479901421,0.0,-4.0,5.259383797928854,1.7461766619665418,1.7083303888249253
832.0,53.248000000000005,-0.7483303888249252,-0.19080208868689308,-0.0,0.0,0.003648685668708629,0.029180725996421058,3.1366108272781656,0.0,-4.0,5.259383797928854,1.7461766619665418,1.7083303888249253
833.0,53.312,-0.7484685918065006,-0.19077335603026613,-0.0,0.0,0.00394899742507393,0.029176868926371134,2.8806108272781654,0.0,-4.0,5.259519848746598,1.7463133487881488,1.7084685918065006
834.0,53.376,-0.7488820959664396,-0.19060399991743232,-0.006277757488855143,0.0035692888228846236,0.008400933349965112,0.02738178963098867,2.624610827278165,0.007221499968153842,-4.0,5.259921514824798,1.7469186613327683,1.7088820959664397
835.0,53.44,-0.7491606682909548,-0.1904127597500249,-0.0,0.0,0.015220512580009227,-0.05879124286357114,2.560610827278165,0.0,4.0,5.26018712295802,1.7473443343404857,1.7091606682909548
836.0,53.504,-0.7491606682909548,-0.1904127597500249,-0.0,0.0,0.015220512580009227,-0.05879124286357114,2.8166108272781654,0.0,4.0,5.26018712295802,1.7473443343404857,1.7091606682909548
837.0,53.568,-0.7491606682909548,-0.1904127597500249,-0.0,0.0,0.015220512580009227,-0.05879124286357114,3.0726108272781656,0.0,4.0,5.26018712295802,1.7473443343404857,1.7091606682909548
838.0,53.632,-0.7491606682909548,-0.1904127597500249,-0.0,-0.0,0.015220512580009227,-0.05879124286357114,-2.954574479901421,0.0,4.0,5.26018712295802,1.7473443343404857,1.7091606682909548
839.0,53.696,-0.7494385390529174,-0.19050085668612804,-0.0,-0.0,0.006406466472753836,0.029150733753422524,-2.890574479901421,0.0,-4.0,5.260470112898467,1.7474394677076717,1.7094385390529174
840.0,53.76,-0.7494385390529174,-0.19050085668612804,-0.0,0.0,0.006406466472753836,0.029150733753422524,3.1366108272781656,0.0,-4.0,5.260470112898467,1.7474394677076717,1.7094385390529174
841.0,53.824,-0.7494662796056504,-0.1904936851820486,-0.006920573404839619,0.001848299161803273,0.009933860396803496,0.028225827906762327,2.8806108272781654,0.007163138002530463,-4.0,5.260497331086258,1.7474702102385216,1.7094662796056503
842.0,53.888,-0.7497507160512957,-0.1903636922261884,-0.006126793452822678,0.0034834565416241863,0.010505188553846745,0.027401198458509548,2.624610827278165,0.007047841335539214,-4.0,5.260772759173972,1.7479183690101052,1.7097507160512957
843.0,53.952,-0.7498702861579604,-0.19028922958965455,-0.0,0.0,0.01677425354485218,-0.0584829341539007,2.7206108272781653,0.0,4.0,5.260887261789496,1.748069805492767,1.7098702861579604
844.0,54.016,-0.7498702861579604,-0.19028922958965455,-0.0,0.0,0.01677425354485218,-0.0584829341539007,2.9766108272781655,0.0,4.0,5.260887261789496,1.748069805492767,1.7098702861579604
845.0,54.08,-0.7498702861579604,-0.19028922958965455,-0.0,-0.0,0.01677425354485218,-0.0584829341539007,-3.050574479901421,0.0,4.0,5.260887261789496,1.748069805492767,1.7098702861579604
846.0,54.144,-0.749925369080719,-0.19030865362277657,-0.013731442376781275,-0.00496601755948931,0.023760483226487827,-0.05597369323946355,-2.7945744799014207,0.0146018437242706,4.0,5.260943485787304,1.7481261190007868,1.709925369080719
847.0,54.208,-0.7501861679759249,-0.19044015372890136,-0.0,-0.0,0.007555548776620347,0.029128694357855176,-2.7305744799014207,0.0,-4.0,5.261212245925523,1.747955843021934,1.710186167975925
848.0,54.272,-0.7501861679759249,-0.19044015372890136,-0.0,-0.0,0.007555548776620347,0.029128694357855176,-2.986574479901421,0.0,-4.0,5.261212245925523,1.747955843021934,1.710186167975925
849.0,54.336,-0.7501861679759249,-0.19044015372890136,-0.0,0.0,0.007555548776620347,0.029128694357855176,3.0406108272781656,0.0,-4.0,5.261212245925523,1.747955843021934,1.710186167975925
850.0,54.4,-0.7503241192776492,-0.19039733194073508,-0.0,0.0,0.007924393738439284,0.02912503353502071,2.7846108272781653,0.0,-4.0,5.26134713747924,1.748125578217199,1.710324119277649
851.0,54.464,-0.7507304973083198,-0.1901833667075366,-0.005842666493889391,0.004109536210336275,0.01236680749726543,0.027060525834972017,2.528610827278165,0.007143181337673206,-4.0,5.2617388265048035,1.748832367536468,1.7107304973083197
852.0,54.528,-0.7508439293284074,-0.1900966002687512,-0.0,0.0,0.0189022761555529,-0.05806257566985468,2.624610827278165,0.0,4.0,5.261846412399297,1.7490652004308278,1.7108439293284072
853.0,54.592,-0.7508439293284074,-0.1900966002687512,-0.0,0.0,0.0189022761555529,-0.05806257566985468,2.8806108272781654,0.0,4.0,5.261846412399297,1.7490652004308278,1.7108439293284072
854.0,54.656,-0.7508439293284074,-0.1900966002687512,-0.0,0.0,0.0189022761555529,-0.05806257566985468,3.1366108272781656,0.0,4.0,5.261846412399297,1.7490652004308278,1.7108439293284072
855.0,54.72,-0.7508439293284074,-0.1900966002687512,-0.0,-0.0,0.0189022761555529,-0.05806257566985468,-2.890574479901421,0.0,4.0,5.261846412399297,1.7490652004308278,1.7108439293284072
856.0,54.784,-0.7511170838457961,-0.1902028669283253,-0.0,-0.0,0.009786035665172887,0.029103334643303586,-2.8265744799014207,0.0,-4.0,5.262125864983032,1.7489795540177997,1.711117083845796
857.0,54.848,-0.7511170838457961,-0.1902028669283253,-0.0,-0.0,0.009786035665172887,0.029103334643303586,-3.082574479901421,0.0,-4.0,5.262125864983032,1.7489795540177997,1.711117083845796
858.0,54.912,-0.7511170838457961,-0.1902028669283253,-0.0,0.0,0.009786035665172887,0.029103334643303586,2.9446108272781655,0.0,-4.0,5.262125864983032,1.7489795540177997,1.711117083845796
859.0,54.976,-0.7512530041997476,-0.19014588367133545,-0.0,0.0,0.010221922108967108,0.029099894949374455,2.6886108272781652,0.0,-4.0,5.2622578173532535,1.7491816192828682,1.7112530041997476
860.0,55.04,-0.7516230296492659,-0.18990729912003626,-0.0,0.0,0.02060192919490622,-0.05772969558650673,2.464610827278165,0.0,4.0,5.262611653688462,1.749861706316314,1.7116230296492658
861.0,55.104,-0.7516230296492659,-0.18990729912003626,-0.0,0.0,0.02060192919490622,-0.05772969558650673,2.7206108272781653,0.0,4.0,5.262611653688462,1.749861706316314,1.7116230296492658
862.0,55.168,-0.7516230296492659,-0.18990729912003626,-0.0,0.0,0.02060192919490622,-0.05772969558650673,2.9766108272781655,0.0,4.0,5.262611653688462,1.749861706316314,1.7116230296492658
863.0,55.232,-0.7516230296492659,-0.18990729912003626,-0.0,-0.0,0.02060192919490622,-0.05772969558650673,-3.050574479901421,0.0,4.0,5.262611653688462,1.749861706316314,1.7116230296492658
864.0,55.296,-0.7516230296492659,-0.18990729912003626,-0.0,-0.0,0.02060192919490622,-0.05772969558650673,-2.7945744799014207,0.0,4.0,5.262611653688462,1.749861706316314,1.7116230296492658
865.0,55.36,-0.7518954879311085,-0.1900183459004641,-0.0,-0.0,0.011578755485769088,0.029081955970112594,-2.890574479901421,0.0,-4.0,5.262890716298412,1.7498028427993388,1.7118954879311086
866.0,55.424,-0.7518954879311085,-0.1900183459004641,-0.0,0.0,0.011578755485769088,0.029081955970112594,3.1366108272781656,0.0,-4.0,5.262890716298412,1.7498028427993388,1.7118954879311086
867.0,55.488,-0.7518954879311085,-0.1900183459004641,-0.0,0.0,0.011578755485769088,0.029081955970112594,2.8806108272781654,0.0,-4.0,5.262890716298412,1.7498028427993388,1.7118954879311086
868.0,55.552,-0.7520300547657202,-0.18995151029475765,-0.0,0.0,0.012061059003797225,0.029078655775296156,2.624610827278165,0.0,-4.0,5.263020684503729,1.750027430316894,1.7120300547657201
869.0,55.616,-0.7522787292753851,-0.189782546733294,-0.0,0.0,0.02203019618245544,-0.05744723811806714,2.560610827278165,0.0,4.0,5.263257929178772,1.7505320546621335,1.712278729275385
870.0,55.68,-0.7522787292753851,-0.189782546733294,-0.0,0.0,0.02203019618245544,-0.05744723811806714,2.8166108272781654,0.0,4.0,5.263257929178772,1.7505320546621335,1.712278729275385
871.0,55.744,-0.7522787292753851,-0.189782546733294,-0.0,0.0,0.02203019618245544,-0.05744723811806714,3.0726108272781656,0.0,4.0,5.263257929178772,1.7505320546621335,1.712278729275385
872.0,55.808,-0.7522787292753851,-0.189782546733294,-0.0,-0.0,0.02203019618245544,-0.05744723811806714,-2.954574479901421,0.0,4.0,5.263257929178772,1.7505320546621335,1.712278729275385
873.0,55.872,-0.7523322935329906,-0.18980743851235946,-0.013340852862491391,-0.006329873005699463,0.019784082146926785,0.03223607886635239,-2.6985744799014206,0.01476636879422045,4.0,5.263312988694275,1.7505176312346422,1.7123322935329905
874.0,55.936,-0.7523322935329906,-0.18980743851235946,-0.0,-0.0,0.013113655715681072,0.029071142363502653,-2.954574479901421,0.0,-4.0,5.263312988694275,1.7505176312346422,1.7123322935329905
875.0,56.0,-0.7523322935329906,-0.18980743851235946,-0.0,0.0,0.013113655715681072,0.029071142363502653,3.0726108272781656,0.0,-4.0,5.263312988694275,1.7505176312346422,1.7123322935329905
876.0,56.064,-0.7523322935329906,-0.18980743851235946,-0.0,0.0,0.013113655715681072,0.029071142363502653,2.8166108272781654,0.0,-4.0,5.263312988694275,1.7505176312346422,1.7123322935329905
877.0,56.128,-0.7524647600761641,-0.18973071444536846,-0.0,0.0,0.022435052361315044,-0.05736849322914219,2.592610827278165,0.0,4.0,5.2634402261429285,1.750722241501665,1.712464760076164
878.0,56.192,-0.7524647600761641,-0.18973071444536846,-0.0,0.0,0.022435052361315044,-0.05736849322914219,2.8486108272781654,0.0,4.0,5.2634402261429285,1.750722241501665,1.712464760076164
879.0,56.256,-0.7524647600761641,-0.18973071444536846,-0.0,0.0,0.022435052361315044,-0.05736849322914219,3.1046108272781656,0.0,4.0,5.2634402261429285,1.750722241501665,1.712464760076164
880.0,56.32,-0.7524647600761641,-0.18973071444536846,-0.0,-0.0,0.022435052361315044,-0.05736849322914219,-2.922574479901421,0.0,4.0,5.2634402261429285,1.750722241501665,1.712464760076164
881.0,56.384,-0.7527348574551439,-0.1898510145844296,-0.0,-0.0,0.013352254170334199,0.029058558026428847,-2.6985744799014206,0.0,-4.0,5.263717526125274,1.7506161094425485,1.712734857455144
882.0,56.448,-0.7527348574551439,-0.1898510145844296,-0.0,-0.0,0.013352254170334199,0.029058558026428847,-2.954574479901421,0.0,-4.0,5.263717526125274,1.7506161094425485,1.712734857455144
883.0,56.512,-0.7527348574551439,-0.1898510145844296,-0.0,0.0,0.013352254170334199,0.029058558026428847,3.0726108272781656,0.0,-4.0,5.263717526125274,1.7506161094425485,1.712734857455144
884.0,56.576,-0.7527348574551439,-0.1898510145844296,-0.0,0.0,0.013352254170334199,0.029058558026428847,2.8166108272781654,0.0,-4.0,5.263717526125274,1.7506161094425485,1.712734857455144
885.0,56.64,-0.7528676870775286,-0.18977408022348022,-0.0,0.0,0.013881600517024695,0.029055405999489824,2.560610827278165,0.0,-4.0,5.263845112038816,1.7508636075925808,1.7128676870775286
886.0,56.704,-0.7531104744173496,-0.18958533863631105,-0.0,0.0,0.02383906999019142,-0.0570926701997634,2.496610827278165,0.0,4.0,5.264075214000082,1.7513823814853455,1.7131104744173495
887.0,56.768,-0.7531104744173496,-0.18958533863631105,-0.0,0.0,0.02383906999019142,-0.0570926701997634,2.7526108272781653,0.0,4.0,5.264075214000082,1.7513823814853455,1.7131104744173495
888.0,56.832,-0.7531104744173496,-0.18958533863631105,-0.0,0.0,0.02383906999019142,-0.0570926701997634,3.0086108272781655,0.0,4.0,5.264075214000082,1.7513823814853455,1.7131104744173495
889.0,56.896,-0.7531104744173496,-0.18958533863631105,-0.0,-0.0,0.02383906999019142,-0.0570926701997634,-3.018574479901421,0.0,4.0,5.264075214000082,1.7513823814853455,1.7131104744173495
890.0,56.96,-0.7531104744173496,-0.18958533863631105,-0.0,-0.0,0.02383906999019142,-0.0570926701997634,-2.7625744799014207,0.0,4.0,5.264075214000082,1.7513823814853455,1.7131104744173495
891.0,57.024,-0.7533712342694349,-0.18972746014146324,-0.0,-0.0,0.014678540295439468,0.029040805918288243,-2.6985744799014206,0.0,-4.0,5.264344600443985,1.7512249034932028,1.713371234269435
892.0,57.088,-0.7533712342694349,-0.18972746014146324,-0.0,-0.0,0.014678540295439468,0.029040805918288243,-2.954574479901421,0.0,-4.0,5.264344600443985,1.7512249034932028,1.713371234269435
893.0,57.152,-0.7533712342694349,-0.18972746014146324,-0.0,0.0,0.014678540295439468,0.029040805918288243,3.0726108272781656,0.0,-4.0,5.264344600443985,1.7512249034932028,1.713371234269435
894.0,57.216,-0.7533712342694349,-0.18972746014146324,-0.0,0.0,0.014678540295439468,0.029040805918288243,2.8166108272781654,0.0,-4.0,5.264344600443985,1.7512249034932028,1.713371234269435
895.0,57.28,-0.7535063908600456,-0.18964917801026349,-0.0,0.0,0.015216464255476625,0.029037585532316848,2.560610827278165,0.0,-4.0,5.264474424188077,1.7514767373115485,1.7135063908600454
896.0,57.344,-0.7537541625583635,-0.1894565218063028,-0.0,0.0,0.025236766105642294,-0.056816831676647625,2.496610827278165,0.0,4.0,5.264709254156032,1.7520404500023374,1.7137541625583634
897.0,57.408,-0.7537541625583635,-0.1894565218063028,-0.0,0.0,0.025236766105642294,-0.056816831676647625,2.7526108272781653,0.0,4.0,5.264709254156032,1.7520404500023374,1.7137541625583634
898.0,57.472,-0.7537541625583635,-0.1894565218063028,-0.0,0.0,0.025236766105642294,-0.056816831676647625,3.0086108272781655,0.0,4.0,5.264709254156032,1.7520404500023374,1.7137541625583634
899.0,57.536,-0.7537541625583635,-0.1894565218063028,-0.0,-0.0,0.025236766105642294,-0.056816831676647625,-3.018574479901421,0.0,4.0,5.264709254156032,1.7520404500023374,1.7137541625583634
900.0,57.6,-0.7537541625583635,-0.1894565218063028,-0.0,-0.0,0.025236766105642294,-0.056816831676647625,-2.7625744799014207,0.0,4.0,5.264709254156032,1.7520404500023374,1.7137541625583634
901.0,57.664,-0.754016185470581,-0.18959933171500196,-0.0,-0.0,0.016035311697587873,0.029022866743606445,-2.6985744799014206,0.0,-4.0,5.264979941394659,1.7518487503833344,1.714016185470581
902.0,57.728,-0.754016185470581,-0.18959933171500196,-0.0,-0.0,0.016035311697587873,0.029022866743606445,-2.954574479901421,0.0,-4.0,5.264979941394659,1.7518487503833344,1.714016185470581
903.0,57.792,-0.754016185470581,-0.18959933171500196,-0.0,0.0,0.016035311697587873,0.029022866743606445,3.0726108272781656,0.0,-4.0,5.264979941394659,1.7518487503833344,1.714016185470581
904.0,57.856,-0.754016185470581,-0.18959933171500196,-0.0,0.0,0.016035311697587873,0.029022866743606445,2.8166108272781654,0.0,-4.0,5.264979941394659,1.7518487503833344,1.714016185470581
905.0,57.92,-0.7540429333153873,-0.18958207444682076,-0.006652233051749073,0.004367674106885618,0.019476455966877415,0.02683840889243649,2.560610827278165,0.007957938280656735,-4.0,5.265005520453608,1.7519027448245217,1.7140429333153873
906.0,57.984,-0.7542983413191421,-0.18934471073020162,-0.005303999541718866,0.005881500938437815,0.020256877746790636,0.026076233362908586,2.304610827278165,0.007919877803817357,-4.0,5.265245093278152,1.7525892183401284,1.7142983413191422
907.0,58.048,-0.7543996950286113,-0.18922285757269322,-0.0,0.0,0.02663654912555591,-0.05654896872252524,2.400610827278165,0.0,4.0,5.265338384398152,1.7527004040519754,1.7143996950286113
908.0,58.112,-0.7543996950286113,-0.18922285757269322,-0.0,0.0,0.02663654912555591,-0.05654896872252524,2.656610827278165,0.0,4.0,5.265338384398152,1.7527004040519754,1.7143996950286113
909.0,58.176,-0.7543996950286113,-0.18922285757269322,-0.0,0.0,0.02663654912555591,-0.05654896872252524,2.9126108272781654,0.0,4.0,5.265338384398152,1.7527004040519754,1.7143996950286113
910.0,58.24,-0.7543996950286113,-0.18922285757269322,-0.0,-0.0,0.02663654912555591,-0.05654896872252524,-3.114574479901421,0.0,4.0,5.265338384398152,1.7527004040519754,1.7143996950286113
911.0,58.304,-0.7543996950286113,-0.18922285757269322,-0.0,-0.0,0.02663654912555591,-0.05654896872252524,-2.8585744799014208,0.0,4.0,5.265338384398152,1.7527004040519754,1.7143996950286113
912.0,58.368,-0.7546654095948552,-0.18936221240055007,-0.0,-0.0,0.017930855160121384,0.029005888703533142,-2.6345744799014206,0.0,-4.0,5.265612526382668,1.7527313604734744,1.714665409594855
913.0,58.432,-0.7546654095948552,-0.18936221240055007,-0.0,-0.0,0.017930855160121384,0.029005888703533142,-2.890574479901421,0.0,-4.0,5.265612526382668,1.7527313604734744,1.714665409594855
914.0,58.496,-0.7546654095948552,-0.18936221240055007,-0.0,0.0,0.017930855160121384,0.029005888703533142,3.1366108272781656,0.0,-4.0,5.265612526382668,1.7527313604734744,1.714665409594855
915.0,58.56,-0.7546654095948552,-0.18936221240055007,-0.0,0.0,0.017930855160121384,0.029005888703533142,2.8806108272781654,0.0,-4.0,5.265612526382668,1.7527313604734744,1.714665409594855
916.0,58.624,-0.7546654095948552,-0.18936221240055007,-0.0,0.0,0.017930855160121384,0.029005888703533142,2.624610827278165,0.0,-4.0,5.265612526382668,1.7527313604734744,1.714665409594855
917.0,58.688,-0.7548208388049316,-0.189241967392441,-0.005915299193666647,0.0057702006323401495,0.021653527202539546,0.026117306183811532,2.368610827278165,0.008263533135896046,-4.0,5.265759884421133,1.7530921270750184,1.7148208388049315
918.0,58.752,-0.7549327685960939,-0.18912368592040377,-0.0,0.0,0.027791028855469024,-0.05632057487557,2.464610827278165,0.0,4.0,5.265863962999543,1.7532453868000621,1.714932768596094
919.0,58.816,-0.7549327685960939,-0.18912368592040377,-0.0,0.0,0.027791028855469024,-0.05632057487557,2.7206108272781653,0.0,4.0,5.265863962999543,1.7532453868000621,1.714932768596094
920.0,58.88,-0.7549327685960939,-0.18912368592040377,-0.0,0.0,0.027791028855469024,-0.05632057487557,2.9766108272781655,0.0,4.0,5.265863962999543,1.7532453868000621,1.714932768596094
921.0,58.944,-0.7549327685960939,-0.18912368592040377,-0.0,-0.0,0.027791028855469024,-0.05632057487557,-3.050574479901421,0.0,4.0,5.265863962999543,1.7532453868000621,1.714932768596094
922.0,59.008,-0.7549327685960939,-0.18912368592040377,-0.0,-0.0,0.027791028855469024,-0.05632057487557,-2.7945744799014207,0.0,4.0,5.265863962999543,1.7532453868000621,1.714932768596094
923.0,59.072,-0.7551902388528596,-0.18928048788123097,-0.0,-0.0,0.018920968003348027,0.028991079705197265,-2.5705744799014205,0.0,-4.0,5.266130998749586,1.753185943340582,1.7151902388528595
924.0,59.136,-0.7551902388528596,-0.18928048788123097,-0.0,-0.0,0.018920968003348027,0.028991079705197265,-2.8265744799014207,0.0,-4.0,5.266130998749586,1.753185943340582,1.7151902388528595
925.0,59.2,-0.7551902388528596,-0.18928048788123097,-0.0,-0.0,0.018920968003348027,0.028991079705197265,-3.082574479901421,0.0,-4.0,5.266130998749586,1.753185943340582,1.7151902388528595
926.0,59.264,-0.7551902388528596,-0.18928048788123097,-0.0,0.0,0.018920968003348027,0.028991079705197265,2.9446108272781655,0.0,-4.0,5.266130998749586,1.753185943340582,1.7151902388528595
927.0,59.328,-0.7551902388528596,-0.18928048788123097,-0.0,0.0,0.018920968003348027,0.028991079705197265,2.6886108272781652,0.0,-4.0,5.266130998749586,1.753185943340582,1.7151902388528595
928.0,59.392,-0.7553222251814043,-0.18917952887787956,-0.0,0.0,0.019564373854781325,0.028988103007352176,2.432610827278165,0.0,-4.0,5.266256207524986,1.7534895888607007,1.7153222251814042
929.0,59.456,-0.755445168723588,-0.18906522870397022,-0.0,0.0,0.028899505242349688,-0.0560983506441409,2.528610827278165,0.0,4.0,5.266371535580848,1.7537692342512132,1.7154451687235879
930.0,59.52,-0.755445168723588,-0.18906522870397022,-0.0,0.0,0.028899505242349688,-0.0560983506441409,2.7846108272781653,0.0,4.0,5.266371535580848,1.7537692342512132,1.7154451687235879
931.0,59.584,-0.755445168723588,-0.18906522870397022,-0.0,0.0,0.028899505242349688,-0.0560983506441409,3.0406108272781656,0.0,4.0,5.266371535580848,1.7537692342512132,1.7154451687235879
932.0,59.648,-0.755445168723588,-0.18906522870397022,-0.0,-0.0,0.028899505242349688,-0.0560983506441409,-2.986574479901421,0.0,4.0,5.266371535580848,1.7537692342512132,1.7154451687235879
933.0,59.712,-0.755445168723588,-0.18906522870397022,-0.0,-0.0,0.028899505242349688,-0.0560983506441409,-2.7305744799014207,0.0,4.0,5.266371535580848,1.7537692342512132,1.7154451687235879
934.0,59.776,-0.7557063592528511,-0.18921862212523335,-0.0,-0.0,0.019802996211377877,0.028976369671975408,-2.6665744799014206,0.0,-4.0,5.26664206191074,1.7535894170673185,1.715706359252851
935.0,59.84,-0.7557063592528511,-0.18921862212523335,-0.0,-0.0,0.019802996211377877,0.028976369671975408,-2.922574479901421,0.0,-4.0,5.26664206191074,1.7535894170673185,1.715706359252851
936.0,59.904,-0.7557063592528511,-0.18921862212523335,-0.0,0.0,0.019802996211377877,0.028976369671975408,3.1046108272781656,0.0,-4.0,5.26664206191074,1.7535894170673185,1.715706359252851
937.0,59.968,-0.7557063592528511,-0.18921862212523335,-0.0,0.0,0.019802996211377877,0.028976369671975408,2.8486108272781654,0.0,-4.0,5.26664206191074,1.7535894170673185,1.715706359252851
938.0,60.032000000000004,-0.7557063592528511,-0.18921862212523335,-0.0,0.0,0.019802996211377877,0.028976369671975408,2.592610827278165,0.0,-4.0,5.26664206191074,1.7535894170673185,1.715706359252851
939.0,60.096000000000004,-0.7558623102234838,-0.18908978636746127,-0.005900626395529351,0.006136385315552645,0.02355962584557514,0.02590473519688992,2.336610827278165,0.008513085022513744,-4.0,5.266789392717965,1.7539706710234977,1.7158623102234838
940.0,60.160000000000004,-0.7559738699296727,-0.18896407226425493,-0.0,0.0,0.030041982867865857,-0.055872592356294756,2.432610827278165,0.0,4.0,5.266892628834336,1.754309746956748,1.7159738699296727
941.0,60.224000000000004,-0.7559738699296727,-0.18896407226425493,-0.0,0.0,0.030041982867865857,-0.055872592356294756,2.6886108272781652,0.0,4.0,5.266892628834336,1.754309746956748,1.7159738699296727
942.0,60.288000000000004,-0.7559738699296727,-0.18896407226425493,-0.0,0.0,0.030041982867865857,-0.055872592356294756,2.9446108272781655,0.0,4.0,5.266892628834336,1.754309746956748,1.7159738699296727
943.0,60.352000000000004,-0.7559738699296727,-0.18896407226425493,-0.0,-0.0,0.030041982867865857,-0.055872592356294756,-3.082574479901421,0.0,4.0,5.266892628834336,1.754309746956748,1.7159738699296727
944.0,60.416000000000004,-0.7559738699296727,-0.18896407226425493,-0.0,-0.0,0.030041982867865857,-0.055872592356294756,-2.8265744799014207,0.0,4.0,5.266892628834336,1.754309746956748,1.7159738699296727
945.0,60.480000000000004,-0.7560253695813064,-0.1889965768890898,-0.012809492357160569,-0.008228894377715939,0.027653204319640357,0.03308337466877027,-2.5705744799014205,0.015224907130349269,4.0,5.266946113719489,1.75427159091059,1.7160253695813064
946.0,60.544000000000004,-0.7560253695813064,-0.1889965768890898,-0.0,-0.0,0.021248458141060078,0.028968927479912296,-2.8265744799014207,0.0,-4.0,5.266946113719489,1.75427159091059,1.7160253695813064
947.0,60.608000000000004,-0.7560253695813064,-0.1889965768890898,-0.0,-0.0,0.021248458141060078,0.028968927479912296,-3.082574479901421,0.0,-4.0,5.266946113719489,1.75427159091059,1.7160253695813064
948.0,60.672000000000004,-0.7560253695813064,-0.1889965768890898,-0.0,0.0,0.021248458141060078,0.028968927479912296,2.9446108272781655,0.0,-4.0,5.266946113719489,1.75427159091059,1.7160253695813064
949.0,60.736000000000004,-0.7560253695813064,-0.1889965768890898,-0.0,0.0,0.021248458141060078,0.028968927479912296,2.6886108272781652,0.0,-4.0,5.266946113719489,1.75427159091059,1.7160253695813064
950.0,60.800000000000004,-0.7560517265519999,-0.18897433244521886,-0.006544543405532782,0.005613646392241342,0.02465915536551444,0.026161517291356646,2.432610827278165,0.008622300980830283,-4.0,5.266970984374884,1.7543371331934652,1.716051726552
951.0,60.864000000000004,-0.7561685002350615,-0.1888469090133697,-0.0,0.0,0.03046223946951404,-0.05579594671398093,2.368610827278165,0.0,4.0,5.26707931690906,1.754508725418938,1.7161685002350615
952.0,60.928000000000004,-0.7561685002350615,-0.1888469090133697,-0.0,0.0,0.03046223946951404,-0.05579594671398093,2.624610827278165,0.0,4.0,5.26707931690906,1.754508725418938,1.7161685002350615
953.0,60.992000000000004,-0.7561685002350615,-0.1888469090133697,-0.0,0.0,0.03046223946951404,-0.05579594671398093,2.8806108272781654,0.0,4.0,5.26707931690906,1.754508725418938,1.7161685002350615
954.0,61.056000000000004,-0.7561685002350615,-0.1888469090133697,-0.0,0.0,0.03046223946951404,-0.05579594671398093,3.1366108272781656,0.0,4.0,5.26707931690906,1.754508725418938,1.7161685002350615
955.0,61.120000000000005,-0.7561685002350615,-0.1888469090133697,-0.0,-0.0,0.03046223946951404,-0.05579594671398093,-2.890574479901421,0.0,4.0,5.26707931690906,1.754508725418938,1.7161685002350615
956.0,61.184000000000005,-0.7561685002350615,-0.1888469090133697,-0.0,-0.0,0.03046223946951404,-0.05579594671398093,-2.6345744799014206,0.0,4.0,5.26707931690906,1.754508725418938,1.7161685002350615
957.0,61.248000000000005,-0.7564291102774386,-0.1890056231350291,-0.0,-0.0,0.021655775913157538,0.028956940630714877,-2.7305744799014207,0.0,-4.0,5.267349599550919,1.7544519606680682,1.7164291102774385
958.0,61.312000000000005,-0.7564291102774386,-0.1890056231350291,-0.0,-0.0,0.021655775913157538,0.028956940630714877,-2.986574479901421,0.0,-4.0,5.267349599550919,1.7544519606680682,1.7164291102774385
959.0,61.376000000000005,-0.7564291102774386,-0.1890056231350291,-0.0,0.0,0.021655775913157538,0.028956940630714877,3.0406108272781656,0.0,-4.0,5.267349599550919,1.7544519606680682,1.7164291102774385
960.0,61.44,-0.7564291102774386,-0.1890056231350291,-0.0,0.0,0.021655775913157538,0.028956940630714877,2.7846108272781653,0.0,-4.0,5.267349599550919,1.7544519606680682,1.7164291102774385
961.0,61.504,-0.7564291102774386,-0.1890056231350291,-0.0,0.0,0.021655775913157538,0.028956940630714877,2.528610827278165,0.0,-4.0,5.267349599550919,1.7544519606680682,1.7164291102774385
962.0,61.568,-0.7565809900104694,-0.18886285246939297,-0.005669133976848538,0.006705900144485916,0.025358801403614017,0.02560072553783035,2.272610827278165,0.00878112616896459,-4.0,5.267491977907811,1.7548639929268053,1.7165809900104694
963.0,61.632,-0.7566872851087136,-0.1887264046488482,-0.0,0.0,0.03158158129489086,-0.0555764853037263,2.368610827278165,0.0,4.0,5.2675892769491774,1.755039100255274,1.7166872851087136
964.0,61.696,-0.7566872851087136,-0.1887264046488482,-0.0,0.0,0.03158158129489086,-0.0555764853037263,2.624610827278165,0.0,4.0,5.2675892769491774,1.755039100255274,1.7166872851087136
965.0,61.76,-0.7566872851087136,-0.1887264046488482,-0.0,0.0,0.03158158129489086,-0.0555764853037263,2.8806108272781654,0.0,4.0,5.2675892769491774,1.755039100255274,1.7166872851087136
966.0,61.824,-0.7566872851087136,-0.1887264046488482,-0.0,0.0,0.03158158129489086,-0.0555764853037263,3.1366108272781656,0.0,4.0,5.2675892769491774,1.755039100255274,1.7166872851087136
967.0,61.888,-0.7566872851087136,-0.1887264046488482,-0.0,-0.0,0.03158158129489086,-0.0555764853037263,-2.890574479901421,0.0,4.0,5.2675892769491774,1.755039100255274,1.7166872851087136
968.0,61.952,-0.7566872851087136,-0.1887264046488482,-0.0,-0.0,0.03158158129489086,-0.0555764853037263,-2.6345744799014206,0.0,4.0,5.2675892769491774,1.755039100255274,1.7166872851087136
969.0,62.016,-0.7569357501854618,-0.18890643191683784,-0.0,-0.0,0.022707482342859964,0.028942878221709652,-2.5705744799014205,0.0,-4.0,5.2678488067875096,1.7549385849067785,1.7169357501854616
970.0,62.08,-0.7569357501854618,-0.18890643191683784,-0.0,-0.0,0.022707482342859964,0.028942878221709652,-2.8265744799014207,0.0,-4.0,5.2678488067875096,1.7549385849067785,1.7169357501854616
971.0,62.144,-0.7569357501854618,-0.18890643191683784,-0.0,-0.0,0.022707482342859964,0.028942878221709652,-3.082574479901421,0.0,-4.0,5.2678488067875096,1.7549385849067785,1.7169357501854616
972.0,62.208,-0.7569357501854618,-0.18890643191683784,-0.0,0.0,0.022707482342859964,0.028942878221709652,2.9446108272781655,0.0,-4.0,5.2678488067875096,1.7549385849067785,1.7169357501854616
973.0,62.272,-0.7569357501854618,-0.18890643191683784,-0.0,0.0,0.022707482342859964,0.028942878221709652,2.6886108272781652,0.0,-4.0,5.2678488067875096,1.7549385849067785,1.7169357501854616
974.0,62.336,-0.7569627389993979,-0.18888365421739245,-0.006701432661716991,0.0057482196928348335,0.02619974127933683,0.026068165857570855,2.432610827278165,0.008828999340617342,-4.0,5.267874274346702,1.7550056981481221,1.7169627389993978
975.0,62.4,-0.7571908833557988,-0.1886138086022361,-0.0,0.0,0.03266697852135825,-0.055363348133900245,2.208610827278165,0.0,4.0,5.268084594557631,1.7555539491867724,1.7171908833557987
976.0,62.464,-0.7571908833557988,-0.1886138086022361,-0.0,0.0,0.03266697852135825,-0.055363348133900245,2.464610827278165,0.0,4.0,5.268084594557631,1.7555539491867724,1.7171908833557987
977.0,62.528,-0.7571908833557988,-0.1886138086022361,-0.0,0.0,0.03266697852135825,-0.055363348133900245,2.7206108272781653,0.0,4.0,5.268084594557631,1.7555539491867724,1.7171908833557987
978.0,62.592,-0.7571908833557988,-0.1886138086022361,-0.0,0.0,0.03266697852135825,-0.055363348133900245,2.9766108272781655,0.0,4.0,5.268084594557631,1.7555539491867724,1.7171908833557987
979.0,62.656,-0.7571908833557988,-0.1886138086022361,-0.0,-0.0,0.03266697852135825,-0.055363348133900245,-3.050574479901421,0.0,4.0,5.268084594557631,1.7555539491867724,1.7171908833557987
980.0,62.72,-0.7571908833557988,-0.1886138086022361,-0.0,-0.0,0.03266697852135825,-0.055363348133900245,-2.7945744799014207,0.0,4.0,5.268084594557631,1.7555539491867724,1.7171908833557987
981.0,62.784,-0.7572419887153158,-0.18864839916536608,-0.012706750650220122,-0.00874957368825503,0.039130435630599314,-0.050963264461545116,-2.5385744799014205,0.015427785058558283,4.0,5.268137817689343,1.7556061962704217,1.7172419887153159
982.0,62.848,-0.7574734707843559,-0.1888526640327378,-0.0,-0.0,0.023570885656653218,0.02892754577933077,-2.4745744799014204,0.0,-4.0,5.2683819550145925,1.7553337810853042,1.717473470784356
983.0,62.912,-0.7574734707843559,-0.1888526640327378,-0.0,-0.0,0.023570885656653218,0.02892754577933077,-2.7305744799014207,0.0,-4.0,5.2683819550145925,1.7553337810853042,1.717473470784356
984.0,62.976,-0.7574734707843559,-0.1888526640327378,-0.0,-0.0,0.023570885656653218,0.02892754577933077,-2.986574479901421,0.0,-4.0,5.2683819550145925,1.7553337810853042,1.717473470784356
985.0,63.04,-0.7574734707843559,-0.1888526640327378,-0.0,0.0,0.023570885656653218,0.02892754577933077,3.0406108272781656,0.0,-4.0,5.2683819550145925,1.7553337810853042,1.717473470784356
986.0,63.104,-0.7574734707843559,-0.1888526640327378,-0.0,0.0,0.023570885656653218,0.02892754577933077,2.7846108272781653,0.0,-4.0,5.2683819550145925,1.7553337810853042,1.717473470784356
987.0,63.168,-0.7574734707843559,-0.1888526640327378,-0.0,0.0,0.023570885656653218,0.02892754577933077,2.528610827278165,0.0,-4.0,5.2683819550145925,1.7553337810853042,1.717473470784356
988.0,63.232,-0.7576302191370898,-0.1887053135287146,-0.005853885039430248,0.006924438316686483,0.027392448476009634,0.02546192163919149,2.272610827278165,0.009067293755937391,-4.0,5.268528903839867,1.7557590277404758,1.7176302191370898
989.0,63.296,-0.7577405389106076,-0.18856369935357273,-0.0,0.0,0.033850320004789325,-0.05512517650838038,2.368610827278165,0.0,4.0,5.268629893342669,1.7561158843736464,1.7177405389106075
990.0,63.36,-0.7577405389106076,-0.18856369935357273,-0.0,0.0,0.033850320004789325,-0.05512517650838038,2.624610827278165,0.0,4.0,5.268629893342669,1.7561158843736464,1.7177405389106075
991.0,63.424,-0.7577405389106076,-0.18856369935357273,-0.0,0.0,0.033850320004789325,-0.05512517650838038,2.8806108272781654,0.0,4.0,5.268629893342669,1.7561158843736464,1.7177405389106075
992.0,63.488,-0.7577405389106076,-0.18856369935357273,-0.0,0.0,0.033850320004789325,-0.05512517650838038,3.1366108272781656,0.0,4.0,5.268629893342669,1.7561158843736464,1.7177405389106075
993.0,63.552,-0.7577405389106076,-0.18856369935357273,-0.0,-0.0,0.033850320004789325,-0.05512517650838038,-2.890574479901421,0.0,4.0,5.268629893342669,1.7561158843736464,1.7177405389106075
994.0,63.616,-0.7577405389106076,-0.18856369935357273,-0.0,-0.0,0.033850320004789325,-0.05512517650838038,-2.6345744799014206,0.0,4.0,5.268629893342669,1.7561158843736464,1.7177405389106075
995.0,63.68,-0.7579919805042407,-0.18874588327959227,-0.0,-0.0,0.024670957814245775,0.028913237976795077,-2.5705744799014205,0.0,-4.0,5.268892525046017,1.755844204700993,1.7179919805042405
996.0,63.744,-0.7579919805042407,-0.18874588327959227,-0.0,-0.0,0.024670957814245775,0.028913237976795077,-2.8265744799014207,0.0,-4.0,5.268892525046017,1.755844204700993,1.7179919805042405
997.0,63.808,-0.7579919805042407,-0.18874588327959227,-0.0,-0.0,0.024670957814245775,0.028913237976795077,-3.082574479901421,0.0,-4.0,5.268892525046017,1.755844204700993,1.7179919805042405
998.0,63.872,-0.7579919805042407,-0.18874588327959227,-0.0,0.0,0.024670957814245775,0.028913237976795077,2.9446108272781655,0.0,-4.0,5.268892525046017,1.755844204700993,1.7179919805042405
999.0,63.936,-0.7579919805042407,-0.18874588327959227,-0.0,0.0,0.024670957814245775,0.028913237976795077,2.6886108272781652,0.0,-4.0,5.268892525046017,1.755844204700993,1.7179919805042405
1000.0,64.0,-0.7579919805042407,-0.18874588327959227,-0.0,0.0,0.024670957814245775,0.028913237976795077,2.432610827278165,0.0,-4.0,5.268892525046017,1.755844204700993,1.7179919805042405
1001.0,64.06400000000001,-0.7582603743130433,-0.1884457759162647,-0.0052415938684247055,0.007566827488024809,0.03758899111539249,-0.05868925219012614,2.176610827278165,0.0092049543461679,-4.0,5.269141078705932,1.7566473332082044,1.7182603743130431
1002.0,64.128,-0.7582603743130433,-0.1884457759162647,-0.0,0.0,0.034968194181180134,-0.05490583844611374,2.432610827278165,0.0,4.0,5.269141078705932,1.7566473332082044,1.7182603743130431
1003.0,64.19200000000001,-0.7582603743130433,-0.1884457759162647,-0.0,0.0,0.034968194181180134,-0.05490583844611374,2.6886108272781652,0.0,4.0,5.269141078705932,1.7566473332082044,1.7182603743130431
1004.0,64.256,-0.7582603743130433,-0.1884457759162647,-0.0,0.0,0.034968194181180134,-0.05490583844611374,2.9446108272781655,0.0,4.0,5.269141078705932,1.7566473332082044,1.7182603743130431
1005.0,64.32000000000001,-0.7582603743130433,-0.1884457759162647,-0.0,-0.0,0.034968194181180134,-0.05490583844611374,-3.082574479901421,0.0,4.0,5.269141078705932,1.7566473332082044,1.7182603743130431
1006.0,64.384,-0.7582603743130433,-0.1884457759162647,-0.0,-0.0,0.034968194181180134,-0.05490583844611374,-2.8265744799014207,0.0,4.0,5.269141078705932,1.7566473332082044,1.7182603743130431
1007.0,64.44800000000001,-0.7582603743130433,-0.1884457759162647,-0.0,-0.0,0.034968194181180134,-0.05490583844611374,-2.5705744799014205,0.0,4.0,5.269141078705932,1.7566473332082044,1.7182603743130431
1008.0,64.512,-0.7585162978859522,-0.18862503386714016,-0.0,-0.0,0.0258449295860263,0.028898879465945024,-2.6665744799014206,0.0,-4.0,5.269407990343289,1.7563906550857151,1.718516297885952
1009.0,64.57600000000001,-0.7585162978859522,-0.18862503386714016,-0.0,-0.0,0.0258449295860263,0.028898879465945024,-2.922574479901421,0.0,-4.0,5.269407990343289,1.7563906550857151,1.718516297885952
1010.0,64.64,-0.7585162978859522,-0.18862503386714016,-0.0,0.0,0.0258449295860263,0.028898879465945024,3.1046108272781656,0.0,-4.0,5.269407990343289,1.7563906550857151,1.718516297885952
1011.0,64.70400000000001,-0.7585162978859522,-0.18862503386714016,-0.0,0.0,0.0258449295860263,0.028898879465945024,2.8486108272781654,0.0,-4.0,5.269407990343289,1.7563906550857151,1.718516297885952
1012.0,64.768,-0.7585162978859522,-0.18862503386714016,-0.0,0.0,0.0258449295860263,0.028898879465945024,2.592610827278165,0.0,-4.0,5.269407990343289,1.7563906550857151,1.718516297885952
1013.0,64.83200000000001,-0.7585423091545731,-0.18859841289713825,-0.006449367694088198,0.006707051516189418,0.029228365939877987,0.025544798145624707,2.336610827278165,0.009304777466138956,-4.0,5.269432237194551,1.756466329178976,1.718542309154573
1014.0,64.896,-0.7587542452276517,-0.1882925129803976,-0.0,0.0,0.03602909287947664,-0.054700996541674464,2.0806108272781647,0.0,-4.0,5.269624088683977,1.7571522374928317,1.7187542452276516
1015.0,64.96000000000001,-0.7587542452276517,-0.1882925129803976,-0.0,0.0,0.03602909287947664,-0.054700996541674464,1.8246108272781645,0.0,-4.0,5.269624088683977,1.7571522374928317,1.7187542452276516
1016.0,65.024,-0.7587542452276517,-0.1882925129803976,0.0,0.0,0.03602909287947664,-0.054700996541674464,1.5686108272781643,0.0,-4.0,5.269624088683977,1.7571522374928317,1.7187542452276516
1017.0,65.08800000000001,-0.7587542452276517,-0.1882925129803976,0.0,0.0,0.03602909287947664,-0.054700996541674464,1.312610827278164,0.0,-4.0,5.269624088683977,1.7571522374928317,1.7187542452276516
1018.0,65.152,-0.7587542452276517,-0.1882925129803976,0.0,0.0,0.03602909287947664,-0.054700996541674464,1.0566108272781638,0.0,-4.0,5.269624088683977,1.7571522374928317,1.7187542452276516
1019.0,65.21600000000001,-0.7587542452276517,-0.1882925129803976,0.0,0.0,0.03602909287947664,-0.054700996541674464,0.8006108272781639,0.0,-4.0,5.269624088683977,1.7571522374928317,1.7187542452276516
1020.0,65.28,-0.7587007241993362,-0.1882595063902798,0.013445841389027581,0.008144342563279035,0.02919125572607245,-0.05879932449824396,0.544610827278164,0.015720081629779333,-4.0,5.269568559223612,1.757097520772906,1.7187007241993362
1021.0,65.34400000000001,-0.7580658994898992,-0.18800807599548308,0.01460751217014102,0.004336978159024108,0.027246376128374605,-0.057194898381736005,0.28861082727816406,0.015237742331220534,-4.0,5.268918908354606,1.7564485137018249,1.7180658994898992
1022.0,65.408,-0.756929949620251,-0.18783569306554765,0.02298854991158605,0.000749941495166599,0.02061046199700539,-0.05591563920484756,0.03261082727816404,0.02300077910166644,-4.0,5.267774240675416,1.755287186036352,1.7169299496202508
1023.0,65.47200000000001,-0.7552686704206111,-0.18800583548934835,0.03010381752799713,-0.006814734775190837,0.01346591339889619,-0.052853862686938057,-0.2226222665426922,0.03086552186202499,-3.8082734552140605,5.2661273003156,1.7535887928711553,1.715268670420611
1024.0,65.536,-0.7533158097030661,-0.18870717525561828,0.03207132918234277,-0.015668276731936204,0.008249475402029416,-0.0492374614271326,-0.45444141489886514,0.03569404784093175,-3.3038531290746667,5.264223546454484,1.7515923040834915,1.713315809703066
1025.0,65.6,-0.7513331141462308,-0.18994718082344897,0.03066134353177029,-0.023547212230049366,0.004639118682597088,-0.04608233429824732,-0.6549075798931328,0.03865991711036404,-2.8484225743268543,5.262324919793395,1.7495653139284806,1.711333114146231
1026.0,65.664,-0.7507423095396116,-0.1904283243298062,0.0,-0.0,0.008244199458193768,0.02911193040539026,-0.5359965387739736,0.0,4.0,5.261766456732508,1.7482614937242071,1.7107423095396115
1027.0,65.728,-0.7507423095396116,-0.1904283243298062,0.0,-0.0,0.008244199458193768,0.02911193040539026,-0.27999653877397357,0.0,4.0,5.261766456732508,1.7482614937242071,1.7107423095396115
1028.0,65.792,-0.7504276485450508,-0.1904638274862012,0.007092035946895844,-0.00017021698907645214,0.00416559057888144,0.029206152748789106,-0.02399653877397357,0.007094078354193241,4.0,5.261454752293596,1.7480207227394595,1.7104276485450507
1029.0,65.856,-0.7499199670478366,-0.1904057774983783,0.010263822880610327,0.0024249067168772157,0.002292691969575378,0.02792478580418707,0.23200346122602641,0.01054638481708762,4.0,5.260944378508657,1.7479038162118707,1.7099199670478367
1030.0,65.92,-0.7494334240548391,-0.19029428974341095,0.0,0.0,0.015818001500766288,-0.05867835835565596,0.13600346122602644,0.0,-4.0,5.260451641942551,1.7476231836303877,1.709433424054839
1031.0,65.984,-0.7485111644041806,-0.1902868300611996,0.015344640020347912,-0.0018501926399499885,0.006124015530812932,-0.058167894588289,-0.11999653877397357,0.015455781771200959,-4.0,5.2595308316986245,1.7466803201505139,1.7085111644041806
1032.0,66.048,-0.7473049435739016,-0.19060510733345506,0.02314742822993402,-0.009138094781144414,-0.0004275083590737361,-0.05504127259882627,-0.37599653877397354,0.024885903839103878,-4.0,5.258347745251995,1.7454471516293477,1.7073049435739016
1033.0,66.112,-0.7458830467041274,-0.19138173672226624,0.0,-0.0,-0.0020385101235390612,0.02924807616336152,-0.5952731193988163,0.0,4.0,5.256979211473571,1.7435893667530717,1.7058830467041273
1034.0,66.176,-0.7458830467041274,-0.19138173672226624,0.0,-0.0,-0.0020385101235390612,0.02924807616336152,-0.3392731193988163,0.0,4.0,5.256979211473571,1.7435893667530717,1.7058830467041273
1035.0,66.24,-0.7458830467041274,-0.19138173672226624,0.0,-0.0,-0.0020385101235390612,0.02924807616336152,-0.0832731193988163,0.0,4.0,5.256979211473571,1.7435893667530717,1.7058830467041273
1036.0,66.304,-0.7457432730189392,-0.19136534687015622,0.0,0.0,-0.0021161302783767044,0.02925268098060005,0.17272688060118366,0.0,4.0,5.256838668483867,1.7435581403923477,1.705743273018939
1037.0,66.368,-0.7454727943191376,-0.19129557888928445,0.0,0.0,0.007107828171692754,-0.060382311091270374,0.23672688060118366,0.0,-4.0,5.256564230380106,1.7435740710703507,1.7054727943191375
1038.0,66.432,-0.7451811548819895,-0.1912848630640016,0.0,-0.0,0.006463547583516527,-0.060515155233785874,-0.01927311939881632,0.0,-4.0,5.2562725105616215,1.7432759162346907,1.7051811548819895
1039.0,66.496,-0.7442661013086532,-0.1914205908309293,0.01488348471467868,-0.004203743514946956,-0.003002304960679991,-0.05881710310541444,-0.27527311939881627,0.01546575496998231,-4.0,5.255368204148821,1.7423404198201926,1.704266101308653
1040.0,66.56,-0.7432013905123301,-0.19187569383685923,0.0,-0.0,-0.007593877809355165,0.029324277958035966,-0.49927311939881636,0.0,4.0,5.254335334893165,1.7410867977153537,1.70320139051233
1041.0,66.624,-0.7432013905123301,-0.19187569383685923,0.0,-0.0,-0.007593877809355165,0.029324277958035966,-0.24327311939881632,0.0,4.0,5.254335334893165,1.7410867977153537,1.70320139051233
1042.0,66.688,-0.7432013905123301,-0.19187569383685923,0.0,0.0,-0.007593877809355165,0.029324277958035966,0.012726880601183656,0.0,4.0,5.254335334893165,1.7410867977153537,1.70320139051233
1043.0,66.752,-0.7432013905123301,-0.19187569383685923,0.0,0.0,-0.007593877809355165,0.029324277958035966,0.2687268806011837,0.0,4.0,5.254335334893165,1.7410867977153537,1.70320139051233
1044.0,66.816,-0.7430628652168125,-0.19183151475080293,0.0,0.0,0.0017718430722686862,-0.06143265516869625,0.17272688060118369,0.0,-4.0,5.254194228717887,1.741110302718297,1.7030628652168125
1045.0,66.88,-0.7427679755557988,-0.19183955930641142,0.0,-0.0,0.0011170220727355629,-0.061566183645824266,-0.0832731193988163,0.0,-4.0,5.253900487239956,1.7408088250468368,1.7027679755557987
1046.0,66.944,-0.7418550349838922,-0.1920348363915408,0.013608278341713083,-0.0048026234285576935,-0.007716974517765485,-0.05956518515781723,-0.3392731193988163,0.014430884630613212,-4.0,5.253002192755241,1.7398754888394772,1.7018550349838921
1047.0,67.008,-0.7412237065987846,-0.19232021086478834,0.0,-0.0,-0.012115475505984685,0.029379348974581915,-0.4032731193988163,0.0,4.0,5.252390795569158,1.7390522775882595,1.7012237065987845
1048.0,67.072,-0.7412237065987846,-0.19232021086478834,0.0,-0.0,-0.012115475505984685,0.029379348974581915,-0.1472731193988163,0.0,4.0,5.252390795569158,1.7390522775882595,1.7012237065987845
1049.0,67.136,-0.7412237065987846,-0.19232021086478834,0.0,0.0,-0.012115475505984685,0.029379348974581915,0.1087268806011837,0.0,4.0,5.252390795569158,1.7390522775882595,1.7012237065987845
1050.0,67.2,-0.7412237065987846,-0.19232021086478834,0.0,0.0,-0.012115475505984685,0.029379348974581915,0.36472688060118374,0.0,4.0,5.252390795569158,1.7390522775882595,1.7012237065987845
1051.0,67.264,-0.7410887378311009,-0.1922491317572918,0.0,0.0,-0.002619699239960638,-0.06229912784414059,0.4287268806011838,0.0,-4.0,5.252251481603734,1.7390920721524494,1.7010887378311008
1052.0,67.328,-0.7410887378311009,-0.1922491317572918,0.0,0.0,-0.002619699239960638,-0.06229912784414059,0.17272688060118377,0.0,-4.0,5.252251481603734,1.7390920721524494,1.7010887378311008
1053.0,67.392,-0.7410290473199319,-0.19225363335355786,0.014913147174201002,-0.0012447428028833389,-0.010209345857374486,-0.06170366685198657,-0.08327311939881622,0.014965003952044557,-4.0,5.252192211295679,1.7390310481197533,1.7010290473199319
1054.0,67.456,-0.7403963450036811,-0.19241582731911705,0.013858796972911694,-0.004891036276772052,-0.0110937505372386,-0.06015682634015311,-0.3392731193988162,0.014696546852818404,-4.0,5.251571426870873,1.7383842108573853,1.7003963450036812
1055.0,67.52,-0.7401235897899799,-0.19252453939892422,0.0,-0.0,-0.014421165962068383,0.029410813660030902,-0.2432731193988162,0.0,4.0,5.251306341889023,1.7380216533973643,1.70012358978998
1056.0,67.584,-0.7401235897899799,-0.19252453939892422,0.0,0.0,-0.014421165962068383,0.029410813660030902,0.012726880601183767,0.0,4.0,5.251306341889023,1.7380216533973643,1.70012358978998
1057.0,67.648,-0.7401235897899799,-0.19252453939892422,0.0,0.0,-0.014421165962068383,0.029410813660030902,0.26872688060118377,0.0,4.0,5.251306341889023,1.7380216533973643,1.70012358978998
1058.0,67.712,-0.7400962494276905,-0.1925090039541516,0.006803801292514823,0.003938417051578852,-0.017775861194205156,0.02744276971855448,0.5247268806011838,0.007861478289748909,4.0,5.2512780464431525,1.7380445767088981,1.7000962494276903
1059.0,67.776,-0.7399706571182811,-0.19241456895764453,0.0,0.0,-0.005115150318048656,-0.06279730493772756,0.5887268806011837,0.0,-4.0,5.251146562846541,1.7379490128513981,1.699970657118281
1060.0,67.84,-0.7399706571182811,-0.19241456895764453,0.0,0.0,-0.005115150318048656,-0.06279730493772756,0.3327268806011837,0.0,-4.0,5.251146562846541,1.7379490128513981,1.699970657118281
1061.0,67.904,-0.7399706571182811,-0.19241456895764453,0.0,0.0,-0.005115150318048656,-0.06279730493772756,0.07672688060118367,0.0,-4.0,5.251146562846541,1.7379490128513981,1.699970657118281
1062.0,67.968,-0.7396705266968355,-0.19245175552764923,0.0,-0.0,-0.005786028948100486,-0.0629318260917941,-0.17927311939881632,0.0,-4.0,5.250849496338613,1.7376421773378001,1.6996705266968355
1063.0,68.032,-0.7387550427286301,-0.19274181684486638,0.013490686206288363,-0.006273422530101845,-0.014580405559110776,-0.060191878068580826,-0.43527311939881635,0.014877985231802341,-4.0,5.249954890351799,1.736706240913156,1.6987550427286302
1064.0,68.096,-0.7384907139411987,-0.19287784506848327,0.0,-0.0,-0.018107246215116668,0.029456686937772723,-0.3392731193988163,0.0,4.0,5.249700008256374,1.7363741324881083,1.6984907139411987
1065.0,68.16,-0.7384907139411987,-0.19287784506848327,0.0,-0.0,-0.018107246215116668,0.029456686937772723,-0.0832731193988163,0.0,4.0,5.249700008256374,1.7363741324881083,1.6984907139411987
1066.0,68.224,-0.7384907139411987,-0.19287784506848327,0.0,0.0,-0.018107246215116668,0.029456686937772723,0.17272688060118366,0.0,4.0,5.249700008256374,1.7363741324881083,1.6984907139411987
1067.0,68.288,-0.7384907139411987,-0.19287784506848327,0.0,0.0,-0.018107246215116668,0.029456686937772723,0.4287268806011837,0.0,4.0,5.249700008256374,1.7363741324881083,1.6984907139411987
1068.0,68.352,-0.7383564815706831,-0.1927802357698174,0.0,0.0,-0.008728374915165371,-0.06350861790131208,0.6527268806011836,0.0,-4.0,5.24955968801651,1.7362987756618502,1.698356481570683
1069.0,68.416,-0.7383564815706831,-0.1927802357698174,0.0,0.0,-0.008728374915165371,-0.06350861790131208,0.39672688060118355,0.0,-4.0,5.24955968801651,1.7362987756618502,1.698356481570683
1070.0,68.48,-0.7383564815706831,-0.1927802357698174,0.0,0.0,-0.008728374915165371,-0.06350861790131208,0.14072688060118352,0.0,-4.0,5.24955968801651,1.7362987756618502,1.698356481570683
1071.0,68.544,-0.7383564815706831,-0.1927802357698174,0.0,-0.0,-0.008728374915165371,-0.06350861790131208,-0.11527311939881649,0.0,-4.0,5.24955968801651,1.7362987756618502,1.698356481570683
1072.0,68.608,-0.7377091278171275,-0.19296858202552822,0.0141986717645758,-0.005527948016879802,-0.017280276923036686,-0.06102732071062447,-0.37127311939881663,0.01523681361556567,-4.0,5.248926019280082,1.735636959640352,1.6977091278171275
1073.0,68.672,-0.7374300669505052,-0.19309029321152943,0.0,-0.0,-0.02042141376494333,0.02948687102656642,-0.27527311939881666,0.0,4.0,5.2486555093179,1.735344105256773,1.6974300669505051
1074.0,68.736,-0.7374300669505052,-0.19309029321152943,0.0,-0.0,-0.02042141376494333,0.02948687102656642,-0.019273119398816693,0.0,4.0,5.2486555093179,1.735344105256773,1.6974300669505051
1075.0,68.8,-0.7374300669505052,-0.19309029321152943,0.0,0.0,-0.02042141376494333,0.02948687102656642,0.2367268806011833,0.0,4.0,5.2486555093179,1.735344105256773,1.6974300669505051
1076.0,68.864,-0.7374300669505052,-0.19309029321152943,0.0,0.0,-0.02042141376494333,0.02948687102656642,0.4927268806011833,0.0,4.0,5.2486555093179,1.735344105256773,1.6974300669505051
1077.0,68.928,-0.7372975838251871,-0.19298034138087028,0.0,0.0,-0.011105431485152029,-0.06397986237072392,0.7167268806011832,0.0,-4.0,5.2485161232594955,1.7352162215108187,1.6972975838251871
1078.0,68.992,-0.7372975838251871,-0.19298034138087028,0.0,0.0,-0.011105431485152029,-0.06397986237072392,0.4607268806011833,0.0,-4.0,5.2485161232594955,1.7352162215108187,1.6972975838251871
1079.0,69.056,-0.7372975838251871,-0.19298034138087028,0.0,0.0,-0.011105431485152029,-0.06397986237072392,0.20472688060118333,0.0,-4.0,5.2485161232594955,1.7352162215108187,1.6972975838251871
1080.0,69.12,-0.7372975838251871,-0.19298034138087028,0.0,-0.0,-0.011105431485152029,-0.06397986237072392,-0.05127311939881667,0.0,-4.0,5.2485161232594955,1.7352162215108187,1.6972975838251871
1081.0,69.184,-0.7369956767387024,-0.19305784047381674,0.0,-0.0,-0.011784152010775095,-0.06411279515796979,-0.30727311939881663,0.0,-4.0,5.248219926802841,1.7349075696404277,1.6969956767387022
1082.0,69.248,-0.7361514340376258,-0.19344177570761734,0.0,-0.0,-0.02370588755011538,0.029521325120069733,-0.5312731193988166,0.0,4.0,5.247402604477332,1.7338778223697604,1.6961514340376258
1083.0,69.312,-0.7361514340376258,-0.19344177570761734,0.0,-0.0,-0.02370588755011538,0.029521325120069733,-0.2752731193988166,0.0,4.0,5.247402604477332,1.7338778223697604,1.6961514340376258
1084.0,69.376,-0.7361514340376258,-0.19344177570761734,0.0,-0.0,-0.02370588755011538,0.029521325120069733,-0.019273119398816638,0.0,4.0,5.247402604477332,1.7338778223697604,1.6961514340376258
1085.0,69.44,-0.7361514340376258,-0.19344177570761734,0.0,0.0,-0.02370588755011538,0.029521325120069733,0.23672688060118338,0.0,4.0,5.247402604477332,1.7338778223697604,1.6961514340376258
1086.0,69.504,-0.7361514340376258,-0.19344177570761734,0.0,0.0,-0.02370588755011538,0.029521325120069733,0.4927268806011834,0.0,4.0,5.247402604477332,1.7338778223697604,1.6961514340376258
1087.0,69.568,-0.7361246108575947,-0.19341724796619095,0.0066565254638748655,0.006185384923549983,-0.026939870466221594,0.026430029776173335,0.7487268806011833,0.009086711060867619,4.0,5.247374233521874,1.733922177215079,1.6961246108575947
1088.0,69.632,-0.7360074264423304,-0.1932787046257078,0.0,0.0,-0.014008918119623404,-0.06455120993362996,0.8127268806011834,0.0,-4.0,5.247248234914062,1.7338972412445595,1.6960074264423304
1089.0,69.696,-0.7360074264423304,-0.1932787046257078,0.0,0.0,-0.014008918119623404,-0.06455120993362996,0.5567268806011836,0.0,-4.0,5.247248234914062,1.7338972412445595,1.6960074264423304
1090.0,69.76,-0.7360074264423304,-0.1932787046257078,0.0,0.0,-0.014008918119623404,-0.06455120993362996,0.3007268806011836,0.0,-4.0,5.247248234914062,1.7338972412445595,1.6960074264423304
1091.0,69.824,-0.7360074264423304,-0.1932787046257078,0.0,0.0,-0.014008918119623404,-0.06455120993362996,0.04472688060118356,0.0,-4.0,5.247248234914062,1.7338972412445595,1.6960074264423304
1092.0,69.888,-0.7360074264423304,-0.1932787046257078,0.0,-0.0,-0.014008918119623404,-0.06455120993362996,-0.2112731193988165,0.0,-4.0,5.247248234914062,1.7338972412445595,1.6960074264423304
1093.0,69.952,-0.7353626335196064,-0.1935355690293664,0.014000224776200797,-0.007063675341297651,-0.022463139213077188,-0.06129693906006137,-0.46727311939881666,0.015681256426428435,-4.0,5.246621636028435,1.7332380432643768,1.6953626335196064
1094.0,70.016,-0.7350887343736584,-0.19368779781592294,0.0,-0.0,-0.02620682243927036,0.02955090675769234,-0.37127311939881663,0.0,4.0,5.246358294963617,1.7327677163501622,1.6950887343736585
1095.0,70.08,-0.7350887343736584,-0.19368779781592294,0.0,-0.0,-0.02620682243927036,0.02955090675769234,-0.11527311939881661,0.0,4.0,5.246358294963617,1.7327677163501622,1.6950887343736585
1096.0,70.144,-0.7350887343736584,-0.19368779781592294,0.0,0.0,-0.02620682243927036,0.02955090675769234,0.14072688060118338,0.0,4.0,5.246358294963617,1.7327677163501622,1.6950887343736585
1097.0,70.208,-0.7350887343736584,-0.19368779781592294,0.0,0.0,-0.02620682243927036,0.02955090675769234,0.3967268806011835,0.0,4.0,5.246358294963617,1.7327677163501622,1.6950887343736585
1098.0,70.272,-0.7350887343736584,-0.19368779781592294,0.0,0.0,-0.02620682243927036,0.02955090675769234,0.6527268806011836,0.0,4.0,5.246358294963617,1.7327677163501622,1.6950887343736585
1099.0,70.336,-0.734952987472886,-0.19355544822346046,0.0,0.0,-0.01638788630753485,-0.06501680551040769,0.7167268806011835,0.0,-4.0,5.246214170909849,1.7328192454812885,1.694952987472886
1100.0,70.4,-0.734952987472886,-0.19355544822346046,0.0,0.0,-0.01638788630753485,-0.06501680551040769,0.46072688060118355,0.0,-4.0,5.246214170909849,1.7328192454812885,1.694952987472886
1101.0,70.464,-0.734952987472886,-0.19355544822346046,0.0,0.0,-0.01638788630753485,-0.06501680551040769,0.2047268806011835,0.0,-4.0,5.246214170909849,1.7328192454812885,1.694952987472886
1102.0,70.528,-0.734952987472886,-0.19355544822346046,0.0,-0.0,-0.01638788630753485,-0.06501680551040769,-0.05127311939881651,0.0,-4.0,5.246214170909849,1.7328192454812885,1.694952987472886
1103.0,70.592,-0.7348914802532528,-0.1935744256606057,0.015338358383712756,-0.004867220594736183,-0.024196000678993357,-0.06261016270108935,-0.3072731193988166,0.016092081102984643,-4.0,5.246154038531094,1.7327563641537804,1.6948914802532529
1104.0,70.656,-0.7343205881854166,-0.19386226662030712,0.0,-0.0,-0.028000910995327033,0.029572371721941167,-0.5312731193988165,0.0,4.0,5.2456032330235365,1.7319732202824913,1.6943205881854166
1105.0,70.72,-0.7343205881854166,-0.19386226662030712,0.0,-0.0,-0.028000910995327033,0.029572371721941167,-0.27527311939881655,0.0,4.0,5.2456032330235365,1.7319732202824913,1.6943205881854166
1106.0,70.784,-0.7343205881854166,-0.19386226662030712,0.0,-0.0,-0.028000910995327033,0.029572371721941167,-0.019273119398816582,0.0,4.0,5.2456032330235365,1.7319732202824913,1.6943205881854166
1107.0,70.848,-0.7343205881854166,-0.19386226662030712,0.0,0.0,-0.028000910995327033,0.029572371721941167,0.23672688060118344,0.0,4.0,5.2456032330235365,1.7319732202824913,1.6943205881854166
1108.0,70.912,-0.7343205881854166,-0.19386226662030712,0.0,0.0,-0.028000910995327033,0.029572371721941167,0.49272688060118347,0.0,4.0,5.2456032330235365,1.7319732202824913,1.6943205881854166
1109.0,70.976,-0.7343205881854166,-0.19386226662030712,0.0,0.0,-0.028000910995327033,0.029572371721941167,0.7487268806011835,0.0,4.0,5.2456032330235365,1.7319732202824913,1.6943205881854166
1110.0,71.04,-0.7341943454518617,-0.19371301392335963,0.0,0.0,-0.018102820290677557,-0.06535582037820147,0.8127268806011835,0.0,-4.0,5.245467479824893,1.7320436549462253,1.6941943454518618
1111.0,71.104,-0.7341943454518617,-0.19371301392335963,0.0,0.0,-0.018102820290677557,-0.06535582037820147,0.5567268806011836,0.0,-4.0,5.245467479824893,1.7320436549462253,1.6941943454518618
1112.0,71.168,-0.7341943454518617,-0.19371301392335963,0.0,0.0,-0.018102820290677557,-0.06535582037820147,0.3007268806011836,0.0,-4.0,5.245467479824893,1.7320436549462253,1.6941943454518618
1113.0,71.232,-0.7341943454518617,-0.19371301392335963,0.0,0.0,-0.018102820290677557,-0.06535582037820147,0.04472688060118356,0.0,-4.0,5.245467479824893,1.7320436549462253,1.6941943454518618
1114.0,71.296,-0.7341943454518617,-0.19371301392335963,0.0,-0.0,-0.018102820290677557,-0.06535582037820147,-0.2112731193988165,0.0,-4.0,5.245467479824893,1.7320436549462253,1.6941943454518618
1115.0,71.36,-0.7338278928868818,-0.19384788420945742,0.014599431622186,-0.007365999246090772,-0.026231912671540458,-0.06183208921249003,-0.46727311939881666,0.01635241109391194,-4.0,5.245110654679847,1.7316690156129535,1.6938278928868817
1116.0,71.424,-0.7335460931934736,-0.194004503994565,0.0,-0.0,-0.029639493489958313,0.02959479467005553,-0.37127311939881663,0.0,4.0,5.244839731426426,1.7312514451278138,1.6935460931934736
1117.0,71.488,-0.7335460931934736,-0.194004503994565,0.0,-0.0,-0.029639493489958313,0.02959479467005553,-0.11527311939881661,0.0,4.0,5.244839731426426,1.7312514451278138,1.6935460931934736
1118.0,71.552,-0.7335460931934736,-0.194004503994565,0.0,0.0,-0.029639493489958313,0.02959479467005553,0.14072688060118338,0.0,4.0,5.244839731426426,1.7312514451278138,1.6935460931934736
1119.0,71.616,-0.7335460931934736,-0.194004503994565,0.0,0.0,-0.029639493489958313,0.02959479467005553,0.3967268806011835,0.0,4.0,5.244839731426426,1.7312514451278138,1.6935460931934736
1120.0,71.68,-0.7335460931934736,-0.194004503994565,0.0,0.0,-0.029639493489958313,0.02959479467005553,0.6527268806011836,0.0,4.0,5.244839731426426,1.7312514451278138,1.6935460931934736
1121.0,71.744,-0.7334138173392265,-0.19385309938533254,0.0,0.0,-0.019870140752209775,-0.06570699659216331,0.8767268806011834,0.0,-4.0,5.244697811835686,1.7312456893712447,1.6934138173392266
1122.0,71.808,-0.7334138173392265,-0.19385309938533254,0.0,0.0,-0.019870140752209775,-0.06570699659216331,0.6207268806011835,0.0,-4.0,5.244697811835686,1.7312456893712447,1.6934138173392266
1123.0,71.872,-0.7334138173392265,-0.19385309938533254,0.0,0.0,-0.019870140752209775,-0.06570699659216331,0.3647268806011835,0.0,-4.0,5.244697811835686,1.7312456893712447,1.6934138173392266
1124.0,71.936,-0.7334138173392265,-0.19385309938533254,0.0,0.0,-0.019870140752209775,-0.06570699659216331,0.1087268806011835,0.0,-4.0,5.244697811835686,1.7312456893712447,1.6934138173392266
1125.0,72.0,-0.7334138173392265,-0.19385309938533254,0.0,-0.0,-0.019870140752209775,-0.06570699659216331,-0.1472731193988165,0.0,-4.0,5.244697811835686,1.7312456893712447,1.6934138173392266
1126.0,72.06400000000001,-0.7331039876948601,-0.1939652395401616,0.0,-0.0,-0.02057249661890931,-0.06584204722195863,-0.4032731193988165,0.0,-4.0,5.2443960025955105,1.7309289379483161,1.69310398769486
1127.0,72.128,-0.7325205647639061,-0.1942712774048953,0.0,-0.0,-0.032217687020807795,0.02962270452727996,-0.46727311939881655,0.0,4.0,5.243833919292561,1.7301110452378459,1.692520564763906
1128.0,72.19200000000001,-0.7325205647639061,-0.1942712774048953,0.0,-0.0,-0.032217687020807795,0.02962270452727996,-0.21127311939881657,0.0,4.0,5.243833919292561,1.7301110452378459,1.692520564763906
1129.0,72.256,-0.7325205647639061,-0.1942712774048953,0.0,0.0,-0.032217687020807795,0.02962270452727996,0.0447268806011834,0.0,4.0,5.243833919292561,1.7301110452378459,1.692520564763906
1130.0,72.32000000000001,-0.7325205647639061,-0.1942712774048953,0.0,0.0,-0.032217687020807795,0.02962270452727996,0.30072688060118336,0.0,4.0,5.243833919292561,1.7301110452378459,1.692520564763906
1131.0,72.384,-0.7325205647639061,-0.1942712774048953,0.0,0.0,-0.032217687020807795,0.02962270452727996,0.5567268806011834,0.0,4.0,5.243833919292561,1.7301110452378459,1.692520564763906
1132.0,72.44800000000001,-0.7325205647639061,-0.1942712774048953,0.0,0.0,-0.032217687020807795,0.02962270452727996,0.8127268806011831,0.0,4.0,5.243833919292561,1.7301110452378459,1.692520564763906
1133.0,72.512,-0.7323954326985536,-0.1941025328727442,0.0,0.0,-0.022180481665708185,-0.06616080288701487,0.8767268806011832,0.0,-4.0,5.243697981124974,1.7302045534118977,1.6923954326985535
1134.0,72.57600000000001,-0.7323954326985536,-0.1941025328727442,0.0,0.0,-0.022180481665708185,-0.06616080288701487,0.6207268806011832,0.0,-4.0,5.243697981124974,1.7302045534118977,1.6923954326985535
1135.0,72.64,-0.7323954326985536,-0.1941025328727442,0.0,0.0,-0.022180481665708185,-0.06616080288701487,0.3647268806011833,0.0,-4.0,5.243697981124974,1.7302045534118977,1.6923954326985535
1136.0,72.70400000000001,-0.7323954326985536,-0.1941025328727442,0.0,0.0,-0.022180481665708185,-0.06616080288701487,0.1087268806011833,0.0,-4.0,5.243697981124974,1.7302045534118977,1.6923954326985535
1137.0,72.768,-0.7323954326985536,-0.1941025328727442,0.0,-0.0,-0.022180481665708185,-0.06616080288701487,-0.14727311939881668,0.0,-4.0,5.243697981124974,1.7302045534118977,1.6923954326985535
1138.0,72.83200000000001,-0.7323336094537437,-0.19412832753729495,0.015403727840315531,-0.006572104952200476,-0.030022762344409648,-0.06290148206623963,-0.4032731193988166,0.016747160800602883,-4.0,5.243637983922313,1.730141348999022,1.6923336094537436
1139.0,72.896,-0.732043194184251,-0.19429587279430297,0.0,-0.0,-0.032905521479459854,0.029638059946322293,-0.46727311939881666,0.0,4.0,5.243359193668971,1.7298146848828966,1.6920431941842509
1140.0,72.96000000000001,-0.732043194184251,-0.19429587279430297,0.0,-0.0,-0.032905521479459854,0.029638059946322293,-0.21127311939881663,0.0,4.0,5.243359193668971,1.7298146848828966,1.6920431941842509
1141.0,73.024,-0.732043194184251,-0.19429587279430297,0.0,0.0,-0.032905521479459854,0.029638059946322293,0.04472688060118334,0.0,4.0,5.243359193668971,1.7298146848828966,1.6920431941842509
1142.0,73.08800000000001,-0.732043194184251,-0.19429587279430297,0.0,0.0,-0.032905521479459854,0.029638059946322293,0.30072688060118336,0.0,4.0,5.243359193668971,1.7298146848828966,1.6920431941842509
1143.0,73.152,-0.732043194184251,-0.19429587279430297,0.0,0.0,-0.032905521479459854,0.029638059946322293,0.5567268806011834,0.0,4.0,5.243359193668971,1.7298146848828966,1.6920431941842509
1144.0,73.21600000000001,-0.732043194184251,-0.19429587279430297,0.0,0.0,-0.032905521479459854,0.029638059946322293,0.8127268806011831,0.0,4.0,5.243359193668971,1.7298146848828966,1.6920431941842509
1145.0,73.28,-0.7319165780768296,-0.19412512698467038,0.0,0.0,-0.023268572339207372,-0.0663821334750503,0.8767268806011832,0.0,-4.0,5.243221641603316,1.7297150008930706,1.6919165780768295
1146.0,73.34400000000001,-0.7319165780768296,-0.19412512698467038,0.0,0.0,-0.023268572339207372,-0.0663821334750503,0.6207268806011832,0.0,-4.0,5.243221641603316,1.7297150008930706,1.6919165780768295
1147.0,73.408,-0.7319165780768296,-0.19412512698467038,0.0,0.0,-0.023268572339207372,-0.0663821334750503,0.3647268806011833,0.0,-4.0,5.243221641603316,1.7297150008930706,1.6919165780768295
1148.0,73.47200000000001,-0.7319165780768296,-0.19412512698467038,0.0,0.0,-0.023268572339207372,-0.0663821334750503,0.1087268806011833,0.0,-4.0,5.243221641603316,1.7297150008930706,1.6919165780768295
1149.0,73.536,-0.7319165780768296,-0.19412512698467038,0.0,-0.0,-0.023268572339207372,-0.0663821334750503,-0.14727311939881668,0.0,-4.0,5.243221641603316,1.7297150008930706,1.6919165780768295
1150.0,73.60000000000001,-0.7318542566609901,-0.19415112950234564,0.015527850910586217,-0.0066250629019425685,-0.0311741915708022,-0.0630965800184962,-0.4032731193988166,0.016882109238957343,-4.0,5.24316116125372,1.7296512871797283,1.69185425666099
1151.0,73.664,-0.7312870360437116,-0.19450911753249447,0.0,-0.0,-0.03489726413741745,0.029658262570674686,-0.6272731193988166,0.0,4.0,5.242618676343152,1.7289348747961282,1.6912870360437116
1152.0,73.72800000000001,-0.7312870360437116,-0.19450911753249447,0.0,-0.0,-0.03489726413741745,0.029658262570674686,-0.37127311939881663,0.0,4.0,5.242618676343152,1.7289348747961282,1.6912870360437116
1153.0,73.792,-0.7312870360437116,-0.19450911753249447,0.0,-0.0,-0.03489726413741745,0.029658262570674686,-0.11527311939881661,0.0,4.0,5.242618676343152,1.7289348747961282,1.6912870360437116
1154.0,73.856,-0.7312870360437116,-0.19450911753249447,0.0,0.0,-0.03489726413741745,0.029658262570674686,0.14072688060118338,0.0,4.0,5.242618676343152,1.7289348747961282,1.6912870360437116
1155.0,73.92,-0.7312870360437116,-0.19450911753249447,0.0,0.0,-0.03489726413741745,0.029658262570674686,0.3967268806011835,0.0,4.0,5.242618676343152,1.7289348747961282,1.6912870360437116
1156.0,73.984,-0.7312870360437116,-0.19450911753249447,0.0,0.0,-0.03489726413741745,0.029658262570674686,0.6527268806011836,0.0,4.0,5.242618676343152,1.7289348747961282,1.6912870360437116
1157.0,74.048,-0.7312597314951321,-0.19447465806973385,0.006757000519262942,0.008669198530589527,-0.038129628705598995,0.025325416125050012,0.9087268806011835,0.010991453915660808,4.0,5.242589166472497,1.7290023745595964,1.691259731495132
1158.0,74.112,-0.7311465921951436,-0.19428679584829514,0.0,0.0,-0.025020539516885876,-0.06672849884128274,0.9727268806011834,0.0,-4.0,5.242463930904088,1.7289278130687498,1.6911465921951434
1159.0,74.176,-0.7311465921951436,-0.19428679584829514,0.0,0.0,-0.025020539516885876,-0.06672849884128274,0.7167268806011835,0.0,-4.0,5.242463930904088,1.7289278130687498,1.6911465921951434
1160.0,74.24,-0.7311465921951436,-0.19428679584829514,0.0,0.0,-0.025020539516885876,-0.06672849884128274,0.46072688060118355,0.0,-4.0,5.242463930904088,1.7289278130687498,1.6911465921951434
1161.0,74.304,-0.7311465921951436,-0.19428679584829514,0.0,0.0,-0.025020539516885876,-0.06672849884128274,0.2047268806011835,0.0,-4.0,5.242463930904088,1.7289278130687498,1.6911465921951434
1162.0,74.368,-0.7311465921951436,-0.19428679584829514,0.0,-0.0,-0.025020539516885876,-0.06672849884128274,-0.05127311939881651,0.0,-4.0,5.242463930904088,1.7289278130687498,1.6911465921951434
1163.0,74.432,-0.7311465921951436,-0.19428679584829514,0.0,-0.0,-0.025020539516885876,-0.06672849884128274,-0.3072731193988166,0.0,-4.0,5.242463930904088,1.7289278130687498,1.6911465921951434
1164.0,74.496,-0.7307768287531583,-0.1944648049109908,0.014537870790768705,-0.009180935778022828,-0.03313183584480134,-0.06229655191909088,-0.5632731193988165,0.01719416380314162,-4.0,5.242106659926266,1.7285497888915113,1.6907768287531582
1165.0,74.56,-0.7304979286963994,-0.1946569538553763,0.0,-0.0,-0.036592542031998354,0.029681163398954505,-0.46727311939881655,0.0,4.0,5.241840993194871,1.7281926175253937,1.6904979286963995
1166.0,74.624,-0.7304979286963994,-0.1946569538553763,0.0,-0.0,-0.036592542031998354,0.029681163398954505,-0.21127311939881657,0.0,4.0,5.241840993194871,1.7281926175253937,1.6904979286963995
1167.0,74.688,-0.7304979286963994,-0.1946569538553763,0.0,0.0,-0.036592542031998354,0.029681163398954505,0.0447268806011834,0.0,4.0,5.241840993194871,1.7281926175253937,1.6904979286963995
1168.0,74.752,-0.7304979286963994,-0.1946569538553763,0.0,0.0,-0.036592542031998354,0.029681163398954505,0.30072688060118336,0.0,4.0,5.241840993194871,1.7281926175253937,1.6904979286963995
1169.0,74.816,-0.7304979286963994,-0.1946569538553763,0.0,0.0,-0.036592542031998354,0.029681163398954505,0.5567268806011834,0.0,4.0,5.241840993194871,1.7281926175253937,1.6904979286963995
1170.0,74.88,-0.7304979286963994,-0.1946569538553763,0.0,0.0,-0.036592542031998354,0.029681163398954505,0.8127268806011831,0.0,4.0,5.241840993194871,1.7281926175253937,1.6904979286963995
1171.0,74.944,-0.7303632172718602,-0.19447529125558438,0.0,0.0,-0.02680594442366241,-0.06707959781845747,0.8767268806011832,0.0,-4.0,5.241694631593495,1.7281269370836783,1.6903632172718601
1172.0,75.008,-0.7303632172718602,-0.19447529125558438,0.0,0.0,-0.02680594442366241,-0.06707959781845747,0.6207268806011832,0.0,-4.0,5.241694631593495,1.7281269370836783,1.6903632172718601
1173.0,75.072,-0.7303632172718602,-0.19447529125558438,0.0,0.0,-0.02680594442366241,-0.06707959781845747,0.3647268806011833,0.0,-4.0,5.241694631593495,1.7281269370836783,1.6903632172718601
1174.0,75.136,-0.7303632172718602,-0.19447529125558438,0.0,0.0,-0.02680594442366241,-0.06707959781845747,0.1087268806011833,0.0,-4.0,5.241694631593495,1.7281269370836783,1.6903632172718601
1175.0,75.2,-0.7303632172718602,-0.19447529125558438,0.0,-0.0,-0.02680594442366241,-0.06707959781845747,-0.14727311939881668,0.0,-4.0,5.241694631593495,1.7281269370836783,1.6903632172718601
1176.0,75.264,-0.7302992167520665,-0.19450199434993393,0.015946212327946956,-0.006803559638015114,-0.0349250481070697,-0.06370562618421059,-0.4032731193988166,0.0173369579614186,-4.0,5.24163252440195,1.7280615067542007,1.6902992167520665
1177.0,75.328,-0.7297150986039894,-0.1948707375944024,0.0,-0.0,-0.03862541746356518,0.029702223684872887,-0.6272731193988166,0.0,4.0,5.2410739203158965,1.7272982156875802,1.6897150986039895
1178.0,75.392,-0.7297150986039894,-0.1948707375944024,0.0,-0.0,-0.03862541746356518,0.029702223684872887,-0.37127311939881663,0.0,4.0,5.2410739203158965,1.7272982156875802,1.6897150986039895
1179.0,75.456,-0.7297150986039894,-0.1948707375944024,0.0,-0.0,-0.03862541746356518,0.029702223684872887,-0.11527311939881661,0.0,4.0,5.2410739203158965,1.7272982156875802,1.6897150986039895
1180.0,75.52,-0.7297150986039894,-0.1948707375944024,0.0,0.0,-0.03862541746356518,0.029702223684872887,0.14072688060118338,0.0,4.0,5.2410739203158965,1.7272982156875802,1.6897150986039895
1181.0,75.584,-0.7297150986039894,-0.1948707375944024,0.0,0.0,-0.03862541746356518,0.029702223684872887,0.3967268806011835,0.0,4.0,5.2410739203158965,1.7272982156875802,1.6897150986039895
1182.0,75.648,-0.7297150986039894,-0.1948707375944024,0.0,0.0,-0.03862541746356518,0.029702223684872887,0.6527268806011836,0.0,4.0,5.2410739203158965,1.7272982156875802,1.6897150986039895
1183.0,75.712,-0.7297150986039894,-0.1948707375944024,0.0,0.0,-0.03862541746356518,0.029702223684872887,0.9087268806011835,0.0,4.0,5.2410739203158965,1.7272982156875802,1.6897150986039895
1184.0,75.776,-0.7295944371117714,-0.1946703851441709,0.0,0.0,-0.028561007674084038,-0.06742396777599288,0.9727268806011834,0.0,-4.0,5.240940340345978,1.7273409819174923,1.6895944371117713
1185.0,75.84,-0.7295944371117714,-0.1946703851441709,0.0,0.0,-0.028561007674084038,-0.06742396777599288,0.7167268806011835,0.0,-4.0,5.240940340345978,1.7273409819174923,1.6895944371117713
1186.0,75.904,-0.7295944371117714,-0.1946703851441709,0.0,0.0,-0.028561007674084038,-0.06742396777599288,0.46072688060118355,0.0,-4.0,5.240940340345978,1.7273409819174923,1.6895944371117713
1187.0,75.968,-0.7295944371117714,-0.1946703851441709,0.0,0.0,-0.028561007674084038,-0.06742396777599288,0.2047268806011835,0.0,-4.0,5.240940340345978,1.7273409819174923,1.6895944371117713
1188.0,76.032,-0.7295944371117714,-0.1946703851441709,0.0,-0.0,-0.028561007674084038,-0.06742396777599288,-0.05127311939881651,0.0,-4.0,5.240940340345978,1.7273409819174923,1.6895944371117713
1189.0,76.096,-0.7295944371117714,-0.1946703851441709,0.0,-0.0,-0.028561007674084038,-0.06742396777599288,-0.3072731193988166,0.0,-4.0,5.240940340345978,1.7273409819174923,1.6895944371117713
1190.0,76.16,-0.7292277308728822,-0.19487803784198746,0.014798796212217398,-0.009345715034328718,-0.03679858779380957,-0.06290642346448876,-0.5632731193988165,0.017502764319775828,-4.0,5.2405880893575,1.7269660832430858,1.689227730872882
1191.0,76.224,-0.7289396605392693,-0.19507650467328086,0.0,-0.0,-0.04061167839910074,0.029723209469288105,-0.8192731193988165,0.0,-4.0,5.240313708895495,1.7264263824193222,1.6889396605392692
1192.0,76.288,-0.7289396605392693,-0.19507650467328086,0.0,-0.0,-0.04061167839910074,0.029723209469288105,-1.0752731193988165,0.0,-4.0,5.240313708895495,1.7264263824193222,1.6889396605392692
1193.0,76.352,-0.7289396605392693,-0.19507650467328086,0.0,-0.0,-0.04061167839910074,0.029723209469288105,-1.3312731193988168,0.0,-4.0,5.240313708895495,1.7264263824193222,1.6889396605392692
1194.0,76.416,-0.7289396605392693,-0.19507650467328086,-0.0,-0.0,-0.04061167839910074,0.029723209469288105,-1.587273119398817,0.0,-4.0,5.240313708895495,1.7264263824193222,1.6889396605392692
1195.0,76.48,-0.7289396605392693,-0.19507650467328086,-0.0,-0.0,-0.04061167839910074,0.029723209469288105,-1.8432731193988172,0.0,-4.0,5.240313708895495,1.7264263824193222,1.6889396605392692
1196.0,76.544,-0.7289396605392693,-0.19507650467328086,-0.0,-0.0,-0.04061167839910074,0.029723209469288105,-2.0992731193988172,0.0,-4.0,5.240313708895495,1.7264263824193222,1.6889396605392692
1197.0,76.608,-0.7291343906736293,-0.19529128081131797,-0.008546273036268995,-0.008562036137128559,-0.03722582990273715,0.033991952711559886,-2.3552731193988174,0.012097406566035291,-4.0,5.24052216332781,1.726017944436793,1.6891343906736291
1198.0,76.672,-0.7297860112814513,-0.19578950596310724,-0.015332920331436153,-0.008990401455145706,-0.03565660228030465,0.034170334850182844,-2.6112731193988177,0.01777430066739207,-4.0,5.241205215046379,1.7251703642374976,1.6897860112814511
1199.0,76.736,-0.7310216603939206,-0.19629958851644175,-0.02595784512348479,-0.00733328913003025,-0.03153954602616399,0.033285178119864006,-2.866260149412432,0.02697381791514584,-3.7467575034035203,5.242471842224528,1.7245866785224253,1.6910216603939205
1200.0,76.8,-0.7328405764825598,-0.19658407369141487,-0.03224770712799115,-0.001660768847939261,-0.0277197060319595,0.030379249829474913,-3.0901377425674177,0.03229044391424461,-3.0663145648935544,5.244305580247862,1.7248255810383328,1.6928405764825598
1201.0,76.864,-0.7349226719130607,-0.19649268237975753,-0.03323182817987002,0.0043724333308073,-0.02428211268976882,0.027296307741862223,3.0107704528734276,0.0335182424570376,-2.506897368830845,5.246377088987418,1.726080917799331,1.6949226719130608
1202.0,76.928,-0.7369837970625045,-0.19605881339793546,-0.030891356386641092,0.008902280541369432,-0.020762835024365767,0.024976690759534223,2.8610145769945827,0.03214850693646155,-2.1177468682324907,5.248405090408475,1.7281320537294016,1.6969837970625044
1203.0,76.992,-0.7388612472675288,-0.19538354753847703,-0.027106266561751566,0.011767381142604156,-0.016956915034134656,0.023502235299625023,2.7320224433932947,0.029550312111245914,-1.9114535920109474,5.250233991264747,1.7306597319842005,1.6988612472675286
1204.0,77.056,-0.7404893184481146,-0.19455948600794248,-0.02297182612630742,0.013441010003955327,-0.01288463106146398,0.022634452005038577,2.6121947752166177,0.026615137525546007,-1.8682314378031706,5.251804407645703,1.7334131469933092,1.7004893184481147
1205.0,77.12,-0.7418561972522986,-0.19364846643303976,-0.018992661138138786,0.014432511094135491,-0.008630700435589944,0.022116362337617847,2.4917859986864026,0.02385410978407099,-1.953463484842265,5.253108666414022,1.7362408461307024,1.7018561972522985
1206.0,77.184,-0.7429746998220874,-0.19268370353179712,-0.015359881784924362,0.015136468031524611,-0.004255489115144562,0.021748743582359308,2.3635202769855232,0.021564754413538258,-2.1257538797724935,5.254161762226281,1.739071063718422,1.7029746998220874
1207.0,77.248,-0.7438664346245815,-0.19167660214779683,-0.012100295139945151,0.015847286186724315,0.0002220593614468691,0.02138293498072902,2.2229171613081715,0.019938746749926975,-2.337898354331468,5.254986021355108,1.741887771217717,1.7038664346245813
1208.0,77.312,-0.7441044823293812,-0.19134938071088328,-0.0,0.0,0.004081523475938154,-0.060998000370891134,2.352541786939852,0.0,4.0,5.255202300701544,1.7421751901767821,1.7041044823293812
1209.0,77.376,-0.7441044823293812,-0.19134938071088328,-0.0,0.0,0.004081523475938154,-0.060998000370891134,2.608541786939852,0.0,4.0,5.255202300701544,1.7421751901767821,1.7041044823293812
1210.0,77.44,-0.7441044823293812,-0.19134938071088328,-0.0,0.0,0.004081523475938154,-0.060998000370891134,2.8645417869398524,0.0,4.0,5.255202300701544,1.7421751901767821,1.7041044823293812
1211.0,77.504,-0.7441044823293812,-0.19134938071088328,-0.0,0.0,0.004081523475938154,-0.060998000370891134,3.1205417869398526,0.0,4.0,5.255202300701544,1.7421751901767821,1.7041044823293812
1212.0,77.568,-0.7444497841604313,-0.19141466990176217,-0.014109096321539788,-0.0033772932838522078,0.011900611326889687,-0.059147494359485145,-2.906643520239734,0.014507677585872965,4.0,5.255551114336585,1.7425282062561458,1.7044497841604311
1213.0,77.632,-0.744728504182279,-0.19149329506403776,-0.0,-0.0,-0.003918931374028767,0.029282416510969533,-3.002643520239734,0.0,-4.0,5.255834353664105,1.742749992901667,1.7047285041822788
1214.0,77.696,-0.7450378049424611,-0.1914844076245829,-0.006893371135369457,0.0008105803461161842,-7.355844642176201e-05,0.02886758304508478,3.0245417869398525,0.006940864939433314,-4.0,5.256142423481915,1.7429254159325176,1.705037804942461
1215.0,77.76,-0.7455131769614883,-0.19136124190879195,-0.009051142030119681,0.003542410291082632,0.002166970493243603,0.027488713383417972,2.7685417869398523,0.00971966268549311,-4.0,5.25660879152654,1.7434528719897662,1.7055131769614884
1216.0,77.824,-0.7458919519695955,-0.1911751405017645,-0.0,0.0,0.008033116616153801,-0.06020239760868262,2.7045417869398523,0.0,4.0,5.256974685904029,1.744002592952062,1.7058919519695954
1217.0,77.888,-0.7458919519695955,-0.1911751405017645,-0.0,0.0,0.008033116616153801,-0.06020239760868262,2.9605417869398525,0.0,4.0,5.256974685904029,1.744002592952062,1.7058919519695954
1218.0,77.952,-0.7458919519695955,-0.1911751405017645,-0.0,-0.0,0.008033116616153801,-0.06020239760868262,-3.066643520239734,0.0,4.0,5.256974685904029,1.744002592952062,1.7058919519695954
1219.0,78.016,-0.7461779623369953,-0.19123161523819307,-0.0,-0.0,-0.0009495789510095554,0.029241161079168555,-3.002643520239734,0.0,-4.0,5.2572637586246715,1.744090153662718,1.7061779623369953
1220.0,78.08,-0.7463458193333214,-0.19122001577057943,-0.006915481469714007,0.0008131802645180518,0.00275787779431097,0.028829525953382333,3.0245417869398525,0.006963127609096321,-4.0,5.257430508832113,1.744201311020259,1.7063458193333214
1221.0,78.144,-0.7467763533241035,-0.1911120542400953,-0.007344255703520129,0.0028743739627460044,0.004003653260784279,0.027787152215147732,2.7685417869398523,0.007886705111540568,-4.0,5.257853129876193,1.7446705704938732,1.7067763533241034
1222.0,78.208,-0.7472653888023622,-0.1908443971421016,-0.0,0.0,0.011059186525248677,-0.05960900070307287,2.544541786939852,0.0,4.0,5.2583237788848995,1.7454067131806823,1.7072653888023621
1223.0,78.272,-0.7472653888023622,-0.1908443971421016,-0.0,0.0,0.011059186525248677,-0.05960900070307287,2.8005417869398523,0.0,4.0,5.2583237788848995,1.7454067131806823,1.7072653888023621
1224.0,78.336,-0.7472653888023622,-0.1908443971421016,-0.0,0.0,0.011059186525248677,-0.05960900070307287,3.0565417869398526,0.0,4.0,5.2583237788848995,1.7454067131806823,1.7072653888023621
1225.0,78.4,-0.7472653888023622,-0.1908443971421016,-0.0,-0.0,0.011059186525248677,-0.05960900070307287,-2.970643520239734,0.0,4.0,5.2583237788848995,1.7454067131806823,1.7072653888023621
1226.0,78.464,-0.7475441642758103,-0.1909278755470292,-0.0,-0.0,0.0021266626322815063,0.029203211981565204,-2.906643520239734,0.0,-4.0,5.258607379558786,1.7454877619903328,1.7075441642758102
1227.0,78.528,-0.7475441642758103,-0.1909278755470292,-0.0,0.0,0.0021266626322815063,0.029203211981565204,3.1205417869398526,0.0,-4.0,5.258607379558786,1.7454877619903328,1.7075441642758102
1228.0,78.592,-0.7477104277536811,-0.19090064104313742,-0.006762996309917463,0.001923152900385371,0.005833370185819697,0.028236884698517668,2.8645417869398524,0.007031119126157505,-4.0,5.25877152770667,1.7456349375816778,1.707710427753681
1229.0,78.656,-0.748128161309538,-0.19071993891115893,-0.007868304047785423,0.00464247713022211,0.0077623092854761655,0.026866819339320544,2.608541786939852,0.00913579785749618,-4.0,5.259176672664824,1.746269078592708,1.708128161309538
1230.0,78.72,-0.7482686651935324,-0.1906292743842806,-0.0,0.0,0.013264098752912123,-0.05917460220021114,2.7045417869398523,0.0,4.0,5.259311008546639,1.7464324033632455,1.7082686651935324
1231.0,78.784,-0.7482686651935324,-0.1906292743842806,-0.0,0.0,0.013264098752912123,-0.05917460220021114,2.9605417869398525,0.0,4.0,5.259311008546639,1.7464324033632455,1.7082686651935324
1232.0,78.848,-0.7482686651935324,-0.1906292743842806,-0.0,-0.0,0.013264098752912123,-0.05917460220021114,-3.066643520239734,0.0,4.0,5.259311008546639,1.7464324033632455,1.7082686651935324
1233.0,78.912,-0.748548817963247,-0.19070830371570338,-0.0,-0.0,0.004364240479106607,0.029175280864177817,-2.8426435202397338,0.0,-4.0,5.259595691948596,1.746506594009238,1.7085488179632469
1234.0,78.976,-0.748548817963247,-0.19070830371570338,-0.0,-0.0,0.004364240479106607,0.029175280864177817,-3.098643520239734,0.0,-4.0,5.259595691948596,1.746506594009238,1.7085488179632469
1235.0,79.04,-0.748576544575226,-0.19070253730453815,-0.006919898483718806,0.0014970092927242059,0.007884414395313677,0.02842600182702077,2.9285417869398525,0.007079974000480261,-4.0,5.259622986792016,1.7465340211453104,1.7085765445752261
1236.0,79.104,-0.7488628755650424,-0.19058795488333607,-0.0061826575119289864,0.0031332003994544843,0.0084114005711039,0.02760063258726956,2.6725417869398522,0.006931247986687077,-4.0,5.2599012957941085,1.7469468403946147,1.7088628755650423
1237.0,79.168,-0.7489838136103227,-0.19052045775466409,-0.0,0.0,0.014832915698766547,-0.05886200595376452,2.7685417869398523,0.0,4.0,5.260017610017348,1.7471635286210832,1.7089838136103226
1238.0,79.232,-0.7489838136103227,-0.19052045775466409,-0.0,0.0,0.014832915698766547,-0.05886200595376452,3.0245417869398525,0.0,4.0,5.260017610017348,1.7471635286210832,1.7089838136103226
1239.0,79.296,-0.7489838136103227,-0.19052045775466409,-0.0,-0.0,0.014832915698766547,-0.05886200595376452,-3.002643520239734,0.0,4.0,5.260017610017348,1.7471635286210832,1.7089838136103226
1240.0,79.36,-0.7492586063024859,-0.19061733728004857,-0.0,-0.0,0.005623118448725151,0.029154726938737774,-2.7786435202397337,0.0,-4.0,5.260298098615369,1.7470753258364773,1.7092586063024857
1241.0,79.424,-0.7492586063024859,-0.19061733728004857,-0.0,-0.0,0.005623118448725151,0.029154726938737774,-3.034643520239734,0.0,-4.0,5.260298098615369,1.7470753258364773,1.7092586063024857
1242.0,79.488,-0.7492586063024859,-0.19061733728004857,-0.0,0.0,0.005623118448725151,0.029154726938737774,2.9925417869398525,0.0,-4.0,5.260298098615369,1.7470753258364773,1.7092586063024857
1243.0,79.552,-0.7494223438001396,-0.19056840639899436,-0.006563471467446243,0.0028141523239425,0.009334015136674423,0.027743281667290655,2.7365417869398523,0.007141331178872179,-4.0,5.260458324426238,1.7472723258453335,1.7094223438001395
1244.0,79.616,-0.7498224139860875,-0.19033035768804563,-0.007356987873680773,0.005722192571926148,0.020348002945062893,-0.061362190287011974,2.480541786939852,0.009320341109835666,-4.0,5.260842150336273,1.748020863828097,1.7098224139860876
1245.0,79.68,-0.7498224139860875,-0.19033035768804563,-0.0,0.0,0.016669509008222505,-0.0585010940010489,2.7365417869398523,0.0,4.0,5.260842150336273,1.748020863828097,1.7098224139860876
1246.0,79.744,-0.7498224139860875,-0.19033035768804563,-0.0,0.0,0.016669509008222505,-0.0585010940010489,2.9925417869398525,0.0,4.0,5.260842150336273,1.748020863828097,1.7098224139860876
1247.0,79.808,-0.7498224139860875,-0.19033035768804563,-0.0,-0.0,0.016669509008222505,-0.0585010940010489,-3.034643520239734,0.0,4.0,5.260842150336273,1.748020863828097,1.7098224139860876
1248.0,79.872,-0.749877170289095,-0.1903506529626017,-0.01364804758762776,-0.005183167715575764,0.014473826976469262,0.03173081430615144,-2.7786435202397337,0.014599124306681508,4.0,5.260898104895656,1.7480122354888001,1.709877170289095
1249.0,79.936,-0.749877170289095,-0.1903506529626017,-0.0,-0.0,0.007649803182655401,0.029139230448363557,-3.034643520239734,0.0,-4.0,5.260898104895656,1.7480122354888001,1.709877170289095
1250.0,80.0,-0.749877170289095,-0.1903506529626017,-0.0,0.0,0.007649803182655401,0.029139230448363557,2.9925417869398525,0.0,-4.0,5.260898104895656,1.7480122354888001,1.709877170289095
1251.0,80.06400000000001,-0.7500130579655742,-0.1903011961989858,-0.0,0.0,0.008049193890103556,0.029135695833129742,2.7365417869398523,0.0,-4.0,5.261030508649755,1.7481965629394935,1.7100130579655741
1252.0,80.128,-0.750144014693737,-0.1902387343446927,-0.0,0.0,0.017372967999445987,-0.0583643677113187,2.8325417869398524,0.0,4.0,5.261157151366318,1.7483496492868642,1.710144014693737
1253.0,80.19200000000001,-0.750144014693737,-0.1902387343446927,-0.0,0.0,0.017372967999445987,-0.0583643677113187,3.0885417869398526,0.0,4.0,5.261157151366318,1.7483496492868642,1.710144014693737
1254.0,80.256,-0.750144014693737,-0.1902387343446927,-0.0,-0.0,0.017372967999445987,-0.0583643677113187,-2.938643520239734,0.0,4.0,5.261157151366318,1.7483496492868642,1.710144014693737
1255.0,80.32000000000001,-0.7504129009488881,-0.190353353529752,-0.0,-0.0,0.00824317183202472,0.029122880329871197,-2.7146435202397337,0.0,-4.0,5.261432888074261,1.7482734762836545,1.7104129009488882
1256.0,80.384,-0.7504129009488881,-0.190353353529752,-0.0,-0.0,0.00824317183202472,0.029122880329871197,-2.970643520239734,0.0,-4.0,5.261432888074261,1.7482734762836545,1.7104129009488882
1257.0,80.44800000000001,-0.7504129009488881,-0.190353353529752,-0.0,0.0,0.00824317183202472,0.029122880329871197,3.0565417869398526,0.0,-4.0,5.261432888074261,1.7482734762836545,1.7104129009488882
1258.0,80.512,-0.7504403606159066,-0.1903438542081018,-0.006845698637808974,0.002429673166615776,0.011744242198210686,0.027907326192738308,2.8005417869398523,0.007264082979721004,-4.0,5.261459675744148,1.748309559559012,1.7104403606159067
1259.0,80.57600000000001,-0.7507172831560307,-0.19018941539632025,-0.0059149160419162666,0.004021054908951888,0.01235801093106137,0.02710509565851065,2.544541786939852,0.007152280361096346,-4.0,5.261726031064439,1.7488115247641585,1.7107172831560307
1260.0,80.64,-0.750832225346625,-0.19010436163733072,-0.0,0.0,0.018876721757474513,-0.05806718749470935,2.640541786939852,0.0,4.0,5.261835234549189,1.74905323497513,1.7108322253466248
1261.0,80.70400000000001,-0.750832225346625,-0.19010436163733072,-0.0,0.0,0.018876721757474513,-0.05806718749470935,2.8965417869398524,0.0,4.0,5.261835234549189,1.74905323497513,1.7108322253466248
1262.0,80.768,-0.750832225346625,-0.19010436163733072,-0.0,-0.0,0.018876721757474513,-0.05806718749470935,-3.130643520239734,0.0,4.0,5.261835234549189,1.74905323497513,1.7108322253466248
1263.0,80.83200000000001,-0.750832225346625,-0.19010436163733072,-0.0,-0.0,0.018876721757474513,-0.05806718749470935,-2.874643520239734,0.0,4.0,5.261835234549189,1.74905323497513,1.7108322253466248
1264.0,80.896,-0.7511036366975244,-0.1902149598659744,-0.0,-0.0,0.009710920152836922,0.029103597129419123,-2.8106435202397337,0.0,-4.0,5.262113227806351,1.7489443631858044,1.7111036366975245
1265.0,80.96000000000001,-0.7511036366975244,-0.1902149598659744,-0.0,-0.0,0.009710920152836922,0.029103597129419123,-3.066643520239734,0.0,-4.0,5.262113227806351,1.7489443631858044,1.7111036366975245
1266.0,81.024,-0.7511036366975244,-0.1902149598659744,-0.0,0.0,0.009710920152836922,0.029103597129419123,2.9605417869398525,0.0,-4.0,5.262113227806351,1.7489443631858044,1.7111036366975245
1267.0,81.08800000000001,-0.7512403423688179,-0.19016019123426198,-0.0,0.0,0.010136759225291114,0.029100109078012158,2.7045417869398523,0.0,-4.0,5.262246106846611,1.7491416061486358,1.7112403423688178
1268.0,81.152,-0.7516141074836343,-0.18992752319097686,-0.0,0.0,0.02058248090078485,-0.05773205980617232,2.480541786939852,0.0,4.0,5.262604056448089,1.749852584824195,1.7116141074836344
1269.0,81.21600000000001,-0.7516141074836343,-0.18992752319097686,-0.0,0.0,0.02058248090078485,-0.05773205980617232,2.7365417869398523,0.0,4.0,5.262604056448089,1.749852584824195,1.7116141074836344
1270.0,81.28,-0.7516141074836343,-0.18992752319097686,-0.0,0.0,0.02058248090078485,-0.05773205980617232,2.9925417869398525,0.0,4.0,5.262604056448089,1.749852584824195,1.7116141074836344
1271.0,81.34400000000001,-0.7516141074836343,-0.18992752319097686,-0.0,-0.0,0.02058248090078485,-0.05773205980617232,-3.034643520239734,0.0,4.0,5.262604056448089,1.749852584824195,1.7116141074836344
1272.0,81.408,-0.7516692793557885,-0.1899479724951052,-0.013751628493923593,-0.005222505005837657,0.018547219437970552,0.031700838005754996,-2.7786435202397337,0.014709923343474318,4.0,5.262660434013664,1.7498555519688093,1.7116692793557884
1273.0,81.47200000000001,-0.7516692793557885,-0.1899479724951052,-0.0,-0.0,0.011671405191008732,0.02908958550283617,-3.034643520239734,0.0,-4.0,5.262660434013664,1.7498555519688093,1.7116692793557884
1274.0,81.536,-0.7516692793557885,-0.1899479724951052,-0.0,0.0,0.011671405191008732,0.02908958550283617,2.9925417869398525,0.0,-4.0,5.262660434013664,1.7498555519688093,1.7116692793557884
1275.0,81.60000000000001,-0.75169702844695,-0.1899363367119361,-0.00691377948071058,0.002964350296846477,0.015217146600202791,0.02760670270946209,2.7365417869398523,0.0075224809331967376,-4.0,5.26268737353984,1.749896810401357,1.71169702844695
1276.0,81.664,-0.7518273474120373,-0.18986084449713914,-0.0,0.0,0.021047194562256177,-0.05764224220731526,2.6725417869398522,0.0,4.0,5.26281254469958,1.7500705886594474,1.7118273474120373
1277.0,81.72800000000001,-0.7518273474120373,-0.18986084449713914,-0.0,0.0,0.021047194562256177,-0.05764224220731526,2.9285417869398525,0.0,4.0,5.26281254469958,1.7500705886594474,1.7118273474120373
1278.0,81.792,-0.7518273474120373,-0.18986084449713914,-0.0,-0.0,0.021047194562256177,-0.05764224220731526,-3.098643520239734,0.0,4.0,5.26281254469958,1.7500705886594474,1.7118273474120373
1279.0,81.85600000000001,-0.7518273474120373,-0.18986084449713914,-0.0,-0.0,0.021047194562256177,-0.05764224220731526,-2.8426435202397338,0.0,4.0,5.26281254469958,1.7500705886594474,1.7118273474120373
1280.0,81.92,-0.7520964238403207,-0.18998066764770316,-0.0,-0.0,0.011991824618106939,0.029076324659829036,-2.7786435202397337,0.0,-4.0,5.263088798385456,1.7499919282956016,1.7120964238403207
1281.0,81.984,-0.7520964238403207,-0.18998066764770316,-0.0,-0.0,0.011991824618106939,0.029076324659829036,-3.034643520239734,0.0,-4.0,5.263088798385456,1.7499919282956016,1.7120964238403207
1282.0,82.048,-0.7520964238403207,-0.18998066764770316,-0.0,0.0,0.011991824618106939,0.029076324659829036,2.9925417869398525,0.0,-4.0,5.263088798385456,1.7499919282956016,1.7120964238403207
1283.0,82.112,-0.7520964238403207,-0.18998066764770316,-0.0,0.0,0.011991824618106939,0.029076324659829036,2.7365417869398523,0.0,-4.0,5.263088798385456,1.7499919282956016,1.7120964238403207
1284.0,82.176,-0.7523813885841301,-0.18981108691193907,-0.005917645556343583,0.004602686320435592,0.01610980456918537,0.026768281657256136,2.480541786939852,0.007496882705154049,-4.0,5.263362216866062,1.7505335637830184,1.71238138858413
1285.0,82.24,-0.7524959842000895,-0.18971435831372563,-0.0,0.0,0.022502989290325792,-0.05735589223102649,2.576541786939852,0.0,4.0,5.263470329476796,1.7507541631910932,1.7124959842000895
1286.0,82.304,-0.7524959842000895,-0.18971435831372563,-0.0,0.0,0.022502989290325792,-0.05735589223102649,2.8325417869398524,0.0,4.0,5.263470329476796,1.7507541631910932,1.7124959842000895
1287.0,82.368,-0.7524959842000895,-0.18971435831372563,-0.0,0.0,0.022502989290325792,-0.05735589223102649,3.0885417869398526,0.0,4.0,5.263470329476796,1.7507541631910932,1.7124959842000895
1288.0,82.432,-0.7524959842000895,-0.18971435831372563,-0.0,-0.0,0.022502989290325792,-0.05735589223102649,-2.938643520239734,0.0,4.0,5.263470329476796,1.7507541631910932,1.7124959842000895
1289.0,82.496,-0.7525492192816421,-0.18974013613545854,-0.013256789416236618,-0.006550718239180572,0.020318722283642066,0.0323406985706658,-2.6826435202397336,0.014786966391913393,4.0,5.263525117359802,1.750784456772523,1.712549219281642
1290.0,82.56,-0.7525492192816421,-0.18974013613545854,-0.0,-0.0,0.013690327575523742,0.029065339451075513,-2.938643520239734,0.0,-4.0,5.263525117359802,1.750784456772523,1.712549219281642
1291.0,82.624,-0.7525492192816421,-0.18974013613545854,-0.0,0.0,0.013690327575523742,0.029065339451075513,3.0885417869398526,0.0,-4.0,5.263525117359802,1.750784456772523,1.712549219281642
1292.0,82.688,-0.7525492192816421,-0.18974013613545854,-0.0,0.0,0.013690327575523742,0.029065339451075513,2.8325417869398524,0.0,-4.0,5.263525117359802,1.750784456772523,1.712549219281642
1293.0,82.752,-0.7526838811403334,-0.18966497956432146,-0.0,0.0,0.022911717149904864,-0.05727615984069326,2.608541786939852,0.0,4.0,5.26365464801158,1.7509462578607553,1.7126838811403333
1294.0,82.816,-0.7526838811403334,-0.18966497956432146,-0.0,0.0,0.022911717149904864,-0.05727615984069326,2.8645417869398524,0.0,4.0,5.26365464801158,1.7509462578607553,1.7126838811403333
1295.0,82.88,-0.7526838811403334,-0.18966497956432146,-0.0,0.0,0.022911717149904864,-0.05727615984069326,3.1205417869398526,0.0,4.0,5.26365464801158,1.7509462578607553,1.7126838811403333
1296.0,82.944,-0.7526838811403334,-0.18966497956432146,-0.0,-0.0,0.022911717149904864,-0.05727615984069326,-2.906643520239734,0.0,4.0,5.26365464801158,1.7509462578607553,1.7126838811403333
1297.0,83.008,-0.7529524172676697,-0.18978974810887325,-0.0,-0.0,0.013899741261838072,0.02905269318098761,-2.6826435202397336,0.0,-4.0,5.263930676879982,1.7508690392720665,1.7129524172676698
1298.0,83.072,-0.7529524172676697,-0.18978974810887325,-0.0,-0.0,0.013899741261838072,0.02905269318098761,-2.938643520239734,0.0,-4.0,5.263930676879982,1.7508690392720665,1.7129524172676698
1299.0,83.136,-0.7529524172676697,-0.18978974810887325,-0.0,0.0,0.013899741261838072,0.02905269318098761,3.0885417869398526,0.0,-4.0,5.263930676879982,1.7508690392720665,1.7129524172676698
1300.0,83.2,-0.7529524172676697,-0.18978974810887325,-0.0,0.0,0.013899741261838072,0.02905269318098761,2.8325417869398524,0.0,-4.0,5.263930676879982,1.7508690392720665,1.7129524172676698
1301.0,83.264,-0.753087407661435,-0.1897144081779497,-0.0,0.0,0.014423375044934794,0.029049450847705067,2.576541786939852,0.0,-4.0,5.264060523175511,1.7511138625808547,1.713087407661435
1302.0,83.328,-0.7533353988343698,-0.1895278527530085,-0.0,0.0,0.02432768521987,-0.05699723543008489,2.512541786939852,0.0,4.0,5.264295961991626,1.7516123308476417,1.7133353988343698
1303.0,83.392,-0.7533353988343698,-0.1895278527530085,-0.0,0.0,0.02432768521987,-0.05699723543008489,2.7685417869398523,0.0,4.0,5.264295961991626,1.7516123308476417,1.7133353988343698
1304.0,83.456,-0.7533353988343698,-0.1895278527530085,-0.0,0.0,0.02432768521987,-0.05699723543008489,3.0245417869398525,0.0,4.0,5.264295961991626,1.7516123308476417,1.7133353988343698
1305.0,83.52,-0.7533353988343698,-0.1895278527530085,-0.0,-0.0,0.02432768521987,-0.05699723543008489,-3.002643520239734,0.0,4.0,5.264295961991626,1.7516123308476417,1.7133353988343698
1306.0,83.584,-0.7533353988343698,-0.1895278527530085,-0.0,-0.0,0.02432768521987,-0.05699723543008489,-2.7466435202397337,0.0,4.0,5.264295961991626,1.7516123308476417,1.7133353988343698
1307.0,83.648,-0.7535942881749433,-0.1896743516124685,-0.0,-0.0,0.015191315288802631,0.029034692026786137,-2.6826435202397336,0.0,-4.0,5.2645637625436486,1.7514613690268348,1.7135942881749433
1308.0,83.712,-0.7535942881749433,-0.1896743516124685,-0.0,-0.0,0.015191315288802631,0.029034692026786137,-2.938643520239734,0.0,-4.0,5.2645637625436486,1.7514613690268348,1.7135942881749433
1309.0,83.776,-0.7535942881749433,-0.1896743516124685,-0.0,0.0,0.015191315288802631,0.029034692026786137,3.0885417869398526,0.0,-4.0,5.2645637625436486,1.7514613690268348,1.7135942881749433
1310.0,83.84,-0.7535942881749433,-0.1896743516124685,-0.0,0.0,0.015191315288802631,0.029034692026786137,2.8325417869398524,0.0,-4.0,5.2645637625436486,1.7514613690268348,1.7135942881749433
1311.0,83.904,-0.7536209902708442,-0.189657720244914,-0.006642047979281754,0.004211112460557293,0.018624326253311396,0.02692851157571783,2.576541786939852,0.007864494231324843,-4.0,5.264589335963099,1.751513866906605,1.7136209902708441
1312.0,83.968,-0.7538768948318656,-0.18942739753151544,-0.005323743810410533,0.005717563127578725,0.028164920419267103,-0.059623430113258005,2.320541786939852,0.007812347680225981,-4.0,5.264829853304201,1.7521659241878385,1.7138768948318654
1313.0,84.032,-0.7538768948318656,-0.18942739753151544,-0.0,0.0,0.02550304851406182,-0.05676464854946864,2.576541786939852,0.0,4.0,5.264829853304201,1.7521659241878385,1.7138768948318654
1314.0,84.096,-0.7538768948318656,-0.18942739753151544,-0.0,0.0,0.02550304851406182,-0.05676464854946864,2.8325417869398524,0.0,4.0,5.264829853304201,1.7521659241878385,1.7138768948318654
1315.0,84.16,-0.7538768948318656,-0.18942739753151544,-0.0,0.0,0.02550304851406182,-0.05676464854946864,3.0885417869398526,0.0,4.0,5.264829853304201,1.7521659241878385,1.7138768948318654
1316.0,84.224,-0.7538768948318656,-0.18942739753151544,-0.0,-0.0,0.02550304851406182,-0.05676464854946864,-2.938643520239734,0.0,4.0,5.264829853304201,1.7521659241878385,1.7138768948318654
1317.0,84.288,-0.7539306639764956,-0.18945343396058772,-0.01338978370392272,-0.006616436119935708,0.023352164428743105,0.032335110347118425,-2.6826435202397336,0.014935311666216554,4.0,5.26488518922304,1.7521495622123393,1.7139306639764955
1318.0,84.352,-0.7539306639764956,-0.18945343396058772,-0.0,-0.0,0.016657272576781734,0.029026892287150566,-2.938643520239734,0.0,-4.0,5.26488518922304,1.7521495622123393,1.7139306639764955
1319.0,84.416,-0.7539306639764956,-0.18945343396058772,-0.0,0.0,0.016657272576781734,0.029026892287150566,3.0885417869398526,0.0,-4.0,5.26488518922304,1.7521495622123393,1.7139306639764955
1320.0,84.48,-0.7539306639764956,-0.18945343396058772,-0.0,0.0,0.016657272576781734,0.029026892287150566,2.8325417869398524,0.0,-4.0,5.26488518922304,1.7521495622123393,1.7139306639764955
1321.0,84.544,-0.7539579348904456,-0.18943644830541165,-0.00678353937337276,0.004300819155627371,0.020163248721706495,0.02687583599004327,2.576541786939852,0.008032026633391465,-4.0,5.2649113082782755,1.7522031786401238,1.7139579348904457
1322.0,84.608,-0.7540825425617808,-0.18933463766942413,-0.0,0.0,0.02594907040248834,-0.05668076140135334,2.512541786939852,0.0,4.0,5.265029093972293,1.7523761662103723,1.7140825425617807
1323.0,84.672,-0.7540825425617808,-0.18933463766942413,-0.0,0.0,0.02594907040248834,-0.05668076140135334,2.7685417869398523,0.0,4.0,5.265029093972293,1.7523761662103723,1.7140825425617807
1324.0,84.736,-0.7540825425617808,-0.18933463766942413,-0.0,0.0,0.02594907040248834,-0.05668076140135334,3.0245417869398525,0.0,4.0,5.265029093972293,1.7523761662103723,1.7140825425617807
1325.0,84.8,-0.7540825425617808,-0.18933463766942413,-0.0,-0.0,0.02594907040248834,-0.05668076140135334,-3.002643520239734,0.0,4.0,5.265029093972293,1.7523761662103723,1.7140825425617807
1326.0,84.864,-0.7540825425617808,-0.18933463766942413,-0.0,-0.0,0.02594907040248834,-0.05668076140135334,-2.7466435202397337,0.0,4.0,5.265029093972293,1.7523761662103723,1.7140825425617807
1327.0,84.928,-0.7543429623656132,-0.18948200257891684,-0.0,-0.0,0.01697990090966789,0.02901431221771021,-2.6826435202397336,0.0,-4.0,5.265298471714214,1.7522882392536894,1.7143429623656132
1328.0,84.992,-0.7543429623656132,-0.18948200257891684,-0.0,-0.0,0.01697990090966789,0.02901431221771021,-2.938643520239734,0.0,-4.0,5.265298471714214,1.7522882392536894,1.7143429623656132
1329.0,85.056,-0.7543429623656132,-0.18948200257891684,-0.0,0.0,0.01697990090966789,0.02901431221771021,3.0885417869398526,0.0,-4.0,5.265298471714214,1.7522882392536894,1.7143429623656132
1330.0,85.12,-0.7543429623656132,-0.18948200257891684,-0.0,0.0,0.01697990090966789,0.02901431221771021,2.8325417869398524,0.0,-4.0,5.265298471714214,1.7522882392536894,1.7143429623656132
1331.0,85.184,-0.754370356231803,-0.18946494034308956,-0.006814123290055062,0.004320209607643862,0.020501649832765645,0.026853561136302388,2.576541786939852,0.008068239415513719,-4.0,5.26532470852175,1.7523420972337156,1.714370356231803
1332.0,85.248,-0.7546116327722158,-0.18925119539581917,-0.0,0.0,0.02709570009625678,-0.05645271004570104,2.352541786939852,0.0,4.0,5.265551707546188,1.752917076610846,1.7146116327722156
1333.0,85.312,-0.7546116327722158,-0.18925119539581917,-0.0,0.0,0.02709570009625678,-0.05645271004570104,2.608541786939852,0.0,4.0,5.265551707546188,1.752917076610846,1.7146116327722156
1334.0,85.376,-0.7546116327722158,-0.18925119539581917,-0.0,0.0,0.02709570009625678,-0.05645271004570104,2.8645417869398524,0.0,4.0,5.265551707546188,1.752917076610846,1.7146116327722156
1335.0,85.44,-0.7546116327722158,-0.18925119539581917,-0.0,0.0,0.02709570009625678,-0.05645271004570104,3.1205417869398526,0.0,4.0,5.265551707546188,1.752917076610846,1.7146116327722156
1336.0,85.504,-0.7546116327722158,-0.18925119539581917,-0.0,-0.0,0.02709570009625678,-0.05645271004570104,-2.906643520239734,0.0,4.0,5.265551707546188,1.752917076610846,1.7146116327722156
1337.0,85.568,-0.7546648713349151,-0.18927911183862267,-0.013253382478539225,-0.0070853633601715834,0.024965215105453187,0.032549377332425564,-2.6506435202397336,0.015028457042162128,4.0,5.265606634165828,1.7529267604203538,1.714664871334915
1338.0,85.632,-0.7546648713349151,-0.18927911183862267,-0.0,-0.0,0.018338523866183565,0.029006695652339768,-2.906643520239734,0.0,-4.0,5.265606634165828,1.7529267604203538,1.714664871334915
1339.0,85.696,-0.7546648713349151,-0.18927911183862267,-0.0,0.0,0.018338523866183565,0.029006695652339768,3.1205417869398526,0.0,-4.0,5.265606634165828,1.7529267604203538,1.714664871334915
1340.0,85.76,-0.7546648713349151,-0.18927911183862267,-0.0,0.0,0.018338523866183565,0.029006695652339768,2.8645417869398524,0.0,-4.0,5.265606634165828,1.7529267604203538,1.714664871334915
1341.0,85.824,-0.7546648713349151,-0.18927911183862267,-0.0,0.0,0.018338523866183565,0.029006695652339768,2.608541786939852,0.0,-4.0,5.265606634165828,1.7529267604203538,1.714664871334915
1342.0,85.888,-0.7547957006426269,-0.18917902354563298,-0.0,0.0,0.027494304974266193,-0.05637688769807324,2.544541786939852,0.0,4.0,5.265730743734018,1.7531052566669778,1.7147957006426269
1343.0,85.952,-0.7547957006426269,-0.18917902354563298,-0.0,0.0,0.027494304974266193,-0.05637688769807324,2.8005417869398523,0.0,4.0,5.265730743734018,1.7531052566669778,1.7147957006426269
1344.0,86.016,-0.7547957006426269,-0.18917902354563298,-0.0,0.0,0.027494304974266193,-0.05637688769807324,3.0565417869398526,0.0,4.0,5.265730743734018,1.7531052566669778,1.7147957006426269
1345.0,86.08,-0.7547957006426269,-0.18917902354563298,-0.0,-0.0,0.027494304974266193,-0.05637688769807324,-2.970643520239734,0.0,4.0,5.265730743734018,1.7531052566669778,1.7147957006426269
1346.0,86.144,-0.7547957006426269,-0.18917902354563298,-0.0,-0.0,0.027494304974266193,-0.05637688769807324,-2.7146435202397337,0.0,4.0,5.265730743734018,1.7531052566669778,1.7147957006426269
1347.0,86.208,-0.7550528532239565,-0.1893356077012644,-0.0,-0.0,0.018496246838983765,0.028994632564462445,-2.6506435202397336,0.0,-4.0,5.265997450135276,1.7529875338206928,1.7150528532239564
1348.0,86.272,-0.7550528532239565,-0.1893356077012644,-0.0,-0.0,0.018496246838983765,0.028994632564462445,-2.906643520239734,0.0,-4.0,5.265997450135276,1.7529875338206928,1.7150528532239564
1349.0,86.336,-0.7550528532239565,-0.1893356077012644,-0.0,0.0,0.018496246838983765,0.028994632564462445,3.1205417869398526,0.0,-4.0,5.265997450135276,1.7529875338206928,1.7150528532239564
1350.0,86.4,-0.7550528532239565,-0.1893356077012644,-0.0,0.0,0.018496246838983765,0.028994632564462445,2.8645417869398524,0.0,-4.0,5.265997450135276,1.7529875338206928,1.7150528532239564
1351.0,86.464,-0.7550528532239565,-0.1893356077012644,-0.0,0.0,0.018496246838983765,0.028994632564462445,2.608541786939852,0.0,-4.0,5.265997450135276,1.7529875338206928,1.7150528532239564
1352.0,86.528,-0.7552076489496242,-0.18921182463409508,-0.005873577802284225,0.005916644175986016,0.022214293797456874,0.02603288128405403,2.352541786939852,0.008337001529609745,-4.0,5.266143949376073,1.753356314016441,1.7152076489496242
1353.0,86.592,-0.755318624739698,-0.18909071107640743,-0.0,0.0,0.02862586444235371,-0.056152324381596445,2.448541786939852,0.0,4.0,5.266246894883894,1.7536398631994468,1.715318624739698
1354.0,86.656,-0.755318624739698,-0.18909071107640743,-0.0,0.0,0.02862586444235371,-0.056152324381596445,2.7045417869398523,0.0,4.0,5.266246894883894,1.7536398631994468,1.715318624739698
1355.0,86.72,-0.755318624739698,-0.18909071107640743,-0.0,0.0,0.02862586444235371,-0.056152324381596445,2.9605417869398525,0.0,4.0,5.266246894883894,1.7536398631994468,1.715318624739698
1356.0,86.784,-0.755318624739698,-0.18909071107640743,-0.0,-0.0,0.02862586444235371,-0.056152324381596445,-3.066643520239734,0.0,4.0,5.266246894883894,1.7536398631994468,1.715318624739698
1357.0,86.848,-0.755318624739698,-0.18909071107640743,-0.0,-0.0,0.02862586444235371,-0.056152324381596445,-2.8106435202397337,0.0,4.0,5.266246894883894,1.7536398631994468,1.715318624739698
1358.0,86.912,-0.7555795081112929,-0.18924389988568335,-0.0,-0.0,0.019536864055106296,0.02897988840164853,-2.5866435202397335,0.0,-4.0,5.266517102382654,1.7534665354023842,1.715579508111293
1359.0,86.976,-0.7555795081112929,-0.18924389988568335,-0.0,-0.0,0.019536864055106296,0.02897988840164853,-2.8426435202397338,0.0,-4.0,5.266517102382654,1.7534665354023842,1.715579508111293
1360.0,87.04,-0.7555795081112929,-0.18924389988568335,-0.0,-0.0,0.019536864055106296,0.02897988840164853,-3.098643520239734,0.0,-4.0,5.266517102382654,1.7534665354023842,1.715579508111293
1361.0,87.104,-0.7555795081112929,-0.18924389988568335,-0.0,0.0,0.019536864055106296,0.02897988840164853,2.9285417869398525,0.0,-4.0,5.266517102382654,1.7534665354023842,1.715579508111293
1362.0,87.168,-0.7555795081112929,-0.18924389988568335,-0.0,0.0,0.019536864055106296,0.02897988840164853,2.6725417869398522,0.0,-4.0,5.266517102382654,1.7534665354023842,1.715579508111293
1363.0,87.232,-0.7557111019558431,-0.18913984725601793,-0.0,0.0,0.02019461450266774,0.028976949820133522,2.416541786939852,0.0,-4.0,5.266641721554517,1.7537772686263244,1.715711101955843
1364.0,87.296,-0.7559455927386548,-0.18889598170065924,-0.0,0.0,0.029980910740517952,-0.055890540042585646,2.352541786939852,0.0,4.0,5.26686002854089,1.7542808380364614,1.7159455927386547
1365.0,87.36,-0.7559455927386548,-0.18889598170065924,-0.0,0.0,0.029980910740517952,-0.055890540042585646,2.608541786939852,0.0,4.0,5.26686002854089,1.7542808380364614,1.7159455927386547
1366.0,87.424,-0.7559455927386548,-0.18889598170065924,-0.0,0.0,0.029980910740517952,-0.055890540042585646,2.8645417869398524,0.0,4.0,5.26686002854089,1.7542808380364614,1.7159455927386547
1367.0,87.488,-0.7559455927386548,-0.18889598170065924,-0.0,0.0,0.029980910740517952,-0.055890540042585646,3.1205417869398526,0.0,4.0,5.26686002854089,1.7542808380364614,1.7159455927386547
1368.0,87.552,-0.7559455927386548,-0.18889598170065924,-0.0,-0.0,0.029980910740517952,-0.055890540042585646,-2.906643520239734,0.0,4.0,5.26686002854089,1.7542808380364614,1.7159455927386547
1369.0,87.616,-0.7559455927386548,-0.18889598170065924,-0.0,-0.0,0.029980910740517952,-0.055890540042585646,-2.6506435202397336,0.0,4.0,5.26686002854089,1.7542808380364614,1.7159455927386547
1370.0,87.68,-0.7561949569193573,-0.18907061955912205,-0.0,-0.0,0.02107553028291076,0.028963275373845312,-2.5866435202397335,0.0,-4.0,5.26712011541342,1.754181959743616,1.7161949569193573
1371.0,87.744,-0.7561949569193573,-0.18907061955912205,-0.0,-0.0,0.02107553028291076,0.028963275373845312,-2.8426435202397338,0.0,-4.0,5.26712011541342,1.754181959743616,1.7161949569193573
1372.0,87.808,-0.7561949569193573,-0.18907061955912205,-0.0,-0.0,0.02107553028291076,0.028963275373845312,-3.098643520239734,0.0,-4.0,5.26712011541342,1.754181959743616,1.7161949569193573
1373.0,87.872,-0.7561949569193573,-0.18907061955912205,-0.0,0.0,0.02107553028291076,0.028963275373845312,2.9285417869398525,0.0,-4.0,5.26712011541342,1.754181959743616,1.7161949569193573
1374.0,87.936,-0.7561949569193573,-0.18907061955912205,-0.0,0.0,0.02107553028291076,0.028963275373845312,2.6725417869398522,0.0,-4.0,5.26712011541342,1.754181959743616,1.7161949569193573
1375.0,88.0,-0.7562208759372613,-0.18904802171092597,-0.006434351910630398,0.005701118750068525,0.024432398510845388,0.02611215056560255,2.416541786939852,0.008596722602958407,-4.0,5.267144525989842,1.7542481151403304,1.7162208759372612
1376.0,88.06400000000001,-0.7564380648402091,-0.18878267058728507,-0.0,0.0,0.031044011832887963,-0.05568201007288375,2.192541786939852,0.0,4.0,5.267344191088269,1.7547843122577191,1.716438064840209
1377.0,88.128,-0.7564380648402091,-0.18878267058728507,-0.0,0.0,0.031044011832887963,-0.05568201007288375,2.448541786939852,0.0,4.0,5.267344191088269,1.7547843122577191,1.716438064840209
1378.0,88.19200000000001,-0.7564380648402091,-0.18878267058728507,-0.0,0.0,0.031044011832887963,-0.05568201007288375,2.7045417869398523,0.0,4.0,5.267344191088269,1.7547843122577191,1.716438064840209
1379.0,88.256,-0.7564380648402091,-0.18878267058728507,-0.0,0.0,0.031044011832887963,-0.05568201007288375,2.9605417869398525,0.0,4.0,5.267344191088269,1.7547843122577191,1.716438064840209
1380.0,88.32000000000001,-0.7564380648402091,-0.18878267058728507,-0.0,-0.0,0.031044011832887963,-0.05568201007288375,-3.066643520239734,0.0,4.0,5.267344191088269,1.7547843122577191,1.716438064840209
1381.0,88.384,-0.7564380648402091,-0.18878267058728507,-0.0,-0.0,0.031044011832887963,-0.05568201007288375,-2.8106435202397337,0.0,4.0,5.267344191088269,1.7547843122577191,1.716438064840209
1382.0,88.44800000000001,-0.7564892925443819,-0.1888161564743925,-0.012739545163900898,-0.008473658206684574,0.037524306055405965,-0.05141988110143661,-2.5546435202397335,0.015300290663473801,4.0,5.267397466540931,1.7548366844192764,1.7164892925443818
1383.0,88.512,-0.7567220792590065,-0.18901501166402518,-0.0,-0.0,0.021937428172182638,0.02894823270129449,-2.4906435202397335,0.0,-4.0,5.267642565389445,1.7545761944647496,1.7167220792590063
1384.0,88.57600000000001,-0.7567220792590065,-0.18901501166402518,-0.0,-0.0,0.021937428172182638,0.02894823270129449,-2.7466435202397337,0.0,-4.0,5.267642565389445,1.7545761944647496,1.7167220792590063
1385.0,88.64,-0.7567220792590065,-0.18901501166402518,-0.0,-0.0,0.021937428172182638,0.02894823270129449,-3.002643520239734,0.0,-4.0,5.267642565389445,1.7545761944647496,1.7167220792590063
1386.0,88.70400000000001,-0.7567220792590065,-0.18901501166402518,-0.0,0.0,0.021937428172182638,0.02894823270129449,3.0245417869398525,0.0,-4.0,5.267642565389445,1.7545761944647496,1.7167220792590063
1387.0,88.768,-0.7567220792590065,-0.18901501166402518,-0.0,0.0,0.021937428172182638,0.02894823270129449,2.7685417869398523,0.0,-4.0,5.267642565389445,1.7545761944647496,1.7167220792590063
1388.0,88.83200000000001,-0.7567220792590065,-0.18901501166402518,-0.0,0.0,0.021937428172182638,0.02894823270129449,2.512541786939852,0.0,-4.0,5.267642565389445,1.7545761944647496,1.7167220792590063
1389.0,88.896,-0.7569905457610635,-0.1887401437023524,-0.00557256094621659,0.006810686180843133,0.03502161344689003,-0.05884692686414074,2.256541786939852,0.008799936463022103,-4.0,5.267892793439962,1.7553491359309967,1.7169905457610635
1390.0,88.96000000000001,-0.7569905457610635,-0.1887401437023524,-0.0,0.0,0.03223533297378173,-0.05544158377371917,2.512541786939852,0.0,4.0,5.267892793439962,1.7553491359309967,1.7169905457610635
1391.0,89.024,-0.7569905457610635,-0.1887401437023524,-0.0,0.0,0.03223533297378173,-0.05544158377371917,2.7685417869398523,0.0,4.0,5.267892793439962,1.7553491359309967,1.7169905457610635
1392.0,89.08800000000001,-0.7569905457610635,-0.1887401437023524,-0.0,0.0,0.03223533297378173,-0.05544158377371917,3.0245417869398525,0.0,4.0,5.267892793439962,1.7553491359309967,1.7169905457610635
1393.0,89.152,-0.7569905457610635,-0.1887401437023524,-0.0,-0.0,0.03223533297378173,-0.05544158377371917,-3.002643520239734,0.0,4.0,5.267892793439962,1.7553491359309967,1.7169905457610635
1394.0,89.21600000000001,-0.7569905457610635,-0.1887401437023524,-0.0,-0.0,0.03223533297378173,-0.05544158377371917,-2.7466435202397337,0.0,4.0,5.267892793439962,1.7553491359309967,1.7169905457610635
1395.0,89.28,-0.7572454856182286,-0.18891267358509725,-0.0,-0.0,0.023022978307447373,0.028933730409575784,-2.5226435202397335,0.0,-4.0,5.268158302136511,1.7550786033511085,1.7172454856182284
1396.0,89.34400000000001,-0.7572454856182286,-0.18891267358509725,-0.0,-0.0,0.023022978307447373,0.028933730409575784,-2.7786435202397337,0.0,-4.0,5.268158302136511,1.7550786033511085,1.7172454856182284
1397.0,89.408,-0.7572454856182286,-0.18891267358509725,-0.0,-0.0,0.023022978307447373,0.028933730409575784,-3.034643520239734,0.0,-4.0,5.268158302136511,1.7550786033511085,1.7172454856182284
1398.0,89.47200000000001,-0.7572454856182286,-0.18891267358509725,-0.0,0.0,0.023022978307447373,0.028933730409575784,2.9925417869398525,0.0,-4.0,5.268158302136511,1.7550786033511085,1.7172454856182284
1399.0,89.536,-0.7572454856182286,-0.18891267358509725,-0.0,0.0,0.023022978307447373,0.028933730409575784,2.7365417869398523,0.0,-4.0,5.268158302136511,1.7550786033511085,1.7172454856182284
1400.0,89.60000000000001,-0.7572454856182286,-0.18891267358509725,-0.0,0.0,0.023022978307447373,0.028933730409575784,2.480541786939852,0.0,-4.0,5.268158302136511,1.7550786033511085,1.7172454856182284
1401.0,89.664,-0.7575096572692427,-0.18862429740753936,-0.005449392955720052,0.00711287076339368,0.036078124409231804,-0.05877845568377928,2.224541786939852,0.008960402562529873,-4.0,5.2684033834810045,1.7558798446990702,1.7175096572692428
1402.0,89.72800000000001,-0.7575096572692427,-0.18862429740753936,-0.0,0.0,0.033353427931371804,-0.05522202030208243,2.480541786939852,0.0,4.0,5.2684033834810045,1.7558798446990702,1.7175096572692428
1403.0,89.792,-0.7575096572692427,-0.18862429740753936,-0.0,0.0,0.033353427931371804,-0.05522202030208243,2.7365417869398523,0.0,4.0,5.2684033834810045,1.7558798446990702,1.7175096572692428
1404.0,89.85600000000001,-0.7575096572692427,-0.18862429740753936,-0.0,0.0,0.033353427931371804,-0.05522202030208243,2.9925417869398525,0.0,4.0,5.2684033834810045,1.7558798446990702,1.7175096572692428
1405.0,89.92,-0.7575096572692427,-0.18862429740753936,-0.0,-0.0,0.033353427931371804,-0.05522202030208243,-3.034643520239734,0.0,4.0,5.2684033834810045,1.7558798446990702,1.7175096572692428
1406.0,89.98400000000001,-0.7575096572692427,-0.18862429740753936,-0.0,-0.0,0.033353427931371804,-0.05522202030208243,-2.7786435202397337,0.0,4.0,5.2684033834810045,1.7558798446990702,1.7175096572692428
1407.0,90.048,-0.757560386379104,-0.18865982465561057,-0.012610817896362774,-0.008982984938835484,0.03091508723700548,0.033418031680825425,-2.5226435202397335,0.015483111651944152,4.0,5.2684562912924084,1.7558312541864298,1.717560386379104
1408.0,90.112,-0.757560386379104,-0.18865982465561057,-0.0,-0.0,0.0246096782888241,0.028926539211407684,-2.7786435202397337,0.0,-4.0,5.2684562912924084,1.7558312541864298,1.717560386379104
1409.0,90.176,-0.757560386379104,-0.18865982465561057,-0.0,-0.0,0.0246096782888241,0.028926539211407684,-3.034643520239734,0.0,-4.0,5.2684562912924084,1.7558312541864298,1.717560386379104
1410.0,90.24,-0.757560386379104,-0.18865982465561057,-0.0,0.0,0.0246096782888241,0.028926539211407684,2.9925417869398525,0.0,-4.0,5.2684562912924084,1.7558312541864298,1.717560386379104
1411.0,90.304,-0.757560386379104,-0.18865982465561057,-0.0,0.0,0.0246096782888241,0.028926539211407684,2.7365417869398523,0.0,-4.0,5.2684562912924084,1.7558312541864298,1.717560386379104
1412.0,90.368,-0.757560386379104,-0.18865982465561057,-0.0,0.0,0.0246096782888241,0.028926539211407684,2.480541786939852,0.0,-4.0,5.2684562912924084,1.7558312541864298,1.717560386379104
1413.0,90.432,-0.7576898494932189,-0.18853148230541253,-0.0,0.0,0.03374124958134156,-0.05515007555695926,2.416541786939852,0.0,4.0,5.268577238493893,1.75606406252452,1.717689849493219
1414.0,90.496,-0.7576898494932189,-0.18853148230541253,-0.0,0.0,0.03374124958134156,-0.05515007555695926,2.6725417869398522,0.0,4.0,5.268577238493893,1.75606406252452,1.717689849493219
1415.0,90.56,-0.7576898494932189,-0.18853148230541253,-0.0,0.0,0.03374124958134156,-0.05515007555695926,2.9285417869398525,0.0,4.0,5.268577238493893,1.75606406252452,1.717689849493219
1416.0,90.624,-0.7576898494932189,-0.18853148230541253,-0.0,-0.0,0.03374124958134156,-0.05515007555695926,-3.098643520239734,0.0,4.0,5.268577238493893,1.75606406252452,1.717689849493219
1417.0,90.688,-0.7576898494932189,-0.18853148230541253,-0.0,-0.0,0.03374124958134156,-0.05515007555695926,-2.8426435202397338,0.0,4.0,5.268577238493893,1.75606406252452,1.717689849493219
1418.0,90.752,-0.7576898494932189,-0.18853148230541253,-0.0,-0.0,0.03374124958134156,-0.05515007555695926,-2.5866435202397335,0.0,4.0,5.268577238493893,1.75606406252452,1.717689849493219
1419.0,90.816,-0.757946861073154,-0.18870541422113318,-0.0,-0.0,0.024818159903735093,0.028914876976662368,-2.6826435202397336,0.0,-4.0,5.268844897270344,1.755916955009809,1.717946861073154
1420.0,90.88,-0.757946861073154,-0.18870541422113318,-0.0,-0.0,0.024818159903735093,0.028914876976662368,-2.938643520239734,0.0,-4.0,5.268844897270344,1.755916955009809,1.717946861073154
1421.0,90.944,-0.757946861073154,-0.18870541422113318,-0.0,0.0,0.024818159903735093,0.028914876976662368,3.0885417869398526,0.0,-4.0,5.268844897270344,1.755916955009809,1.717946861073154
1422.0,91.008,-0.757946861073154,-0.18870541422113318,-0.0,0.0,0.024818159903735093,0.028914876976662368,2.8325417869398524,0.0,-4.0,5.268844897270344,1.755916955009809,1.717946861073154
1423.0,91.072,-0.757946861073154,-0.18870541422113318,-0.0,0.0,0.024818159903735093,0.028914876976662368,2.576541786939852,0.0,-4.0,5.268844897270344,1.755916955009809,1.717946861073154
1424.0,91.136,-0.758078799263843,-0.18857873884376652,-0.0,0.0,0.025583212972220104,0.028911993854305474,2.320541786939852,0.0,-4.0,5.268968421016104,1.7562811278682122,1.7180787992638429
1425.0,91.2,-0.7581995532508811,-0.18843817787195177,-0.0,0.0,0.03483746583994529,-0.054933199223116465,2.416541786939852,0.0,4.0,5.269079895204574,1.7565851533673331,1.718199553250881
1426.0,91.264,-0.7581995532508811,-0.18843817787195177,-0.0,0.0,0.03483746583994529,-0.054933199223116465,2.6725417869398522,0.0,4.0,5.269079895204574,1.7565851533673331,1.718199553250881
1427.0,91.328,-0.7581995532508811,-0.18843817787195177,-0.0,0.0,0.03483746583994529,-0.054933199223116465,2.9285417869398525,0.0,4.0,5.269079895204574,1.7565851533673331,1.718199553250881
1428.0,91.392,-0.7581995532508811,-0.18843817787195177,-0.0,-0.0,0.03483746583994529,-0.054933199223116465,-3.098643520239734,0.0,4.0,5.269079895204574,1.7565851533673331,1.718199553250881
1429.0,91.456,-0.7581995532508811,-0.18843817787195177,-0.0,-0.0,0.03483746583994529,-0.054933199223116465,-2.8426435202397338,0.0,4.0,5.269079895204574,1.7565851533673331,1.718199553250881
1430.0,91.52,-0.7581995532508811,-0.18843817787195177,-0.0,-0.0,0.03483746583994529,-0.054933199223116465,-2.5866435202397335,0.0,4.0,5.269079895204574,1.7565851533673331,1.718199553250881
1431.0,91.584,-0.7584433254365156,-0.18863327886630318,-0.0,-0.0,0.025723429684780807,0.028900943468962673,-2.5226435202397335,0.0,-4.0,5.269335698585125,1.7563347912593568,1.7184433254365157
1432.0,91.648,-0.7584433254365156,-0.18863327886630318,-0.0,-0.0,0.025723429684780807,0.028900943468962673,-2.7786435202397337,0.0,-4.0,5.269335698585125,1.7563347912593568,1.7184433254365157
1433.0,91.712,-0.7584433254365156,-0.18863327886630318,-0.0,-0.0,0.025723429684780807,0.028900943468962673,-3.034643520239734,0.0,-4.0,5.269335698585125,1.7563347912593568,1.7184433254365157
1434.0,91.776,-0.7584433254365156,-0.18863327886630318,-0.0,0.0,0.025723429684780807,0.028900943468962673,2.9925417869398525,0.0,-4.0,5.269335698585125,1.7563347912593568,1.7184433254365157
1435.0,91.84,-0.7584433254365156,-0.18863327886630318,-0.0,0.0,0.025723429684780807,0.028900943468962673,2.7365417869398523,0.0,-4.0,5.269335698585125,1.7563347912593568,1.7184433254365157
1436.0,91.904,-0.7584433254365156,-0.18863327886630318,-0.0,0.0,0.025723429684780807,0.028900943468962673,2.480541786939852,0.0,-4.0,5.269335698585125,1.7563347912593568,1.7184433254365157
1437.0,91.968,-0.7585983482228269,-0.18847283147758737,-0.0057236740439158265,0.007470878700980876,0.029539866020542316,0.025162179523600545,2.224541786939852,0.0094114012307289,-4.0,5.269480092530979,1.7567900139533907,1.7185983482228269
1438.0,92.032,-0.7587056207080148,-0.18832056578996675,-0.0,0.0,0.03592469038955698,-0.05472011691433949,1.9685417869398516,0.0,-4.0,5.2695773654537525,1.7571025266725009,1.7187056207080147
1439.0,92.096,-0.7587056207080148,-0.18832056578996675,-0.0,0.0,0.03592469038955698,-0.05472011691433949,1.7125417869398514,0.0,-4.0,5.2695773654537525,1.7571025266725009,1.7187056207080147
1440.0,92.16,-0.7587056207080148,-0.18832056578996675,0.0,0.0,0.03592469038955698,-0.05472011691433949,1.4565417869398511,0.0,-4.0,5.2695773654537525,1.7571025266725009,1.7187056207080147
1441.0,92.224,-0.7587056207080148,-0.18832056578996675,0.0,0.0,0.03592469038955698,-0.05472011691433949,1.200541786939851,0.0,-4.0,5.2695773654537525,1.7571025266725009,1.7187056207080147
1442.0,92.288,-0.7587056207080148,-0.18832056578996675,0.0,0.0,0.03592469038955698,-0.05472011691433949,0.9445417869398508,0.0,-4.0,5.2695773654537525,1.7571025266725009,1.7187056207080147
1443.0,92.352,-0.7587056207080148,-0.18832056578996675,0.0,0.0,0.03592469038955698,-0.05472011691433949,0.6885417869398509,0.0,-4.0,5.2695773654537525,1.7571025266725009,1.7187056207080147
1444.0,92.416,-0.7583719501261799,-0.1881465919393546,0.01410847147901379,0.006513895810262111,0.028153734854904744,-0.05813765231312803,0.432541786939851,0.015539620526290075,-4.0,5.2692332158971675,1.756761401691379,1.7183719501261798
1445.0,92.48,-0.7574305121236862,-0.18785115435029903,0.017206069838923643,0.0030695462919388193,0.024580004741880768,-0.0568535162118564,0.17654178693985098,0.017477727361996275,-4.0,5.268274764313737,1.7557989314038809,1.7174305121236861
1446.0,92.544,-0.7560760277445849,-0.18779834616448904,0.026630431128437992,-0.002120470957160215,0.016947373790860643,-0.054860460754402506,-0.079458213060149,0.026714719896840378,-4.0,5.266919681569366,1.7544141870380154,1.716076027744585
1447.0,92.608,-0.7542701652447594,-0.1881847363432622,0.03130391619815552,-0.010647651549972263,0.01070387042556814,-0.051365659059173785,-0.32786220475372546,0.0330652030520118,-3.597614654550716,5.265142342356638,1.7525679804956993,1.7142701652447594
1448.0,92.672,-0.7522894050245617,-0.18912346522383056,0.03161230632425175,-0.019238738934265646,0.006247280830775026,-0.04787583735864543,-0.5467072562046275,0.03700631009597088,-3.114841806692298,5.263226075212681,1.7505429689138972,1.7122894050245616
1449.0,92.736,-0.7504780178758056,-0.1904686631552301,0.0,-0.0,0.007744666158900904,0.02911945069677431,-0.7085953733198397,0.0,4.0,5.261505328970765,1.748034496755178,1.7104780178758054
1450.0,92.8,-0.7504780178758056,-0.1904686631552301,0.0,-0.0,0.007744666158900904,0.02911945069677431,-0.4525953733198398,0.0,4.0,5.261505328970765,1.748034496755178,1.7104780178758054
1451.0,92.864,-0.7504496947089858,-0.19047454017647325,0.007092319037920283,-0.0014125625654560973,0.004137244737548396,0.02982651846719038,-0.19659537331983978,0.0072316196205949885,4.0,5.261477445468912,1.7480065111847276,1.7104496947089858
1452.0,92.928,-0.750135900035312,-0.1904836784976223,0.00700025796680278,0.00041633756565845657,0.0037823306329679562,0.028921503582210913,0.05940462668016021,0.007012627793513942,4.0,5.261164899921202,1.7478282511196441,1.710135900035312
1453.0,92.992,-0.7495663350257923,-0.19036838754802818,0.01167546816460365,0.0038096713088188235,0.010271291731336729,-0.060517667146309004,0.3154046266801602,0.012281292779830252,4.0,5.2605890682582475,1.747759063911496,1.7095663350257921
1454.0,93.056,-0.7492219247372137,-0.1903078075534546,0.014554670566420048,0.0008656332582771563,0.008077393657411447,-0.05920496873707147,0.059404626680160215,0.01458038944043847,-4.0,5.260241460144552,1.7474069592921935,1.7092219247372138
1455.0,93.12,-0.7482698877177754,-0.1903772006367768,0.0189835731572946,-0.0037809191404416576,0.0037749960573325025,-0.05730375884127781,-0.19659537331983976,0.01935643043964755,-4.0,5.259295908487987,1.7464336531994071,1.7082698877177753
1456.0,93.184,-0.7469403444677345,-0.19083781607209008,0.024620352309313996,-0.011970703864384322,-0.0019663545367358815,-0.053770703537029875,-0.4525562657959208,0.027376257940842256,-3.9902231190202646,5.257998991562093,1.7450744071622617,1.7069403444677345
1457.0,93.248,-0.7464805296769773,-0.19108458771190184,0.0,-0.0,0.0001314555652385252,0.029233912896288915,-0.35655626579592076,0.0,4.0,5.257556147513235,1.7445874785283908,1.7064805296769774
1458.0,93.312,-0.7464805296769773,-0.19108458771190184,0.0,-0.0,0.0001314555652385252,0.029233912896288915,-0.10055626579592077,0.0,4.0,5.257556147513235,1.7445874785283908,1.7064805296769774
1459.0,93.376,-0.7463408987417731,-0.19107065633727482,0.0,0.0,0.00902324789614578,-0.060007931567946135,0.12344373420407925,0.0,-4.0,5.257415906928515,1.7444615694621928,1.706340898741773
1460.0,93.44,-0.7457034156142885,-0.19107575861720194,0.014136957603613096,-0.0018849957874433993,0.0005485470464421938,-0.05935308711753977,-0.13255626579592072,0.014262074863253014,-4.0,5.256780097902491,1.743809844582424,1.7057034156142885
1461.0,93.504,-0.7446900235855197,-0.1913567505395316,0.01957071081175883,-0.008011627412003607,-0.004407705401235251,-0.05672605373105604,-0.38855626579592084,0.021147077705117118,-4.0,5.255787084218347,1.7427738127729009,1.7046900235855196
1462.0,93.568,-0.7438676503842677,-0.19177696139352757,0.0,-0.0,-0.006331684544707061,0.029304908774724088,-0.4525562657959209,0.0,4.0,5.254993760803719,1.7416520724616893,1.7038676503842676
1463.0,93.632,-0.7438676503842677,-0.19177696139352757,0.0,-0.0,-0.006331684544707061,0.029304908774724088,-0.19655626579592084,0.0,4.0,5.254993760803719,1.7416520724616893,1.7038676503842676
1464.0,93.696,-0.7438676503842677,-0.19177696139352757,0.0,0.0,-0.006331684544707061,0.029304908774724088,0.05944373420407915,0.0,4.0,5.254993760803719,1.7416520724616893,1.7038676503842676
1465.0,93.76,-0.7437285572201238,-0.1917400424515531,0.0,0.0,-0.00630547507367285,0.029309890788138056,0.3154437342040792,0.0,4.0,5.254852561054461,1.741669524209515,1.7037285572201237
1466.0,93.824,-0.7435936462235809,-0.19168996215023149,0.0,0.0,0.0029494376253765275,-0.06120269960635589,0.21944373420407923,0.0,-4.0,5.25471467892887,1.7416529416884998,1.703593646223581
1467.0,93.888,-0.7435348474278444,-0.19169164168082603,0.014695869520935205,-0.0005374655495644606,-0.004528882879182905,-0.06096054696899288,-0.03655626579592076,0.014705694481843452,-4.0,5.254656113789435,1.7415928292926892,1.7035348474278442
1468.0,93.952,-0.7429085783578392,-0.1918212620607014,0.013731436464170169,-0.004135892454970818,-0.005436427403136768,-0.05943571730871114,-0.29255626579592076,0.014340779398924825,-4.0,5.254039601698391,1.7409525689991145,1.7029085783578393
1469.0,94.016,-0.7422851684529763,-0.1920691212926324,0.0,-0.0,-0.009623093090612711,0.029349997809338634,-0.35655626579592087,0.0,4.0,5.253433645828599,1.7401736971881439,1.7022851684529763
1470.0,94.08,-0.7422851684529763,-0.1920691212926324,0.0,-0.0,-0.009623093090612711,0.029349997809338634,-0.10055626579592077,0.0,4.0,5.253433645828599,1.7401736971881439,1.7022851684529763
1471.0,94.144,-0.7422851684529763,-0.1920691212926324,0.0,0.0,-0.009623093090612711,0.029349997809338634,0.15544373420407923,0.0,4.0,5.253433645828599,1.7401736971881439,1.7022851684529763
1472.0,94.208,-0.7422578972415861,-0.19205748034507433,0.006794303032265914,0.0029646856034284603,-0.012992853304450769,0.027868720569257006,0.4114437342040792,0.0074129558491490945,4.0,5.253405674517417,1.7401874849635743,1.702257897241586
1473.0,94.272,-0.7421301176448404,-0.19198236408405278,0.0,0.0,-0.0003007923793277856,-0.061845278557878615,0.47544373420407926,0.0,-4.0,5.25327327555531,1.7401567170107082,1.7021301176448405
1474.0,94.336,-0.7421301176448404,-0.19198236408405278,0.0,0.0,-0.0003007923793277856,-0.061845278557878615,0.21944373420407923,0.0,-4.0,5.25327327555531,1.7401567170107082,1.7021301176448405
1475.0,94.4,-0.742070769681396,-0.19198405930109047,0.014833125682029132,-0.000542485358562381,-0.007849370584363524,-0.06160095180917423,-0.03655626579592076,0.014843042405892626,-4.0,5.2532141638395204,1.7400960431784565,1.702070769681396
1476.0,94.464,-0.7414361815196744,-0.1921155042435103,0.013963101546340784,-0.00420566970427243,-0.008827001584688576,-0.0600483197241441,-0.29255626579592076,0.014582724795279493,-4.0,5.252589481692562,1.7394472779397077,1.7014361815196744
1477.0,94.528,-0.7408729619461772,-0.1923365969214201,0.0,-0.0,-0.012603107644469758,0.02939025277475835,-0.35655626579592087,0.0,4.0,5.2520418647274925,1.7388384970435884,1.7008729619461773
1478.0,94.592,-0.7408729619461772,-0.1923365969214201,0.0,-0.0,-0.012603107644469758,0.02939025277475835,-0.10055626579592077,0.0,4.0,5.2520418647274925,1.7388384970435884,1.7008729619461773
1479.0,94.656,-0.7408729619461772,-0.1923365969214201,0.0,0.0,-0.012603107644469758,0.02939025277475835,0.15544373420407923,0.0,4.0,5.2520418647274925,1.7388384970435884,1.7008729619461773
1480.0,94.72,-0.7408729619461772,-0.1923365969214201,0.0,0.0,-0.012603107644469758,0.02939025277475835,0.4114437342040792,0.0,4.0,5.2520418647274925,1.7388384970435884,1.7008729619461773
1481.0,94.784,-0.7407348426782489,-0.19226963159988147,0.0,0.0,-0.0034089151957402697,-0.0624592230677585,0.31544373420407923,0.0,-4.0,5.251899674591788,1.7387302707713626,1.7007348426782487
1482.0,94.848,-0.7407348426782489,-0.19226963159988147,0.0,0.0,-0.0034089151957402697,-0.0624592230677585,0.0594437342040792,0.0,-4.0,5.251899674591788,1.7387302707713626,1.7007348426782487
1483.0,94.912,-0.7404375532172852,-0.1923116948634001,0.0,-0.0,-0.004072357055859344,-0.06259182166128044,-0.19655626579592078,0.0,-4.0,5.251605758776093,1.7384263396869943,1.7004375532172853
1484.0,94.976,-0.73953057810051,-0.19261721888732866,0.014930408166614059,-0.0072593394477669096,-0.013564205943994379,-0.05935306398593594,-0.4525562657959209,0.0166016594724624,-4.0,5.250720639829199,1.7374991022065827,1.69953057810051
1485.0,95.04,-0.739239714385526,-0.1927733185112449,0.0,-0.0,-0.016707338301843566,0.02943453208619503,-0.35655626579592087,0.0,4.0,5.250440584625041,1.7369943789807607,1.699239714385526
1486.0,95.104,-0.739239714385526,-0.1927733185112449,0.0,-0.0,-0.016707338301843566,0.02943453208619503,-0.10055626579592077,0.0,4.0,5.250440584625041,1.7369943789807607,1.699239714385526
1487.0,95.168,-0.739239714385526,-0.1927733185112449,0.0,0.0,-0.016707338301843566,0.02943453208619503,0.15544373420407923,0.0,4.0,5.250440584625041,1.7369943789807607,1.699239714385526
1488.0,95.232,-0.739239714385526,-0.1927733185112449,0.0,0.0,-0.016707338301843566,0.02943453208619503,0.4114437342040792,0.0,4.0,5.250440584625041,1.7369943789807607,1.699239714385526
1489.0,95.296,-0.7391066896625534,-0.19268005886673845,0.0,0.0,-0.007047532879762286,-0.06317211498200628,0.6354437342040792,0.0,-4.0,5.2503017559385885,1.7370657438487656,1.6991066896625533
1490.0,95.36,-0.7391066896625534,-0.19268005886673845,0.0,0.0,-0.007047532879762286,-0.06317211498200628,0.3794437342040792,0.0,-4.0,5.2503017559385885,1.7370657438487656,1.6991066896625533
1491.0,95.424,-0.7391066896625534,-0.19268005886673845,0.0,0.0,-0.007047532879762286,-0.06317211498200628,0.12344373420407913,0.0,-4.0,5.2503017559385885,1.7370657438487656,1.6991066896625533
1492.0,95.488,-0.7390461409492399,-0.1926876398333468,0.015121532169770474,-0.002016277139603377,-0.014743858409566712,-0.06219115438228459,-0.13255626579592086,0.015255363275421877,-4.0,5.250241831143559,1.7370038424411782,1.69904614094924
1493.0,95.552,-0.7384647850732611,-0.1928626175876263,0.0,-0.0,-0.0180597947311249,0.029457823028062154,-0.35655626579592087,0.0,4.0,5.249673140205177,1.7363970357355085,1.698464785073261
1494.0,95.616,-0.7384647850732611,-0.1928626175876263,0.0,-0.0,-0.0180597947311249,0.029457823028062154,-0.10055626579592077,0.0,4.0,5.249673140205177,1.7363970357355085,1.698464785073261
1495.0,95.68,-0.7384647850732611,-0.1928626175876263,0.0,0.0,-0.0180597947311249,0.029457823028062154,0.15544373420407923,0.0,4.0,5.249673140205177,1.7363970357355085,1.698464785073261
1496.0,95.744,-0.7384647850732611,-0.1928626175876263,0.0,0.0,-0.0180597947311249,0.029457823028062154,0.4114437342040792,0.0,4.0,5.249673140205177,1.7363970357355085,1.698464785073261
1497.0,95.808,-0.7383289796051145,-0.1927674084460594,0.0,0.0,-0.008790044356897286,-0.06352228467384813,0.6354437342040792,0.0,-4.0,5.249531407169938,1.7362706592860107,1.6983289796051144
1498.0,95.872,-0.7383289796051145,-0.1927674084460594,0.0,0.0,-0.008790044356897286,-0.06352228467384813,0.3794437342040792,0.0,-4.0,5.249531407169938,1.7362706592860107,1.6983289796051144
1499.0,95.936,-0.7383289796051145,-0.1927674084460594,0.0,0.0,-0.008790044356897286,-0.06352228467384813,0.12344373420407913,0.0,-4.0,5.249531407169938,1.7362706592860107,1.6983289796051144
1500.0,96.0,-0.7383289796051145,-0.1927674084460594,0.0,-0.0,-0.008790044356897286,-0.06352228467384813,-0.13255626579592086,0.0,-4.0,5.249531407169938,1.7362706592860107,1.6983289796051144
1501.0,96.06400000000001,-0.7376854461288112,-0.1929667384719523,0.014077710726497477,-0.005762967642795001,-0.017272972762934102,-0.06092085867011119,-0.38855626579592084,0.015211631580828017,-4.0,5.248902267740147,1.7356127488890312,1.6976854461288111
1502.0,96.128,-0.7374089862806772,-0.19309304600397262,0.0,-0.0,-0.020459959786300552,0.029487501149928826,-0.29255626579592087,0.0,4.0,5.248634653678028,1.735327093680819,1.6974089862806772
1503.0,96.19200000000001,-0.7374089862806772,-0.19309304600397262,0.0,-0.0,-0.020459959786300552,0.029487501149928826,-0.03655626579592085,0.0,4.0,5.248634653678028,1.735327093680819,1.6974089862806772
1504.0,96.256,-0.7374089862806772,-0.19309304600397262,0.0,0.0,-0.020459959786300552,0.029487501149928826,0.21944373420407912,0.0,4.0,5.248634653678028,1.735327093680819,1.6974089862806772
1505.0,96.32000000000001,-0.7374089862806772,-0.19309304600397262,0.0,0.0,-0.020459959786300552,0.029487501149928826,0.47544373420407915,0.0,4.0,5.248634653678028,1.735327093680819,1.6974089862806772
1506.0,96.384,-0.7372745385192178,-0.19298533274595983,0.0,0.0,-0.011157224424516277,-0.06399008011614687,0.6994437342040791,0.0,-4.0,5.248493453392178,1.7351926613590052,1.6972745385192178
1507.0,96.44800000000001,-0.7372745385192178,-0.19298533274595983,0.0,0.0,-0.011157224424516277,-0.06399008011614687,0.4434437342040793,0.0,-4.0,5.248493453392178,1.7351926613590052,1.6972745385192178
1508.0,96.512,-0.7372745385192178,-0.19298533274595983,0.0,0.0,-0.011157224424516277,-0.06399008011614687,0.18744373420407923,0.0,-4.0,5.248493453392178,1.7351926613590052,1.6972745385192178
1509.0,96.57600000000001,-0.7372745385192178,-0.19298533274595983,0.0,-0.0,-0.011157224424516277,-0.06399008011614687,-0.06855626579592078,0.0,-4.0,5.248493453392178,1.7351926613590052,1.6972745385192178
1510.0,96.64,-0.7369149128791443,-0.19308739379719464,0.014714698590130986,-0.004950815034156557,-0.019323141757252027,-0.06167225889376987,-0.3245562657959208,0.015525235073931519,-4.0,5.248141267584032,1.7348250014682036,1.6969149128791443
1511.0,96.70400000000001,-0.7363463294551735,-0.1933307834422978,0.0,-0.0,-0.0229108792383928,0.029517282006795143,-0.3885562657959208,0.0,4.0,5.247589819036714,1.7342365161292526,1.6963463294551735
1512.0,96.768,-0.7363463294551735,-0.1933307834422978,0.0,-0.0,-0.0229108792383928,0.029517282006795143,-0.13255626579592075,0.0,4.0,5.247589819036714,1.7342365161292526,1.6963463294551735
1513.0,96.83200000000001,-0.7363463294551735,-0.1933307834422978,0.0,0.0,-0.0229108792383928,0.029517282006795143,0.12344373420407923,0.0,4.0,5.247589819036714,1.7342365161292526,1.6963463294551735
1514.0,96.896,-0.7363463294551735,-0.1933307834422978,0.0,0.0,-0.0229108792383928,0.029517282006795143,0.3794437342040793,0.0,4.0,5.247589819036714,1.7342365161292526,1.6963463294551735
1515.0,96.96000000000001,-0.7363463294551735,-0.1933307834422978,0.0,0.0,-0.0229108792383928,0.029517282006795143,0.6354437342040793,0.0,4.0,5.247589819036714,1.7342365161292526,1.6963463294551735
1516.0,97.024,-0.7362157654074716,-0.193207816056194,0.0,0.0,-0.01353951022464206,-0.06446064799614044,0.6994437342040792,0.0,-4.0,5.247451490667047,1.7341102346261155,1.6962157654074717
1517.0,97.08800000000001,-0.7362157654074716,-0.193207816056194,0.0,0.0,-0.01353951022464206,-0.06446064799614044,0.44344373420407934,0.0,-4.0,5.247451490667047,1.7341102346261155,1.6962157654074717
1518.0,97.152,-0.7362157654074716,-0.193207816056194,0.0,0.0,-0.01353951022464206,-0.06446064799614044,0.18744373420407934,0.0,-4.0,5.247451490667047,1.7341102346261155,1.6962157654074717
1519.0,97.21600000000001,-0.7362157654074716,-0.193207816056194,0.0,-0.0,-0.01353951022464206,-0.06446064799614044,-0.06855626579592067,0.0,-4.0,5.247451490667047,1.7341102346261155,1.6962157654074717
1520.0,97.28,-0.7359109355092491,-0.19329170659716577,0.0,-0.0,-0.014226392509059216,-0.06459475460190565,-0.3245562657959207,0.0,-4.0,5.2471528013203255,1.7337985946466339,1.6959109355092492
1521.0,97.34400000000001,-0.7350597659098922,-0.19369676167812422,0.0,-0.0,-0.026286661825610735,0.029551663764579236,-0.5485562657959208,0.0,4.0,5.246329975958105,1.7327321401877755,1.695059765909892
1522.0,97.408,-0.7350597659098922,-0.19369676167812422,0.0,-0.0,-0.026286661825610735,0.029551663764579236,-0.29255626579592076,0.0,4.0,5.246329975958105,1.7327321401877755,1.695059765909892
1523.0,97.47200000000001,-0.7350597659098922,-0.19369676167812422,0.0,-0.0,-0.026286661825610735,0.029551663764579236,-0.03655626579592074,0.0,4.0,5.246329975958105,1.7327321401877755,1.695059765909892
1524.0,97.536,-0.7350597659098922,-0.19369676167812422,0.0,0.0,-0.026286661825610735,0.029551663764579236,0.21944373420407925,0.0,4.0,5.246329975958105,1.7327321401877755,1.695059765909892
1525.0,97.60000000000001,-0.7350597659098922,-0.19369676167812422,0.0,0.0,-0.026286661825610735,0.029551663764579236,0.47544373420407937,0.0,4.0,5.246329975958105,1.7327321401877755,1.695059765909892
1526.0,97.664,-0.7350597659098922,-0.19369676167812422,0.0,0.0,-0.026286661825610735,0.029551663764579236,0.7314437342040794,0.0,4.0,5.246329975958105,1.7327321401877755,1.695059765909892
1527.0,97.72800000000001,-0.7349236649047056,-0.19356440706108582,0.0,0.0,-0.016454119114940213,-0.06502966840486776,0.6354437342040794,0.0,-4.0,5.246185497976463,1.7327892678294923,1.6949236649047057
1528.0,97.792,-0.7349236649047056,-0.19356440706108582,0.0,0.0,-0.016454119114940213,-0.06502966840486776,0.3794437342040793,0.0,-4.0,5.246185497976463,1.7327892678294923,1.6949236649047057
1529.0,97.85600000000001,-0.7349236649047056,-0.19356440706108582,0.0,0.0,-0.016454119114940213,-0.06502966840486776,0.12344373420407925,0.0,-4.0,5.246185497976463,1.7327892678294923,1.6949236649047057
1530.0,97.92,-0.7349236649047056,-0.19356440706108582,0.0,-0.0,-0.016454119114940213,-0.06502966840486776,-0.13255626579592072,0.0,-4.0,5.246185497976463,1.7327892678294923,1.6949236649047057
1531.0,97.98400000000001,-0.7346193265303343,-0.1936695205298583,0.0,-0.0,-0.017141793905663394,-0.06516225398695401,-0.38855626579592084,0.0,-4.0,5.24588869811647,1.732478130354797,1.6946193265303342
1532.0,98.048,-0.7343251542132143,-0.19380392044223224,0.0,-0.0,-0.02769571925126252,0.02957352421126323,-0.29255626579592087,0.0,4.0,5.245603964820509,1.732112883127373,1.6943251542132143
1533.0,98.11200000000001,-0.7343251542132143,-0.19380392044223224,0.0,-0.0,-0.02769571925126252,0.02957352421126323,-0.03655626579592085,0.0,4.0,5.245603964820509,1.732112883127373,1.6943251542132143
1534.0,98.176,-0.7343251542132143,-0.19380392044223224,0.0,0.0,-0.02769571925126252,0.02957352421126323,0.21944373420407912,0.0,4.0,5.245603964820509,1.732112883127373,1.6943251542132143
1535.0,98.24000000000001,-0.7343251542132143,-0.19380392044223224,0.0,0.0,-0.02769571925126252,0.02957352421126323,0.47544373420407915,0.0,4.0,5.245603964820509,1.732112883127373,1.6943251542132143
1536.0,98.304,-0.7343251542132143,-0.19380392044223224,0.0,0.0,-0.02769571925126252,0.02957352421126323,0.7314437342040789,0.0,4.0,5.245603964820509,1.732112883127373,1.6943251542132143
1537.0,98.368,-0.7341970099749919,-0.19365762422683994,0.0,0.0,-0.018096792173232568,-0.0653590155469556,0.7954437342040789,0.0,-4.0,5.245466509465138,1.7320463789963871,1.694197009974992
1538.0,98.432,-0.7341970099749919,-0.19365762422683994,0.0,0.0,-0.018096792173232568,-0.0653590155469556,0.5394437342040791,0.0,-4.0,5.245466509465138,1.7320463789963871,1.694197009974992
1539.0,98.496,-0.7341970099749919,-0.19365762422683994,0.0,0.0,-0.018096792173232568,-0.0653590155469556,0.28344373420407915,0.0,-4.0,5.245466509465138,1.7320463789963871,1.694197009974992
1540.0,98.56,-0.7341970099749919,-0.19365762422683994,0.0,0.0,-0.018096792173232568,-0.0653590155469556,0.027443734204079126,0.0,-4.0,5.245466509465138,1.7320463789963871,1.694197009974992
1541.0,98.624,-0.7341970099749919,-0.19365762422683994,0.0,-0.0,-0.018096792173232568,-0.0653590155469556,-0.2285562657959209,0.0,-4.0,5.245466509465138,1.7320463789963871,1.694197009974992
1542.0,98.688,-0.7338329372282213,-0.1937988094771586,0.014469736952162991,-0.00761709859176046,-0.02615564427033862,-0.06170812367230717,-0.4845562657959208,0.016352170449863538,-4.0,5.245112471264358,1.7316741726478793,1.6938329372282213
1543.0,98.752,-0.7335544842342158,-0.19395993007295453,0.0,-0.0,-0.029400222050968317,0.029595531378714523,-0.3885562657959208,0.0,4.0,5.244845181027164,1.731360590510202,1.6935544842342156
1544.0,98.816,-0.7335544842342158,-0.19395993007295453,0.0,-0.0,-0.029400222050968317,0.029595531378714523,-0.13255626579592075,0.0,4.0,5.244845181027164,1.731360590510202,1.6935544842342156
1545.0,98.88,-0.7335544842342158,-0.19395993007295453,0.0,0.0,-0.029400222050968317,0.029595531378714523,0.12344373420407923,0.0,4.0,5.244845181027164,1.731360590510202,1.6935544842342156
1546.0,98.944,-0.7335544842342158,-0.19395993007295453,0.0,0.0,-0.029400222050968317,0.029595531378714523,0.3794437342040793,0.0,4.0,5.244845181027164,1.731360590510202,1.6935544842342156
1547.0,99.008,-0.7335544842342158,-0.19395993007295453,0.0,0.0,-0.029400222050968317,0.029595531378714523,0.6354437342040793,0.0,4.0,5.244845181027164,1.731360590510202,1.6935544842342156
1548.0,99.072,-0.7334201539481757,-0.19381143373871976,0.0,0.0,-0.019855781098731262,-0.06570738535634704,0.8594437342040792,0.0,-4.0,5.244701403294607,1.7312521675438073,1.6934201539481757
1549.0,99.136,-0.7334201539481757,-0.19381143373871976,0.0,0.0,-0.019855781098731262,-0.06570738535634704,0.6034437342040793,0.0,-4.0,5.244701403294607,1.7312521675438073,1.6934201539481757
1550.0,99.2,-0.7334201539481757,-0.19381143373871976,0.0,0.0,-0.019855781098731262,-0.06570738535634704,0.34744373420407926,0.0,-4.0,5.244701403294607,1.7312521675438073,1.6934201539481757
1551.0,99.264,-0.7334201539481757,-0.19381143373871976,0.0,0.0,-0.019855781098731262,-0.06570738535634704,0.09144373420407922,0.0,-4.0,5.244701403294607,1.7312521675438073,1.6934201539481757
1552.0,99.328,-0.7334201539481757,-0.19381143373871976,0.0,-0.0,-0.019855781098731262,-0.06570738535634704,-0.16455626579592078,0.0,-4.0,5.244701403294607,1.7312521675438073,1.6934201539481757
1553.0,99.392,-0.7331123255801876,-0.19392890523582226,0.0,-0.0,-0.020553589275362105,-0.06584107686815002,-0.4205562657959208,0.0,-4.0,5.244401939591968,1.730937462106962,1.6931123255801874
1554.0,99.456,-0.7325349464725308,-0.19424458249442952,0.0,-0.0,-0.03206304035680607,0.029622854804554025,-0.4845562657959208,0.0,4.0,5.243846517455775,1.7301810847809294,1.6925349464725308
1555.0,99.52,-0.7325349464725308,-0.19424458249442952,0.0,-0.0,-0.03206304035680607,0.029622854804554025,-0.22855626579592073,0.0,4.0,5.243846517455775,1.7301810847809294,1.6925349464725308
1556.0,99.584,-0.7325349464725308,-0.19424458249442952,0.0,0.0,-0.03206304035680607,0.029622854804554025,0.02744373420407925,0.0,4.0,5.243846517455775,1.7301810847809294,1.6925349464725308
1557.0,99.648,-0.7325349464725308,-0.19424458249442952,0.0,0.0,-0.03206304035680607,0.029622854804554025,0.2834437342040792,0.0,4.0,5.243846517455775,1.7301810847809294,1.6925349464725308
1558.0,99.712,-0.7325349464725308,-0.19424458249442952,0.0,0.0,-0.03206304035680607,0.029622854804554025,0.5394437342040793,0.0,4.0,5.243846517455775,1.7301810847809294,1.6925349464725308
1559.0,99.776,-0.7325349464725308,-0.19424458249442952,0.0,0.0,-0.03206304035680607,0.029622854804554025,0.7954437342040792,0.0,4.0,5.243846517455775,1.7301810847809294,1.6925349464725308
1560.0,99.84,-0.7324072491564182,-0.19407845809686575,0.0,0.0,-0.022153645518700693,-0.06615722560320114,0.8594437342040792,0.0,-4.0,5.243708192334024,1.7302166338564602,1.6924072491564182
1561.0,99.904,-0.7324072491564182,-0.19407845809686575,0.0,0.0,-0.022153645518700693,-0.06615722560320114,0.6034437342040793,0.0,-4.0,5.243708192334024,1.7302166338564602,1.6924072491564182
1562.0,99.968,-0.7324072491564182,-0.19407845809686575,0.0,0.0,-0.022153645518700693,-0.06615722560320114,0.34744373420407926,0.0,-4.0,5.243708192334024,1.7302166338564602,1.6924072491564182
1563.0,100.032,-0.7324072491564182,-0.19407845809686575,0.0,0.0,-0.022153645518700693,-0.06615722560320114,0.09144373420407922,0.0,-4.0,5.243708192334024,1.7302166338564602,1.6924072491564182
1564.0,100.096,-0.7324072491564182,-0.19407845809686575,0.0,-0.0,-0.022153645518700693,-0.06615722560320114,-0.16455626579592078,0.0,-4.0,5.243708192334024,1.7302166338564602,1.6924072491564182
1565.0,100.16,-0.7320943711644696,-0.19419785659923525,0.0,-0.0,-0.022864446621941314,-0.06629343881993242,-0.4205562657959208,0.0,-4.0,5.243403825117653,1.7298967659840514,1.6920943711644696
1566.0,100.224,-0.731792840387646,-0.19434745861323846,0.0,-0.0,-0.03346628982488248,0.029645207022415222,-0.3245562657959209,0.0,4.0,5.243112767906564,1.7295681683172233,1.691792840387646
1567.0,100.288,-0.731792840387646,-0.19434745861323846,0.0,-0.0,-0.03346628982488248,0.029645207022415222,-0.06855626579592093,0.0,4.0,5.243112767906564,1.7295681683172233,1.691792840387646
1568.0,100.352,-0.731792840387646,-0.19434745861323846,0.0,0.0,-0.03346628982488248,0.029645207022415222,0.18744373420407906,0.0,4.0,5.243112767906564,1.7295681683172233,1.691792840387646
1569.0,100.416,-0.731792840387646,-0.19434745861323846,0.0,0.0,-0.03346628982488248,0.029645207022415222,0.443443734204079,0.0,4.0,5.243112767906564,1.7295681683172233,1.691792840387646
1570.0,100.48,-0.731792840387646,-0.19434745861323846,0.0,0.0,-0.03346628982488248,0.029645207022415222,0.6994437342040789,0.0,4.0,5.243112767906564,1.7295681683172233,1.691792840387646
1571.0,100.544,-0.7316593495404925,-0.19417943106608196,0.0,0.0,-0.023853528625773335,-0.0664977513964773,0.9234437342040788,0.0,-4.0,5.242968532272859,1.7294520257182155,1.6916593495404926
1572.0,100.608,-0.7316593495404925,-0.19417943106608196,0.0,0.0,-0.023853528625773335,-0.0664977513964773,0.6674437342040789,0.0,-4.0,5.242968532272859,1.7294520257182155,1.6916593495404926
1573.0,100.672,-0.7316593495404925,-0.19417943106608196,0.0,0.0,-0.023853528625773335,-0.0664977513964773,0.411443734204079,0.0,-4.0,5.242968532272859,1.7294520257182155,1.6916593495404926
1574.0,100.736,-0.7316593495404925,-0.19417943106608196,0.0,0.0,-0.023853528625773335,-0.0664977513964773,0.1554437342040789,0.0,-4.0,5.242968532272859,1.7294520257182155,1.6916593495404926
1575.0,100.8,-0.7316593495404925,-0.19417943106608196,0.0,-0.0,-0.023853528625773335,-0.0664977513964773,-0.1005562657959211,0.0,-4.0,5.242968532272859,1.7294520257182155,1.6916593495404926
1576.0,100.864,-0.7316593495404925,-0.19417943106608196,0.0,-0.0,-0.023853528625773335,-0.0664977513964773,-0.35655626579592115,0.0,-4.0,5.242968532272859,1.7294520257182155,1.6916593495404926
1577.0,100.928,-0.7310019407814465,-0.19452860823698068,0.013719412631133677,-0.009641051765290995,-0.04219355656667145,0.034487886459327904,-0.6125562657959212,0.016768188992384685,-4.0,5.242335478234198,1.728746576123034,1.6910019407814465
1578.0,100.992,-0.7310019407814465,-0.19452860823698068,0.0,-0.0,-0.03533385025110464,0.029667360576682403,-0.35655626579592115,0.0,4.0,5.242335478234198,1.728746576123034,1.6910019407814465
1579.0,101.056,-0.7310019407814465,-0.19452860823698068,0.0,-0.0,-0.03533385025110464,0.029667360576682403,-0.10055626579592113,0.0,4.0,5.242335478234198,1.728746576123034,1.6910019407814465
1580.0,101.12,-0.7310019407814465,-0.19452860823698068,0.0,0.0,-0.03533385025110464,0.029667360576682403,0.15544373420407886,0.0,4.0,5.242335478234198,1.728746576123034,1.6910019407814465
1581.0,101.184,-0.7310019407814465,-0.19452860823698068,0.0,0.0,-0.03533385025110464,0.029667360576682403,0.41144373420407887,0.0,4.0,5.242335478234198,1.728746576123034,1.6910019407814465
1582.0,101.248,-0.7310019407814465,-0.19452860823698068,0.0,0.0,-0.03533385025110464,0.029667360576682403,0.6674437342040789,0.0,4.0,5.242335478234198,1.728746576123034,1.6910019407814465
1583.0,101.312,-0.7309749477428951,-0.19449349236763996,0.00667781270515663,0.008832671910975792,-0.028750387282809597,-0.0712084775054902,0.9234437342040788,0.011072907279124668,4.0,5.242306235827648,1.7287523339773332,1.690974947742895
1584.0,101.376,-0.7309749477428951,-0.19449349236763996,0.0,0.0,-0.025411480930231267,-0.06679214155000229,0.6674437342040789,0.0,-4.0,5.242306235827648,1.7287523339773332,1.690974947742895
1585.0,101.44,-0.7309749477428951,-0.19449349236763996,0.0,0.0,-0.025411480930231267,-0.06679214155000229,0.411443734204079,0.0,-4.0,5.242306235827648,1.7287523339773332,1.690974947742895
1586.0,101.504,-0.7309749477428951,-0.19449349236763996,0.0,0.0,-0.025411480930231267,-0.06679214155000229,0.1554437342040789,0.0,-4.0,5.242306235827648,1.7287523339773332,1.690974947742895
1587.0,101.568,-0.7309749477428951,-0.19449349236763996,0.0,-0.0,-0.025411480930231267,-0.06679214155000229,-0.1005562657959211,0.0,-4.0,5.242306235827648,1.7287523339773332,1.690974947742895
1588.0,101.632,-0.7309749477428951,-0.19449349236763996,0.0,-0.0,-0.025411480930231267,-0.06679214155000229,-0.35655626579592115,0.0,-4.0,5.242306235827648,1.7287523339773332,1.690974947742895
1589.0,101.696,-0.7306701457321066,-0.1946508438305711,0.0,-0.0,-0.036357836861075354,0.029675515658876384,-0.4205562657959212,0.0,4.0,5.24201243585002,1.7282930270815196,1.6906701457321067
1590.0,101.76,-0.7306701457321066,-0.1946508438305711,0.0,-0.0,-0.036357836861075354,0.029675515658876384,-0.1645562657959212,0.0,4.0,5.24201243585002,1.7282930270815196,1.6906701457321067
1591.0,101.824,-0.7306701457321066,-0.1946508438305711,0.0,0.0,-0.036357836861075354,0.029675515658876384,0.0914437342040788,0.0,4.0,5.24201243585002,1.7282930270815196,1.6906701457321067
1592.0,101.888,-0.7306701457321066,-0.1946508438305711,0.0,0.0,-0.036357836861075354,0.029675515658876384,0.34744373420407887,0.0,4.0,5.24201243585002,1.7282930270815196,1.6906701457321067
1593.0,101.952,-0.7306701457321066,-0.1946508438305711,0.0,0.0,-0.036357836861075354,0.029675515658876384,0.6034437342040788,0.0,4.0,5.24201243585002,1.7282930270815196,1.6906701457321067
1594.0,102.016,-0.7306701457321066,-0.1946508438305711,0.0,0.0,-0.036357836861075354,0.029675515658876384,0.8594437342040787,0.0,4.0,5.24201243585002,1.7282930270815196,1.6906701457321067
1595.0,102.08,-0.7305445616032457,-0.1944638280988031,0.0,0.0,-0.02639237197883143,-0.06699569100832985,0.9234437342040788,0.0,-4.0,5.241874830610301,1.728312332755302,1.6905445616032457
1596.0,102.144,-0.7305445616032457,-0.1944638280988031,0.0,0.0,-0.02639237197883143,-0.06699569100832985,0.6674437342040789,0.0,-4.0,5.241874830610301,1.728312332755302,1.6905445616032457
1597.0,102.208,-0.7305445616032457,-0.1944638280988031,0.0,0.0,-0.02639237197883143,-0.06699569100832985,0.411443734204079,0.0,-4.0,5.241874830610301,1.728312332755302,1.6905445616032457
1598.0,102.272,-0.7305445616032457,-0.1944638280988031,0.0,0.0,-0.02639237197883143,-0.06699569100832985,0.1554437342040789,0.0,-4.0,5.241874830610301,1.728312332755302,1.6905445616032457
1599.0,102.336,-0.7305445616032457,-0.1944638280988031,0.0,-0.0,-0.02639237197883143,-0.06699569100832985,-0.1005562657959211,0.0,-4.0,5.241874830610301,1.728312332755302,1.6905445616032457
1600.0,102.4,-0.7305445616032457,-0.1944638280988031,0.0,-0.0,-0.02639237197883143,-0.06699569100832985,-0.35655626579592115,0.0,-4.0,5.241874830610301,1.728312332755302,1.6905445616032457
1601.0,102.464,-0.7299449937929177,-0.1948043260288358,0.0,-0.0,-0.03800918727341607,0.02969613372280849,-0.5805562657959211,0.0,4.0,5.2412989479086,1.727569421880378,1.6899449937929176
1602.0,102.528,-0.7299449937929177,-0.1948043260288358,0.0,-0.0,-0.03800918727341607,0.02969613372280849,-0.3245562657959211,0.0,4.0,5.2412989479086,1.727569421880378,1.6899449937929176
1603.0,102.592,-0.7299449937929177,-0.1948043260288358,0.0,-0.0,-0.03800918727341607,0.02969613372280849,-0.06855626579592113,0.0,4.0,5.2412989479086,1.727569421880378,1.6899449937929176
1604.0,102.656,-0.7299449937929177,-0.1948043260288358,0.0,0.0,-0.03800918727341607,0.02969613372280849,0.18744373420407887,0.0,4.0,5.2412989479086,1.727569421880378,1.6899449937929176
1605.0,102.72,-0.7299449937929177,-0.1948043260288358,0.0,0.0,-0.03800918727341607,0.02969613372280849,0.44344373420407884,0.0,4.0,5.2412989479086,1.727569421880378,1.6899449937929176
1606.0,102.784,-0.7299449937929177,-0.1948043260288358,0.0,0.0,-0.03800918727341607,0.02969613372280849,0.6994437342040788,0.0,4.0,5.2412989479086,1.727569421880378,1.6899449937929176
1607.0,102.848,-0.7299179627415449,-0.19476672976922382,0.006682354878762629,0.009452825660602498,-0.04118718906123453,0.024971579584822948,0.9554437342040786,0.011576259313589505,4.0,5.241269502225814,1.7276444442022842,1.6899179627415448
1608.0,102.912,-0.7298081996466437,-0.19456357136875121,0.0,0.0,-0.028072714189418202,-0.06733235782419413,1.0194437342040785,0.0,-4.0,5.241146616896502,1.7275595200345535,1.6898081996466436
1609.0,102.976,-0.7298081996466437,-0.19456357136875121,0.0,0.0,-0.028072714189418202,-0.06733235782419413,0.7634437342040785,0.0,-4.0,5.241146616896502,1.7275595200345535,1.6898081996466436
1610.0,103.04,-0.7298081996466437,-0.19456357136875121,0.0,0.0,-0.028072714189418202,-0.06733235782419413,0.5074437342040786,0.0,-4.0,5.241146616896502,1.7275595200345535,1.6898081996466436
1611.0,103.104,-0.7298081996466437,-0.19456357136875121,0.0,0.0,-0.028072714189418202,-0.06733235782419413,0.2514437342040786,0.0,-4.0,5.241146616896502,1.7275595200345535,1.6898081996466436
1612.0,103.168,-0.7298081996466437,-0.19456357136875121,0.0,-0.0,-0.028072714189418202,-0.06733235782419413,-0.004556265795921388,0.0,-4.0,5.241146616896502,1.7275595200345535,1.6898081996466436
1613.0,103.232,-0.7298081996466437,-0.19456357136875121,0.0,-0.0,-0.028072714189418202,-0.06733235782419413,-0.2605562657959214,0.0,-4.0,5.241146616896502,1.7275595200345535,1.6898081996466436
1614.0,103.296,-0.7294945238012042,-0.19471919905862167,0.0,-0.0,-0.028789314531787014,-0.06746689180513513,-0.5165562657959214,0.0,-4.0,5.240843853871855,1.727238836484132,1.689494523801204
1615.0,103.36,-0.7289152123024712,-0.19511243855885685,0.0,-0.0,-0.04082757131465903,0.029723102269948946,-0.7725562657959213,0.0,-4.0,5.240291680116312,1.7263295606781588,1.6889152123024713
1616.0,103.424,-0.7289152123024712,-0.19511243855885685,0.0,-0.0,-0.04082757131465903,0.029723102269948946,-1.0285562657959213,0.0,-4.0,5.240291680116312,1.7263295606781588,1.6889152123024713
1617.0,103.488,-0.7289152123024712,-0.19511243855885685,0.0,-0.0,-0.04082757131465903,0.029723102269948946,-1.2845562657959215,0.0,-4.0,5.240291680116312,1.7263295606781588,1.6889152123024713
1618.0,103.552,-0.7289152123024712,-0.19511243855885685,0.0,-0.0,-0.04082757131465903,0.029723102269948946,-1.5405562657959218,0.0,-4.0,5.240291680116312,1.7263295606781588,1.6889152123024713
1619.0,103.616,-0.7289152123024712,-0.19511243855885685,-0.0,-0.0,-0.04082757131465903,0.029723102269948946,-1.796556265795922,0.0,-4.0,5.240291680116312,1.7263295606781588,1.6889152123024713
1620.0,103.68,-0.7289152123024712,-0.19511243855885685,-0.0,-0.0,-0.04082757131465903,0.029723102269948946,-2.052556265795922,0.0,-4.0,5.240291680116312,1.7263295606781588,1.6889152123024713
1621.0,103.744,-0.7290679663112132,-0.19530065746033295,-0.0,-0.0,-0.04162646712291007,0.029712938265509567,-2.3085562657959224,0.0,-4.0,5.240456501140394,1.7259626867594242,1.6890679663112131
1622.0,103.808,-0.7296747234550126,-0.19581475147520847,-0.01343715510908009,-0.008746794039675891,-0.03686824181293824,0.03405158262264022,-2.5645562657959227,0.016033201283523726,-4.0,5.2410958353651695,1.7250553325527396,1.6896747234550125
1623.0,103.872,-0.7308086004788147,-0.19634459604070129,-0.02454698008051327,-0.008177539073032645,-0.0327332440167295,0.03371312592015341,-2.820017644637018,0.02587327533120016,-3.8653447102738125,5.242262221031082,1.724374279082634,1.6908086004788148
1624.0,103.936,-0.7325685050518547,-0.19669563791975614,-0.031942724368050644,-0.002900355445791921,-0.02877796837579033,0.031004653920077525,-3.0510423281039594,0.032074128230790484,-3.1670707299900442,5.244041478231574,1.7244270085326994,1.6925685050518546
1625.0,104.0,-0.7346531833957967,-0.19667835169253034,-0.033765660092888145,0.003308915944813159,-0.02530163037132388,0.027831207829643777,3.043908071990225,0.03392740376507312,-2.5806156059534064,5.24612045515236,1.7255091799299462,1.6946531833957965
1626.0,104.06400000000001,-0.7367591169294008,-0.1963023424018469,-0.03185070605694921,0.008181590456057023,-0.021811280249775133,0.02533711730883445,2.890155699553222,0.03288473656146305,-2.1576670001673257,5.248196962871744,1.7274464895070276,1.6967591169294007
1627.0,104.128,-0.738701079848579,-0.19566471566572882,-0.02819883487290301,0.011334277204398488,-0.018048955917353837,0.02371615053173051,2.759413836924219,0.03039144826979126,-1.9177119895527954,5.250092675340402,1.729917779752418,1.698701079848579
1628.0,104.19200000000001,-0.7403987664996166,-0.19486300320670402,-0.024047418109502245,0.013189319417520821,-0.01400882438273765,0.022755517132774197,2.639923842431248,0.02742692954799367,-1.8454237875175388,5.251733972976111,1.7326533411221512,1.7003987664996165
1629.0,104.256,-0.7418330005141686,-0.1939652728937722,-0.01998694713838547,0.014269694006208332,-0.00977498821652667,0.022191363861870695,2.521565066173693,0.024558139647445472,-1.9084371518255967,5.253106253849836,1.735483376451254,1.7018330005141684
1630.0,104.32000000000001,-0.7430135042628251,-0.19300989303723917,-0.016253293097875727,0.014991066119869079,-0.005416187375764991,0.021813811763690766,2.3965710897298926,0.022111119373196403,-2.0673985181412244,5.254221768502331,1.7383224430563202,1.7030135042628252
1631.0,104.384,-0.7439611840423664,-0.19201230316282655,-0.012901268875984584,0.01566181900837709,-0.0009588064702019672,0.02146711092182317,2.259846265928283,0.0202912619928286,-2.277142856896529,5.2551024076851025,1.7411446630238387,1.7039611840423663
1632.0,104.44800000000001,-0.7444450534131626,-0.19136766906028121,-0.0,0.0,0.004835592528206978,-0.0608420462274131,2.263326642819816,0.0,4.0,5.255543340488159,1.742523369821169,1.7044450534131625
1633.0,104.512,-0.7444450534131626,-0.19136766906028121,-0.0,0.0,0.004835592528206978,-0.0608420462274131,2.5193266428198164,0.0,4.0,5.255543340488159,1.742523369821169,1.7044450534131625
1634.0,104.57600000000001,-0.7444450534131626,-0.19136766906028121,-0.0,0.0,0.004835592528206978,-0.0608420462274131,2.7753266428198167,0.0,4.0,5.255543340488159,1.742523369821169,1.7044450534131625
1635.0,104.64,-0.7444450534131626,-0.19136766906028121,-0.0,0.0,0.004835592528206978,-0.0608420462274131,3.031326642819817,0.0,4.0,5.255543340488159,1.742523369821169,1.7044450534131625
1636.0,104.70400000000001,-0.7445030910704765,-0.19137571375382886,-0.014492860814233855,-0.002127183106205529,0.012210471299634373,-0.05975149545894742,-2.9958586643597696,0.014648137169895749,4.0,5.25560177812101,1.7425827040742718,1.7045030910704764
1637.0,104.768,-0.7450558081254494,-0.19154992552084818,-0.0,-0.0,-0.0038285375494030993,0.029271283724800354,-2.7718586643597694,0.0,-4.0,5.2561646456302915,1.742780140543323,1.7050558081254494
1638.0,104.83200000000001,-0.7450839381735538,-0.19155336692019342,-0.0070391697122049,-0.0008040628091625621,-0.00029402571127207233,0.02967238106313353,-3.0278586643597696,0.007084943700432714,-4.0,5.2561929398511165,1.7427860885935746,1.7050839381735536
1639.0,104.896,-0.7453922123107879,-0.19153673959874276,-0.006847399980726471,0.0009807780826807096,4.6419768499728065e-05,0.028770589097937244,2.999326642819817,0.006917283581256426,-4.0,5.256499482114157,1.7429792241342346,1.7053922123107879
1640.0,104.96000000000001,-0.7458791602643052,-0.19139681091280297,-0.009239130597649928,0.003887371286544672,0.002501057534386175,0.02730428072439466,2.7433266428198166,0.01002363156345459,-4.0,5.256976312158613,1.7435519319654325,1.7058791602643053
1641.0,105.024,-0.7464654577844457,-0.19105829984960015,-0.0,0.0,0.009297789241409282,-0.059952682589921466,2.5193266428198164,0.0,4.0,5.257539402003722,1.7445889112279747,1.7064654577844456
1642.0,105.08800000000001,-0.7464654577844457,-0.19105829984960015,-0.0,0.0,0.009297789241409282,-0.059952682589921466,2.7753266428198167,0.0,4.0,5.257539402003722,1.7445889112279747,1.7064654577844456
1643.0,105.152,-0.7464654577844457,-0.19105829984960015,-0.0,0.0,0.009297789241409282,-0.059952682589921466,3.031326642819817,0.0,4.0,5.257539402003722,1.7445889112279747,1.7064654577844456
1644.0,105.21600000000001,-0.7464654577844457,-0.19105829984960015,-0.0,-0.0,0.009297789241409282,-0.059952682589921466,-2.9958586643597696,0.0,4.0,5.257539402003722,1.7445889112279747,1.7064654577844456
1645.0,105.28,-0.7467464492077465,-0.1911347774982724,-0.0,-0.0,0.00018378417394915303,0.029224935635047255,-2.9318586643597695,0.0,-4.0,5.25782476302633,1.744602129157095,1.7067464492077464
1646.0,105.34400000000001,-0.7467744851618283,-0.19113370415020367,-0.0070066175607979295,0.00032439974051226003,0.0037244406331219393,0.029061882275961223,3.095326642819817,0.007014123240642864,-4.0,5.257852670268767,1.744618660551161,1.7067744851618283
1647.0,105.408,-0.747072987772829,-0.19106887362529168,-0.006539452440046724,0.002039137542142716,0.004155347735478487,0.02819620667126708,2.8393266428198167,0.006850001469445747,-4.0,5.258146338356447,1.7449204136562746,1.707072987772829
1648.0,105.47200000000001,-0.7475363023495546,-0.1908508474985425,-0.008586174353988799,0.005362380093782268,0.00679521248236703,0.02652333366705654,2.5833266428198165,0.010123117617971614,-4.0,5.258594540817623,1.745665205528657,1.7075363023495544
1649.0,105.536,-0.7477006325488361,-0.19073884097945593,-0.0,0.0,0.012016305419363493,-0.05942140440798116,2.6793266428198166,0.0,4.0,5.258751266850856,1.7458516805313633,1.707700632548836
1650.0,105.60000000000001,-0.7477006325488361,-0.19073884097945593,-0.0,0.0,0.012016305419363493,-0.05942140440798116,2.935326642819817,0.0,4.0,5.258751266850856,1.7458516805313633,1.707700632548836
1651.0,105.664,-0.7477006325488361,-0.19073884097945593,-0.0,-0.0,0.012016305419363493,-0.05942140440798116,-3.0918586643597696,0.0,4.0,5.258751266850856,1.7458516805313633,1.707700632548836
1652.0,105.72800000000001,-0.747982601532826,-0.19081075958978605,-0.0,-0.0,0.0032099185368993366,0.029191310959047,-2.8678586643597694,0.0,-4.0,5.259037303522709,1.7459825242416702,1.707982601532826
1653.0,105.792,-0.747982601532826,-0.19081075958978605,-0.0,-0.0,0.0032099185368993366,0.029191310959047,-3.1238586643597697,0.0,-4.0,5.259037303522709,1.7459825242416702,1.707982601532826
1654.0,105.85600000000001,-0.7481212294198158,-0.1907852088699287,-0.0,0.0,0.0034949737294631134,0.029187390593481848,2.903326642819817,0.0,-4.0,5.259173984312696,1.746111931094081,1.7081212294198158
1655.0,105.92,-0.7485371437594684,-0.19062590834540008,-0.006155781528591898,0.0033172298922194243,0.007839157472373848,0.027518116533862994,2.6473266428198166,0.006992686206715363,-4.0,5.259578705453406,1.7466947712207037,1.7085371437594685
1656.0,105.98400000000001,-0.7486642418328824,-0.19055070925348155,-0.0,0.0,0.014132168124871225,-0.05900310016250737,2.7433266428198166,0.0,4.0,5.259700667249819,1.7468368174200333,1.7086642418328823
1657.0,106.048,-0.7486642418328824,-0.19055070925348155,-0.0,0.0,0.014132168124871225,-0.05900310016250737,2.999326642819817,0.0,4.0,5.259700667249819,1.7468368174200333,1.7086642418328823
1658.0,106.11200000000001,-0.7486642418328824,-0.19055070925348155,-0.0,-0.0,0.014132168124871225,-0.05900310016250737,-3.0278586643597696,0.0,4.0,5.259700667249819,1.7468368174200333,1.7086642418328823
1659.0,106.176,-0.7489412517994021,-0.19064058502283562,-0.0,-0.0,0.005147161681738066,0.029164140130153542,-2.8038586643597694,0.0,-4.0,5.259982915657252,1.7468620666278647,1.708941251799402
1660.0,106.24000000000001,-0.7489412517994021,-0.19064058502283562,-0.0,-0.0,0.005147161681738066,0.029164140130153542,-3.0598586643597696,0.0,-4.0,5.259982915657252,1.7468620666278647,1.708941251799402
1661.0,106.304,-0.7489412517994021,-0.19064058502283562,-0.0,0.0,0.005147161681738066,0.029164140130153542,2.967326642819817,0.0,-4.0,5.259982915657252,1.7468620666278647,1.708941251799402
1662.0,106.36800000000001,-0.7492340589304773,-0.19053633604489925,-0.006370364985139161,0.0029236345731595407,0.00918329809562074,0.027694714927887342,2.7113266428198166,0.007009221722934782,-4.0,5.260268358325707,1.7472537894494042,1.7092340589304773
1663.0,106.432,-0.7494777430894556,-0.1903999733008423,-0.0,0.0,0.015915052424167797,-0.05865002848460549,2.6473266428198166,0.0,4.0,5.260502705732103,1.7476684927786013,1.7094777430894554
1664.0,106.49600000000001,-0.7494777430894556,-0.1903999733008423,-0.0,0.0,0.015915052424167797,-0.05865002848460549,2.903326642819817,0.0,4.0,5.260502705732103,1.7476684927786013,1.7094777430894554
1665.0,106.56,-0.7494777430894556,-0.1903999733008423,-0.0,-0.0,0.015915052424167797,-0.05865002848460549,-3.1238586643597697,0.0,4.0,5.260502705732103,1.7476684927786013,1.7094777430894554
1666.0,106.624,-0.7494777430894556,-0.1903999733008423,-0.0,-0.0,0.015915052424167797,-0.05865002848460549,-2.8678586643597694,0.0,4.0,5.260502705732103,1.7476684927786013,1.7094777430894554
1667.0,106.688,-0.749755205356661,-0.19048999581896725,-0.0,-0.0,0.006819538514335088,0.02914119994836641,-2.9638586643597695,0.0,-4.0,5.260785412219563,1.7476232169204053,1.709755205356661
1668.0,106.752,-0.749755205356661,-0.19048999581896725,-0.0,0.0,0.006819538514335088,0.02914119994836641,3.063326642819817,0.0,-4.0,5.260785412219563,1.7476232169204053,1.709755205356661
1669.0,106.816,-0.7498933361786619,-0.1904505348970512,-0.0,0.0,0.007172151836464358,0.029137487485249816,2.8073266428198167,0.0,-4.0,5.2609206996461,1.7477851283903172,1.709893336178662
1670.0,106.88,-0.7503017885032189,-0.19024720943221468,-0.005889552970677032,0.0039456528829346525,0.011588687001852394,0.02715473291513052,2.5513266428198165,0.007089076869876725,-4.0,5.26131514299291,1.7484679020441944,1.710301788503219
1671.0,106.944,-0.7504162767664524,-0.19016368769881564,-0.0,0.0,0.017968129157053148,-0.0582484957208923,2.6473266428198166,0.0,4.0,5.2614239910658185,1.7486279938562435,1.7104162767664524
1672.0,107.008,-0.7504162767664524,-0.19016368769881564,-0.0,0.0,0.017968129157053148,-0.0582484957208923,2.903326642819817,0.0,4.0,5.2614239910658185,1.7486279938562435,1.7104162767664524
1673.0,107.072,-0.7504162767664524,-0.19016368769881564,-0.0,-0.0,0.017968129157053148,-0.0582484957208923,-3.1238586643597697,0.0,4.0,5.2614239910658185,1.7486279938562435,1.7104162767664524
1674.0,107.136,-0.7504162767664524,-0.19016368769881564,-0.0,-0.0,0.017968129157053148,-0.0582484957208923,-2.8678586643597694,0.0,4.0,5.2614239910658185,1.7486279938562435,1.7104162767664524
1675.0,107.2,-0.75068648143791,-0.1902759378939146,-0.0,-0.0,0.008936818378596167,0.02911551607421689,-2.8038586643597694,0.0,-4.0,5.261700888521164,1.7485924134539594,1.71068648143791
1676.0,107.264,-0.75068648143791,-0.1902759378939146,-0.0,-0.0,0.008936818378596167,0.02911551607421689,-3.0598586643597696,0.0,-4.0,5.261700888521164,1.7485924134539594,1.71068648143791
1677.0,107.328,-0.75068648143791,-0.1902759378939146,-0.0,0.0,0.008936818378596167,0.02911551607421689,2.967326642819817,0.0,-4.0,5.261700888521164,1.7485924134539594,1.71068648143791
1678.0,107.392,-0.7508225513800972,-0.19022249246370682,-0.0,0.0,0.009355696258233404,0.029112031501057938,2.7113266428198166,0.0,-4.0,5.261833217659033,1.7487862233677436,1.7108225513800972
1679.0,107.456,-0.751194354419364,-0.18999457077066698,-0.0,0.0,0.01966709748180634,-0.05791412905049758,2.4873266428198164,0.0,4.0,5.262189511604398,1.7494234542267721,1.711194354419364
1680.0,107.52,-0.751194354419364,-0.18999457077066698,-0.0,0.0,0.01966709748180634,-0.05791412905049758,2.7433266428198166,0.0,4.0,5.262189511604398,1.7494234542267721,1.711194354419364
1681.0,107.584,-0.751194354419364,-0.18999457077066698,-0.0,0.0,0.01966709748180634,-0.05791412905049758,2.999326642819817,0.0,4.0,5.262189511604398,1.7494234542267721,1.711194354419364
1682.0,107.648,-0.751194354419364,-0.18999457077066698,-0.0,-0.0,0.01966709748180634,-0.05791412905049758,-3.0278586643597696,0.0,4.0,5.262189511604398,1.7494234542267721,1.711194354419364
1683.0,107.712,-0.7512492705127124,-0.19001535013106938,-0.01368702573317739,-0.005304504881762842,0.026630415982249245,-0.055235682609261816,-2.7718586643597694,0.014678979714588678,4.0,5.262245655552869,1.7494795971783135,1.7112492705127123
1684.0,107.776,-0.7515084008145978,-0.1901534786324388,-0.0,-0.0,0.010472948687094807,0.02909207603216126,-2.7078586643597693,0.0,-4.0,5.262513170800815,1.7492913084307782,1.7115084008145978
1685.0,107.84,-0.7515084008145978,-0.1901534786324388,-0.0,-0.0,0.010472948687094807,0.02909207603216126,-2.9638586643597695,0.0,-4.0,5.262513170800815,1.7492913084307782,1.7115084008145978
1686.0,107.904,-0.7515084008145978,-0.1901534786324388,-0.0,0.0,0.010472948687094807,0.02909207603216126,3.063326642819817,0.0,-4.0,5.262513170800815,1.7492913084307782,1.7115084008145978
1687.0,107.968,-0.7515084008145978,-0.1901534786324388,-0.0,0.0,0.010472948687094807,0.02909207603216126,2.8073266428198167,0.0,-4.0,5.262513170800815,1.7492913084307782,1.7115084008145978
1688.0,108.032,-0.7517936681123724,-0.18999683224861946,-0.006130617098809149,0.004107151620932637,0.014635514170321218,0.027031699715420368,2.5513266428198165,0.007379238473551365,-4.0,5.2627877192951935,1.7498026392270019,1.7117936681123722
1689.0,108.096,-0.7520246570978913,-0.18981373572641488,-0.0,0.0,0.021477003849407872,-0.05755800728219517,2.4873266428198164,0.0,4.0,5.263006400694622,1.750272306361056,1.7120246570978912
1690.0,108.16,-0.7520246570978913,-0.18981373572641488,-0.0,0.0,0.021477003849407872,-0.05755800728219517,2.7433266428198166,0.0,4.0,5.263006400694622,1.750272306361056,1.7120246570978912
1691.0,108.224,-0.7520246570978913,-0.18981373572641488,-0.0,0.0,0.021477003849407872,-0.05755800728219517,2.999326642819817,0.0,4.0,5.263006400694622,1.750272306361056,1.7120246570978912
1692.0,108.288,-0.7520246570978913,-0.18981373572641488,-0.0,-0.0,0.021477003849407872,-0.05755800728219517,-3.0278586643597696,0.0,4.0,5.263006400694622,1.750272306361056,1.7120246570978912
1693.0,108.352,-0.7520246570978913,-0.18981373572641488,-0.0,-0.0,0.021477003849407872,-0.05755800728219517,-2.7718586643597694,0.0,4.0,5.263006400694622,1.750272306361056,1.7120246570978912
1694.0,108.416,-0.7522951336542647,-0.18993120774653505,-0.0,-0.0,0.012460433697961237,0.029070895233883072,-2.8678586643597694,0.0,-4.0,5.263283898575897,1.7502076428065922,1.7122951336542647
1695.0,108.48,-0.7522951336542647,-0.18993120774653505,-0.0,-0.0,0.012460433697961237,0.029070895233883072,-3.1238586643597697,0.0,-4.0,5.263283898575897,1.7502076428065922,1.7122951336542647
1696.0,108.544,-0.7522951336542647,-0.18993120774653505,-0.0,0.0,0.012460433697961237,0.029070895233883072,2.903326642819817,0.0,-4.0,5.263283898575897,1.7502076428065922,1.7122951336542647
1697.0,108.608,-0.7523219776482198,-0.18991701797541147,-0.006682404498437304,0.0036010166785740974,0.015902018450920707,0.027269737398114963,2.6473266428198166,0.007590905808933736,-4.0,5.26330977009674,1.750254462646678,1.71232197764822
1698.0,108.672,-0.7525836015284422,-0.18971313927033281,-0.0054902560972213575,0.005117431786453964,0.025438729591206688,-0.05987567965381475,2.3913266428198163,0.00750539939657349,-4.0,5.263557685447972,1.7508437379426818,1.7125836015284421
1699.0,108.736,-0.7525836015284422,-0.18971313927033281,-0.0,0.0,0.02269360154259603,-0.05731696376058777,2.6473266428198166,0.0,4.0,5.263557685447972,1.7508437379426818,1.7125836015284421
1700.0,108.8,-0.7525836015284422,-0.18971313927033281,-0.0,0.0,0.02269360154259603,-0.05731696376058777,2.903326642819817,0.0,4.0,5.263557685447972,1.7508437379426818,1.7125836015284421
1701.0,108.864,-0.7525836015284422,-0.18971313927033281,-0.0,-0.0,0.02269360154259603,-0.05731696376058777,-3.1238586643597697,0.0,4.0,5.263557685447972,1.7508437379426818,1.7125836015284421
1702.0,108.928,-0.7525836015284422,-0.18971313927033281,-0.0,-0.0,0.02269360154259603,-0.05731696376058777,-2.8678586643597694,0.0,4.0,5.263557685447972,1.7508437379426818,1.7125836015284421
1703.0,108.992,-0.7528469152287955,-0.1898481329143791,-0.0,-0.0,0.013492760366442258,0.02905522351133135,-2.6438586643597692,0.0,-4.0,5.263829164047221,1.7506788681686345,1.7128469152287955
1704.0,109.056,-0.7528469152287955,-0.1898481329143791,-0.0,-0.0,0.013492760366442258,0.02905522351133135,-2.8998586643597695,0.0,-4.0,5.263829164047221,1.7506788681686345,1.7128469152287955
1705.0,109.12,-0.7528469152287955,-0.1898481329143791,-0.0,0.0,0.013492760366442258,0.02905522351133135,3.127326642819817,0.0,-4.0,5.263829164047221,1.7506788681686345,1.7128469152287955
1706.0,109.184,-0.7528469152287955,-0.1898481329143791,-0.0,0.0,0.013492760366442258,0.02905522351133135,2.8713266428198168,0.0,-4.0,5.263829164047221,1.7506788681686345,1.7128469152287955
1707.0,109.248,-0.7528736305015441,-0.18983289821822613,-0.006648135398803275,0.0038619821368979764,0.016922122578426457,0.027123597392519065,2.6153266428198165,0.007688472560043395,-4.0,5.263854840013151,1.7507280840341977,1.712873630501544
1708.0,109.312,-0.7531319907833749,-0.18961792297608707,-0.00539944169303285,0.005365723442505388,0.017648939063798885,0.026366262534740108,2.3593266428198163,0.007612158606986151,-4.0,5.264098787655708,1.7513633163028444,1.7131319907833749
1709.0,109.376,-0.7532356366089268,-0.1895063384745081,-0.0,0.0,0.024110995264849777,-0.057043319034902486,2.4553266428198164,0.0,4.0,5.264195019905927,1.7515103398747371,1.7132356366089267
1710.0,109.44,-0.7532356366089268,-0.1895063384745081,-0.0,0.0,0.024110995264849777,-0.057043319034902486,2.7113266428198166,0.0,4.0,5.264195019905927,1.7515103398747371,1.7132356366089267
1711.0,109.504,-0.7532356366089268,-0.1895063384745081,-0.0,0.0,0.024110995264849777,-0.057043319034902486,2.967326642819817,0.0,4.0,5.264195019905927,1.7515103398747371,1.7132356366089267
1712.0,109.568,-0.7532356366089268,-0.1895063384745081,-0.0,-0.0,0.024110995264849777,-0.057043319034902486,-3.0598586643597696,0.0,4.0,5.264195019905927,1.7515103398747371,1.7132356366089267
1713.0,109.632,-0.7532356366089268,-0.1895063384745081,-0.0,-0.0,0.024110995264849777,-0.057043319034902486,-2.8038586643597694,0.0,4.0,5.264195019905927,1.7515103398747371,1.7132356366089267
1714.0,109.696,-0.7535022975702801,-0.18963770357910137,-0.0,-0.0,0.015268395951902602,0.029037827579695655,-2.7398586643597693,0.0,-4.0,5.264469599139946,1.7515017103176551,1.71350229757028
1715.0,109.76,-0.7535022975702801,-0.18963770357910137,-0.0,-0.0,0.015268395951902602,0.029037827579695655,-2.9958586643597696,0.0,-4.0,5.264469599139946,1.7515017103176551,1.71350229757028
1716.0,109.824,-0.7535022975702801,-0.18963770357910137,-0.0,0.0,0.015268395951902602,0.029037827579695655,3.031326642819817,0.0,-4.0,5.264469599139946,1.7515017103176551,1.71350229757028
1717.0,109.888,-0.7535022975702801,-0.18963770357910137,-0.0,0.0,0.015268395951902602,0.029037827579695655,2.7753266428198167,0.0,-4.0,5.264469599139946,1.7515017103176551,1.71350229757028
1718.0,109.952,-0.7536351923695792,-0.18955322062200705,-0.0,0.0,0.0158339977962052,0.029034720736922995,2.5193266428198164,0.0,-4.0,5.264596767477916,1.7517670152393783,1.7136351923695792
1719.0,110.016,-0.7537603777612574,-0.18945560828516778,-0.0,0.0,0.025250252403465623,-0.056814143843816,2.6153266428198165,0.0,4.0,5.264715397524387,1.7520468040565609,1.7137603777612573
1720.0,110.08,-0.7537603777612574,-0.18945560828516778,-0.0,0.0,0.025250252403465623,-0.056814143843816,2.8713266428198168,0.0,4.0,5.264715397524387,1.7520468040565609,1.7137603777612573
1721.0,110.144,-0.7537603777612574,-0.18945560828516778,-0.0,0.0,0.025250252403465623,-0.056814143843816,3.127326642819817,0.0,4.0,5.264715397524387,1.7520468040565609,1.7137603777612573
1722.0,110.208,-0.7537603777612574,-0.18945560828516778,-0.0,-0.0,0.025250252403465623,-0.056814143843816,-2.8998586643597695,0.0,4.0,5.264715397524387,1.7520468040565609,1.7137603777612573
1723.0,110.272,-0.7538130478141546,-0.1894836838727035,-0.013110941290001702,-0.007124011262600156,0.022931722956313128,0.032592110280712676,-2.6438586643597692,0.014921404691902347,4.0,5.264769768280284,1.7520195860400092,1.7138130478141544
1724.0,110.336,-0.7538130478141546,-0.1894836838727035,-0.0,-0.0,0.01637625231131229,0.0290301046494126,-2.8998586643597695,0.0,-4.0,5.264769768280284,1.7520195860400092,1.7138130478141544
1725.0,110.4,-0.7538130478141546,-0.1894836838727035,-0.0,0.0,0.01637625231131229,0.0290301046494126,3.127326642819817,0.0,-4.0,5.264769768280284,1.7520195860400092,1.7138130478141544
1726.0,110.464,-0.7538130478141546,-0.1894836838727035,-0.0,0.0,0.01637625231131229,0.0290301046494126,2.8713266428198168,0.0,-4.0,5.264769768280284,1.7520195860400092,1.7138130478141544
1727.0,110.528,-0.7538130478141546,-0.1894836838727035,-0.0,0.0,0.01637625231131229,0.0290301046494126,2.6153266428198165,0.0,-4.0,5.264769768280284,1.7520195860400092,1.7138130478141544
1728.0,110.592,-0.7539480623380518,-0.18939785337903725,-0.0,0.0,0.02565742317501518,-0.056735408904159075,2.7113266428198166,0.0,4.0,5.264898968130734,1.752238681618448,1.7139480623380519
1729.0,110.656,-0.7539480623380518,-0.18939785337903725,-0.0,0.0,0.02565742317501518,-0.056735408904159075,2.967326642819817,0.0,4.0,5.264898968130734,1.752238681618448,1.7139480623380519
1730.0,110.72,-0.7539480623380518,-0.18939785337903725,-0.0,-0.0,0.02565742317501518,-0.056735408904159075,-3.0598586643597696,0.0,4.0,5.264898968130734,1.752238681618448,1.7139480623380519
1731.0,110.784,-0.7539480623380518,-0.18939785337903725,-0.0,-0.0,0.02565742317501518,-0.056735408904159075,-2.8038586643597694,0.0,4.0,5.264898968130734,1.752238681618448,1.7139480623380519
1732.0,110.848,-0.7542047642471856,-0.18955093847941984,-0.0,-0.0,0.016485476451375602,0.029017736668002028,-2.579858664359769,0.0,-4.0,5.2651650063848985,1.7520568927831244,1.7142047642471856
1733.0,110.912,-0.7542047642471856,-0.18955093847941984,-0.0,-0.0,0.016485476451375602,0.029017736668002028,-2.8358586643597694,0.0,-4.0,5.2651650063848985,1.7520568927831244,1.7142047642471856
1734.0,110.976,-0.7542047642471856,-0.18955093847941984,-0.0,-0.0,0.016485476451375602,0.029017736668002028,-3.0918586643597696,0.0,-4.0,5.2651650063848985,1.7520568927831244,1.7142047642471856
1735.0,111.04,-0.7542047642471856,-0.18955093847941984,-0.0,0.0,0.016485476451375602,0.029017736668002028,2.935326642819817,0.0,-4.0,5.2651650063848985,1.7520568927831244,1.7142047642471856
1736.0,111.104,-0.7542047642471856,-0.18955093847941984,-0.0,0.0,0.016485476451375602,0.029017736668002028,2.6793266428198166,0.0,-4.0,5.2651650063848985,1.7520568927831244,1.7142047642471856
1737.0,111.168,-0.7543630629071917,-0.18944177363712023,-0.006083179500593553,0.005316727463816761,0.020241917932192266,0.026355748706782416,2.4233266428198164,0.008079149940491576,-4.0,5.265315936820255,1.7523930023600085,1.7143630629071915
1738.0,111.232,-0.754585853479205,-0.18921314825725002,-0.0,0.0,0.0270398617729824,-0.05646718425416039,2.3593266428198163,0.0,4.0,5.265523530622039,1.7528907213930942,1.7145858534792051
1739.0,111.296,-0.754585853479205,-0.18921314825725002,-0.0,0.0,0.0270398617729824,-0.05646718425416039,2.6153266428198165,0.0,4.0,5.265523530622039,1.7528907213930942,1.7145858534792051
1740.0,111.36,-0.754585853479205,-0.18921314825725002,-0.0,0.0,0.0270398617729824,-0.05646718425416039,2.8713266428198168,0.0,4.0,5.265523530622039,1.7528907213930942,1.7145858534792051
1741.0,111.424,-0.754585853479205,-0.18921314825725002,-0.0,0.0,0.0270398617729824,-0.05646718425416039,3.127326642819817,0.0,4.0,5.265523530622039,1.7528907213930942,1.7145858534792051
1742.0,111.488,-0.754585853479205,-0.18921314825725002,-0.0,-0.0,0.0270398617729824,-0.05646718425416039,-2.8998586643597695,0.0,4.0,5.265523530622039,1.7528907213930942,1.7145858534792051
1743.0,111.552,-0.7546388920162483,-0.18924142026397142,-0.013202666544482171,-0.007173851448100951,0.03375607396277347,-0.05285448039697503,-2.6438586643597692,0.015025796101511857,4.0,5.265578280370776,1.7529449448426058,1.7146388920162483
1744.0,111.616,-0.7548839740700514,-0.1894155494962468,-0.0,-0.0,0.01791403744563358,0.028998873058601306,-2.579858664359769,0.0,-4.0,5.265834074121411,1.7527149477097386,1.7148839740700512
1745.0,111.68,-0.7548839740700514,-0.1894155494962468,-0.0,-0.0,0.01791403744563358,0.028998873058601306,-2.8358586643597694,0.0,-4.0,5.265834074121411,1.7527149477097386,1.7148839740700512
1746.0,111.744,-0.7548839740700514,-0.1894155494962468,-0.0,-0.0,0.01791403744563358,0.028998873058601306,-3.0918586643597696,0.0,-4.0,5.265834074121411,1.7527149477097386,1.7148839740700512
1747.0,111.808,-0.7548839740700514,-0.1894155494962468,-0.0,0.0,0.01791403744563358,0.028998873058601306,2.935326642819817,0.0,-4.0,5.265834074121411,1.7527149477097386,1.7148839740700512
1748.0,111.872,-0.7548839740700514,-0.1894155494962468,-0.0,0.0,0.01791403744563358,0.028998873058601306,2.6793266428198166,0.0,-4.0,5.265834074121411,1.7527149477097386,1.7148839740700512
1749.0,111.936,-0.755037835352025,-0.1892935842481214,-0.0061662158698975724,0.005389301640714095,0.0217688804253377,0.026300827383264235,2.4233266428198164,0.008189431624281401,-4.0,5.265979755685852,1.753078980400192,1.715037835352025
1750.0,112.0,-0.7552667704381281,-0.1890586492391296,-0.0,0.0,0.02851371261362562,-0.05617784617791417,2.3593266428198163,0.0,4.0,5.266193083822037,1.7535868504419334,1.7152667704381281
1751.0,112.06400000000001,-0.7552667704381281,-0.1890586492391296,-0.0,0.0,0.02851371261362562,-0.05617784617791417,2.6153266428198165,0.0,4.0,5.266193083822037,1.7535868504419334,1.7152667704381281
1752.0,112.128,-0.7552667704381281,-0.1890586492391296,-0.0,0.0,0.02851371261362562,-0.05617784617791417,2.8713266428198168,0.0,4.0,5.266193083822037,1.7535868504419334,1.7152667704381281
1753.0,112.19200000000001,-0.7552667704381281,-0.1890586492391296,-0.0,0.0,0.02851371261362562,-0.05617784617791417,3.127326642819817,0.0,4.0,5.266193083822037,1.7535868504419334,1.7152667704381281
1754.0,112.256,-0.7552667704381281,-0.1890586492391296,-0.0,-0.0,0.02851371261362562,-0.05617784617791417,-2.8998586643597695,0.0,4.0,5.266193083822037,1.7535868504419334,1.7152667704381281
1755.0,112.32000000000001,-0.7553201413794908,-0.1890870984328112,-0.013285410594981818,-0.007218811572216689,0.03527184978194381,-0.052542536202244236,-2.6438586643597692,0.015119966110822627,4.0,5.266248175761614,1.7536414137218745,1.7153201413794907
1756.0,112.384,-0.7555667696410021,-0.1892623262357776,-0.0,-0.0,0.019432180453572645,0.02898009309238982,-2.579858664359769,0.0,-4.0,5.266505577340412,1.7534167860489043,1.715566769641002
1757.0,112.44800000000001,-0.7555667696410021,-0.1892623262357776,-0.0,-0.0,0.019432180453572645,0.02898009309238982,-2.8358586643597694,0.0,-4.0,5.266505577340412,1.7534167860489043,1.715566769641002
1758.0,112.512,-0.7555667696410021,-0.1892623262357776,-0.0,-0.0,0.019432180453572645,0.02898009309238982,-3.0918586643597696,0.0,-4.0,5.266505577340412,1.7534167860489043,1.715566769641002
1759.0,112.57600000000001,-0.7555667696410021,-0.1892623262357776,-0.0,0.0,0.019432180453572645,0.02898009309238982,2.935326642819817,0.0,-4.0,5.266505577340412,1.7534167860489043,1.715566769641002
1760.0,112.64,-0.7555667696410021,-0.1892623262357776,-0.0,0.0,0.019432180453572645,0.02898009309238982,2.6793266428198166,0.0,-4.0,5.266505577340412,1.7534167860489043,1.715566769641002
1761.0,112.70400000000001,-0.7556988459817517,-0.18915934073492222,-0.0,0.0,0.02008530773338113,0.02897713575173301,2.4233266428198164,0.0,-4.0,5.26663074631796,1.7537252474682754,1.7156988459817517
1762.0,112.768,-0.7559346162596001,-0.18891744707086197,-0.0,0.0,0.029957203122430387,-0.05589367537294375,2.3593266428198163,0.0,4.0,5.266850456043438,1.7542696163363354,1.7159346162596
1763.0,112.83200000000001,-0.7559346162596001,-0.18891744707086197,-0.0,0.0,0.029957203122430387,-0.05589367537294375,2.6153266428198165,0.0,4.0,5.266850456043438,1.7542696163363354,1.7159346162596
1764.0,112.896,-0.7559346162596001,-0.18891744707086197,-0.0,0.0,0.029957203122430387,-0.05589367537294375,2.8713266428198168,0.0,4.0,5.266850456043438,1.7542696163363354,1.7159346162596
1765.0,112.96000000000001,-0.7559346162596001,-0.18891744707086197,-0.0,0.0,0.029957203122430387,-0.05589367537294375,3.127326642819817,0.0,4.0,5.266850456043438,1.7542696163363354,1.7159346162596
1766.0,113.024,-0.7559346162596001,-0.18891744707086197,-0.0,-0.0,0.029957203122430387,-0.05589367537294375,-2.8998586643597695,0.0,4.0,5.266850456043438,1.7542696163363354,1.7159346162596
1767.0,113.08800000000001,-0.7559346162596001,-0.18891744707086197,-0.0,-0.0,0.029957203122430387,-0.05589367537294375,-2.6438586643597692,0.0,4.0,5.266850456043438,1.7542696163363354,1.7159346162596
1768.0,113.152,-0.7561960523075091,-0.1890733553918122,-0.0,-0.0,0.0210633540274498,0.02896321884005494,-2.7398586643597693,0.0,-4.0,5.2671213846492755,1.754176065131238,1.716196052307509
1769.0,113.21600000000001,-0.7561960523075091,-0.1890733553918122,-0.0,-0.0,0.0210633540274498,0.02896321884005494,-2.9958586643597696,0.0,-4.0,5.2671213846492755,1.754176065131238,1.716196052307509
1770.0,113.28,-0.7561960523075091,-0.1890733553918122,-0.0,0.0,0.0210633540274498,0.02896321884005494,3.031326642819817,0.0,-4.0,5.2671213846492755,1.754176065131238,1.716196052307509
1771.0,113.34400000000001,-0.7561960523075091,-0.1890733553918122,-0.0,0.0,0.0210633540274498,0.02896321884005494,2.7753266428198167,0.0,-4.0,5.2671213846492755,1.754176065131238,1.716196052307509
1772.0,113.408,-0.7561960523075091,-0.1890733553918122,-0.0,0.0,0.0210633540274498,0.02896321884005494,2.5193266428198164,0.0,-4.0,5.2671213846492755,1.754176065131238,1.716196052307509
1773.0,113.47200000000001,-0.7564399960046898,-0.18883091225049672,-0.0,0.0,0.03104817845777802,-0.05567729793490099,2.2953266428198162,0.0,4.0,5.267349221258667,1.7547862865655628,1.7164399960046897
1774.0,113.536,-0.7564399960046898,-0.18883091225049672,-0.0,0.0,0.03104817845777802,-0.05567729793490099,2.5513266428198165,0.0,4.0,5.267349221258667,1.7547862865655628,1.7164399960046897
1775.0,113.60000000000001,-0.7564399960046898,-0.18883091225049672,-0.0,0.0,0.03104817845777802,-0.05567729793490099,2.8073266428198167,0.0,4.0,5.267349221258667,1.7547862865655628,1.7164399960046897
1776.0,113.664,-0.7564399960046898,-0.18883091225049672,-0.0,0.0,0.03104817845777802,-0.05567729793490099,3.063326642819817,0.0,4.0,5.267349221258667,1.7547862865655628,1.7164399960046897
1777.0,113.72800000000001,-0.7564399960046898,-0.18883091225049672,-0.0,-0.0,0.03104817845777802,-0.05567729793490099,-2.9638586643597695,0.0,4.0,5.267349221258667,1.7547862865655628,1.7164399960046897
1778.0,113.792,-0.7564399960046898,-0.18883091225049672,-0.0,-0.0,0.03104817845777802,-0.05567729793490099,-2.7078586643597693,0.0,4.0,5.267349221258667,1.7547862865655628,1.7164399960046897
1779.0,113.85600000000001,-0.7567002658945053,-0.18899182531081576,-0.0,-0.0,0.02202651937795802,0.028949075615130746,-2.6438586643597692,0.0,-4.0,5.267619305063998,1.7546198927495904,1.7167002658945054
1780.0,113.92,-0.7567002658945053,-0.18899182531081576,-0.0,-0.0,0.02202651937795802,0.028949075615130746,-2.8998586643597695,0.0,-4.0,5.267619305063998,1.7546198927495904,1.7167002658945054
1781.0,113.98400000000001,-0.7567002658945053,-0.18899182531081576,-0.0,0.0,0.02202651937795802,0.028949075615130746,3.127326642819817,0.0,-4.0,5.267619305063998,1.7546198927495904,1.7167002658945054
1782.0,114.048,-0.7567002658945053,-0.18899182531081576,-0.0,0.0,0.02202651937795802,0.028949075615130746,2.8713266428198168,0.0,-4.0,5.267619305063998,1.7546198927495904,1.7167002658945054
1783.0,114.11200000000001,-0.7567002658945053,-0.18899182531081576,-0.0,0.0,0.02202651937795802,0.028949075615130746,2.6153266428198165,0.0,-4.0,5.267619305063998,1.7546198927495904,1.7167002658945054
1784.0,114.176,-0.756830810950383,-0.18887587317694365,-0.0,0.0,0.022739686970947415,0.02894621808199323,2.3593266428198163,0.0,-4.0,5.267742119008741,1.7549581206695657,1.716830810950383
1785.0,114.24000000000001,-0.7569510582436331,-0.18874641563041844,-0.0,0.0,0.03215023189067673,-0.055458499346618395,2.4553266428198164,0.0,4.0,5.267853790954273,1.7553087662389373,1.716951058243633
1786.0,114.304,-0.7569510582436331,-0.18874641563041844,-0.0,0.0,0.03215023189067673,-0.055458499346618395,2.7113266428198166,0.0,4.0,5.267853790954273,1.7553087662389373,1.716951058243633
1787.0,114.36800000000001,-0.7569510582436331,-0.18874641563041844,-0.0,0.0,0.03215023189067673,-0.055458499346618395,2.967326642819817,0.0,4.0,5.267853790954273,1.7553087662389373,1.716951058243633
1788.0,114.432,-0.7569510582436331,-0.18874641563041844,-0.0,-0.0,0.03215023189067673,-0.055458499346618395,-3.0598586643597696,0.0,4.0,5.267853790954273,1.7553087662389373,1.716951058243633
1789.0,114.49600000000001,-0.7569510582436331,-0.18874641563041844,-0.0,-0.0,0.03215023189067673,-0.055458499346618395,-2.8038586643597694,0.0,4.0,5.267853790954273,1.7553087662389373,1.716951058243633
1790.0,114.56,-0.7570023395443906,-0.18878043537468983,-0.012751876178356913,-0.008607225418860335,0.02977378628104632,0.03324556974655369,-2.547858664359769,0.015384884643026155,4.0,5.267907153829484,1.755268517775809,1.7170023395443905
1791.0,114.62400000000001,-0.7570023395443906,-0.18878043537468983,-0.0,-0.0,0.023397848191867854,0.028941957037123524,-2.8038586643597694,0.0,-4.0,5.267907153829484,1.755268517775809,1.7170023395443905
1792.0,114.688,-0.7570023395443906,-0.18878043537468983,-0.0,-0.0,0.023397848191867854,0.028941957037123524,-3.0598586643597696,0.0,-4.0,5.267907153829484,1.755268517775809,1.7170023395443905
1793.0,114.752,-0.7570023395443906,-0.18878043537468983,-0.0,0.0,0.023397848191867854,0.028941957037123524,2.967326642819817,0.0,-4.0,5.267907153829484,1.755268517775809,1.7170023395443905
1794.0,114.816,-0.7570023395443906,-0.18878043537468983,-0.0,0.0,0.023397848191867854,0.028941957037123524,2.7113266428198166,0.0,-4.0,5.267907153829484,1.755268517775809,1.7170023395443905
1795.0,114.88,-0.7570023395443906,-0.18878043537468983,-0.0,0.0,0.023397848191867854,0.028941957037123524,2.4553266428198164,0.0,-4.0,5.267907153829484,1.755268517775809,1.7170023395443905
1796.0,114.944,-0.7571359021657723,-0.1886618029925544,-0.0,0.0,0.032548534811506824,-0.055383749641375574,2.5513266428198165,0.0,4.0,5.268032812221892,1.755497739684254,1.7171359021657722
1797.0,115.008,-0.7571359021657723,-0.1886618029925544,-0.0,0.0,0.032548534811506824,-0.055383749641375574,2.8073266428198167,0.0,4.0,5.268032812221892,1.755497739684254,1.7171359021657722
1798.0,115.072,-0.7571359021657723,-0.1886618029925544,-0.0,0.0,0.032548534811506824,-0.055383749641375574,3.063326642819817,0.0,4.0,5.268032812221892,1.755497739684254,1.7171359021657722
1799.0,115.136,-0.7571359021657723,-0.1886618029925544,-0.0,-0.0,0.032548534811506824,-0.055383749641375574,-2.9638586643597695,0.0,4.0,5.268032812221892,1.755497739684254,1.7171359021657722
1800.0,115.2,-0.7571359021657723,-0.1886618029925544,-0.0,-0.0,0.032548534811506824,-0.055383749641375574,-2.7078586643597693,0.0,4.0,5.268032812221892,1.755497739684254,1.7171359021657722
1801.0,115.264,-0.7573843786734973,-0.1888443957995456,-0.0,-0.0,0.023511823351181238,0.02893022549716699,-2.483858664359769,0.0,-4.0,5.268292515577023,1.7553087471684805,1.7173843786734972
1802.0,115.328,-0.7573843786734973,-0.1888443957995456,-0.0,-0.0,0.023511823351181238,0.02893022549716699,-2.7398586643597693,0.0,-4.0,5.268292515577023,1.7553087471684805,1.7173843786734972
1803.0,115.392,-0.7573843786734973,-0.1888443957995456,-0.0,-0.0,0.023511823351181238,0.02893022549716699,-2.9958586643597696,0.0,-4.0,5.268292515577023,1.7553087471684805,1.7173843786734972
1804.0,115.456,-0.7573843786734973,-0.1888443957995456,-0.0,0.0,0.023511823351181238,0.02893022549716699,3.031326642819817,0.0,-4.0,5.268292515577023,1.7553087471684805,1.7173843786734972
1805.0,115.52,-0.7573843786734973,-0.1888443957995456,-0.0,0.0,0.023511823351181238,0.02893022549716699,2.7753266428198167,0.0,-4.0,5.268292515577023,1.7553087471684805,1.7173843786734972
1806.0,115.584,-0.7573843786734973,-0.1888443957995456,-0.0,0.0,0.023511823351181238,0.02893022549716699,2.5193266428198164,0.0,-4.0,5.268292515577023,1.7553087471684805,1.7173843786734972
1807.0,115.648,-0.7575396071707511,-0.1886957349995853,-0.005784251196713725,0.006972346479092188,0.027303319640157808,0.025440695967128522,2.263326642819816,0.009059314396310207,-4.0,5.268437863529956,1.7557363203046852,1.717539607170751
1808.0,115.712,-0.7576483751298583,-0.1885534066981132,-0.0,0.0,0.033651998834109575,-0.055166587185655494,2.3593266428198163,0.0,4.0,5.26853725864139,1.7560216615992101,1.7176483751298584
1809.0,115.776,-0.7576483751298583,-0.1885534066981132,-0.0,0.0,0.033651998834109575,-0.055166587185655494,2.6153266428198165,0.0,4.0,5.26853725864139,1.7560216615992101,1.7176483751298584
1810.0,115.84,-0.7576483751298583,-0.1885534066981132,-0.0,0.0,0.033651998834109575,-0.055166587185655494,2.8713266428198168,0.0,4.0,5.26853725864139,1.7560216615992101,1.7176483751298584
1811.0,115.904,-0.7576483751298583,-0.1885534066981132,-0.0,0.0,0.033651998834109575,-0.055166587185655494,3.127326642819817,0.0,4.0,5.26853725864139,1.7560216615992101,1.7176483751298584
1812.0,115.968,-0.7576483751298583,-0.1885534066981132,-0.0,-0.0,0.033651998834109575,-0.055166587185655494,-2.8998586643597695,0.0,4.0,5.26853725864139,1.7560216615992101,1.7176483751298584
1813.0,116.032,-0.7576483751298583,-0.1885534066981132,-0.0,-0.0,0.033651998834109575,-0.055166587185655494,-2.6438586643597692,0.0,4.0,5.26853725864139,1.7560216615992101,1.7176483751298584
1814.0,116.096,-0.7579012304001483,-0.18873305875100393,-0.0,-0.0,0.024632344102845483,0.028915992775906264,-2.579858664359769,0.0,-4.0,5.268801138184493,1.7558290707558997,1.7179012304001482
1815.0,116.16,-0.7579012304001483,-0.18873305875100393,-0.0,-0.0,0.024632344102845483,0.028915992775906264,-2.8358586643597694,0.0,-4.0,5.268801138184493,1.7558290707558997,1.7179012304001482
1816.0,116.224,-0.7579012304001483,-0.18873305875100393,-0.0,-0.0,0.024632344102845483,0.028915992775906264,-3.0918586643597696,0.0,-4.0,5.268801138184493,1.7558290707558997,1.7179012304001482
1817.0,116.288,-0.7579012304001483,-0.18873305875100393,-0.0,0.0,0.024632344102845483,0.028915992775906264,2.935326642819817,0.0,-4.0,5.268801138184493,1.7558290707558997,1.7179012304001482
1818.0,116.352,-0.7579012304001483,-0.18873305875100393,-0.0,0.0,0.024632344102845483,0.028915992775906264,2.6793266428198166,0.0,-4.0,5.268801138184493,1.7558290707558997,1.7179012304001482
1819.0,116.416,-0.7579012304001483,-0.18873305875100393,-0.0,0.0,0.024632344102845483,0.028915992775906264,2.4233266428198164,0.0,-4.0,5.268801138184493,1.7558290707558997,1.7179012304001482
1820.0,116.48,-0.7581457590346586,-0.18846092091198616,-0.0,0.0,0.034721826902533115,-0.05495504484975417,2.199326642819816,0.0,4.0,5.269027672942966,1.75653015735632,1.7181457590346585
1821.0,116.544,-0.7581457590346586,-0.18846092091198616,-0.0,0.0,0.034721826902533115,-0.05495504484975417,2.4553266428198164,0.0,4.0,5.269027672942966,1.75653015735632,1.7181457590346585
1822.0,116.608,-0.7581457590346586,-0.18846092091198616,-0.0,0.0,0.034721826902533115,-0.05495504484975417,2.7113266428198166,0.0,4.0,5.269027672942966,1.75653015735632,1.7181457590346585
1823.0,116.672,-0.7581457590346586,-0.18846092091198616,-0.0,0.0,0.034721826902533115,-0.05495504484975417,2.967326642819817,0.0,4.0,5.269027672942966,1.75653015735632,1.7181457590346585
1824.0,116.736,-0.7581457590346586,-0.18846092091198616,-0.0,-0.0,0.034721826902533115,-0.05495504484975417,-3.0598586643597696,0.0,4.0,5.269027672942966,1.75653015735632,1.7181457590346585
1825.0,116.8,-0.7581457590346586,-0.18846092091198616,-0.0,-0.0,0.034721826902533115,-0.05495504484975417,-2.8038586643597694,0.0,4.0,5.269027672942966,1.75653015735632,1.7181457590346585
1826.0,116.864,-0.7581977614384589,-0.18849541903221032,-0.012931189428562495,-0.008728257770768477,0.03258753566318173,0.03327326385007784,-2.547858664359769,0.015601222508199373,4.0,5.269081784058985,1.7565367349884102,1.718197761438459
1827.0,116.928,-0.7581977614384589,-0.18849541903221032,-0.0,-0.0,0.02612194094890047,0.028909134964693606,-2.8038586643597694,0.0,-4.0,5.269081784058985,1.7565367349884102,1.718197761438459
1828.0,116.992,-0.7581977614384589,-0.18849541903221032,-0.0,-0.0,0.02612194094890047,0.028909134964693606,-3.0598586643597696,0.0,-4.0,5.269081784058985,1.7565367349884102,1.718197761438459
1829.0,117.056,-0.7581977614384589,-0.18849541903221032,-0.0,0.0,0.02612194094890047,0.028909134964693606,2.967326642819817,0.0,-4.0,5.269081784058985,1.7565367349884102,1.718197761438459
1830.0,117.12,-0.7581977614384589,-0.18849541903221032,-0.0,0.0,0.02612194094890047,0.028909134964693606,2.7113266428198166,0.0,-4.0,5.269081784058985,1.7565367349884102,1.718197761438459
1831.0,117.184,-0.7581977614384589,-0.18849541903221032,-0.0,0.0,0.02612194094890047,0.028909134964693606,2.4553266428198164,0.0,-4.0,5.269081784058985,1.7565367349884102,1.718197761438459
1832.0,117.248,-0.7583272170723887,-0.18836044450899914,-0.0,0.0,0.03511184607559453,-0.054883267435308816,2.3913266428198163,0.0,4.0,5.2692023032156,1.756715669274556,1.7183272170723887
1833.0,117.312,-0.7583272170723887,-0.18836044450899914,-0.0,0.0,0.03511184607559453,-0.054883267435308816,2.6473266428198166,0.0,4.0,5.2692023032156,1.756715669274556,1.7183272170723887
1834.0,117.376,-0.7583272170723887,-0.18836044450899914,-0.0,0.0,0.03511184607559453,-0.054883267435308816,2.903326642819817,0.0,4.0,5.2692023032156,1.756715669274556,1.7183272170723887
1835.0,117.44,-0.7583272170723887,-0.18836044450899914,-0.0,-0.0,0.03511184607559453,-0.054883267435308816,-3.1238586643597697,0.0,4.0,5.2692023032156,1.756715669274556,1.7183272170723887
1836.0,117.504,-0.7583272170723887,-0.18836044450899914,-0.0,-0.0,0.03511184607559453,-0.054883267435308816,-2.8678586643597694,0.0,4.0,5.2692023032156,1.756715669274556,1.7183272170723887
1837.0,117.568,-0.7583272170723887,-0.18836044450899914,-0.0,-0.0,0.03511184607559453,-0.054883267435308816,-2.611858664359769,0.0,4.0,5.2692023032156,1.756715669274556,1.7183272170723887
1838.0,117.632,-0.7585762331718088,-0.1885496431420351,-0.0,-0.0,0.026279163484665524,0.02889770111671278,-2.547858664359769,0.0,-4.0,5.269462957546149,1.7565981070646086,1.7185762331718086
1839.0,117.696,-0.7585762331718088,-0.1885496431420351,-0.0,-0.0,0.026279163484665524,0.02889770111671278,-2.8038586643597694,0.0,-4.0,5.269462957546149,1.7565981070646086,1.7185762331718086
1840.0,117.76,-0.7585762331718088,-0.1885496431420351,-0.0,-0.0,0.026279163484665524,0.02889770111671278,-3.0598586643597696,0.0,-4.0,5.269462957546149,1.7565981070646086,1.7185762331718086
1841.0,117.824,-0.7585762331718088,-0.1885496431420351,-0.0,0.0,0.026279163484665524,0.02889770111671278,2.967326642819817,0.0,-4.0,5.269462957546149,1.7565981070646086,1.7185762331718086
1842.0,117.888,-0.7585762331718088,-0.1885496431420351,-0.0,0.0,0.026279163484665524,0.02889770111671278,2.7113266428198166,0.0,-4.0,5.269462957546149,1.7565981070646086,1.7185762331718086
1843.0,117.952,-0.7585762331718088,-0.1885496431420351,-0.0,0.0,0.026279163484665524,0.02889770111671278,2.4553266428198164,0.0,-4.0,5.269462957546149,1.7565981070646086,1.7185762331718086
1844.0,118.016,-0.7587286102079143,-0.18838375885790581,-0.005588350885131333,0.007688280478595919,0.030050931637456313,0.02505031664745999,2.199326642819816,0.009504700012778271,-4.0,5.2696043650427935,1.7570648108824365,1.7187286102079142
1845.0,118.08,-0.7588328589217191,-0.1882275644391775,-0.0,0.0,0.03619786285353299,-0.0546716560480944,1.943326642819816,0.0,-4.0,5.2696983711993655,1.7572326074635891,1.718832858921719
1846.0,118.144,-0.7588328589217191,-0.1882275644391775,-0.0,0.0,0.03619786285353299,-0.0546716560480944,1.6873266428198157,0.0,-4.0,5.2696983711993655,1.7572326074635891,1.718832858921719
1847.0,118.208,-0.7588328589217191,-0.1882275644391775,0.0,0.0,0.03619786285353299,-0.0546716560480944,1.4313266428198155,0.0,-4.0,5.2696983711993655,1.7572326074635891,1.718832858921719
1848.0,118.272,-0.7588328589217191,-0.1882275644391775,0.0,0.0,0.03619786285353299,-0.0546716560480944,1.1753266428198152,0.0,-4.0,5.2696983711993655,1.7572326074635891,1.718832858921719
1849.0,118.336,-0.7588328589217191,-0.1882275644391775,0.0,0.0,0.03619786285353299,-0.0546716560480944,0.919326642819815,0.0,-4.0,5.2696983711993655,1.7572326074635891,1.718832858921719
1850.0,118.4,-0.7588328589217191,-0.1882275644391775,0.0,0.0,0.03619786285353299,-0.0546716560480944,0.663326642819815,0.0,-4.0,5.2696983711993655,1.7572326074635891,1.718832858921719
1851.0,118.464,-0.7585060391127806,-0.18803953533297027,0.014403300200112346,0.006214397780515481,0.028294402701972865,-0.05793751418275196,0.4073266428198151,0.015686739509185206,-4.0,5.269360159529211,1.7568984863057053,1.7185060391127807
1852.0,118.528,-0.7575504395655616,-0.18776701843920815,0.01943397165268169,0.002963533693665881,0.02372422944026298,-0.056754403175821394,0.1513266428198151,0.01965863133971255,-4.0,5.268389050110228,1.7559215380961488,1.7175504395655614
1853.0,118.592,-0.7561243880936739,-0.1877469773585522,0.02773900420476413,-0.0029141855799584716,0.016497503182424322,-0.05444634100123391,-0.1046733571801849,0.027891662407722492,-4.0,5.266964648051849,1.7544636277860706,1.7161243880936738
1854.0,118.656,-0.7542707423314698,-0.18818973377171883,0.03175386422306696,-0.011590237758914957,0.010480147262951878,-0.05089371009717027,-0.349977003974987,0.03380298070296686,-3.529459270226879,5.265143239243267,1.7525685704748701,1.7142707423314698
1855.0,118.72,-0.7522735124027448,-0.18918501919942834,0.031646826706918076,-0.020046159039882373,0.006195427115872398,-0.047474285821731264,-0.5646408550405887,0.03746158209245788,-3.054253038522247,5.26321418206943,1.750526721241455,1.7122735124027448
1856.0,118.784,-0.751051455009857,-0.19006816876008636,0.0,-0.0,0.010378937120973708,0.029106909778221036,-0.5875298516546964,0.0,4.0,5.26205166665674,1.749263932482853,1.711051455009857
1857.0,118.848,-0.751051455009857,-0.19006816876008636,0.0,-0.0,0.010378937120973708,0.029106909778221036,-0.33152985165469634,0.0,4.0,5.26205166665674,1.749263932482853,1.711051455009857
1858.0,118.912,-0.7507341355146311,-0.19013258841630437,0.0071964627290803515,-0.0005445837293109185,0.015064296680906142,-0.057836497795702164,-0.0755298516546963,0.007217038675888664,4.0,5.261739174413851,1.7489529537579394,1.710734135514631
1859.0,118.976,-0.7493403769065534,-0.1904249420837994,0.02331527629968375,-0.008025936560068097,0.00395657660757659,-0.05469667187531774,-0.33152985165469623,0.024658016274567436,-4.0,5.260367243245874,1.7475280577534589,1.7093403769065534
1860.0,119.04,-0.7488585904558134,-0.19061265774771252,0.0,-0.0,0.005192282123359426,0.029167041362364452,-0.23552985165469623,0.0,4.0,5.259898619291036,1.7468865345084776,1.7088585904558133
1861.0,119.104,-0.7486889330600757,-0.1906286957016295,0.007099681496672127,0.00014535183612176828,0.001369955376466614,0.029099359127755103,0.020470148345303748,0.00710116923544655,4.0,5.259730356621213,1.7467640271366869,1.7086889330600756
1862.0,119.168,-0.748354234183629,-0.19059547613327846,0.014504575751575717,0.0012281260332157355,0.006199648904461896,-0.05975289793168306,0.08447014834530377,0.014556476609628461,-4.0,5.259394209016442,1.7465198840154825,1.7083542341836289
1863.0,119.232,-0.7474345183953596,-0.19063610016802185,0.016037746914633264,-0.002778253659230884,0.003412341411015707,-0.058160336534315266,-0.17152985165469622,0.016276609582245884,-4.0,5.25847905554304,1.745579621229397,1.7074345183953596
1864.0,119.296,-0.746220104244174,-0.19102437463583033,0.023106353223908884,-0.010528056269557327,-0.002796242220890144,-0.05480215859920319,-0.4275298516546962,0.02539180041121562,-4.0,5.25729236454199,1.7443380763436607,1.7062201042441738
1865.0,119.36,-0.7457878077347581,-0.19124262483115503,0.0,-0.0,-0.0014503152197127278,0.029253140488790026,-0.33152985165469623,0.0,4.0,5.256875141448606,1.743869347149587,1.7057878077347581
1866.0,119.424,-0.7457878077347581,-0.19124262483115503,0.0,-0.0,-0.0014503152197127278,0.029253140488790026,-0.0755298516546962,0.0,4.0,5.256875141448606,1.743869347149587,1.7057878077347581
1867.0,119.488,-0.7456483078402641,-0.19122517102916653,0.0,0.0,0.007495374025284773,-0.06030855282999699,0.14847014834530387,0.0,-4.0,5.256734802792634,1.743753505667946,1.705648307840264
1868.0,119.552,-0.7450101449674162,-0.19123750544218254,0.014297081683681564,-0.001543315946615015,-0.0010629693162125808,-0.05982471921912595,-0.10752985165469611,0.01438013799589347,-4.0,5.256098786736368,1.7431010858568978,1.7050101449674162
1869.0,119.616,-0.7440623668467894,-0.19147059380050963,0.01850153088617891,-0.007038688882236181,-0.005262529237840541,-0.05748807155033439,-0.3635298516546961,0.019795196041291114,-4.0,5.255168148956722,1.7421321338092564,1.7040623668467894
1870.0,119.68,-0.7432980689692978,-0.19183830406439337,0.0,-0.0,-0.0072944400010522825,0.02932184753083281,-0.42752985165469615,0.0,4.0,5.254429375886861,1.7412231269545368,1.7032980689692978
1871.0,119.744,-0.7432980689692978,-0.19183830406439337,0.0,-0.0,-0.0072944400010522825,0.02932184753083281,-0.1715298516546961,0.0,4.0,5.254429375886861,1.7412231269545368,1.7032980689692978
1872.0,119.808,-0.7432980689692978,-0.19183830406439337,0.0,0.0,-0.0072944400010522825,0.02932184753083281,0.08447014834530389,0.0,4.0,5.254429375886861,1.7412231269545368,1.7032980689692978
1873.0,119.872,-0.7431588631901096,-0.19179760024432524,0.0,0.0,0.0019849236878654586,-0.061391709046135175,0.30847014834530395,0.0,-4.0,5.25428781702923,1.7412084453434236,1.7031588631901096
1874.0,119.936,-0.7431588631901096,-0.19179760024432524,0.0,0.0,0.0019849236878654586,-0.061391709046135175,0.05247014834530393,0.0,-4.0,5.25428781702923,1.7412084453434236,1.7031588631901096
1875.0,120.0,-0.7425178453841639,-0.19187186505735018,0.014252540539487978,-0.0029415473544171077,-0.006565001125427072,-0.0602067010954031,-0.20352985165469606,0.01455292454003753,-4.0,5.253652989234177,1.7405531068183737,1.7025178453841638
1876.0,120.06400000000001,-0.7416492097940037,-0.19216727758951183,0.0,-0.0,-0.010851337132963546,0.02936850175969371,-0.42752985165469615,0.0,4.0,5.252805429900018,1.739624914946804,1.7016492097940037
1877.0,120.128,-0.7416492097940037,-0.19216727758951183,0.0,-0.0,-0.010851337132963546,0.02936850175969371,-0.1715298516546961,0.0,4.0,5.252805429900018,1.739624914946804,1.7016492097940037
1878.0,120.19200000000001,-0.7416492097940037,-0.19216727758951183,0.0,0.0,-0.010851337132963546,0.02936850175969371,0.08447014834530389,0.0,4.0,5.252805429900018,1.739624914946804,1.7016492097940037
1879.0,120.256,-0.7416492097940037,-0.19216727758951183,0.0,0.0,-0.010851337132963546,0.02936850175969371,0.3404701483453038,0.0,4.0,5.252805429900018,1.739624914946804,1.7016492097940037
1880.0,120.32000000000001,-0.7415145790634793,-0.19210049610766114,0.0,0.0,-0.0016708280560638888,-0.06211657112764791,0.4044701483453038,0.0,-4.0,5.252666735285241,1.739527426931277,1.7015145790634794
1881.0,120.384,-0.7415145790634793,-0.19210049610766114,0.0,0.0,-0.0016708280560638888,-0.06211657112764791,0.1484701483453038,0.0,-4.0,5.252666735285241,1.739527426931277,1.7015145790634794
1882.0,120.44800000000001,-0.7414552208123001,-0.19210642361152985,0.014827233050036177,-0.0016005437834503249,-0.009216656511694288,-0.061342918190133745,-0.10752985165469617,0.014913369180799708,-4.0,5.252607889121059,1.7394667425814565,1.7014552208123002
1883.0,120.512,-0.740830494077616,-0.19228275363146394,0.013620083658199052,-0.005181599944883899,-0.010005587511801972,-0.059823646749338884,-0.3635298516546962,0.014572427966717203,-4.0,5.251995977824752,1.7388280590798915,1.700830494077616
1884.0,120.57600000000001,-0.7405627363348307,-0.19239707555285543,0.0,-0.0,-0.01326757362503228,0.029399080779518586,-0.2675298516546962,0.0,4.0,5.251736241549871,1.7385411353147098,1.7005627363348306
1885.0,120.64,-0.7405627363348307,-0.19239707555285543,0.0,-0.0,-0.01326757362503228,0.029399080779518586,-0.011529851654696218,0.0,4.0,5.251736241549871,1.7385411353147098,1.7005627363348306
1886.0,120.70400000000001,-0.7405627363348307,-0.19239707555285543,0.0,0.0,-0.01326757362503228,0.029399080779518586,0.24447014834530378,0.0,4.0,5.251736241549871,1.7385411353147098,1.7005627363348306
1887.0,120.768,-0.7405354518177742,-0.1923824356290898,0.006791631453924207,0.0037144322746905643,-0.00724965220086099,-0.06439859527300784,0.5004701483453038,0.007741011880186954,4.0,5.25170806062049,1.7385264254004547,1.7005354518177742
1888.0,120.83200000000001,-0.7405354518177742,-0.1923824356290898,0.0,0.0,-0.003853836473898864,-0.06254137913566257,0.24447014834530367,0.0,-4.0,5.25170806062049,1.7385264254004547,1.7005354518177742
1889.0,120.896,-0.7405354518177742,-0.1923824356290898,0.0,-0.0,-0.003853836473898864,-0.06254137913566257,-0.011529851654696333,0.0,-4.0,5.25170806062049,1.7385264254004547,1.7005354518177742
1890.0,120.96000000000001,-0.7401789780123129,-0.19243736232675057,0.014544496056859056,-0.003986655062897879,-0.011921993626199445,-0.06070677150745947,-0.26752985165469634,0.015080974243679282,-4.0,5.251355926684028,1.7381619877581254,1.7001789780123129
1891.0,121.024,-0.7396225159883903,-0.19263886152160367,0.0,-0.0,-0.015580934396114632,0.02942477083658337,-0.33152985165469634,0.0,4.0,5.2508137940206305,1.7375021823177899,1.6996225159883904
1892.0,121.08800000000001,-0.7396225159883903,-0.19263886152160367,0.0,-0.0,-0.015580934396114632,0.02942477083658337,-0.0755298516546963,0.0,4.0,5.2508137940206305,1.7375021823177899,1.6996225159883904
1893.0,121.152,-0.7396225159883903,-0.19263886152160367,0.0,0.0,-0.015580934396114632,0.02942477083658337,0.1804701483453037,0.0,4.0,5.2508137940206305,1.7375021823177899,1.6996225159883904
1894.0,121.21600000000001,-0.7396225159883903,-0.19263886152160367,0.0,0.0,-0.015580934396114632,0.02942477083658337,0.4364701483453036,0.0,4.0,5.2508137940206305,1.7375021823177899,1.6996225159883904
1895.0,121.28,-0.7394868106846345,-0.19255444697952762,0.0,0.0,-0.006196899989312055,-0.06300782010794338,0.5004701483453036,0.0,-4.0,5.250672870069482,1.7374543570006002,1.6994868106846344
1896.0,121.34400000000001,-0.7394868106846345,-0.19255444697952762,0.0,0.0,-0.006196899989312055,-0.06300782010794338,0.24447014834530353,0.0,-4.0,5.250672870069482,1.7374543570006002,1.6994868106846344
1897.0,121.408,-0.7394868106846345,-0.19255444697952762,0.0,-0.0,-0.006196899989312055,-0.06300782010794338,-0.011529851654696444,0.0,-4.0,5.250672870069482,1.7374543570006002,1.6994868106846344
1898.0,121.47200000000001,-0.7391313469230206,-0.19263374238711328,0.014553704609612963,-0.003989179132711976,-0.014269186322518002,-0.0611699171386951,-0.2675298516546965,0.015090522456718797,-4.0,5.250323337827264,1.7370909519670992,1.6991313469230205
1899.0,121.536,-0.7385663228384672,-0.19283834449813408,0.0,-0.0,-0.017818498905010693,0.029455011511919385,-0.3315298516546966,0.0,4.0,5.2497728759666895,1.7365049076540289,1.698566322838467
1900.0,121.60000000000001,-0.7385663228384672,-0.19283834449813408,0.0,-0.0,-0.017818498905010693,0.029455011511919385,-0.0755298516546966,0.0,4.0,5.2497728759666895,1.7365049076540289,1.698566322838467
1901.0,121.664,-0.7385663228384672,-0.19283834449813408,0.0,0.0,-0.017818498905010693,0.029455011511919385,0.18047014834530337,0.0,4.0,5.2497728759666895,1.7365049076540289,1.698566322838467
1902.0,121.72800000000001,-0.7385663228384672,-0.19283834449813408,0.0,0.0,-0.017818498905010693,0.029455011511919385,0.43647014834530334,0.0,4.0,5.2497728759666895,1.7365049076540289,1.698566322838467
1903.0,121.792,-0.7384334361380586,-0.19274013171553503,0.0,0.0,-0.008555833971415516,-0.0634764600917636,0.6604701483453033,0.0,-4.0,5.249633859874189,1.7363774494400384,1.6984334361380586
1904.0,121.85600000000001,-0.7384334361380586,-0.19274013171553503,0.0,0.0,-0.008555833971415516,-0.0634764600917636,0.40447014834530337,0.0,-4.0,5.249633859874189,1.7363774494400384,1.6984334361380586
1905.0,121.92,-0.7384334361380586,-0.19274013171553503,0.0,0.0,-0.008555833971415516,-0.0634764600917636,0.14847014834530337,0.0,-4.0,5.249633859874189,1.7363774494400384,1.6984334361380586
1906.0,121.98400000000001,-0.7384334361380586,-0.19274013171553503,0.0,-0.0,-0.008555833971415516,-0.0634764600917636,-0.10752985165469663,0.0,-4.0,5.249633859874189,1.7363774494400384,1.6984334361380586
1907.0,122.048,-0.7377849909391899,-0.19292337072160537,0.014237214495614615,-0.005416380082318208,-0.017129218580971772,-0.061051806901575356,-0.3635298516546967,0.015232709863654343,-4.0,5.248998766383444,1.7357145175896895,1.6977849909391898
1908.0,122.11200000000001,-0.7372369448719623,-0.19318368015731957,0.0,-0.0,-0.02112259198093841,0.029491259325813188,-0.4275298516546967,0.0,4.0,5.2484689057913,1.735027750814498,1.6972369448719622
1909.0,122.176,-0.7372369448719623,-0.19318368015731957,0.0,-0.0,-0.02112259198093841,0.029491259325813188,-0.17152985165469667,0.0,4.0,5.2484689057913,1.735027750814498,1.6972369448719622
1910.0,122.24000000000001,-0.7372369448719623,-0.19318368015731957,0.0,0.0,-0.02112259198093841,0.029491259325813188,0.08447014834530332,0.0,4.0,5.2484689057913,1.735027750814498,1.6972369448719622
1911.0,122.304,-0.7372369448719623,-0.19318368015731957,0.0,0.0,-0.02112259198093841,0.029491259325813188,0.3404701483453033,0.0,4.0,5.2484689057913,1.735027750814498,1.6972369448719622
1912.0,122.36800000000001,-0.7372369448719623,-0.19318368015731957,0.0,0.0,-0.02112259198093841,0.029491259325813188,0.5964701483453033,0.0,4.0,5.2484689057913,1.735027750814498,1.6972369448719622
1913.0,122.432,-0.7371056348754552,-0.19306932990184897,0.0,0.0,-0.011536903181769753,-0.06406119142863494,0.6604701483453033,0.0,-4.0,5.248330400800196,1.735019984307366,1.6971056348754552
1914.0,122.49600000000001,-0.7371056348754552,-0.19306932990184897,0.0,0.0,-0.011536903181769753,-0.06406119142863494,0.40447014834530337,0.0,-4.0,5.248330400800196,1.735019984307366,1.6971056348754552
1915.0,122.56,-0.7371056348754552,-0.19306932990184897,0.0,0.0,-0.011536903181769753,-0.06406119142863494,0.14847014834530337,0.0,-4.0,5.248330400800196,1.735019984307366,1.6971056348754552
1916.0,122.62400000000001,-0.7371056348754552,-0.19306932990184897,0.0,-0.0,-0.011536903181769753,-0.06406119142863494,-0.10752985165469663,0.0,-4.0,5.248330400800196,1.735019984307366,1.6971056348754552
1917.0,122.688,-0.7367424354971296,-0.19316164484908982,0.014658761743612482,-0.005576752753427083,-0.01968318551497128,-0.06143289158911492,-0.3635298516546967,0.015683732563674165,-4.0,5.247974013867823,1.7346486708388738,1.6967424354971294
1918.0,122.75200000000001,-0.7361847835047856,-0.1934265218776381,0.0,-0.0,-0.023588941289751475,0.029520556395743136,-0.4275298516546967,0.0,4.0,5.247434884106331,1.733930397232217,1.6961847835047856
1919.0,122.816,-0.7361847835047856,-0.1934265218776381,0.0,-0.0,-0.023588941289751475,0.029520556395743136,-0.17152985165469667,0.0,4.0,5.247434884106331,1.733930397232217,1.6961847835047856
1920.0,122.88,-0.7361847835047856,-0.1934265218776381,0.0,0.0,-0.023588941289751475,0.029520556395743136,0.08447014834530332,0.0,4.0,5.247434884106331,1.733930397232217,1.6961847835047856
1921.0,122.944,-0.7361847835047856,-0.1934265218776381,0.0,0.0,-0.023588941289751475,0.029520556395743136,0.3404701483453033,0.0,4.0,5.247434884106331,1.733930397232217,1.6961847835047856
1922.0,123.008,-0.7361847835047856,-0.1934265218776381,0.0,0.0,-0.023588941289751475,0.029520556395743136,0.5964701483453033,0.0,4.0,5.247434884106331,1.733930397232217,1.6961847835047856
1923.0,123.072,-0.7360479993655245,-0.19330740450893133,0.0,0.0,-0.013917486969419357,-0.06453016957533925,0.6604701483453033,0.0,-4.0,5.2472905985518254,1.733938720590993,1.6960479993655244
1924.0,123.136,-0.7360479993655245,-0.19330740450893133,0.0,0.0,-0.013917486969419357,-0.06453016957533925,0.40447014834530337,0.0,-4.0,5.2472905985518254,1.733938720590993,1.6960479993655244
1925.0,123.2,-0.7360479993655245,-0.19330740450893133,0.0,0.0,-0.013917486969419357,-0.06453016957533925,0.14847014834530337,0.0,-4.0,5.2472905985518254,1.733938720590993,1.6960479993655244
1926.0,123.264,-0.7360479993655245,-0.19330740450893133,0.0,-0.0,-0.013917486969419357,-0.06453016957533925,-0.10752985165469663,0.0,-4.0,5.2472905985518254,1.733938720590993,1.6960479993655244
1927.0,123.328,-0.7356868086228133,-0.19342529948168916,0.014753054171399153,-0.005612625193779404,-0.02210823746592555,-0.06188135203227102,-0.3635298516546967,0.015784618112266297,-4.0,5.246937896936749,1.73356946063223,1.6956868086228134
1928.0,123.392,-0.7353967248525983,-0.19354915373004997,0.0,-0.0,-0.025136168117176172,0.02954378704753936,-0.26752985165469667,0.0,4.0,5.2466565437072346,1.733248010411596,1.6953967248525983
1929.0,123.456,-0.7353967248525983,-0.19354915373004997,0.0,-0.0,-0.025136168117176172,0.02954378704753936,-0.011529851654696666,0.0,4.0,5.2466565437072346,1.733248010411596,1.6953967248525983
1930.0,123.52,-0.7353967248525983,-0.19354915373004997,0.0,0.0,-0.025136168117176172,0.02954378704753936,0.24447014834530334,0.0,4.0,5.2466565437072346,1.733248010411596,1.6953967248525983
1931.0,123.584,-0.7353967248525983,-0.19354915373004997,0.0,0.0,-0.025136168117176172,0.02954378704753936,0.5004701483453035,0.0,4.0,5.2466565437072346,1.733248010411596,1.6953967248525983
1932.0,123.648,-0.735369439145604,-0.19352381232183788,0.006770526188267683,0.006389720154729678,-0.01883293168263578,-0.06802142857717583,0.7564701483453032,0.00930959443379663,4.0,5.246627657264415,1.733245000932108,1.695369439145604
1933.0,123.712,-0.735369439145604,-0.19352381232183788,0.0,0.0,-0.01544766858850194,-0.064826568499811,0.5004701483453033,0.0,-4.0,5.246627657264415,1.733245000932108,1.695369439145604
1934.0,123.776,-0.735369439145604,-0.19352381232183788,0.0,0.0,-0.01544766858850194,-0.064826568499811,0.24447014834530334,0.0,-4.0,5.246627657264415,1.733245000932108,1.695369439145604
1935.0,123.84,-0.735369439145604,-0.19352381232183788,0.0,-0.0,-0.01544766858850194,-0.064826568499811,-0.011529851654696666,0.0,-4.0,5.246627657264415,1.733245000932108,1.695369439145604
1936.0,123.904,-0.7353076056357924,-0.19354023024314104,0.01542504729509657,-0.004228014683632566,-0.023299739962010013,-0.06273985805965004,-0.26752985165469667,0.015994004883736236,-4.0,5.2465670314428925,1.7331817860249041,1.6953076056357923
1937.0,123.968,-0.7350111838152144,-0.19366122083203421,0.0,-0.0,-0.026161053764863773,0.02955404116757112,-0.33152985165469673,0.0,4.0,5.246279169980772,1.7327915578548894,1.6950111838152142
1938.0,124.032,-0.7350111838152144,-0.19366122083203421,0.0,-0.0,-0.026161053764863773,0.02955404116757112,-0.07552985165469671,0.0,4.0,5.246279169980772,1.7327915578548894,1.6950111838152142
1939.0,124.096,-0.7350111838152144,-0.19366122083203421,0.0,0.0,-0.026161053764863773,0.02955404116757112,0.18047014834530326,0.0,4.0,5.246279169980772,1.7327915578548894,1.6950111838152142
1940.0,124.16,-0.7350111838152144,-0.19366122083203421,0.0,0.0,-0.026161053764863773,0.02955404116757112,0.4364701483453033,0.0,4.0,5.246279169980772,1.7327915578548894,1.6950111838152142
1941.0,124.224,-0.7350111838152144,-0.19366122083203421,0.0,0.0,-0.026161053764863773,0.02955404116757112,0.6924701483453032,0.0,4.0,5.246279169980772,1.7327915578548894,1.6950111838152142
1942.0,124.288,-0.7348808951765835,-0.19352367973909912,0.0,0.0,-0.016550733364541104,-0.06505273530442196,0.7564701483453031,0.0,-4.0,5.2461401530293,1.7327455426002014,1.6948808951765835
1943.0,124.352,-0.7348808951765835,-0.19352367973909912,0.0,0.0,-0.016550733364541104,-0.06505273530442196,0.5004701483453032,0.0,-4.0,5.2461401530293,1.7327455426002014,1.6948808951765835
1944.0,124.416,-0.7348808951765835,-0.19352367973909912,0.0,0.0,-0.016550733364541104,-0.06505273530442196,0.2444701483453032,0.0,-4.0,5.2461401530293,1.7327455426002014,1.6948808951765835
1945.0,124.48,-0.7348808951765835,-0.19352367973909912,0.0,-0.0,-0.016550733364541104,-0.06505273530442196,-0.011529851654696777,0.0,-4.0,5.2461401530293,1.7327455426002014,1.6948808951765835
1946.0,124.544,-0.7348186130897575,-0.19354021676575703,0.015536949751934214,-0.0042586872139394605,-0.02445991557014332,-0.06295091792421022,-0.2675298516546967,0.01611003489692993,-4.0,5.246079087517309,1.7326818690945063,1.6948186130897573
1947.0,124.608,-0.7342345915832132,-0.1938061967787941,0.0,-0.0,-0.027813361417849902,0.02957646652275412,-0.49152985165469665,0.0,4.0,5.245513746113891,1.732062287051857,1.6942345915832133
1948.0,124.672,-0.7342345915832132,-0.1938061967787941,0.0,-0.0,-0.027813361417849902,0.02957646652275412,-0.23552985165469661,0.0,4.0,5.245513746113891,1.732062287051857,1.6942345915832133
1949.0,124.736,-0.7342345915832132,-0.1938061967787941,0.0,0.0,-0.027813361417849902,0.02957646652275412,0.02047014834530336,0.0,4.0,5.245513746113891,1.732062287051857,1.6942345915832133
1950.0,124.8,-0.7342345915832132,-0.1938061967787941,0.0,0.0,-0.027813361417849902,0.02957646652275412,0.2764701483453033,0.0,4.0,5.245513746113891,1.732062287051857,1.6942345915832133
1951.0,124.864,-0.7342345915832132,-0.1938061967787941,0.0,0.0,-0.027813361417849902,0.02957646652275412,0.5324701483453034,0.0,4.0,5.245513746113891,1.732062287051857,1.6942345915832133
1952.0,124.928,-0.7342068959877313,-0.19377877281552622,0.00686882996541322,0.006911162026558046,-0.021508841711338433,-0.06880031885808527,0.7884701483453033,0.009743971759559676,4.0,5.245484312686872,1.7320564858685317,1.6942068959877312
1953.0,124.992,-0.7342068959877313,-0.19377877281552622,0.0,0.0,-0.0180744267286318,-0.06534473784480624,0.5324701483453034,0.0,-4.0,5.245484312686872,1.7320564858685317,1.6942068959877312
1954.0,125.056,-0.7342068959877313,-0.19377877281552622,0.0,0.0,-0.0180744267286318,-0.06534473784480624,0.27647014834530326,0.0,-4.0,5.245484312686872,1.7320564858685317,1.6942068959877312
1955.0,125.12,-0.7342068959877313,-0.19377877281552622,0.0,0.0,-0.0180744267286318,-0.06534473784480624,0.020470148345303227,0.0,-4.0,5.245484312686872,1.7320564858685317,1.6942068959877312
1956.0,125.184,-0.7342068959877313,-0.19377877281552622,0.0,-0.0,-0.0180744267286318,-0.06534473784480624,-0.23552985165469675,0.0,-4.0,5.245484312686872,1.7320564858685317,1.6942068959877312
1957.0,125.248,-0.7339018156057346,-0.1938920515761816,0.0,-0.0,-0.02864420489923275,0.02958555479193786,-0.2995298516546968,0.0,4.0,5.2451873139610825,1.7316939104255689,1.6939018156057346
1958.0,125.312,-0.7339018156057346,-0.1938920515761816,0.0,-0.0,-0.02864420489923275,0.02958555479193786,-0.04352985165469679,0.0,4.0,5.2451873139610825,1.7316939104255689,1.6939018156057346
1959.0,125.376,-0.7339018156057346,-0.1938920515761816,0.0,0.0,-0.02864420489923275,0.02958555479193786,0.21247014834530314,0.0,4.0,5.2451873139610825,1.7316939104255689,1.6939018156057346
1960.0,125.44,-0.7339018156057346,-0.1938920515761816,0.0,0.0,-0.02864420489923275,0.02958555479193786,0.4684701483453031,0.0,4.0,5.2451873139610825,1.7316939104255689,1.6939018156057346
1961.0,125.504,-0.7339018156057346,-0.1938920515761816,0.0,0.0,-0.02864420489923275,0.02958555479193786,0.724470148345303,0.0,4.0,5.2451873139610825,1.7316939104255689,1.6939018156057346
1962.0,125.568,-0.7337705413859558,-0.19374427401308217,0.0,0.0,-0.01906205704348518,-0.06555000505022231,0.788470148345303,0.0,-4.0,5.245046635235593,1.7316103828453808,1.6937705413859558
1963.0,125.632,-0.7337705413859558,-0.19374427401308217,0.0,0.0,-0.01906205704348518,-0.06555000505022231,0.5324701483453033,0.0,-4.0,5.245046635235593,1.7316103828453808,1.6937705413859558
1964.0,125.696,-0.7337705413859558,-0.19374427401308217,0.0,0.0,-0.01906205704348518,-0.06555000505022231,0.27647014834530315,0.0,-4.0,5.245046635235593,1.7316103828453808,1.6937705413859558
1965.0,125.76,-0.7337705413859558,-0.19374427401308217,0.0,0.0,-0.01906205704348518,-0.06555000505022231,0.020470148345303116,0.0,-4.0,5.245046635235593,1.7316103828453808,1.6937705413859558
1966.0,125.824,-0.7337705413859558,-0.19374427401308217,0.0,-0.0,-0.01906205704348518,-0.06555000505022231,-0.2355298516546969,0.0,-4.0,5.245046635235593,1.7316103828453808,1.6937705413859558
1967.0,125.888,-0.733405061022211,-0.193888945935879,0.014512919359525178,-0.007769561794678779,-0.027146443807705367,-0.06182341691348694,-0.491529851654697,0.016461801809565465,-4.0,5.2446914246569145,1.731236737432898,1.6934050610222111
1968.0,125.952,-0.7331256761922689,-0.19405321692554497,0.0,-0.0,-0.03038317770564286,0.029607639706091184,-0.3955298516546969,0.0,4.0,5.244423415295489,1.7309267461242968,1.6931256761922688
1969.0,126.016,-0.7331256761922689,-0.19405321692554497,0.0,-0.0,-0.03038317770564286,0.029607639706091184,-0.13952985165469686,0.0,4.0,5.244423415295489,1.7309267461242968,1.6931256761922688
1970.0,126.08,-0.7331256761922689,-0.19405321692554497,0.0,0.0,-0.03038317770564286,0.029607639706091184,0.11647014834530312,0.0,4.0,5.244423415295489,1.7309267461242968,1.6931256761922688
1971.0,126.144,-0.7331256761922689,-0.19405321692554497,0.0,0.0,-0.03038317770564286,0.029607639706091184,0.3724701483453032,0.0,4.0,5.244423415295489,1.7309267461242968,1.6931256761922688
1972.0,126.208,-0.7331256761922689,-0.19405321692554497,0.0,0.0,-0.03038317770564286,0.029607639706091184,0.6284701483453032,0.0,4.0,5.244423415295489,1.7309267461242968,1.6931256761922688
1973.0,126.272,-0.7330996166050231,-0.19402191920448694,0.006452093561429344,0.007876298502632105,-0.023808455603973933,-0.06977769467589773,0.8844701483453031,0.010181629998580912,4.0,5.244395358685764,1.7309244692057324,1.6930996166050232
1974.0,126.336,-0.7330996166050231,-0.19402191920448694,0.0,0.0,-0.020582408823259235,-0.06583954542458167,0.6284701483453031,0.0,-4.0,5.244395358685764,1.7309244692057324,1.6930996166050232
1975.0,126.4,-0.7330996166050231,-0.19402191920448694,0.0,0.0,-0.020582408823259235,-0.06583954542458167,0.3724701483453032,0.0,-4.0,5.244395358685764,1.7309244692057324,1.6930996166050232
1976.0,126.464,-0.7330996166050231,-0.19402191920448694,0.0,0.0,-0.020582408823259235,-0.06583954542458167,0.11647014834530313,0.0,-4.0,5.244395358685764,1.7309244692057324,1.6930996166050232
1977.0,126.528,-0.7330996166050231,-0.19402191920448694,0.0,-0.0,-0.020582408823259235,-0.06583954542458167,-0.13952985165469686,0.0,-4.0,5.244395358685764,1.7309244692057324,1.6930996166050232
1978.0,126.592,-0.7330383048327247,-0.19404694485010912,0.015277401825676261,-0.006378833438065585,-0.028360154604516186,-0.06267663897548728,-0.3955298516546969,0.016555619063440666,-4.0,5.244335820683803,1.7308617876919685,1.6930383048327247
1979.0,126.656,-0.7327499471911288,-0.19421034021630806,0.0,-0.0,-0.03163394202217584,0.029616494465660982,-0.45952985165469695,0.0,4.0,5.244058806701217,1.7303691052879089,1.6927499471911287
1980.0,126.72,-0.7327499471911288,-0.19421034021630806,0.0,-0.0,-0.03163394202217584,0.029616494465660982,-0.20352985165469692,0.0,4.0,5.244058806701217,1.7303691052879089,1.6927499471911287
1981.0,126.784,-0.7327499471911288,-0.19421034021630806,0.0,0.0,-0.03163394202217584,0.029616494465660982,0.05247014834530306,0.0,4.0,5.244058806701217,1.7303691052879089,1.6927499471911287
1982.0,126.848,-0.7327499471911288,-0.19421034021630806,0.0,0.0,-0.03163394202217584,0.029616494465660982,0.30847014834530306,0.0,4.0,5.244058806701217,1.7303691052879089,1.6927499471911287
1983.0,126.912,-0.7327499471911288,-0.19421034021630806,0.0,0.0,-0.03163394202217584,0.029616494465660982,0.5644701483453031,0.0,4.0,5.244058806701217,1.7303691052879089,1.6927499471911287
1984.0,126.976,-0.7327499471911288,-0.19421034021630806,0.0,0.0,-0.03163394202217584,0.029616494465660982,0.820470148345303,0.0,4.0,5.244058806701217,1.7303691052879089,1.6927499471911287
1985.0,127.04,-0.7326143119661556,-0.1940526424382306,0.0,0.0,-0.021683499216962943,-0.0660628791792237,0.7244701483453031,0.0,-4.0,5.243913115085125,1.7304283225725414,1.6926143119661554
1986.0,127.104,-0.7326143119661556,-0.1940526424382306,0.0,0.0,-0.021683499216962943,-0.0660628791792237,0.4684701483453032,0.0,-4.0,5.243913115085125,1.7304283225725414,1.6926143119661554
1987.0,127.168,-0.7326143119661556,-0.1940526424382306,0.0,0.0,-0.021683499216962943,-0.0660628791792237,0.21247014834530312,0.0,-4.0,5.243913115085125,1.7304283225725414,1.6926143119661554
1988.0,127.232,-0.7326143119661556,-0.1940526424382306,0.0,-0.0,-0.021683499216962943,-0.0660628791792237,-0.04352985165469687,0.0,-4.0,5.243913115085125,1.7304283225725414,1.6926143119661554
1989.0,127.296,-0.7326143119661556,-0.1940526424382306,0.0,-0.0,-0.021683499216962943,-0.0660628791792237,-0.2995298516546969,0.0,-4.0,5.243913115085125,1.7304283225725414,1.6926143119661554
1990.0,127.36,-0.7320176915704091,-0.19434782964659855,0.0,-0.0,-0.03320384811560456,0.02963767720588242,-0.5235298516546969,0.0,4.0,5.243337158021413,1.7296796083499786,1.692017691570409
1991.0,127.424,-0.7320176915704091,-0.19434782964659855,0.0,-0.0,-0.03320384811560456,0.02963767720588242,-0.2675298516546967,0.0,4.0,5.243337158021413,1.7296796083499786,1.692017691570409
1992.0,127.488,-0.7320176915704091,-0.19434782964659855,0.0,-0.0,-0.03320384811560456,0.02963767720588242,-0.011529851654696721,0.0,4.0,5.243337158021413,1.7296796083499786,1.692017691570409
1993.0,127.552,-0.7320176915704091,-0.19434782964659855,0.0,0.0,-0.03320384811560456,0.02963767720588242,0.24447014834530328,0.0,4.0,5.243337158021413,1.7296796083499786,1.692017691570409
1994.0,127.616,-0.7320176915704091,-0.19434782964659855,0.0,0.0,-0.03320384811560456,0.02963767720588242,0.5004701483453033,0.0,4.0,5.243337158021413,1.7296796083499786,1.692017691570409
1995.0,127.68,-0.7320176915704091,-0.19434782964659855,0.0,0.0,-0.03320384811560456,0.02963767720588242,0.7564701483453032,0.0,4.0,5.243337158021413,1.7296796083499786,1.692017691570409
1996.0,127.744,-0.7318945510002078,-0.19417325574653174,0.0,0.0,-0.023318650867284796,-0.06638855313386938,0.9804701483453032,0.0,-4.0,5.243202821058597,1.7296924817184538,1.6918945510002077
1997.0,127.808,-0.7318945510002078,-0.19417325574653174,0.0,0.0,-0.023318650867284796,-0.06638855313386938,0.7244701483453032,0.0,-4.0,5.243202821058597,1.7296924817184538,1.6918945510002077
1998.0,127.872,-0.7318945510002078,-0.19417325574653174,0.0,0.0,-0.023318650867284796,-0.06638855313386938,0.4684701483453032,0.0,-4.0,5.243202821058597,1.7296924817184538,1.6918945510002077
1999.0,127.936,-0.7318945510002078,-0.19417325574653174,0.0,0.0,-0.023318650867284796,-0.06638855313386938,0.21247014834530312,0.0,-4.0,5.243202821058597,1.7296924817184538,1.6918945510002077
2000.0,128.0,-0.7318945510002078,-0.19417325574653174,0.0,-0.0,-0.023318650867284796,-0.06638855313386938,-0.04352985165469687,0.0,-4.0,5.243202821058597,1.7296924817184538,1.6918945510002077
2001.0,128.064,-0.7318945510002078,-0.19417325574653174,0.0,-0.0,-0.023318650867284796,-0.06638855313386938,-0.2995298516546969,0.0,-4.0,5.243202821058597,1.7296924817184538,1.6918945510002077
2002.0,128.12800000000001,-0.7315281189831248,-0.19434617761345105,0.014421530441687482,-0.008952016288483392,-0.03136284599991568,-0.062069631234345626,-0.5555298516546969,0.016974072460956172,-4.0,5.242848533931541,1.7293178633921316,1.6915281189831246
2003.0,128.192,-0.7312517757922877,-0.19453342621257855,0.0,-0.0,-0.035064564271508336,0.02965885340686323,-0.45952985165469695,0.0,4.0,5.242585089772768,1.7288600249236166,1.6912517757922876
2004.0,128.256,-0.7312517757922877,-0.19453342621257855,0.0,-0.0,-0.035064564271508336,0.02965885340686323,-0.20352985165469692,0.0,4.0,5.242585089772768,1.7288600249236166,1.6912517757922876
2005.0,128.32,-0.7312517757922877,-0.19453342621257855,0.0,0.0,-0.035064564271508336,0.02965885340686323,0.05247014834530306,0.0,4.0,5.242585089772768,1.7288600249236166,1.6912517757922876
2006.0,128.38400000000001,-0.7312517757922877,-0.19453342621257855,0.0,0.0,-0.035064564271508336,0.02965885340686323,0.30847014834530306,0.0,4.0,5.242585089772768,1.7288600249236166,1.6912517757922876
2007.0,128.448,-0.7312517757922877,-0.19453342621257855,0.0,0.0,-0.035064564271508336,0.02965885340686323,0.5644701483453031,0.0,4.0,5.242585089772768,1.7288600249236166,1.6912517757922876
2008.0,128.512,-0.7312517757922877,-0.19453342621257855,0.0,0.0,-0.035064564271508336,0.02965885340686323,0.820470148345303,0.0,4.0,5.242585089772768,1.7288600249236166,1.6912517757922876
2009.0,128.576,-0.7311218446078807,-0.19435534422868694,0.0,0.0,-0.025076896315513686,-0.06673457315722978,0.884470148345303,0.0,-4.0,5.242443738966839,1.7289025126056665,1.6911218446078806
2010.0,128.64000000000001,-0.7311218446078807,-0.19435534422868694,0.0,0.0,-0.025076896315513686,-0.06673457315722978,0.628470148345303,0.0,-4.0,5.242443738966839,1.7289025126056665,1.6911218446078806
2011.0,128.704,-0.7311218446078807,-0.19435534422868694,0.0,0.0,-0.025076896315513686,-0.06673457315722978,0.372470148345303,0.0,-4.0,5.242443738966839,1.7289025126056665,1.6911218446078806
2012.0,128.768,-0.7311218446078807,-0.19435534422868694,0.0,0.0,-0.025076896315513686,-0.06673457315722978,0.11647014834530299,0.0,-4.0,5.242443738966839,1.7289025126056665,1.6911218446078806
2013.0,128.832,-0.7311218446078807,-0.19435534422868694,0.0,-0.0,-0.025076896315513686,-0.06673457315722978,-0.139529851654697,0.0,-4.0,5.242443738966839,1.7289025126056665,1.6911218446078806
2014.0,128.89600000000002,-0.7310584806725563,-0.1943812075063449,0.015788750918751183,-0.006592339028260173,-0.03311558185000374,-0.06346593116064964,-0.39552985165469706,0.01710975129678654,-4.0,5.242382210817883,1.7288377330823337,1.6910584806725564
2015.0,128.96,-0.730479715328003,-0.19474030715732635,0.0,-0.0,-0.03704608581566282,0.029679701714506256,-0.619529851654697,0.0,4.0,5.241828300491789,1.7279872560959544,1.690479715328003
2016.0,129.024,-0.730479715328003,-0.19474030715732635,0.0,-0.0,-0.03704608581566282,0.029679701714506256,-0.363529851654697,0.0,4.0,5.241828300491789,1.7279872560959544,1.690479715328003
2017.0,129.088,-0.730479715328003,-0.19474030715732635,0.0,-0.0,-0.03704608581566282,0.029679701714506256,-0.10752985165469697,0.0,4.0,5.241828300491789,1.7279872560959544,1.690479715328003
2018.0,129.15200000000002,-0.730479715328003,-0.19474030715732635,0.0,0.0,-0.03704608581566282,0.029679701714506256,0.14847014834530303,0.0,4.0,5.241828300491789,1.7279872560959544,1.690479715328003
2019.0,129.216,-0.730479715328003,-0.19474030715732635,0.0,0.0,-0.03704608581566282,0.029679701714506256,0.40447014834530304,0.0,4.0,5.241828300491789,1.7279872560959544,1.690479715328003
2020.0,129.28,-0.730479715328003,-0.19474030715732635,0.0,0.0,-0.03704608581566282,0.029679701714506256,0.660470148345303,0.0,4.0,5.241828300491789,1.7279872560959544,1.690479715328003
2021.0,129.344,-0.7304516918335162,-0.19470437218234524,0.006933780251581577,0.009039502658149507,-0.04035973380267688,0.02516179197937661,0.916470148345303,0.011392537771888873,4.0,5.241797974436416,1.728057870695466,1.6904516918335162
2022.0,129.40800000000002,-0.7303359455561087,-0.19450876996190436,0.0,0.0,-0.026868154010281253,-0.067089678835216,0.980470148345303,0.0,-4.0,5.2416696191153616,1.7280990561015737,1.6903359455561087
2023.0,129.472,-0.7303359455561087,-0.19450876996190436,0.0,0.0,-0.026868154010281253,-0.067089678835216,0.7244701483453031,0.0,-4.0,5.2416696191153616,1.7280990561015737,1.6903359455561087
2024.0,129.536,-0.7303359455561087,-0.19450876996190436,0.0,0.0,-0.026868154010281253,-0.067089678835216,0.4684701483453032,0.0,-4.0,5.2416696191153616,1.7280990561015737,1.6903359455561087
2025.0,129.6,-0.7303359455561087,-0.19450876996190436,0.0,0.0,-0.026868154010281253,-0.067089678835216,0.21247014834530312,0.0,-4.0,5.2416696191153616,1.7280990561015737,1.6903359455561087
2026.0,129.66400000000002,-0.7303359455561087,-0.19450876996190436,0.0,-0.0,-0.026868154010281253,-0.067089678835216,-0.04352985165469687,0.0,-4.0,5.2416696191153616,1.7280990561015737,1.6903359455561087
2027.0,129.728,-0.7303359455561087,-0.19450876996190436,0.0,-0.0,-0.026868154010281253,-0.067089678835216,-0.2995298516546969,0.0,-4.0,5.2416696191153616,1.7280990561015737,1.6903359455561087
2028.0,129.792,-0.7299725338515678,-0.19471085192773174,0.014653836760331114,-0.009096218039942724,-0.035024399586642885,-0.06269550255191031,-0.5555298516546969,0.01724749588863876,-4.0,5.24132027987973,1.7277275255633726,1.6899725338515679
2029.0,129.856,-0.7296871624239089,-0.1949042180095892,0.0,-0.0,-0.03883228379597359,0.029702316120304575,-0.45952985165469695,0.0,4.0,5.241048247862468,1.7272054284962925,1.6896871624239087
2030.0,129.92000000000002,-0.7296871624239089,-0.1949042180095892,0.0,-0.0,-0.03883228379597359,0.029702316120304575,-0.20352985165469692,0.0,4.0,5.241048247862468,1.7272054284962925,1.6896871624239087
2031.0,129.984,-0.7296871624239089,-0.1949042180095892,0.0,0.0,-0.03883228379597359,0.029702316120304575,0.05247014834530306,0.0,4.0,5.241048247862468,1.7272054284962925,1.6896871624239087
2032.0,130.048,-0.7296871624239089,-0.1949042180095892,0.0,0.0,-0.03883228379597359,0.029702316120304575,0.30847014834530306,0.0,4.0,5.241048247862468,1.7272054284962925,1.6896871624239087
2033.0,130.112,-0.7296871624239089,-0.1949042180095892,0.0,0.0,-0.03883228379597359,0.029702316120304575,0.5644701483453031,0.0,4.0,5.241048247862468,1.7272054284962925,1.6896871624239087
2034.0,130.17600000000002,-0.7296871624239089,-0.1949042180095892,0.0,0.0,-0.03883228379597359,0.029702316120304575,0.820470148345303,0.0,4.0,5.241048247862468,1.7272054284962925,1.6896871624239087
2035.0,130.24,-0.7295644386120779,-0.19470419683205747,0.0,0.0,-0.02862955058401845,-0.0674353219759885,1.044470148345303,0.0,-4.0,5.240912630535801,1.7273103132334708,1.6895644386120778
2036.0,130.304,-0.7295644386120779,-0.19470419683205747,0.0,0.0,-0.02862955058401845,-0.0674353219759885,0.788470148345303,0.0,-4.0,5.240912630535801,1.7273103132334708,1.6895644386120778
2037.0,130.368,-0.7295644386120779,-0.19470419683205747,0.0,0.0,-0.02862955058401845,-0.0674353219759885,0.5324701483453033,0.0,-4.0,5.240912630535801,1.7273103132334708,1.6895644386120778
2038.0,130.43200000000002,-0.7295644386120779,-0.19470419683205747,0.0,0.0,-0.02862955058401845,-0.0674353219759885,0.27647014834530315,0.0,-4.0,5.240912630535801,1.7273103132334708,1.6895644386120778
2039.0,130.496,-0.7295644386120779,-0.19470419683205747,0.0,0.0,-0.02862955058401845,-0.0674353219759885,0.020470148345303116,0.0,-4.0,5.240912630535801,1.7273103132334708,1.6895644386120778
2040.0,130.56,-0.7295644386120779,-0.19470419683205747,0.0,-0.0,-0.02862955058401845,-0.0674353219759885,-0.2355298516546969,0.0,-4.0,5.240912630535801,1.7273103132334708,1.6895644386120778
2041.0,130.624,-0.7295021707922651,-0.19473689401856004,0.015501063137831965,-0.008298569360792143,-0.036522370616562605,-0.06331260703257174,-0.491529851654697,0.0175826395014779,-4.0,5.240852648226105,1.7272466543135225,1.689502170792265
2042.0,130.68800000000002,-0.7292139327667113,-0.19493900608011902,0.0,-0.0,-0.039572313981872165,0.029717453342267504,-0.747529851654697,0.0,-4.0,5.240578333786934,1.726887136728217,1.6892139327667113
2043.0,130.752,-0.7292139327667113,-0.19493900608011902,0.0,-0.0,-0.039572313981872165,0.029717453342267504,-1.0035298516546969,0.0,-4.0,5.240578333786934,1.726887136728217,1.6892139327667113
2044.0,130.816,-0.7292139327667113,-0.19493900608011902,0.0,-0.0,-0.039572313981872165,0.029717453342267504,-1.259529851654697,0.0,-4.0,5.240578333786934,1.726887136728217,1.6892139327667113
2045.0,130.88,-0.7292139327667113,-0.19493900608011902,0.0,-0.0,-0.039572313981872165,0.029717453342267504,-1.5155298516546973,0.0,-4.0,5.240578333786934,1.726887136728217,1.6892139327667113
2046.0,130.94400000000002,-0.7292139327667113,-0.19493900608011902,-0.0,-0.0,-0.039572313981872165,0.029717453342267504,-1.7715298516546976,0.0,-4.0,5.240578333786934,1.726887136728217,1.6892139327667113
2047.0,131.008,-0.7292139327667113,-0.19493900608011902,-0.0,-0.0,-0.039572313981872165,0.029717453342267504,-2.027529851654698,0.0,-4.0,5.240578333786934,1.726887136728217,1.6892139327667113
2048.0,131.072,-0.7292447104328481,-0.19497519753326684,-0.00776655244838337,-0.008986019081185074,-0.035840753857954655,0.03420849064138084,-2.283529851654698,0.011877199832490483,-4.0,5.240611426971383,1.7268172937084232,1.689244710432848
2049.0,131.136,-0.7296473307803041,-0.1953075013319825,-0.010110494728530576,-0.006947622339653756,-0.035920781986858275,0.033166927409677936,-2.5395298516546982,0.012267500145918096,-4.0,5.241035057582968,1.7262359733237556,1.689647330780304
2050.0,131.2,-0.7306271101069409,-0.19579476294322667,-0.021665656804976598,-0.007812052212913474,-0.031520127020760125,0.03355259833245797,-2.7955298516546985,0.023031040891985648,-4.0,5.242044828410441,1.725578145263428,1.690627110106941
2051.0,131.264,-0.7322243872362327,-0.1961467938790168,-0.02965039067659084,-0.003188310937298333,-0.027468762886543374,0.031176868081795945,-3.0344740999724342,0.02982131777617081,-3.3110272193329005,5.2436618542105,1.7255472430913301,1.6922243872362328
2052.0,131.328,-0.7341790430382442,-0.19615316249793574,-0.03207266657596877,0.0028970232454753847,-0.02397554139106961,0.02806889554606831,3.0515102557270244,0.03220324028693525,-2.70991484507015,5.245612668362779,1.7265087298542168,1.6941790430382442
2053.0,131.392,-0.736185820445478,-0.19580175724118043,-0.03054683697804274,0.007859058328869298,-0.020544273743439367,0.025531916356920537,2.889775028149452,0.03154162404156909,-2.26965129932814,5.2475919050118,1.7283385710417125,1.696185820445478
2054.0,131.456,-0.7380488317918625,-0.19518191767823231,-0.027121670514690267,0.011129543104425543,-0.01686336291770174,0.023852970879628038,2.752190601351228,0.02931640737233479,-2.0144975686625086,5.249410073572851,1.7307285614000552,1.6980488317918625
2055.0,131.52,-0.7396799798368694,-0.19439107418823515,-0.02311607867284673,0.01307740095674674,-0.012894081260571899,0.022846424945109786,2.6267548384469066,0.02655883109236474,-1.932124381907703,5.2509857648906095,1.733405330702672,1.6996799798368694
2056.0,131.584,-0.7410562323902544,-0.19349888848029453,-0.01916837819866525,0.014229841144720753,-0.008709281046790418,0.022246490376343558,2.5029989711931386,0.023872894708665996,-1.9892268319349267,5.252300630910603,1.7361933983774867,1.7010562323902545
2057.0,131.648,-0.7421855984656504,-0.1925447051128295,-0.015531165681298262,0.015019312970967829,-0.0043766028041747895,0.021834964627491373,2.372947249800258,0.02160548239544351,-2.1430277177293546,5.253365276064621,1.7390041648594663,1.7021855984656504
2058.0,131.712,-0.7430385657743415,-0.19160676300091212,-0.0,0.0,0.0017179002158558276,-0.06146168801629792,2.2569202420011325,0.0,4.0,5.254155363398101,1.7410854604118262,1.7030385657743414
2059.0,131.776,-0.7430385657743415,-0.19160676300091212,-0.0,0.0,0.0017179002158558276,-0.06146168801629792,2.5129202420011327,0.0,4.0,5.254155363398101,1.7410854604118262,1.7030385657743414
2060.0,131.84,-0.7430385657743415,-0.19160676300091212,-0.0,0.0,0.0017179002158558276,-0.06146168801629792,2.768920242001133,0.0,4.0,5.254155363398101,1.7410854604118262,1.7030385657743414
2061.0,131.904,-0.7430385657743415,-0.19160676300091212,-0.0,0.0,0.0017179002158558276,-0.06146168801629792,3.024920242001133,0.0,4.0,5.254155363398101,1.7410854604118262,1.7030385657743414
2062.0,131.968,-0.7433326730666483,-0.19163132713222453,-0.0,-0.0,0.0023706073945155004,-0.06132598684690483,-3.0022650651784533,0.0,4.0,5.254450445491552,1.7413861382359976,1.7033326730666483
2063.0,132.032,-0.7439030132578524,-0.19175828330061825,-0.0,-0.0,-0.006197106185713119,0.02930410191997915,-2.938265065178453,0.0,-4.0,5.255027834051821,1.7417137157332032,1.7039030132578523
2064.0,132.096,-0.7442166359309417,-0.19178088444716399,-0.007013032506379854,0.00036973532704843824,-0.002444519512031784,0.029109003662482893,3.0889202420011332,0.0070227721839461734,-4.0,5.255342262645538,1.7418171556872146,1.7042166359309416
2065.0,132.16,-0.7447209975145672,-0.19168368486141657,-0.009722382666300334,0.0031001208850258747,-2.2782548100452882e-05,0.027729570080630116,2.832920242001133,0.01020467903521472,-4.0,5.255839236722397,1.7422979525417892,1.7047209975145672
2066.0,132.224,-0.7453942429586142,-0.19136427407022968,-0.011497120040348549,0.007278504716656736,0.0032387667880052207,0.025624331901675537,2.5772098044116656,0.013607365657340827,-3.9276093973667563,5.256490305486625,1.7433863245673946,1.7053942429586142
2067.0,132.288,-0.74561093619501,-0.19121474780274772,-0.0,0.0,0.007412867028302406,-0.06032628860462923,2.6739599357379147,0.0,4.0,5.256696833378046,1.7437152991179061,1.70561093619501
2068.0,132.352,-0.74561093619501,-0.19121474780274772,-0.0,0.0,0.007412867028302406,-0.06032628860462923,2.929959935737915,0.0,4.0,5.256696833378046,1.7437152991179061,1.70561093619501
2069.0,132.416,-0.74561093619501,-0.19121474780274772,-0.0,-0.0,0.007412867028302406,-0.06032628860462923,-3.0972253714416715,0.0,4.0,5.256696833378046,1.7437152991179061,1.70561093619501
2070.0,132.48,-0.7458987482220039,-0.191262485361927,-0.0,-0.0,-0.001423062350627613,0.029249389270317745,-3.0332253714416715,0.0,-4.0,5.256987137183483,1.7438779984378416,1.7058987482220038
2071.0,132.544,-0.7460671293938956,-0.19125693917998057,-0.006948841780072752,0.0010333950893797377,0.002271467830974594,0.02872753373838709,2.993959935737915,0.007025262094416037,-4.0,5.257154803184475,1.7439751644507904,1.7060671293938956
2072.0,132.608,-0.7465040850113208,-0.19113183320743973,-0.008423751822560447,0.003597631980946071,0.004133892164591979,0.027433681038841955,2.7379599357379147,0.00915983354861956,-4.0,5.257582718480799,1.7444879999233314,1.706504085011321
2073.0,132.672,-0.7468424198327401,-0.19095192378497497,-0.0,0.0,0.010128209749303951,-0.05979109140774236,2.6739599357379147,0.0,4.0,5.257908671029667,1.7449742948326694,1.70684241983274
2074.0,132.736,-0.7468424198327401,-0.19095192378497497,-0.0,0.0,0.010128209749303951,-0.05979109140774236,2.929959935737915,0.0,4.0,5.257908671029667,1.7449742948326694,1.70684241983274
2075.0,132.8,-0.7468424198327401,-0.19095192378497497,-0.0,-0.0,0.010128209749303951,-0.05979109140774236,-3.0972253714416715,0.0,4.0,5.257908671029667,1.7449742948326694,1.70684241983274
2076.0,132.864,-0.7471248575315336,-0.1910223497683371,-0.0,-0.0,0.0011772179288929707,0.029214836926770585,-2.8732253714416713,0.0,-4.0,5.258195081353185,1.7450558677421428,1.7071248575315336
2077.0,132.928,-0.7471248575315336,-0.1910223497683371,-0.0,-0.0,0.0011772179288929707,0.029214836926770585,-3.1292253714416716,0.0,-4.0,5.258195081353185,1.7450558677421428,1.7071248575315336
2078.0,132.992,-0.7472916896249169,-0.19100071885456124,-0.006811479414389894,0.0016931322533448223,0.004881118359971404,0.02836341887991358,2.897959935737915,0.007018756915577987,-4.0,5.258360159428607,1.7451901331635296,1.7072916896249168
2079.0,133.056,-0.7477149628379444,-0.19083412761679372,-0.008016960959486659,0.0043758632418365515,0.006797354036865932,0.02701130881990976,2.6419599357379147,0.009133446345010713,-4.0,5.258771741931907,1.7457938155362458,1.7077149628379442
2080.0,133.12,-0.7478585701002118,-0.19074811685018947,-0.0,0.0,0.01236339724482477,-0.05934957134634897,2.7379599357379147,0.0,4.0,5.258909473542132,1.746013146501589,1.7078585701002118
2081.0,133.184,-0.7478585701002118,-0.19074811685018947,-0.0,0.0,0.01236339724482477,-0.05934957134634897,2.993959935737915,0.0,4.0,5.258909473542132,1.746013146501589,1.7078585701002118
2082.0,133.248,-0.7478585701002118,-0.19074811685018947,-0.0,-0.0,0.01236339724482477,-0.05934957134634897,-3.0332253714416715,0.0,4.0,5.258909473542132,1.746013146501589,1.7078585701002118
2083.0,133.312,-0.7481358374997791,-0.19083643433422004,-0.0,-0.0,0.00325621005022092,0.02918624085888357,-2.8092253714416713,0.0,-4.0,5.259191881251261,1.7459986125474138,1.708135837499779
2084.0,133.376,-0.7481358374997791,-0.19083643433422004,-0.0,-0.0,0.00325621005022092,0.02918624085888357,-3.0652253714416715,0.0,-4.0,5.259191881251261,1.7459986125474138,1.708135837499779
2085.0,133.44,-0.7481636159003022,-0.19083161927842734,-0.006934747895896863,0.0012592816363768962,0.006779188146394166,0.028555811229989386,2.961959935737915,0.0070481571080220715,-4.0,5.259219289206307,1.7460238254988572,1.7081636159003022
2086.0,133.504,-0.7484520912914019,-0.19072722910158607,-0.006243625858159786,0.0029061344828015855,0.007281861707681303,0.02772493138663014,2.7059599357379147,0.00688683392342301,-4.0,5.259500394451201,1.746413716967278,1.7084520912914019
2087.0,133.568,-0.7487157712890595,-0.19057645762573894,-0.0,0.0,0.014245192637018123,-0.05897789242496279,2.6419599357379147,0.0,4.0,5.259753755763421,1.7468894980749143,1.7087157712890595
2088.0,133.632,-0.7487157712890595,-0.19057645762573894,-0.0,0.0,0.014245192637018123,-0.05897789242496279,2.897959935737915,0.0,4.0,5.259753755763421,1.7468894980749143,1.7087157712890595
2089.0,133.696,-0.7487157712890595,-0.19057645762573894,-0.0,-0.0,0.014245192637018123,-0.05897789242496279,-3.1292253714416716,0.0,4.0,5.259753755763421,1.7468894980749143,1.7087157712890595
2090.0,133.76,-0.7487720550115149,-0.1905914524454364,-0.014040491026966678,-0.0038611512106452926,0.012219796815155115,0.03110054797825037,-2.8732253714416713,0.014561726441249999,4.0,5.259810892318154,1.7468932399492412,1.7087720550115149
2091.0,133.824,-0.7487720550115149,-0.1905914524454364,-0.0,-0.0,0.005199551301671768,0.029169972372927722,-3.1292253714416716,0.0,-4.0,5.259810892318154,1.7468932399492412,1.7087720550115149
2092.0,133.888,-0.7487997135664046,-0.19058481182574966,-0.0069011363574707045,0.0017154183167432855,0.008714568543604528,0.02831150140149417,2.897959935737915,0.007111142174490845,-4.0,5.25983806282866,1.7469226915053473,1.7087997135664046
2093.0,133.952,-0.7490591539172664,-0.1904741073688839,-0.0,0.0,0.01499805027598855,-0.058831894672807736,2.6739599357379147,0.0,4.0,5.2600897919247815,1.7472405520753016,1.7090591539172664
2094.0,134.016,-0.7490591539172664,-0.1904741073688839,-0.0,0.0,0.01499805027598855,-0.058831894672807736,2.929959935737915,0.0,4.0,5.2600897919247815,1.7472405520753016,1.7090591539172664
2095.0,134.08,-0.7490591539172664,-0.1904741073688839,-0.0,-0.0,0.01499805027598855,-0.058831894672807736,-3.0972253714416715,0.0,4.0,5.2600897919247815,1.7472405520753016,1.7090591539172664
2096.0,134.144,-0.7491149655442025,-0.19049090626133355,-0.013918862816872057,-0.0043112107852209865,0.022079795269811964,-0.056649895863847624,-2.8412253714416713,0.014571248421103432,4.0,5.260146573884303,1.7472976105671836,1.7091149655442024
2097.0,134.208,-0.7493810396928822,-0.1906098449037931,-0.0,-0.0,0.005799341131600189,0.029151079819283846,-2.7772253714416713,0.0,-4.0,5.260419789934308,1.7471541235433143,1.7093810396928821
2098.0,134.272,-0.7493810396928822,-0.1906098449037931,-0.0,-0.0,0.005799341131600189,0.029151079819283846,-3.0332253714416715,0.0,-4.0,5.260419789934308,1.7471541235433143,1.7093810396928821
2099.0,134.336,-0.7493810396928822,-0.1906098449037931,-0.0,0.0,0.005799341131600189,0.029151079819283846,2.993959935737915,0.0,-4.0,5.260419789934308,1.7471541235433143,1.7093810396928821
2100.0,134.4,-0.7495450151500168,-0.19056109592354334,-0.006574549545814014,0.0028078711486950662,0.009515071589797586,0.027742767727243458,2.7379599357379147,0.007149044839559856,-4.0,5.260580265155455,1.7473508140789207,1.7095450151500167
2101.0,134.464,-0.7499418247073396,-0.19032619009277008,-0.007319000851993725,0.005676006437109784,0.011503974555359064,0.026299557432685063,2.4819599357379145,0.009262009638604171,-4.0,5.260961041337836,1.748102130959995,1.7099418247073395
2102.0,134.528,-0.7500708432320379,-0.190217600267832,-0.0,0.0,0.017212957405858875,-0.05839882549312634,2.5779599357379146,0.0,4.0,5.261082766359713,1.7482748431311839,1.710070843232038
2103.0,134.592,-0.7500708432320379,-0.190217600267832,-0.0,0.0,0.017212957405858875,-0.05839882549312634,2.833959935737915,0.0,4.0,5.261082766359713,1.7482748431311839,1.710070843232038
2104.0,134.656,-0.7500708432320379,-0.190217600267832,-0.0,0.0,0.017212957405858875,-0.05839882549312634,3.089959935737915,0.0,4.0,5.261082766359713,1.7482748431311839,1.710070843232038
2105.0,134.72,-0.7500708432320379,-0.190217600267832,-0.0,-0.0,0.017212957405858875,-0.05839882549312634,-2.9372253714416714,0.0,4.0,5.261082766359713,1.7482748431311839,1.710070843232038
2106.0,134.784,-0.7503395119257942,-0.19033257723048838,-0.0,-0.0,0.008263154402625428,0.02912536979761644,-2.713225371441671,0.0,-4.0,5.261358308803302,1.7482857378185384,1.710339511925794
2107.0,134.848,-0.7503395119257942,-0.19033257723048838,-0.0,-0.0,0.008263154402625428,0.02912536979761644,-2.9692253714416714,0.0,-4.0,5.261358308803302,1.7482857378185384,1.710339511925794
2108.0,134.912,-0.7503395119257942,-0.19033257723048838,-0.0,0.0,0.008263154402625428,0.02912536979761644,3.057959935737915,0.0,-4.0,5.261358308803302,1.7482857378185384,1.710339511925794
2109.0,134.976,-0.7503669921559131,-0.19032311440875074,-0.006850912247451936,0.002420589606235288,0.011766671801367035,0.02791435547122176,2.801959935737915,0.007265965363535754,-4.0,5.261385119388353,1.748321745439973,1.710366992155913
2110.0,135.04,-0.7506442406316083,-0.1901690069851825,-0.005923527966854732,0.004014638547485785,0.012380839315464687,0.027110764719841734,2.5459599357379146,0.007155802277946823,-4.0,5.261651821908322,1.7488230936318467,1.7106442406316082
2111.0,135.104,-0.7507593598506513,-0.19008407461378438,-0.0,0.0,0.018717613396525223,-0.058101390939586293,2.6419599357379147,0.0,4.0,5.26176121017147,1.7489787416206317,1.7107593598506514
2112.0,135.168,-0.7507593598506513,-0.19008407461378438,-0.0,0.0,0.018717613396525223,-0.058101390939586293,2.897959935737915,0.0,4.0,5.26176121017147,1.7489787416206317,1.7107593598506514
2113.0,135.232,-0.7507593598506513,-0.19008407461378438,-0.0,-0.0,0.018717613396525223,-0.058101390939586293,-3.1292253714416716,0.0,4.0,5.26176121017147,1.7489787416206317,1.7107593598506514
2114.0,135.296,-0.7507593598506513,-0.19008407461378438,-0.0,-0.0,0.018717613396525223,-0.058101390939586293,-2.8732253714416713,0.0,4.0,5.26176121017147,1.7489787416206317,1.7107593598506514
2115.0,135.36,-0.7510305410166971,-0.1901950277374806,-0.0,-0.0,0.009727014558159108,0.029106051628715362,-2.8092253714416713,0.0,-4.0,5.2620389963955425,1.748954783491864,1.711030541016697
2116.0,135.424,-0.7510305410166971,-0.1901950277374806,-0.0,-0.0,0.009727014558159108,0.029106051628715362,-3.0652253714416715,0.0,-4.0,5.2620389963955425,1.748954783491864,1.711030541016697
2117.0,135.488,-0.7510305410166971,-0.1901950277374806,-0.0,0.0,0.009727014558159108,0.029106051628715362,2.961959935737915,0.0,-4.0,5.2620389963955425,1.748954783491864,1.711030541016697
2118.0,135.552,-0.7511673573266695,-0.19014043982085863,-0.0,0.0,0.010152074686958223,0.029102553306508877,2.7059599357379147,0.0,-4.0,5.262171997707285,1.7491516563288318,1.7111673573266695
2119.0,135.616,-0.751541593200456,-0.18990821155675744,-0.0,0.0,0.020424402552860654,-0.05776597225608279,2.4819599357379145,0.0,4.0,5.262530446220534,1.749778450528794,1.7115415932004558
2120.0,135.68,-0.751541593200456,-0.18990821155675744,-0.0,0.0,0.020424402552860654,-0.05776597225608279,2.7379599357379147,0.0,4.0,5.262530446220534,1.749778450528794,1.7115415932004558
2121.0,135.744,-0.751541593200456,-0.18990821155675744,-0.0,0.0,0.020424402552860654,-0.05776597225608279,2.993959935737915,0.0,4.0,5.262530446220534,1.749778450528794,1.7115415932004558
2122.0,135.808,-0.751541593200456,-0.18990821155675744,-0.0,-0.0,0.020424402552860654,-0.05776597225608279,-3.0332253714416715,0.0,4.0,5.262530446220534,1.749778450528794,1.7115415932004558
2123.0,135.872,-0.7515967171846886,-0.18992873207168928,-0.013739514476520104,-0.005240211362207422,0.027414330177787882,-0.05511961928674431,-2.7772253714416713,0.014704899631453229,4.0,5.262586780551259,1.7498348060156257,1.7115967171846886
2124.0,135.936,-0.7518570505736452,-0.1900657128626402,-0.0,-0.0,0.01130109000423718,0.02908257002507978,-2.713225371441671,0.0,-4.0,5.262855419705626,1.749672113386907,1.711857050573645
2125.0,136.0,-0.7518570505736452,-0.1900657128626402,-0.0,-0.0,0.01130109000423718,0.02908257002507978,-2.9692253714416714,0.0,-4.0,5.262855419705626,1.749672113386907,1.711857050573645
2126.0,136.064,-0.7518570505736452,-0.1900657128626402,-0.0,0.0,0.01130109000423718,0.02908257002507978,3.057959935737915,0.0,-4.0,5.262855419705626,1.749672113386907,1.711857050573645
2127.0,136.12800000000001,-0.7518570505736452,-0.1900657128626402,-0.0,0.0,0.01130109000423718,0.02908257002507978,2.801959935737915,0.0,-4.0,5.262855419705626,1.749672113386907,1.711857050573645
2128.0,136.192,-0.7520163403299147,-0.1899825756934314,-0.0062333188278448776,0.004224597602148648,0.015008680347437242,0.02696641910725084,2.5459599357379146,0.007530039077564309,-4.0,5.263009005394877,1.7499474334713874,1.7120163403299147
2129.0,136.256,-0.7523602458420304,-0.1896821909016052,-0.0,0.0,0.022207619227397724,-0.0574189403026983,2.3219599357379144,0.0,4.0,5.2633327980394204,1.750615392357369,1.7123602458420304
2130.0,136.32,-0.7523602458420304,-0.1896821909016052,-0.0,0.0,0.022207619227397724,-0.0574189403026983,2.5779599357379146,0.0,4.0,5.2633327980394204,1.750615392357369,1.7123602458420304
2131.0,136.38400000000001,-0.7523602458420304,-0.1896821909016052,-0.0,0.0,0.022207619227397724,-0.0574189403026983,2.833959935737915,0.0,4.0,5.2633327980394204,1.750615392357369,1.7123602458420304
2132.0,136.448,-0.7523602458420304,-0.1896821909016052,-0.0,0.0,0.022207619227397724,-0.0574189403026983,3.089959935737915,0.0,4.0,5.2633327980394204,1.750615392357369,1.7123602458420304
2133.0,136.512,-0.7523602458420304,-0.1896821909016052,-0.0,-0.0,0.022207619227397724,-0.0574189403026983,-2.9372253714416714,0.0,4.0,5.2633327980394204,1.750615392357369,1.7123602458420304
2134.0,136.576,-0.7524134024659949,-0.1897080238557965,-0.013237065383107064,-0.006564343999214405,0.028941832213311647,-0.05411101696427116,-2.681225371441671,0.014775334584931521,4.0,5.263387511087932,1.750669736531934,1.712413402465995
2135.0,136.64000000000001,-0.7526605948214887,-0.18987010627940137,-0.0,-0.0,0.013174298797254791,0.029060579416032115,-2.617225371441671,0.0,-4.0,5.263644651145516,1.7505340617108474,1.7126605948214886
2136.0,136.704,-0.7526605948214887,-0.18987010627940137,-0.0,-0.0,0.013174298797254791,0.029060579416032115,-2.8732253714416713,0.0,-4.0,5.263644651145516,1.7505340617108474,1.7126605948214886
2137.0,136.768,-0.7526605948214887,-0.18987010627940137,-0.0,-0.0,0.013174298797254791,0.029060579416032115,-3.1292253714416716,0.0,-4.0,5.263644651145516,1.7505340617108474,1.7126605948214886
2138.0,136.832,-0.7526605948214887,-0.18987010627940137,-0.0,0.0,0.013174298797254791,0.029060579416032115,2.897959935737915,0.0,-4.0,5.263644651145516,1.7505340617108474,1.7126605948214886
2139.0,136.89600000000002,-0.7526875980416422,-0.1898556464004518,-0.006721669564323937,0.0036688599232220782,0.01663695978517593,0.027225497325987818,2.6419599357379147,0.007657765657695713,-4.0,5.263670664375835,1.75058159705592,1.7126875980416423
2140.0,136.96,-0.7529507491449252,-0.18964827651798127,-0.005525120662585268,0.005205620993621704,0.017358167023375115,0.026451435126655085,2.3859599357379144,0.0075911427509540155,-4.0,5.2639198820540445,1.751201315085498,1.7129507491449252
2141.0,137.024,-0.7530570285893841,-0.18953979905551896,-0.0,0.0,0.023722932449070144,-0.057120090341734084,2.4819599357379145,0.0,4.0,5.264018941906934,1.7513277416457904,1.713057028589384
2142.0,137.088,-0.7530570285893841,-0.18953979905551896,-0.0,0.0,0.023722932449070144,-0.057120090341734084,2.7379599357379147,0.0,4.0,5.264018941906934,1.7513277416457904,1.713057028589384
2143.0,137.15200000000002,-0.7530570285893841,-0.18953979905551896,-0.0,0.0,0.023722932449070144,-0.057120090341734084,2.993959935737915,0.0,4.0,5.264018941906934,1.7513277416457904,1.713057028589384
2144.0,137.216,-0.7530570285893841,-0.18953979905551896,-0.0,-0.0,0.023722932449070144,-0.057120090341734084,-3.0332253714416715,0.0,4.0,5.264018941906934,1.7513277416457904,1.713057028589384
2145.0,137.28,-0.7530570285893841,-0.18953979905551896,-0.0,-0.0,0.023722932449070144,-0.057120090341734084,-2.7772253714416713,0.0,4.0,5.264018941906934,1.7513277416457904,1.713057028589384
2146.0,137.344,-0.7533197604604916,-0.18967804186661813,-0.0,-0.0,0.01486421338343119,0.02904287084059685,-2.713225371441671,0.0,-4.0,5.264290044989069,1.7513155518328136,1.7133197604604917
2147.0,137.40800000000002,-0.7533197604604916,-0.18967804186661813,-0.0,-0.0,0.01486421338343119,0.02904287084059685,-2.9692253714416714,0.0,-4.0,5.264290044989069,1.7513155518328136,1.7133197604604917
2148.0,137.472,-0.7533197604604916,-0.18967804186661813,-0.0,0.0,0.01486421338343119,0.02904287084059685,3.057959935737915,0.0,-4.0,5.264290044989069,1.7513155518328136,1.7133197604604917
2149.0,137.536,-0.7533197604604916,-0.18967804186661813,-0.0,0.0,0.01486421338343119,0.02904287084059685,2.801959935737915,0.0,-4.0,5.264290044989069,1.7513155518328136,1.7133197604604917
2150.0,137.6,-0.7534541098881723,-0.18959757589933207,-0.0,0.0,0.015411885559639904,0.029039684759009466,2.5459599357379146,0.0,-4.0,5.264418923134597,1.7515721249355674,1.7134541098881724
2151.0,137.66400000000002,-0.7536996183896741,-0.1894008483581567,-0.0,0.0,0.02511840369906343,-0.05684551676099622,2.4819599357379145,0.0,4.0,5.264651234045237,1.751984687284473,1.7136996183896742
2152.0,137.728,-0.7536996183896741,-0.1894008483581567,-0.0,0.0,0.02511840369906343,-0.05684551676099622,2.7379599357379147,0.0,4.0,5.264651234045237,1.751984687284473,1.7136996183896742
2153.0,137.792,-0.7536996183896741,-0.1894008483581567,-0.0,0.0,0.02511840369906343,-0.05684551676099622,2.993959935737915,0.0,4.0,5.264651234045237,1.751984687284473,1.7136996183896742
2154.0,137.856,-0.7536996183896741,-0.1894008483581567,-0.0,-0.0,0.02511840369906343,-0.05684551676099622,-3.0332253714416715,0.0,4.0,5.264651234045237,1.751984687284473,1.7136996183896742
2155.0,137.92000000000002,-0.7536996183896741,-0.1894008483581567,-0.0,-0.0,0.02511840369906343,-0.05684551676099622,-2.7772253714416713,0.0,4.0,5.264651234045237,1.751984687284473,1.7136996183896742
2156.0,137.984,-0.7539636131497611,-0.18953975566923406,-0.0,-0.0,0.016269493905297416,0.02902504496951313,-2.713225371441671,0.0,-4.0,5.2649236361016305,1.7519627673057512,1.713963613149761
2157.0,138.048,-0.7539636131497611,-0.18953975566923406,-0.0,-0.0,0.016269493905297416,0.02902504496951313,-2.9692253714416714,0.0,-4.0,5.2649236361016305,1.7519627673057512,1.713963613149761
2158.0,138.112,-0.7539636131497611,-0.18953975566923406,-0.0,0.0,0.016269493905297416,0.02902504496951313,3.057959935737915,0.0,-4.0,5.2649236361016305,1.7519627673057512,1.713963613149761
2159.0,138.17600000000002,-0.7539636131497611,-0.18953975566923406,-0.0,0.0,0.016269493905297416,0.02902504496951313,2.801959935737915,0.0,-4.0,5.2649236361016305,1.7519627673057512,1.713963613149761
2160.0,138.24,-0.7539901978047532,-0.18952204676603693,-0.006610533643300538,0.004480252871657763,0.019691800312626462,0.026784303957391006,2.5459599357379146,0.007985726068630574,-4.0,5.264949023387466,1.7520177437608786,1.7139901978047531
2161.0,138.304,-0.7542217691067118,-0.18930395535932,-0.0,0.0,0.026250923233442525,-0.05662142266753839,2.3219599357379144,0.0,4.0,5.2651660537040375,1.7525185031591386,1.7142217691067119
2162.0,138.368,-0.7542217691067118,-0.18930395535932,-0.0,0.0,0.026250923233442525,-0.05662142266753839,2.5779599357379146,0.0,4.0,5.2651660537040375,1.7525185031591386,1.7142217691067119
2163.0,138.43200000000002,-0.7542217691067118,-0.18930395535932,-0.0,0.0,0.026250923233442525,-0.05662142266753839,2.833959935737915,0.0,4.0,5.2651660537040375,1.7525185031591386,1.7142217691067119
2164.0,138.496,-0.7542217691067118,-0.18930395535932,-0.0,0.0,0.026250923233442525,-0.05662142266753839,3.089959935737915,0.0,4.0,5.2651660537040375,1.7525185031591386,1.7142217691067119
2165.0,138.56,-0.7542217691067118,-0.18930395535932,-0.0,-0.0,0.026250923233442525,-0.05662142266753839,-2.9372253714416714,0.0,4.0,5.2651660537040375,1.7525185031591386,1.7142217691067119
2166.0,138.624,-0.7542756569022426,-0.18933014364686715,-0.013419141766228515,-0.006654636823065474,0.03307730265022424,-0.05326809710907453,-2.681225371441671,0.014978569924697,4.0,5.265221517192121,1.7525735948400774,1.7142756569022426
2167.0,138.68800000000002,-0.754526279819117,-0.18949447546731027,-0.0,-0.0,0.01712445075688196,0.02900872817172696,-2.617225371441671,0.0,-4.0,5.265482211932973,1.7523504390274498,1.714526279819117
2168.0,138.752,-0.754526279819117,-0.18949447546731027,-0.0,-0.0,0.01712445075688196,0.02900872817172696,-2.8732253714416713,0.0,-4.0,5.265482211932973,1.7523504390274498,1.714526279819117
2169.0,138.816,-0.754526279819117,-0.18949447546731027,-0.0,-0.0,0.01712445075688196,0.02900872817172696,-3.1292253714416716,0.0,-4.0,5.265482211932973,1.7523504390274498,1.714526279819117
2170.0,138.88,-0.754526279819117,-0.18949447546731027,-0.0,0.0,0.01712445075688196,0.02900872817172696,2.897959935737915,0.0,-4.0,5.265482211932973,1.7523504390274498,1.714526279819117
2171.0,138.94400000000002,-0.754526279819117,-0.18949447546731027,-0.0,0.0,0.01712445075688196,0.02900872817172696,2.6419599357379147,0.0,-4.0,5.265482211932973,1.7523504390274498,1.714526279819117
2172.0,139.008,-0.7546818460914296,-0.18937838392879733,-0.005938705742955474,0.005595289800604187,0.0208391845219012,0.026207598697988842,2.3859599357379144,0.00815938072736881,-4.0,5.265629970964628,1.7527014931684688,1.7146818460914295
2173.0,139.072,-0.7548976234712328,-0.1891397272465044,-0.0,0.0,0.027714955131568686,-0.05633486391251566,2.3219599357379144,0.0,4.0,5.265829923930362,1.753209456512205,1.7148976234712328
2174.0,139.136,-0.7548976234712328,-0.1891397272465044,-0.0,0.0,0.027714955131568686,-0.05633486391251566,2.5779599357379146,0.0,4.0,5.265829923930362,1.753209456512205,1.7148976234712328
2175.0,139.20000000000002,-0.7548976234712328,-0.1891397272465044,-0.0,0.0,0.027714955131568686,-0.05633486391251566,2.833959935737915,0.0,4.0,5.265829923930362,1.753209456512205,1.7148976234712328
2176.0,139.264,-0.7548976234712328,-0.1891397272465044,-0.0,0.0,0.027714955131568686,-0.05633486391251566,3.089959935737915,0.0,4.0,5.265829923930362,1.753209456512205,1.7148976234712328
2177.0,139.328,-0.7548976234712328,-0.1891397272465044,-0.0,-0.0,0.027714955131568686,-0.05633486391251566,-2.9372253714416714,0.0,4.0,5.265829923930362,1.753209456512205,1.7148976234712328
2178.0,139.392,-0.7548976234712328,-0.1891397272465044,-0.0,-0.0,0.027714955131568686,-0.05633486391251566,-2.681225371441671,0.0,4.0,5.265829923930362,1.753209456512205,1.7148976234712328
2179.0,139.456,-0.7551620382899488,-0.1892843038440514,-0.0,-0.0,0.018870614584003687,0.02899188023315981,-2.7772253714416713,0.0,-4.0,5.2661031026289935,1.7531628719720778,1.7151620382899488
2180.0,139.52,-0.7551620382899488,-0.1892843038440514,-0.0,-0.0,0.018870614584003687,0.02899188023315981,-3.0332253714416715,0.0,-4.0,5.2661031026289935,1.7531628719720778,1.7151620382899488
2181.0,139.584,-0.7551620382899488,-0.1892843038440514,-0.0,0.0,0.018870614584003687,0.02899188023315981,2.993959935737915,0.0,-4.0,5.2661031026289935,1.7531628719720778,1.7151620382899488
2182.0,139.648,-0.7551620382899488,-0.1892843038440514,-0.0,0.0,0.018870614584003687,0.02899188023315981,2.7379599357379147,0.0,-4.0,5.2661031026289935,1.7531628719720778,1.7151620382899488
2183.0,139.712,-0.7551884422981562,-0.18926416329206242,-0.006560510146589691,0.0050877843268215366,0.02227934615404986,0.026447394232719138,2.4819599357379145,0.008302158920410833,-4.0,5.26612815420954,1.753223483722864,1.7151884422981563
2184.0,139.776,-0.755414461381444,-0.18902219478193144,-0.0,0.0,0.028833109931955425,-0.056115383953027294,2.2579599357379143,0.0,4.0,5.266338121451373,1.7537378408887792,1.715414461381444
2185.0,139.84,-0.755414461381444,-0.18902219478193144,-0.0,0.0,0.028833109931955425,-0.056115383953027294,2.5139599357379145,0.0,4.0,5.266338121451373,1.7537378408887792,1.715414461381444
2186.0,139.904,-0.755414461381444,-0.18902219478193144,-0.0,0.0,0.028833109931955425,-0.056115383953027294,2.7699599357379148,0.0,4.0,5.266338121451373,1.7537378408887792,1.715414461381444
2187.0,139.968,-0.755414461381444,-0.18902219478193144,-0.0,0.0,0.028833109931955425,-0.056115383953027294,3.025959935737915,0.0,4.0,5.266338121451373,1.7537378408887792,1.715414461381444
2188.0,140.032,-0.755414461381444,-0.18902219478193144,-0.0,-0.0,0.028833109931955425,-0.056115383953027294,-3.0012253714416715,0.0,4.0,5.266338121451373,1.7537378408887792,1.715414461381444
2189.0,140.096,-0.755414461381444,-0.18902219478193144,-0.0,-0.0,0.028833109931955425,-0.056115383953027294,-2.7452253714416712,0.0,4.0,5.266338121451373,1.7537378408887792,1.715414461381444
2190.0,140.16,-0.7556778075809482,-0.18917170911272607,-0.0,-0.0,0.020001092890503447,0.028977645499337297,-2.681225371441671,0.0,-4.0,5.266610548100299,1.7536856161826462,1.7156778075809482
2191.0,140.224,-0.7556778075809482,-0.18917170911272607,-0.0,-0.0,0.020001092890503447,0.028977645499337297,-2.9372253714416714,0.0,-4.0,5.266610548100299,1.7536856161826462,1.7156778075809482
2192.0,140.288,-0.7556778075809482,-0.18917170911272607,-0.0,0.0,0.020001092890503447,0.028977645499337297,3.089959935737915,0.0,-4.0,5.266610548100299,1.7536856161826462,1.7156778075809482
2193.0,140.352,-0.7556778075809482,-0.18917170911272607,-0.0,0.0,0.020001092890503447,0.028977645499337297,2.833959935737915,0.0,-4.0,5.266610548100299,1.7536856161826462,1.7156778075809482
2194.0,140.416,-0.7556778075809482,-0.18917170911272607,-0.0,0.0,0.020001092890503447,0.028977645499337297,2.5779599357379146,0.0,-4.0,5.266610548100299,1.7536856161826462,1.7156778075809482
2195.0,140.48,-0.7558323557914909,-0.18904017471947654,-0.005829972296167507,0.006243462507522313,0.023733885335337712,0.025852519328207174,2.3219599357379144,0.008542212889931827,-4.0,5.266756306519085,1.7540725243629542,1.7158323557914907
2196.0,140.544,-0.7559423092788239,-0.18891255243221147,-0.0,0.0,0.029973818996806068,-0.05589066594704656,2.4179599357379145,0.0,4.0,5.266857818155274,1.7542774812221849,1.715942309278824
2197.0,140.608,-0.7559423092788239,-0.18891255243221147,-0.0,0.0,0.029973818996806068,-0.05589066594704656,2.6739599357379147,0.0,4.0,5.266857818155274,1.7542774812221849,1.715942309278824
2198.0,140.672,-0.7559423092788239,-0.18891255243221147,-0.0,0.0,0.029973818996806068,-0.05589066594704656,2.929959935737915,0.0,4.0,5.266857818155274,1.7542774812221849,1.715942309278824
2199.0,140.736,-0.7559423092788239,-0.18891255243221147,-0.0,-0.0,0.029973818996806068,-0.05589066594704656,-3.0972253714416715,0.0,4.0,5.266857818155274,1.7542774812221849,1.715942309278824
2200.0,140.8,-0.7559423092788239,-0.18891255243221147,-0.0,-0.0,0.029973818996806068,-0.05589066594704656,-2.8412253714416713,0.0,4.0,5.266857818155274,1.7542774812221849,1.715942309278824
2201.0,140.864,-0.755994266234027,-0.18894429091006165,-0.012925346868730926,-0.008038278358070704,0.036548705280515736,-0.051846019615691616,-2.585225371441671,0.015220989147845821,4.0,5.266911709818714,1.7543305989266744,1.715994266234027
2202.0,140.928,-0.7562317832930496,-0.18913493888804936,-0.0,-0.0,0.020801621308348284,0.028961613779364678,-2.521225371441671,0.0,-4.0,5.26716100631779,1.7540489094066558,1.7162317832930496
2203.0,140.992,-0.7562317832930496,-0.18913493888804936,-0.0,-0.0,0.020801621308348284,0.028961613779364678,-2.7772253714416713,0.0,-4.0,5.26716100631779,1.7540489094066558,1.7162317832930496
2204.0,141.056,-0.7562317832930496,-0.18913493888804936,-0.0,-0.0,0.020801621308348284,0.028961613779364678,-3.0332253714416715,0.0,-4.0,5.26716100631779,1.7540489094066558,1.7162317832930496
2205.0,141.12,-0.7562317832930496,-0.18913493888804936,-0.0,0.0,0.020801621308348284,0.028961613779364678,2.993959935737915,0.0,-4.0,5.26716100631779,1.7540489094066558,1.7162317832930496
2206.0,141.184,-0.7562317832930496,-0.18913493888804936,-0.0,0.0,0.020801621308348284,0.028961613779364678,2.7379599357379147,0.0,-4.0,5.26716100631779,1.7540489094066558,1.7162317832930496
2207.0,141.248,-0.7562590006065474,-0.1891141779598904,-0.006762589223666498,0.0052444999995599414,0.024315100538046697,0.02633874791717329,2.4819599357379145,0.008557884858622163,-4.0,5.267186830477039,1.7541113879648635,1.7162590006065472
2208.0,141.312,-0.7565138832949316,-0.18883680852633136,-0.005241287298153202,0.006821179625040341,0.03382822637733296,-0.0590547900399752,2.2259599357379143,0.008602301088595282,-4.0,5.267423334808459,1.7548618245418217,1.7165138832949316
2209.0,141.376,-0.7565138832949316,-0.18883680852633136,-0.0,0.0,0.031207582728256356,-0.05564420022745503,2.4819599357379145,0.0,4.0,5.267423334808459,1.7548618245418217,1.7165138832949316
2210.0,141.44,-0.7565138832949316,-0.18883680852633136,-0.0,0.0,0.031207582728256356,-0.05564420022745503,2.7379599357379147,0.0,4.0,5.267423334808459,1.7548618245418217,1.7165138832949316
2211.0,141.504,-0.7565138832949316,-0.18883680852633136,-0.0,0.0,0.031207582728256356,-0.05564420022745503,2.993959935737915,0.0,4.0,5.267423334808459,1.7548618245418217,1.7165138832949316
2212.0,141.568,-0.7565138832949316,-0.18883680852633136,-0.0,-0.0,0.031207582728256356,-0.05564420022745503,-3.0332253714416715,0.0,4.0,5.267423334808459,1.7548618245418217,1.7165138832949316
2213.0,141.632,-0.7565138832949316,-0.18883680852633136,-0.0,-0.0,0.031207582728256356,-0.05564420022745503,-2.7772253714416713,0.0,4.0,5.267423334808459,1.7548618245418217,1.7165138832949316
2214.0,141.696,-0.7567726258616376,-0.18900060555705506,-0.0,-0.0,0.022064447144723887,0.02894687079243879,-2.553225371441671,0.0,-4.0,5.267692080083679,1.7546353632403355,1.7167726258616376
2215.0,141.76,-0.7567726258616376,-0.18900060555705506,-0.0,-0.0,0.022064447144723887,0.02894687079243879,-2.8092253714416713,0.0,-4.0,5.267692080083679,1.7546353632403355,1.7167726258616376
2216.0,141.824,-0.7567726258616376,-0.18900060555705506,-0.0,-0.0,0.022064447144723887,0.02894687079243879,-3.0652253714416715,0.0,-4.0,5.267692080083679,1.7546353632403355,1.7167726258616376
2217.0,141.888,-0.7567726258616376,-0.18900060555705506,-0.0,0.0,0.022064447144723887,0.02894687079243879,2.961959935737915,0.0,-4.0,5.267692080083679,1.7546353632403355,1.7167726258616376
2218.0,141.952,-0.7567726258616376,-0.18900060555705506,-0.0,0.0,0.022064447144723887,0.02894687079243879,2.7059599357379147,0.0,-4.0,5.267692080083679,1.7546353632403355,1.7167726258616376
2219.0,142.016,-0.756799715330604,-0.18897853610864943,-0.006728012100998153,0.005571363906788581,0.02556673355453193,0.026160582620378632,2.4499599357379145,0.008735344447303959,-4.0,5.267717693180062,1.7547008589897304,1.716799715330604
2220.0,142.08,-0.7570300272279671,-0.18871551992705643,-0.0,0.0,0.032320413891858135,-0.0554261405319212,2.2259599357379143,0.0,4.0,5.267930609889992,1.7553894994373573,1.717030027227967
2221.0,142.144,-0.7570300272279671,-0.18871551992705643,-0.0,0.0,0.032320413891858135,-0.0554261405319212,2.4819599357379145,0.0,4.0,5.267930609889992,1.7553894994373573,1.717030027227967
2222.0,142.208,-0.7570300272279671,-0.18871551992705643,-0.0,0.0,0.032320413891858135,-0.0554261405319212,2.7379599357379147,0.0,4.0,5.267930609889992,1.7553894994373573,1.717030027227967
2223.0,142.272,-0.7570300272279671,-0.18871551992705643,-0.0,0.0,0.032320413891858135,-0.0554261405319212,2.993959935737915,0.0,4.0,5.267930609889992,1.7553894994373573,1.717030027227967
2224.0,142.336,-0.7570300272279671,-0.18871551992705643,-0.0,-0.0,0.032320413891858135,-0.0554261405319212,-3.0332253714416715,0.0,4.0,5.267930609889992,1.7553894994373573,1.717030027227967
2225.0,142.4,-0.7570300272279671,-0.18871551992705643,-0.0,-0.0,0.032320413891858135,-0.0554261405319212,-2.7772253714416713,0.0,4.0,5.267930609889992,1.7553894994373573,1.717030027227967
2226.0,142.464,-0.7570804296124735,-0.18875092500033333,-0.012529383518409208,-0.00895178877391333,0.029893928866673358,0.033415794082351,-2.521225371441671,0.015398700386855542,4.0,5.26798318454065,1.7553770092557226,1.7170804296124733
2227.0,142.528,-0.7570804296124735,-0.18875092500033333,-0.0,-0.0,0.02362923710746878,0.028939899695394337,-2.7772253714416713,0.0,-4.0,5.26798318454065,1.7553770092557226,1.7170804296124733
2228.0,142.592,-0.7570804296124735,-0.18875092500033333,-0.0,-0.0,0.02362923710746878,0.028939899695394337,-3.0332253714416715,0.0,-4.0,5.26798318454065,1.7553770092557226,1.7170804296124733
2229.0,142.656,-0.7570804296124735,-0.18875092500033333,-0.0,0.0,0.02362923710746878,0.028939899695394337,2.993959935737915,0.0,-4.0,5.26798318454065,1.7553770092557226,1.7170804296124733
2230.0,142.72,-0.7570804296124735,-0.18875092500033333,-0.0,0.0,0.02362923710746878,0.028939899695394337,2.7379599357379147,0.0,-4.0,5.26798318454065,1.7553770092557226,1.7170804296124733
2231.0,142.784,-0.7570804296124735,-0.18875092500033333,-0.0,0.0,0.02362923710746878,0.028939899695394337,2.4819599357379145,0.0,-4.0,5.26798318454065,1.7553770092557226,1.7170804296124733
2232.0,142.848,-0.7572079666954021,-0.18862485011957245,-0.0,0.0,0.03270377764307514,-0.05535493341180298,2.4179599357379145,0.0,4.0,5.2681023522900645,1.7555714141783445,1.717207966695402
2233.0,142.912,-0.7572079666954021,-0.18862485011957245,-0.0,0.0,0.03270377764307514,-0.05535493341180298,2.6739599357379147,0.0,4.0,5.2681023522900645,1.7555714141783445,1.717207966695402
2234.0,142.976,-0.7572079666954021,-0.18862485011957245,-0.0,0.0,0.03270377764307514,-0.05535493341180298,2.929959935737915,0.0,4.0,5.2681023522900645,1.7555714141783445,1.717207966695402
2235.0,143.04,-0.7572079666954021,-0.18862485011957245,-0.0,-0.0,0.03270377764307514,-0.05535493341180298,-3.0972253714416715,0.0,4.0,5.2681023522900645,1.7555714141783445,1.717207966695402
2236.0,143.104,-0.7572079666954021,-0.18862485011957245,-0.0,-0.0,0.03270377764307514,-0.05535493341180298,-2.8412253714416713,0.0,4.0,5.2681023522900645,1.7555714141783445,1.717207966695402
2237.0,143.168,-0.7572606389412248,-0.188657025540569,-0.013103289924339487,-0.008148941215121573,0.039368875189407015,-0.05125466934587779,-2.585225371441671,0.015430536276124812,4.0,5.268156983870989,1.7556252631534723,1.7172606389412248
2238.0,143.232,-0.7575014428240417,-0.18885031175562894,-0.0,-0.0,0.023613607552704086,0.02892674551663943,-2.521225371441671,0.0,-4.0,5.268409717844064,1.755353291965073,1.7175014428240418
2239.0,143.296,-0.7575014428240417,-0.18885031175562894,-0.0,-0.0,0.023613607552704086,0.02892674551663943,-2.7772253714416713,0.0,-4.0,5.268409717844064,1.755353291965073,1.7175014428240418
2240.0,143.36,-0.7575014428240417,-0.18885031175562894,-0.0,-0.0,0.023613607552704086,0.02892674551663943,-3.0332253714416715,0.0,-4.0,5.268409717844064,1.755353291965073,1.7175014428240418
2241.0,143.424,-0.7575014428240417,-0.18885031175562894,-0.0,0.0,0.023613607552704086,0.02892674551663943,2.993959935737915,0.0,-4.0,5.268409717844064,1.755353291965073,1.7175014428240418
2242.0,143.488,-0.7575014428240417,-0.18885031175562894,-0.0,0.0,0.023613607552704086,0.02892674551663943,2.7379599357379147,0.0,-4.0,5.268409717844064,1.755353291965073,1.7175014428240418
2243.0,143.552,-0.7575014428240417,-0.18885031175562894,-0.0,0.0,0.023613607552704086,0.02892674551663943,2.4819599357379145,0.0,-4.0,5.268409717844064,1.755353291965073,1.7175014428240418
2244.0,143.616,-0.7577688935545365,-0.1885591622104782,-0.005524288254981333,0.007189486159441376,0.03667347082832689,-0.05870779734324773,2.2259599357379143,0.009066778477547789,-4.0,5.268657897828095,1.7561448724771878,1.7177688935545365
2245.0,143.68,-0.7577688935545365,-0.1885591622104782,-0.0,0.0,0.03391132670083624,-0.055113054263527035,2.4819599357379145,0.0,4.0,5.268657897828095,1.7561448724771878,1.7177688935545365
2246.0,143.744,-0.7577688935545365,-0.1885591622104782,-0.0,0.0,0.03391132670083624,-0.055113054263527035,2.7379599357379147,0.0,4.0,5.268657897828095,1.7561448724771878,1.7177688935545365
2247.0,143.808,-0.7577688935545365,-0.1885591622104782,-0.0,0.0,0.03391132670083624,-0.055113054263527035,2.993959935737915,0.0,4.0,5.268657897828095,1.7561448724771878,1.7177688935545365
2248.0,143.872,-0.7577688935545365,-0.1885591622104782,-0.0,-0.0,0.03391132670083624,-0.055113054263527035,-3.0332253714416715,0.0,4.0,5.268657897828095,1.7561448724771878,1.7177688935545365
2249.0,143.936,-0.7577688935545365,-0.1885591622104782,-0.0,-0.0,0.03391132670083624,-0.055113054263527035,-2.7772253714416713,0.0,4.0,5.268657897828095,1.7561448724771878,1.7177688935545365
2250.0,144.0,-0.7578197272720857,-0.18859487027295171,-0.012636607356547253,-0.009028396306050068,0.03153410677744556,0.03343364241678508,-2.521225371441671,0.015530479237378436,4.0,5.26871092115203,1.7561137375396771,1.7178197272720857
2251.0,144.064,-0.7578197272720857,-0.18859487027295171,-0.0,-0.0,0.02521580309917193,0.028919444263760044,-2.7772253714416713,0.0,-4.0,5.26871092115203,1.7561137375396771,1.7178197272720857
2252.0,144.12800000000001,-0.7578197272720857,-0.18859487027295171,-0.0,-0.0,0.02521580309917193,0.028919444263760044,-3.0332253714416715,0.0,-4.0,5.26871092115203,1.7561137375396771,1.7178197272720857
2253.0,144.192,-0.7578197272720857,-0.18859487027295171,-0.0,0.0,0.02521580309917193,0.028919444263760044,2.993959935737915,0.0,-4.0,5.26871092115203,1.7561137375396771,1.7178197272720857
2254.0,144.256,-0.7578197272720857,-0.18859487027295171,-0.0,0.0,0.02521580309917193,0.028919444263760044,2.7379599357379147,0.0,-4.0,5.26871092115203,1.7561137375396771,1.7178197272720857
2255.0,144.32,-0.7578197272720857,-0.18859487027295171,-0.0,0.0,0.02521580309917193,0.028919444263760044,2.4819599357379145,0.0,-4.0,5.26871092115203,1.7561137375396771,1.7178197272720857
2256.0,144.38400000000001,-0.7579507042261303,-0.18846539495891432,-0.0,0.0,0.034302415992513435,-0.05504051865260556,2.4179599357379145,0.0,4.0,5.2688333083953935,1.756330744907338,1.7179507042261304
2257.0,144.448,-0.7579507042261303,-0.18846539495891432,-0.0,0.0,0.034302415992513435,-0.05504051865260556,2.6739599357379147,0.0,4.0,5.2688333083953935,1.756330744907338,1.7179507042261304
2258.0,144.512,-0.7579507042261303,-0.18846539495891432,-0.0,0.0,0.034302415992513435,-0.05504051865260556,2.929959935737915,0.0,4.0,5.2688333083953935,1.756330744907338,1.7179507042261304
2259.0,144.576,-0.7579507042261303,-0.18846539495891432,-0.0,-0.0,0.034302415992513435,-0.05504051865260556,-3.0972253714416715,0.0,4.0,5.2688333083953935,1.756330744907338,1.7179507042261304
2260.0,144.64000000000001,-0.7579507042261303,-0.18846539495891432,-0.0,-0.0,0.034302415992513435,-0.05504051865260556,-2.8412253714416713,0.0,4.0,5.2688333083953935,1.756330744907338,1.7179507042261304
2261.0,144.704,-0.7579507042261303,-0.18846539495891432,-0.0,-0.0,0.034302415992513435,-0.05504051865260556,-2.585225371441671,0.0,4.0,5.2688333083953935,1.756330744907338,1.7179507042261304
2262.0,144.768,-0.7581934735811208,-0.18866025880084963,-0.0,-0.0,0.025313417300566965,0.0289080249051248,-2.521225371441671,0.0,-4.0,5.269088097242458,1.756146461937768,1.7181934735811208
2263.0,144.832,-0.7581934735811208,-0.18866025880084963,-0.0,-0.0,0.025313417300566965,0.0289080249051248,-2.7772253714416713,0.0,-4.0,5.269088097242458,1.756146461937768,1.7181934735811208
2264.0,144.89600000000002,-0.7581934735811208,-0.18866025880084963,-0.0,-0.0,0.025313417300566965,0.0289080249051248,-3.0332253714416715,0.0,-4.0,5.269088097242458,1.756146461937768,1.7181934735811208
2265.0,144.96,-0.7581934735811208,-0.18866025880084963,-0.0,0.0,0.025313417300566965,0.0289080249051248,2.993959935737915,0.0,-4.0,5.269088097242458,1.756146461937768,1.7181934735811208
2266.0,145.024,-0.7581934735811208,-0.18866025880084963,-0.0,0.0,0.025313417300566965,0.0289080249051248,2.7379599357379147,0.0,-4.0,5.269088097242458,1.756146461937768,1.7181934735811208
2267.0,145.088,-0.7581934735811208,-0.18866025880084963,-0.0,0.0,0.025313417300566965,0.0289080249051248,2.4819599357379145,0.0,-4.0,5.269088097242458,1.756146461937768,1.7181934735811208
2268.0,145.15200000000002,-0.7583476532811902,-0.18850113692968898,-0.005694110373821203,0.00741049811910248,0.029108056776046,0.02519947131318505,2.2259599357379143,0.009345500271386205,-4.0,5.269231733608847,1.756598142929014,1.71834765328119
2269.0,145.216,-0.7584543014323394,-0.1883502124883434,-0.0,0.0,0.035384907175517344,-0.05482820607760329,2.3219599357379144,0.0,4.0,5.269328468272136,1.756845592774706,1.7184543014323395
2270.0,145.28,-0.7584543014323394,-0.1883502124883434,-0.0,0.0,0.035384907175517344,-0.05482820607760329,2.5779599357379146,0.0,4.0,5.269328468272136,1.756845592774706,1.7184543014323395
2271.0,145.344,-0.7584543014323394,-0.1883502124883434,-0.0,0.0,0.035384907175517344,-0.05482820607760329,2.833959935737915,0.0,4.0,5.269328468272136,1.756845592774706,1.7184543014323395
2272.0,145.40800000000002,-0.7584543014323394,-0.1883502124883434,-0.0,0.0,0.035384907175517344,-0.05482820607760329,3.089959935737915,0.0,4.0,5.269328468272136,1.756845592774706,1.7184543014323395
2273.0,145.472,-0.7584543014323394,-0.1883502124883434,-0.0,-0.0,0.035384907175517344,-0.05482820607760329,-2.9372253714416714,0.0,4.0,5.269328468272136,1.756845592774706,1.7184543014323395
2274.0,145.536,-0.7584543014323394,-0.1883502124883434,-0.0,-0.0,0.035384907175517344,-0.05482820607760329,-2.681225371441671,0.0,4.0,5.269328468272136,1.756845592774706,1.7184543014323395
2275.0,145.6,-0.7587016756644102,-0.1885423464690016,-0.0,-0.0,0.026454399271930773,0.028894102009047344,-2.457225371441671,0.0,-4.0,5.269587672103807,1.756677947038614,1.71870167566441
2276.0,145.66400000000002,-0.7587016756644102,-0.1885423464690016,-0.0,-0.0,0.026454399271930773,0.028894102009047344,-2.713225371441671,0.0,-4.0,5.269587672103807,1.756677947038614,1.71870167566441
2277.0,145.728,-0.7587016756644102,-0.1885423464690016,-0.0,-0.0,0.026454399271930773,0.028894102009047344,-2.9692253714416714,0.0,-4.0,5.269587672103807,1.756677947038614,1.71870167566441
2278.0,145.792,-0.7587016756644102,-0.1885423464690016,-0.0,0.0,0.026454399271930773,0.028894102009047344,3.057959935737915,0.0,-4.0,5.269587672103807,1.756677947038614,1.71870167566441
2279.0,145.856,-0.7587016756644102,-0.1885423464690016,-0.0,0.0,0.026454399271930773,0.028894102009047344,2.801959935737915,0.0,-4.0,5.269587672103807,1.756677947038614,1.71870167566441
2280.0,145.92000000000002,-0.7587016756644102,-0.1885423464690016,-0.0,0.0,0.026454399271930773,0.028894102009047344,2.5459599357379146,0.0,-4.0,5.269587672103807,1.756677947038614,1.71870167566441
2281.0,145.984,-0.758833273270759,-0.18840802722716207,-0.0,0.0,0.0272550516346709,0.028891241967407603,2.2899599357379143,0.0,-4.0,5.269710370499637,1.7570599479612843,1.718833273270759
2282.0,146.048,-0.7589530272091927,-0.18825968453255143,-0.0,0.0,0.0364557890052542,-0.05461630594929043,2.3859599357379144,0.0,4.0,5.269820353349134,1.757355460382089,1.7189530272091926
2283.0,146.112,-0.7589530272091927,-0.18825968453255143,-0.0,0.0,0.0364557890052542,-0.05461630594929043,2.6419599357379147,0.0,4.0,5.269820353349134,1.757355460382089,1.7189530272091926
2284.0,146.17600000000002,-0.7589530272091927,-0.18825968453255143,-0.0,0.0,0.0364557890052542,-0.05461630594929043,2.897959935737915,0.0,4.0,5.269820353349134,1.757355460382089,1.7189530272091926
2285.0,146.24,-0.7589530272091927,-0.18825968453255143,-0.0,-0.0,0.0364557890052542,-0.05461630594929043,-3.1292253714416716,0.0,4.0,5.269820353349134,1.757355460382089,1.7189530272091926
2286.0,146.304,-0.7589530272091927,-0.18825968453255143,-0.0,-0.0,0.0364557890052542,-0.05461630594929043,-2.8732253714416713,0.0,4.0,5.269820353349134,1.757355460382089,1.7189530272091926
2287.0,146.368,-0.7589530272091927,-0.18825968453255143,-0.0,-0.0,0.0364557890052542,-0.05461630594929043,-2.617225371441671,0.0,4.0,5.269820353349134,1.757355460382089,1.7189530272091926
2288.0,146.43200000000002,-0.7592050190470683,-0.1884490196774523,-0.0,-0.0,0.027469057698370325,0.028880147329086715,-2.553225371441671,0.0,-4.0,5.27008398142672,1.7571491164256994,1.7192050190470682
2289.0,146.496,-0.7592050190470683,-0.1884490196774523,-0.0,-0.0,0.027469057698370325,0.028880147329086715,-2.8092253714416713,0.0,-4.0,5.27008398142672,1.7571491164256994,1.7192050190470682
2290.0,146.56,-0.7592050190470683,-0.1884490196774523,-0.0,-0.0,0.027469057698370325,0.028880147329086715,-3.0652253714416715,0.0,-4.0,5.27008398142672,1.7571491164256994,1.7192050190470682
2291.0,146.624,-0.7592050190470683,-0.1884490196774523,-0.0,0.0,0.027469057698370325,0.028880147329086715,2.961959935737915,0.0,-4.0,5.27008398142672,1.7571491164256994,1.7192050190470682
2292.0,146.68800000000002,-0.7592050190470683,-0.1884490196774523,-0.0,0.0,0.027469057698370325,0.028880147329086715,2.7059599357379147,0.0,-4.0,5.27008398142672,1.7571491164256994,1.7192050190470682
2293.0,146.752,-0.7592050190470683,-0.1884490196774523,-0.0,0.0,0.027469057698370325,0.028880147329086715,2.4499599357379145,0.0,-4.0,5.27008398142672,1.7571491164256994,1.7192050190470682
2294.0,146.816,-0.7593596049444536,-0.18827890503316358,-0.00566229715800837,0.007878572472849158,0.03129967751741508,0.024937551525091254,2.1939599357379143,0.009702242695146631,-4.0,5.270227326378997,1.7576268836922677,1.7193596049444535
2295.0,146.88,-0.759465384333377,-0.18811856020919956,-0.0,0.0,0.03755476262471391,-0.05440271423073326,1.937959935737914,0.0,-4.0,5.270322598262746,1.7578792638692107,1.719465384333377
2296.0,146.94400000000002,-0.759465384333377,-0.18811856020919956,-0.0,0.0,0.03755476262471391,-0.05440271423073326,1.6819599357379138,0.0,-4.0,5.270322598262746,1.7578792638692107,1.719465384333377
2297.0,147.008,-0.759465384333377,-0.18811856020919956,0.0,0.0,0.03755476262471391,-0.05440271423073326,1.4259599357379136,0.0,-4.0,5.270322598262746,1.7578792638692107,1.719465384333377
2298.0,147.072,-0.759465384333377,-0.18811856020919956,0.0,0.0,0.03755476262471391,-0.05440271423073326,1.1699599357379133,0.0,-4.0,5.270322598262746,1.7578792638692107,1.719465384333377
2299.0,147.136,-0.759465384333377,-0.18811856020919956,0.0,0.0,0.03755476262471391,-0.05440271423073326,0.9139599357379132,0.0,-4.0,5.270322598262746,1.7578792638692107,1.719465384333377
2300.0,147.20000000000002,-0.759465384333377,-0.18811856020919956,0.0,0.0,0.03755476262471391,-0.05440271423073326,0.6579599357379133,0.0,-4.0,5.270322598262746,1.7578792638692107,1.719465384333377
2301.0,147.264,-0.759134884134577,-0.18793076588413446,0.014552218555404183,0.006186226980881678,0.029569887914517756,-0.05765588401166974,0.40195993573791333,0.0158125415143562,-4.0,5.269980733556077,1.7575413800993664,1.719134884134577
2302.0,147.328,-0.7581438029113478,-0.1876562668728152,0.02057963239346758,0.003025316483453327,0.024427805469555197,-0.05653293600222396,0.1459599357379133,0.02080081270708706,-4.0,5.268974094323628,1.7565281575320508,1.7181438029113476
2303.0,147.392,-0.7566446137575696,-0.18764224719666459,0.028720334419286488,-0.003172081251343815,0.017129391914138425,-0.054096011584463005,-0.11000138401087116,0.02889497722132307,-3.9903299371961163,5.267477088933418,1.754995475600762,1.7166446137575697
2304.0,147.45600000000002,-0.7547358021659722,-0.18810627499653146,0.03240446515014021,-0.011926913407659605,0.011162377423796721,-0.050525799851068545,-0.35267587164089825,0.034529706414918475,-3.472160565282062,5.265601979238166,1.7530440200227229,1.7147358021659722
2305.0,147.52,-0.7527030336302692,-0.1891209454464452,0.03206044605468126,-0.020269758574704727,0.006923146925138179,-0.04717627538526462,-0.5637856033534393,0.03793066455919199,-3.0037864951631863,5.263638682047726,1.7509658382287094,1.712703033630269
2306.0,147.584,-0.7514648276241783,-0.19001208973018766,0.0,-0.0,0.011123455901051904,0.029095038989021965,-0.5846810834569949,0.0,4.0,5.262460551580081,1.749602457017657,1.7114648276241784
2307.0,147.648,-0.7514366035629374,-0.19002196835007762,0.007075546547986752,-0.0024131284235823862,0.00750493350753223,0.03030234389564901,-0.32868108345699487,0.00747573058245336,4.0,5.26243302477108,1.749565098779365,1.7114366035629374
2308.0,147.712,-0.7511161330820255,-0.19007407012161243,0.007230685882801608,-0.0005264614285635424,0.006807465795708512,0.029368112095645167,-0.07268108345699484,0.007249826202848701,4.0,5.262116590905546,1.7492823438910565,1.7111161330820255
2309.0,147.776,-0.7502003887871345,-0.1901410710435297,0.02160044879593534,-0.003678542365750716,0.006696004897202734,-0.05650766821000699,-0.1686810834569948,0.021911436788180902,-4.0,5.261207092543613,1.748407282811043,1.7102003887871344
2310.0,147.84,-0.748761617208829,-0.1905939210902554,0.026328819703363995,-0.011890451542720695,-0.007988995304153312,0.03511548612534082,-0.4241949390919576,0.02888926418000357,-3.878463908740698,5.259800636275892,1.7468822135564521,1.708761617208829
2311.0,147.904,-0.748761617208829,-0.1905939210902554,0.0,-0.0,0.005175414547528678,0.02917026035398047,-0.16819493909195757,0.0,4.0,5.259800636275892,1.7468822135564521,1.708761617208829
2312.0,147.968,-0.7484209555130615,-0.1906038997130123,0.014426518500773254,0.0008059095064561238,0.006385118093315156,-0.059511123443778124,0.05580506090804245,0.014449011252876415,-4.0,5.259461335799356,1.746588095939105,1.7084209555130614
2313.0,148.032,-0.7474974469864499,-0.19067231633745085,0.018066910702432513,-0.003666010923727217,0.0025361470897375393,-0.05768521549269474,-0.20019493909195754,0.018435099631479015,-4.0,5.258544198088291,1.745643955682646,1.70749744698645
2314.0,148.096,-0.7462282107125772,-0.19111818887675303,0.023868877166228895,-0.011712901424926802,-0.003159629857481694,-0.05419856942179071,-0.4561949390919575,0.026587879888523933,-4.0,5.257306540202792,1.7443463639153902,1.706228210712577
2315.0,148.16,-0.745784151288985,-0.19135859023604915,0.0,-0.0,-0.0020355389345102504,0.02925151000744236,-0.36019493909195743,0.0,4.0,5.256879021724073,1.743594468422377,1.7057841512889849
2316.0,148.224,-0.745784151288985,-0.19135859023604915,0.0,-0.0,-0.0020355389345102504,0.02925151000744236,-0.10419493909195747,0.0,4.0,5.256879021724073,1.743594468422377,1.7057841512889849
2317.0,148.288,-0.7457562924920822,-0.19135455615351496,0.0069564082774968,0.0010642053605446134,-0.005525367191550501,0.02872033679237983,0.15180506090804252,0.007037339637436713,4.0,5.256850959769265,1.7435900514445843,1.7057562924920822
2318.0,148.352,-0.745491457287868,-0.19126932395034854,0.0,0.0,0.007149044172919616,-0.06037596810979579,0.37580506090804255,0.0,-4.0,5.2565811493735675,1.7435931509809046,1.7054914572878679
2319.0,148.416,-0.745491457287868,-0.19126932395034854,0.0,0.0,0.007149044172919616,-0.06037596810979579,0.11980506090804258,0.0,-4.0,5.2565811493735675,1.7435931509809046,1.7054914572878679
2320.0,148.48,-0.7448545790585817,-0.19129987418738856,0.014215400359727523,-0.0019481258095673777,-0.0013660892186177498,-0.05968779053857286,-0.1361949390919574,0.014348268242448073,-4.0,5.255947598634532,1.7429420445131194,1.7048545790585816
2321.0,148.544,-0.7438825241973944,-0.1915712503950406,0.018781496455984325,-0.00776845976942556,-0.005800964126974395,-0.05719676904962701,-0.39219493909195746,0.020324703597231993,-4.0,5.254995228035822,1.741948273368092,1.7038825241973945
2322.0,148.608,-0.743522912948335,-0.1917371319843732,0.0,-0.0,-0.00652681223451923,0.029316416985053544,-0.2961949390919574,0.0,4.0,5.254647162844628,1.741573657483977,1.703522912948335
2323.0,148.672,-0.743522912948335,-0.1917371319843732,0.0,-0.0,-0.00652681223451923,0.029316416985053544,-0.04019493909195736,0.0,4.0,5.254647162844628,1.741573657483977,1.703522912948335
2324.0,148.736,-0.743522912948335,-0.1917371319843732,0.0,0.0,-0.00652681223451923,0.029316416985053544,0.21580506090804266,0.0,4.0,5.254647162844628,1.741573657483977,1.703522912948335
2325.0,148.8,-0.743386801150445,-0.1916896257011829,0.0,0.0,0.0024906882745544534,-0.061296719404755326,0.2798050609080426,0.0,-4.0,5.254508249759487,1.741441475573385,1.703386801150445
2326.0,148.864,-0.743327937526155,-0.1916877529085026,0.014719180711424808,0.00035045719498879804,-0.004999489218705966,-0.061498854030652764,0.023805060908042602,0.014723352235856463,-4.0,5.25444938893981,1.7413812969007125,1.703327937526155
2327.0,148.928,-0.7426913606743409,-0.19178000128680173,0.014088722229721294,-0.0033314168501495595,-0.006097534660579551,-0.05994011325812622,-0.2321949390919574,0.014477238420904152,-4.0,5.253820159899745,1.7407304985433516,1.7026913606743408
2328.0,148.992,-0.741789427343213,-0.19211987230029282,0.0,-0.0,-0.01045021133979962,0.029364866990552085,-0.4561949390919574,0.0,4.0,5.252942261973746,1.7398065747769924,1.701789427343213
2329.0,149.056,-0.741789427343213,-0.19211987230029282,0.0,-0.0,-0.01045021133979962,0.029364866990552085,-0.20019493909195737,0.0,4.0,5.252942261973746,1.7398065747769924,1.701789427343213
2330.0,149.12,-0.741789427343213,-0.19211987230029282,0.0,0.0,-0.01045021133979962,0.029364866990552085,0.055805060908042624,0.0,4.0,5.252942261973746,1.7398065747769924,1.701789427343213
2331.0,149.184,-0.741789427343213,-0.19211987230029282,0.0,0.0,-0.01045021133979962,0.029364866990552085,0.3118050609080426,0.0,4.0,5.252942261973746,1.7398065747769924,1.701789427343213
2332.0,149.248,-0.741653548982999,-0.1920572585245049,0.0,0.0,-0.001361358183715855,-0.06205661339975514,0.3758050609080428,0.0,-4.0,5.252802594394288,1.7396695015214672,1.701653548982999
2333.0,149.312,-0.741653548982999,-0.1920572585245049,0.0,0.0,-0.001361358183715855,-0.06205661339975514,0.11980506090804277,0.0,-4.0,5.252802594394288,1.7396695015214672,1.701653548982999
2334.0,149.376,-0.7413565631299415,-0.1920811264756003,0.0,-0.0,-0.0020228228098460588,-0.06219025250692084,-0.13619493909195723,0.0,-4.0,5.252507793326549,1.739365880827786,1.7013565631299414
2335.0,149.44,-0.7404454591942925,-0.19232708172043783,0.013489940248305625,-0.00557975017360908,-0.010799678461815398,-0.05979709871243823,-0.39219493909195735,0.014598359493544011,-4.0,5.251614650911595,1.7384344222882309,1.7004454591942926
2336.0,149.504,-0.7398170289745392,-0.19265208192302297,0.0,-0.0,-0.01542301024655679,0.02941826828484289,-0.4561949390919574,0.0,4.0,5.251008755122938,1.7375682134053163,1.6998170289745391
2337.0,149.568,-0.7398170289745392,-0.19265208192302297,0.0,-0.0,-0.01542301024655679,0.02941826828484289,-0.20019493909195737,0.0,4.0,5.251008755122938,1.7375682134053163,1.6998170289745391
2338.0,149.632,-0.7398170289745392,-0.19265208192302297,0.0,0.0,-0.01542301024655679,0.02941826828484289,0.055805060908042624,0.0,4.0,5.251008755122938,1.7375682134053163,1.6998170289745391
2339.0,149.696,-0.7398170289745392,-0.19265208192302297,0.0,0.0,-0.01542301024655679,0.02941826828484289,0.3118050609080426,0.0,4.0,5.251008755122938,1.7375682134053163,1.6998170289745391
2340.0,149.76,-0.7397900089309686,-0.1926351490560159,0.006720929360667692,0.0042871208002704725,-0.01872875520836398,0.02727589585956174,0.5678050609080427,0.00797184396656111,4.0,5.250980687744094,1.7375945869120006,1.6997900089309685
2341.0,149.824,-0.7396669116033521,-0.19253400580625302,0.0,0.0,-0.0057941123551876195,-0.06292690277777555,0.6318050609080427,0.0,-4.0,5.250851253814441,1.737638481480978,1.699666911603352
2342.0,149.888,-0.7396669116033521,-0.19253400580625302,0.0,0.0,-0.0057941123551876195,-0.06292690277777555,0.3758050609080428,0.0,-4.0,5.250851253814441,1.737638481480978,1.699666911603352
2343.0,149.952,-0.7396669116033521,-0.19253400580625302,0.0,0.0,-0.0057941123551876195,-0.06292690277777555,0.11980506090804277,0.0,-4.0,5.250851253814441,1.737638481480978,1.699666911603352
2344.0,150.016,-0.7396067440386584,-0.19254176151579228,0.015025898581840835,-0.0020591991852832374,-0.013441606459075217,-0.061924257990351575,-0.13619493909195723,0.01516634199391658,-4.0,5.250791720355868,1.7375769697370973,1.6996067440386584
2345.0,150.08,-0.7389750191267501,-0.19273986105623725,0.01377110491902003,-0.005696046361090599,-0.014227898244038362,-0.06037973304876501,-0.39219493909195735,0.014902626440944935,-4.0,5.2501742698115255,1.7369311317148661,1.69897501912675
2346.0,150.144,-0.7387046382094065,-0.19286458245027446,0.0,-0.0,-0.01779166974962626,0.0294500296782732,-0.2961949390919574,0.0,4.0,5.249912609586521,1.7365122164294173,1.6987046382094064
2347.0,150.208,-0.7387046382094065,-0.19286458245027446,0.0,-0.0,-0.01779166974962626,0.0294500296782732,-0.04019493909195736,0.0,4.0,5.249912609586521,1.7365122164294173,1.6987046382094064
2348.0,150.272,-0.7387046382094065,-0.19286458245027446,0.0,0.0,-0.01779166974962626,0.0294500296782732,0.21580506090804266,0.0,4.0,5.249912609586521,1.7365122164294173,1.6987046382094064
2349.0,150.336,-0.7387046382094065,-0.19286458245027446,0.0,0.0,-0.01779166974962626,0.0294500296782732,0.4718050609080427,0.0,4.0,5.249912609586521,1.7365122164294173,1.6987046382094064
2350.0,150.4,-0.7385675710926136,-0.19277244962280926,0.0,0.0,-0.00825515594015852,-0.06341224447186715,0.5358050609080427,0.0,-4.0,5.249769818680014,1.7365145810492704,1.6985675710926136
2351.0,150.464,-0.7385675710926136,-0.19277244962280926,0.0,0.0,-0.00825515594015852,-0.06341224447186715,0.2798050609080426,0.0,-4.0,5.249769818680014,1.7365145810492704,1.6985675710926136
2352.0,150.528,-0.7385675710926136,-0.19277244962280926,0.0,0.0,-0.00825515594015852,-0.06341224447186715,0.023805060908042602,0.0,-4.0,5.249769818680014,1.7365145810492704,1.6985675710926136
2353.0,150.592,-0.738265376154797,-0.1928262527638768,0.0,-0.0,-0.00893268039725098,-0.06354681380827377,-0.2321949390919574,0.0,-4.0,5.249471782056389,1.7362056348967776,1.698265376154797
2354.0,150.656,-0.7374062648440707,-0.19314163188141809,0.0,-0.0,-0.02071107000803496,0.029486606158204216,-0.4561949390919574,0.0,4.0,5.248635114251909,1.7352113336459083,1.6974062648440706
2355.0,150.72,-0.7374062648440707,-0.19314163188141809,0.0,-0.0,-0.02071107000803496,0.029486606158204216,-0.20019493909195737,0.0,4.0,5.248635114251909,1.7352113336459083,1.6974062648440706
2356.0,150.784,-0.7374062648440707,-0.19314163188141809,0.0,0.0,-0.02071107000803496,0.029486606158204216,0.055805060908042624,0.0,4.0,5.248635114251909,1.7352113336459083,1.6974062648440706
2357.0,150.848,-0.7374062648440707,-0.19314163188141809,0.0,0.0,-0.02071107000803496,0.029486606158204216,0.3118050609080426,0.0,4.0,5.248635114251909,1.7352113336459083,1.6974062648440706
2358.0,150.912,-0.7374062648440707,-0.19314163188141809,0.0,0.0,-0.02071107000803496,0.029486606158204216,0.5678050609080427,0.0,4.0,5.248635114251909,1.7352113336459083,1.6974062648440706
2359.0,150.976,-0.7372726284287634,-0.19303182916195577,0.0,0.0,-0.01116151735257842,-0.06398724041271481,0.6318050609080427,0.0,-4.0,5.248494586098696,1.7351907085959934,1.6972726284287634
2360.0,151.04,-0.7372726284287634,-0.19303182916195577,0.0,0.0,-0.01116151735257842,-0.06398724041271481,0.3758050609080428,0.0,-4.0,5.248494586098696,1.7351907085959934,1.6972726284287634
2361.0,151.104,-0.7372726284287634,-0.19303182916195577,0.0,0.0,-0.01116151735257842,-0.06398724041271481,0.11980506090804277,0.0,-4.0,5.248494586098696,1.7351907085959934,1.6972726284287634
2362.0,151.168,-0.7372726284287634,-0.19303182916195577,0.0,-0.0,-0.01116151735257842,-0.06398724041271481,-0.13619493909195723,0.0,-4.0,5.248494586098696,1.7351907085959934,1.6972726284287634
2363.0,151.232,-0.7369129955536298,-0.19313429544561878,0.014460733983150141,-0.005981292835091043,-0.019200471960486964,-0.06115415190982089,-0.39219493909195735,0.01564891981289906,-4.0,5.248142420677001,1.7348230413084964,1.6969129955536297
2364.0,151.296,-0.7363666718136206,-0.19341325570242687,0.0,-0.0,-0.02330908733436965,0.029514885835218906,-0.4561949390919574,0.0,4.0,5.247615514295287,1.7340524876299965,1.6963666718136206
2365.0,151.36,-0.7363666718136206,-0.19341325570242687,0.0,-0.0,-0.02330908733436965,0.029514885835218906,-0.20019493909195737,0.0,4.0,5.247615514295287,1.7340524876299965,1.6963666718136206
2366.0,151.424,-0.7363666718136206,-0.19341325570242687,0.0,0.0,-0.02330908733436965,0.029514885835218906,0.055805060908042624,0.0,4.0,5.247615514295287,1.7340524876299965,1.6963666718136206
2367.0,151.488,-0.7363666718136206,-0.19341325570242687,0.0,0.0,-0.02330908733436965,0.029514885835218906,0.3118050609080426,0.0,4.0,5.247615514295287,1.7340524876299965,1.6963666718136206
2368.0,151.552,-0.7363666718136206,-0.19341325570242687,0.0,0.0,-0.02330908733436965,0.029514885835218906,0.5678050609080427,0.0,4.0,5.247615514295287,1.7340524876299965,1.6963666718136206
2369.0,151.616,-0.7362367965230315,-0.19328787167850375,0.0,0.0,-0.013492136715744507,-0.06444453162031906,0.7918050609080426,0.0,-4.0,5.247477713349847,1.7341317355893073,1.6962367965230314
2370.0,151.68,-0.7362367965230315,-0.19328787167850375,0.0,0.0,-0.013492136715744507,-0.06444453162031906,0.5358050609080427,0.0,-4.0,5.247477713349847,1.7341317355893073,1.6962367965230314
2371.0,151.744,-0.7362367965230315,-0.19328787167850375,0.0,0.0,-0.013492136715744507,-0.06444453162031906,0.2798050609080426,0.0,-4.0,5.247477713349847,1.7341317355893073,1.6962367965230314
2372.0,151.808,-0.7362367965230315,-0.19328787167850375,0.0,0.0,-0.013492136715744507,-0.06444453162031906,0.023805060908042602,0.0,-4.0,5.247477713349847,1.7341317355893073,1.6962367965230314
2373.0,151.872,-0.7361751703305346,-0.1933019241939792,0.015377950386163072,-0.003636267519644401,-0.021319933639204536,-0.06265373320482631,-0.2321949390919574,0.01580201884423993,-4.0,5.247417138511222,1.7340687326310107,1.6961751703305346
2374.0,151.936,-0.7355938409418725,-0.1935422428343036,0.0,-0.0,-0.024870719977948708,0.029537461178722534,-0.4561949390919574,0.0,4.0,5.246852784281268,1.7333627427545357,1.6955938409418725
2375.0,152.0,-0.7355938409418725,-0.1935422428343036,0.0,-0.0,-0.024870719977948708,0.029537461178722534,-0.20019493909195737,0.0,4.0,5.246852784281268,1.7333627427545357,1.6955938409418725
2376.0,152.064,-0.7355938409418725,-0.1935422428343036,0.0,0.0,-0.024870719977948708,0.029537461178722534,0.055805060908042624,0.0,4.0,5.246852784281268,1.7333627427545357,1.6955938409418725
2377.0,152.12800000000001,-0.7355938409418725,-0.1935422428343036,0.0,0.0,-0.024870719977948708,0.029537461178722534,0.3118050609080426,0.0,4.0,5.246852784281268,1.7333627427545357,1.6955938409418725
2378.0,152.192,-0.7355938409418725,-0.1935422428343036,0.0,0.0,-0.024870719977948708,0.029537461178722534,0.5678050609080427,0.0,4.0,5.246852784281268,1.7333627427545357,1.6955938409418725
2379.0,152.256,-0.7354604965169942,-0.19341350964353946,0.0,0.0,-0.015242201216298601,-0.06479326766324617,0.7918050609080426,0.0,-4.0,5.246711298441689,1.7333380925793416,1.6954604965169942
2380.0,152.32,-0.7354604965169942,-0.19341350964353946,0.0,0.0,-0.015242201216298601,-0.06479326766324617,0.5358050609080427,0.0,-4.0,5.246711298441689,1.7333380925793416,1.6954604965169942
2381.0,152.38400000000001,-0.7354604965169942,-0.19341350964353946,0.0,0.0,-0.015242201216298601,-0.06479326766324617,0.2798050609080426,0.0,-4.0,5.246711298441689,1.7333380925793416,1.6954604965169942
2382.0,152.448,-0.7354604965169942,-0.19341350964353946,0.0,0.0,-0.015242201216298601,-0.06479326766324617,0.023805060908042602,0.0,-4.0,5.246711298441689,1.7333380925793416,1.6954604965169942
2383.0,152.512,-0.7354604965169942,-0.19341350964353946,0.0,-0.0,-0.015242201216298601,-0.06479326766324617,-0.2321949390919574,0.0,-4.0,5.246711298441689,1.7333380925793416,1.6954604965169942
2384.0,152.576,-0.7348053089129883,-0.19366301809911884,0.013954231711120977,-0.007410698510483101,-0.02369861570244436,-0.06137125120821013,-0.48819493909195744,0.015799969463923997,-4.0,5.24607385501125,1.7326682676945138,1.6948053089129882
2385.0,152.64000000000001,-0.7345325621039449,-0.1938221644536349,0.0,-0.0,-0.027546847714272404,0.02956626803161039,-0.39219493909195735,0.0,4.0,5.245812122493149,1.7321735265978098,1.6945325621039449
2386.0,152.704,-0.7345325621039449,-0.1938221644536349,0.0,-0.0,-0.027546847714272404,0.02956626803161039,-0.13619493909195732,0.0,4.0,5.245812122493149,1.7321735265978098,1.6945325621039449
2387.0,152.768,-0.7345325621039449,-0.1938221644536349,0.0,0.0,-0.027546847714272404,0.02956626803161039,0.11980506090804267,0.0,4.0,5.245812122493149,1.7321735265978098,1.6945325621039449
2388.0,152.832,-0.7345325621039449,-0.1938221644536349,0.0,0.0,-0.027546847714272404,0.02956626803161039,0.3758050609080426,0.0,4.0,5.245812122493149,1.7321735265978098,1.6945325621039449
2389.0,152.89600000000002,-0.7345325621039449,-0.1938221644536349,0.0,0.0,-0.027546847714272404,0.02956626803161039,0.6318050609080426,0.0,4.0,5.245812122493149,1.7321735265978098,1.6945325621039449
2390.0,152.96,-0.7344019153861259,-0.1936787922303725,0.0,0.0,-0.017633324920439897,-0.06526229342014539,0.8558050609080424,0.0,-4.0,5.245672361483023,1.7322558621162967,1.6944019153861258
2391.0,153.024,-0.7344019153861259,-0.1936787922303725,0.0,0.0,-0.017633324920439897,-0.06526229342014539,0.5998050609080426,0.0,-4.0,5.245672361483023,1.7322558621162967,1.6944019153861258
2392.0,153.088,-0.7344019153861259,-0.1936787922303725,0.0,0.0,-0.017633324920439897,-0.06526229342014539,0.34380506090804264,0.0,-4.0,5.245672361483023,1.7322558621162967,1.6944019153861258
2393.0,153.15200000000002,-0.7344019153861259,-0.1936787922303725,0.0,0.0,-0.017633324920439897,-0.06526229342014539,0.0878050609080427,0.0,-4.0,5.245672361483023,1.7322558621162967,1.6944019153861258
2394.0,153.216,-0.7344019153861259,-0.1936787922303725,0.0,-0.0,-0.017633324920439897,-0.06526229342014539,-0.1681949390919573,0.0,-4.0,5.245672361483023,1.7322558621162967,1.6944019153861258
2395.0,153.28,-0.7340400785817431,-0.19382170721004735,0.014720443496459335,-0.006647951638319888,-0.025812108327922967,-0.06209472219145526,-0.4241949390919574,0.016151988042278017,-4.0,5.24532066803821,1.7318859416624601,1.694040078581743
2396.0,153.344,-0.7337514538702443,-0.19396621708610798,0.0,-0.0,-0.029201831636421816,0.029588858135317607,-0.3281949390919573,0.0,4.0,5.24504213895231,1.7314441738683723,1.6937514538702443
2397.0,153.40800000000002,-0.7337514538702443,-0.19396621708610798,0.0,-0.0,-0.029201831636421816,0.029588858135317607,-0.07219493909195727,0.0,4.0,5.24504213895231,1.7314441738683723,1.6937514538702443
2398.0,153.472,-0.7337514538702443,-0.19396621708610798,0.0,0.0,-0.029201831636421816,0.029588858135317607,0.18380506090804272,0.0,4.0,5.24504213895231,1.7314441738683723,1.6937514538702443
2399.0,153.536,-0.7337514538702443,-0.19396621708610798,0.0,0.0,-0.029201831636421816,0.029588858135317607,0.4398050609080428,0.0,4.0,5.24504213895231,1.7314441738683723,1.6937514538702443
2400.0,153.6,-0.7337514538702443,-0.19396621708610798,0.0,0.0,-0.029201831636421816,0.029588858135317607,0.6958050609080427,0.0,4.0,5.24504213895231,1.7314441738683723,1.6937514538702443
2401.0,153.66400000000002,-0.7336267591324134,-0.19381042862478742,0.0,0.0,-0.019387691329338652,-0.0656114834365334,0.9198050609080427,0.0,-4.0,5.244907498206046,1.731463388410763,1.6936267591324135
2402.0,153.728,-0.7336267591324134,-0.19381042862478742,0.0,0.0,-0.019387691329338652,-0.0656114834365334,0.6638050609080427,0.0,-4.0,5.244907498206046,1.731463388410763,1.6936267591324135
2403.0,153.792,-0.7336267591324134,-0.19381042862478742,0.0,0.0,-0.019387691329338652,-0.0656114834365334,0.4078050609080428,0.0,-4.0,5.244907498206046,1.731463388410763,1.6936267591324135
2404.0,153.856,-0.7336267591324134,-0.19381042862478742,0.0,0.0,-0.019387691329338652,-0.0656114834365334,0.15180506090804277,0.0,-4.0,5.244907498206046,1.731463388410763,1.6936267591324135
2405.0,153.92000000000002,-0.7336267591324134,-0.19381042862478742,0.0,-0.0,-0.019387691329338652,-0.0656114834365334,-0.10419493909195722,0.0,-4.0,5.244907498206046,1.731463388410763,1.6936267591324135
2406.0,153.984,-0.7335651113134849,-0.1938330853016711,0.01536614868177835,-0.005787282291175707,-0.02721041478027414,-0.06274466479959251,-0.3601949390919572,0.0164198404872969,-4.0,5.244847468221149,1.7314003633428874,1.6935651113134849
2407.0,154.048,-0.7329992763313254,-0.19415698054930264,0.0,-0.0,-0.031066172416133353,0.02960944226389568,-0.5841949390919572,0.0,4.0,5.244304096192839,1.7306192867762282,1.6929992763313253
2408.0,154.112,-0.7329992763313254,-0.19415698054930264,0.0,-0.0,-0.031066172416133353,0.02960944226389568,-0.3281949390919572,0.0,4.0,5.244304096192839,1.7306192867762282,1.6929992763313253
2409.0,154.17600000000002,-0.7329992763313254,-0.19415698054930264,0.0,-0.0,-0.031066172416133353,0.02960944226389568,-0.07219493909195722,0.0,4.0,5.244304096192839,1.7306192867762282,1.6929992763313253
2410.0,154.24,-0.7329992763313254,-0.19415698054930264,0.0,0.0,-0.031066172416133353,0.02960944226389568,0.18380506090804277,0.0,4.0,5.244304096192839,1.7306192867762282,1.6929992763313253
2411.0,154.304,-0.7329992763313254,-0.19415698054930264,0.0,0.0,-0.031066172416133353,0.02960944226389568,0.4398050609080429,0.0,4.0,5.244304096192839,1.7306192867762282,1.6929992763313253
2412.0,154.368,-0.7329992763313254,-0.19415698054930264,0.0,0.0,-0.031066172416133353,0.02960944226389568,0.6958050609080428,0.0,4.0,5.244304096192839,1.7306192867762282,1.6929992763313253
2413.0,154.43200000000002,-0.7328705493828122,-0.19399615441029935,0.0,0.0,-0.02110198849923911,-0.06594815149826501,0.9198050609080427,0.0,-4.0,5.244165094735963,1.7306902844855132,1.6928705493828122
2414.0,154.496,-0.7328705493828122,-0.19399615441029935,0.0,0.0,-0.02110198849923911,-0.06594815149826501,0.6638050609080427,0.0,-4.0,5.244165094735963,1.7306902844855132,1.6928705493828122
2415.0,154.56,-0.7328705493828122,-0.19399615441029935,0.0,0.0,-0.02110198849923911,-0.06594815149826501,0.4078050609080428,0.0,-4.0,5.244165094735963,1.7306902844855132,1.6928705493828122
2416.0,154.624,-0.7328705493828122,-0.19399615441029935,0.0,0.0,-0.02110198849923911,-0.06594815149826501,0.15180506090804277,0.0,-4.0,5.244165094735963,1.7306902844855132,1.6928705493828122
2417.0,154.68800000000002,-0.7328705493828122,-0.19399615441029935,0.0,-0.0,-0.02110198849923911,-0.06594815149826501,-0.10419493909195722,0.0,-4.0,5.244165094735963,1.7306902844855132,1.6928705493828122
2418.0,154.752,-0.7328081572920827,-0.1940190846203915,0.015551663617277764,-0.005857151932762444,-0.02901938483640143,-0.06304677063665134,-0.3601949390919572,0.0166180766043614,-4.0,5.244104341220302,1.7306264985183617,1.6928081572920828
2419.0,154.816,-0.7322346606426514,-0.19434740972541964,0.0,-0.0,-0.032946643938748965,0.029630437543294624,-0.5841949390919572,0.0,4.0,5.243553631137469,1.7297889739611536,1.6922346606426513
2420.0,154.88,-0.7322346606426514,-0.19434740972541964,0.0,-0.0,-0.032946643938748965,0.029630437543294624,-0.3281949390919572,0.0,4.0,5.243553631137469,1.7297889739611536,1.6922346606426513
2421.0,154.94400000000002,-0.7322346606426514,-0.19434740972541964,0.0,-0.0,-0.032946643938748965,0.029630437543294624,-0.07219493909195722,0.0,4.0,5.243553631137469,1.7297889739611536,1.6922346606426513
2422.0,155.008,-0.7322346606426514,-0.19434740972541964,0.0,0.0,-0.032946643938748965,0.029630437543294624,0.18380506090804277,0.0,4.0,5.243553631137469,1.7297889739611536,1.6922346606426513
2423.0,155.072,-0.7322346606426514,-0.19434740972541964,0.0,0.0,-0.032946643938748965,0.029630437543294624,0.4398050609080429,0.0,4.0,5.243553631137469,1.7297889739611536,1.6922346606426513
2424.0,155.136,-0.7322346606426514,-0.19434740972541964,0.0,0.0,-0.032946643938748965,0.029630437543294624,0.6958050609080428,0.0,4.0,5.243553631137469,1.7297889739611536,1.6922346606426513
2425.0,155.20000000000002,-0.7321017516283227,-0.19418135868591255,0.0,0.0,-0.022847674074952973,-0.06629131903936153,0.9198050609080427,0.0,-4.0,5.243410106701463,1.7299043113318573,1.6921017516283228
2426.0,155.264,-0.7321017516283227,-0.19418135868591255,0.0,0.0,-0.022847674074952973,-0.06629131903936153,0.6638050609080427,0.0,-4.0,5.243410106701463,1.7299043113318573,1.6921017516283228
2427.0,155.328,-0.7321017516283227,-0.19418135868591255,0.0,0.0,-0.022847674074952973,-0.06629131903936153,0.4078050609080428,0.0,-4.0,5.243410106701463,1.7299043113318573,1.6921017516283228
2428.0,155.392,-0.7321017516283227,-0.19418135868591255,0.0,0.0,-0.022847674074952973,-0.06629131903936153,0.15180506090804277,0.0,-4.0,5.243410106701463,1.7299043113318573,1.6921017516283228
2429.0,155.45600000000002,-0.7321017516283227,-0.19418135868591255,0.0,-0.0,-0.022847674074952973,-0.06629131903936153,-0.10419493909195722,0.0,-4.0,5.243410106701463,1.7299043113318573,1.6921017516283228
2430.0,155.52,-0.7320385700481639,-0.194204579047501,0.015748449361960633,-0.00593126644765774,-0.03086549128180177,-0.06335327534743054,-0.3601949390919572,0.016828356395659938,-4.0,5.243348585656775,1.7298397182376133,1.692038570048164
2431.0,155.584,-0.7317397563005607,-0.19436021877084989,0.0,-0.0,-0.03359464598863865,0.02964667929970837,-0.42419493909195727,0.0,4.0,5.243060636491606,1.729511607545523,1.6917397563005605
2432.0,155.648,-0.7317397563005607,-0.19436021877084989,0.0,-0.0,-0.03359464598863865,0.02964667929970837,-0.16819493909195724,0.0,4.0,5.243060636491606,1.729511607545523,1.6917397563005605
2433.0,155.712,-0.7317397563005607,-0.19436021877084989,0.0,0.0,-0.03359464598863865,0.02964667929970837,0.08780506090804276,0.0,4.0,5.243060636491606,1.729511607545523,1.6917397563005605
2434.0,155.776,-0.7317397563005607,-0.19436021877084989,0.0,0.0,-0.03359464598863865,0.02964667929970837,0.34380506090804275,0.0,4.0,5.243060636491606,1.729511607545523,1.6917397563005605
2435.0,155.84,-0.7317397563005607,-0.19436021877084989,0.0,0.0,-0.03359464598863865,0.02964667929970837,0.5998050609080428,0.0,4.0,5.243060636491606,1.729511607545523,1.6917397563005605
2436.0,155.904,-0.7317397563005607,-0.19436021877084989,0.0,0.0,-0.03359464598863865,0.02964667929970837,0.8558050609080425,0.0,4.0,5.243060636491606,1.729511607545523,1.6917397563005605
2437.0,155.968,-0.7316053635850053,-0.19419231405623835,0.0,0.0,-0.02397633758128659,-0.06652190660106484,0.7598050609080427,0.0,-4.0,5.24291550850734,1.7293968336843684,1.6916053635850052
2438.0,156.032,-0.7316053635850053,-0.19419231405623835,0.0,0.0,-0.02397633758128659,-0.06652190660106484,0.5038050609080428,0.0,-4.0,5.24291550850734,1.7293968336843684,1.6916053635850052
2439.0,156.096,-0.7316053635850053,-0.19419231405623835,0.0,0.0,-0.02397633758128659,-0.06652190660106484,0.24780506090804275,0.0,-4.0,5.24291550850734,1.7293968336843684,1.6916053635850052
2440.0,156.16,-0.7316053635850053,-0.19419231405623835,0.0,-0.0,-0.02397633758128659,-0.06652190660106484,-0.008194939091957232,0.0,-4.0,5.24291550850734,1.7293968336843684,1.6916053635850052
2441.0,156.224,-0.7316053635850053,-0.19419231405623835,0.0,-0.0,-0.02397633758128659,-0.06652190660106484,-0.26419493909195724,0.0,-4.0,5.24291550850734,1.7293968336843684,1.6916053635850052
2442.0,156.288,-0.731243034743666,-0.19437734813837412,0.014641482579196848,-0.008386944366648932,-0.03212168418376149,-0.06248274573139265,-0.5201949390919572,0.016873465794737873,-4.0,5.242566112741445,1.7290264102011765,1.691243034743666
2443.0,156.352,-0.7309573511172169,-0.19455653494572547,0.0,-0.0,-0.03553093869873675,0.029668176884673582,-0.42419493909195727,0.0,4.0,5.242292820415611,1.728658547054336,1.690957351117217
2444.0,156.416,-0.7309573511172169,-0.19455653494572547,0.0,-0.0,-0.03553093869873675,0.029668176884673582,-0.16819493909195724,0.0,4.0,5.242292820415611,1.728658547054336,1.690957351117217
2445.0,156.48,-0.7309573511172169,-0.19455653494572547,0.0,0.0,-0.03553093869873675,0.029668176884673582,0.08780506090804276,0.0,4.0,5.242292820415611,1.728658547054336,1.690957351117217
2446.0,156.544,-0.7309573511172169,-0.19455653494572547,0.0,0.0,-0.03553093869873675,0.029668176884673582,0.34380506090804275,0.0,4.0,5.242292820415611,1.728658547054336,1.690957351117217
2447.0,156.608,-0.7309573511172169,-0.19455653494572547,0.0,0.0,-0.03553093869873675,0.029668176884673582,0.5998050609080428,0.0,4.0,5.242292820415611,1.728658547054336,1.690957351117217
2448.0,156.672,-0.7309573511172169,-0.19455653494572547,0.0,0.0,-0.03553093869873675,0.029668176884673582,0.8558050609080425,0.0,4.0,5.242292820415611,1.728658547054336,1.690957351117217
2449.0,156.736,-0.7308328155277114,-0.19437253085788395,0.0,0.0,-0.025735313599419773,-0.06686823433870497,0.9198050609080425,0.0,-4.0,5.242156463137191,1.7286070264439126,1.6908328155277115
2450.0,156.8,-0.7308328155277114,-0.19437253085788395,0.0,0.0,-0.025735313599419773,-0.06686823433870497,0.6638050609080427,0.0,-4.0,5.242156463137191,1.7286070264439126,1.6908328155277115
2451.0,156.864,-0.7308328155277114,-0.19437253085788395,0.0,0.0,-0.025735313599419773,-0.06686823433870497,0.4078050609080428,0.0,-4.0,5.242156463137191,1.7286070264439126,1.6908328155277115
2452.0,156.928,-0.7308328155277114,-0.19437253085788395,0.0,0.0,-0.025735313599419773,-0.06686823433870497,0.15180506090804277,0.0,-4.0,5.242156463137191,1.7286070264439126,1.6908328155277115
2453.0,156.992,-0.7308328155277114,-0.19437253085788395,0.0,-0.0,-0.025735313599419773,-0.06686823433870497,-0.10419493909195722,0.0,-4.0,5.242156463137191,1.7286070264439126,1.6908328155277115
2454.0,157.056,-0.7308328155277114,-0.19437253085788395,0.0,-0.0,-0.025735313599419773,-0.06686823433870497,-0.3601949390919572,0.0,-4.0,5.242156463137191,1.7286070264439126,1.6908328155277115
2455.0,157.12,-0.7302378838925911,-0.1947132415797134,0.0,-0.0,-0.03719103528112705,0.029688530450928383,-0.5841949390919572,0.0,4.0,5.241585212607503,1.7279301891316647,1.690237883892591
2456.0,157.184,-0.7302378838925911,-0.1947132415797134,0.0,-0.0,-0.03719103528112705,0.029688530450928383,-0.3281949390919572,0.0,4.0,5.241585212607503,1.7279301891316647,1.690237883892591
2457.0,157.248,-0.7302378838925911,-0.1947132415797134,0.0,-0.0,-0.03719103528112705,0.029688530450928383,-0.07219493909195722,0.0,4.0,5.241585212607503,1.7279301891316647,1.690237883892591
2458.0,157.312,-0.7302378838925911,-0.1947132415797134,0.0,0.0,-0.03719103528112705,0.029688530450928383,0.18380506090804277,0.0,4.0,5.241585212607503,1.7279301891316647,1.690237883892591
2459.0,157.376,-0.7302378838925911,-0.1947132415797134,0.0,0.0,-0.03719103528112705,0.029688530450928383,0.4398050609080429,0.0,4.0,5.241585212607503,1.7279301891316647,1.690237883892591
2460.0,157.44,-0.7302378838925911,-0.1947132415797134,0.0,0.0,-0.03719103528112705,0.029688530450928383,0.6958050609080428,0.0,4.0,5.241585212607503,1.7279301891316647,1.690237883892591
2461.0,157.504,-0.7302110805195506,-0.19467624674338815,0.006626639950865552,0.009302019298473548,-0.030466350486064553,-0.07178571944072168,0.9518050609080427,0.011421029728863406,4.0,5.241556034409877,1.7279714015058216,1.6902110805195507
2462.0,157.568,-0.7302110805195506,-0.19467624674338815,0.0,0.0,-0.02715303051063178,-0.06713470979148492,0.6958050609080427,0.0,-4.0,5.241556034409877,1.7279714015058216,1.6902110805195507
2463.0,157.632,-0.7302110805195506,-0.19467624674338815,0.0,0.0,-0.02715303051063178,-0.06713470979148492,0.4398050609080429,0.0,-4.0,5.241556034409877,1.7279714015058216,1.6902110805195507
2464.0,157.696,-0.7302110805195506,-0.19467624674338815,0.0,0.0,-0.02715303051063178,-0.06713470979148492,0.18380506090804286,0.0,-4.0,5.241556034409877,1.7279714015058216,1.6902110805195507
2465.0,157.76,-0.7302110805195506,-0.19467624674338815,0.0,-0.0,-0.02715303051063178,-0.06713470979148492,-0.07219493909195712,0.0,-4.0,5.241556034409877,1.7279714015058216,1.6902110805195507
2466.0,157.824,-0.7302110805195506,-0.19467624674338815,0.0,-0.0,-0.02715303051063178,-0.06713470979148492,-0.32819493909195707,0.0,-4.0,5.241556034409877,1.7279714015058216,1.6902110805195507
2467.0,157.888,-0.72989780724514,-0.1948268781652798,0.0,-0.0,-0.03818194254214102,0.02969715866155716,-0.3921949390919571,0.0,4.0,5.241253347257003,1.7274927507368034,1.6898978072451398
2468.0,157.952,-0.72989780724514,-0.1948268781652798,0.0,-0.0,-0.03818194254214102,0.02969715866155716,-0.13619493909195696,0.0,4.0,5.241253347257003,1.7274927507368034,1.6898978072451398
2469.0,158.016,-0.72989780724514,-0.1948268781652798,0.0,0.0,-0.03818194254214102,0.02969715866155716,0.11980506090804305,0.0,4.0,5.241253347257003,1.7274927507368034,1.6898978072451398
2470.0,158.08,-0.72989780724514,-0.1948268781652798,0.0,0.0,-0.03818194254214102,0.02969715866155716,0.3758050609080431,0.0,4.0,5.241253347257003,1.7274927507368034,1.6898978072451398
2471.0,158.144,-0.72989780724514,-0.1948268781652798,0.0,0.0,-0.03818194254214102,0.02969715866155716,0.631805060908043,0.0,4.0,5.241253347257003,1.7274927507368034,1.6898978072451398
2472.0,158.208,-0.72989780724514,-0.1948268781652798,0.0,0.0,-0.03818194254214102,0.02969715866155716,0.887805060908043,0.0,4.0,5.241253347257003,1.7274927507368034,1.6898978072451398
2473.0,158.272,-0.7297738873802788,-0.19463053040324688,0.0,0.0,-0.028151077912785594,-0.06734307436124418,0.951805060908043,0.0,-4.0,5.241116781336842,1.727524441211747,1.6897738873802788
2474.0,158.336,-0.7297738873802788,-0.19463053040324688,0.0,0.0,-0.028151077912785594,-0.06734307436124418,0.6958050609080431,0.0,-4.0,5.241116781336842,1.727524441211747,1.6897738873802788
2475.0,158.4,-0.7297738873802788,-0.19463053040324688,0.0,0.0,-0.028151077912785594,-0.06734307436124418,0.43980506090804317,0.0,-4.0,5.241116781336842,1.727524441211747,1.6897738873802788
2476.0,158.464,-0.7297738873802788,-0.19463053040324688,0.0,0.0,-0.028151077912785594,-0.06734307436124418,0.18380506090804308,0.0,-4.0,5.241116781336842,1.727524441211747,1.6897738873802788
2477.0,158.528,-0.7297738873802788,-0.19463053040324688,0.0,-0.0,-0.028151077912785594,-0.06734307436124418,-0.0721949390919569,0.0,-4.0,5.241116781336842,1.727524441211747,1.6897738873802788
2478.0,158.592,-0.7297738873802788,-0.19463053040324688,0.0,-0.0,-0.028151077912785594,-0.06734307436124418,-0.32819493909195696,0.0,-4.0,5.241116781336842,1.727524441211747,1.6897738873802788
2479.0,158.656,-0.7293990543487989,-0.1948207417044884,0.01469376334944013,-0.009715231362203869,-0.03635439440190685,-0.0626459087578568,-0.584194939091957,0.01761511855737848,-4.0,5.240755271288076,1.7271412341873689,1.689399054348799
2480.0,158.72,-0.7291169467318583,-0.19502393282559605,0.0,-0.0,-0.040128498060812146,0.02971855674207789,-0.8401949390919567,0.0,-4.0,5.2404871488079,1.7266387231583882,1.6891169467318583
2481.0,158.784,-0.7291169467318583,-0.19502393282559605,0.0,-0.0,-0.040128498060812146,0.02971855674207789,-1.0961949390919568,0.0,-4.0,5.2404871488079,1.7266387231583882,1.6891169467318583
2482.0,158.848,-0.7291169467318583,-0.19502393282559605,0.0,-0.0,-0.040128498060812146,0.02971855674207789,-1.352194939091957,0.0,-4.0,5.2404871488079,1.7266387231583882,1.6891169467318583
2483.0,158.912,-0.7291169467318583,-0.19502393282559605,-0.0,-0.0,-0.040128498060812146,0.02971855674207789,-1.6081949390919572,0.0,-4.0,5.2404871488079,1.7266387231583882,1.6891169467318583
2484.0,158.976,-0.7291169467318583,-0.19502393282559605,-0.0,-0.0,-0.040128498060812146,0.02971855674207789,-1.8641949390919574,0.0,-4.0,5.2404871488079,1.7266387231583882,1.6891169467318583
2485.0,159.04,-0.7291169467318583,-0.19502393282559605,-0.0,-0.0,-0.040128498060812146,0.02971855674207789,-2.1201949390919577,0.0,-4.0,5.2404871488079,1.7266387231583882,1.6891169467318583
2486.0,159.104,-0.7293145004537693,-0.19523287363175273,-0.008636429544722313,-0.008297694298210473,-0.03666344308514674,0.03385522860555731,-2.376194939091958,0.011976629156298824,-4.0,5.240698033820695,1.7262454347746357,1.6893145004537693
2487.0,159.168,-0.729985531820333,-0.19572241807803398,-0.015651904446316263,-0.008742656906311933,-0.03491060042012506,0.03404160709035497,-2.632194939091958,0.01792808307037031,-4.0,5.241399875358846,1.7254279877100418,1.689985531820333
2488.0,159.232,-0.7312484366895758,-0.1962139237201217,-0.026160075564484214,-0.006811981966954637,-0.0307218815970261,0.03301945460770611,-2.8868536004821106,0.02703243703141911,-3.7103715548662293,5.2426924654555895,1.7249016521105984,1.691248436689576
2489.0,159.296,-0.733069283215357,-0.19646316091830285,-0.03199378724757699,-0.0010605948417693667,-0.02694435648086091,0.03007525843159907,-3.108454763877039,0.03201136179330095,-3.0367289214471995,5.24452579789685,1.7252244990221126,1.6930692832153569
2490.0,159.36,-0.7351266812397323,-0.19633720162504317,-0.03264967898536032,0.004850305657849759,-0.023522757882359413,0.0270553823856073,2.9941152308032235,0.03300798392543308,-2.4898307686247714,5.246570387010699,1.7265488746017068,1.6951266812397323
2491.0,159.424,-0.7371468114696461,-0.19587779958092622,-0.03016267535704937,0.009214442417513546,-0.019997483040839426,0.024820564426112388,2.8451053864745584,0.031538752888477156,-2.1162230435056015,5.2485558182351095,1.728639640466281,1.6971468114696462
2492.0,159.488,-0.7389769345976441,-0.19518642281153886,-0.02635371861301063,0.011951474096456857,-0.016182143375905955,0.023411782467031628,2.7158299664696135,0.028937107972498256,-1.9255510366220054,5.250336464241083,1.7311816099586397,1.6989769345976442
2493.0,159.552,-0.7405575023990151,-0.19435290544510772,-0.022257466196020478,0.013549718400465389,-0.012104532330193263,0.02258297768096891,2.5947482319164177,0.02605743023014558,-1.8960816990991425,5.251858895613922,1.7339335674312968,1.7005575023990152
2494.0,159.616,-0.7418797456750633,-0.19343603176376745,-0.01834227963284326,0.014511341372199496,-0.007847455319254015,0.022080814833904273,2.4722765327976064,0.02338842129238152,-1.9917016549301545,5.253118271658473,1.7367527684449124,1.7018797456750634
2495.0,159.68,-0.7429576725665202,-0.19246644639989074,-0.014778675287375982,0.015222733027352407,-0.0034667552436273286,0.02171023437741216,2.3413943410774833,0.021216522902486715,-2.169263357069598,5.254130605840886,1.7395740928011436,1.7029576725665203
2496.0,159.744,-0.7437663045250846,-0.19151706719712772,-0.0,0.0,0.0033322111585467606,-0.06113810614888815,2.2235053375684397,0.0,4.0,5.254875732465954,1.7418294572791675,1.7037663045250846
2497.0,159.808,-0.7437663045250846,-0.19151706719712772,-0.0,0.0,0.0033322111585467606,-0.06113810614888815,2.47950533756844,0.0,4.0,5.254875732465954,1.7418294572791675,1.7037663045250846
2498.0,159.872,-0.7437663045250846,-0.19151706719712772,-0.0,0.0,0.0033322111585467606,-0.06113810614888815,2.73550533756844,0.0,4.0,5.254875732465954,1.7418294572791675,1.7037663045250846
2499.0,159.936,-0.7437663045250846,-0.19151706719712772,-0.0,0.0,0.0033322111585467606,-0.06113810614888815,2.9915053375684404,0.0,4.0,5.254875732465954,1.7418294572791675,1.7037663045250846
