step,time,x,y,z,vx,vy,vz,roll,pitch,yaw,yaw_rate,desired_vx_body,desired_vy_body,desired_yaw_rate,desired_altitude,goal_distance,signed_clearance,motor_m1,motor_m2,motor_m3,motor_m4
0.0,2.048,9.338845444148189e-17,-3.1817373365354544e-17,0.014979249996182397,0.0,0.0,0.0,0.0,0.0,0.0,-6.981470033083419e-17,0.0,0.0,0.0,0.5784,3.268534422510439,1.1302155139318024,141.7588470081352,141.7588470081352,141.7588470081352,141.7588470081352
1.0,2.08,9.367453874388411e-17,-3.1880864028213983e-17,0.014979480934973938,8.940134450069328e-18,-1.984083214357473e-18,7.216837235668801e-06,0.0,0.0,0.0,1.1307098009896566e-16,0.0,0.0,0.0,0.5784,3.2685343754667815,1.1302154720395987,53.8144637095151,53.8144637095151,53.8144637095151,53.8144637095151
2.0,2.112,9.403295112666963e-17,-3.1170249785533434e-17,0.01497967167747283,1.1200386962047553e-17,2.2206695083767135e-17,5.960703090346955e-06,0.0,0.0,0.0,-1.3547939132965542e-18,0.0,0.0,0.0,0.5784,3.268534336611369,1.1302154374390208,53.90461533529244,53.90461533529244,53.90461533529244,53.90461533529244
3.0,2.144,9.506948313582072e-17,-3.1263519367149376e-17,0.01497983262324961,3.239162528597164e-17,-2.9146744254981766e-18,5.029555524393554e-06,0.0,0.0,0.0,-1.3576362590167879e-16,0.0,0.0,0.0,0.5784,3.2685343038257386,1.130215408243575,53.99476560835278,53.99476560835278,53.99476560835278,53.99476560835278
4.0,2.176,9.552536943918599e-17,-3.147438031437268e-17,0.014979972091757245,1.4246446980164658e-17,-6.589404600728199e-18,4.3583908635987405e-06,0.0,0.0,0.0,3.2603986080819756e-17,0.0,0.0,0.0,0.5784,3.2685342754151647,1.1302153829441082,54.08491477395633,54.08491477395633,54.08491477395633,54.08491477395633
5.0,2.208,9.555589438600887e-17,-3.084891277784354e-17,0.01498009673839559,9.539045882148639e-19,1.9545860516535636e-17,3.895207448256773e-06,0.0,0.0,0.0,3.381044631524452e-17,0.0,0.0,0.0,0.5784,3.268534250023899,1.1302153603333296,54.17506302792888,54.17506302792888,54.17506302792888,54.17506302792888
6.0,2.24,9.554335892087026e-17,-3.0244708075904005e-17,0.014980211887354504,-3.9173328558143246e-19,1.8881396935610383e-17,3.5984049660884935e-06,0.0,0.0,0.0,3.9303061421162826e-17,0.0,0.0,0.0,0.5784,3.2685342265673722,1.1302153394454326,54.26521052654972,54.26521052654972,54.26521052654972,54.26521052654972
7.0,2.2720000000000002,9.55187190221478e-17,-2.961334565955162e-17,0.014980321797881866,-7.699968350769864e-19,1.973007551101207e-17,3.4347039800535777e-06,0.0,0.0,0.0,-4.9001673471614205e-18,0.0,0.0,0.0,0.5784,3.2685342041779486,1.130215319507792,54.35535739446172,54.35535739446172,54.35535739446172,54.35535739446172
8.0,2.3040000000000003,9.709490896575044e-17,-2.923047754260785e-17,0.014980429877292773,4.9255935737582657e-17,1.1964628654492838e-17,3.3774815908459125e-06,0.0,0.0,0.0,1.0557022918589218e-16,0.0,0.0,0.0,0.5784,3.2685341821615372,1.1302152999023238,54.44550373099919,54.44550373099919,54.44550373099919,54.44550373099919
9.0,2.336,9.572996320977993e-17,-2.904957490169144e-17,0.01498053885137274,-4.2654554874079206e-17,5.65320752863778e-18,3.405439998949807e-06,0.0,0.0,0.0,1.0223050435508597e-17,0.0,0.0,0.0,0.5784,3.26853415996288,1.130215280134574,54.535649615250115,54.53564961525013,54.53564961525013,54.535649615250115
10.0,2.368,9.569588225138188e-17,-2.9911483281105065e-17,0.014980650900696925,-1.0650299499390425e-18,-2.6934636856675748e-17,3.501541380793429e-06,0.0,0.0,0.0,2.6318140979233044e-17,0.0,0.0,0.0,0.5784,3.2685341371377814,1.1302152598089898,54.62579511010588,54.62579511010586,54.62579511010586,54.62579511010588
11.0,2.4,9.6160443458044e-17,-3.007560955548265e-17,0.014980767769682862,1.4517537708191174e-17,-5.128946074299528e-18,3.6521558105214216e-06,0.0,0.0,0.0,9.404056629831052e-17,0.0,0.0,0.0,0.5784,3.268534113330894,1.130215238609137,54.715940265500706,54.715940265500706,54.715940265500706,54.715940265500706
12.0,2.432,9.712604444799778e-17,-2.957562929814902e-17,0.014980890853830493,3.0175030936055817e-17,1.562438304167596e-17,3.846379613469186e-06,0.0,0.0,0.0,-6.374837819754652e-17,0.0,0.0,0.0,0.5784,3.2685340882579457,1.1302152162818766,54.806085121003605,54.806085121003605,54.806085121003605,54.806085121003605
13.0,2.464,9.752710309269641e-17,-2.8841662514842905e-17,0.014981021269512517,1.2533082646832152e-17,2.293646197831604e-17,4.075490063265224e-06,0.0,0.0,0.0,7.117121840619224e-17,0.0,0.0,0.0,0.5784,3.2685340616915273,1.1302151926247022,54.896229707891415,54.896229707891415,54.896229707891415,54.896229707891415
14.0,2.496,9.803104877977288e-17,-2.859074848514019e-17,0.014981159909805275,1.5748302721139465e-17,7.841063428209779e-18,4.332509148695977e-06,0.0,0.0,0.0,2.7671721509548882e-17,0.0,0.0,0.0,0.5784,3.2685340334497135,1.1302151674756136,54.986374050807484,54.986374050807484,54.986374050807484,54.986374050807484
15.0,2.528,9.774240873534953e-17,-2.9614302111892247e-17,0.014981307489152402,-9.020001388229528e-18,-3.1986050836001685e-17,4.611854597703648e-06,0.0,0.0,0.0,6.557553574074878e-17,0.0,0.0,0.0,0.5784,3.2685340033869705,1.1302151407050154,55.076518169088516,55.076518169088516,55.076518169088516,55.076518169088516
16.0,2.56,9.912466552138924e-17,-2.9321209559474247e-17,0.014981464579094845,4.319552456374089e-17,9.159142263062494e-18,4.90906070134411e-06,0.0,0.0,0.0,-4.2315619938760866e-18,0.0,0.0,0.0,0.5784,3.2685339713868724,1.1302151122092348,55.166662077825904,55.16666207782589,55.166662077825904,55.16666207782592
17.0,2.592,1.0036473553613384e-16,-2.9026788565896134e-17,0.014981631636854198,3.875218796076857e-17,9.200656049316007e-18,5.220554979794546e-06,0.0,0.0,0.0,-1.0985015846799499e-17,0.0,0.0,0.0,0.5784,3.2685339373562825,1.1302150819053367,55.25680578871504,55.25680578871504,55.25680578871504,55.25680578871504
18.0,2.624,9.971009419931345e-17,-2.912258942506965e-17,0.014981809028198803,-2.0457541775637175e-17,-2.993776849172369e-18,5.543479518900057e-06,0.0,0.0,0.0,-2.9411737965719666e-17,0.0,0.0,0.0,0.5784,3.2685339012206933,1.1302150497269756,55.346949310734374,55.346949310734374,55.346949310734374,55.346949310734374
19.0,2.656,9.882562424444746e-17,-2.9611051425188305e-17,0.014981997045736188,-2.7639686089562063e-17,-1.526443750370794e-17,5.87554804327072e-06,0.0,0.0,0.0,-3.00173140682496e-17,0.0,0.0,0.0,0.5784,3.2685338629205,1.1302150156210786,55.43709265068905,55.43709265068905,55.43709265068905,55.43709265068905
20.0,2.688,9.889293036856282e-17,-2.89956710607102e-17,0.014982195923546656,2.1033163786050767e-18,1.9230636389940753e-17,6.214931577133616e-06,0.0,0.0,0.0,-1.0122189187873886e-17,0.0,0.0,0.0,0.5784,3.268533822408022,1.1302149795451886,55.527235813645525,55.527235813645525,55.527235813645525,55.527235813645525
21.0,2.72,9.809885499147985e-17,-2.8556291193577554e-17,0.014982405848889883,-2.4814855533842864e-17,1.3730620847895176e-17,6.5601669758334004e-06,0.0,0.0,0.0,4.7039297367511325e-18,0.0,0.0,0.0,0.5784,3.268533779645114,1.1302149414653433,55.61737880327927,55.61737880327927,55.61737880327927,55.61737880327927
22.0,2.7520000000000002,9.751042940998373e-17,-2.849873785706404e-17,0.014982626971569947,-1.8388299421753776e-17,1.7985417660472837e-18,6.910083751997681e-06,0.0,0.0,0.0,-7.153311391400273e-18,0.0,0.0,0.0,0.5784,3.268533734601263,1.1302149013543745,55.707521622153145,55.707521622153145,55.707521622153145,55.707521622153145
23.0,2.7840000000000003,9.677130342003236e-17,-2.9602668630882444e-17,0.014982859411427187,-2.3097687185980345e-17,-3.449783668182507e-17,7.2637455387569995e-06,0.0,0.0,0.0,1.2532599704950223e-18,0.0,0.0,0.0,0.5784,3.26853368725206,1.13021485919055,55.79766427193981,55.79766427193981,55.79766427193981,55.79766427193981
24.0,2.816,9.670889634417174e-17,-2.872459267418508e-17,0.014983103264331528,-1.950221120644389e-18,2.7439873646792992e-17,7.620403260667862e-06,0.0,0.0,0.0,-2.757076417876622e-20,0.0,0.0,0.0,0.5784,3.2685336375779763,1.1302148149564861,55.887806753599854,55.887806753599854,55.88780675359987,55.88780675359987
25.0,2.848,9.741485876553193e-17,-2.960267831149945e-17,0.014983358606977042,2.2061325667506143e-17,-2.7440176166074115e-17,7.979457672304534e-06,0.0,0.0,0.0,-5.2582685541431545e-17,0.0,0.0,0.0,0.5784,3.2685335855633926,1.1302147686382777,55.97794906752423,55.97794906752423,55.977949067524214,55.977949067524214
26.0,2.88,9.741772907577177e-17,-2.8722071290904347e-17,0.014983625500717489,8.969719499501448e-20,2.751896939359702e-17,8.340429388960489e-06,0.0,0.0,0.0,-4.573690600198625e-17,0.0,0.0,0.0,0.5784,3.2685335311958132,1.1302147202248032,56.068091213648124,56.068091213648124,56.06809121364814,56.06809121364814
27.0,2.912,9.731990232559651e-17,-2.941235537793416e-17,0.014983903994634673,-3.057085942976909e-18,-2.157137771968159e-17,8.702934912009968e-06,0.0,0.0,0.0,1.3549039669798411e-17,0.0,0.0,0.0,0.5784,3.2685334744652423,1.1302146697071673,56.158233191542216,56.158233191542216,56.1582331915422,56.1582331915422
28.0,2.944,9.66006287544633e-17,-2.956613111674412e-17,0.014984194127993082,-2.2477299097912715e-17,-4.8054918378112244e-18,9.066667450293659e-06,0.0,0.0,0.0,2.5991994135421756e-17,0.0,0.0,0.0,0.5784,3.2685334153636845,1.1302146170782559,56.24837500048544,56.24837500048544,56.24837500048544,56.24837500048544
29.0,2.976,9.65987247935951e-17,-3.0158209375160677e-17,0.01498449593220354,-5.949877713139378e-20,-1.8502445575517457e-17,9.43138157681469e-06,0.0,0.0,0.0,2.1272608442579503e-17,0.0,0.0,0.0,0.5784,3.2685333538847443,1.1302145623323798,56.33851663952356,56.33851663952356,56.33851663952356,56.33851663952356
30.0,3.008,9.786758866161031e-17,-3.0041600153805565e-17,0.014984809432394088,3.96519958754752e-17,3.6440381673472206e-18,9.796880954594271e-06,0.0,0.0,0.0,4.413978204764464e-17,0.0,0.0,0.0,0.5784,3.2685332900233064,1.1302145054649901,56.428658107515574,56.428658107515574,56.428658107515574,56.428658107515574
31.0,3.04,9.720802854921757e-17,-3.019003692075228e-17,0.014985134648666675,-2.0611253512272976e-17,-4.638648967084752e-18,1.0163008518353648e-05,0.0,0.0,0.0,6.074028873361304e-18,0.0,0.0,0.0,0.5784,3.2685332237752784,1.1302144464724495,56.518799403171236,56.51879940317125,56.51879940317125,56.518799403171236
32.0,3.072,9.705638542177138e-17,-2.930686606955389e-17,0.014985471597102463,-4.738847732693621e-18,2.7599089099949555e-17,1.0529638618385167e-05,0.0,0.0,0.0,1.5416774308009344e-16,0.0,0.0,0.0,0.5784,3.268533155137389,1.1302143853518511,56.608940525080854,56.60894052508084,56.60894052508084,56.608940525080854
33.0,3.104,9.65979186956752e-17,-2.908339945469177e-17,0.01498582029056607,-1.432708519050538e-17,6.983331714441256e-18,1.089667073770911e-05,0.0,0.0,0.0,6.60110303725067e-17,0.0,0.0,0.0,0.5784,3.26853308410702,1.1302143221008714,56.699081471739134,56.699081471739134,56.699081471739134,56.699081471739134
34.0,3.136,9.630643412681121e-17,-2.9380871861799626e-17,0.014986180739348934,-9.108892776999668e-18,-9.29601272212048e-18,1.1264024464519788e-05,0.0,0.0,0.0,-6.746804957015893e-17,0.0,0.0,0.0,0.5784,3.2685330106820794,1.130214256717654,56.78922224156436,56.78922224156436,56.78922224156436,56.78922224156436
35.0,3.168,9.628613209053106e-17,-2.96167993045362e-17,0.01498655295168401,-6.344386337547655e-19,-7.372732585517904e-18,1.1631635471096535e-05,0.0,0.0,0.0,-6.877372332228431e-17,0.0,0.0,0.0,0.5784,3.268532934860893,1.1302141892007165,56.87936283291372,56.87936283291372,56.87936283291372,56.87936283291372
36.0,3.2,9.602537456235133e-17,-2.9650951813771846e-17,0.014986936934157497,-8.148672755616513e-18,-1.067265913613946e-18,1.1999452296487964e-05,0.0,0.0,0.0,1.3742364546533278e-17,0.0,0.0,0.0,0.5784,3.268532856642124,1.1302141195488753,56.96950324409539,56.96950324409539,56.96950324409539,56.96950324409539
37.0,3.232,9.562584595180759e-17,-2.955940505859754e-17,0.01498733269203823,-1.2485269079491926e-17,2.8608360991970717e-18,1.2367433772887064e-05,0.0,0.0,0.0,3.270257695151704e-18,0.0,0.0,0.0,0.5784,3.268532776024702,1.1302140477611864,57.059643473378486,57.059643473378486,57.059643473378486,57.059643473378486
38.0,3.2640000000000002,9.519537971459093e-17,-2.9433252426355254e-17,0.014987740229541168,-1.3452069913020639e-17,3.9422697575714276e-18,1.2735546966839694e-05,0.0,0.0,0.0,-1.0814950073122406e-17,0.0,0.0,0.0,0.5784,3.2685326930077734,1.1302139738368973,57.14978351900075,57.14978351900075,57.14978351900075,57.14978351900075
39.0,3.2960000000000003,9.511289906859853e-17,-2.979508114329677e-17,0.014988159550038203,-2.5775201872626557e-18,-1.1307147404422455e-17,1.3103765532341485e-05,0.0,0.0,0.0,-1.6126811489121164e-17,0.0,0.0,0.0,0.5784,3.268532607590655,1.1302138977754081,57.239923379174954,57.239923379174954,57.239923379174954,57.239923379174954
40.0,3.3280000000000003,9.524815226354119e-17,-2.9813947793343673e-17,0.014988590656226777,4.226662341958385e-18,-5.895828139656556e-19,1.3472068392935884e-05,0.0,0.0,0.0,2.1288132033395844e-17,0.0,0.0,0.0,0.5784,3.268532519772802,1.130213819576243,57.33006305209375,57.33006305209375,57.33006305209375,57.33006305209375
41.0,3.36,9.527474127121311e-17,-2.9708028197626785e-17,0.014989033550264793,8.309064897474828e-19,3.309987366152814e-18,1.3840438687978257e-05,0.0,0.0,0.0,5.011462346201932e-18,0.0,0.0,0.0,0.5784,3.2685324295537797,1.1302137392390232,57.42020253593387,57.42020253593387,57.42020253593387,57.42020253593387
42.0,3.392,9.532728402026453e-17,-3.0236029517340317e-17,0.014989488233878532,1.6419609078568262e-18,-1.6500041241047863e-17,1.4208862929342483e-05,0.0,0.0,0.0,1.5447128916181604e-18,0.0,0.0,0.0,0.5784,3.26853233693324,1.1302136567634489,57.5103418288591,57.5103418288591,57.5103418288591,57.5103418288591
43.0,3.424,9.583441208067029e-17,-3.010679637914842e-17,0.014989954708448982,1.5847751887679937e-17,4.038535568496777e-18,1.4577330326561222e-05,0.0,0.0,0.0,-4.379028457175636e-17,0.0,0.0,0.0,0.5784,3.268532241910907,1.1302135721492836,57.600480929023064,57.600480929023064,57.600480929023064,57.600480929023064
44.0,3.456,9.541043949067988e-17,-2.994119215405523e-17,0.014990432975080912,-1.3249143437200202e-17,5.175132034162129e-18,1.4945832247812902e-05,0.0,0.0,0.0,-2.6711034986693563e-18,0.0,0.0,0.0,0.5784,3.26853214448656,1.130213485396341,57.69061983457111,57.69061983457111,57.69061983457111,57.69061983457111
45.0,3.488,9.580498275050215e-17,-3.0091053460910483e-17,0.01499092303465811,1.2329476869445934e-17,-4.6831658392266164e-18,1.5314361787434412e-05,0.0,0.0,0.0,-2.2737939067571518e-17,0.0,0.0,0.0,0.5784,3.268532044660025,1.130213396504475,57.78075854364211,57.78075854364211,57.78075854364211,57.78075854364211
46.0,3.52,9.590208011571901e-17,-2.9700356309720627e-17,0.014991424887887591,3.0342926630269263e-18,1.2209285974683014e-17,1.5682913421307263e-05,0.0,0.0,0.0,2.0053189018550802e-17,0.0,0.0,0.0,0.5784,3.268531942431162,1.1302133054735726,57.870897054369564,57.870897054369564,57.870897054369564,57.870897054369564
47.0,3.552,9.60387945718799e-17,-2.956758501374014e-17,0.014991938535334957,4.2723267550275766e-18,4.149102999390164e-18,1.605148273016919e-05,0.0,0.0,0.0,-1.8523680924011484e-18,0.0,0.0,0.0,0.5784,3.268531837799861,1.130213212303546,57.9610353648829,57.9610353648829,57.9610353648829,57.9610353648829
48.0,3.584,9.616934003342937e-17,-2.930403485196647e-17,0.014992463977452672,4.079545673421149e-18,8.235942555427202e-18,1.6420066178599542e-05,0.0,0.0,0.0,-2.078362267564303e-17,0.0,0.0,0.0,0.5784,3.268531730766036,1.1302131169943288,58.0511734733081,58.0511734733081,58.0511734733081,58.0511734733081
49.0,3.616,9.619179053760019e-17,-2.9130792971991365e-17,0.014993001214602703,7.015782553380297e-19,5.4138087492220426e-18,1.6788660938456948e-05,0.0,0.0,0.0,4.6106385974209125e-18,0.0,0.0,0.0,0.5784,3.268531621329618,1.1302130195458713,58.14131137776846,58.14131137776846,58.14131137776846,58.14131137776846
50.0,3.648,9.585193607527043e-17,-2.9180202168640586e-17,0.014993550247074616,-1.0620451947804992e-17,-1.5440373952881565e-18,1.7157264747282526e-05,0.0,0.0,0.0,8.685509478616406e-18,0.0,0.0,0.0,0.5784,3.2685315094905536,1.1302129199581374,58.23144907638516,58.23144907638516,58.23144907638516,58.23144907638516
51.0,3.68,9.59812610049924e-17,-2.923105859066916e-17,0.014994111075100054,4.041404053811618e-18,-1.5892631883929952e-18,1.7525875794946536e-05,0.0,0.0,0.0,1.987228794693521e-18,0.0,0.0,0.0,0.5784,3.2685313952488015,1.1302128182311013,58.32158656727765,58.32158656727765,58.32158656727765,58.32158656727765
52.0,3.712,9.609363178750643e-17,-2.9046791767708874e-17,0.014994683698864333,3.51158695356318e-18,5.758338217508991e-18,1.7894492633713823e-05,0.0,0.0,0.0,-7.862152866208077e-21,0.0,0.0,0.0,0.5784,3.26853127860433,1.130212714364747,58.411723848563994,58.411723848563994,58.411723848563994,58.411723848563994
53.0,3.744,9.597421517393954e-17,-2.903623257465843e-17,0.014995268118515698,-3.731769173965078e-18,3.2997478282635566e-19,1.8263114105168573e-05,0.0,0.0,0.0,1.5993127314064735e-18,0.0,0.0,0.0,0.5784,3.2685311595571145,1.1302126083590642,58.50186091836117,58.50186091836117,58.50186091836117,58.50186091836117
54.0,3.7760000000000002,9.595739333560883e-17,-2.8996311848803095e-17,0.014995864334172744,-5.2568244783489e-19,1.2475226829792297e-18,1.86317392826974e-05,0.0,0.0,0.0,-1.0140916183589923e-17,0.0,0.0,0.0,0.5784,3.2685310381071373,1.1302125002140497,58.591997774785234,58.591997774785234,58.591997774785234,58.591997774785234
55.0,3.8080000000000003,9.603216070587743e-17,-2.8950522228608854e-17,0.014996472345930344,2.3364803208939283e-18,1.4309256310700513e-18,1.9000367424977065e-05,0.0,0.0,0.0,9.14481570287075e-19,0.0,0.0,0.0,0.5784,3.268530914254385,1.1302123899297039,58.6821344159516,58.6821344159516,58.6821344159516,58.6821344159516
56.0,3.84,9.600775693769536e-17,-2.895129044844144e-17,0.014997092153864394,-7.626177556896117e-19,-2.4006869768262023e-20,1.9368997939057672e-05,0.0,0.0,0.0,-8.076183960403699e-19,0.0,0.0,0.0,0.5784,3.268530787998848,1.1302122775060317,58.772270839975086,58.772270839975086,58.772270839975086,58.772270839975086
57.0,3.872,9.599492601583403e-17,-2.894861466624438e-17,0.015125813214918458,-4.009663081666488e-19,8.361819365804032e-20,0.004022533157939516,0.0,0.0,0.0,-8.076183960403699e-19,0.0,0.0,0.0,0.5784,3.2685045698227166,1.1301889365990312,58.84109167845014,58.84109167845014,58.84109167845014,58.84109167845014
58.0,3.904,9.597251239861522e-17,-2.8936271532018736e-17,0.01573621535629254,-7.004255380880209e-19,3.857229445513924e-19,0.019075066917939993,0.0,0.0,0.0,-8.0761839604037e-19,0.0,0.0,0.0,0.5784,3.2683803079881346,1.1300784458244353,58.84975119377939,58.84975119377939,58.84975119377939,58.84975119377939
59.0,3.936,9.591563926473532e-17,-2.8909854155346235e-17,0.017187918202946635,-1.777285433746564e-18,8.255430210156664e-19,0.04536571395794048,0.0,0.0,0.0,-8.0761839604037e-19,0.0,0.0,0.0,0.5784,3.268085218458512,1.1298169500068829,58.79357486320038,58.79357486320038,58.79357486320038,58.79357486320038
60.0,3.968,9.57943815584845e-17,-2.8872985227338207e-17,0.01984658117760075,-3.789303320338269e-18,1.152154000250883e-18,0.08308321795794098,0.0,0.0,0.0,-8.076183960403702e-19,0.0,0.0,0.0,0.5784,3.2675463916910226,1.129342725246103,58.66776926046542,58.66776926046542,58.66776926046542,58.66776926046542
61.0,4.0,9.557723011576058e-17,-2.8845305969642893e-17,0.023738245501372275,-6.78598258512257e-18,8.649768029785447e-19,0.12161451011786009,0.0,0.0,0.0,-8.076183960403743e-19,0.0,0.0,0.0,0.5784,3.2667614160242584,1.1286595041370449,58.52494203714789,58.52494203714789,58.52494203714789,58.52494203714789
62.0,4.032,9.523565379072682e-17,-2.9154220253769276e-17,0.028808063081535343,-1.0674260157304947e-17,-9.65357137894945e-18,0.15843179938009572,0.0,0.0,0.0,-8.076183960403737e-19,0.0,0.0,0.0,0.5784,3.265745471681266,1.1277889681773956,58.37809212494203,58.37809212494203,58.37809212494203,58.37809212494203
63.0,4.064,9.482197094283351e-17,-2.9870235013431984e-17,0.034999780436136094,-1.2927588996665936e-17,-2.2375461239459604e-17,0.1934911673312733,0.0,0.0,0.0,-8.0761839604037945e-19,0.0,0.0,0.0,0.5784,3.264514959927238,1.1267558214798263,58.22782214677037,58.22782214677037,58.22782214677037,58.22782214677037
64.0,4.096,9.44848995682919e-17,-3.108024628693358e-17,0.04225598026908201,-1.0533480454425196e-17,-3.7812852296924945e-17,0.22675624477955975,0.0,0.0,0.0,-8.076183960403847e-19,0.0,0.0,0.0,0.5784,3.2630872598099674,1.125587196333587,58.074717804356396,58.074717804356396,58.074717804356396,58.074717804356396
65.0,4.128,9.44885934497243e-17,-3.31324889391481e-17,0.05051831449053661,1.1543379476248396e-19,-6.413258288170354e-17,0.25819794442045607,0.0,0.0,0.0,-8.07618396040379e-19,0.0,0.0,0.0,0.5784,3.261480492520023,1.1243120748809599,57.91934703361892,57.91934703361892,57.91934703361892,57.91934703361892
66.0,4.16,9.50138131526252e-17,-3.6291148440101173e-17,0.059727728324983215,1.6413115715653046e-17,-9.870810940478352e-17,0.28779418232645604,0.0,0.0,0.0,-8.076183960404063e-19,0.0,0.0,0.0,0.5784,3.2597132951601075,1.1229607299758397,57.762259269212436,57.762259269212436,57.762259269212436,57.762259269212436
67.0,4.192,9.622109423096052e-17,-4.0417838933035414e-17,0.06982467522242158,3.772753369797873e-17,-1.2895907790419492e-16,0.3155295905449488,0.0,0.0,0.0,-8.076183960403874e-19,0.0,0.0,0.0,0.5784,3.257804605480057,1.1215641881640352,57.60398481110999,57.60398481110999,57.60398481110999,57.60398481110999
68.0,4.224,9.821879529718125e-17,-4.5492599883894424e-17,0.08074932235571734,6.242815831939773e-17,-1.5858627971434389e-16,0.3413952229154922,0.0,0.0,0.0,-8.076183960403043e-19,0.0,0.0,0.0,0.5784,3.2557734589097818,1.1201537176764589,57.44503428634742,57.44503428634742,57.44503428634742,57.44503428634742
69.0,4.256,1.0105931104979408e-16,-5.213568040286923e-17,0.09244174654917138,8.876611726915076e-17,-2.0759626621796243e-16,0.36538825604543834,0.0,0.0,0.0,-8.076183960402806e-19,0.0,0.0,0.0,0.5784,3.2536387990069997,1.1187603443201883,57.28589819931528,57.28589819931528,57.28589819931528,57.28589819931528
70.0,4.288,1.0488291903558352e-16,-6.131197448332709e-17,0.104842120540009,1.1948774955591995e-16,-2.867591900143079e-16,0.38751168721367546,0.0,0.0,0.0,-8.076183960403694e-19,0.0,0.0,0.0,0.5784,3.251419302229728,1.1174143981539355,57.127046564279304,57.127046564279304,57.127046564279304,57.127046564279304
71.0,4.32,1.0986606286222969e-16,-7.347898038710357e-17,0.1178908895258454,1.5572324458269258e-16,-3.802189344930148e-16,0.4077740308073867,0.0,0.0,0.0,-8.076183960404539e-19,0.0,0.0,0.0,0.5784,3.2491332177451273,1.1161450938125488,56.96892861412826,56.96892861412826,56.96892861412826,56.96892861412826
72.0,4.352,1.1605514251231976e-16,-8.828509920879341e-17,0.13152893799744256,1.9340873906531458e-16,-4.62691213177807e-16,0.426189014737411,0.0,0.0,0.0,-8.076183960407319e-19,0.0,0.0,0.0,0.5784,3.246798222796332,1.1149801472725245,56.81197257968256,56.81197257968256,56.81197257968256,56.81197257968256
73.0,4.384,1.2355737672294108e-16,-1.0403573274572693e-16,0.14569774689744314,2.3444481908191608e-16,-4.922072980291721e-16,0.4427752781250177,0.0,0.0,0.0,-8.076183960408401e-19,0.0,0.0,0.0,0.5784,3.2444312939674704,1.1139454317048552,56.656585534240946,56.656585534240946,56.656585534240946,56.656585534240946
74.0,4.416,1.3242479231861402e-16,-1.184919237242924e-16,0.1603395411824816,2.771067373647792e-16,-4.517559680801706e-16,0.4575560714074512,0.0,0.0,0.0,-8.076183960409693e-19,0.0,0.0,0.0,0.5784,3.242048594514361,1.1130646748263628,56.503153298389186,56.503153298389186,56.503153298389186,56.503153298389186
75.0,4.448,1.4268418002304617e-16,-1.2886744051750582e-16,0.17539742789838447,3.206058657635044e-16,-3.24234899787919e-16,0.4705589598719647,0.0,0.0,0.0,-8.076183960409387e-19,0.0,0.0,0.0,0.5784,3.2396653777646436,1.112359199826243,56.35204040044385,56.35204040044385,56.35204040044386,56.35204040044386
76.0,4.48,1.5424437295700413e-16,-1.3288756651786814e-16,0.1908155249063459,3.6125602918618575e-16,-1.256289375113224e-16,0.48181553149879425,0.0,0.0,0.0,-8.076183960408216e-19,0.0,0.0,0.0,0.5784,3.237295906436853,1.1118477115084116,56.20359008824507,56.20359008824507,56.203590088245086,56.203590088245086
77.0,4.5120000000000005,1.6691892777544257e-16,-1.2932613568717339e-16,0.2065390804222717,3.960798380762011e-16,1.1129471345921107e-16,0.4913611098726809,0.0,0.0,0.0,-8.076183960407583e-19,0.0,0.0,0.0,0.5784,3.2349533875836163,1.1115461287575419,56.058124388348816,56.058124388348816,56.05812438834883,56.05812438834883
78.0,4.5440000000000005,1.804183512726221e-16,-1.180299140671656e-16,0.22251458355220755,4.2185698428685975e-16,3.530069256252429e-16,0.4992344728104946,0.0,0.0,0.0,-8.0761839604059795e-19,0.0,0.0,0.0,0.5784,3.2326499227303795,1.1114646193199313,55.91594420899204,55.91594420899204,55.91594420899205,55.91594420899205
79.0,4.5760000000000005,1.9444799298744618e-16,-1.0009547645387768e-16,0.23868986602417827,4.384263035882521e-16,5.604511754152472e-16,0.5054775772490847,0.0,0.0,0.0,-8.076183960404662e-19,0.0,0.0,0.0,0.5784,3.2303964726584447,1.1114646193199313,55.77732948351551,55.77732948351551,55.77732948351551,55.77732948351551
80.0,4.6080000000000005,2.0868890772506844e-16,-7.843227423470991e-17,0.25501419533114467,4.450285855506955e-16,6.769750693489922e-16,0.5101352908426994,0.0,0.0,0.0,-8.076183960404921e-19,0.0,0.0,0.0,0.5784,3.228202836170228,1.1114646193199313,55.6425393512248,55.6425393512248,55.6425393512248,55.6425393512248
81.0,4.64,2.227870096788701e-16,-5.587507079946844e-17,0.27143835951140216,4.405656860563142e-16,7.049126073513148e-16,0.5132551306330605,0.0,0.0,0.0,-8.076183960404833e-19,0.0,0.0,0.0,0.5784,3.226077642076135,1.1114646193199313,55.51181237294859,55.51181237294859,55.51181237294859,55.51181237294859
82.0,4.672,2.364543611844622e-16,-3.526250714681737e-17,0.2879147438018669,4.2710473454975223e-16,6.441426141453455e-16,0.514887009077022,0.0,0.0,0.0,-8.076183960404738e-19,0.0,0.0,0.0,0.5784,3.2240283535567538,1.1114646193199313,55.38536677881584,55.38536677881584,55.38536677881583,55.38536677881583
83.0,4.704,2.4944187481703034e-16,-1.9117446232655716e-17,0.30439739940657584,4.0585980101775396e-16,5.045331535675511e-16,0.5150829876471547,0.0,0.0,0.0,-8.07618396040311e-19,0.0,0.0,0.0,0.5784,3.222061283981652,1.1114646193199313,55.26340074601304,55.26340074601304,55.263400746013026,55.263400746013026
84.0,4.736,2.6144481612337583e-16,-8.943797193910634e-18,0.3208421046276137,3.7509191582329606e-16,3.1792653246078356e-16,0.5138970381574326,0.0,0.0,0.0,-8.076183960400527e-19,0.0,0.0,0.0,0.5784,3.2201816232071314,1.1114646193199313,55.14609270451085,55.14609270451085,55.146092704510835,55.146092704510835
85.0,4.768,2.7217166460618366e-16,-4.6734322079473714e-18,0.3372064186088061,3.3521401508774455e-16,1.3344890581135185e-16,0.5113848119122628,0.0,0.0,0.0,-8.07618396039712e-19,0.0,0.0,0.0,0.5784,3.2183934733300132,1.1114646193199313,55.03360166894736,55.03360166894736,55.03360166894736,55.03360166894736
86.0,4.8,2.8132932236470064e-16,-4.7481110773978245e-18,0.3534497279441109,2.8617680495365534e-16,-2.3337146703266566e-18,0.5076034167282736,0.0,0.0,0.0,-8.076183960396623e-19,0.0,0.0,0.0,0.5784,3.2166998928428283,1.1114646193199313,54.9260675950432,54.9260675950432,54.9260675950432,54.9260675950432
87.0,4.832,2.886691935695419e-16,-7.327929252091584e-18,0.3695332864029043,2.293709751512896e-16,-8.061931795917991e-17,0.502611201837293,0.0,0.0,0.0,-8.076183960397598e-19,0.0,0.0,0.0,0.5784,3.215102948117453,1.1114646193199313,54.82361175908571,54.82361175908571,54.82361175908571,54.82361175908571
88.0,4.864,2.939731231107919e-16,-1.084607611188302e-17,0.3854202480234974,1.6574779816406112e-16,-1.0994208936848227e-16,0.49646755064353426,0.0,0.0,0.0,-8.076183960398629e-19,0.0,0.0,0.0,0.5784,3.2136037711388283,1.1114646193199313,54.72633715916481,54.72633715916481,54.72633715916481,54.72633715916481
89.0,4.896,2.969724822143973e-16,-1.4050906940853306e-17,0.4010756938244143,9.372997198766985e-17,-1.0015096340532135e-16,0.48923268127865377,0.0,0.0,0.0,-8.07618396039854e-19,0.0,0.0,0.0,0.5784,3.2122026224174296,1.1114646193199313,54.63432893696813,54.63432893696813,54.63432893696813,54.63432893696813
90.0,4.928,2.9745852783132086e-16,-1.5685956374140095e-17,0.4164666523803849,1.5188925528860908e-17,-5.109529479021211e-17,0.4809674548740795,0.0,0.0,0.0,-8.076183960398555e-19,0.0,0.0,0.0,0.5784,3.2108989580277654,1.1114646193199313,54.547654819050436,54.547654819050436,54.547654819050436,54.547654819050436
91.0,4.96,2.9526658806536955e-16,-1.4532930540471842e-17,0.4315621145068146,-6.849811768597862e-17,3.6032057302132857e-17,0.47173319145092785,0.0,0.0,0.0,-8.076183960398078e-19,0.0,0.0,0.0,0.5784,3.209691499749643,1.1114646193199313,54.466365576580806,54.466365576580806,54.466365576580806,54.466365576580806
92.0,4.992,2.9026844950530317e-16,-9.321636663849624e-18,0.4463330422928304,-1.561918300020741e-16,1.6285293364444419e-16,0.46159149331299326,0.0,0.0,0.0,-8.076183960398062e-19,0.0,0.0,0.0,0.5784,3.2085783073281,1.1114646193199313,54.39049550264347,54.39049550264347,54.39049550264348,54.39049550264348
93.0,5.024,2.8223109822348653e-16,1.3666340484955466e-18,0.4607523727189986,-2.5116722755676993e-16,3.3400845976078627e-16,0.45060407581775647,0.0,0.0,0.0,-8.076183960406822e-19,0.0,0.0,0.0,0.5784,3.2075568519158,1.1114646193199313,54.32006290622292,54.32006290622292,54.32006290622294,54.32006290622294
94.0,5.056,2.708915529078779e-16,1.7455567046302848e-17,0.47479501609158375,-3.543607911127697e-16,5.027791561814777e-16,0.43883260539328556,0.0,0.0,0.0,-8.076183960413958e-19,0.0,0.0,0.0,0.5784,3.206624089817063,1.1114646193199313,54.255070622044784,54.255070622044784,54.255070622044784,54.255070622044784
95.0,5.088,2.558503273381662e-16,3.794294631253599e-17,0.4884378495208727,-4.700382990534892e-16,6.402306020697852e-16,0.4263385446652796,0.0,0.0,0.0,-8.076183960414606e-19,0.0,0.0,0.0,0.5784,3.2057765357143895,1.1114646193199313,54.19550653546858,54.19550653546858,54.19550653546858,54.19550653546858
96.0,5.12,2.3665675052252197e-16,6.18012675377894e-17,0.5016597056667161,-5.997992754888823e-16,7.455725382891684e-16,0.41318300455760665,0.0,0.0,0.0,-8.076183960416296e-19,0.0,0.0,0.0,0.5784,3.2050103346251184,1.1114646193199313,54.141344121641836,54.141344121641836,54.141344121641836,54.141344121641836
97.0,5.152,2.1289865361523454e-16,8.776268281556908e-17,0.5144413569701186,-7.424405283527313e-16,8.112942274306142e-16,0.399426603231327,0.0,0.0,0.0,-8.076183960418936e-19,0.0,0.0,0.0,0.5784,3.204321331906453,1.1114646193199313,54.092542998123996,54.092542998123996,54.092542998123996,54.092542998123996
98.0,5.184,1.8421907897858964e-16,1.1423502603650324e-16,0.5267654955855082,-8.962367073951524e-16,8.272607256541918e-16,0.38512933173092506,0.0,0.0,0.0,-8.076183960419275e-19,0.0,0.0,0.0,0.5784,3.203705140700408,1.1114646193199313,54.04904949017842,54.04904949017843,54.04904949017843,54.04904949017842
99.0,5.216,1.5027799655334644e-16,1.3959380167098126e-16,0.5386167092242923,-1.0606588257888489e-15,7.924617385774374e-16,0.3703504262120013,0.0,0.0,0.0,-8.0761839604222045e-19,0.0,0.0,0.0,0.5784,3.2031572062850446,1.1114646193199313,54.01079720790931,54.01079720790933,54.01079720790933,54.01079720790931
100.0,5.248,1.1217636733415791e-16,1.6223304780703612e-16,0.5499814531164995,-1.1906759130996404e-15,7.074764417517136e-16,0.35514824663147493,0.0,0.0,0.0,-8.07618396042896e-19,0.0,0.0,0.0,0.5784,3.2026728668736544,1.1114646193199313,53.97770763439124,53.97770763439124,53.97770763439124,53.97770763439124
101.0,5.28,7.193125151040243e-17,1.8030503598545668e-16,0.5608480182937593,-1.2576598694923578e-15,5.647496305756418e-16,0.33958016178936884,0.0,0.0,0.0,-8.076183960432216e-19,0.0,0.0,0.0,0.5784,3.2022474104783436,1.1114646193199316,53.94969072390217,53.94969072390217,53.94969072390216,53.94969072390216
102.0,5.312,3.200411861067223e-17,1.9213236151525374e-16,0.571206496393597,-1.2477229031165677e-15,3.696039228061578e-16,0.32370244061992776,0.0,0.0,0.0,-8.076183960432263e-19,0.0,0.0,0.0,0.5784,3.2018761275278482,1.1114646193199316,53.926645509328026,53.926645509328026,53.92664550932801,53.92664550932801
103.0,5.344,-5.203015271936744e-18,1.9719276329293434e-16,0.581048741182043,-1.1627229338315295e-15,1.5813755555251863e-16,0.3075701496389365,0.0,0.0,0.0,-8.076183960436483e-19,0.0,0.0,0.0,0.5784,3.201554359000604,1.1114646193199313,53.908460717759404,53.90846071775939,53.908460717759375,53.90846071775939
104.0,5.376,-3.7239563824834545e-17,1.9563943463423884e-16,0.5903683269888735,-1.0011421422780553e-15,-4.854152058423437e-17,0.29123705646345494,0.0,0.0,0.0,8.873708013040817e-16,0.0,0.0,0.0,0.5784,3.2012775399024047,1.1114646193199313,53.89501539325028,53.89501539325027,53.89501539325027,53.89501539325028
105.0,5.408,-6.284409966114165e-17,1.8879957893456486e-16,0.5991605042474174,-8.001417448845962e-16,-2.1374549061481146e-16,0.27475553932949554,0.0,0.0,0.0,8.873708013040832e-16,0.0,0.0,0.0,0.5784,3.201041237982844,1.1114646193199316,53.88617952565505,53.88617952565504,53.88617952565504,53.88617952565505
106.0,5.44,-8.209181862087162e-17,1.7786109699256857e-16,0.6074221523287582,-6.014912174915611e-16,-3.418275606873839e-16,0.25817650254189906,0.0,0.0,0.0,8.873708013040846e-16,0.0,0.0,0.0,0.5784,3.2008411876456577,1.1114646193199316,53.88181468440702,53.88181468440702,53.88181468440702,53.88181468440702
107.0,5.472,-9.639403467046918e-17,1.6373730983772965e-16,0.6151517298583332,-4.469442515499236e-16,-4.413683485887158e-16,0.24154929779921971,0.0,0.0,0.0,8.873708013040847e-16,0.0,0.0,0.0,0.5784,3.2006733190646925,1.1114646193199316,53.881774656047334,53.881774656047334,53.881774656047334,53.881774656047334
108.0,5.5040000000000004,-1.0711522830963305e-16,1.4726268473906131e-16,0.6223492227013391,-3.3503730122387067e-16,-5.148320343333851e-16,0.2249216513439329,0.0,0.0,0.0,8.873708013040847e-16,0.0,0.0,0.0,0.5784,3.200533782569217,1.1114646193199316,53.88590608426149,53.88590608426149,53.88590608426149,53.88590608426149
109.0,5.5360000000000005,-1.1562312892551233e-16,1.2927722352089262e-16,0.6290160898019781,-2.6587189424622706e-16,-5.620456630677713e-16,0.20833959689496911,0.0,0.0,0.0,8.873708013040849e-16,0.0,0.0,0.0,0.5784,3.200418968409511,1.1114646193199318,53.89404911113161,53.89404911113161,53.89404911113161,53.89404911113161
110.0,5.5680000000000005,-1.238229645852438e-16,1.1058943626954405e-16,0.6351552070603876,-2.562448643666082e-16,-5.839933516046423e-16,0.19184741432529806,0.0,0.0,0.0,8.873708013040849e-16,0.0,0.0,0.0,0.5784,3.2003255220559206,1.1114646193199318,53.9060380182662,53.9060380182662,53.9060380182662,53.9060380182662
111.0,5.6000000000000005,-1.3359885650783862e-16,9.182956175619921e-17,0.6407708094300375,-3.054966225810879e-16,-5.862460785420256e-16,0.17548757405155807,0.0,0.0,0.0,8.87370801304085e-16,0.0,0.0,0.0,0.5784,3.2002503552218675,1.1114646193199318,53.92170186642959,53.92170186642961,53.92170186642961,53.92170186642959
112.0,5.632,-1.4682235693010663e-16,7.379025610696768e-17,0.645868431417429,-4.1323438819588626e-16,-5.637283015385006e-16,0.1593006871059886,0.0,0.0,0.0,8.873708013040852e-16,0.0,0.0,0.0,0.5784,3.2001906528336153,1.1114646193199318,53.94086513225674,53.940865132256754,53.940865132256754,53.94086513225674
113.0,5.664,-1.6418439722276604e-16,5.728676665293626e-17,0.6504548461650301,-5.4256375914560615e-16,-5.157340454384811e-16,0.1433254608625352,0.0,0.0,0.0,8.873708013040857e-16,0.0,0.0,0.0,0.5784,3.2001438761970173,1.1114646193199318,53.963348340611596,53.963348340611596,53.963348340611596,53.963348340611596
114.0,5.696,-1.851175607465175e-16,4.337922250764414e-17,0.654538003297493,-6.541613601172326e-16,-4.346107545403784e-16,0.12759866038946482,0.0,0.0,0.0,8.873708013040856e-16,0.0,0.0,0.0,0.5784,3.2001077626340653,1.1114646193199318,53.98896869112472,53.98896869112472,53.98896869112472,53.98896869112472
115.0,5.728,-2.0910038579694674e-16,3.300498685607422e-17,0.6581269657102734,-7.494632828259133e-16,-3.2419486411155986e-16,0.11215507539938722,0.0,0.0,0.0,8.873708013040856e-16,0.0,0.0,0.0,0.5784,3.200080321880047,1.1114646193199318,54.01754067743366,54.01754067743366,54.01754067743366,54.01754067743366
116.0,5.76,-2.3572803314027683e-16,2.7085439338302962e-17,0.6612318454787603,-8.321139794790645e-16,-1.8498585993035157e-16,0.09702749276521697,0.0,0.0,0.0,8.873708013040856e-16,0.0,0.0,0.0,0.5784,3.200059829545593,1.1114646193199318,54.04887669764304,54.04887669764304,54.04887669764304,54.04887669764304
117.0,5.792,-2.645371316747155e-16,2.66092261964101e-17,0.6638637390648846,-9.002843292012075e-16,-1.488166068415195e-17,0.08224667456638295,0.0,0.0,0.0,8.87370801304086e-16,0.0,0.0,0.0,0.5784,3.200044817957159,1.1114646193199318,54.08278765452558,54.08278765452558,54.082787654525596,54.082787654525596
118.0,5.824,-2.946004201608456e-16,3.2484691947359024e-17,0.6660346619968526,-9.39477765191565e-16,1.8360830471715372e-16,0.06784134162399891,0.0,0.0,0.0,8.873708013040857e-16,0.0,0.0,0.0,0.5784,3.2000340646946794,1.1114646193199318,54.11908354399832,54.11908354399832,54.119083543998336,54.119083543998336
119.0,5.856,-3.2495509416340015e-16,4.426919204430962e-17,0.6677574831961155,-9.485835625798287e-16,3.682656280297057e-16,0.05383816247696636,0.0,0.0,0.0,8.873708013040857e-16,0.0,0.0,0.0,0.5784,3.2000265791465834,1.1114646193199318,54.15757403042949,54.15757403042949,54.15757403042949,54.15757403042949
120.0,5.888,-3.546332041332192e-16,6.011789391538591e-17,0.6690458591238844,-9.27440936556844e-16,4.952719334711337e-16,0.04026174774277715,0.0,0.0,0.0,8.873708013040857e-16,0.0,0.0,0.0,0.5784,3.2000215874002693,1.111464619319932,54.198069007362925,54.198069007362925,54.198069007362925,54.198069007362925
121.0,5.92,-3.8264729431114773e-16,7.832041112779672e-17,0.6699141679174002,-8.754403180602665e-16,5.688286628878371e-16,0.02713464979737024,0.0,0.0,0.0,8.873708013040858e-16,0.0,0.0,0.0,0.5784,3.2000185157808283,1.111464619319932,54.24037914228801,54.24037914228801,54.24037914228801,54.24037914228801
122.0,5.952,-4.080037527031687e-16,9.701574603154962e-17,0.6703774436837389,-7.923893247506544e-16,5.842292157422779e-16,0.014477367698082626,0.0,0.0,0.0,8.873708013040858e-16,0.0,0.0,0.0,0.5784,3.2000169733425117,1.111464619319932,54.284316404131665,54.284316404131665,54.284316404131665,54.284316404131665
123.0,5.984,-4.2968510593084456e-16,1.1427431349038654e-16,0.6704513111161352,-6.775422883648701e-16,5.39330233088653e-16,0.0023083572623858162,0.0,0.0,0.0,8.873708013040857e-16,0.0,0.0,0.0,0.5784,3.200016733606501,1.111464619319932,54.32969457220761,54.32969457220761,54.32969457220761,54.32969457220761
124.0,6.016,-4.466180069774699e-16,1.2830818801837582e-16,0.6701519205946268,-5.29153157707041e-16,4.385585789996649e-16,-0.00935595379713757,0.0,0.0,0.0,8.873708013040855e-16,0.0026690473450825423,4.649398034432715e-16,2.4387567572371033e-13,0.5902716893949478,3.200017715825184,1.111464619319932,56.18137045460679,56.522424660670126,56.52242466067054,56.18137045460624
125.0,6.048,-4.574712272058371e-16,1.3728279007871944e-16,0.6698241049009882,-3.391631321364755e-16,2.8045631438573787e-16,-0.010244240426206244,0.0,0.0,0.0,8.873708013040856e-16,0.001968280570674165,2.9175576278475217e-16,2.0752024583504888e-13,0.600687647684203,3.2000188234248292,1.111464619319932,56.39768486944145,56.05282895494561,56.05282895494608,56.39768486944109
126.0,6.08,-4.609150907564653e-16,1.393006604637311e-16,0.6697825140391556,-1.0762073595713216e-16,6.305844953161388e-17,-0.0012997144322700316,2.7600931625059883e-15,-0.0016041422896489856,2.955441972203125e-15,6.529920858711398e-14,0.00196828053091567,7.786960657248514e-17,5.5387150098346405e-14,0.6102288950437007,3.200018966349559,1.111464619319932,56.088160081136195,56.17216092411043,56.172160924110386,56.08816008113618
127.0,6.112,-1.656095771180361e-05,1.127747285274489e-16,0.670019345102112,-0.0005175299284794588,-8.289353730088178e-16,0.007400970717389564,4.599292703083751e-15,-0.002524068399134827,4.884481017164376e-15,6.03881307968477e-14,0.001412871715905332,-8.966052513696985e-16,-8.884368890584291e-13,0.6190313084442784,3.200034720580958,1.1114806399383343,56.04502702827457,56.05239698833487,56.052396988332966,56.04502702827647
128.0,6.144,-5.910447126252049e-05,3.8777088132938226e-17,0.6705046333790469,-0.0013294847984599014,-2.3124262623284565e-15,0.015165258654213629,6.514051665864031e-15,-0.0033840507081532483,-9.942783521619308e-15,-4.632007054579771e-13,0.0005892109272238534,-2.3929455882537625e-15,-5.685780199868028e-12,0.6271045438060039,3.2000756657746825,1.1115217954445795,55.957480428302404,55.97230348482991,55.972303484819435,55.95748042831282
129.0,6.176,-0.00013637898697820952,-1.0173001200126034e-16,0.6712075872009742,-0.00241482861611528,-4.390846879193701e-15,0.02196730693522842,8.583945270570111e-15,-0.004123649520607733,-1.1668794447774966e-13,-3.335588529103385e-12,-0.0005123607651929449,-4.570499357857809e-15,-1.2,0.6344960732848998,3.200150755589367,1.1115965491008084,54.879550549536525,56.891203621087634,54.89120362108759,56.87955054953648
130.0,6.208,-0.0002559571443413921,-3.2536190193958284e-16,0.6721238297659549,-0.0037368174175994523,-6.988496560572572e-15,0.02863258015564638,8.452273020370366e-05,-0.00475529205085933,-0.01654696715154045,-0.5170986172522447,-0.0018502503491231565,-3.061882630709134e-05,-1.2,0.6412818023250633,3.200267718046066,1.1117122270431552,55.1245558871456,56.50235420963755,55.13195042939753,56.485757637896604
131.0,6.24,-0.0004240865940303599,-5.950859981907963e-08,0.6732029002332284,-0.005254045302780239,-1.8596437341786776e-06,0.03372095210229725,0.00019218737722125518,-0.005286220828584352,-0.045082098331732906,-0.8917698469019062,-0.0033861666681986747,-0.0001546574821523836,-1.2,0.6474685987431429,3.2004331034996034,1.111874859031358,55.427688532018095,56.05511274290386,55.43402962249594,56.039526024002555
132.0,6.272,-0.000646067377898,3.5174400974171206e-07,0.6744172128931193,-0.006936899495863746,1.2851644048774728e-05,0.037947270621591055,0.0002935377276677743,-0.005723166836163286,-0.07902060804523733,-1.0606608441593532,-0.0050833003412866975,-0.00038938995626045165,-1.2,0.6530922399791707,3.200652431707164,1.112089529934702,55.52784286653269,55.81723654027555,55.53477068310237,55.80273363272209
133.0,6.304,-0.0009262239305933529,2.379293253075376e-06,0.6757415092983188,-0.008754892271729773,6.336091385417693e-05,0.041384262662483955,0.0003798401302937972,-0.006067184438606023,-0.11539866853629396,-1.1369163476944484,-0.006907066974664473,-0.0007356725903029348,-1.2,0.6581872456782036,3.200930220948343,1.1123600450478337,55.539299657842626,55.675620281543566,55.54605319466106,55.662067180182326
134.0,6.336,-0.0012678863657037739,7.661951885030166e-06,0.6771520590414187,-0.010676951097200646,0.00016508308224858704,0.04407967947187351,0.0004461675000492434,-0.006322345111190189,-0.15287989648733635,-1.171399651550169,-0.008823849784299231,-0.0011895250521821049,-1.2,0.6627859845960098,3.201269964843372,1.1126892446788772,55.512554552315564,55.57927150192077,55.518894010343885,55.56657845453799
135.0,6.368,-0.0016734054982284559,1.8220033600977305e-05,0.6786264600981423,-0.012672472891396301,0.0003299400536233478,0.04607503302261197,0.000490072869779475,-0.006493602703988611,-0.1908607117458472,-1.187016171872755,-0.010801998769049767,-0.001744834807117647,-1.2,0.6669186698849654,3.2016741433322506,1.113078896699779,55.47035159041689,55.50512102362773,55.47615391014096,55.493319789439106
136.0,6.4,-0.0021441822931953527,3.635124554528961e-05,0.6801435655930934,-0.014711774842715512,0.000566600373259759,0.04740954671722179,0.000510671166536723,-0.0065866909348395895,-0.22906807702399795,-1.1940982904768198,-0.012812034244827257,-0.0023944207434478167,-1.2,0.670613519033546,3.202144249783526,1.1135297820089574,55.42290451118521,55.44272015098183,55.42810155394103,55.43189275223713
137.0,6.432,-0.0026807114381778123,6.453374568258198e-05,0.681683440364254,-0.01676653578070185,0.0008807031292903857,0.04812108659876797,0.0005081139208176998,-0.0066080450900203305,-0.267378296864163,-1.1973142634501655,-0.014826838076947742,-0.0031304600468251165,-1.2,0.6738969326126693,3.202680833934227,1.1140417617169962,55.3747880512855,55.387312131721366,55.37934003919526,55.37755890495874
138.0,6.464,-0.0032826382151159017,0.00010533661148760963,0.683227327090544,-0.018810211779315276,0.0012750895564071132,0.04824646019656316,0.00048331100481943,-0.006564731052209279,-0.3057352546806869,-1.1987764378186847,-0.01682184743055571,-0.00394471509680248,-1.2,0.6767936627542703,3.203283559615508,1.114613855309384,55.328037201907584,55.33671340457685,55.33192102282522,55.32813906888122
139.0,6.496,-0.003948827622824324,0.00016133840138059593,0.6847576173087351,-0.020818418990888165,0.0017500559341558203,0.04782156931847077,0.00043779115569471974,-0.006464376778398811,-0.34411345968562745,-1.1994420032737154,-0.01877523750077648,-0.004828724694971197,-1.2,0.679326965886261,3.203951275970113,1.115244328567574,55.283542855831726,55.28990705514339,55.286746917909596,55.28261470550308
140.0,6.5280000000000005,-0.004677444603314963,0.00023505468383862966,0.6862578258342735,-0.02276928064033247,0.002303633826813552,0.04688151642307649,0.00037363556008140235,-0.006315104351591836,-0.38250132023172706,-1.1997452900199466,-0.020668078484579265,-0.005774009903844931,-1.2,0.6815187388612097,3.2046821007804778,1.1159307898860718,55.2416805877767,55.246407128972635,55.24420289549228,55.240495194216564
141.0,6.5600000000000005,-0.0054660441629395245,0.00032887544701198554,0.6877125677527541,-0.024643736238267516,0.002931898849167369,0.04546068495251891,0.000293447473462923,-0.006125458805772085,-0.4208935613158308,-1.199883631079161,-0.022484453661155805,-0.006772301200071001,-1.2,0.6833896383283191,3.205473514480131,1.116670293557628,55.20259357659437,55.20597068342285,55.204441745855576,55.20153011471044
142.0,6.5920000000000005,-0.006311670096969357,0.00044501324142614895,0.6891075372679029,-0.026425810438432246,0.0036293060754426032,0.04359279734839762,0.00020033631162759278,-0.005904325986812984,-0.4592877821910946,-1.1999467914606088,-0.024211522994756842,-0.00781577763164875,-1.2,0.6849591831196963,3.206322463354592,1.1174594485417133,55.166319162948874,55.168467226912874,55.16751205233599,55.16557682252955
143.0,6.6240000000000006,-0.007210960875734931,0.0005854627784612902,0.6904294876882134,-0.02810283683642417,0.004389048032348162,0.0413109506347056,9.79004957874241e-05,-0.005660825411941822,-0.4976828911235446,-1.1999756514216169,-0.025839508791931594,-0.00889730066121885,-1.2,0.6862458392807955,3.20722547030315,1.11829453112933,55.13284445435866,55.133819961630664,55.13341559834869,55.13253748539023
144.0,6.656000000000001,-0.008160260966190566,0.0007519725090531849,0.6916662117983096,-0.02966562782673855,0.005203429080996702,0.038647628440503755,-9.80796345813209e-06,-0.005404154438423542,-0.5360783924768426,-1.1999888486976344,-0.02736156636233794,-0.010010616625291856,-1.2,0.6872670875265353,3.208178751264361,1.1191715997050178,55.10212958583332,55.10198054031172,55.102132872764166,55.10232652349523
145.0,6.688,-0.009155735342910847,0.0009460284128169318,0.692806521830002,-0.03110857427250963,0.006064246992617255,0.03563468849039032,-0.00011836160891064044,-0.0051433463203864145,-0.5744740614406723,-1.1999948891651553,-0.028773484416570086,-0.01115048845789895,-1.2,0.6880394738282267,3.2091783349045144,1.1200866093917579,55.074116333047044,55.07292041768132,55.07363431851091,55.074850677216006
146.0,6.72,-0.010193484038260748,0.0011688497754630857,0.6938402282726372,-0.03242964672968437,0.0069631675826923025,0.03230332633235089,-0.00022311600769398093,-0.004886887960693462,-0.6128697954880914,-1.1999976583087637,-0.030073142543227085,-0.01231269942416693,-1.2,0.688578646324162,3.2102201822811014,1.1210355236159875,55.04873077456539,55.046631259822085,55.04788533740386,55.04999421891211
147.0,6.752,-0.01126965210558248,0.001421396020192765,0.6947581169377898,-0.0336302521038041,0.007892070147802467,0.028684020786016288,-0.0003195027348562259,-0.004642129564731475,-0.6512655467632474,-1.1999989320171436,-0.03125965233707588,-0.013493855251734518,-1.2,0.6888993868922862,3.21130030173595,1.1220144183897547,55.0258854382575,55.02313005685428,55.02484854359579,55.02760819693044
148.0,6.784,-0.012380528158714273,0.0017043825538322263,0.6955519241795817,-0.03471487666036849,0.008843329176233162,0.02480647630599684,-0.00040352251864000347,-0.004414425599443208,-0.689661291837932,-1.1999995213723473,-0.03233215762935462,-0.014690914432493011,-1.2,0.6890156543646756,3.2124148520824876,1.1230195732468602,55.00548597489174,55.002463526560305,55.00448438632617,55.007508749168224
149.0,6.816,-0.013522621751413666,0.002018301980271265,0.6962143111786058,-0.03569042477185601,0.009809982076219945,0.020699593719503123,-0.0004724886010013089,-0.004206010587971188,-0.728057018902126,-1.1999997951991273,-0.03328841472631189,-0.015900433748628588,-1.2,0.688940667294622,3.21356022427464,1.1240475403562196,54.987447743851966,54.9847020522381,54.986749898946606,54.98949640976395
150.0,6.848,-0.014692706911640058,0.0023634449854028814,0.6967388398606865,-0.03656516125707473,0.010785718910363005,0.016391521315023402,-0.0005259882458683954,-0.004014784782761741,-0.7664527230058709,-1.1999999197265607,-0.03412353518509524,-0.017117662377049134,-1.2,0.688687060876324,3.21473308882078,1.1250951809671939,54.97172550968539,54.969909442713195,54.9715952886039,54.97341167666985
151.0,6.88,-0.015887817940164778,0.002739913235170553,0.6971199550827704,-0.03734721964139745,0.011764632805239721,0.01190985069011995,-0.0005668429005547646,-0.0038334826245395442,-0.8048484046044616,-1.199999970631389,-0.034829541355435825,-0.01833582967457581,-1.2,0.6882671411290271,3.2159303950232494,1.1261596576187227,54.958350246211324,54.95808182061042,54.95896084497166,54.95922938804702
152.0,6.912,-0.01710518731975342,0.0031476160578385063,0.6973529790772601,-0.038042793112145,0.012740713208373536,0.007281999827805218,-0.0006015874144450413,-0.0036499941187315642,-0.8432440688501729,-1.1999999870782834,-0.03539633594673849,-0.019546082142560095,-1.2,0.6876932158712704,3.2171493118726784,1.1272383742442036,54.94745055532488,54.94907979120204,54.94878224608553,54.947153061895236
153.0,6.944,-0.018342127594579906,0.0035862454431404784,0.6974341228659781,-0.03865438358832768,0.013707168290686614,0.0025357433974353117,-0.0006398632049725141,-0.003449533145730626,-0.8816397245288135,-1.1999999952493547,-0.03581399703352136,-0.020738273905007737,-1.2,0.686977915536877,3.218387112429129,1.1283288671955896,54.939227116725704,54.942620177254696,54.94101368507404,54.93762064354763
154.0,6.976,-0.019595878892074387,0.004055231158537547,0.6973605140643242,-0.03917972804670251,0.014655803606158384,-0.002300275051683035,-0.0006924643291234983,-0.003218497822574614,-0.9200353827167167,-1.2000000112111768,-0.03607526758548896,-0.02190220370671704,-1.2,0.686134377545889,3.219641023298196,1.1294286675794674,54.933872687446915,54.93838398185988,54.93566311560925,54.93115177635158
155.0,7.008,-0.020863462631864657,0.0045536874929083,0.6971302328568402,-0.0396119918684459,0.015576760449086013,-0.007196287733875894,-0.0007686330083114844,-0.0029485214009659063,-0.9584310557241367,-1.200000035323322,-0.036176788294724586,-0.023028477945308816,-1.2,0.685176211198814,3.220908079640254,1.1305351712310105,54.93148302155609,54.93619062105175,54.932808605546725,54.928100864757766
156.0,7.04,-0.02214158541833378,0.0050803693388411075,0.6967423429430546,-0.03994133707716003,0.01645880768540022,-0.012121559805799282,-0.0008739034495664751,-0.002638630795498645,-0.9968267564639154,-1.2000000553778345,-0.03611862818396712,-0.024108525615793477,-1.2,0.6841172705783208,3.2221850295930103,1.1316455545926942,54.93202452352936,54.93608857285202,54.93256686666766,54.92850259583367
157.0,7.072,-0.023426618210164764,0.005633652644420076,0.6961969059747274,-0.04015727474471823,0.017290103299342743,-0.017044905260225188,-0.0010095029392887937,-0.0022945546178000857,-1.0352224977671856,-1.2000000606496366,-0.035902972159095034,-0.025134053483360563,-1.2,0.6829713506061277,3.2234683131281954,1.1327567572575694,54.93537275960166,54.93828014338372,54.935029210481716,54.9321215841011
158.0,7.104,-0.02471464578888316,0.0062115441076551585,0.6954949750122787,-0.040250861834949865,0.01805910822609632,-0.02193534257651992,-0.001173227984074035,-0.0019260980600202197,-1.073618291256083,-1.2000000511270659,-0.03553306793872489,-0.026096551692741013,-1.2,0.6817519227145007,3.224754110368128,1.133865525386346,54.94137405531619,54.9429655051465,54.94021332874307,54.93862167440449
159.0,7.136,-0.02600156021935571,0.006811714775884587,0.6946385695765173,-0.04021607595226715,0.01875533338216961,-0.026762669867546444,-0.001360919632577776,-0.001544314904435793,-1.1120141459884287,-1.2000000342791084,-0.03501284954034896,-0.026987175353307656,-1.2,0.6804719671016458,3.2260384331256553,1.134968492041058,54.949883318670175,54.950238724836126,54.94805807538589,54.94770253210349
160.0,7.168,-0.027283168721685555,0.007431547773013678,0.6936306382946265,-0.040050265697807605,0.0193697811602841,-0.03149785255908766,-0.0015677301437611395,-0.0011595984399821486,-1.1504100673648199,-1.2000000176676553,-0.034347040267682316,-0.02779695010727804,-1.2,0.6791438996924084,3.227317230192228,1.1360622683247383,54.960771622894654,54.96007581669562,54.958448149584726,54.95914388511315
161.0,7.2,-0.028555295333628647,0.008068191565074798,0.6924750150010068,-0.039753956623221585,0.01989511850190998,-0.03611322792561319,-0.0017888772248945573,-0.0007808418653747585,-1.1888060565478231,-1.2000000053390143,-0.03354140767394577,-0.02851711506300054,-1.2,0.6777795642242974,3.228586485866101,1.1371435275297075,54.97391995495288,54.972373309925906,54.9712429903981,54.972789614069036
162.0,7.232,-0.0298138667946965,0.008718613581699213,0.6911763723554246,-0.0393303581583704,0.020325688019512945,-0.040582582674444194,-0.002019959829119967,-0.0004153099066407167,-1.2272021103367046,-1.199999998157404,-0.03260297256417164,-0.02913946341042013,-1.2,0.6763902581619794,3.229842302259563,1.1382090743190119,54.98921230181835,54.98699054482862,54.98629604109143,54.98851780545153
163.0,7.264,-0.031054980670911468,0.009379651964512481,0.6897401751541602,-0.03878480863171769,0.02065744946291461,-0.044881162539513145,-0.0022570200605898524,-6.883012691648672e-05,-1.2655982213412824,-1.1999999953613127,-0.03154010979835983,-0.029656620691952094,-1.2,0.6749867701614444,3.231080963504484,1.1392558975681282,55.006531926557514,55.00377665022994,55.003463448134866,55.006218743017186
164.0,7.296,-0.032274957308997675,0.010048064894888211,0.6881726341736871,-0.03812426994019392,0.020887904074241535,-0.048985655639783396,-0.0024964986640064,0.00025393995913814,-1.3039943783405803,-1.1999999957487981,-0.030362547101127773,-0.03006225027350022,-1.2,0.6735794165237293,3.2322989835393745,1.1402812085296756,55.02576006837809,55.02258269165456,55.02260614368038,55.0257835374087
165.0,7.328,-0.033470378205311575,0.010720577608964056,0.6864806606352378,-0.037356903009809365,0.02101602231487015,-0.05287417307654053,-0.0027351657323676113,0.0005492767002010287,-1.3423905667724598,-1.1999999982315104,-0.029081288126831428,-0.03035119529380547,-1.2,0.6721780709923212,3.2334931401536515,1.141282466782352,55.04677568166789,55.04326497644622,55.04358897439956,55.0470996866952
166.0,7.36,-0.0346381132067217,0.01139392730381894,0.6846718210404287,-0.036491718794066375,0.021042177964215102,-0.05652623733778598,-0.0029700607910464025,0.0008142133236577349,-1.3807867693317688,-1.2000000019839279,-0.027708485410383555,-0.030519570479758652,-1.2,0.6707921862501468,3.2346604977937194,1.1422573962326312,55.06945542475841,55.06568443672035,55.0662789919817,55.07004997208404
167.0,7.392,-0.035775338453249025,0.012064906015167784,0.6827542920279045,-0.035538288953978876,0.020968084729651344,-0.059922781641380485,-0.0031984514472063047,0.0010464173223145795,-1.4191829666604239,-1.2000000064199956,-0.026257282688206842,-0.03056481556429786,-1.2,0.6694308074440427,3.23579842112526,1.1432039929692006,55.09367363100884,55.089704826110804,55.09054383172287,55.094512610940924
168.0,7.424,-0.03687954648331997,0.012730401381819008,0.6807368149179801,-0.03450650093971688,0.02079673020785072,-0.06304615968513722,-0.0034178094007133925,0.001244108120908923,-1.4575791381078553,-1.2000000111263578,-0.02474164005513847,-0.0304857191432855,-1.2,0.6681025788595517,3.236904580854023,1.1441205263291314,55.11930223776338,55.11519092710384,55.1162504740427,55.1203617401968
169.0,7.456,-0.037948549558803356,0.013387435077278662,0.6786286496769484,-0.033406346108855886,0.020532302983114193,-0.06588016378224198,-0.003625799511906363,0.0014060013567688014,-1.4959752625337863,-1.200000015803099,-0.023176150925945403,-0.03028241923184939,-1.2,0.6668157450640142,3.2379769529399267,1.1450055342081509,55.14621071759915,55.14200716469566,55.14326441551315,55.14746790520426
170.0,7.488,-0.03898047703090511,0.014033198602933547,0.676439528109748,-0.03224773350317983,0.020180110176715133,-0.06841004897501288,-0.0038202775232957335,0.0015312693207544946,-1.5343713191211674,-1.2000000202241197,-0.021575856745337272,-0.029956384881163225,-1.2,0.6655781477637174,3.239013812098597,1.1458578134335309,55.174266055126964,55.17001667895089,55.17144918714516,55.17569848242475
171.0,7.5200000000000005,-0.039973767429981655,0.014665086097296047,0.6741796061632434,-0.031040324971141956,0.019746484198828105,-0.07062256082826852,-0.003999292882881635,0.0016195103896992353,-1.5727672881660468,-1.2000000242146383,-0.019956063455855235,-0.029510381934379756,-1.2,0.6643972194534793,3.2400137203412003,1.146676405889745,55.203332794360286,55.19908079122073,55.20066614279698,55.204918049077996
172.0,7.5520000000000005,-0.04092715589035154,0.01528072381253826,0.6718594152867395,-0.02979338938655896,0.019238678601319142,-0.07250596489074411,-0.004161094080968417,0.0016707228504217405,-1.611163151812703,-1.2000000276401686,-0.01833216252519859,-0.028948425181203403,-1.2,0.6632799747551242,3.240975511225405,1.1474605810157048,55.233273165382585,55.22905877555441,55.23077445055681,55.23498872982431
173.0,7.5840000000000005,-0.04183965748959029,0.015877995933385427,0.6694898128504809,-0.028515674976210756,0.018664753776473943,-0.07405007613308152,-0.004304134717295231,0.0016852803130455293,-1.6495588947058915,-1.2000000304017886,-0.01671945858529895,-0.02827571866988001,-1.2,0.6622330001777834,3.2418982704521193,1.1482098152557483,55.26394728874683,55.25980785669294,55.261631235079214,55.26577054552596
174.0,7.6160000000000005,-0.04271054707239649,0.016455066456403485,0.6670819316676532,-0.027215299462693906,0.018033453844314307,-0.07524628696336723,-0.004427079114529571,0.0016639070976337178,-1.6879545045368953,-1.2000000324343192,-0.015133005265871916,-0.027498585643154536,-1.2,0.6612624428977808,3.242781313426087,1.1489237690288872,55.295213450825806,55.29118337357222,55.293091832436495,55.297121779952796
175.0,7.648000000000001,-0.043539336129802014,0.01701039690368053,0.6646471287022561,-0.025899658043922514,0.01735407647740764,-0.0760875926686596,-0.00452880671672496,0.0016076527334501025,-1.7263499724656954,-1.2000000337052383,-0.013587450501943432,-0.026624389404212485,-1.2,0.660373999048864,3.243624160391481,1.1496022617717914,55.32692844138065,55.32303906350048,55.32501012953124,55.32889937259045
176.0,7.68,-0.04432574730750371,0.017542759709289753,0.6621969330756152,-0.02457534930317861,0.016636337675288673,-0.07656861333252826,-0.004608414801615428,0.0015178651787002063,-1.7647452934076313,-1.2000000342132868,-0.012096892388622878,-0.025661446338556448,-1.2,0.6595729019308562,3.2444265097486187,1.1502452456038976,55.358947944464845,55.355227434812804,55.35723896771724,55.36095934051613
177.0,7.712,-0.045069687117599816,0.018051247186302216,0.6597429935094884,-0.023248119065503333,0.015890233656639444,-0.07668561144146331,-0.004665219232858034,0.00139616265178258,-1.803140466179008,-1.2000000339862207,-0.010674746505985783,-0.02461893228493128,-1.2,0.6588639104817442,3.245188210150043,1.150852778153757,55.39112697448894,55.38760020493537,55.389630595629725,55.393157229238426
178.0,7.744,-0.04577121742312895,0.01853527605387552,0.6572970253646988,-0.021922822047785465,0.015125902111665684,-0.07643650452467461,-0.004698753112055963,0.0012444041296499411,-1.841535493501996,-1.2000000330776572,-0.009333625518919492,-0.023506783441719085,-1.2,0.6582512983105362,3.2459092319606726,1.1514249950717341,55.42332035032347,55.420008787155886,55.42203715996947,55.42534859082644
179.0,7.776,-0.046430526252889986,0.01899458757603349,0.6548707574517687,-0.020603400930032326,0.014353485067436552,-0.07582087227906563,-0.0047087632810797805,0.0010646586569459087,-1.8799303818746247,-1.2000000315630939,-0.008085231758817972,-0.02233559300143249,-1.2,0.6577388435525636,3.2465896386459017,1.1519620827339312,55.45538320147581,55.45230481377847,55.454311225619406,55.45738948706436
180.0,7.808,-0.04704789848422437,0.019429243434538147,0.6524758788047252,-0.019292882229199365,0.013582995578270576,-0.07483995772010817,-0.004695204686459282,0.0008591736466861183,-1.918325141316492,-1.2000000295352924,-0.006940263411064186,-0.021116504717299558,-1.2,0.6573298197828807,3.247229558622664,1.152464251614932,55.48717150157114,55.484340686377905,55.48630631837963,55.489137015431695
181.0,7.84,-0.04762368690343532,0.019839617526416747,0.6501239856216008,-0.017993388100342213,0.012824190371206239,-0.07349666197263911,-0.004658232658187344,0.0006303423539682034,-1.9567197850049103,-1.200000027099293,-0.00590833486410755,-0.019861104617701297,-1.2,0.6570269882057365,3.2478291580712804,1.1529317107722123,55.5185426256506,55.51597014605853,55.51787748506832,55.520449856263234
182.0,7.872,-0.04815828411727778,0.020226383941181734,0.6478265285855853,-0.016706162932576932,0.012086450461405815,-0.0717955323754834,-0.004598193180688468,0.00038067067568299865,-1.9951143288194138,-1.2000000243672562,-0.004997911726514334,-0.018581312094101545,-1.2,0.656832591328581,3.248388615160469,1.1533646438427778,55.54935592929994,55.54704885835833,55.54888186698481,55.55118884045741
183.0,7.904,-0.04865209574461804,0.02059050143274482,0.6455947607897602,-0.015431613354383106,0.011378671611346427,-0.06974274361953506,-0.0045156112475639495,0.00011274337326082882,-2.033508790814887,-1.2000000214534312,-0.004216260995043953,-0.01728927159452572,-1.2,0.6567483483289925,3.248908096084437,1.1537631869027112,55.57947334958989,55.577435009094785,55.57917928398473,55.58121753866611
184.0,7.936,-0.04910551526510524,0.02093319475588591,0.6434396864963976,-0.014169360015224942,0.01070916634815911,-0.06734607166758091,-0.00441117739690411,-0.0001708102704464264,-2.07190319064501,-1.2000000184694015,-0.003569416870810866,-0.015997246155655766,-1.2,0.6567754523355988,3.2493877332497427,1.1541274084830093,55.6087600306509,55.60698990949264,55.60863282793986,55.610402875220515
185.0,7.968,-0.049518900841590274,0.021255933286539238,0.6413720109697273,-0.012918299265157349,0.010085579082916438,-0.06461486020844712,-0.00428573252423078,-0.00046735147146436073,-2.110297548958233,-1.2000000155197939,-0.003062162786826747,-0.014717513997015468,-1.2,0.6569145698761797,3.2498276058809012,1.1544572919702218,55.637084981115656,55.63557861214445,55.63710946654674,55.638615773438765
186.0,8.0,-0.049892554364876225,0.02156040738898393,0.6394020916300341,-0.011676672602685954,0.009514815701396574,-0.061559979365410855,-0.004140251073199156,-0.0007742679222045325,-2.148691886788289,-1.200000012698548,-0.0026980303454010902,-0.013462269365720278,-1.2,0.6571658428102156,3.250227723237319,1.1547527205478174,55.66432177787236,55.663070545300755,55.664480662024104,55.66573184380151
187.0,8.032,-0.05022670289250127,0.02184850303134366,0.6375398907889303,-0.010442141488282717,0.009002988823741554,-0.05819377628449649,-0.003975822728612707,-0.0010890112317614414,-2.187086224960328,-1.2000000100858437,-0.002479316077746329,-0.012243528719893176,-1.2,0.6575288931826945,3.250588010549649,1.155013464753093,55.690349342785105,55.689340185159715,55.69062301562787,55.691632132909895
188.0,8.064,-0.0505214825661389,0.022122275183688058,0.6357949302440383,-0.009211864801175829,0.008555379760762477,-0.05453001702787267,-0.003793632828390368,-0.0014091366182369647,-2.2254805835325575,-1.200000007745693,-0.0024071172024610447,-0.011073043067934427,-1.2,0.6580028316560483,3.2509082976895876,1.155239172633423,55.7150528403096,55.71426781256181,55.71541896119704,55.71620395796207
189.0,8.096,-0.05077692499208436,0.022383920560032286,0.6341762480422721,-0.00798257581079565,0.008176418010757115,-0.05058381880519362,-0.0035949419881804493,-0.0017323459424792211,-2.2638749812919663,-1.2000000057241733,-0.002481387706797376,-0.009962216562285351,-1.2,0.6585862705866733,3.251188310480838,1.1554293623821656,55.738324781695724,55.73774046292574,55.73875755630034,55.739341852173624
190.0,8.128,-0.05099294595158621,0.022635750284144166,0.6326923577759511,-0.006750654984432816,0.007869678878496246,-0.046371570822531474,-0.0033810661980875505,-0.0020565352965513897,-2.302269435322409,-1.2000000040482364,-0.0027010154703494453,-0.008922029532830418,-1.2,0.6592773435943515,3.251427664435772,1.1555834172148756,55.760066488880874,55.75965333332747,55.76053547595773,55.76094861531818
191.0,8.16,-0.051169336165641746,0.02288016306054286,0.6313512108777964,-0.005512194189235485,0.007637899262459204,-0.04191084056733362,-0.0031533607191757715,-0.0023798476172429204,-2.3406639606656543,-1.2000000027248858,-0.003063917609788364,-0.007962958937263304,-1.2,0.6600737350175436,3.2516258605551576,1.1557005821060264,55.78019018830668,55.7799123225002,55.78065845033297,55.7809363052399
192.0,8.192,-0.05130575366421963,0.023119619389679442,0.6301601625758293,-0.004263046830558968,0.007483010285518167,-0.03722025943647327,-0.0029132167610111514,-0.0027007268513190314,-2.379058570105644,-1.200000001740214,-0.0035671372484570186,-0.007094874468620687,-1.2,0.6609727258205919,3.2517822826482603,1.1557799618435372,55.79862218347972,55.79843955840198,55.79904375042564,55.799226368542534
193.0,8.224,-0.05140171710082762,0.023356617201191577,0.6291259425564885,-0.0029988573939994786,0.0074061816097541954,-0.032319375604401124,-0.0026620959515388848,-0.0030179551100830474,-2.4174532741350863,-1.2000000010568312,-0.0042068737667210155,-0.0063268444587867515,-1.2,0.6619712692777978,3.2518961954136802,1.1558205196888942,55.81530767489901,55.81518743597676,55.815625397824924,55.81574563251984
194.0,8.256,-0.05145659914821655,0.02359366875583526,0.6282546321824997,-0.00171506398090413,0.007407861082615108,-0.027228449187149926,-0.0024016756837577265,-0.0033305997661867547,-2.4558480812471206,-1.2000000006063745,-0.004978188522087016,-0.005666644032289873,-1.2,0.6630661243351301,3.2519667423005614,1.1558210758444833,55.83021683205537,55.830179183327985,55.83036733674989,55.830404983051764
195.0,8.288,-0.05146961913062524,0.023833277050553624,0.6275516517987649,-0.0004068744502716284,0.00748775920994884,-0.021968136991710303,-0.002134333317053905,-0.003637596187878717,-2.494242998946949,-1.2000000002909827,-0.005873381641684023,-0.005119266304385238,-1.2,0.6642541030707841,3.25199294215264,1.1557803053054871,55.8433430249031,55.843640388277144,55.843303137587334,55.84300577304936
196.0,8.32,-0.0514398353025651,0.02407790480489151,0.6270217650914085,0.0009307446268793677,0.0076446173230588855,-0.016558959604888443,-0.0018647367162597309,-0.003935903302918441,-2.532638036704882,-1.200000000377709,-0.006874950547762992,-0.00468195743149466,-1.2,0.6655325058359315,3.2519736848015928,1.1556967370397262,55.854626234082545,55.856463286403496,55.85467489041811,55.85283783658632
197.0,8.352,-0.05136614421800894,0.0243299116080019,0.6266691119848019,0.002302846392380042,0.00787521259719978,-0.01102040958145602,-0.0016052730425252795,-0.0042129094976741995,-2.5710332150796775,-1.2000000082444666,-0.007927737218478888,-0.004328200273396832,-1.2,0.666899378977911,3.25190773260916,1.1555687671789414,55.863402684346184,55.87169777498913,55.86542415882322,55.85712903520239
198.0,8.384,-0.05124732859514214,0.024591371640819915,0.6264972595847743,0.0037129882145875304,0.008170626025562922,-0.005370387500862324,-0.0013937831829275152,-0.004416734756504374,-2.6094285966193596,-1.2000001316114772,-0.008884018827015304,-0.003990760242913335,-1.2,0.6683490723820531,3.251793768810198,1.155394746028473,55.866484145244854,55.893699042769185,55.877547551956994,55.850332127986746
199.0,8.416,-0.051082347507489814,0.024863469975517007,0.6265089863344256,0.0051556589891351345,0.008503072959284097,0.0003664609266040838,-0.0013141512645755801,-0.0043956950619639295,-2.647824351912918,-1.200001139618206,-0.009807289301354452,-0.003766482486747899,-1.2,0.6698590397221577,3.251630688835814,1.1551733948442522,55.86696686346424,55.887360630404245,55.88237079935779,55.86197247394496
200.0,8.448,-0.05087139781858078,0.025145042816651093,0.6267052648931295,0.006592177778407367,0.008799151285440203,0.006133704959495468,-0.0012768706164741383,-0.004204331582947223,-2.6862202935961594,-1.2000007638908747,-0.01108970711961819,-0.00384872956972388,-1.2,0.671417806496726,3.2514186686275064,1.1549051640931416,55.88010643865025,55.84329375884807,55.86836563328857,55.905175257527254
201.0,8.48,-0.05061607628479819,0.025433800050943058,0.627085947095264,0.007978797930705942,0.009023663571623895,0.011896318816703017,-0.001030837111779481,-0.004302143799548747,-2.72461591959815,-1.2000026123527647,-0.01242455566592557,-0.0040260433207628945,-1.2,0.6730283810557708,3.25115932446653,1.1545921182901082,55.877279442205776,55.86323320670674,55.86905954673921,55.88309533282718
202.0,8.512,-0.05031624599781825,0.02573073930274983,0.6276506389407669,0.00936969646812314,0.009279351618961644,0.017646620171965482,-0.0007334309802627207,-0.00450586265774681,-2.763011453547717,-1.2000013783737538,-0.013738645746220801,-0.004290645830110457,-1.2,0.6746876384714497,3.250852599630353,1.1542339011546918,55.87017703377984,55.87378619776439,55.870813017606025,55.867198340126464
203.0,8.544,-0.04997081812369427,0.02603774219376448,0.6283983549385328,0.010794621066374268,0.009593840344207747,0.02336612493018459,-0.00045815313922252277,-0.004673172490719145,-2.801407068131017,-1.2000006477468714,-0.015064454125472734,-0.004673868402507949,-1.2,0.6763890001336827,3.250497533467652,1.1538290330773293,55.864772264731876,55.868965895060064,55.86660877461795,55.86241255330227
204.0,8.576,-0.049578774214758405,0.02635627435105215,0.6293273300918203,0.012251372154245793,0.009954129915239751,0.029030473540234112,-0.00020071956821838519,-0.004799234287614802,-2.8398027518573867,-1.200000316329866,-0.016402361781246624,-0.005182505297386083,-1.2,0.6781249400394976,3.250093275395683,1.1533761963935316,55.85789209114557,55.86086801330576,55.859405030622895,55.85642784314324
205.0,8.608,-0.04913926961771089,0.02668743160888668,0.6304349812538876,0.013734518657734859,0.010348664307329057,0.03461409881460456,4.566401100145455e-05,-0.004893774807237551,-2.8781984829275764,-1.200000153335681,-0.017744082600374564,-0.0058176988767762285,-1.2,0.6798876641187891,3.2496391872777335,1.1528743256436245,55.848784308458136,55.85102995965177,55.84997260565095,55.84772634111458
206.0,8.64,-0.048651593282454365,0.027032062215505828,0.6317179107578604,0.01523988547676634,0.010769706456848297,0.040091546999149845,0.0002838503743312039,-0.004962627601899238,-2.9165942459228065,-1.2000000749889927,-0.019079710507845474,-0.0065789526538425225,-1.2,0.6816692728458122,3.249134801513878,1.152322541075788,55.83743584298237,55.83930780061837,55.838405905333175,55.83653364774122
207.0,8.672,-0.0481151406951325,0.027390831408436025,0.6331719216023393,0.016764143353808252,0.011211537279068677,0.045437838889963264,0.0005146674899785319,-0.005008782588475121,-2.9549900283164,-1.2000000379770686,-0.020398875889609966,-0.0074647015103080465,-1.2,0.6834618100215084,3.2485797910333156,1.1517201078000419,55.823920725241,55.8255883220262,55.82473646127135,55.823068712577886
208.0,8.704,-0.047529403219294136,0.027764254008367895,0.6347920372250389,0.01830429611994888,0.011669456247870922,0.0506286132093622,0.0007380963093773015,-0.00503389395882643,-2.9933858187851485,-1.2000000206278254,-0.021691060072421615,-0.008472475953875165,-1.2,0.685257289569861,3.247973954823716,1.1510664180646923,55.80831553424931,55.80985438117866,55.8090095250891,55.80747059564846
209.0,8.736,-0.0468939658965616,0.028152713338847862,0.6365725243592292,0.019857416335391787,0.012139354077498958,0.05564022294344754,0.000953780030029797,-0.0050390348539585544,-3.0317816067481336,-1.2000000125063355,-0.022945769101994713,-0.009598999788981193,-1.2,0.6870477204754792,3.2473172112753934,1.1503609848292728,55.79069679705047,55.79213955545353,55.7912853860354,55.789842577607004
210.0,8.768,-0.04620850893858861,0.028556474571758157,0.6385069187025889,0.021420529936655813,0.012617538528446683,0.06044982322999168,0.0011612428728410324,-0.005025042642542416,-3.0701773823240885,-1.2000000086760534,-0.024152659519077375,-0.010840263451940127,-1.2,0.6888251337345026,3.246609594711211,1.1496034401831887,55.77114438885936,55.77250385549481,55.77163597626308,55.77027647492341
211.0,8.8,-0.04547281049422385,0.028975695924092264,0.6405880533746331,0.022990576386398735,0.013100667260440839,0.06503545850138065,0.0013599883665190967,-0.004992677907577422,-3.1085731364120015,-1.200000006819066,-0.0253016374215722,-0.012191585083640596,-1.2,0.6905816114791393,3.245851252793782,1.1487935354931538,55.74974364257585,55.75102329141272,55.75014281791819,55.74886314180506
212.0,8.832,-0.04468674946683729,0.029410439151280172,0.6428080901531371,0.024564407105830067,0.013585725849622135,0.06937614932825056,0.0015495453672959676,-0.004942698291057183,3.136216446383403,-1.2000000058509588,-0.026382939841759455,-0.013647665231752266,-1.2,0.6923093176927542,3.2450424436839893,1.1479311417643783,55.72658631956575,55.72778530958191,55.72689590879394,55.72569689537395
213.0,8.864,-0.04385030774615895,0.029860679918738142,0.6451585534454661,0.026138803771198,0.014070023983061543,0.07345197788528178,0.0017294898750977571,-0.00487589185109118,3.097820758937816,-1.2000000052665125,-0.02738720327960638,-0.015202638254330311,-1.2,0.6940005298901827,3.2441835324134423,1.1470162494671772,55.701770943026965,55.70288660471139,55.701993029099604,55.700877346349124
214.0,8.896,-0.04296357152449875,0.030326318239085985,0.6476303669121264,0.027710506926881324,0.014551197510870077,0.07724417083313291,0.0018994547966357318,-0.004793090292677537,3.059425114611101,-1.2000000048328214,-0.028305522151805203,-0.016850121930662078,-1.2,0.695647671236236,3.243274986240306,1.1460489674660974,55.67540278535745,55.676431904375846,55.67553921034006,55.67451007199038
215.0,8.928,-0.04202673153716586,0.030807188975617635,0.6502138926267942,0.029276249604152815,0.015027210516614032,0.08073517858336869,0.002059133214802516,-0.004695171798627568,3.021029518480948,-1.2000000044455739,-0.0291294987875097,-0.01858326590804634,-1.2,0.6972433426786656,3.2423173689289553,1.145029520895741,55.64759365825117,55.648533156530604,55.64764625285889,55.64670673679716
216.0,8.96,-0.041040082169413794,0.031303072322905696,0.6528989726304119,0.030832792742251976,0.015496354602751922,0.08390875011305206,0.0022082778465457166,-0.0045830583443778545,2.982633974500762,-1.2000000040614969,-0.029851285986603443,-0.020394799124656617,-1.2,0.698780354753707,3.241311333996451,1.1439582479470884,55.61846158183356,55.61930888147528,55.618432244610645,55.617584928722934
217.0,8.992,-0.04000401943934763,0.03181370413406582,0.6556749727156383,0.03237696031456761,0.01595724409875382,0.08675000266332783,0.0023466980490504073,-0.004457710077170057,2.9442384855030697,-1.200000003666344,-0.030463622827969175,-0.022277076077406525,-1.2,0.7002517587829854,3.2402576170344695,1.1428355956024914,55.588130373840904,55.58888358536773,55.58802106243187,55.58726783623967
218.0,9.024000000000001,-0.03891903791353173,0.032338785948402685,0.6585308282608803,0.03390567268174673,0.01640880669802703,0.08924548578881009,0.0024742550956852803,-0.0043201181975669415,2.9058430532257913,-1.2000000032594986,-0.030959864248864908,-0.024222121654341087,-1.2,0.7016508772253932,3.239157027259605,1.1416621144068198,55.55672918238481,55.55738719020275,55.556541849534376,55.555883828678425
219.0,9.056000000000001,-0.037785726647389,0.032877994571644226,0.6614550919194119,0.03541597706696031,0.016850269476298144,0.09138323932911244,0.0025908561196822575,-0.004171297192272326,2.8674476783585425,-1.200000002846382,-0.03133400484278719,-0.026221674170747486,-1.2,0.7029713329816097,3.2380104384756483,1.1404384523967614,55.52439197695256,55.52495446079122,55.524128468396185,55.52356597317198
220.0,9.088000000000001,-0.03660476427000125,0.03343099106783663,0.6644359829581113,0.03690507429336727,0.017281140506012694,0.09315284495935847,0.002696446951017553,-0.004012276953317598,2.8290523606057048,-1.2000000024345912,-0.03158069730336752,-0.028267226207603694,-1.2,0.7042070774760337,3.236818779652762,1.1391653483352824,55.49125700762998,55.491724421045475,55.49091893064276,55.49045150748891
221.0,9.120000000000001,-0.03537691335485798,0.033997429033902966,0.6674614380316755,0.03837034109822713,0.017701186439572924,0.09454547104887834,0.00279100397454967,-0.0038440951472960387,2.790657098762833,-1.2000000020318196,-0.03169526595424881,-0.030350062833725544,-1.2,0.7053524173637469,3.2355830253427134,1.137843624416741,55.457466240028495,55.45783975746356,55.45705480661563,55.45668128105329
222.0,9.152000000000001,-0.03410301423576661,0.03457696204285126,0.6705191631715604,0.0398093474716053,0.01811040652963416,0.09555391062140281,0.002874525078866589,-0.0036677901042008886,2.7522618908028487,-1.2000000016447,-0.031673715837556765,-0.03246129678992225,-1.2,0.7064020397306052,3.234304186157956,1.1364741786218184,55.42316477203521,55.42344621042966,55.42268061788067,55.42239917290742
223.0,9.184000000000001,-0.03278397844135773,0.03516925015832961,0.6735966867641678,0.04121986857527731,0.018509003608698497,0.09617261226898396,0.0029470197279847948,-0.003484394445563709,2.7138667339685454,-1.2000000012781593,-0.031512737880205935,-0.03459190022004448,-1.2,0.7073510356740477,3.2329832995463197,1.1350579769114295,55.388500237768845,55.388691955302995,55.38794321628853,55.38775149364174
224.0,9.216000000000001,-0.03142078193297384,0.03577396544072262,0.6766814132898615,0.042599890886996665,0.018897352574781562,0.09639770392792782,0.0030084981640414836,-0.0032949296490999438,2.675471624868027,-1.2000000009350018,-0.031209710714928233,-0.03673273254866159,-1.2,0.7081949221717758,3.231621421093157,1.1335960454558256,55.353622203728975,55.35372697593448,55.35299115354984,55.35288637760432
225.0,9.248,-0.03001445833966521,0.03639079638255091,0.6797606775932181,0.04394761229089705,0.019275966932135045,0.09622700947989864,0.003058959735927911,-0.0031004017432982056,2.637076559569915,-1.2000000006156932,-0.03076269980080509,-0.038874564129895386,-1.2,0.7089296621660004,3.2302196165796073,1.1320894630998664,55.31868156190779,55.31870243354566,55.31797404574848,55.31795317164784
226.0,9.28,-0.028566092390895664,0.03701945122801282,0.6828217994555107,0.04526143589904826,0.01964546392068461,0.09566005819664275,0.0030983803477927356,-0.002901798336059865,2.598681533695414,-1.2000000003182416,-0.03017045456667967,-0.04100809533170714,-1.2,0.7095516828133218,3.228778955019758,1.1305393542683395,55.28382992446432,55.283770033961495,55.283041937897444,55.28310182712729
227.0,9.312,-0.027076813752665685,0.03765966014765732,0.6858521382428371,0.046539957444686815,0.02000652873889069,0.09469808710394967,0.003126699037539824,-0.0027000872045429723,2.5602865425046244,-1.200000000038123,-0.0294324043912118,-0.04312397078439584,-1.2,0.7100578918753835,3.2273005028914366,1.128946882516625,55.24921902431763,55.249081396047806,55.248344674674264,55.24848230279161
228.0,9.344,-0.025547791476258103,0.03831117625408026,0.688839147407656,0.047781946137736904,0.020359878325716785,0.09334403640058947,0.003143803738247436,-0.0024962167075957666,2.5218915809748554,-1.199999999768234,-0.02854865433616239,-0.045212788627029335,-1.2,0.7104456922541158,3.225785319765465,1.1273132449321852,55.215000125541295,55.21478742384157,55.214031285033144,55.21424398765993
229.0,9.376,-0.02398022927067877,0.0389737754580106,0.6917704286279254,0.04898631892435411,0.020706225122823035,0.09160253813341934,0.0031495163601511075,-0.0022911183261152654,2.4834966438691035,-1.1999999994987691,-0.027519981664282794,-0.04726510475683342,-1.2,0.7107129947086288,3.2242344555267617,1.1256396675912954,55.181323446499384,55.181037684216825,55.180249390719986,55.18053515500747
230.0,9.408,-0.022375361809759,0.03964725517619226,0.6946337853767663,0.05015210815374278,0.021046241193177,0.08947989840128032,0.003143577481044539,-0.002085711687109089,2.4451017257933794,-1.1999999992170507,-0.026347834295288107,-0.04927143236231224,-1.2,0.7108582288294317,3.222648949367497,1.1239274022727617,55.148337596900575,55.1479797908828,55.14714465213645,55.14750246128601
231.0,9.44,-0.020734452281946453,0.040331431913309075,0.6974172757268426,0.05127842274414204,0.021380523034900407,0.08698407343988432,0.0031256311838990043,-0.0018809124771680483,2.406706821242217,-1.1999999989071297,-0.02503433247166723,-0.05122223745857192,-1.2,0.7108803523900832,3.221029830716979,1.1221777246252629,55.11618902681882,55.115758793941005,55.11486026990871,55.115290507158015
232.0,9.472,-0.019058791383350655,0.04102613775043461,0.7001092642077326,0.05236440308111862,0.02170955741017287,0.08412464002780985,0.003095210983120581,-0.0016776436862059381,2.3683119246326205,-1.1999999985492067,-0.023582274996187258,-0.05310793182389388,-1.2,0.7107788592459923,3.2193781222536444,1.1203919339755282,55.0850214804639,55.08451657199905,55.08353656734918,55.0840414816172
233.0,9.504,-0.01734969793967317,0.04173121578321494,0.7026984725517,0.05340917011492137,0.02203368852438535,0.08091276074898353,0.0030517284060369377,-0.0014768506158677923,2.3299170303280046,-1.1999999981187564,-0.02199515141899918,-0.05491886577015727,-1.2,0.710553786002084,3.2176948451186838,1.118571354947779,55.054975439043545,55.05439122093142,55.05331068805056,55.05389491368767
234.0,9.536,-0.015608521315384535,0.042446514566049816,0.7051740291835045,0.054411769509019804,0.02235308696358987,0.07736114474388843,0.0029944667369453584,-0.0012795199913432772,2.291522132655553,-1.1999999975854898,-0.020277161413240565,-0.05664532470440252,-1.2,0.7102057177183712,3.2159810264138,1.1167173410355293,55.026187524262376,55.02551643007427,55.02431645389806,55.024987557744204
235.0,9.568,-0.013836645721303643,0.043171881636814256,0.7075255173328501,0.0553711123150278,0.022667720961388745,0.07348400466705006,0.0029225837979310327,-0.0010867032503520792,2.2531272259231794,-1.1999999969124424,-0.018433242150175787,-0.0582775356055628,-1.2,0.7097357929505502,3.2142377090100123,1.1148312802169296,54.99878981594266,54.998020833936664,54.996684440210615,54.997453434566836
236.0,9.6,-0.01203549645318194,0.04390715622448242,0.7097430216725276,0.056285914628803196,0.022977330864630142,0.0692970106149215,0.002835129540401632,-0.0008995435215280452,2.2147323044460236,-1.1999999960561365,-0.016469103561756616,-0.05980569246486124,-1.2,0.7091457084044944,3.2124659636090307,1.112914602622272,54.972909014434734,54.97202732782408,54.97054233186837,54.97142403425447
237.0,9.632,-0.010206547967677304,0.04465216128554801,0.7118171734083845,0.057154640172019794,0.02328140815829967,0.06481724174552805,0.0027310866997163133,-0.0007193047578981237,2.1763373625973883,-1.1999999949696245,-0.01439126966883296,-0.061220013390349395,-1.2,0.7084377233729262,3.2106669028674193,1.11096879012984,54.948665355200724,54.9476523439673,54.94601561654081,54.94702864789573
238.0,9.664,-0.008351333506271423,0.045406695082663796,0.713739193763389,0.05797545191893374,0.02357918115986825,0.06006313609389213,0.0026094456838758134,-0.0005473997086627298,2.1379423949046625,-1.1999999936120274,-0.012207121300877147,-0.06251084606410576,-1.2,0.7076146638483825,3.2088416971947344,1.1089953875607388,54.926171171617305,54.925005109200065,54.92322862770677,54.924394715675895
239.0,9.696,-0.0064714556853172804,0.04617052262059525,0.7155009357974436,0.0587461819048169,0.023869610560357822,0.05505443856420456,0.0024693276718408914,-0.00038541061883516143,2.099547396215858,-1.1999999919701876,-0.009924931217491037,-0.06366884145580105,-1.2,0.7066799256717373,3.206991591543233,1.1069960148363378,54.905529029407525,54.90418695757966,54.902305835693845,54.90364793964097
240.0,9.728,-0.004568597053596581,0.04694336740090714,0.7170949244717585,0.05946433224127181,0.02415139938474664,0.049812146072341454,0.002310171247611739,-0.0002350925729543448,2.061152361963484,-1.1999999900996186,-0.007553876838505606,-0.06468521584304139,-1.2,0.705637475174086,3.2051179220907624,1.1049723790239458,54.88682946863716,54.88529086182777,54.88337305011271,54.88491169652363
241.0,9.76,-0.002644529059204488,0.04772490415463847,0.7185143947798718,0.060127124824752846,0.02442302355410394,0.0443584471285403,0.0021319952019210157,-9.834448743514407e-05,2.0227572885439313,-1.1999999881894958,-0.005104009271582388,-0.06555211443079562,-1.2,0.7044918444431191,3.2032221311615334,1.1029262846081491,54.87014864774199,54.868401469773,54.86655779682511,54.86830502203613
242.0,9.792,-0.0007011171780121905,0.04851475345660443,0.7197533276018623,0.06073162128725925,0.024682790686436272,0.03871665068720314,0.0019357392623821417,2.2871893585834354e-05,1.9843621738041186,-1.1999999866433328,-0.0025861523860037303,-0.06626307122051744,-1.2,0.7032481167026299,3.2013057780441385,1.1008596396003856,54.85554662650425,54.853596031701116,54.85198758517086,54.85393823340067
243.0,9.824,0.001259680784040532,0.049312479385393765,0.7208064826758298,0.06127493631414752,0.024928935274666737,0.03291109606148518,0.001723660395217368,0.00012668613975934907,1.9459670175755166,-1.19999998613519,-0.00028861676167916267,-0.06705816255021595,-1.2,0.7019028156970978,3.199370542631323,1.098774454322159,54.84361848803591,54.80611354168574,54.836211328531,54.87371633034042
244.0,9.856,0.0032358259573048997,0.050117591189972464,0.7216688865551067,0.06175453666451143,0.025159743893084337,0.02695012122740437,0.001753805825898349,-6.514904264516077e-05,1.9075712552987913,-1.2000027677922036,0.002337691100386015,-0.06742286264925142,-1.2,0.7004725159940045,3.1974182121326913,1.0966728299814539,54.83087384345633,54.85802533548842,54.82937228155059,54.80220971834969
245.0,9.888,0.005228489727912692,0.050927806367375,0.7223370183056934,0.062270742831493454,0.02531922429382914,0.020879117205833252,0.001551420531032013,-4.5156512065731986e-05,1.8691758516014834,-1.2000031886527367,0.004915416671643684,-0.06770783903282875,-1.2,0.6989639266049369,3.195447381541013,1.0945541072551959,54.823749488448776,54.821834302373496,54.82172817949061,54.82363061095496
246.0,9.92,0.0072358883129376595,0.05174208812426615,0.7228082265806246,0.06273120578203017,0.02544630490284854,0.014725258591599663,0.0013463843073419236,-4.2002167139622945e-05,1.8307804865832165,-1.200001469666218,0.007504358457955582,-0.06785105083200278,-1.2,0.69738401756021,3.1934596611920414,1.092420250408884,54.81793417034152,54.81610215229252,54.81763316009394,54.819459299478076
247.0,9.952,0.009256205189132973,0.052559378239144694,0.7230807346841628,0.06313490238110349,0.02554031608995443,0.008515878235568201,0.0011521059111785216,-5.4828119300308616e-05,1.7923851364046954,-1.2000006845603086,0.010096614643585924,-0.06785912599463707,-1.2,0.6957398623191267,3.1914567383704844,1.0902732593769286,54.81438830763753,54.81301598818615,54.816111973735815,54.81748155494597
248.0,9.984,0.011287706802404278,0.0533786347857807,0.7231536351300614,0.06348442541472822,0.02560176708237512,0.002278138934330707,0.0009813322766336868,-7.965061552066597e-05,1.7539897952737162,-1.2000003261075274,0.01268539080746433,-0.06774087907827224,-1.2,0.6940384990388802,3.1894402640353356,1.0881150486769353,54.813192979653685,54.81246116128475,54.8170043475159,54.81773486145473
249.0,10.016,0.013328851588111743,0.054198880361282314,0.7230268754160936,0.06378577455335821,0.02563267423442547,-0.003961241061493922,0.0008457848414159003,-0.00011094017419921953,1.7155944630815103,-1.2000001585456133,0.015265418608834373,-0.06750584595643148,-1.2,0.6922868402618811,3.1874117455641917,1.085947330694507,54.81443577230971,54.81445024785211,54.820102884449156,54.820087774724314
250.0,10.048,0.015378394917274925,0.055019246669414296,0.7227012365977274,0.06404822903634938,0.025636447129124388,-0.010176213073941056,0.00075440044534107,-0.0001422690919660427,1.6771991406963258,-1.2000000729037523,0.017832810858479563,-0.06716344555508214,-1.2,0.6904916505197871,3.185372442696797,1.0837715037681974,54.81817477573328,54.81893991023196,54.82521191725465,54.82444649114096
251.0,10.08,0.017435474479120076,0.055839008837495284,0.7221783087873364,0.06428373630766093,0.02561756775253086,-0.01634149407472167,0.0007121191198113006,-0.00016717235047440275,1.638803828528204,-1.2000000218187008,0.020384863089002357,-0.06672254935584891,-1.2,0.6886595916231779,3.1833232821141495,1.0815885615986742,54.82441238468462,54.825834700789045,54.83219679413813,54.830774390758904
252.0,10.112,0.019499664479315407,0.05665760476443659,0.7214604676990675,0.06450593750610402,0.025581122716915813,-0.02243253400840276,0.0007195800070418721,-0.00017997231114323545,1.6004085268940664,-1.199999987819641,0.022919902594131125,-0.0661914333390017,-1.2,0.6867973135333746,3.1812648022537102,1.0793990363127062,54.83308996717745,54.83500977788942,54.841005095747114,54.83908533375658
253.0,10.144,0.021570994381347845,0.05747463801608788,0.7205508550561199,0.06472905943851365,0.025532289114102845,-0.02842539509211037,0.0007737104270368853,-0.000176336643489721,1.562013236942389,-1.1999999660992815,0.025437213661755897,-0.0655779224877257,-1.2,0.6849115574251169,3.1791971326501205,1.0772029796493183,54.84410526402952,54.84634038559388,54.851654040976285,54.849419055014806
254.0,10.176,0.023649935621793045,0.058289866098613675,0.7194533637009203,0.06496691376391242,0.025475877578931005,-0.03429660484998914,0.0008688700577524029,-0.00015347199317564534,1.5236179612682552,-1.199999955190175,0.027937003594229938,-0.06488951909498185,-1.2,0.683009240576925,3.1771200044207695,1.0749999785101705,54.85734068545211,54.859724038735884,54.86419683482533,54.86181366078085
255.0,10.208,0.025737364913723988,0.0591031781747582,0.7181726264439993,0.0652321653728419,0.025416002379516377,-0.04002303927878172,0.0009981037425634885,-0.0001100055408830488,1.4852227039008223,-1.1999999531580818,0.030420354587293193,-0.06413340080517484,-1.2,0.6810975054069035,3.1750327833555594,1.072789195585304,54.87268712624225,54.875087818186564,54.87868751169328,54.87628700711664
256.0,10.24,0.027834514240554175,0.05991456696342502,0.7167140066257124,0.0655359164634433,0.025355899645838183,-0.045581869321464866,0.0011541641778187355,-4.569128356900972e-05,1.4468274697934007,-1.1999999571892532,0.032889126687169964,-0.06331628639847216,-1.2,0.6791837292198395,3.1729345155943243,1.0705694241760941,54.89005474012018,54.89238245251369,54.89515757233332,54.8928300311828
257.0,10.272,0.02994291613662003,0.060724098965353614,0.7150835881435181,0.06588755925205796,0.025297875060268444,-0.050950577568570306,0.0013301655124836702,3.8921493467360245e-05,1.4084322641129783,-1.1999999644154111,0.03534580839251338,-0.06244423018998595,-1.2,0.6772755011801279,3.1708239773856173,1.0683391479415345,54.90937138289406,54.91157007288103,54.91360704355181,54.91140849590321
258.0,10.304,0.03206434996394061,0.06153188594489194,0.7132881630679754,0.06629480710376792,0.02524334311057258,-0.05610703361071107,0.001519894322195616,0.00014276967518811785,1.3700370915669557,-1.1999999726172417,0.0377933320607649,-0.06152241268566482,-1.2,0.6753805771031758,3.1686997233087353,1.066096599375462,54.930574472751495,54.93261219369058,54.93400561134484,54.931967999936795
259.0,10.336,0.03420079206105414,0.062338059361833405,0.711335215589583,0.0667638155347979,0.025192919279420845,-0.06102960869976132,0.0017178828438675626,0.0002644756543536258,1.331641955875043,-1.1999999804259196,0.04023487638011214,-0.060554972135606684,-1.2,0.6735068223157595,3.1665601301764283,1.063839813854477,54.95360193353459,54.95546133020958,54.95629808802146,54.9544387696428
260.0,10.368,0.03635437060041753,0.06314274850475038,0.7092329016450235,0.0672993293551059,0.02514653571615542,-0.06569731076748458,0.001919354883994702,0.0004024697461294052,1.2932468593985886,-1.1999999871766172,0.04267367356457775,-0.059544894839799994,-1.2,0.6716621503651784,3.16440343587915,1.0615666782889683,54.97838536436336,54.98005672913041,54.98041027735232,54.97873896387881
261.0,10.4,0.03852732485833205,0.06394606249189554,0.7069900240374082,0.06790482055982872,0.025103562098286143,-0.0700899252379788,0.0021201252238119642,0.0005550563273285632,1.2548518029007203,-1.1999999926549665,0.04511283160490305,-0.05849396374584949,-1.2,0.6698544625159222,3.1622277735695627,1.0592749746398074,55.0048461813542,55.00632319025869,55.006253563167455,55.004776583643114
262.0,10.432,0.0407219681612898,0.06474807600537501,0.7046160031661967,0.06858260321742948,0.025062922296233463,-0.07418815222536006,0.0023164985612774912,0.0007204453896555561,1.216456785408488,-1.199999996879306,0.04755517583436483,-0.05740275627973012,-1.2,0.6680915906476692,3.160031202031379,1.0569624190561662,55.032894185634454,55.03417168020989,55.03372799932645,55.032450517233805
263.0,10.464,0.042940653741506386,0.06554881850319293,0.7021208436469516,0.06933392438176832,0.025023203056809946,-0.07797373497640807,0.002505187815053661,0.0008967660967971742,1.1780618041585564,-1.1999999999605433,0.050003110326041475,-0.05627068030982632,-1.1820278669770627,0.6663812445945787,3.1578117331118856,1.0546266974452045,55.08039980385688,55.0455286062699,55.08069639568747,55.04367906134053
264.0,10.496,0.045185742890633374,0.06634826662474558,0.6995150982305032,0.07015903591021828,0.024982753798520326,-0.08142954426401318,0.002683582326966051,0.0010812695157321457,1.139978038680069,-1.1902719174239964,0.052441350047180396,-0.05511235966712243,-1.1343181545102337,0.664730965441559,3.155567356949683,1.0522654981370492,55.14931338382363,55.038203953002146,55.149053477505554,55.036347856672
265.0,10.528,0.04745957505107581,0.06714633984239703,0.6968098343754708,0.07105725501382598,0.024939788051607754,-0.08453949546976043,0.002850129281879489,0.001269564923501793,1.1028636770496847,-1.159968005816796,0.05483673690149197,-0.05396346081390264,-1.0883206819957576,0.6631480908431775,3.153296065498466,1.0498765419939566,55.19721359568431,55.05435827871599,55.196379850044046,55.05264587172821
266.0,10.56,0.04976443845264075,0.067942895124167,0.6940165800476769,0.07202698129890447,0.02489235255531163,-0.08728919774356184,0.0030037040055583986,0.0014575365045409133,1.0669913386967278,-1.1211421598698441,0.05717877008824429,-0.05284296126713912,-1.0444138420408975,0.661639699672792,3.150995875627834,1.0474576121972052,55.235586204361795,55.08227899686743,55.23427898479734,55.08067292097593
267.0,10.592,0.052102541327862524,0.06873771935706832,0.6911472758788909,0.0730657148506803,0.024838257278166315,-0.08966575527456075,0.0031433395377602506,0.0016421476679977253,1.032449921147874,-1.0795379785989476,0.05946671727076593,-0.05176062134660384,-1.0027168305809535,0.6602125736691106,3.1486648520436447,1.0450065839323197,55.26993666404992,55.11619369964883,55.26821958398726,55.114677956316385
268.0,10.624,0.05447598648104553,0.06953052957014572,0.6882142280409179,0.07417016103696877,0.02477531915866854,-0.09165774493665588,0.00326818855324697,0.0018209838378796905,0.9992418785016647,-1.037857745332264,0.06170376469116089,-0.050720914974391094,-0.963223001528665,0.6588731661431481,3.14630112750578,1.0425214492098673,55.3028404076218,55.153244548492125,55.30075861932765,55.15181550324293
269.0,10.656,0.05688674847000375,0.07032097769586444,0.6852300586950204,0.07533631215494448,0.024701503928710174,-0.09325529205929722,0.003377516392044234,0.001992006997528858,0.9673301001346152,-0.9973381593422154,0.06389427741073966,-0.04972514597044144,-0.9258644128692087,0.6576275723909806,3.143902921094672,1.0400003382246494,55.335459323354044,55.191976136547765,55.33304870072888,55.190636901643146
270.0,10.688,0.059336653027156454,0.0711086579957029,0.6822076540529759,0.07655951741102186,0.02461500936995181,-0.09445014506389077,0.0034707025253976715,0.0021534246071405728,0.9366605021669033,-0.9585096699285433,0.06604253360845283,-0.048772616580202176,-0.8905433667260394,0.6564815013296487,3.141468554951736,1.0374415380066668,55.36827264677864,55.23160715095792,55.36556416443812,55.23036444744883
271.0,10.72,0.061827358512003806,0.07189311603521417,0.6791601105093373,0.0778345464014797,0.0245143137347272,-0.09523573573870506,0.00354724274780045,0.0023036179045716693,0.9071729130480468,-0.9215624486390536,0.06815215703882993,-0.04786129934952317,-0.8571481182020959,0.6554402485432608,3.138996469758216,1.0348435087966583,55.40142905194999,55.27168008996506,55.3984508907197,55.27054253095679
272.0,10.752,0.06436033925286773,0.0726738585000127,0.6761006792573886,0.07915564815199752,0.024398202024954165,-0.09560722662339807,0.0036067502741594327,0.002441100999378524,0.878806311244153,-0.8865229580307359,0.07022588032662178,-0.04698824693598871,-0.825560978925762,0.6545086708898207,3.136485239145103,1.0322048984293042,55.43491633849877,55.31189309547104,55.43169491869261,55.31087024530044
273.0,10.784,0.06693687066026119,0.07345036336938211,0.673042709723005,0.08051660648104553,0.02426577716779395,-0.09556154794948873,0.0036489557188092428,0.0025644961175194164,0.8515013302288083,-0.8533393787905857,0.07226546535576606,-0.046149861522452595,-0.7956627417231392,0.6536911627369065,3.13393358319216,1.029524554935637,55.46864335544917,55.352019426850084,55.46520388243626,55.35112126276557
274.0,10.816,0.06955801600248698,0.07422209009676024,0.6699995921011792,0.08191079194455601,0.02411646023056655,-0.09509742568205434,0.003673706333157638,0.002672517686193489,0.8252014332009201,-0.8219231926415532,0.07427169856303806,-0.04534208686638229,-0.7673352917661579,0.6529916338513676,3.1313403811536364,1.0268015375398944,55.50247973792946,55.39186906162976,55.49884655403808,55.39110562683619
275.0,10.848,0.07222461473803729,0.07498848953123116,0.6669846992539444,0.08333121048594704,0.023949982327216183,-0.09421540147608659,0.003680964877720467,0.002763961802068093,0.7998534325739878,-0.7921696620476084,0.07624442231301383,-0.04456055576553482,-0.7404632853864269,0.6524134889548429,3.1287046835307897,1.0240351262039644,55.536275384747434,55.431270517813225,55.53247228501741,55.4306516453069
276.0,10.88,0.07493727230539617,0.07574901337417767,0.6640113282155697,0.08477054897996478,0.023766370092078208,-0.09291784494920913,0.003670808439522521,0.0028376996813588243,0.7754076800079647,-0.763968126165112,0.052344624453758516,-0.024760915967968894,-0.6185830659637913,0.6506936598145897,3.1260257235911357,1.021224829853776,57.94854736706656,55.10298072936725,52.9586149624188,55.222641359312824
277.0,10.912,0.07769607445881019,0.07650316126175205,0.6610324116435902,0.08621256729418812,0.02356712148669953,-0.09309114287436157,-0.0035169025339646925,-0.005408622873723902,0.7542683057405954,-0.6606195830606126,0.05338442994988882,-0.02465752542586009,-0.6057720427249119,0.6491399232788119,3.123303586698289,1.0183706568487265,53.54369413276077,55.22220052766915,57.26072807959071,55.36283152333953
278.0,10.944,0.08039098489442593,0.07724583321660954,0.6580698072239373,0.084215951112992,0.023208498589296387,-0.09258138811415315,-0.010133468069662662,-0.014245941606530916,0.7352958928636796,-0.5947573575949208,0.05246341761806731,-0.022790159477244602,-0.5737288627401002,0.647831700049915,3.120648007632539,1.0155814108268506,55.337637131953976,55.39003277832824,55.50058377975338,55.36407415395984
279.0,10.976,0.08291129885085725,0.0779679874267287,0.655116565817799,0.07875981113847866,0.022567319066223755,-0.09228879394182132,-0.016176249281073862,-0.02233718521404047,0.716733129180294,-0.5832896490169718,0.04933512571357415,-0.019297052781537732,-0.5219860143638372,0.646807906028061,3.118169433607869,1.0129673553342644,55.42265370754622,55.4081262428483,55.61800584578836,55.38731877187374
280.0,11.008000000000001,0.08515481939311872,0.07866519663769941,0.6521925455338528,0.0701100169456709,0.021787787842834895,-0.09137563387331951,-0.02151718871069586,-0.029549767428679048,0.699265677132956,-0.5498446820826524,0.04440181417116395,-0.014498660347597047,-0.44186502629022445,0.646122684063521,3.1159696883575414,1.0106295038532211,55.5019735762798,55.446988887838266,55.77154379727656,55.394609862548386
281.0,11.040000000000001,0.08703000264420108,0.07933667571787074,0.6493202390312148,0.05859947659632344,0.02098372125535406,-0.08975957820743499,-0.02602273773193168,-0.03542483588618259,0.6836856421352373,-0.4908588539252998,0.03805551817696362,-0.008774451376022882,-0.31725322539114903,0.6458118897859834,3.114139927476281,1.0086577199545035,55.60580424617213,55.467239911953925,55.94992074114059,55.3940625612222
282.0,11.072000000000001,0.08846058067270061,0.07998594502211813,0.6465241771042339,0.04470556339061052,0.02028966575773077,-0.08737693521815296,-0.02953300945910939,-0.0395297190713734,0.6711175761805506,-0.39589445422736963,0.0308788337597148,-0.002548106026732975,-0.11526614440725359,0.6458844853904735,3.112756036290659,1.0071260640153252,55.74728083752212,55.44688471874897,56.175640869884425,55.35352374937711
283.0,11.104000000000001,0.08939031156010152,0.08062058295578033,0.6438298921516338,0.0290540902312783,0.019832435426943625,-0.08419640476875483,-0.03187602478531762,-0.04136712111838882,0.6634143113444222,-0.24218099736287307,0.023593718840810317,0.0037940457611282275,0.22321944124942666,0.6463109552813583,3.111873889007492,1.0060882008538834,55.96480483497576,55.34379335058143,56.46965057709071,55.229060307035844
284.0,11.136000000000001,0.08978840181522942,0.08125172278043935,0.6412622694466308,0.0124403204727467,0.019723119520594495,-0.08023820953134343,-0.03295709017981702,-0.04041866168875789,0.6638012544463832,0.013036156708372252,0.016935497585807563,0.010098293416955569,0.752751293127921,0.6470126494335952,3.111523944962527,1.0055722003028473,56.286014902648056,55.13660796925043,56.810721993071944,55.00126838079138
285.0,11.168000000000001,0.08965454304760072,0.08189380428316119,0.638843184553323,-0.004183086488396787,0.020065046960057453,-0.07559640291586796,-0.03292059782254455,-0.036350314397150474,0.6770926068244848,0.41901760098202634,0.011437731978858999,0.01668153539804798,1.2,0.6478682493179314,3.1117062572046907,1.0055756621593455,56.4149575449349,55.13207713012918,56.834373067385805,54.99332388611963
286.0,11.200000000000001,0.0890205607798998,0.08256548943481486,0.6365872082543307,-0.0198119458656538,0.020990160989177078,-0.07049925934351005,-0.03213103822725684,-0.029559124788621226,0.7040299182220762,0.8478464319479005,0.007325611582486442,0.02428186724110106,1.2,0.6487533251598346,3.1123889381389604,1.0060639257703232,56.113697980479216,55.56120689509571,56.30292897115352,55.44680578432862
287.0,11.232000000000001,0.08794377866220912,0.0832920407390937,0.6344998005065882,-0.03364944117783356,0.022704728258713856,-0.0652314921169537,-0.03111062731103195,-0.021329096672336838,0.7371128167743652,1.0412238288278841,0.004710334934303962,0.033414961324567324,1.2,0.6495957377774269,3.113514926460264,1.0069761135580122,56.028559769451796,55.74875620986791,55.99872956579157,55.643428440686996
288.0,11.264,0.08649190453414604,0.08410755799718449,0.6325826196075682,-0.04537106650197372,0.02548491431533847,-0.05991190309437616,-0.030593243221909282,-0.01268546402944028,0.7729729800387293,1.1283976966434726,0.004046009197489979,0.04393899788120834,1.2,0.6503977136795116,3.1150171199554535,1.0082395363642274,55.974671896995474,55.83726140059166,55.872521304919985,55.72352258789769
289.0,11.296,0.08472892766252407,0.08505639784906707,0.6308362181073857,-0.055093027238186466,0.02965124537133076,-0.05457504688070528,-0.030862842886612937,-0.003929840433325935,0.8100848590232282,1.1677092212491196,0.005915824264855589,0.05538927715191013,1.2,0.6512115235626112,3.1168324986207967,1.0097833097669093,55.91410667393387,55.881677879953116,55.86251736111204,55.76578304008929
290.0,11.328,0.08270975637698473,0.08619364673154761,0.6292627114741228,-0.0630991026731044,0.035539027577516855,-0.0491720822894635,-0.031703667571241934,0.005125355362965803,0.8477490796631942,1.1854330519038287,0.010735299251365373,0.06717383658674296,1.2,0.6521113576024041,3.118907484974943,1.0115436355316303,55.86574909670055,55.89594197100842,55.905058560312334,55.816597893619765
291.0,11.36,0.08048214856380134,0.08758472019511361,0.6278671907429427,-0.06961274416198082,0.04347104573643739,-0.04361002284937808,-0.03258854642216742,0.014676259945192534,0.8856483542483075,1.1934307772185766,0.01861625851861961,0.07855030833685007,1.2,0.6531712682884432,3.1211960193068005,1.0134621516187055,55.843227757930784,55.878191072727226,55.96319373916263,55.901953533240494
292.0,11.392,0.07809126285931128,0.08930316616355041,0.6266578453071742,-0.07471517826531428,0.05370143651365002,-0.03779204486776749,-0.03276918069550551,0.024603374846338035,0.9236521446479902,1.1970489708539735,0.02934354365826352,0.08872001550101243,1.2,0.6544443610997336,3.1236550051881506,1.0154821052021656,55.85529404937108,55.836243977498015,56.01087114477127,56.01811710006024
293.0,11.424,0.07558439656823722,0.09142516815218557,0.6256448986558677,-0.07833957159606443,0.06631256214484864,-0.03165458285332709,-0.031465282181739995,0.03437633835479715,0.961726766324239,1.198666040672406,0.04247604567245226,0.09708144172764559,1.2,0.6559477782019908,3.12623951570314,1.0175449971832164,55.90725336964518,55.79780165938296,56.02630360216906,56.130419475120895
294.0,11.456,0.07301441329482651,0.09402107077938635,0.6248387889199459,-0.08031197729408457,0.08112195710002414,-0.025190929247555206,-0.028227783826243424,0.04320215535872451,0.9998829676875015,1.1993406693057032,0.05751355358668683,0.10339182307542318,1.2,0.6576633129925604,3.128899243880817,1.0195890372533167,55.99074288514289,55.79233340779591,56.004051809177724,56.19982396374752
295.0,11.488,0.07044013507622986,0.0971469241300831,0.6242484782830473,-0.08044619433114536,0.0976829172092737,-0.0184472074030821,-0.023203772793479082,0.050322592958246246,1.0381366494852304,1.1996016998888432,0.07400541209587075,0.10768616092446066,1.2,0.6595519880359255,3.1315779644802277,1.0215504507167066,56.081967541910686,55.826852599803686,55.95985103852371,56.21337278018608
296.0,11.52,0.06792293272385691,0.10083944049404428,0.6238805856775671,-0.07866257351165451,0.11539113637378658,-0.011496643921256312,-0.017054731907764308,0.05526005928731364,1.0764852092360928,1.1997384175301378,0.0915750093144395,0.11010170591750805,1.2,0.6615705869448391,3.134216834847756,1.0233677101283458,56.155314651840335,55.88701485416451,55.91711669717049,56.18437016496687
297.0,11.552,0.06552083826203091,0.1051154033350244,0.6237393566084077,-0.07506545193206247,0.13362383878062842,-0.004413408411230164,-0.010641661003256418,0.05790409423547539,1.1149045591035645,1.1998630463933833,0.08895480218489499,0.12520864901136478,1.2,0.6636927386927527,3.136760236360457,1.0249872304121097,58.31027757492215,55.687875063676266,53.78148512205791,56.403339818877335
298.0,11.584,0.06328263925965846,0.10997440631739143,0.6238280370693972,-0.06994371882413887,0.15184384319896974,0.002771264405919402,-0.010274007257161476,0.04886225436785077,1.1534453188109297,1.1998233212723877,0.11241045308139512,0.12415124760085164,1.1689838660305345,0.6658650298755087,3.1391616676709857,1.026368398468409,54.253280922851985,56.52982445809654,57.77547485378116,55.62228913950402
299.0,11.616,0.06115158004148807,0.11533603226671234,0.6241554641181195,-0.06659560056782482,0.16755081091627824,0.010232095272573452,-0.014595864591634772,0.042564859078783226,1.19158944436026,1.1883748386493675,0.13283573832213527,0.12231803134523381,1.0418806079118912,0.6680921073596577,3.141477424279912,1.0275883927851515,55.87743634515707,56.164405159394015,55.91457502554946,56.213583134262414
300.0,11.648,0.05904307939883943,0.12116004256438453,0.6247187543493082,-0.06589064508276979,0.182000321802256,0.01760281972464776,-0.018707392065455967,0.0361541448456709,1.227169977102432,1.1076675705660846,0.1508899528847593,0.1216231586901744,0.9497772402106432,0.670362995050887,3.143793129183322,1.0287448017985683,55.85432640189582,56.174136263111805,55.90363432099191,56.215385781197696
301.0,11.68,0.05687863349007979,0.12739902877152842,0.6255177453377092,-0.06763893464873884,0.19496831897324632,0.024968468387530342,-0.02257547061734712,0.029706148481618844,1.2599867708506325,1.0206917851995532,0.16656990935576554,0.12218799778565961,0.8860491044632554,0.6726719463379848,3.1461879417516787,1.029930262211202,55.86384856426249,56.1454850379392,55.92413439523762,56.181068644506105
302.0,11.712,0.05458652443602571,0.1339998478874683,0.6265507555713886,-0.07162840793918976,0.20627559737312096,0.032281569802481536,-0.026144566082519936,0.023294864152096466,1.2904491798385143,0.9465342213978999,0.17995124626110462,0.12400534057310166,0.8447271511687424,0.675012095623113,3.1487338522038315,1.031231143539807,55.88132140191849,56.104213796934665,55.95060154867647,56.13493743457692
303.0,11.744,0.0521023532957236,0.14090512298015156,0.6278146261119536,-0.07763034813444089,0.21578984664635187,0.03949595439265565,-0.02936676123801815,0.01698904267819901,1.3191340468846873,0.8904737710659466,0.19114391535801023,0.12698608879432513,0.8209539717285361,0.677375572150799,3.151495089263893,1.0327264125175937,55.89652315997638,56.06074484097984,55.97297187227446,56.08682938862066
304.0,11.776,0.04936936969103606,0.14805457080194906,0.6293047721750972,-0.0854057376464857,0.2234202444311715,0.046567064473236566,-0.03220893962885962,0.010851518796212111,1.3466072704361505,0.852203211130885,0.20027332290557937,0.13099579479290213,0.8109382839635764,0.6797536403589077,3.154527743270797,1.0344867634434856,55.90585426583364,56.018656388585384,55.98790139080181,56.04015897671931
305.0,11.808,0.04633864737450796,0.1553861726671928,0.6310152483903282,-0.09471007239150288,0.2291125582888664,0.0534523817259692,-0.034652275133405415,0.004938778915690824,1.3733628022063706,0.8294954314900372,0.20747423488662237,0.13587908556095835,0.811756889043518,0.6821368590554597,3.157879559323415,1.0365739786124062,55.9085461447617,55.97867122007908,55.9948324014658,55.99566149593451
306.0,11.84,0.042969143300658555,0.16283721311503815,0.632938829227728,-0.10529700230779392,0.2328450139951674,0.06011190116874532,-0.03668957930852429,-0.0006993691709599863,1.3998107834401823,0.8197400494304555,0.2128890244205099,0.14147462201425504,0.8211465475415582,0.6845152519037522,3.1615898658419535,1.0390404905829895,55.90492220223236,55.94046403519932,55.994243848575685,55.95307602316432
307.0,11.872,0.039227664016723646,0.17034520839846218,0.6350671023467654,-0.1169212276229658,0.23462485260700053,0.06650853496991885,-0.03832251757511079,-0.006019962713754519,1.4262840015050358,0.8205184176565234,0.21666693842771928,0.14762376408165181,0.8373289576974183,0.6868784804695414,3.1656896164768358,1.0419291288647938,55.89563849554828,55.903435001741386,55.98690921275967,55.911870546402994
308.0,11.904,0.03508875322898151,0.17784874224061356,0.6373905711643233,-0.1293409621169417,0.2344854325672305,0.07260840054868274,-0.039559266594476505,-0.010986884839488793,1.4530494328972814,0.8297652519732158,0.21896324091484823,0.1541753506550814,0.8588755294242058,0.6892160121884351,3.1702015320111894,1.0452730404761321,55.88137745976817,55.867013155307724,55.97360620207194,55.87152939672843
309.0,11.936,0.030534508404232063,0.18528822178391713,0.6398987627957882,-0.14232015077342003,0.23248373572823627,0.07838098848327722,-0.040412681239779896,-0.015570732181397163,1.4803196469033053,0.8457666635050707,0.2199379487609637,0.160988159282337,0.8846071184946613,0.6915172775510602,3.175140333710163,1.0490957763494102,55.8627426170994,55.830754674942085,55.95502168348291,55.83164780568187
310.0,11.968,0.025554331042689175,0.1926065628258444,0.6425803378969865,-0.15563054254821512,0.22869815756022707,0.08379922191244914,-0.04089889519522696,-0.01974858491129545,1.5082623503469441,0.8671040382644762,0.21975418044652503,0.16793198960390496,0.9135215631999539,0.6937718126791933,3.1805130617208106,1.0534115350711284,55.840237351335645,55.794356897350625,55.93173602903698,55.79194638328009
311.0,12.0,0.0201446137290658,0.1997498103531715,0.6454231994708015,-0.16905366605073033,0.22322648522897137,0.08883942418171772,-0.041036260227408486,-0.02350370697582222,1.5370077991673055,0.8925889322901667,0.21857622620712722,0.17488792098154535,0.9447425281389276,0.6959693850113449,3.1863194727377984,1.058225553294066,55.81427540877106,55.75764133807373,55.90423621153091,55.752255898833205
312.0,12.032,0.01430836651719078,0.20666769794222475,0.6484145982690085,-0.18238272537109423,0.21618398715791426,0.09348121244396801,-0.04084454624978754,-0.026825196114005717,1.5666543352456783,0.9212056695577207,0.21656745896851345,0.18174806440903232,0.9774844841579975,0.6981001010159851,3.192552510963663,1.0635346293776715,55.7852007366444,55.720528139825674,55.8729365411985,55.71249387961612
313.0,12.064,0.00805478521565622,0.2133141476392117,0.6515412329705615,-0.1954244156729548,0.20770155303084167,0.09770733442353288,-0.04034434600762164,-0.02970759757408414,1.5972724537040215,0.9520662792950031,0.2138881931772341,0.18841500101326156,1.0110298597154925,0.700154495754329,3.19919884583872,1.0693277640975019,55.753307695932364,55.68301073830395,55.83819894286434,55.6726415788108
314.0,12.096,0.0013987645013995593,0.21964771034788955,0.6547893438333288,-0.20800064732052048,0.19792383464618274,0.10150346446147546,-0.03955664516580305,-0.032150492149191856,1.6289078009596016,0.9843776674247763,0.21040483392872178,0.19518286328447154,1.0470391651583741,0.7021155629195946,3.206239469320479,1.0755869000464167,55.76268785337001,55.6474188144816,55.75849196924412,55.62311501719813
315.0,12.128,-0.005639622171068639,0.22563196229150817,0.6581443095311766,-0.219949583514631,0.18700787323808182,0.1048426780577461,-0.03890371371169636,-0.034448358418665635,1.6616362574283503,1.018686547873331,0.20687579401081665,0.2011693963676225,1.0799800972659541,0.7039828360997968,3.213650331002303,1.082287720571493,55.643753639100275,55.59956212466934,55.7969020086859,55.59591932554634
316.0,12.16,-0.013039512668832094,0.23123247584976245,0.6615914488315959,-0.23124657805510776,0.175016048695446,0.10772310313810267,-0.03765547384558398,-0.03605823010582576,1.6954119524784617,1.0522377506379172,0.20303356666761116,0.20685538367396725,1.1126106929592128,0.7057482283636499,3.221406577303891,1.0894044815506876,55.64188017184624,55.566459951144466,55.71678745335355,55.55071590477014
317.0,12.192,-0.02077266717166878,0.2364232163734924,0.6651160708725022,-0.2416610782136463,0.16221064136656071,0.11014443877832213,-0.036176647191771334,-0.03724482246046589,1.7302272999846462,1.0852503524680872,0.19909195568242322,0.21206395229872746,1.1437128761523467,0.7074045866058832,3.2294765050195626,1.096903381782652,55.601197802001394,55.52792886462392,55.67152954682719,55.510948389467615
318.0,12.224,-0.0288074739215334,0.24118396610791387,0.6687033463280802,-0.25108771093326904,0.14877342920067102,0.11210235798680958,-0.03448696490418683,-0.038023208524355506,1.7660488597442583,1.1171943896487073,0.19517103313756437,0.2167360733564374,1.1727863607000444,0.7089454193954575,3.2378254644420164,1.1047470109804198,55.55897332523791,55.48948956652456,55.62428063234548,55.47139650685349
319.0,12.256,-0.03710963846514098,0.24550044285094538,0.6723383580144777,-0.25944264198773676,0.1348898982197346,0.113594115199924,-0.032606756028586495,-0.03841157188105711,1.8028267331529335,1.1475467696097563,0.19137794048791418,0.22081801298710366,1.1993794462947838,0.7103648878344596,3.2464166211792684,1.112895282517098,55.515385522904175,55.451221747587375,55.57536353885613,55.43219660743281
320.0,12.288,-0.04564290052190013,0.24936433847637565,0.6760061510352142,-0.2666644392737231,0.1207467382946958,0.11461853189801548,-0.03055632000440045,-0.03843074683801519,1.8404958022183573,1.1758247117271394,0.18780603116875266,0.22426114680643036,1.2,0.7116577970199379,3.2552117276760772,1.1213063566769843,55.44757605793138,55.436324303685716,55.50197514330744,55.41652574446167
321.0,12.32,-0.054369760500822664,0.2527732758562932,0.6796917714601451,-0.27271437434132906,0.10652929312242398,0.11517563827909129,-0.028340946748987097,-0.03811598810041792,1.8785744046255741,1.1890042769286318,0.18444294051519244,0.2270960112705547,1.2,0.7128195732634532,3.2641718850605588,1.1299375309559125,55.394074576010794,55.406728052465326,55.442691399599596,55.386055030859595
322.0,12.352,-0.06325220457206755,0.25573067308845804,0.6833803157305751,-0.2775763772264025,0.0924186635051504,0.11526700845093653,-0.025978125312815594,-0.03749490505341719,1.916834079193881,1.1949945815769778,0.18131903610471772,0.22930502546028644,1.2,0.713846257798732,3.2732582827867414,1.1387460841512727,55.347739653376706,55.36979917954106,55.39042775915341,55.34834655929696
323.0,12.384,-0.07225241944156756,0.2582455093287503,0.687056960641327,-0.28125671467187496,0.07858863250913277,0.11489515346099756,-0.023491202895224637,-0.03659238853104169,1.955172047076862,1.1977196225846538,0.17848220137951434,0.23085101150003123,1.2,0.7147344750788477,3.2824329070349823,1.147690065791641,55.3047865310531,55.329618571802825,55.34146658412986,55.30751303371875
324.0,12.416,-0.08133346773587427,0.26033200304285653,0.6907069937750961,-0.2837827591970845,0.06520292856581998,0.1140635354302844,-0.02090606520915303,-0.03543263341168001,1.9935425824053086,1.1989602776188866,0.175983468108909,0.23169201868024653,1.2,0.7154814047858586,3.2916591905629455,1.1567290044291862,55.2635738805569,55.288130952481815,55.2942274812578,55.26551151980842
325.0,12.448,-0.09045990994174496,0.26200921690516993,0.6943158435885249,-0.28520131893345896,0.05241293319729364,0.11277655666964971,-0.018249487169522776,-0.03403985222623021,2.031925852698746,1.1995255293495242,0.173870344301442,0.23178801366876145,1.2,0.7160847559845783,3.3009025927320255,1.1658245255730666,55.22343153060657,55.246310175496696,55.24809691118471,55.22332038369269
326.0,12.48,-0.09959836397477892,0.2633006016836611,0.697869109794507,-0.28557668853231083,0.04035577432784893,0.1110395689369394,-0.015548254788136843,-0.0324384381091395,2.070313745023461,1.199783208852178,0.1721837899137406,0.23110391413440384,1.2,0.7165427439941916,3.310131103884134,1.1749408768004275,55.18412908156205,55.20468780149345,55.202897880971804,55.18147199644912
327.0,12.512,-0.10871799622545622,0.26423349054455686,0.7013525948920436,-0.2849885078336654,0.029152776902992606,0.1088589092980186,-0.012828645064963982,-0.030652898697215016,2.108703401692667,1.1999007189866495,0.17095693862535385,0.22961095151015767,1.2,0.7168540707890082,3.3193156712232654,1.1840453612244617,55.14563490011567,55.16359277618898,55.158649315147116,55.14029431502041
328.0,12.544,-0.11779093983226792,0.2648385548201085,0.7047523375641458,-0.2835294877128653,0.01890825861098828,0.10624195850319336,-0.010116074661023312,-0.028707699555064158,2.1470942612722883,1.1999543163966906,0.1702146737659066,0.22728724613471374,1.2,0.7170179094891502,3.328430545321184,1.1931086826297077,55.10800673442436,55.12326013396352,55.115456667957595,55.10002053400519
329.0,12.576,-0.12679263749332914,0.2651492320753195,0.7080546484657025,-0.28130305190816296,0.009708664225343755,0.1031972156736483,-0.007434831682394333,-0.026627077284159136,2.1854866977309695,1.1999787686743073,0.16997363815351,0.2241179887826807,1.2,0.7170338931810853,3.3374535478434666,1.2021052068573208,55.0713420234325,55.08388022791282,55.0734620267415,55.06083889695842
330.0,12.608,-0.13570210754041287,0.2652011371088106,0.7112461487124353,-0.27842093897136627,0.0016220322965974211,0.09973438271039864,-0.004807852147123185,-0.0244348492699345,2.223881391718249,1.1999899395390088,0.1702424769697305,0.2200954054580298,1.2,0.716902108003141,3.346366262282833,1.2110131447469668,55.0357552881006,55.04562088858161,55.032821176618654,55.02291533429367
331.0,12.64,-0.14450213331730413,0.26503146624217905,0.714313811173965,-0.2750008055278517,-0.005302214582236088,0.09586445192280224,-0.0022565240027664583,-0.02215423328033642,2.2622790401721153,1.1999950708788825,0.17102221417611746,0.21521858607191088,1.2,0.7166230901663831,3.3551541504678863,1.2198146622867212,55.00136781225222,55.008637211418026,54.99369285509584,54.98640373944556
332.0,12.672,-0.15317937713060234,0.26467840485431676,0.7172450044765494,-0.2711638691655687,-0.011033168370696417,0.09159979070576243,0.00019948888036605507,-0.01980768473934993,2.300680224736901,1.1999974682732832,0.17230670923643013,0.20949321519285607,1.2,0.7161978263695786,3.3638065984181518,1.2284959236977715,54.96830291073645,54.97307565698515,54.95623347249661,54.95145059934105
333.0,12.704,-0.161724421160614,0.2641805475919764,0.7200275394409879,-0.2670326259378642,-0.015558039448136302,0.08695421763870231,0.0025424058639428896,-0.01741675769347397,2.3390853567184755,1.1999986383484402,0.17408316144503458,0.20293122478631043,1.2,0.7156277569197969,3.372316895756426,1.2370470730678425,54.93668376339677,54.93907552439748,54.92059422511001,54.91819701750305
334.0,12.736,-0.17013173871353532,0.2635763400387231,0.7226497175250041,-0.2627286735287909,-0.0188814860391656,0.0819430651255066,0.004756472487428161,-0.01500199519834616,2.377494660415124,1.1999992648274442,0.17633263779245345,0.19555038174259534,1.1718407239132476,0.7149147807985181,3.380682153378139,1.2454621599091948,54.87847319556109,54.93492850940412,54.85875991424495,54.91493876405871
335.0,12.768,-0.17839960000920188,0.26290354984237163,0.7251003833111026,-0.2583706654895798,-0.0210246936359834,0.07658330581557925,0.006834844978379488,-0.012580085482482118,2.415422040802778,1.184803297107233,0.1789394919158793,0.18746083188110468,1.1321112366589405,0.7140612653583145,3.388903164421133,1.2537390136674091,54.82560860901915,54.928974557388266,54.80262037538302,54.91002266880708
336.0,12.8,-0.18652990920750617,0.2621987756462406,0.7273689764395784,-0.2540721624470089,-0.022024193629094337,0.07089353526486951,0.008769590848946235,-0.010165604120895974,2.452444383895583,1.1563832714878828,0.18181123609190192,0.17877172003097094,1.0877564780205768,0.713070054404523,3.3969842056556607,1.2618790636567385,54.7831875109727,54.91635608707396,54.75726812820576,54.898606725973714
337.0,12.832,-0.19452795754458346,0.26149700142787596,0.7294455778916017,-0.2499390105336651,-0.02193044432389523,0.06489379537572693,0.010551609861389092,-0.007772292291211986,2.4882871398091275,1.1193876183365674,0.1848928357441829,0.16957463592199667,1.0390944906085093,0.7119444687106111,3.404932764175525,1.2698870881782878,54.746989511085424,54.90150958191419,54.718494654318725,54.88514709440218
338.0,12.864,-0.20240210857862803,0.26083120948930444,0.7313209589729491,-0.24606721981389254,-0.020805998080360138,0.058605658792107385,0.012172478659674942,-0.005413030544878578,2.522749414253661,1.0761232805981313,0.18814943787719304,0.15995506227778244,0.9864128092030939,0.7106883116000848,3.412759205628123,1.2777709068936554,54.71510672723313,54.886554779734745,54.684387337984454,54.871781171062985
339.0,12.896,-0.21016343540454552,0.26023206085884354,0.7329866297031062,-0.2425414633099212,-0.018723394701903092,0.05205221031740962,0.013625259332639859,-0.003099884793965114,2.5556690565771194,1.0278054615903947,0.19155840904075686,0.14999727119905532,0.9300361873654901,0.7093058754897886,3.420476403366751,1.2855410339223388,54.68676105707098,54.8724798010316,54.65414772164843,54.859506074587415
340.0,12.928,-0.21782532533704882,0.2597276465312504,0.7344348854035481,-0.23943406039072798,-0.015762947737285232,0.04525799063880699,0.014904802516230565,-0.000844244663384418,2.5869072694948825,0.9751676654398717,0.19510564818037088,0.13978603189372177,0.8703658607630926,0.7078019486046294,3.428099343050055,1.2932103045557761,54.66173100460066,54.85971278022864,54.627522851368646,54.848748294447795
341.0,12.96,-0.22540306522038991,0.25934330919586945,0.7356588509468612,-0.236804371354409,-0.012010541730654915,0.038248923228536395,0.01600779841341913,0.0013429730057212981,2.6163428618933025,0.9187630586677543,0.1987837619220822,0.12940675257457482,0.8079017387175328,0.7061818218929079,3.4356447145729607,1.3007934861253823,54.64007007602234,54.84840283255028,54.60452848330411,54.83964100657707
342.0,12.992,-0.2329134189224325,0.2591015322258833,0.7366525223520725,-0.23469855318883068,-0.007555530312067925,0.031052231412850823,0.016932687593460456,0.0034511040449838036,2.64387131778252,0.8591149805791235,0.2025909565806742,0.11894485044880701,0.743251299364928,0.7044512959832777,3.4431305014583162,1.3083068821255657,54.62196207066955,54.83856339595186,54.585310596204515,54.83216399577898
343.0,13.024000000000001,-0.24037420734727621,0.25902189039639373,0.7374108055289393,-0.23314963827636578,-0.002488807171548491,0.023696349277090002,0.017679489794302103,0.005469555890165611,2.669406236298019,0.7967910181602696,0.20653011343667824,0.10848474643814927,0.6771256741207413,0.702616687363804,3.450575576565098,1.315767937772724,54.60763925164847,54.83015075653977,54.57007111036679,54.82622098163359
344.0,13.056000000000001,-0.2478039002987749,0.2591210550221832,0.7379295520281867,-0.23217790473433333,0.003098894555920645,0.016210828101478877,0.018249595034204598,0.007387717882332712,2.6928817990087413,0.7324350591921965,0.21060781065825268,0.09810868953747592,0.6103226986853838,0.7006848320625283,3.457999311999092,1.3231948545747474,54.59732928834843,54.823111334217344,54.55902231802577,54.8216897141841
345.0,13.088000000000001,-0.25522122865328895,0.25941284503468043,0.7382055916300662,-0.2317915110785641,0.009118437890538724,0.008626237558734255,0.0186455621567047,0.009194999254020403,2.714255422195884,0.6667730034449174,0.21483320076608428,0.08789552585471577,0.5436976548885212,0.6986630842834273,3.465421210337313,1.3306062210499328,54.59121707326916,54.81741216069169,54.55235371314237,54.818460019945434
346.0,13.120000000000001,-0.2626448244339332,0.25990831504463974,0.7382367614927136,-0.23198736814513343,0.015483437811228393,0.0009740582077311091,0.018870969672886376,0.010881002252438272,2.733509993659484,0.6005997177384782,0.21921672809942155,0.07791949084962338,0.47812428054797135,0.6965593071093688,3.472860563567046,1.3380206663055936,54.58941757226781,54.81306007682986,54.55020491832452,54.816464162524504
347.0,13.152000000000001,-0.27009289535169806,0.2606158716883892,0.7380219314091827,-0.23275221618015096,0.02211114511717,-0.006713440110338997,0.018930352351986902,0.012435802675761396,2.7506552480434063,0.5347520972244307,0.22376871797747672,0.06824909399997454,0.4144505711054209,0.6943818528448541,3.480336145314189,1.3454565425626923,54.59195997561427,54.810111646837555,54.55264392077396,54.81569835402671
348.0,13.184000000000001,-0.2775829390211994,0.2615414104340749,0.7375610245455597,-0.23406386467191684,0.028923085802679317,-0.014403339488218413,0.018829231992526795,0.013850281353292639,2.765727982720157,0.4700728918861749,0.22849790722519797,0.05894616442168994,0.3534551357276539,0.6921395318478241,3.487865940808309,1.3529316417033823,54.598783778002826,54.80867488609448,54.5596526378427,54.816232554385124
349.0,13.216000000000001,-0.28513150029254314,0.26268846630523157,0.7368550329233899,-0.23589253972949148,0.035845495973645426,-0.022062238192805513,0.018574219035062903,0.01511644042213526,2.7787909834399107,0.4073705355369916,0.23341001723873084,0.050065119323236075,0.2958098602802412,0.6898415704155824,3.4954669175057558,1.3604629494384808,54.609745834550765,54.808903954558275,54.57112238993659,54.81820697095607
350.0,13.248000000000001,-0.29275397305750583,0.2640583733707596,0.7359060269207106,-0.23820227390508403,0.042809595797750934,-0.029656437583729073,0.018173136208632975,0.016227651807716896,2.7899307055673557,0.3473804836573873,0.2385064882763354,0.04165249718880119,0.24205330780850132,0.6874975598457866,3.503154837437134,1.368066438835708,54.62463560646239,54.8109881731926,54.58686045445799,54.82181659112332
351.0,13.280000000000001,-0.30046444574645165,0.2656504290963486,0.7347171582069336,-0.24095227152955645,0.04975174142465666,-0.03715214730553095,0.01763510761279991,0.01717881429145515,2.7992539155383276,0.29073298864173197,0.24378348844480477,0.03374676653258262,0.19257708334546786,0.6851173996832015,3.5109441104015313,1.3757569029821013,54.64319484860113,54.81513694419513,54.60660635119207,54.82728787678313
352.0,13.312000000000001,-0.30827558786044174,0.26746206061451405,0.7332926557615637,-0.24409819106219005,0.0566134849426698,-0.044515701417811124,0.016970568962122446,0.017966425138831423,2.806883609977927,0.23793079685786492,0.2492312814184288,0.02637838831966363,0.1476250033680145,0.6827112382166748,3.5188476854155812,1.3835478248097761,54.66513813642897,54.82156247036321,54.630054186580615,54.834853026605764
353.0,13.344,-0.31619857354299147,0.2694889906473257,0.7316378148935763,-0.24759330257969267,0.06334156352536673,-0.051713777124608916,0.016191179723295115,0.018588590180383075,2.812954580216248,0.18933830606966112,0.2548339913296655,0.019570085703862518,0.10730299025729434,0.6802894126920409,3.5268769766025345,1.3914512808593094,54.69017147471338,54.8304624568604,54.65687636072319,54.844726641825645
354.0,13.376,-0.3242430374910665,0.27172540129449263,0.7297589794183671,-0.2513894983773438,0.06988783272396723,-0.0587136086002866,0.015309643833419801,0.01904499903285829,2.8176089779645506,0.14518179069477335,0.26056975469823807,0.013337263753889605,0.07159652288943005,0.6778623908188797,3.5350418190848325,1.3994778750955006,54.71800726401783,54.84200495191337,54.686744486963946,54.857087870289774
355.0,13.408,-0.3324170583736922,0.27416409428215327,0.7276635173265265,-0.2554381525820529,0.07620915586439493,-0.0654831903700199,0.014339463557714033,0.019336884429752167,2.820992178105763,0.1055588210720893,0.2664112094671635,0.0076885234754504456,0.04039224188562302,0.6754407143084179,3.5433504503702733,1.4076366987679922,54.74837483404861,54.85631697730934,54.71934495237361,54.87206912585875
356.0,13.44,-0.340727165205703,0.2767966466209347,0.7253597903845279,-0.2596908385003383,0.08226726058692048,-0.07199146693745433,0.013294657850292907,0.01946697384439679,2.8232491484080278,0.0704541880577578,0.2723262464318459,0.0026262241612136222,0.013500717986875443,0.673034944577864,3.5518095130405465,1.4159353125659175,54.781026503463295,54.87347774219411,54.7543883291564,54.8897509707091
357.0,13.472,-0.34917836262867796,0.27961356096353385,0.7228571181527141,-0.26409991946796707,0.0880285732062224,-0.07820850724418037,0.01218947440467556,0.019439433275018205,2.824521444561416,0.03975948281196715,0.2782789390796209,-0.0018529391801491157,-0.009321857140161427,0.6706556104339012,3.560424075080608,1.4243797477726226,54.81573968047836,54.893516334727636,54.79161321554284,54.91016192110209
358.0,13.504,-0.3577741716303658,0.28260441026721317,0.7201657369101023,-0.26861903130274434,0.09346404073997872,-0.08410566383161906,0.011038117556595225,0.0192597992103447,2.824944867925583,0.013293806753702085,0.28423056853715156,-0.005757374642559904,-0.028354523630912173,0.6683131569788064,3.5691976647791717,1.432974171630366,54.8523152429657,54.91641229703009,54.83078618350848,54.93328245098256
359.0,13.536,-0.36651668279166344,0.2857579766298652,0.717296753929145,-0.2732034737905513,0.09854894883287542,-0.08965571815491491,0.009854516268354123,0.018934892319242023,2.8246477604173075,-0.009176348798878978,0.2901406787632466,-0.009100030283030802,-0.0438954902814542,0.6660178964638322,3.5781323176884072,1.4417166827916637,54.890576068758904,54.942101725598576,54.87169728747077,54.9590481965614
360.0,13.568,-0.37540661958742977,0.28906238445228716,0.714262097574154,-0.27781052486769753,0.10326274445068656,-0.09483301109346884,0.008652110809825817,0.018472715662012095,2.8237498724016596,-0.027919255265117376,0.29596811320074057,-0.011897834979895952,-0.0562493196688,0.6637799619371103,3.587228633565042,1.4506066195874299,54.930363071464164,54.97048387929173,54.91415589279918,54.98735534258635
361.0,13.6,-0.38444340975641594,0.2925052280371696,0.7110744637313109,-0.2823996927808177,0.10758886202757643,-0.0996135575888484,0.007443652774172618,0.01788234597410951,2.8223617184899408,-0.0432227807400018,0.30167195958994986,-0.014171247565875414,-0.06571765023983422,0.6616092596829353,3.596485841669545,1.4596434097564162,54.97152522769289,55.0014186324241,54.957989442980754,55.018075516248864
362.0,13.632,-0.393625263263857,0.29607369357686325,0.7077472588162514,-0.2869329221075326,0.11151454811542627,-0.10397515359560756,0.006241121784372716,0.017173788389126466,2.820584320849617,-0.05538236575438328,0.30721241894299445,-0.015943747196421013,-0.07259224203743724,0.6595154240336136,3.605901873256424,1.4688252632638572,55.013922288483215,55.03474366423984,55.00303234089256,55.05105047026815
363.0,13.664,-0.40294925520381897,0.2997546761636702,0.7042945397914792,-0.2913747481238114,0.11503070583771664,-0.10789746952413391,0.005055612405789202,0.016357834025133293,2.818509254182652,-0.06469170025623801,0.3125515569684726,-0.01724138285701282,-0.07715046115230474,0.6575077736956431,3.61547343993228,1.4781492552038191,55.057416859933085,55.07027401459774,55.04912567788452,55.08610356680413
364.0,13.696,-0.4124114125314421,0.30353489185853966,0.7007309515547125,-0.2956924164882223,0.11813174046467086,-0.11136213239895655,0.003897267059020991,0.01544590763576172,2.8162189102004027,-0.07143596540373007,0.31765393967616573,-0.018092341027216866,-0.07965253397223568,0.6555952697735264,3.6251961170111695,1.4876114125314421,55.1018720495864,55.107808219614135,55.09611302471192,55.12304312895821
365.0,13.728,-0.4220068036112909,0.3074009849305452,0.697071662044435,-0.2998559712452748,0.12081540850017262,-0.11435279719617168,0.0027752340813761637,0.014449912620877636,2.813786913041467,-0.07588721570171321,0.3224846182974013,-0.018532424018211396,-0.08036627741365798,0.65378621383438,3.6350644310559947,1.497206803611291,55.14686506702234,55.14657691617456,55.14398249163482,55.16218688933039
366.0,13.76,-0.43172962950959654,0.31133963018411626,0.6933322796619358,-0.3038383093220511,0.12308266417409587,-0.11685569945310202,0.0017036651777633544,0.013379493802789725,2.8112781675030187,-0.07831566392929604,0.327015124565748,-0.018591451808134,-0.07950716252398812,0.652088540134492,3.6450719506224596,1.5069296295095966,55.19272217680227,55.18743434463568,55.19217265743044,55.2022264839758
367.0,13.792,-0.4415732728531892,0.3153376791599225,0.6895287890641127,-0.3076138544872706,0.12493903049394506,-0.1188590811819697,0.0006895282193527719,0.012247085304006988,2.8087498123249355,-0.07896227618197517,0.33122182009986073,-0.018297855349784314,-0.07726237780071532,0.6505099644199313,3.6552113407045534,1.5167732728531893,55.239294560732276,55.230040077212706,55.24064727893487,55.2431021689294
368.0,13.824,-0.4515303914290125,0.3193822515308443,0.6856774966914672,-0.3111599554944785,0.12639288659130668,-0.12035288664517449,-0.00026580983479182913,0.011067201674090707,2.8062521366545528,-0.07803931075692795,0.3350827055258787,-0.01768612974372606,-0.0738254356246359,0.6490577010897339,3.665474459343102,1.5267303914290127,55.28609968488099,55.273371333768715,55.28954302929025,55.28541587987335
369.0,13.856,-0.4615930460827995,0.32346078447429977,0.6817949600852299,-0.31445795793084264,0.12745415448298264,-0.12132926894491472,-0.001157571892855006,0.009852384652138783,2.8038288916718335,-0.07574932012988875,0.338580455272656,-0.016789632434096632,-0.06936681297406286,0.6477384309142362,3.6758524867247075,1.5367930460827997,55.333137877550946,55.31758623713552,55.33853352378848,55.328555135580594
370.0,13.888,-0.4717527963496215,0.3275611121192632,0.6778979164909555,-0.3174921958381865,0.12813523890510709,-0.12178261232107304,-0.0019819431581358103,0.00861494673816426,2.8015178428384893,-0.0722778625071136,0.34170187723296075,-0.015641660106229457,-0.064041345445038,0.6465582716642001,3.686336026702228,1.5469527963496217,55.38024629310937,55.36244874742983,55.387447726551066,55.372299203982315
371.0,13.92,-0.4820007950938268,0.33167153922526993,0.6740032109262899,-0.3202499607564167,0.12845084706271023,-0.12170954889580132,-0.002736018222827859,0.007366849760399931,2.7993512981352695,-0.06779422358006623,0.3444378908615609,-0.01427517208791626,-0.0579895839532579,0.6455227515000714,3.6969152088390325,1.557200795093827,55.42725779551343,55.40772383499892,55.4361115103642,55.41642691237148
372.0,13.952,-0.49232788158971297,0.33578090889387235,0.6701277239754492,-0.32272145299644195,0.12841780214382567,-0.12110896721377248,-0.003417749154659549,0.006119597797903567,2.7973566032497823,-0.06245246555418948,0.3467834454327552,-0.012722543207803902,-0.051339174274562624,0.6446367851372825,3.707579790296888,1.5675278815897131,55.474001266209974,55.45317818493256,55.48434840040449,55.460718316563394
373.0,13.984,-0.5027246725480348,0.3398786640519176,0.6662882995708647,-0.32489971744755597,0.12805484868891315,-0.11998201264326591,-0.004025889703541389,0.004884142222493956,2.7955565976399512,-0.0563926544491792,0.3487373876016552,-0.011015342872061587,-0.04420619921446631,0.6439046527979304,3.7183192569255015,1.577924672548035,55.52030238030808,55.49858121859363,55.5319802751728,55.504955615948404
374.0,14.016,-0.513181650617483,0.3439549024511328,0.6625016730130234,-0.3267805646702569,0.1273824499754757,-0.11833207993253841,-0.0045599368935304125,0.003670798755975213,2.7939700291531033,-0.04974214987487255,0.3503022859357834,-0.009184139357191978,-0.03669644991456611,0.6433299819441419,3.7291229229100327,1.588381650617483,55.56598451224013,55.54370596647828,55.57882819276232,55.54892393868294
375.0,14.048,-0.5236892499094273,0.34800042494588873,0.6587843994716793,-0.32836247787326023,0.12642257796112258,-0.11616479816700308,-0.005020071045380215,0.0024891762867355416,2.7926119272265555,-0.04261688566422551,0.3514842193654202,-0.0072583283647973396,-0.02890660536742935,0.6429157317769238,3.739980028331726,1.5988892499094276,55.61086971727403,55.58832984228353,55.6247132891195,55.5924120429228
376.0,14.08,-0.5342379381101434,0.35200677683943704,0.655152783205423,-0.3296465062723773,0.12519849667338456,-0.11348800832050925,-0.005407095103640639,0.00134811708856824,2.791493936173338,-0.03512259690697145,0.3522925358314658,-0.005265984859862752,-0.020925307929390246,0.6426641804760937,3.7508798339977907,1.6094379381101436,55.65477975351167,55.632235348843615,55.669457713959865,55.63521296271758
377.0,14.112,-0.5448182947589801,0.355966282127009,0.6516228077321247,-0.3306361452761472,0.12373454023662303,-0.11031173354057376,-0.005722374002504668,0.00025564801858512766,2.7906246109809647,-0.02735596618478755,0.3527395868059914,-0.0032337371652390035,-0.01283412857480739,0.6425769151517184,3.761811712901314,1.6200182947589803,55.69753712042211,55.67521073539635,55.712885581509724,55.677124616095554
378.0,14.144,-0.5554210852848618,0.3598720705105113,0.6482100671799252,-0.3313372039338011,0.12205588698444697,-0.10664814225623186,-0.0059677746905667135,-0.0007810577674969355,2.7900096786141435,-0.01940567300580479,0.3528404428293945,-0.001186662234382893,-0.004708419622052862,0.6426548244749722,3.7727652376813574,1.630621085284862,55.738966097247705,55.71705061851302,55.75482392061583,55.717950385815506
379.0,14.176,-0.5660373304084422,0.3637180971127415,0.6449296990471135,-0.33175766011188695,0.12018833131969403,-0.10251150415036676,-0.006145607341536291,-0.0017557090614137379,2.7896522681361455,-0.011353337774587845,0.35261259474977347,0.0008517990195881647,0.003381944733503772,0.6428980939560648,3.7837302634685406,1.6412373304084422,55.77889376940721,55.7575565743545,55.79510361361991,55.75749967864025
380.0,14.208,-0.576658370534308,0.3674991548776653,0.6417963185991524,-0.3319075039333073,0.11815805515386936,-0.09791813899878354,-0.006258568201641287,-0.002662915288069509,2.789553113128301,-0.003274356444686359,0.3520756449610925,0.0028599074952435077,0.011371938081141675,0.6433062038384408,3.7946970055230334,1.6518583705343082,55.8171510342092,55.796537706797295,55.833560316621956,55.795588465930564
381.0,14.24,-0.5872759247779442,0.3712108797059607,0.6388239551320324,-0.33179857011363084,0.11599140088422955,-0.09288635834750125,-0.006309684461335924,-0.0034981960946400188,2.78971072994571,0.004761374863916085,0.35125099261049325,0.004817673957724047,0.019200858603818014,0.6438779295814274,3.8056561111006157,1.6624759247779444,55.85357357932487,55.83381119388444,55.87003535588835,55.83203980636918
382.0,14.272,-0.5978821442967391,0.3748497484403753,0.6360259903326911,-0.33144435996234106,0.11371464795045622,-0.08743639997941385,-0.006302261485840886,-0.004257982280643805,2.7901215753350583,0.01268884397104683,0.35016151647458693,0.006706890579625813,0.026811909304564185,0.6446113449075408,3.8165987250188484,1.6730821442967394,55.888002828901826,55.86920281366388,55.90437659651791,55.8666843504218
383.0,14.304,-0.6084696596240314,0.3784130698821277,0.6334150989690915,-0.330859853977884,0.11135379505476305,-0.0815903551124874,-0.006239832693115486,-0.00493960847137733,2.7907801868800006,0.020447412834380178,0.34883125898014744,0.00851114718363144,0.03415187741724308,0.6455038273954876,3.8275165484397466,1.6836696596240315,55.92028685317103,55.90254744956618,55.93643928027847,55.89936082555186
384.0,14.336,-0.6190316217409176,0.3818989690863021,0.6310031921443165,-0.3300613161526936,0.10893435013045034,-0.07537208827421836,-0.006126112326516338,-0.005541297895867167,2.7916793096447785,0.027980410311927873,0.3472851146571511,0.010215833410256253,0.04117090830683816,0.6465520666053076,3.8384018904381105,1.6942316217409177,55.95028123808656,55.93368957488681,55.96608682990913,55.92991650112923
385.0,14.368,-0.6295617366629624,0.3853063652496705,0.6288013633503605,-0.32906609131389997,0.10648113010526182,-0.06880714981112585,-0.0059649513301988245,-0.0060621395870086485,2.7928100122649937,0.03523482328496727,0.3455485261504344,0.01180812803544641,0.047822368643401524,0.6477520747279882,3.84924771198586,1.7047617366629626,55.977849912075946,55.96248371556484,55.99319161725838,55.95820763233575
386.0,14.4,-0.6400542933686496,0.3886349435673919,0.6268198375578201,-0.3278923970527235,0.10401807242879463,-0.06192268101688764,-0.005760296495998342,-0.006502058280952596,2.7941617955884506,0.04216108133086568,0.34364719076879546,0.013276976656280692,0.054062792985012195,0.6490991997581591,3.8600476620526223,1.7152542933686497,56.00286592746515,55.98879489020145,56.017635692467266,55.98409988311438
387.0,14.432,-0.6505041849537404,0.391885121494396,0.6250679235771185,-0.32655911203408716,0.1015680602188782,-0.05474731189692573,-0.0055161530088875844,-0.00686177726175558,2.795722696798232,0.0487129294930193,0.3416067804038539,0.01461305894646231,0.059851907089541884,0.6505881411950775,3.870796105601192,1.7257041849537407,56.02521219463963,56.01249902607801,56.03931147107665,56.007468729252174
388.0,14.464,-0.660906922960763,0.3950580099018212,0.6235539699249586,-0.3250855627194568,0.09915276273203709,-0.047311051629996645,-0.005236550472153036,-0.007142774383987383,2.7974793917518723,0.054847382948510034,0.3394526774915806,0.01580874665388672,0.0651527202805486,0.6522129682838594,3.881488143343129,1.7361069229607633,56.04478216752693,56.03348334977625,56.05812237549216,56.02819984391468
389.0,14.496,-0.6712586449053572,0.39815536966757226,0.6222853244261842,-0.32349131076856896,0.09679249267971991,-0.03964517183669896,-0.004925512441457128,-0.007347231519695824,2.7994172980407774,0.06052475648506174,0.33720972920625225,0.01685802545414586,0.06993156208105313,0.6539671401945786,3.8921196232139494,1.7464586449053574,56.061478489339045,56.05164495481821,56.073984978366106,56.04619129050297
390.0,14.528,-0.6815561151006212,0.40117956428215573,0.6212682977380014,-0.32179594360199804,0.09450608170573352,-0.03178208400571311,-0.004587000303700476,-0.007477978069203914,2.8015206789655216,0.06570869682928421,0.33490208776259645,0.01775208524755463,0.07414012284287627,0.6558434517277858,3.902687143628971,1.7567561151006212,56.074903574092914,56.06662571047309,56.08707770186962,56.061629861435065
391.0,14.56,-0.6917967188877818,0.4041335093984598,0.6205081263056417,-0.32001886834876936,0.09231078488450276,-0.023755357261241707,-0.004220355323586027,-0.007538366551348309,2.8037724310219523,0.07035630682931837,0.3325529820230113,0.018492972059558105,0.0777726388046184,0.6578342681496129,3.913188048713989,1.766996718887782,56.08585500356607,56.0791557508104,56.09657571704268,56.07360964189715
392.0,14.592,-0.7019784355852934,0.40702066413019294,0.6200089526631829,-0.31817864679723584,0.09022358536665996,-0.01559917632683662,-0.0038335649489101573,-0.007532200871601444,2.8061547376155946,0.07444517650853792,0.3301843228746022,0.01907781462806156,0.08080116440011666,0.6599314226159406,3.9236204052173482,1.7771784355852935,56.093492909327004,56.088385059572495,56.103187705237325,56.08287160342551
393.0,14.624,-0.7120998362313478,0.4098449358435913,0.619773801908438,-0.3162937701891991,0.08825849104369772,-0.007348461085777962,-0.0034304940459259966,-0.007463913417325996,2.8086489731937108,0.0779499495228111,0.3278167633890459,0.019506450630593086,0.08320766606927944,0.6621262451394505,3.933982993980971,1.787299836231348,56.09800929832924,56.09451941463329,56.10664113640272,56.0891001539128
394.0,14.656,-0.7221600601734329,0.41261062197129605,0.6198045629844043,-0.31438199819016116,0.08642769149077431,0.0009612836239479552,-0.003014901521318362,-0.00733832851877718,2.8112358313998156,0.08084937981243924,0.3254695199967111,0.01978004762194925,0.08497892151860088,0.6644095945406715,3.9442752827762835,1.7973600601734332,56.099370723135976,56.09751927431577,56.10691594070593,56.09224922270148
395.0,14.688,-0.7321587865149748,0.4153223509597251,0.6201019747624845,-0.312460198173183,0.08474153088840711,0.009294118065005649,-0.0025904178891747853,-0.007160578256284468,2.8138954675905126,0.08312673981600632,0.3231602736412007,0.019901026580252015,0.0861067982816789,0.666771893238854,3.954497392569803,1.807358786514975,56.097557827356596,56.097358608878636,56.104005293208715,56.09228427782398
396.0,14.72,-0.7420962010354832,0.417985023115524,0.6206656170845826,-0.3105442037658887,0.08320850486871575,0.017613822565563913,-0.002160533963654899,-0.00693601406795075,2.816607652024272,0.08477014398521406,0.320905098714569,0.01987297886833847,0.08658848218614805,0.6692031649755691,3.964650057921366,1.8172962010354834,56.09256517480193,56.09402452096474,56.097916138387205,56.089183439420665
397.0,14.752,-0.7519729593218081,0.42060375201305156,0.6214939069089853,-0.3086486964476509,0.0818352780477364,0.025884057012585924,-0.0017285916156728291,-0.0066701174972547145,2.8193519319817337,0.08577281664489718,0.3187184191102794,0.01970058004333268,0.08642665327501567,0.6716930755149783,3.9747345823458384,1.8271729593218082,56.08440152639249,56.08751739037742,56.088669213280745,56.08293800277533
398.0,14.784,-0.7617901469060703,0.42318380708892067,0.6225840996862407,-0.3067871120081935,0.08062672112090975,0.03406852428923174,-0.0012977759596316894,-0.006368412729572543,2.822107801099269,0.08613330558615244,0.316612989748654,0.01938950090846213,0.08562959575626472,0.674230976289171,3.9847527895408565,1.8369901469060705,56.073090069516084,56.07785098001996,56.076299013292214,56.07355294210788
399.0,14.816,-0.7715492372346824,0.4257305580034453,0.6239322960671108,-0.3049715727691281,0.07958596607889397,0.042131136902188275,-0.0008711083295693529,-0.006036383670419332,2.8248548739663915,0.0858556347358211,0.31459990139180816,0.0189463160600266,0.08421123005562707,0.6768059508628025,3.9947069714245513,1.8467492372346825,56.058668569957376,56.06505251614793,56.060853692735236,56.06104736526545
400.0,14.848,-0.7812520482901991,0.42824942129403365,0.6255334540144768,-0.30321284548489774,0.07871447783088646,0.05003618585518867,-0.0004514394852009986,-0.005679398152854452,2.827573063718006,0.0849493864606292,0.312688606181709,0.01837841013634553,0.08219105736534615,0.6794068639870435,4.004599833935814,1.8564520482901994,56.04118941892586,56.049162748073364,56.042394897200744,56.045454884434385
401.0,14.88,-0.7909006986542455,0.4307458097839231,0.6273814063547601,-0.3015203238764493,0.0780121403090444,0.05774851063385442,-4.14426329875477e-05,-0.005302641429058622,2.8302427600365374,0.08342970411182174,0.3108869611199118,0.017693882003692554,0.07959401005912596,0.6820224129095533,4.0144344415262765,1.8661006986542457,56.02071955299029,56.030235985885305,56.02099752613589,56.02682386945167
402.0,14.912,-0.8004975637392208,0.43322508514324937,0.6294688837626297,-0.2999020339054766,0.07747735497894662,0.06523366899592245,0.0003563939629685001,-0.004911060451806747,2.832845004720133,0.0813172070936278,0.3092012866506185,0.016901447194605818,0.07645020479844308,0.6846411805162814,4.024214161221416,1.8756975637392208,55.99734023263919,56.00834010818102,55.99674942413789,56.0052175577768
403.0,14.944,-0.8100452328351432,0.4356925139304507,0.6317875431268191,-0.29836465924757527,0.07710714960004222,0.07245810513091873,0.0007397747979940064,-0.004509319676489435,2.8353616618037947,0.07863781340245031,0.3076364375808922,0.01601033902597082,0.07279459889467955,0.6872516898121422,4.033942607054249,1.8852452328351434,55.97114667504153,55.983556526056184,55.969750999387124,55.98071400640355
404.0,14.976,-0.8195464675236959,0.43815322737252377,0.6343280011966224,-0.29691358401727114,0.07689729506478268,0.07938931468135298,0.0011066051946823946,-0.004101768325392245,2.8377755791595445,0.0754224678361811,0.306195883736495,0.015030208947846915,0.06866655430634944,0.6898424592073045,4.043623585586567,1.894746467523696,55.94224754686715,55.95598008582333,55.940114768115336,55.95340588327848
405.0,15.008000000000001,-0.829004161912388,0.44061218507455613,0.6370798733602105,-0.2955529496466294,0.0768424281885112,0.08599600511213076,0.0014549992881343677,-0.003692418360666577,2.8400707385585933,0.0717067776198392,0.30488179797274045,0.013971026792321053,0.06410931733132309,0.6924020580658442,4.053261043137602,1.9042041619123882,55.91076433205994,55.92571889196077,55.9079648254077,55.923400106660935
406.0,15.040000000000001,-0.8384213050450556,0.4430741427838138,0.6400318173594547,-0.29428572289586274,0.07693617841430203,0.09224824997637943,0.0017832874954951568,-0.003284931891775767,2.84223239135358,0.06753056078808761,0.3036951494084873,0.012842981691656194,0.059169425398270366,0.6949191619914091,4.062859015245451,1.913621305045056,55.87683059591678,55.89289403385445,55.87343624495977,55.89081734858137
407.0,15.072000000000001,-0.8478009457562727,0.44554362427264715,0.6431715817033025,-0.29311377222553436,0.07717129652604238,0.09811763574524282,0.002090022999510421,-0.002882616437999848,2.8442471772255264,0.06293731608601985,0.3026358000086903,0.011656384508638554,0.05389605519150384,0.6973826073645277,4.072421578797914,1.923000945756273,55.84059117006693,55.857639204460185,55.83667441326914,55.85579142245393
408.0,15.104000000000001,-0.8571461601600666,0.4480248973484126,0.646486058504329,-0.29203795011855843,0.07753978361767042,0.10357740003208081,0.002373986796583719,-0.002488426375968853,2.846103223825377,0.05797362620235881,0.30170260289581446,0.01042157266537172,0.04834032851375509,0.6997814447006938,4.081952807190034,1.9323461601600669,55.80220128305201,55.82010020506842,55.79783430656547,55.81846857530346
409.0,15.136000000000001,-0.8664600218989124,0.45052195394797884,0.6499613404316914,-0.29105817933892913,0.07803301873644454,0.10860256023007335,0.002634190925967716,-0.002104968991665899,2.8477902256058174,0.05268850866958264,0.300893501016234,0.009148818268996176,0.04255459369896277,0.7021049904595349,4.091456728796625,1.9416600218989126,55.76182565881868,55.78043433670162,55.75707972097926,55.77900670297879
410.0,15.168000000000001,-0.8757455752268385,0.4530384942294231,0.6535827814486264,-0.29017354149769137,0.07864188379513332,0.11317003177921729,0.0028698795918166756,-0.001734513772113229,2.849299500663829,0.04713273062661187,0.30020562502015047,0.00784824041544177,0.036591700977441376,0.7043428769964546,4.100937288989005,1.9509455752268385,55.719637601464655,55.738809684294694,55.714582467609304,55.73757450337594
411.0,15.200000000000001,-0.8850058109588955,0.45557791453425506,0.6573350609836591,-0.28938236662678196,0.07935688452599843,0.1172587354697738,0.003080527997510449,-0.0013790038555204105,2.850624024974136,0.04135810475742358,0.2996353894274676,0.006529722507694069,0.030504289963122398,0.7064851004041957,4.11039831587431,1.9602058109588958,55.67581807995082,55.695404304066905,55.670521544127716,55.69435057918884
412.0,15.232000000000001,-0.8942436452859084,0.4581432990598161,0.6612022511712928,-0.2886823227191517,0.08016826642378252,0.12084969336355322,0.0032658388182202195,-0.0010400688585228324,2.8517584439632686,0.03541678405657764,0.2991785863421228,0.005202835356691679,0.0243441064226074,0.7085220660399074,4.119843489890922,1.9694436452859085,55.63055482195509,55.65040532716604,55.62508229346669,55.64952249879161
413.0,15.264000000000001,-0.9034619014259329,0.46073741505318494,0.6651678867894246,-0.2880705043757645,0.08106612479277617,0.12392611306661835,0.0034257363336492913,-0.0007190385773214876,2.8526990619289863,0.02936057264003214,0.29883047613782326,0.0038767667441129,0.018161363785785145,0.7104446315725308,4.129276317352407,1.978661901425933,55.58404142208278,55.60400799389565,55.578455558273106,55.60328582187721
414.0,15.296000000000001,-0.9126632940600393,0.46336271131468515,0.6692150375162921,-0.28754351981582676,0.08204050817188148,0.12647346021460784,0.003560358322899591,-0.00041695729328788484,2.853443810327571,0.02324026867198518,0.29858587466497105,0.00256025802135465,0.012004162595779896,0.7122441474160731,4.138700107993018,1.9878632940600394,55.536476466520334,55.556414632945895,55.53083683757533,55.555843095454584
415.0,15.328000000000001,-0.9218504164782914,0.46602131978060557,0.6733263821286521,-0.28709757557037585,0.08308151456001306,0.12847951913625202,0.003670045885729518,-0.0001345985936800736,2.8539921964123103,0.017105053711190584,0.2984392366191439,0.0012615482017258872,0.005917978422545644,0.7139124944379943,4.148117956528768,1.9970504164782916,55.48806267396993,55.50783359943846,55.48242544985802,55.50740282554407
416.0,15.36,-0.9310257303409631,0.46871505994062374,0.6774842842644754,-0.28672855820850895,0.08417938000057226,0.12993444174448313,0.0037553313997342234,0.00012751925498575848,2.8543452340947715,0.011001940518907695,0.29838473476672633,-1.167412204010343e-05,-5.4774152104375415e-05,0.7154421188502532,4.1575327282085315,2.0062257303409634,55.439006051275996,55.45847818461003,55.43342370478163,55.45817843013165
417.0,15.392,-0.9401915579395308,0.4714454458352553,0.6816708693771734,-0.286432112455239,0.08532455920723547,0.13083078477181184,0.0038169248532405856,0.0003691172633457074,2.854505359205071,0.004975288763686511,0.2984163347461734,-0.0012523108313330783,-0.005875096862603879,0.7168260642054177,4.166947048289195,2.015391557939531,55.389515061422344,55.4085655088539,55.38403608430379,55.4083871793774
418.0,15.424,-0.9493500768215625,0.47421369537200014,0.6858681025138513,-0.28620371506348957,0.08650779802327714,0.13116353552118643,0.0038556988115962896,0.0005901388459346369,2.854476331542338,-0.0009336047378572632,0.29852786516045954,-0.0024538862305418935,-0.011507680695445631,0.7180580004332721,4.1763632953277146,2.0245500768215625,55.33979980139564,55.358315408774274,55.33446843304746,55.35824912949917
419.0,15.456,-0.9585033166233917,0.47702074169527015,0.6900578665570082,-0.28603874380716376,0.08772019760218747,0.1309301263486515,0.0038726722826391948,0.0007907319464613609,2.8542631262307516,-0.0066868374346551645,0.29871308265325364,-0.0036105709390577834,-0.016921097417520323,0.7191322498658689,4.185783598141266,2.033703316623392,55.290071187635895,55.3079493279505,55.284927157411666,55.30798605702852
420.0,15.488,-0.967653157934641,0.47986724634421923,0.694222040577289,-0.28593254097654025,0.08895327027965894,0.1301304381337748,0.0038689937477978877,0.0009712299997340104,2.853871816933376,-0.012250153019812901,0.2989657316307221,-0.00471719789034683,-0.0220879130436888,0.7200438102119431,4.19520983624536,2.0428531579346414,55.24054014729972,55.25768922028343,55.235618433075224,55.25782040018702
421.0,15.52,-0.9768013329996103,0.4827536139338365,0.6983425779542054,-0.2858804707802883,0.09019898717553881,0.12876679302863808,0.0038459236204216696,0.0011321315955837258,2.8533094534328334,-0.017593115374038817,0.29928029235580583,-0.00576838671519142,-0.026980532293423298,0.7207883037384978,4.204643643539222,2.0520013329996103,55.19142137497196,55.207841335038346,55.18672771680723,55.20785742441837
422.0,15.552,-0.9859494280426805,0.4856800080806457,0.7024015796748885,-0.2858779700959446,0.09144981708778836,0.126843803771346,0.0038039112906401687,0.001274788737993552,2.8525840115316217,-0.022686929798750373,0.29965077465138,-0.006760034051532013,-0.03157823512298642,0.7213620507112936,4.21408641494506,2.0611494280426808,55.14290880194541,55.15846970235076,55.13846636332124,55.15847068421283
423.0,15.584,-0.9950988963427887,0.4886463617169821,0.7063813701854561,-0.2859208843783813,0.09269855113551258,0.12436845345523823,0.0037439053487597195,0.001400236993054969,2.851704245280902,-0.02750727146151431,0.3000704575224084,-0.007689853032818925,-0.03586970376269569,0.7217621941704597,4.223539324241731,2.0702988963427886,55.095198640210604,55.109712435867685,55.091065598901146,55.1100015324488
424.0,15.616,-1.0042510670542715,0.49165239105595426,0.7102645787158411,-0.2860053347338365,0.09393841684287958,0.1213502665745324,0.003668304580680286,0.001508526055864549,2.8506794565814406,-0.03203693748147104,0.3005337816740788,-0.008554928544101795,-0.03984133332262232,0.7219866148015693,4.233003339221093,2.0794510670542716,55.04852787554813,55.06203829762062,55.044696215085,55.062403376377105
425.0,15.648,-1.0134071406621916,0.49469762025246594,0.7140342133272922,-0.28612730024750427,0.09516341239098987,0.11780108160784608,0.0035786298299991777,0.0016005175620371717,2.8495194379301485,-0.03626072169867711,0.3010351303049809,-0.00935327387739962,-0.043484533371171974,0.7220339386653052,4.242479225806778,2.0886071406621918,55.00308493151805,55.015552020961614,54.999563134468794,55.01599129171522
426.0,15.68,-1.0225681947892082,0.4977813996470603,0.7176737332168108,-0.28628294146926914,0.09636810608107385,0.11373499654745632,0.0034764311809213546,0.001677110764665043,2.848234353487639,-0.04016703390912277,0.3015690821924262,-0.010083518765764368,-0.04679414972346434,0.7219035419935922,4.251967562632778,2.097768194789208,54.95906437244128,54.97045776692901,54.95585547612196,54.97097054489159
427.0,15.712,-1.0317351903068073,0.5009029240861099,0.7211671189845296,-0.2864686099249694,0.09754763872030044,0.10916830524121045,0.003363269842335949,0.0017392176240674845,2.846834626797064,-0.04374778407700146,0.3021304233929799,-0.010744884069203348,-0.04976824373631602,0.72159555310256,4.26146875672392,2.1069351903068076,54.916655113279894,54.92695340675677,54.913756997861334,54.92754054302173
428.0,15.744,-1.040908977510894,0.5040612510876026,0.7244989406126922,-0.2866808501277085,0.0986977187966454,0.10411942588008084,0.003240702976702895,0.0017877372987236521,2.8453308340063095,-0.046998211000700695,0.3027141524325024,-0.011337151725693911,-0.052407849732421935,0.7211108515001724,4.2709830598810825,2.116108977510894,54.87603978801146,54.88522990502866,54.87344538317071,54.885893821080394
429.0,15.776,-1.0500903021160435,0.5072553186520153,0.7276544229203269,-0.2869163939109226,0.09981461138789871,0.09860882211358549,0.003110269582828541,0.0018235312628751665,2.8437336037891745,-0.04991667395400046,0.3033154791524139,-0.01186063140191125,-0.05471672081939518,0.7204510642738735,4.280510585361143,2.125290302116044,54.837394032138675,54.84547060842169,54.83509163752326,54.84621524870184
430.0,15.808,-1.0592798108346182,0.5104839625321631,0.7306195082732249,-0.2871721474554595,0.10089512125461753,0.09265891727806139,0.002973477570279642,0.0018473998054392988,2.84205352470662,-0.05250442136543877,0.30392981780485473,-0.012316124564275374,-0.056701069181820246,0.7196185598456551,4.290051324447122,2.1344798108346184,54.80088577882549,54.807850599224395,54.79885951257074,54.80868128343735
431.0,15.84,-1.0684780563257237,0.5137459327926406,0.733380916344086,-0.2874451715970461,0.10193657063992102,0.08629400221440978,0.0028317921395324182,0.0018600607976508336,2.840301060438685,-0.05476534616725077,0.3045527752366912,-0.012704886644271413,-0.058369305889973855,0.7186164391773209,4.299605162518855,2.143678056325724,54.76667457485463,54.77253610701386,54.764904960851936,54.773459267583604
432.0,15.872,-1.0776855013254403,0.5170399095088918,0.7359262007322721,-0.28773265624114336,0.10293677238284994,0.07954013713081652,0.0026866255598005356,0.0018621317198967047,2.8384864730892665,-0.056705734874706364,0.30518013524325455,-0.013028587929344665,-0.059731784314794374,0.7174485244965592,4.309171894260198,2.15288550132544,54.73491092138911,54.739683971229205,54.7333756190607,54.740706766980956
433.0,15.904,-1.0869025218045325,0.5203645174783653,0.7382438022660541,-0.2880318899716319,0.10389399904604792,0.07242504793068809,0.0025393284103102606,0.0018541159907499505,2.836619754591303,-0.05833401577517538,0.3058078403822627,-0.013289273765052526,-0.06080055036890996,0.716119345594573,4.318751237675462,2.162102521804533,54.70573564401578,54.70944114537101,54.70441031414514,54.71057095116486
434.0,15.936,-1.0961294090431293,0.5237183398418072,0.7403230988221063,-0.2883402262061488,0.10480694885755736,0.06497801737663159,0.002391182319792923,0.0018363946189059136,2.8347105661046945,-0.05966051037635435,0.3064319726900431,-0.013489324601102595,-0.061589102013114155,0.7146341237192422,4.3283428466360325,2.171329409043129,54.67927929643641,54.68194423135193,54.678138583348236,54.68318801497977
435.0,15.968,-1.1053663705632826,0.5270999305414309,0.7421544515068915,-0.28865504750479026,0.1056747093632417,0.05722977139953687,0.0022433942028312346,0.0018092240783639392,2.8327681851954902,-0.06069719128692481,0.3070487348097818,-0.013631416352855308,-0.06211215978867228,0.7129987530561646,4.337946321737251,2.180566370563283,54.65566160209864,54.65731903084538,54.65468019709463,54.65868264235488
436.0,16.0,-1.1146135299186655,0.5305078255740716,0.7437292470522243,-0.2889737298557152,0.10649671977002233,0.04921236079164985,0.002097091951129232,0.0017727410718229746,2.8308014605072773,-0.06145744889764286,0.3076544330056034,-0.01371848148138441,-0.06238544956315292,0.7112197797568449,4.347561219314468,2.1898135299186654,54.63499093776275,54.63568010001332,54.634144672928656,54.63716751334013
437.0,16.032,-1.1238709254038424,0.5339405530306538,0.7450399362826448,-0.28929360891177786,0.10727273301819319,0.040959038450638606,0.001953321494530185,0.0017269744921719872,2.828818773580075,-0.061955868560325866,0.30824546338831676,-0.013753671121647285,-0.06242549821239356,0.7093043784434336,4.357187058543271,2.1990709254038423,54.61736386227898,54.61713029534509,54.61663077006061,54.61874285560276
438.0,16.064,-1.1331385078104135,0.5373966419471383,0.7460800685155007,-0.2896119502053468,0.10800277864014125,0.03250413227674773,0.0018130451038337208,0.0016718644304185432,2.8268280074348398,-0.062208019410825884,0.30881830242415786,-0.013740318513632041,-0.06224944260096948,0.7072603260982141,4.366823326628971,2.2083385078104136,54.602864692605,54.601760301894736,54.60222595782222,54.60349604129305
439.0,16.096,-1.1424161374199435,0.5408746300249204,0.746844321756391,-0.2899259252978137,0.10868712743069057,0.023882913777823596,0.0016771407694002535,0.0016072875451735304,2.824836521519375,-0.0622302555410085,0.3093695024604979,-0.013681903919601598,-0.061874851957475656,0.7050959732389976,4.376469482170075,2.2176161374199435,54.59156512740384,54.589648140973566,54.591005857408234,54.591501229504374
440.0,16.128,-1.1517035804793823,0.5443730703085281,0.7473285285537433,-0.2902325956074603,0.10932625886274004,0.01513146241725881,0.0015464024609416723,0.0015330875596336843,2.822851132600967,-0.06203952988417176,0.3098956926188952,-0.013582021146714598,-0.061319563557855526,0.7028202122931784,4.386124956854939,2.2269035804793824,54.58352391668603,54.580858661842754,54.58303366408707,54.58281905362509
441.0,16.16,-1.161000505449047,0.5478905369334415,0.7475296973779473,-0.29052890530202574,0.10992083202854265,0.00628652575637364,0.0014215410593167671,0.0014491091576877984,2.8208781011893382,-0.0616532209278494,0.31039358502252334,-0.01344434574192356,-0.06060153151225815,0.7004424431158247,4.3957891557148425,2.2362005054490472,54.57878657435623,54.575443030142395,54.57835956545475,54.57749635200622
442.0,16.192,-1.1703064793420217,0.551425630075129,0.7474460293939447,-0.29081168415545616,0.11047166067773552,-0.002614624500081595,0.0013031857537668208,0.0013552331857382247,2.818923123077992,-0.06108897219338854,0.31085998598672865,-0.013272604887990341,-0.05973868838309686,0.6979725356502944,4.405461456205988,2.245506479342022,54.57738512970923,54.573438233301204,54.57702017877196,54.575565939938826
443.0,16.224,-1.1796209644840607,0.5549769802406406,0.7470769305027397,-0.29107766068871943,0.11097969267223608,-0.011534340350154843,0.0011918857186999452,0.0012514108943784189,2.8169913256003705,-0.060364544308269985,0.31129181154543256,-0.013070549005727641,-0.05874881932438285,0.6954207897995749,4.415141206423887,2.254820964484061,54.57933791432973,54.57486662851504,54.57903803541247,54.57704642129161
444.0,16.256,-1.1889433160134235,0.5585432520456555,0.746423018537984,-0.29132348529258667,0.11144599390671546,-0.020434748898616444,0.001088111920940395,0.001137695011428406,2.815087268207756,-0.05949767942795714,0.3116861065295059,-0.012841925057003559,-0.05764944841151482,0.6927978926560633,4.424827722764659,2.2641433160134237,54.584649382643896,54.57973556089656,54.584421141793165,54.58194203947472
445.0,16.288,-1.1982727804111477,0.5621231476129427,0.7454861255192092,-0.29154576242888086,0.11187173647772543,-0.02927790683671103,0.0009922589565945837,0.0010142657258044377,2.8132149469871233,-0.058505977723873254,0.3120400663564972,-0.012590451542195569,-0.05645773681268835,0.6901148733180094,4.434520287339159,2.273472780411148,54.59330996731422,54.58803707754647,54.593162643408824,54.59024256953183
446.0,16.32,-1.2076084953067177,0.5657154097137534,0.7442692948835303,-0.29174109048656055,0.1122581906503362,-0.038025957364965605,0.0009046468696020175,0.000881450142400468,2.811377802748561,-0.057406785628711765,0.3123510607149491,-0.012319795190263341,-0.05519039242791023,0.6873830555932076,4.44421814542002,2.2828084953067176,54.60529597415854,54.599747757874724,54.60524061221223,54.601923255692824
447.0,16.352,-1.2169494907460965,0.5693188247534627,0.7427767736422398,-0.29190610748058815,0.11260671999091522,-0.04664128879032846,0.0008255229543028056,0.000739734371862494,2.809578732323037,-0.05621709550778359,0.3126166584017256,-0.012033549345877234,-0.053863590586957506,0.6846140089467756,4.453920503162576,2.2921494907460964,54.6205695244605,54.61482867255811,54.62061796878913,54.61694480100821
448.0,16.384,-1.2262946920439401,0.5729322256789807,0.741013999436725,-0.2920375405576142,0.11291877892243692,-0.05508669392233901,0.000755063585303881,0.0005897680591289687,2.807820102722425,-0.05495345639866786,0.3128346526670562,-0.011735214062312926,-0.05249290534984352,0.6818194980847059,4.463626525793349,2.3014946920439403,54.63907855461605,54.633225474578666,54.63924254125915,54.635253417101225
449.0,16.416,-1.2356429242749982,0.5765544948603913,0.7389875824982824,-0.2921322572205645,0.11319591191908178,-0.06332552932632873,0.0006933761450841082,0.0004323617451315281,2.8061037678252267,-0.05363189542573508,0.31300308651310943,-0.011428177909557802,-0.051093250896562914,0.6790114315763537,4.473335336409688,2.3108429242749984,54.660756883480126,54.65486861742337,54.66104725423917,54.65678094217923
450.0,16.448,-1.2449929183963022,0.5801845669751119,0.7367052825472978,-0.29218731629074957,0.11343975358501711,-0.07132187346826906,0.0006405011312886395,0.00026847792892776824,2.8044310872638234,-0.05226784945111008,0.31312027746379384,-0.011115701503785519,-0.04967883243143642,0.6762018099085731,4.48304601548613,2.3201929183963026,54.68552435642768,54.67967368899369,54.68595043479036,54.68144503414565
451.0,16.48,-1.2543433189357607,0.583821431901343,0.7341759806975731,-0.29220001685807656,0.11365202894472033,-0.07904068280389913,0.0005964145224776712,9.921701256247737e-05,2.8028029472030123,-0.05087610647100911,0.31318484137137087,-0.010800902757378605,-0.048263105965794126,0.6734026733359532,4.49275760114102,2.3295433189357606,54.713287072346766,54.70754184574671,54.7138562186227,54.7091494432019
452.0,16.512,-1.2636926931368853,0.5874641376098952,0.7314096464602697,-0.29216794378514294,0.11383455339225916,-0.08644794491572882,0.0005610304662488557,-7.42005412533912e-05,2.8012197827152963,-0.04947075620975793,0.31319571485480857,-0.010486743839803359,-0.04685874628914916,0.670626049851358,4.502469090183318,2.338892693136885,54.74393769616054,54.7383603301475,54.74465503890508,54.73978436523568
453.0,16.544,-1.2730395414147555,0.5911117930302122,0.728417299968246,-0.2920890086834449,0.11398923188490538,-0.09351082787574161,0.0005342043313332581,-0.0002504545109676467,2.799681601476163,-0.04806514930891142,0.31315217598337436,-0.010176019829713029,-0.04547762239609767,0.6678839035549707,4.512179439935383,2.3482395414147557,54.777355855755914,54.772003055222015,54.77822418126969,54.77322687415234
454.0,16.576,-1.2823823089549453,0.5947635708576157,0.7252109695651506,-0.29196148563093133,0.1141180571063576,-0.10019782509673023,0.0005157361398766907,-0.0004281464680120737,2.7981880085223034,-0.046671864459727055,0.3130538628378611,-0.009871349029299425,-0.044130779609570056,0.6651880836539952,4.521887570812579,2.3575823089549455,54.813408619003766,54.808331242184664,54.8144283912234,54.80934142864187
455.0,16.608,-1.2917193982738981,0.5984187102641041,0.7218036449244709,-0.29178404121727564,0.11422310645276328,-0.10647889502124118,0.0005053743713892226,-0.0006058215613574749,2.7967382318370824,-0.0453026827891707,0.31290078960612855,-0.009575164903743855,-0.04282842763257672,0.6625502742835282,4.53159236963358,2.3669193982738985,54.85195104428395,54.84719410002613,54.85312052338428,54.84798044701573
456.0,16.64,-1.3010491825545065,0.6020765194737888,0.7182092258820497,-0.2915557587690115,0.11430653780264759,-0.11232559507566219,0.0005028201085001846,-0.0007819897437340658,2.79533114855012,-0.04396856878587735,0.3126933599044197,-0.009289709601833673,-0.041579933770227305,0.6599819453047812,4.54129269363442,2.3762491825545067,54.89282679671806,54.88842953896147,54.89414222511373,54.88898494280773
457.0,16.672,-1.3103700195724597,0.6057363781654898,0.7144424671817995,-0.29127615681103614,0.11437058411565411,-0.11771120938281951,0.0005077314781636088,-0.0009551458761931598,2.7939653115609917,-0.04267965704471354,0.31243237705927984,-0.009017029008826963,-0.04039382059320769,0.6574943042111576,4.55098737516258,2.3855700195724596,54.935868822063156,54.93186491232382,54.937324649794945,54.93218521372826
458.0,16.704,-1.319680266035345,0.60939773966834,0.7105189193489251,-0.2909452019651673,0.11441754696406976,-0.12261086977732513,0.0005197283307952196,-0.001123788354506706,2.792638976420109,-0.041445244118852545,0.3121190511346882,-0.00875896927861372,-0.039277767358714216,0.6550982492557543,4.560675227032668,2.3948802660353454,54.98090007070507,54.97731778360946,54.98248919702878,54.977401577083846
459.0,16.736,-1.3289782921657771,0.6130601329207571,0.7064548659184114,-0.2905633165760019,0.11444978913803518,-0.12700166970355103,0.0005383970936185125,-0.0012864360746674258,2.7913501283222777,-0.040273784794962526,0.3117550025402928,-0.008517174789450785,-0.03823861456589731,0.6528043239047822,4.570355048530797,2.4041782921657773,55.027734265116045,55.02459671687223,55.029448278349115,55.02444514567667
460.0,16.768,-1.3382624963705372,0.6167231641682157,0.7022672572592497,-0.2901313813987516,0.11446972648308092,-0.13086277059880583,0.0005632957324735273,-0.001441643691570272,2.79009650908951,-0.03917289215034147,0.3113422621046627,-0.008293087465038734,-0.03728237109462231,0.6506226727187593,4.580025632059195,2.4134636144924286,55.07617670523942,55.073502089571974,55.078006107788084,55.073118639232646
461.0,16.8,-1.3475313198487218,0.6203865183804271,0.6979736412472083,-0.289650733693268,0.11447981913160686,-0.13417550037629264,0.00059395875745383,-0.0015880152267769,2.7888756440390123,-0.03814934080748504,0.310883267538229,-0.008087947400622048,-0.03641422345802718,0.6485629987654469,4.589685770414674,2.4227387161182383,55.12602510732061,55.123826927403805,55.12795951687166,55.12321722739065
462.0,16.832,-1.356783261002403,0.6240499603734366,0.6935920910511238,-0.2891231610525413,0.1144825622815467,-0.13692344362763859,0.0006299022110259904,-0.0017242161535758766,2.7876848686493827,-0.037209072870122165,0.3103808562407,-0.007902794731619658,-0.035638546787041744,0.6466345226736817,4.599334264693885,2.432002406152406,55.177070472576894,55.17535776069061,55.179098793535196,55.17452940108917
463.0,16.864,-1.3660168895227365,0.6277133356265198,0.6891411303098037,-0.2885508912604179,0.11448047665884785,-0.13909252316625365,0.000670628581823045,-0.001848984137043429,2.786521354952636,-0.036357206102049504,0.30983800126030725,-0.0077388259795873465,-0.03496054119474818,0.6448459204683481,4.608969932814175,2.441253191825168,55.22908613772336,55.227834554895765,55.23120949450366,55.226874417702035
464.0,16.896,-1.3752308600351786,0.6313765707874369,0.6846396546048181,-0.2879365785138155,0.11447609877866101,-0.14067111578079994,0.0007159936040427987,-0.001961397674346705,2.7853821091801665,-0.03559892558779977,0.3092586093737347,-0.007596244330908122,-0.034380947741447704,0.6432053384572219,4.618591618632787,2.450489666121538,55.28188019068202,55.28115299772013,55.28405919696834,55.279914478544825
465.0,16.928,-1.3844239214871303,0.6350396763547975,0.6801068540459316,-0.2872831703734921,0.11447204898001874,-0.14165001746520287,0.0007651076685360722,-0.0020601035656452648,2.784264048878873,-0.034937023622589755,0.30864692672005745,-0.007475131717963726,-0.03390002640550618,0.6417203610460488,4.628198198316442,2.4597105178032153,55.33522277557139,55.335027928734995,55.337442890344086,55.33348974831214
466.0,16.96,-1.3935949333396718,0.638702743912025,0.6755621343675491,-0.2865941203919195,0.11447086116335774,-0.14202248994945446,0.000816936518807222,-0.00214371886187409,2.783164046358677,-0.0343729286501612,0.30800682536636637,-0.007376354536273333,-0.03352173356984389,0.640397905864589,4.637788593922866,2.468914548186164,55.38885921479744,55.389101158410334,55.39114050528995,55.38749378135579
467.0,16.992,-1.4027428827585267,0.6423659421293129,0.6710250323261927,-0.28587341933921484,0.11447494429024642,-0.14178443879238667,0.000871452054448332,-0.0022117027419900734,2.782078883604086,-0.03390945345783987,0.30734279365252726,-0.00730016210419257,-0.03324725936590429,0.6392442118499766,4.647361789056774,2.47810068886089,55.442577459651545,55.44326138074888,55.44489990951071,55.441567212045626
468.0,17.024,-1.4118668904984808,0.6460295192791322,0.6665151311547168,-0.2851252418735667,0.11448678593185467,-0.14093441160862086,0.0009284756408368373,-0.0022635227923424287,2.781005280738496,-0.033548537838030294,0.30665995252032624,-0.007246158491050328,-0.033074858242357855,0.6382648524241862,4.656916835518333,2.487268008137364,55.49615943926986,55.49732232667303,55.498490933789014,55.49543332800316
469.0,17.056,-1.4209662173085573,0.6496938043083752,0.6620519778311564,-0.2843539628148911,0.11450890716384322,-0.13947354136126233,0.0009872642705702518,-0.0022983398974546813,2.779939960459146,-0.03329011782713899,0.3059633620019179,-0.007214207022474828,-0.033004012965104405,0.6374646883052284,4.6664528615640055,2.4964157179955166,55.549361097995195,55.55096124536443,55.55169580795178,55.54895124113441
470.0,17.088,-1.4300402753247383,0.6533592036676213,0.657654998736828,-0.2835643130056559,0.11454372997644198,-0.13740559669776417,0.0010473479401122666,-0.002315634146306859,2.7788796554191286,-0.033133880501916915,0.30525834678379626,-0.007203940997356675,-0.0330331530623587,0.6368478442495851,4.675969085786372,2.5055431859498225,55.60195787517327,55.60397360047163,55.60428076041731,55.60186212536071
471.0,17.12,-1.4390886355622858,0.6570261995626789,0.6533434153207491,-0.28276125742335956,0.11459362172054958,-0.13473698175246382,0.0011082739786859414,-0.00231502405889854,2.7778211304097877,-0.0330788223161401,0.3045503931771,-0.00721485502743012,-0.03316005592048512,0.6364176885525055,4.685464828547663,2.51464994299541,55.65372288824054,55.65612888289809,55.65601810967455,55.65393704943439
472.0,17.152,-1.4481110340822192,0.6606953478481337,0.6491361601414246,-0.28194995374791726,0.1146608839204601,-0.13147672435389116,0.0011696100365707264,-0.0022962766815355067,2.776761203851852,-0.03312326578393069,0.3038451009951956,-0.007246314948865129,-0.033381871949745796,0.6361768154129905,4.694939523207902,2.523735690192905,55.70443222245287,55.707199529181985,55.706682906075606,55.704950024009754
473.0,17.184,-1.4571073766959581,0.6643672755448561,0.645051793654734,-0.2811357066793416,0.11474774052257557,-0.12763645270908233,0.0012309461290499115,-0.0022593186594929548,2.775696768585739,-0.03326488122087264,0.3031481301745276,-0.0072975682520966395,-0.03369515345045961,0.6361270302375307,4.704392726925305,2.532800303753563,55.75386587284316,55.75696183746566,55.75605389780801,55.75467902210385
474.0,17.216,-1.466077742065485,0.6680426779510593,0.6411084221172597,-0.2803239177977116,0.1148563251938509,-0.12323036054607053,0.0012918962585917809,-0.002204248607308138,2.7746248118256704,-0.03350071273826821,0.302465141993113,-0.007367754734937726,-0.034095886684082095,0.6362693379336573,4.713824130779359,2.5418438384793056,55.80180868020489,55.805196916246835,55.803914465487715,55.80290692522902
475.0,17.248,-1.4750223830455118,0.6717223153076292,0.6373236169723784,-0.2795200306258403,0.11498866739280748,-0.1182751607775415,0.0013520996038579205,-0.0021313507667445664,2.7735424341586516,-0.03382720798648695,0.30180173478892386,-0.0074559172628677894,-0.03457952745940229,0.6366039342191029,4.723233568937698,2.5508665294010497,55.848051229138576,55.85169161696304,55.850053542102245,55.84942243216945
476.0,17.28,-1.4839417261041097,0.6754070089692104,0.6337143360815852,-0.2787294705811833,0.11514667692441226,-0.11279002783728596,0.0014112212721983423,-0.002041109760842028,2.7724468674718334,-0.03424025157774977,0.3011633742678198,-0.007561012527482133,-0.03514104052726647,0.6371301999463405,4.732621026561341,2.559868791448204,55.892390697130914,55.8962394477333,55.89426651511146,55.894020920307135
477.0,17.312,-1.4928363686508415,0.6790976370236623,0.630296847155769,-0.2779575795853679,0.11533212670162403,-0.10679652893175869,0.0014689526219082204,-0.001934226007913335,2.7713354916884105,-0.034735202307516595,0.30055531876837827,-0.0076819217030075215,-0.03577494302858576,0.6378466984178114,4.741986646121048,2.5688512169742035,55.93463164414561,55.93864146579634,55.93635610842091,55.93650524965446
478.0,17.344,-1.5017070740990013,0.6827951292950459,0.6270866537305966,-0.2772095452549942,0.11554663348073761,-0.10031854453663647,0.0015250111734082593,-0.0018116310502902598,2.7702058501871103,-0.03530693435235512,0.2999825402262783,-0.007817460914440522,-0.03647535216738964,0.6387511756474333,4.751330731783369,2.5778145709598204,55.97458673384947,55.97870714653509,55.97613324260936,55.976686501183885
479.0,17.376,-1.5105547644940702,0.6865004616606067,0.6240984240171138,-0.2764903248459042,0.1157916364237752,-0.09338217854633685,0.001579140145032163,-0.0016745016873463913,2.7690556637759607,-0.035949882607813774,0.29944964205089303,-0.00796639144927215,-0.037236037179437624,0.6398405635129542,4.7606537515216285,2.5867597837208347,56.012077380855025,56.016255227148854,56.01341787212477,56.014384644117435
480.0,17.408,-1.5193805105574603,0.6902146496119399,0.6213459229436696,-0.2758045644809385,0.11606837347916112,-0.08601565854512985,0.0016311076691371607,-0.0015242714047521164,2.7678828430887457,-0.03665809226697717,0.29896077567099366,-0.008127429668942865,-0.03805047554156431,0.6411109857457992,4.769956336618518,2.595687940962933,56.04693432363261,56.05111452279469,56.048039797940476,56.049429131876735
481.0,17.44,-1.5281855190268054,0.693938740996509,0.6188419476891799,-0.27515651466703656,0.11637785576778377,-0.07824922670280475,0.0016807057668371944,-0.0013626372062377561,2.7666854992735876,-0.03742527264215416,0.29851955808218134,-0.008299256604684613,-0.03891191321595366,0.6425577667245093,4.779239278257236,2.6046002710584557,56.078998130193675,56.08312471219467,56.07983945319585,56.08165943349007
482.0,17.472,-1.5369711172250942,0.6976738078898612,0.6165982669916521,-0.2745499436965224,0.11672084041725724,-0.07011502179774318,0.0017277491828312107,-0.001191559647682634,2.7654619528480078,-0.03824485510417665,0.29812899326961545,-0.008480527253611328,-0.0398134285517715,0.6441754430776978,4.788503520951151,2.613498129470438,56.10811965292444,56.11213708823289,56.108668657553274,56.11092551603519
483.0,17.504,-1.5457387348635934,0.7014209375728807,0.6146255645011026,-0.2739880512030999,0.11709780259435897,-0.06164695282967128,0.0017720742022438556,-0.0010132537339788913,2.7642107406043688,-0.03911005486112431,0.2977914007976715,-0.008669879620743351,-0.04074799927629016,0.6459577781631182,4.797750152640706,2.6223829803223704,56.13416045899172,56.13801526713349,56.134391333583814,56.13708830310271
484.0,17.536,-1.5544898831788978,0.7051812226232966,0.6129333864338247,-0.2734733848532634,0.1175089078254975,-0.05288056460243588,0.00181353758468125,-0.0008301684651395276,2.7629306204639685,-0.04001393612484752,0.29750835505775614,-0.008865943576896698,-0.041708571808264414,0.6478977795672921,4.806980391392077,2.63125637520832,56.15699327160624,56.16063584791834,56.15688417600269,56.160020142424244
485.0,17.568,-1.5632261316209792,0.708955750176358,0.6115300937765251,-0.27300776381504444,0.1179539860331687,-0.04385289554061085,0.0018520157516958076,-0.0006449532979649587,2.7616205741975968,-0.040949480025963464,0.2972806385595447,-0.009067349615525369,-0.04268813192670562,0.6499877198563607,4.816195568763097,2.640119929456209,56.17650246241053,56.17988901280692,56.17603726294798,56.17960532015457
486.0,17.6,-1.5719490824417786,0.7127455904645472,0.6104228192847047,-0.27259221314997867,0.11843250900591187,-0.03460232786938949,0.0018874043478213742,-0.00046041067313613317,2.7602798079548205,-0.04190965444466964,0.29710821218976485,-0.009272737589413077,-0.0436797756425781,0.6522191608891178,4.825397110053123,2.648975296192128,56.19258463340262,56.195679059985935,56.19175459885696,56.19574065706527
487.0,17.632,-1.580660343673663,0.7165517848070396,0.6096174295195325,-0.27222691349638983,0.11894357320288765,-0.025168430161631013,0.001919618259408107,-0.0002794350237075609,2.7589077505736657,-0.04288748473670229,0.29699020455319675,-0.009480765488067908,-0.044676778964781505,0.6545829820592478,4.834586511815084,2.657824138696474,56.20514931583268,56.20792486344515,56.20395458173676,56.20833621103662
488.0,17.664,-1.589361501121282,0.7203753332811321,0.6091184921699857,-0.2719111702380939,0.11948588981539043,-0.015591792173336158,0.0019485921202847044,-0.00010494021311333227,2.7575040496760788,-0.04387612416529122,0.29692492143334703,-0.009690118279760102,-0.045672665142471564,0.6570694128463835,4.8437653171667385,2.666668101680775,56.21411979299063,56.21656026030979,56.21257039386205,56.21731609045162
489.0,17.696,-1.598054090103791,0.7242171823634139,0.6089292489096678,-0.2716434057034032,0.12005778382130616,-0.005913851884933869,0.0019742812641098746,6.022106635247279e-05,2.7560685655921726,-0.044868922716365466,0.29690987520750434,-0.009899516792788901,-0.046661267918239165,0.6596680700092534,4.852935089577689,2.6755087822316876,56.21943402611979,56.22153437316258,56.21755032303202,56.22261935679672
490.0,17.728,-1.6067395677615128,0.7280782128708561,0.6090515940370737,-0.27142117680380834,0.1206572033575665,0.0038232852314322406,0.001996663010142685,0.00021334105511686808,2.7546013631968633,-0.04585949289133726,0.29694183289985576,-0.0101077265570068,-0.04763678935544897,0.6623679996422188,4.862097385912748,2.6843477012500307,56.22104563318838,56.222811881016995,56.218858029084984,56.22420096711282
491.0,17.76,-1.6154192867687975,0.7319592285547156,0.609486059140341,-0.27124121897764675,0.12128174012061138,0.013577034477105914,0.002015738105224235,0.0003519381469243251,2.753102701784889,-0.04684177105383268,0.29701688062364,-0.010313566477879982,-0.048593850913222346,0.6651577241446837,4.871253729566164,2.6931862762442957,56.21892484615678,56.220373255210305,56.2164727743732,56.222032684757224
492.0,17.792,-1.6240944712653227,0.7358609456986483,0.6102318040093176,-0.2710995155164109,0.12192866074789757,0.023304527155518902,0.0020315321032605485,0.00047382979114655137,2.7515730231527904,-0.04781007296353172,0.2971305015573943,-0.010515917180219853,-0.04952753663512474,0.6680252939401358,4.880405584516776,2.702025796311639,56.21305936058568,56.21421497352818,56.21038963490165,56.21610387664554
493.0,17.824,-1.63276619573105,0.7397839840452596,0.6112866139868429,-0.27099138955397734,0.12259494833160081,0.03296281179766475,0.0020440964540534377,0.0005771920396090187,2.7500129380970444,-0.0487591422660946,0.29727766434999986,-0.01071372884233815,-0.05043342758153314,0.6709583435569331,4.889554331070027,2.7108674000542994,56.20345499595206,56.204349717120664,56.200619700244374,56.20642212033752
494.0,17.856,-1.6414353673932003,0.7437288593246377,0.6126469039070306,-0.27091161444219697,0.12327735248056695,0.04250906000586443,0.002053509098856451,0.0006606021459751605,2.748423211573626,-0.04968419091844139,0.29745291889914843,-0.010906028344954119,-0.05130762695387041,0.6739441514790327,4.898701243936511,2.719712057043135,56.190136105249586,56.19080654227229,56.18719025709314,56.19301356421216
495.0,17.888,-1.6501027125815906,0.7476959775896588,0.6143077287125387,-0.27085453713719654,0.12397244578190778,0.051900775172128384,0.0020598744255685333,0.0007230625048257551,2.7468047467933,-0.0505809308021209,0.29765049669476096,-0.011091925579480688,-0.05214677570535198,0.6769697030203283,4.90784747314299,2.7285605532672643,56.173145703132455,56.17363100660035,56.17014493730499,56.175923013450024
496.0,17.92,-1.6587687672602651,0.7516856314837443,0.616262800778552,-0.27081420870857914,0.1246766841901738,0.06109600206291582,0.002063322510590747,0.0007640061733968662,2.7451585685464273,-0.051445596093559726,0.29786441324709767,-0.011270618792005152,-0.05294805878149917,0.6800217553893064,4.916994028099516,2.7374134808184354,56.152545315076374,56.15288522083461,56.149543801069306,56.15521374606282
497.0,17.952,-1.6674338717780144,0.7556979984857953,0.6185045139027734,-0.27078451617966437,0.12538646881409324,0.07005353513191837,0.0020640076524428537,0.0007832859076581755,2.7434858060594762,-0.05227495629568513,0.2980885704421313,-0.011441398875767353,-0.053709202455549394,0.683086904095823,4.9261417649754495,2.7462712318706166,56.12841457798565,56.128647795673416,56.12546332251459,56.130967089466296
498.0,17.984,-1.6760981697148076,0.7597331411019442,0.6210239738526725,-0.2707593105247886,0.12609820675465305,0.07873312343434698,0.002062106270598051,0.0007811498219988606,2.7417876756821413,-0.05306632016354563,0.29831685693992216,-0.01160365256121755,-0.05442846349765968,0.6861516499004081,4.9352913773845914,2.7551339968463617,56.10085064021617,56.10101365869341,56.097996249486734,56.10328180434595
499.0,18.016000000000002,-1.684761610566964,0.763791008910363,0.6238110352975709,-0.270732526629888,0.12680836901308642,0.08709567015307415,0.0020578142920842615,0.0007582073497151457,2.7400654636894926,-0.05381753105377202,0.2985432449525111,-0.011756864485387625,-0.055104611126518405,0.6892024656009412,4.944443390257282,2.764001766523793,56.069967414728616,56.07009372698631,56.06725131960325,56.07227332763656
500.0,18.048000000000002,-1.693423955916607,0.7678714423169025,0.6268543448967691,-0.27069829217634517,0.12751354395435985,0.0951034249749432,0.0020513441743611857,0.000715389181927558,2.738320509459587,-0.05452695447471709,0.29876188192815617,-0.011900618150068931,-0.05573690283102621,0.692225862070338,4.953598156690639,2.772874337737315,56.035894734965645,56.03601443390152,56.033352827749816,56.03807292223919
501.0,18.080000000000002,-1.7020847886705448,0.7719741778465996,0.6301413902674388,-0.2706510235605528,0.1282104853030339,0.1027201678334282,0.002042921717190621,0.0006539044360045913,2.736554189255663,-0.055193458798650265,0.2989671758557619,-0.012034595800983011,-0.056325055218003676,0.6952084530818264,4.962755857516781,2.7817513222617194,55.998777452836016,55.998917119767775,55.99644005248913,56.00082677123479
502.0,18.112000000000002,-1.7107435249259695,0.7760988547778594,0.6336585545177501,-0.2705855079820211,0.12889615410186991,0.10991138282222941,0.002032782803604696,0.000575197631674612,2.7347679008060393,-0.055816390214759516,0.2991538731063551,-0.012158577278444604,-0.05686921104637035,0.6981370185698885,4.971916503308558,2.79063215843891,55.95877450586555,55.95895730455521,55.956666557928045,55.96069504256482
503.0,18.144000000000002,-1.7193994280186315,0.7802450229199428,0.6373911760010766,-0.2704969716456893,0.1295677544401046,0.11664442135395418,0.002021170187078611,0.000480907303803777,2.7329630488367913,-0.05639554305323626,0.29931712795279286,-0.012272437905021721,-0.057369903561192974,0.7009985660656147,4.981079938545692,2.799516125102583,55.91605796919247,55.91630386432157,55.91419939239487,55.91785093929759
504.0,18.176000000000002,-1.7280516243260446,0.7844121513372562,0.6413236129248907,-0.270381134606659,0.13022276304104272,0.1228886538691894,0.0020083304146857922,0.00037282738253185076,2.731141031674295,-0.05693112660480233,0.29945256314821483,-0.012376145487423787,-0.05782801915270629,0.7037803901115003,4.990245847683721,2.8084023573713455,55.87081209932029,55.87113813338192,55.86921820610074,55.87247974223074
505.0,18.208000000000002,-1.7366991204269666,0.7885996378329327,0.645439312431689,-0.27023425315381133,0.1308589529898928,0.12861560958744497,0.0019945109490605373,0.0002528718983170545,2.729303228998734,-0.05742372950566125,0.2995563211851202,-0.012469756519247643,-0.05824475925160932,0.7064701295036424,4.999413762896599,2.817289863908056,55.823232370850505,55.82365295158057,55.82191430786695,55.82477784612068
506.0,18.240000000000002,-1.7453408212532164,0.7928068190167673,0.649720883757544,-0.2700531508203067,0.13147441199482998,0.13379910393297018,0.0019799575283321385,0.0001230431481003391,2.7274509907968274,-0.05787428266831982,0.2996251060844606,-0.012553411677808934,-0.058621602241783054,0.7090558222327458,5.008583073295214,2.8261775452769156,55.77352450445483,55.77405167213527,55.77248967732977,55.77495178794318
507.0,18.272000000000002,-1.75397554890668,0.7970329807968066,0.65415017506546,-0.2698352391707346,0.13206755562622854,0.13841535337237576,0.001964911784133889,-1.4596817912585602e-05,2.7255856275331865,-0.05828402162494327,0.2996562157662266,-0.012627330712732254,-0.058960266037725965,0.7115259580044683,5.017753035454428,2.835064213065754,55.721903483398386,55.722547141380794,55.72115594494861,55.723217264617325
508.0,18.304000000000002,-1.7626020618503557,0.8012773691484316,0.658708353544697,-0.2695785294898679,0.13263713598828097,0.14244307747615634,0.001949609123500337,-0.00015795168741826576,2.72370840153526,-0.05865444902354334,0.29964756522021374,-0.012691806825656626,-0.059262671841267975,0.7138695282196603,5.026922785107599,2.8439486094762634,55.668592556250964,55.66936065810179,55.66813334844766,55.66979813786774
509.0,18.336000000000002,-1.77121907421588,0.8055392010287608,0.6633759883630027,-0.2692816364226328,0.1331822462602854,0.14586358807205227,0.0019342768703671594,-0.0003049137256044344,2.721820519566739,-0.05898729788676127,0.2995977008243562,-0.0127472006400422,-0.05953090946908962,0.7160760732905485,5.036091349888659,2.8528294271179098,55.61382222440776,55.6147209173786,55.613649671436185,55.61492542479467
510.0,18.368000000000002,-1.779825275000367,0.8098176753171805,0.6681331360558825,-0.2689437745152163,0.13370232151311753,0.14866086540249443,0.0019191326556425988,-0.0004533843502716067,2.7199231265485437,-0.059284496115998536,0.2995058062477436,-0.012793933857305748,-0.05976720453053214,0.7181357271634534,5.045257663016904,2.8617053287711665,55.55782921426773,55.55886294205253,55.557939167992586,55.55883627386591
511.0,18.400000000000002,-1.7884193469523362,0.8141119836745493,0.6729594279354969,-0.2685647484990392,0.13419713616777396,0.15082162123794873,0.0019043830404869273,-0.0006012928161579995,2.7180173003746013,-0.05954813260490087,0.29937170042745476,-0.012832482690950414,-0.05997388763830953,0.72003925891475,5.054420577828994,2.8705749669121943,55.50085543513067,55.50202700393957,55.501241475881706,55.50177292720645
512.0,18.432000000000002,-1.7969999849700262,0.8184213212240578,0.6778341591014716,-0.2681449380528137,0.13466679842213936,0.15233534893670922,0.0018902223547489114,-0.0007466133568985301,2.716104047761285,-0.059780425219641546,0.29919582812713064,-0.012863371164027693,-0.06015336575255236,0.7217781112860668,5.063578883066483,2.879437002814236,55.44314692495375,55.444457536605896,55.4438005206343,55.443981671113804
513.0,18.464,-1.805565913855649,0.8227448969658505,0.6827363786369123,-0.2676852776757419,0.1351117419310387,0.15319436048253804,0.0018768317308520688,-0.0008873811077602094,2.714184301064017,-0.05998369081061141,0.29897924357376476,-0.012887164347582719,-0.06030809569203157,0.7233444360280687,5.072731318826094,2.888290125060896,55.38495278700336,55.38640204167031,55.385863412764905,55.38571177762363
514.0,18.496,-1.8141159052862965,0.8270819438453311,0.6876449805753347,-0.26718723220773405,0.13553271498376723,0.15339381057570184,0.00186437831232462,-0.001021707113435103,2.7122589159917214,-0.06016031734234388,0.29872358763219464,-0.012904461609027501,-0.060440559794835556,0.7247311259299041,5.081876593074557,2.8971330673233147,55.32652412114937,55.32810999105295,55.327679340774715,55.3272144406811
515.0,18.528,-1.8226487938763691,0.8314317284015669,0.6925387952281795,-0.2666527684397691,0.13593076738236873,0.15293170790139907,0.0018530146153953933,-0.0011477927152132286,2.71032867014899,-0.060312738165528644,0.2984310589196708,-0.012915889929795407,-0.06055324367224654,0.7259318434235983,5.091013398620551,2.90596462526709,55.268112954090476,55.26983172823284,55.26949846316361,55.268741711048115
516.0,18.56,-1.8311634922176037,0.8357935599273452,0.6973966804681937,-0.2660843231635788,0.13630723518057153,0.15180891375044303,0.0018428780214569734,-0.0012639436103632844,2.7083942623366637,-0.060443408406060294,0.2981043791866503,-0.012922097341618227,-0.06064861597422082,0.7269410456691147,5.100140430423639,2.914783672465696,55.209971173178886,55.21181737232787,55.21157080338065,55.2105454345043
517.0,18.592,-1.839659004790995,0.840166799076121,0.7021976125713354,-0.2654847679184819,0.13666372339924532,0.1500291282231779,0.0018340903777214247,-0.0013685838808850602,2.706456312543396,-0.06055478341067892,0.2977467532063363,-0.012923746520659862,-0.060729110070078814,0.7277540060463562,5.10925640310452,2.9235891752050644,55.15234946875826,55.154315729651714,55.15414515244956,55.152876198193695
518.0,18.624,-1.84813444065007,0.844550865853256,0.7069207762290816,-0.2648573705960886,0.13700208678546824,0.14759886430456753,0.0018267576831110049,-0.0014602702945675078,2.7045153625635328,-0.06064929916512055,0.2973618233230824,-0.012921508568808263,-0.0607971075434774,0.7283668320047242,5.118360068502576,2.9323802060687596,55.095496290018744,55.097573218308554,55.09746798489992,55.095982290123544
519.0,18.656,-1.8565890247770018,0.8489452469294596,0.7115456533541678,-0.26420575396662155,0.13732440863136244,0.14452741015894333,0.0018209698365009627,-0.0015377071822530984,2.7025718771797163,-0.06072935458802149,0.2969536187232887,-0.012916057001929312,-0.060854923403008326,0.7287764792487931,5.127450233106074,2.9411559561947893,55.039656819318004,55.04183281238168,55.041782394631106,55.04010867682738
520.0,18.688,-1.8650221080119322,0.8533495022131505,0.7160521103159299,-0.2635338510915753,0.13763297761534138,0.1408267800550657,0.0018168004251057116,-0.001599762183394133,2.7006262458519417,-0.06079729559979159,0.2965264994184734,-0.012908061956854733,-0.060904792920876,0.7289807622699249,5.13652577515764,2.949915746093444,54.98507196968379,54.987333013354444,54.98732705843676,54.98549600405043
521.0,18.72,-1.8734331754516746,0.857763270615528,0.7204204832566028,-0.2628458574919499,0.1379302625742969,0.1365116543960292,0.0018143065323959389,-0.0016454831172007418,2.6986787848579685,-0.060855400870295666,0.29608509488401713,-0.012898184622112521,-0.06094886002656823,0.728978361267836,5.145585661213328,2.9586590349107333,54.93197740978422,54.93430685755386,54.934335236108176,54.93237962496364
522.0,18.752,-1.8818218532070288,0.8621862749375769,0.724631661157198,-0.26214617985481614,0.13821888506402788,0.1315993093936005,0.0018135285479101491,-0.001674116166790411,2.696729739832894,-0.060905869159440865,0.2956342372944878,-0.01288707189309879,-0.06098916720143492,0.7287688255426124,5.154628961908225,2.9673854280142598,54.88060262000256,54.88298096956933,54.88303381725004,54.88098865985124
523.0,18.784,-1.890187913398813,0.8666183258022876,0.7286671663409422,-0.26143938099325975,0.13850158952220792,0.12610953699200556,0.0018144899661503733,-0.0016851254446607106,2.694779288658231,-0.06095080818028627,0.295178889357085,-0.012875351251325357,-0.06102764684216524,0.7283525734753734,5.1636548666561,2.9760946827683887,54.83116998237676,54.83357467262814,54.8336424260356,54.831545090431725
524.0,18.816,-1.898531277262455,0.8710593245485285,0.7325092321236657,-0.2607301207388083,0.138781210820029,0.12006455571010935,0.0018171971690196746,-0.001678213824855757,2.69282754465284,-0.06099222493357113,0.2947240668888551,-0.012863625869743225,-0.06106611408192108,0.7277308892529485,5.17266269698627,2.9847867123542846,54.78389390609288,54.78629916755943,54.786372595848285,54.78426289097512
525.0,18.848,-1.9068520162210982,0.8755092649960676,0.736140877343847,-0.26002309245760197,0.13906063898559684,0.1134889131306666,0.0018216391964738607,-0.0016533446670086048,2.690874560019601,-0.06103201748301704,0.294274756529832,-0.012852469953465576,-0.06110626107951854,0.7269059165259025,5.181651918199507,2.9934615874794694,54.738979989045276,54.74135679186682,54.74142702569364,54.7393471972581
526.0,18.88,-1.915150350779898,0.8799682339853577,0.739545977529963,-0.25932295496249014,0.13934278091531557,0.10640938081612335,0.0018277875235385719,-0.001610763711865195,2.6889203295027597,-0.06107196816225039,0.29383582934617364,-0.01284242433705668,-0.06114965280350954,0.7258806492162438,5.190622149009016,3.0021195358132493,54.69662421487245,54.698940369031355,54.69899892888002,54.696993513286166
527.0,18.912,-1.9234266470923322,0.8844364105924689,0.7427093324888628,-0.2586342597635722,0.13963051897222442,0.0988548424656204,0.0018355958785981762,-0.0015510199993429194,2.6869647942115185,-0.06111373822332941,0.293411951553437,-0.012833992376415498,-0.06119772435044543,0.7246589197062108,5.199573168825176,3.0107609389816834,54.65701218411947,54.65923265485038,54.659271481080204,54.65738695485776
528.0,18.944,-1.9316814110565523,0.8889140639209825,0.7456167301252937,-0.2579613738818776,0.13992666651604913,0.09085617613846511,0.0018450001571635292,-0.0014749841687389667,2.685007845565803,-0.061158863952860264,0.29300749416087324,-0.012827636193703001,-0.0612517798404748,0.7232453846367768,5.208504922348065,3.01938632696246,54.620318378120906,54.6224058817588,54.622417368842925,54.62070152875548
529.0,18.976,-1.9399152798200343,0.8934015493811178,0.7482550063283194,-0.25730839885881157,0.14023392062922901,0.08244613134455313,0.0018559185055631042,-0.001383861991718872,2.6830493293203,-0.06120875429162386,0.2926264439525463,-0.01282377335597415,-0.06131299292892853,0.7216455085177824,5.217417521153813,3.027996369740444,54.58670545520039,54.588621393268866,54.588598430475784,54.58709944695653
530.0,19.008,-1.9481290106082858,0.8978993033843685,0.7506121007837065,-0.256679087132859,0.1405548126015842,0.07365920173084746,0.0018682516673432,-0.0012792005388209118,2.6810890496230115,-0.06126468999633482,0.2922723188007902,-0.01282277408826532,-0.06138240895589319,0.7198655452957493,5.226311242004308,3.0365918661231213,54.55632358107066,54.55802934903471,54.55796536909391,54.556730476968085
531.0,19.04,-1.9563234668517184,0.9024078364118231,0.7526771085905954,-0.2560767576072693,0.14089165710795534,0.06453149396527796,0.0018818836975236862,-0.0011628840979131287,2.6791267730646964,-0.061327824375057044,0.2919480907412627,-0.012824959135796246,-0.06146094872912293,0.7179125179381902,5.235186521678338,3.0451737296757444,54.529309798771415,54.53076846765389,54.530657503610236,54.52973133214402
532.0,19.072,-1.964499601666278,0.9069277244578001,0.754440327574001,-0.25550421295498343,0.14124650143678197,0.05510059323142464,0.001896683151246265,-0.0010371169796676886,2.6771622326758453,-0.06139918561072309,0.2916561204037647,-0.012830598391980433,-0.06154941389686348,0.7157941959774172,5.24404394821845,3.0537429718210714,54.505787447431054,54.506965761441485,54.50680250992615,54.506225109060274
533.0,19.104,-1.9726584388477864,0.9114595989078081,0.7558933011901429,-0.2549636619221388,0.14162107656275055,0.04540542550443209,0.0019125048386423918,-0.0009043907915528944,2.6751951318281257,-0.06147968065887318,0.29139810617814377,-0.012839910394700574,-0.06164849381880879,0.7135190708224628,5.252884248611237,3.062300682258183,54.48586564227668,54.486736208592575,54.48651609528157,54.48632078160543
534.0,19.136,-1.9808010516634296,0.9160041349795792,0.7570288569181363,-0.2544566504888502,0.14201675224284602,0.035486116499793656,0.0019291922031850976,-0.0007674347308872806,2.673225147997687,-0.06157010066720706,0.2911750508389609,-0.01285306276043309,-0.06175877378891136,0.7110963285128136,5.261708273065282,3.0708480069851665,54.46963882887078,54.47018230763462,54.46990154812564,54.47011276184862
535.0,19.168,-1.9889285398583973,0.920562038934017,0.7578411400191504,-0.2539840060927429,0.1424344985761805,0.02538384690669094,0.0019465803256844662,-0.0006291489468125518,2.671251936348316,-0.061671127817433155,0.29098724728029807,-0.012870173575229626,-0.06188074440591604,0.7085358194772265,5.270516976211993,3.0793861243531944,54.45718642088598,54.45739347061741,54.457049117946916,54.45768053456943
536.0,19.2,-1.9970420054290796,0.9251340343427966,0.7583256425242461,-0.2535457990838206,0.14287485652436288,0.01514070328424015,0.0019644994845896676,-0.0004925229311167689,2.669275133093527,-0.06178334343732799,0.29083428365235836,-0.012891313699142828,-0.062014811831757916,0.7058480248028971,5.279311395716537,3.087916219721941,54.448572522223486,54.44844523659734,54.44803520585569,54.449088365059566
537.0,19.232,-2.0051425278308965,0.929720847772399,0.7584792272879783,-0.2531413250567783,0.14333791967507586,0.004799523866633871,0.0019827791250189384,-0.0003605429556838811,2.667294358598608,-0.061907237176282194,0.2907150667649221,-0.012916509876166493,-0.06216130862955715,0.7030440185390167,5.288092628932336,3.096439459411978,54.44384572222154,54.44339832325113,54.44292138482939,54.444385069612906
538.0,19.264,-2.0132311393722153,0.934323194300953,0.7583001469212318,-0.252769110666212,0.14382332901731104,-0.00559626146082875,0.0020012520181617558,-0.00023609440224790174,2.665309220187204,-0.062043216986318935,0.29062786139361646,-0.012945748487206948,-0.062320504838138994,0.7001354256672861,5.296861808344794,3.104956964741329,54.4430389405725,54.44229757498143,54.441753311101884,54.443603828100244
539.0,19.296,-2.0213088015813385,0.938941763315534,0.7577880573992485,-0.2524269440350999,0.14433028170565673,-0.016002797561979323,0.002019758345179998,-0.00012186601699952245,2.6633193146227154,-0.06219161960762872,0.2905703423236376,-0.012978979749496286,-0.06249261892300968,0.6971343755656323,5.305620076612247,3.1134697869750805,54.44616929120515,54.445170900449426,54.44455962442241,54.44676201243965
540.0,19.328,-2.0293763833120475,0.9435772050373594,0.7569440261347892,-0.2521119290846555,0.14485755380704346,-0.026375977014353433,0.0020381494284084406,-2.026334149151895e-05,2.661324230243259,-0.06235272122829683,0.29053965571358076,-0.013016122158673024,-0.06267782825025785,0.6940534510460257,5.31436856201411,3.121978883998917,54.453237936086914,54.45202831076195,54.45135095390963,54.45386100732242
541.0,19.36,-2.0374346412734528,0.9482301181887473,0.7557705343157828,-0.2518205612939137,0.14540353598086947,-0.03667161934394963,0.0020562908630759307,6.666230665637295e-05,2.659323548740044,-0.06252674797728267,0.2905324866333364,-0.013057066988753127,-0.06287627876013388,0.69090563332309,5.323108355056002,3.1304850994479163,54.464229912133334,54.46286116510076,54.4621191412008,54.46488601136477
542.0,19.392,-2.0454842035396448,0.9529010391519478,0.7542714733332192,-0.2515488208185005,0.1459662801000168,-0.04684565570511191,0.0020740648707424417,0.0001372647732272299,2.657316846582181,-0.06271388592033647,0.29054513026277584,-0.01310168270353021,-0.0630880935696303,0.6877042435209584,5.331840486867041,3.138989144888656,54.47911393454043,54.4776417037802,54.476836763992445,54.47980582534985
543.0,19.424,-2.0535255564292694,0.9575904328837932,0.7524521351671503,-0.25129227780076846,0.14654355412016873,-0.05685431768965433,0.002091371787581609,0.00019033183865331104,2.655303696104946,-0.06291429026102248,0.290573564999259,-0.013149819180543754,-0.06331338030637097,0.6844628815107422,5.340565909871354,3.147491585481462,54.49784220170601,54.49632290696151,54.49545699880075,54.49857265372664
544.0,19.456,-2.061559034964784,0.962298685752361,0.7503191966526727,-0.25104620423482804,0.14713290214274352,-0.06665432857742495,0.0021081306978550695,0.000225092274429042,2.6532836662916788,-0.06312809350226714,0.2906135263941494,-0.013201311693729262,-0.0635522370563212,0.6811953629645652,5.349285481045436,3.1559928293615345,54.52035024325267,54.518838672170084,54.51791381421244,54.521121959511255
545.0,19.488,-2.069584816946415,0.9670261003641257,0.7478806976082235,-0.25080568692596705,0.14773170661764784,-0.07620309513903585,0.0021242793068006285,0.00024120379958431383,2.6512563232903053,-0.06335541239092587,0.2906605812816405,-0.01325598463608034,-0.06380475688960363,0.6779156555092016,5.357999947906796,3.164493120794341,54.54655685826382,54.54510426675464,54.544122447117395,54.54737241662128
546.0,19.52,-2.0776029205240305,0.9717728923625368,0.7451460128695838,-0.25056573680048966,0.14833724995034686,-0.08545889808249031,0.002139773204537153,0.00023872599985486572,2.6492212307127874,-0.06359635354207785,0.29071020164434525,-0.013313654985415563,-0.06407103100125466,0.6746378147768113,5.366709937235907,3.1729925370004297,54.57636418452595,54.575016989752065,54.57398009203323,54.57722599664381
547.0,19.552,-2.085613205032586,0.9765391891086901,0.7421258183295522,-0.2503213908923577,0.14894677331728903,-0.09438107937598936,0.002154584698306896,0.00021808288603454977,2.6471779497691617,-0.06385101771295748,0.2907578377341794,-0.013374135525615546,-0.06435115056032448,0.671375921008757,5.375415946424397,3.181490988419843,54.60965792427447,54.60845697274564,54.60736672909523,54.61056821201352
548.0,19.584,-2.093615374777923,0.9813250301050525,0.7388320511317904,-0.2500678045417868,0.14955753113632383,-0.10293022493005473,0.002168701387049842,0.00018001962944011826,2.645126039287447,-0.06411950276048663,0.29079898983207836,-0.0134372378357481,-0.06464520739678666,0.6681440167022221,5.384118337272543,3.18998822210154,54.64630773301789,54.645288057811996,54.64414602584648,54.64726851959759
549.0,19.616,-2.101608985417839,0.9861303689938823,0.7352778642061726,-0.2498003324973711,0.15016684027593222,-0.11106834142555676,0.0021821246278275782,0.00012555733633993192,2.6430650556674182,-0.06440190536578055,0.2908292778850871,-0.013502775055263497,-0.06495329367386553,0.6649560456265099,5.392817332026336,3.198483827857169,54.68616776084541,54.68535870667651,54.68416626531513,54.687180872716354
550.0,19.648,-2.1095934525724918,0.9909550769502771,0.7314775753621255,-0.2495145985828976,0.15077212363733675,-0.11875902637646987,0.0021948680078675265,5.594876961362416e-05,2.6409945528110064,-0.06469832164199506,0.2908445081719617,-0.013570564427909243,-0.06527550069351866,0.661825793396973,5.401513011442145,3.2069772468051037,54.72907732383588,54.72850291294914,54.727261271838046,54.73014439893089
551.0,19.68,-2.1175680623102906,0.9957989472915071,0.727446611177213,-0.24920655430621363,0.15137094816343788,-0.12596763077851725,0.002206955897903632,-2.7363073420855565e-05,2.6389140820660133,-0.06500884675768709,0.2908407361479377,-0.013640429622983882,-0.06561191697175807,0.6587668296905586,5.410205314686644,3.2154677819414825,54.77486167797057,54.77454110470807,54.77325132236874,54.77598417648752
552.0,19.712,-2.1255319831820465,1.0006617011349308,0.7232014459325843,-0.24887252724237174,0.15196105760699102,-0.1326614138946468,0.0022184221284166335,-0.0001227825012834918,2.6368231922137384,-0.0653335737096061,0.29081432470055646,-0.013712202830623632,-0.06596262570181251,0.6557924521206262,5.418894040911884,3.2239546104013512,54.823332868485515,54.82328103578924,54.821944042583574,54.82451208324867
553.0,19.744,-2.1334842795100513,1.0055429939522622,0.7187595358570572,-0.24850926025014852,0.1525404005416063,-0.13880968986022107,0.002229308803690289,-0.0002285944448601446,2.6347214295255723,-0.0656725913702008,0.29076199718721285,-0.013785726628107772,-0.06632770170232742,0.6529156317565485,5.427578852382507,3.2324367971072343,54.87429063195907,54.87451867072838,54.873135293832334,54.87552769639153
554.0,19.776,-2.1414239256743475,1.010442422885058,0.714139248949534,-0.24811394263425635,0.1531071541498659,-0.1443839658601015,0.0022396652501771026,-0.0003429936750644607,2.6326083379089487,-0.06602598191994598,0.29068088479105053,-0.013860855615603365,-0.06670720792605378,0.6501489602687665,5.436259279067979,3.2409133095387355,54.927523334509,54.92803907120392,54.92661005979259,54.9288192271221
555.0,19.808,-2.149349821171972,1.0153595347027666,0.7093597906567677,-0.24768423430077102,0.153659744303397,-0.1493580716489458,0.0022495470846123854,-0.0004641103206514121,2.630483459159361,-0.06639381775639056,0.290568567895513,-0.013937457822111685,-0.06710119158712197,0.6475045986944463,5.4449347246433355,3.2493830333909943,54.98280893558242,54.98361729220762,54.98214334185621,54.98416448055392
556.0,19.84,-2.157260806254307,1.0202938342992007,0.704441125691329,-0.2472182838229584,0.15419686238856548,-0.15370828016995894,0.0022590153820244005,-0.0005900322116357445,2.6283463333323245,-0.0667761579540218,0.2904231113213216,-0.014015415884411866,-0.06750967995028061,0.6449942278451037,5.453604473865103,3.2578447889198694,55.03991597192435,55.04101929509499,55.039501070959965,55.041331835774365
557.0,19.872,-2.1651556779719083,1.0252447936351876,0.6994038962836466,-0.24671474117504677,0.15471747924958992,-0.15741341899007374,0.0022681359223729568,-0.0007188246009158801,2.6261964992470825,-0.06717304433311345,0.2902430933791546,-0.014094628003353663,-0.067932675815939,0.6426290004092591,5.462267701303846,3.26629734779642,55.098604559964755,55.10000288293999,55.098441041622635,55.10008124457869
558.0,19.904,-2.1730332064752576,1.0302118610442668,0.6942693371725087,-0.24617276572966285,0.15522085653372333,-0.1604549722230597,0.002276978495363795,-0.0008485477868929583,2.624033495132338,-0.06758449718324805,0.29002762876394017,-0.014175008682248566,-0.06837015272829595,0.6404194948357136,5.470923481421208,3.274739450312594,55.15862741707463,55.16031866173462,55.15871387189074,55.16016524941092
559.0,19.936,-2.180892151434107,1.035194470824736,0.6890591876504021,-0.24559202996404772,0.1557065556396646,-0.16281717256583214,0.0022856162447944537,-0.0009772731055100125,2.621856859423083,-0.06801051067812701,0.2897763853519725,-0.014256489251844362,-0.06882204993320497,0.6383756711131962,5.479570799978036,3.283169822794347,55.219730903129516,55.22171102919775,55.22006399098966,55.221330021941725
560.0,19.968,-2.1887312784481043,1.040192053045348,0.6837956009933502,-0.2449727191874138,0.15617444439412057,-0.16448708303287,0.0022941250356443847,-0.0011030977030510609,2.6196661317166403,-0.06845104801359934,0.28948959496330606,-0.014339018184809205,-0.06928826711449955,0.6365068285880172,5.488208566751901,3.2915871950881765,55.28165608390945,55.28391919139189,55.28223065482449,55.28331642374566
561.0,20.0,-2.1965493753277103,1.0452040434937786,0.6785010516191353,-0.24431552748768715,0.15662470151345934,-0.16545466794421607,0.0023025828285269923,-0.0012241584545800706,2.617460853894993,-0.06890603630013616,0.28916805812360663,-0.01442256119995429,-0.06976865894249301,0.6348215659819186,5.496835629528075,3.299990317993047,55.34413981735187,55.34667820600437,55.344948988083644,55.34586109000058
562.0,20.032,-2.204345268127592,1.050229893696847,0.673198240332566,-0.24362164999630598,0.1570578188458889,-0.16571285270529007,0.0023110690467382,-0.0013386453637797395,2.6152405714194242,-0.06937536124324806,0.2888131428047389,-0.014507101153001911,-0.07026302947814418,0.6333277437870778,5.505450789308504,3.3083779805121853,55.40691586279062,55.40972005001236,55.40795105052862,55.40869753624646
563.0,20.064,-2.2121178368150023,1.0552690809394851,0.6679099980313201,-0.2428927714815674,0.15747460133243976,-0.16525757191393473,0.0023196639208572637,-0.0014448147703273514,2.6130048348021213,-0.06985886165189975,0.2884267770470499,-0.014592637706306852,-0.07077112648898173,0.6320324492240342,5.514052816659333,3.316749026798756,55.469716012216686,55.472774708476074,55.47096692406698,55.471557287155925
564.0,20.096,-2.2198660304533333,1.06032111820566,0.6626591882603928,-0.24213105119784395,0.15787616456796452,-0.16408780534147765,0.002328447794683519,-0.0015410027001993639,2.6107532012577166,-0.0703563238247716,0.28801143527028605,-0.014679186764293847,-0.07129263574707857,0.6309419639511226,5.522640469089532,3.3251023726660316,55.532271241367155,55.53557128036658,55.533725816369056,55.53417102505887
565.0,20.128,-2.2275888817760667,1.065385563958769,0.657468609016842,-0.24133910383541934,0.15826392978465761,-0.16220560136096296,0.0023375003743109505,-0.0016256387192225758,2.6084852365355946,-0.07086747587667303,0.2875701179691041,-0.01476677965558297,-0.07182717539966194,0.6300617347107089,5.531212509321635,3.333437021526402,55.59431287709206,55.597839096614,55.595957176078066,55.59626975464807
566.0,20.16,-2.235285521018598,1.0704620316712814,0.6523608942188573,-0.24051997632909528,0.15863961601601098,-0.1596160874370206,0.0023468998995660544,-0.0016972606860385226,2.606200516931139,-0.07139198208402686,0.28710632436675754,-0.014855462036064762,-0.07237429052494634,0.629396347087953,5.539767724280671,3.3417520796142126,55.65557377594743,55.6593088449594,55.65739181408813,55.65758597883983
567.0,20.192,-2.2429551888647223,1.075550199003358,0.6473584152637017,-0.23967712019139198,0.15900522912739426,-0.1563274673486123,0.0023567222141493336,-0.0017545308401370587,2.6038986314706967,-0.07192943734818791,0.28662401747524024,-0.014945292480042893,-0.07293344800978074,0.6289495025415975,5.548304944589406,3.350046770334814,55.71578950723883,55.719713695727314,55.71776302495136,55.71785487910926
568.0,20.224,-2.25059724835065,1.0806498165175769,0.642483183107273,-0.2388143589352324,0.15936304731933845,-0.15235100488839706,0.002367039708137453,-0.0017962536936238103,2.6015791842610705,-0.07247936189727115,0.2861275808911127,-0.01503634072039671,-0.07350403191587507,0.6287239988429821,5.5568230643168715,3.35832044756593,55.77469953171662,55.77879042235642,55.776807702267874,55.77681549170248
569.0,20.256,-2.2582111955521054,1.085760715801485,0.6377567513033827,-0.23793585004548679,0.1597156026221304,-0.14770099387157232,0.002377920104711114,-0.0018213962077569272,2.599241796989458,-0.07304119637386797,0.28562176656222016,-0.015128685493425137,-0.07408533953173091,0.6287217140286212,5.565321060683423,3.3665726077173805,55.83204836473198,55.83628051048844,55.83426744199793,55.83421186887292
570.0,20.288,-2.265796668859415,1.0908828168513602,0.6332001204428106,-0.2370460408534223,0.16006565780860002,-0.1423947143928786,0.0023894250630975334,-0.0018291107076974069,2.5968861115541046,-0.07361429748453319,0.28511163271489276,-0.015222411941204078,-0.07467657833817576,0.6289435939330379,5.573798013379216,3.3748029003312645,55.88758670988285,55.89193124971204,55.88988962810321,55.8897942116886
571.0,20.32,-2.273353456621757,1.0960161345494035,0.6288336444302306,-0.23614961757319175,0.16041617806385175,-0.1364523753931249,0.002401608573172361,-0.0018187608960624946,2.59451179279948,-0.07419793441657421,0.28460247116699444,-0.01531760852671063,-0.0752768641492893,0.6293896433223485,5.582253123105145,3.383011136977209,55.94107254608378,55.945496802771466,55.943428495859244,55.943319958102414
572.0,20.352,-2.280881502915986,1.1011607840430935,0.6246769390307113,-0.23525144669465903,0.1607702966778117,-0.12989704373497768,0.0024145151257091192,-0.0017899511363051747,2.5921185313225403,-0.07479128625960337,0.284099723412852,-0.015414363425534275,-0.07588522071703369,0.6300589205965837,5.590685728897088,3.391197298167282,55.992272147875696,55.99673924823699,55.994646169651546,55.99455480711997
573.0,20.384,-2.288380911169304,1.1063169848107102,0.6207487931062782,-0.23435650791618615,0.1611312739880215,-0.12275456013853536,0.002428177658096108,-0.001742558854971035,2.5897060463088435,-0.07539344069788075,0.2836088851987679,-0.015512760377044174,-0.0765005811109698,0.6309495359727127,5.5990953237480845,3.3993615379844178,56.040961016203774,56.04542959427888,56.043313674018016,56.04327365759527
574.0,20.416,-2.295851945341507,1.1114850631730195,0.6170670829467779,-0.23346981788134583,0.16150244882216766,-0.11505344248438275,0.0024426153006885205,-0.0016767694222482833,2.5872740883491496,-0.07600339426460513,0.283135399862186,-0.015612874009410985,-0.07712179119442562,0.63205865300584,5.607481568002419,3.407504186089943,56.086924695815696,56.09134876312167,56.0892119189145,56.0892614393278
575.0,20.448,-2.30329502835585,1.1166654529908189,0.6136486900781378,-0.23259634419821298,0.1618871818062291,-0.10682477714500292,0.002457830985757544,-0.0015931121875705665,2.5848224421790955,-0.07662005446576632,0.28268454151913086,-0.015714764699588088,-0.07774761551167265,0.6333824932609854,5.615844299965379,3.4156257467546514,56.1299594573117,56.13428854759036,56.13213266216745,56.13231381607241
576.0,20.48,-2.310710737463694,1.1218586942757909,0.610509422905714,-0.2317409096201232,0.16228879015537503,-0.09810209913824536,0.0024738090299549218,-0.001492495470943652,2.5823509292769926,-0.07724224408400113,0.282261290260375,-0.015818473091625443,-0.07837674586926767,0.6349163439232509,5.624183543159672,3.423726894550444,56.169872828549416,56.17405254223014,56.171879453027856,56.17223774648819
577.0,20.512,-2.3180997962445056,1.1270654294435531,0.6076639425220904,-0.2309080869003636,0.1627104739925707,-0.08892126198823533,0.0024905128606763317,-0.0013762372864045728,2.5798594102484556,-0.07786870795618844,0.28187020280860764,-0.015924014472652445,-0.07900781283578401,0.6366545681435821,5.6324995096727575,3.4318084663540804,56.206483973489945,56.21045705089271,56.20826855957207,56.2088519016877
578.0,20.544,-2.3254630629880984,1.13228639695968,0.6051256929796143,-0.23010208573727411,0.16315523487896152,-0.07932029820238017,0.0025078831212477105,-0.0012460875158725028,2.577347786921874,-0.07849812247778515,0.28151528347552934,-0.016031373287538037,-0.07963940028770401,0.6385906179750357,5.6407925990882495,3.439871449360786,56.23962393794278,56.243331969530956,56.24112987835289,56.241986958004404
579.0,20.576,-2.3328015152889603,1.1375224221790126,0.6029068363011609,-0.2293266344019355,0.16362578810414488,-0.06933927120166683,0.002525836448862344,-0.0011042363608199945,2.5748160040762276,-0.0791291080143565,0.2811998615278958,-0.016140498148863286,-0.08027006299721674,0.640717049871702,5.649063392589505,3.447916964893193,56.26913581050776,56.272521636772936,56.27030781665884,56.2714858103251
580.0,20.608,-2.34011623081014,1.1427744052621776,0.6010181924818453,-0.22858486003686487,0.16412447134890581,-0.05902011935361365,0.0025442652567763445,-0.0009533034637569912,2.572264050722772,-0.07976024429467735,0.28092648194265524,-0.01625129775064367,-0.0808983470903871,0.6430255429020987,5.657312641972259,3.455946247928538,56.29487487965426,56.29788563631554,56.295662126825604,56.29720378134715
581.0,20.64,-2.3474083643493158,1.1480433061746382,0.5994691847234921,-0.22787917309924335,0.16465315351439622,-0.048406492448537605,0.002563038848288931,-0.000796302450688966,2.5696919608646493,-0.08039008871883611,0.2806968166942301,-0.016363638102450312,-0.08152281300914721,0.6455069200591974,5.665541253509561,3.4639606224578965,56.316708896517376,56.31929952664398,56.31706866113338,56.31900892816801
582.0,20.672,-2.3546791215581777,1.153330126931693,0.5982677901457798,-0.22721116277693557,0.1652131486579582,-0.037543580553509,0.0025820061251319837,-0.0006365771063373377,2.5670998136635466,-0.08101719734324177,0.28051160293121247,-0.016477341448905725,-0.08214206040181882,0.6481511732991161,5.673750266871641,3.471961473031535,56.3345185660922,56.336655469169955,56.33442000991465,56.33678255907121
583.0,20.704,-2.361929729914343,1.1586358914393973,0.5974204962342771,-0.22658151113016925,0.1658051408657614,-0.026477934734460393,0.002601000014881756,-0.00047770810087537503,2.5644877329499227,-0.08164014811167915,0.28037061259756435,-0.016592187121215254,-0.08275475416102766,0.6509474931591408,5.681940829600817,3.479950213119705,56.34819837463943,56.3498627303587,56.34762599042504,56.35042005890316
584.0,20.736,-2.3691614077983294,1.1639616234800048,0.5969322633141955,-0.2259899338745706,0.1664291262689839,-0.015257278752549966,0.0026198435351966103,-0.00032339298155345005,2.561855886023439,-0.0822575657011079,0.28027265542954316,-0.016707914393358503,-0.08335965065105562,0.6538843039301931,5.690114167949645,3.487928251201918,56.35765781034709,56.358848049809836,56.356613973612994,56.359832073950045
585.0,20.768,-2.376375332753271,1.1693083235771506,0.5968064933738833,-0.2254351548419268,0.16708437803580875,-0.003930310634756708,0.0026383571639536675,-0.00017730647153172858,2.5592044817037336,-0.0828681471638141,0.2802156142750467,-0.016824227213197263,-0.083955623038824,0.6569493053299085,5.698271555171911,3.495896955753424,56.3628229506108,56.36355589282309,56.36132906840489,56.36494602969264
586.0,20.8,-2.3835726101647756,1.174676945622293,0.5970450055946205,-0.22491491910951714,0.16776943891069748,0.007453506898038441,0.0026563669427874283,-4.295207246482015e-05,2.556533767609953,-0.08347068739402252,0.28019650895659065,-0.016940800489060964,-0.08454168458722648,0.6601295214055055,5.706414278568166,3.5038576204837297,56.363638290338926,56.36394863456829,56.36173421908214,56.36570786362559
587.0,20.832,-2.3907542436592255,1.1800683742228577,0.5976480189618689,-0.22442604670155888,0.168482143767648,0.018844167726513716,0.00267371256819954,7.648150486682942e-05,2.553844026671896,-0.08406410334995504,0.2802115830076697,-0.017057287476957284,-0.0851170088069165,0.6634113569987858,5.714543606692068,3.511811431260985,56.36006860098289,56.360006740785686,56.3578102955944,56.36208377761944
588.0,20.864,-2.3979211084607144,1.1854834037253326,0.5986141423271029,-0.223964525046527,0.16921967195233908,0.030191355163560585,0.0026902546729131393,0.00017824530132312682,2.551135572906584,-0.08464745594245902,0.2802564068748459,-0.017173327757499912,-0.08568094549192837,0.6667806615861157,5.72266075809668,3.51975943610439,56.35210057038665,56.351729005221216,56.349556254880426,56.35406177824375
589.0,20.896,-2.405073928769375,1.1909227197685763,0.5999403722515837,-0.2235256346456436,0.16997862635136765,0.04144468514002613,0.0027058805954153936,0.0002601249827816356,2.5484087465305136,-0.08521996856762848,0.2803259915400942,-0.01728855532055329,-0.08623303189471966,0.670222799758984,5.730766872839163,3.5277025194425304,56.33974399686416,56.339132873245816,56.3369894183339,56.341652795260615
590.0,20.928,-2.412213259949042,1.1963868840457843,0.6016220988926618,-0.22310409936458755,0.170755133662749,0.0525539575336915,0.0027205081611490606,0.000320498558702921,2.545663908516114,-0.0857810414213856,0.28041490760712234,-0.01740260636576564,-0.08677299859141385,0.6737227271415556,5.738862987690889,3.5356413815416468,56.323032391972504,56.32225483294397,56.320145855504805,56.32489124321346
591.0,20.96,-2.4193394759796005,1.201876322724234,0.6036531200945545,-0.22269425095496045,0.1715449587015512,0.06346941255914654,0.0027340872998245364,0.00035835533070452435,2.5429014347359225,-0.086330260971863,0.28051740619973203,-0.01751512654740045,-0.08730076992962744,0.6772650702355784,5.746950015661087,3.5435765236468892,56.30202295806506,56.30115080738019,56.29908080729847,56.3038349938144
592.0,20.992,-2.426452762286945,1.2073913187244374,0.6060256637293894,-0.22229019710451306,0.17234362500635741,0.07414198858858918,0.0027465996259085405,0.0003732796332683408,2.540121709864073,-0.08686740426233944,0.28062753911466776,-0.017625777506659196,-0.0878164592862628,0.680834208580671,5.755028730088342,3.5515082390041477,56.27679601221546,56.27589645341849,56.27386904523822,56.27856482413089
593.0,21.024,-2.4335531137558797,1.212932007828535,0.6087304182133565,-0.2218859834042101,0.17314653450305179,0.08452357762397243,0.0027580563466093077,0.0003654067256549763,2.537325121217605,-0.08739243803578689,0.2807392763482566,-0.017734242622899854,-0.08832035965361464,0.6844143577089399,5.763099753235444,3.559436609589619,56.247453997729956,56.246587273456704,56.24460505944928,56.24918347019385
594.0,21.056,-2.440640337490704,1.2184983783977874,0.6117565710091594,-0.22147574171325882,0.17394908028913592,0.09456727486883967,0.0027684949942029654,0.0003353600448878003,2.534512052718159,-0.08790551297438302,0.28084661939973454,-0.017840231970877585,-0.08881293029032042,0.6879896516064737,5.771163549075013,3.5673615081050567,56.21412024641748,56.21333847407631,56.21140299513793,56.215814436742846
595.0,21.088,-2.447714059729574,1.2240902743449562,0.6150918548285356,-0.221053819964692,0.17474674834902487,0.10422761935550616,0.002777975502864174,0.0002841789829383387,2.531682879138959,-0.0884069536013422,0.28094370880707886,-0.01794348649817079,-0.08929478029620731,0.6915442237009994,5.7792204197932175,3.575282604616192,56.17693763587941,56.17628454740026,56.17439630215361,56.17860069741222
596.0,21.12,-2.454773736240622,1.2297074009311473,0.6187226011721157,-0.2206148909702497,0.1755352058184707,0.1134608232368806,0.002786576087684454,0.00021324491037850418,2.5288379607760603,-0.08889724457139901,0.281024924379853,-0.01804378144745486,-0.08976665000598388,0.6950622857081119,5.787270505465146,3.5831993771194512,56.136067243979966,56.135578591746096,56.1337371077654,56.13770338173761
597.0,21.152,-2.4618186655169603,1.235349332930851,0.6226338007888764,-0.22015403988556706,0.17631037499073865,0.12222498802377096,0.0027943892721227085,0.00012421102029121762,2.5259776386512085,-0.0893770141734853,0.2810849766871888,-0.018140929051110366,-0.0902293910543162,0.6985282039388448,5.795313786353559,3.5911111253040677,56.091687056024114,56.09139141683079,56.0895953561287,56.09330050284534
598.0,21.184,-2.4688480041250482,1.241015524720854,0.6268091706014473,-0.2196668315027487,0.17706849343759862,0.13048030664283827,0.002801518285827924,1.8939333350940665e-05,2.523102230320558,-0.08984701588675664,0.28111898858214307,-0.018234780528248867,-0.09068394587083732,0.7019265728728031,5.8033500873314425,3.599016986812362,56.043990741868605,56.043910491231536,56.042157773799524,56.04558574437292
599.0,21.216,-2.4758607836269726,1.246705321884654,0.6312312266224487,-0.21914935943513605,0.17780616136874716,0.1381892506562946,0.0028080739436413846,-0.00010055369227989884,2.520212026332526,-0.09030810878467461,0.28112256587610684,-0.018325227418661605,-0.09113132723776941,0.7052422859282412,5.811379084006159,3.606915955369222,55.99318649546969,55.993338788067994,55.99162672075489,55.994767301968956
600.0,21.248,-2.4828559285756207,1.2524179739718893,0.6358813623763558,-0.2185982796452516,0.1785203777261017,0.14531674230959857,0.002814172032066167,-0.00023214287396322472,2.517307287351251,-0.09076123748975144,0.28109185666399383,-0.018412202294495472,-0.09157259840614644,0.7084606034222821,5.819400310210744,3.61480690023455,55.939495917578974,55.939893574213635,55.93821897618671,55.94106676321763
601.0,21.28,-2.4898322751607864,1.2581526481030967,0.6407399323371187,-0.21801083078643016,0.179208566600232,0.15183031127383853,0.0028199311744308495,-0.00037363210418639653,2.5143882419405696,-0.09120741226357629,0.28102359918466735,-0.01849567889754855,-0.09200885413526255,0.7115672177270677,5.827413166612726,3.622688586516628,55.883152919866916,55.88380517433616,55.88216449390872,55.88471800692622
602.0,21.312,-2.4967885901568776,1.2639084431580794,0.6457863398908413,-0.21738484362784896,0.179868595468209,0.1577002360538328,0.0028254711164781092,-0.000522785396504388,2.5114550849871606,-0.09164768969055907,0.2809151584393951,-0.018575671756281664,-0.09244120290208918,0.7145483156085831,5.8354169302648895,3.6305596959621185,55.82440263163715,55.82531572785155,55.823705148172486,55.825966104804216
603.0,21.344,-2.5037235898857997,1.2696844043283704,0.6509991293332232,-0.216718741528815,0.18049878657159357,0.16289967007443437,0.002830911363379757,-0.000677352426766028,2.5085079767300984,-0.0920831542919415,0.28076455205912854,-0.018652235340492263,-0.0928707504259294,0.7173906376996763,5.84341076498195,3.6384188479059207,55.76350029532854,55.764677946643104,55.76309347957468,55.76506621279607
604.0,21.376,-2.510635958961032,1.2754795378497488,0.6563560814120758,-0.21601153360101247,0.1810979225430746,0.1674047524641424,0.0028363701003204576,-0.0008350897269511838,2.505547042356763,-0.09251490129610916,0.28057046610100694,-0.01872546281370588,-0.09329858457571251,0.7200815350191087,5.851393732471617,3.6462646201203808,55.70071014221037,55.70215387474441,55.70059144332642,55.702282443910775
605.0,21.408,-2.517524368621709,1.2812928257597778,0.6618343119256458,-0.21526280189615424,0.181665247188406,0.17119470354906213,0.002841963336024396,-0.0009937785146041207,2.5025723721210285,-0.09294402069892362,0.2803322615713359,-0.01879548444224516,-0.09372576166475372,0.7226090224121378,5.859364804178921,3.654095569349291,55.63630424413966,55.638013647703296,55.636469158119304,55.637886718418976
606.0,21.44,-2.5243874945001092,1.2871232405487432,0.6674103728877465,-0.2144726837000064,0.18220046215516855,0.17425190506564753,0.00284780421799099,-0.0011512399495019867,2.4995840219381718,-0.09337158267244787,0.28004997252419006,-0.018862465716876692,-0.0941532940942312,0.7249618287595604,5.867322873821087,3.6619102513491475,55.57056134069152,55.57253424821268,55.57100365232308,55.572157590489034
607.0,21.472,-2.5312240336938983,1.2929697595911882,0.6730603557711338,-0.21364184980590653,0.1827037200764074,0.1765619651058514,0.0028540024771601604,-0.0013053484386995838,2.496582014411255,-0.0937986243229588,0.2797242965827568,-0.01892660523797038,-0.09458213927847456,0.7271294437832778,5.875266770598646,3.6697072402899678,55.50376564346718,55.50599825495831,55.50447760439052,55.50537905272146
608.0,21.504,-2.53803272103717,1.2988313792604091,0.6787599963415728,-0.212771479477236,0.18317561466315424,0.17811376782621968,0.0028606639670464094,-0.0014540434792340452,2.4935663402452986,-0.09422613775851364,0.27935657868618213,-0.018988132408199743,-0.09501318976772585,0.7291021612675295,5.883195273068849,3.6774851473921655,55.43620562113643,55.43869258278185,55.4371780753797,55.43783932177114
609.0,21.536,-2.544812344482815,1.3047071286404825,0.684484780597055,-0.2118632326764123,0.18361716812729367,0.17889950798381776,0.002867890267434535,-0.0015953404396225896,2.4905369600079417,-0.09465505939877183,0.2789487887834027,-0.01904730496865667,-0.09544726447831957,0.7308711185153202,5.891107123661518,3.685242638695563,55.36817276998488,55.370907213712925,55.36939523290056,55.36982960949071
610.0,21.568,-2.5515617595237243,1.3105960827601013,0.6902100513300023,-0.21091922002841582,0.18402981623808612,0.17891471040460527,0.002875778325506895,-0.0017273406350743912,2.4874938061979424,-0.09508626044480008,0.2785034940848141,-0.019104406404844232,-0.09588510094286996,0.732428331868124,5.899001043806298,3.6929784518724356,55.29996037558486,55.30293391989008,55.30142106724159,55.301642884928654
611.0,21.6,-2.558279902592146,1.3164973752798768,0.6959111148353465,-0.20994197088818037,0.18441539124298256,0.17815823454200488,0.002884420107873205,-0.0018482410420112769,2.4844367855857423,-0.09552053842164411,0.2780238263446913,-0.01915974323850253,-0.0963273485035331,0.7337667281325474,5.906875749624923,3.7006914120088323,55.2318622718202,55.23506498074587,55.23354810178244,55.23357263318433
612.0,21.632,-2.564965803385295,1.322410210569782,0.7015633472943076,-0.20893439978590647,0.1847761028095361,0.1766322643425333,0.0028939022356811563,-0.0019563440191644778,2.481365781792829,-0.09595860971015384,0.27751344448575593,-0.019213642209324644,-0.09677456238651531,0.7348801717792909,5.91472996812297,3.7083804462874057,55.164171603941874,55.16759189805335,55.1660681010324,55.16591161762637
613.0,21.664,-2.571618596070852,1.32833387511581,0.7071423003726874,-0.20789977142365837,0.18511451706337817,0.17434228369937033,0.002904305572070984,-0.0020500674488853907,2.478280658078855,-0.0964011029949575,0.2769764926923084,-0.019266447338104647,-0.09722719861911785,0.7357634878067959,5.9225624537931205,3.716044597510377,55.09717960265593,55.10080411358513,55.099270780803764,55.098950652371215
614.0,21.696,-2.578237529328052,1.3342677481943173,0.7126238055836494,-0.2068416642874991,0.18543353370335092,0.17129703784255962,0.0029157047270135824,-0.0021279557767932542,2.475181260307026,-0.0968485535728269,0.2764175538954331,-0.019318516849303108,-0.09768560977757257,0.7364124801941214,5.930372005516055,3.7236830364026714,55.03117437645148,55.03498773533324,55.03344252626169,55.03297739219891
615.0,21.728,-2.5848219751781825,1.3402113117483605,0.717984076978395,-0.2057639328165715,0.1857363610638511,0.16750848108579977,0.0029281674395541715,-0.0021886925027247922,2.4720674200590262,-0.0973013984884945,0.2758415983564691,-0.01937021991691587,-0.09815004158571873,0.7368239459049865,5.93815748361589,3.731295072632166,54.96643972943686,54.9704242796285,54.96886512504395,54.96827514724119
616.0,21.76,-2.59137143655207,1.3461641593920541,0.7231998117439794,-0.20467066793398972,0.186026488865426,0.16299171142451413,0.002941753792192898,-0.002231114750632571,2.468938957870663,-0.09775997249283816,0.2752539268360105,-0.01942193318387858,-0.09862063042155035,0.7369956844480194,5.94591782689425,3.738880164475758,54.903254011792114,54.90738943825278,54.90581452450532,54.9051217297595
617.0,21.792,-2.5978855535310754,1.3521260044559276,0.7282482883058973,-0.2035661555939148,0.18630765824604445,0.15776489255993328,0.0029565152076210344,-0.002254230604759287,2.465795686558207,-0.09822450485108407,0.2746601076313805,-0.019474036992859434,-0.09909740182870619,0.7369265030478428,5.953652069430449,3.7464379270460624,54.84188900945985,54.84615188193126,54.84455962460811,54.84378834004717
618.0,21.824,-2.6043641081819344,1.3580966869679614,0.7331074615542351,-0.20245483283934368,0.18658382850105637,0.1518491640105575,0.0029724931756461457,-0.002257239922318628,2.4626374146031815,-0.09869511706565316,0.2740659066049212,-0.019526911257819718,-0.09958027017522175,0.7366162175384815,5.96135935689489,3.7539681389734567,54.782608878723174,54.78697211456804,54.785361121215395,54.78453849780882
619.0,21.856,-2.6108070278845132,1.3640761794411134,0.7377560548364057,-0.20134124070558795,0.1868591397859996,0.14526854006783108,0.0029897176600233387,-0.0022395592883882975,2.459463949559898,-0.09917182161969414,0.27347720924966923,-0.019580930902815846,-0.10006903964425273,0.7360656491551828,5.969038962078672,3.7614707474119013,54.7256691296882,54.73010139627672,54.72847041861485,54.72762702412457
620.0,21.888,-2.617214387025568,1.3700645913088614,0.7421736483870873,-0.20022997315796692,0.1871378708671252,0.13804979845880017,0.0030082051438909342,-0.002200851625178385,2.4562751014456343,-0.09965452188940171,0.2728999339016503,-0.019636460802972516,-0.10056340678838031,0.7352766174725953,5.976690299295416,3.768945871204758,54.671315660223456,54.675780757504995,54.6741286348353,54.673299077149665
621.0,21.92,-2.623586406902243,1.376062171816442,0.7463407638972975,-0.19912562114608717,0.18742439086189677,0.13022235969406884,0.003027956292288298,-0.002141060653065729,2.4530706860679574,-0.10014301341828548,0.27233993547981145,-0.019693850184723805,-0.10106296491261925,0.7342519298140264,5.984312937262974,3.7763938020101855,54.61978383856897,54.624240130795705,54.62256572816998,54.621789241920574
622.0,21.952,-2.6299234536485034,1.3820693111389901,0.7502389449597457,-0.19803271082063906,0.18772310382962604,0.12181815820150657,0.003048953245182751,-0.0020604498656343205,2.449850528237843,-0.10063698678552674,0.2718028996857916,-0.019753426486672193,-0.10156721058256321,0.7329953675328448,5.991906610025746,3.7838150031470654,54.57129762878265,54.5756976298623,54.57399977706081,54.573320671169306
623.0,21.984,-2.636226033969858,1.3880865394621043,0.753850833166623,-0.19695563504233665,0.18803838509731646,0.11287150646491555,0.003071156608751035,-0.001959644869455687,2.446614464811228,-0.10113603233595786,0.2712942284939481,-0.019815488749921006,-0.10207555255690463,0.731511669633356,5.999471225437268,3.791210105886256,54.52606874909776,54.530359005762676,54.52863644608486,54.52810427030373
624.0,22.016000000000002,-2.6424947884520193,1.3941145237308332,0.7571602396781423,-0.1958985775675352,0.18837450839778014,0.10341895348497586,0.003094502289343129,-0.0018396768187841674,2.4433623474963113,-0.10163964705781912,0.2708189190310809,-0.019880300702656284,-0.10258732342705112,0.729806514239644,6.007006870694419,3.798579902884775,54.48429585035397,54.48841730427772,54.48666866514178,54.48633791669495
625.0,22.048000000000002,-2.6487304822051625,1.4001540617572295,0.7601522121238838,-0.19486542978572313,0.188735563324882,0.0934991389294238,0.0031188984129881777,-0.001702023267259994,2.440094045359792,-0.10214724389493557,0.2703814395413291,-0.019948083822103876,-0.10310179418836808,0.7278864984165222,6.014513814407616,3.8059253384511837,54.446163701894726,54.45005273378721,54.448276533353926,54.448205702635185
626.0,22.080000000000002,-2.654933992626315,1.4062060733841282,0.7628130967415676,-0.1938597006610197,0.18912536334058494,0.08315264430261766,0.0031442226863745643,-0.001548641180356722,2.436809446963184,-0.10265816375014175,0.2699856078894316,-0.02001901078735703,-0.10361819187085047,0.7257591167729792,6.021992504717245,3.8132474953501676,54.41184237798816,54.41543272594496,54.41362743017792,54.41387719470395
627.0,22.112000000000002,-2.6611062941182353,1.4122715884447803,0.7651305956950437,-0.1928844216225049,0.18954734564537845,0.0724218422961282,0.003170320666379304,-0.0013819853581917769,2.4335084620606384,-0.10317169037225886,0.2696344796703814,-0.02009319985408077,-0.10413572020918654,0.7234327391130282,6.029443563037224,3.820547577915362,54.38148645072913,54.3847121313304,54.3828762725671,54.383506711313544
628.0,22.144000000000002,-2.6672484397030725,1.4183517313453347,0.767093819539524,-0.19194204952616128,0.1900044656423237,0.06135074514001035,0.0031970054860969437,-0.0012050045213645784,2.4301910227924153,-0.10368706821113821,0.2693302540243006,-0.020170710755029547,-0.10465358314667678,0.7209165871297848,6.0368677731336104,3.8278268913535163,54.35523421517756,54.358033442644825,54.35616580252817,54.35723263480307
629.0,22.176000000000002,-2.6733615396186265,1.4244477022378779,0.7686933348110593,-0.19103437236106507,0.1904990903919752,0.04998485223547604,0.0032240595979889644,-0.0010211073533447858,2.426857084312498,-0.10420352317685767,0.2690742052092964,-0.020251542718193627,-0.10517101074460306,0.718220709775923,6.044266065436419,3.8350868172974697,54.33320699492498,54.33552688961059,54.333626735724266,54.33517679130962
630.0,22.208000000000002,-2.6794467371824737,1.4305607549471724,0.7699212067032974,-0.19016242387022414,0.19103289716545357,0.03837099663244258,0.0032512389985319026,-0.0008340924226759789,2.4235066247938604,-0.10472028605164581,0.26886664647905234,-0.02033563506761689,-0.10568728683378525,0.7153559565300817,6.051639496735154,3.842328785899371,54.31550859217524,54.31731022074741,54.315377569014906,54.3174439435713
631.0,22.240000000000002,-2.68550518244235,1.4366921720551598,0.7707710367544823,-0.189326414371138,0.19160678462460512,0.02655718909952765,0.0032782801654939867,-0.0006480394752670427,2.420139644759421,-0.1052366180901312,0.2687069297799184,-0.020422870621681355,-0.10620177751466979,0.7123339473933241,6.058989225708774,3.8495542450356437,54.302224943462654,54.30348799964376,54.30152385750612,54.30412143902317
632.0,22.272000000000002,-2.691538004375162,1.442843237811257,0.7712379954030959,-0.18852568540037012,0.19222080487803894,0.014592457769174021,0.003304909571865668,-0.0004671649691285061,2.4167561656907015,-0.10575183812027401,0.26859348064834343,-0.020513081761875607,-0.10671395941941642,0.7091670381975284,6.0663164850597,3.8567646274927614,54.29342401042758,54.294150313736615,54.292156848452116,54.295279030339636
633.0,22.304000000000002,-2.6975462826158507,1.4490152097881044,0.7713188491895446,-0.18775869502152248,0.19287412427648043,0.0025266808265228514,0.0033308551902015435,-0.00029565112303391326,2.4133562278712404,-0.10626535024886546,0.26852386337405404,-0.020606058681001668,-0.10722344650999184,0.7058682797924523,6.073622551315805,3.863961317275493,54.28915587544276,54.28937092053985,54.28735149900179,54.29096883894921
634.0,22.336000000000002,-2.7035310198495255,1.4552092903983511,0.771011982298258,-0.1870230385523362,0.19356501907021023,-0.009589590352708502,0.003355858966743,-0.00013746371062438992,2.409939887431629,-0.10677667110186087,0.26849486816298457,-0.02070155902890744,-0.10773001412996352,0.7024513699636729,6.080908713583639,3.8711456163767872,54.28945294175593,54.289205011662624,54.28716407634278,54.291225378548496
635.0,22.368000000000002,-2.7094931160485562,1.4614265994865512,0.7703174120679324,-0.1863155062197112,0.1942909090062518,-0.021705319697674898,0.0033796889510794396,3.8224063378718676e-06,2.4065072125823743,-0.10728545541719811,0.2685026106568882,-0.020799318040475828,-0.10823361907630522,0.6989305975073294,6.088176242634197,3.878318713425069,54.29433008841544,54.29368690791738,54.29162968557741,54.29606552071191
636.0,22.400000000000002,-2.7154333456591986,1.4676681491830632,0.7692367980652783,-0.18563217533257276,0.1950484280160007,-0.033769187582938204,0.003402149720542871,0.00012517086808235846,2.4030582790531825,-0.10779151877971593,0.2685426350675072,-0.020899058289885752,-0.10873441461636729,0.6953207786493388,6.095426361651436,3.885481655552338,54.303784632272055,54.302828055345685,54.30076013238377,54.30548829265675
637.0,22.432000000000002,-2.721352338642645,1.4739348220495818,0.7677734443314681,-0.1849685307327013,0.19583352707870633,-0.045729804181569814,0.0034230899788376136,0.00022418928912039203,2.399593164802725,-0.1082948563575381,0.26861001486402597,-0.021000498440901336,-0.10923275965847869,0.6916371867814604,6.102660219774482,3.89263532460578,54.31779601345798,54.31661564294038,54.31454247156826,54.31947445528964
638.0,22.464000000000002,-2.7272505659822865,1.480227353281547,0.7659322944725587,-0.18431960436379718,0.19664160099891453,-0.0575359330909179,0.003442406683063574,0.00029918442058120666,2.396111944116057,-0.1087956566807396,0.2686994483168631,-0.021103360670835722,-0.10972922166098646,0.6878954771172343,6.109878869249569,3.8997804184889104,54.33632522655458,54.335012022481635,54.332938435187884,54.3379858991818
639.0,22.496000000000002,-2.733128329930963,1.4865463174064755,0.7637199193667047,-0.18368012339614587,0.19746762890401182,-0.06913672205793858,0.003460045632577715,0.0003491670867951244,2.3926146812582263,-0.10929430978496019,0.2688053490650811,-0.021207376737971836,-0.1102245732924647,0.6841116082178729,6.117083246634127,3.9069174380220066,54.359314123473006,54.357954932068814,54.35588473446756,54.36096497990177
640.0,22.528,-2.738985758943854,1.4928921195843785,0.761144497385172,-0.18304465665285669,0.19830631805949175,-0.08048193692290607,0.0034759989808023062,0.00037381427424713816,2.3891014238915096,-0.10979140939932729,0.2689219334721191,-0.021312292865679205,-0.11071978327828712,0.6803017623583868,6.124274158128057,3.9140466793207715,54.3866847723811,54.38535837209763,54.38329406065951,54.38833395645881
641.0,22.56,-2.7448228069709844,1.4992649913268907,0.7582157871513108,-0.18240775084782374,0.19915224195350673,-0.0915221948081627,0.0034903004845509788,0.0003734004118671481,2.3855721964821557,-0.11028774924723181,0.2690433067387122,-0.021417873702448173,-0.11121600221038799,0.6764822664431357,6.131452268802315,3.9211682313635072,54.41833904990171,54.41711390027178,54.415056521142226,54.41999468262478
642.0,22.592,-2.7506392565961146,1.5056649902388386,0.75494509297455,-0.18176405078532115,0.19999996599837072,-0.10220919302377289,0.0035030194345937495,0.0003487113227402994,2.382026993917905,-0.11078431389258876,0.26916354895129113,-0.02152390560609091,-0.11171454432470442,0.6726695147425086,6.138618095287073,3.9282819781855465,54.45415858255681,54.45309210924183,54.451041247263724,54.455828642307175
643.0,22.624,-2.7564347254125137,1.5120920032616716,0.7513452231840972,-0.18110840051246951,0.20084415696353092,-0.11249593095164966,0.0035142541405074976,0.00030095300454842974,2.3784657755328795,-0.11128226485724685,0.2692768010670037,-0.02163019943214438,-0.11221686633748264,0.6688798942297448,6.145772001379651,3.9353876050151633,54.49400506969977,54.49314410427628,54.49109797379896,54.4956973451434
644.0,22.656,-2.7622086750094583,1.5185457528554398,0.747430441645595,-0.18043592490452048,0.2016796748052564,-0.1223369230781943,0.003524125644153689,0.00023166438637020216,2.374888459698399,-0.11178292292216756,0.26937734980290884,-0.021736592925183512,-0.11272454439521792,0.6651297128496158,6.152914196023477,3.942484607635695,54.537720946740244,54.53710287438337,54.535058476939405,54.53944303518849
645.0,22.688,-2.767960421984572,1.5250258055758077,0.7432164127758248,-0.17974209297230687,0.2025016475114964,-0.13168840218031805,0.003532772091538868,0.0001426396838942089,2.3712949190949177,-0.11228774759680113,0.26945970978470757,-0.021842952745497135,-0.11323925006546895,0.6614351307098436,6.160044733167951,3.9495723042994446,54.58513030389919,54.58478451953779,54.58273783576085,54.58688962999692
646.0,22.72,-2.773689150472197,1.5315315825617097,0.7387201403817605,-0.17902276523827626,0.20330553080943872,-0.14050851231451114,0.0035403439670142335,3.5862819197799896e-05,2.3676849767382797,-0.11279831471046929,0.26951870117106946,-0.021949176123899003,-0.1137627261128979,0.657812093971968,6.167163513116467,3.9566498496019,54.636039964889726,54.635989344193725,54.63393553461005,54.63784380091577
647.0,22.752,-2.7793939257658797,1.5380623715263795,0.7339599006482972,-0.17827422792758546,0.20408715514592926,-0.14875749167072766,0.0035470002223644383,-8.654595532060159e-05,2.3640584027974065,-0.11331629297053747,0.2695495211897231,-0.022055192124212253,-0.11429676261054524,0.6542762711207615,6.174270285080512,3.9637162498247718,54.69024064310417,54.69050285126942,54.688436449263,54.69209611965777
648.0,22.784,-2.7850737086987594,1.544617339923555,0.7289551695907398,-0.17749321665248824,0.20484276241173446,-0.15639784554866823,0.003552905225382846,-0.00022237249930259157,2.360414912212505,-0.1138434201795449,0.2695478084407902,-0.022160962496834538,-0.11484317374784485,0.650842991283692,6.181364650763451,3.970770379355287,54.74750811765787,54.748096676921065,54.74601176490147,54.74942221991148
649.0,22.816,-2.790727370520394,1.5511955490317035,0.7237265452790242,-0.17667693192607842,0.2055690346296419,-0.16339450974111103,0.0035582263997697584,-0.00036934220121420766,2.3567541631030777,-0.11438147963264275,0.2695096992944364,-0.02226648212046789,-0.11540377553828626,0.6475271843233738,6.188446068887371,3.977810997876136,54.80760439753534,54.80852950225119,54.806419867780605,54.809583946687326
650.0,22.848,-2.79635370806875,1.5577959687573477,0.7182956651342479,-0.17582304838613377,0.20626311642638043,-0.16971500452426014,0.0035631324150562876,-0.0005251463778989279,2.3530757559425033,-0.11493227705266995,0.26943187613449576,-0.022371779044601664,-0.11598036450278153,0.6443433225087285,6.195513860645487,3.9848367680908217,54.8702788629874,54.87154796980449,54.86940724205639,54.87233048503973
651.0,22.88,-2.8019514590815855,1.5644174930030068,0.7126851185963281,-0.17492971915110384,0.2069226326768465,-0.17532957930999402,0.0035677917958119015,-0.000687463456750868,2.3493792334693877,-0.11549761827600419,0.26931160752908195,-0.022476914158256783,-0.11657469730904343,0.6413053636638024,6.2025672161108645,3.9918462738024103,54.935269387157305,54.93688762408485,54.93470939289668,54.93739947210129
652.0,22.912,-2.80751931752404,1.571058955477091,0.7069183554651448,-0.17399557632670465,0.2075457023151329,-0.1802113478494778,0.0035723718409355837,-0.0008539763998060841,2.3456640813036604,-0.11607928778349759,0.26914678062968134,-0.022581980520015504,-0.1171884712858489,0.6384847200241461,6.2096052016614935,3.998838038201706,55.011959262125906,55.013929702055655,55.01170762252051,55.014173916600164
653.0,22.944,-2.813055937866738,1.577719152420421,0.7010230711350258,-0.17301938570930803,0.20813115447906158,-0.18422763531621822,0.003577037766389876,-0.0010223878062974527,2.341929725865934,-0.11667913336655443,0.2689365647990115,-0.022687549672311694,-0.11782533921130599,0.6360025536212486,6.216626770881037,4.005810533185007,55.108416536535515,55.1108375073501,55.10856910752062,55.11073296008506
654.0,22.976,-2.818559938826459,1.5843968630232046,0.6950341564977616,-0.17200002999127867,0.2086784563369857,-0.18715358241450775,0.0035820112850506137,-0.0011896853870918475,2.338175502211717,-0.11730009014096326,0.26868125958326944,-0.022794607967683303,-0.11849064387555827,0.6338182471866988,6.223630754472482,4.012762187756046,55.197542738213166,55.20051957266595,55.19819799422961,55.19998337471521
655.0,23.008,-2.824029953365096,1.5910908534753545,0.6889839317018022,-0.17093795433241452,0.20918720162968454,-0.18906952487373116,0.003587573705711729,-0.0013521196323219703,2.3344006213079744,-0.11794611885585113,0.2683803006484133,-0.022902925923266745,-0.11918385564880331,0.6318960575242949,6.230615857183855,4.019691437471536,55.280052082671254,55.28335674136252,55.28095778247695,55.2826040709575
656.0,23.04,-2.829464653098719,1.5977999073179896,0.6829023270036939,-0.16983436667571114,0.20965793258234647,-0.19005014681588284,0.003593859149203078,-0.001507804635781568,2.3306042382990295,-0.11861875641646256,0.26803440841915643,-0.023012371643497703,-0.11990441089562573,0.6302045306213795,6.2375806982011115,4.026596755433994,55.35630052569655,55.35991889699269,55.35744009690243,55.358964343522935
657.0,23.072,-2.834862760676216,1.6045228417683428,0.6768170429831768,-0.1686908617967857,0.2100917015735377,-0.1901651256411596,0.003600992818657322,-0.0016549748634859397,2.326785495228627,-0.11931840011035291,0.2676450062043096,-0.023122871999197686,-0.12065175295214745,0.628715986946814,6.244523837243278,4.0334766683617165,55.42670682194567,55.430622157174994,55.42806292002753,55.429480996165395
658.0,23.104,-2.840223061223313,1.6112585232935537,0.6707536928097082,-0.1675093920967817,0.21049004766283944,-0.18947969292089345,0.0036090905840874383,-0.0017919921368452516,2.3229435377172316,-0.12004492570597272,0.2672141762022009,-0.023234409746182877,-0.12142532527003311,0.6274060685131964,6.251443800155947,4.04032977166745,55.49164234413376,55.49583621465033,55.49319676001061,55.49452448775029
659.0,23.136,-2.8455444127921434,1.6180058823455945,0.6647359289354653,-0.1662922365259499,0.21085497037627557,-0.18805512107009076,0.003618258535505108,-0.0019173531851462528,2.319077522612018,-0.12079796947773531,0.26674461115129183,-0.02334701819573133,-0.12222455354522978,0.6262533402916128,6.25833910368609,4.047154743461077,55.55143784074524,55.55589049181914,55.553171401832046,55.55442508702812
660.0,23.168,-2.850825755757616,1.624763927165775,0.6587855563155033,-0.16504196767101728,0.21118890063064036,-0.18594914437381257,0.0036285924773632908,-0.0020296978252134406,2.315186621784683,-0.12157704847825997,0.2662395624240359,-0.023460774885761926,-0.12304882409756769,0.6252389394566193,6.265208279162762,4.053950357390925,55.60638918118985,55.61107968265822,55.60828173793494,55.609478338943795
661.0,23.2,-2.856066121102573,1.63153175656252,0.6529226340081771,-0.16376141702990885,0.21149466864828195,-0.18321632210394398,0.0036401774020990837,-0.002127817136697563,2.3112700245355486,-0.12238160403093774,0.2657027849052179,-0.02357579492679561,-0.12389746199436533,0.624346266721825,6.27204989484084,4.060715494237048,55.65676232919018,55.66166863916431,55.65879278777893,55.6599499096585
662.0,23.232,-2.8612646375384565,1.6383085715660943,0.6471655667861743,-0.16245363862135695,0.21177546886169665,-0.1799083506875859,0.0036530869610734425,-0.0022106612878713405,2.3073269397404985,-0.12321100972400481,0.2651384789493697,-0.023692224335936624,-0.12476971059884798,0.623560714715206,6.278862576696416,4.067449152173546,55.70279765871315,55.70789665316455,55.70494403746929,55.70607984651727
663.0,23.264,-2.8664205374151006,1.6450936858666239,0.6415311881886038,-0.1611218711451283,0.21203482189154751,-0.17607433117407933,0.0036673829404197784,-0.0022773468316388914,2.3033565982371207,-0.1240645638931592,0.26455122969606143,-0.02381023349750154,-0.12566471335945373,0.6229873020625016,6.285645027491692,4.074150455623581,55.764328964875936,55.769596457405505,55.76656846242384,55.76770156775944
664.0,23.296,-2.871533130921813,1.6518865403900291,0.6360420038255994,-0.15976854708475693,0.21227670385641476,-0.17153701134388688,0.003683115245278201,-0.0023271574582352434,2.2993582457855943,-0.12494178479250137,0.26394693517359336,-0.02393096254410869,-0.12658603246698039,0.6226738143311792,6.292395965006058,4.080818634564194,55.83169077724016,55.83730133229013,55.83420790526859,55.83517434091653
665.0,23.328,-2.876601823724087,1.658686707607883,0.6307227125600212,-0.15839665007107137,0.21250522555793497,-0.1662278520493178,0.0037004536290914216,-0.0023580016344010054,2.295331082148553,-0.12584427240519264,0.2633312486379543,-0.02405508732183398,-0.1275348590527853,0.6226215919759721,6.299114148259208,4.087453043360319,55.89719970234996,55.903078482490166,55.89990915892347,55.90079272537363
666.0,23.36,-2.881626141097797,1.6654939086334613,0.625597349905663,-0.1570099179284272,0.21272503204931828,-0.16016758294869538,0.003719518465935943,-0.002368426862787926,2.291274264659309,-0.12677328526942003,0.26271011282526613,-0.024182927876259808,-0.12851030008068573,0.622830967148002,6.305798427824717,4.094053189156346,55.96058048402347,55.96664357102132,55.96339157122324,55.96427654347046
667.0,23.392,-2.8866057363515023,1.672308027642775,0.6206891829022091,-0.15561235167829687,0.21294121904105714,-0.1533802188579332,0.0037403759812231294,-0.0023576612125101627,2.2871869460134255,-0.12772889523009545,0.26208991935529236,-0.02431480115732143,-0.12951113339430442,0.6233012504345292,6.312447769244325,4.1006187444748745,56.02153254558956,56.02774826604985,56.02441407523401,56.025327307430565
668.0,23.424,-2.8915403948465563,1.6791291208601433,0.6160206075174279,-0.15420807797043842,0.21315916304275714,-0.1458929807744111,0.0037630756093182203,-0.002325170117320013,2.283068298935269,-0.12871045383642937,0.2614772654510663,-0.024451005656313946,-0.13053582845864822,0.6240307222235172,6.319061271760095,4.10714955424258,56.07979655931508,56.08612660721629,56.082711994957585,56.083683445545255
669.0,23.456,-2.896430036351729,1.6859574236486343,0.6116130490971303,-0.15280129703663922,0.21338446214034365,-0.13773620063430014,0.003787646196342472,-0.0022706970409478023,2.2789175318931965,-0.1297168161867694,0.26087884679624407,-0.024591815252856003,-0.13158255403615085,0.6250166285702624,6.325638185721874,4.1136456407702084,56.1351238895476,56.14152285340586,56.13803037694103,56.139094364480286
670.0,23.488,-2.901274715492096,1.6927933552894978,0.6074868663546998,-0.15139622313647946,0.2136228637769839,-0.12894321070095252,0.0038140914186270084,-0.002194311267836252,2.274733901382087,-0.13074644695752327,0.2603013329223596,-0.024737470743813175,-0.13264918581546245,0.6262551812996406,6.332177928105015,4.120107206333409,56.18727775763689,56.19369247245275,56.190125172292525,56.19132141290841
671.0,23.52,-2.906074620021091,1.6996375209651586,0.6036612593615539,-0.14999701653109473,0.21388017736440038,-0.11955021853581038,0.0038423843893279166,-0.002096462648715039,2.270516722483146,-0.13179747292949967,0.25975122493123476,-0.024888169526604054,-0.13373331759187365,0.6277415619580831,6.33868009551244,4.126534632949866,56.23603411639576,56.24240316477447,56.23876435796856,56.240138688239355
672.0,23.552,-2.9108300666182267,1.706490710391667,0.6001541819604097,-0.1486077061604861,0.2141621695783897,-0.1095961687857561,0.003872461583949441,-0.001978041400425108,2.266265378419294,-0.1328677132099376,0.25923469691610945,-0.025044053800325566,-0.13483227824048605,0.6294699291224862,6.3451444739821055,4.13292847890068,56.281182225242496,56.28743588601956,56.28372902440049,56.28533362374562
673.0,23.584,-2.915541493903557,1.7133538924939005,0.5969822589753941,-0.1472321026665667,0.21447444069479218,-0.09912259328173625,0.0039042164042702807,-0.001840439060801154,2.2619793293398724,-0.1339547025580033,0.25875742481190656,-0.0252051977590846,-0.13594315599017487,0.6314334285077456,6.351571044890438,4.1392894715145365,56.32252489070068,56.32858587144939,56.324814467772285,56.32670730075225
674.0,23.616,-2.920209452374981,1.7202282054984466,0.5941607085395707,-0.14587370223199933,0.21482228139206563,-0.08817345111948238,0.003937492949059097,-0.0016856041553941123,2.2576581203299653,-0.13505571562696372,0.2583244093839894,-0.025371594493882127,-0.13706283099528807,0.6336242053309874,6.35795998625009,4.14561849573779,56.35987836187213,56.36566367079022,56.36183131463003,56.364074467185226
675.0,23.648,-2.924834591029991,1.7271149418585576,0.5917032698065674,-0.14453558296906296,0.21521051125347032,-0.07679496040635315,0.0039720808486149025,-0.0015160833150874367,2.2533013885231132,-0.13616779620004707,0.25793980329493915,-0.02554314362557554,-0.13818801672404107,0.6360334185357399,6.364311668766684,4.15191657807232,56.39307192876217,56.39849619462295,56.39460668586791,56.39726330210311
676.0,23.68,-2.929417640543991,1.7340155275495295,0.5896221362667536,-0.14322029731250727,0.21564330284287012,-0.06503542311918001,0.004007712296308478,-0.0013350360898734214,2.248908869142608,-0.13728779353604578,0.2576067549834009,-0.025719640973422442,-0.1393153101313361,0.6386512567934798,6.370626646165172,4.158184865597745,56.421947362329384,56.42692775114704,56.422985370864545,56.42611504842805
677.0,23.712,-2.9339593930541192,1.7409314955059123,0.5879278948602834,-0.1419297659415035,0.21612399863696322,-0.05294504395219469,0.004044062583615049,-0.001146210492847208,2.244480400277069,-0.13841240674617178,0.25732728348591205,-0.025900771715422016,-0.14044124995172727,0.6414669566947852,6.3769056395397925,4.164424600023497,56.44635844475992,56.4508210187812,56.4468309331004,56.45048373190136
678.0,23.744,-2.938460678843124,1.747864453327759,0.5866294710804022,-0.14066518090639898,0.21665493193270804,-0.04057574312128772,0.0040807553962350805,-0.0009538675719471952,2.24001592619541,-0.13953823723315725,0.2571021973483487,-0.026086108401396038,-0.14156238174115623,0.6444688241739556,6.383149515828916,4.170637087046659,56.46617093200805,56.47005786760949,56.46602662119212,56.470236263622674
679.0,23.776,-2.9429223405194977,1.754816045853285,0.5857340802989915,-0.13942692738667928,0.21723726642269134,-0.027980961919082923,0.004117373742523553,-0.0007626480918538689,2.2355154990152024,-0.1406618484296991,0.25693106683943234,-0.026275114764422278,-0.14267532758088855,0.647644260860826,6.389359260953034,4.176823661710119,56.48126331436045,56.484539932469275,56.480475942082975,56.4852532405789
680.0,23.808,-2.9473452056147655,1.761787913739131,0.585247185623382,-0.13821453422711838,0.21787087143268472,-0.015215458612799479,0.004153476610163872,-0.0005773829999635996,2.2309792785525757,-0.14177983131932967,0.25681225213336856,-0.026467155557334976,-0.14377685770291826,0.6509797975344345,6.395535948638504,4.1829856509207595,56.491528640466015,56.49418887533024,56.49010279710126,56.4954306677714
681.0,23.84,-2.9517300588134776,1.7687816497301156,0.5851724626985029,-0.13702666245975204,0.21855424971826945,-0.0023350914024715375,0.004188620362104558,-0.00040286063649247396,2.226407530201901,-0.14288887352169805,0.25674298243888893,-0.026661511760949358,-0.14486396078612065,0.6544611369559347,6.401680706409967,4.189124334727861,56.49687742644307,56.498946362241846,56.49485119866542,56.500682611924326
682.0,23.872,-2.9560776152310626,1.7757987547340999,0.5855117719782772,-0.13586113804953104,0.21928453137450685,0.010603414992947638,0.004222382732327235,-0.00024357489546185588,2.2218006207272665,-0.1439858291295679,0.25671947446601084,-0.02685739971184435,-0.1459339093912467,0.6580732079341927,6.407794680579557,4.195240908286551,56.49724133449263,56.49877389607681,56.49468474562954,56.500944505092065
683.0,23.904,-2.9603884961995037,1.7828405960376132,0.586265139072736,-0.13471503026378495,0.22005754073479275,0.023542721701838555,0.0042543864292505455,-0.00010348601073435379,2.2171590119066487,-0.14506778606918183,0.2567370752361931,-0.027053992229111187,-0.14698431702554263,0.6618002315253602,6.413879002204319,4.2013364465520375,56.49257699806659,56.49365273338709,56.48958616463053,56.49617655313546
684.0,23.936,-2.9646632088774556,1.789908369929093,0.5874307438007119,-0.133584771185996,0.22086793410874114,0.03642514774924648,0.004284319144919431,1.4173925752673802e-05,2.2124832520631887,-0.14613212759352365,0.25679041492981836,-0.027250439819259828,-0.14801318371613048,0.6656257989711337,6.419934755870399,4.207411873612448,56.48286923894037,56.483584109676784,56.479557239525064,56.48636659327907
685.0,23.968,-2.9689021306796275,1.7970030706267097,0.5890049185216967,-0.13246630631787149,0.2217093968005233,0.04919296003077357,0.004311947355225608,0.00010702625693783002,2.207773965644673,-0.14717658467544725,0.2568735593872551,-0.027445890458938194,-0.1490189277364662,0.6695329596618189,6.425962952797742,4.213467938174352,56.468133048244965,56.4685898796002,56.46461931512211,56.471531856010955
686.0,24.0,-2.973105499075197,1.804125466799486,0.5909821561838426,-0.1313552623615487,0.22257488039925646,0.0617886769420615,0.004337122535601281,0.00017359111404732303,2.2030318411557337,-0.14819927657564777,0.2569801569652834,-0.0276395070923926,-0.15000040220733213,0.6735043164107278,6.431964509209817,4.219505196133042,56.448414046091074,56.44871349097981,56.44481432422455,56.45171938186256
687.0,24.032,-2.977273406822208,1.8112760862451345,0.5933551283283091,-0.1302471170940982,0.22345685767651677,0.0741553795145753,0.004359779909946826,0.00021325745158211747,2.198257617878452,-0.14919873769380373,0.25710357856493976,-0.02783048258764928,-0.1509568965324073,0.6775221248723984,6.437940230292451,4.2255240005029755,56.42378754167344,56.42402104514506,56.42020606197942,56.42700519386222
688.0,24.064,-2.9814058022732106,1.8184552085868273,0.5961147130671053,-0.1291373578438253,0.22434757317790052,0.08623702308738204,0.0043799311282179424,0.00022619467665760395,2.193452071906016,-0.150173929872907,0.25723705163298505,-0.028018052300298704,-0.15188812381425743,0.6815683940655671,6.443890799496558,4.231524498376649,56.39435661742612,56.39460213205479,56.39088132589331,56.39749258703005
689.0,24.096,-2.9855024940723167,1.8256628652907558,0.5992500328383218,-0.12802161872206552,0.22523927199776647,0.0979787428505157,0.004397652998191676,0.0002132289741812445,2.188616002041782,-0.15112424045614492,0.2573737889067478,-0.028201504556609705,-0.15279419633352231,0.6856249855355755,6.449816772515369,4.2375066341184064,56.36024976297622,56.360570188263885,56.35695058919118,56.36330998741301
690.0,24.128,-2.989563159392701,1.8328988459499405,0.6027485015667946,-0.12689579126200212,0.22612439559951938,0.10932714776477535,0.004413074498852096,0.0001757071679885179,2.1837502160813145,-0.15204946741396924,0.2575071115405493,-0.028380189351394053,-0.15367559173522094,0.6896737094816952,6.455718575031261,4.243470157729105,56.32161850326987,56.322062265244575,56.31854803253767,56.324608767847955
691.0,24.16,-2.99358735482651,1.840162709631338,0.6065958807334417,-0.12575610730654319,0.22699574004367265,0.12023059895772253,0.004426363920029729,0.00011536607962560307,2.1788555179122504,-0.15294979361748212,0.25763056503806936,-0.028553525461241347,-0.15453311273384793,0.6936964169601892,6.461596503272293,4.2494146372316814,56.27863528816147,56.27923824290052,56.275830937822874,56.28156125954928
692.0,24.192,-2.9975745291019953,1.847453800103053,0.6107763437827428,-0.1245991961089098,0.22784657724109184,0.13063947029065884,0.004437717354069779,3.4218540426967835e-05,2.1739326957586154,-0.15382575275771843,0.2577380257468216,-0.028721006079949943,-0.15536784298770315,0.697675087902001,6.467450726501058,4.255339473984486,56.231491732262555,56.232279622454,56.22897857642032,56.2343590471488
693.0,24.224,-3.0015240369231084,1.854771263886749,0.615272548265743,-0.12342211940978554,0.22867074324050393,0.14050639009375437,0.0044473491403927,-6.553921801672078e-05,2.1689825117842023,-0.1546781895020601,0.25782379569449243,-0.028882203029406348,-0.15618110142046165,0.7015919150918193,6.473281290721571,4.2612439199725065,56.180397170301624,56.18138806602894,56.17819077599625,56.18321152794254
694.0,24.256,-3.0054351533673764,1.862114070258981,0.6200657151122391,-0.122222388883375,0.22946269913224468,0.14978646395300332,0.0044554843751289245,-0.00018159882564089774,2.164005693169207,-0.15550821630592737,0.2578826840850162,-0.029036769588413835,-0.1569743967979207,0.7054293844515149,6.479088123082206,4.2671270963049395,56.12557743613513,56.12678383070934,56.12368633696228,56.12834466435605
695.0,24.288,-3.0093070884123247,1.8694810325099542,0.625135714437561,-0.12099797015463476,0.23021757034291637,0.1584374789163101,0.004462353292319885,-0.00031159248669462825,2.1590029246934535,-0.1563171689543373,0.25791007454529724,-0.029184441999736854,-0.1577493838915904,0.7091703520042828,6.484871036636674,4.272988012323084,56.06727376644089,56.06870419911684,56.06570142203827,56.06999984911134
696.0,24.32,-3.0131390012750128,1.8768708299325882,0.6304611573065694,-0.11974727695900067,0.23093116945731276,0.1664200896565117,0.004468187181323249,-0.00045313104114216586,2.1539748427997467,-0.15710656248673147,0.257901977984886,-0.029325039744415818,-0.15850782213394518,0.712798117826449,6.490629735279946,4.278825584874553,56.00574174916642,56.00740196004337,56.004487988107286,56.008432815819205
697.0,24.352,-3.016930014338772,1.8842820301472665,0.6360194928937546,-0.11846915824247062,0.23160000670869438,0.1736979870995378,0.00447321547871043,-0.000603831260163004,2.148922031070179,-0.15787804873195746,0.25785507156200477,-0.029458464699232925,-0.15925153731696548,0.7162964971751327,6.49636381879424,4.284638657429956,55.941250263172954,55.943143954792895,55.94031228543164,55.94391254815174
698.0,24.384,-3.020679226507423,1.8917131114672912,0.6417871104904517,-0.11716288027034662,0.23222129125077104,0.1802380498967837,0.004477663711962541,-0.0007613356696356696,2.1438450170229473,-0.1586333762937272,0.2577667246921518,-0.029584699312255755,-0.15998238661370096,0.7196498888505055,6.502072788022765,4.290426018807607,55.8740803788755,55.876209681566316,55.87345342102579,55.876720159614884
699.0,24.416,-3.0243857258743363,1.8991624850813111,0.6477394458173421,-0.11582810521604249,0.23279292543812427,0.1860104789653259,0.004481752037907597,-0.0009233274109424803,2.138744270123512,-0.15937435350433934,0.2576350132985587,-0.02970380394014839,-0.16070222700051556,0.7228433407347838,6.507756050241226,4.296186421335195,55.80452420651302,55.80688993961191,55.80420196915476,55.80714773004057
700.0,24.448,-3.028048601626592,1.9066285168784496,0.6538510911031933,-0.11446486725799611,0.23331349366057638,0.19098891518284905,0.004485694186873744,-0.0010875418986333726,2.1336202008984393,-0.1601028146095099,0.2574587236230907,-0.02981591349112113,-0.16141288701667145,0.7258626123576519,6.5134129248258015,4.301918598321506,55.73288368923518,55.7354854929645,55.73285860828645,55.73549709418579
701.0,24.48,-3.0316669551276214,1.914109548775969,0.6600959083904671,-0.11307354690716355,0.23378224679747991,0.19515054022730527,0.004489696681824512,-0.0012517764233058411,2.128473161040473,-0.16082058925686643,0.2572373469324051,-0.029921233510914566,-0.1621161417044975,0.7286942342726455,6.5190426493277585,4.307621280741688,55.65946934411772,55.66230573649906,55.65973276600432,55.662078583413496
702.0,24.512,-3.03523991013847,1.9216039194333816,0.6664471455264792,-0.1116548440890235,0.2341990830441452,0.1984761605003797,0.004493958246086687,-0.0014138984013775456,2.123303444397252,-0.161529475225108,0.25697106640172285,-0.0300200358380546,-0.16281369051627825,0.7313255639894238,6.524644386064031,4.313293213061356,55.584598957219995,55.58766735184966,55.585141258065434,55.587209724600456
703.0,24.544,-3.0387666221506726,1.929109984254861,0.6728775542965675,-0.11020975038132642,0.23456452567122815,0.20095027406525826,0.004498669343882241,-0.0015718526770069007,2.118111288742254,-0.1622312142403212,0.2566607373642792,-0.030112653940206527,-0.16350713794216593,0.7337448381889289,6.530217229323924,4.31893316814109,55.50859624018292,55.51189294574352,55.50940691291836,55.511213902165146
704.0,24.576,-3.0422462868141253,1.9366261345961728,0.679359510154329,-0.10873952073289773,0.23487969816599735,0.20256112055504882,0.004504011816965089,-0.0017236681060669747,2.112896878234039,-0.16292747066879307,0.2563078619924876,-0.03019947802762181,-0.16419797660537883,0.7359412209476045,6.535760213277156,4.324539961176051,55.43178945643601,55.43530966761233,55.43285717751081,55.43441899008084
705.0,24.608,-3.045678147452228,1.9441508161046233,0.6858651330042389,-0.10724564494070378,0.2351462971390756,0.20330071405968272,0.004510158590683501,-0.0018674635675262016,2.1076603464779025,-0.16361981284692972,0.25591455933731044,-0.03028095002192331,-0.16488757257500164,0.7379048477088715,6.541272320649472,4.330112462636532,55.354510025311626,55.358247806672836,55.35582270374833,55.35715596129941
706.0,24.64,-3.0490615016642684,1.9516825461313527,0.6923664084943998,-0.10572981912626557,0.2353665633352956,0.20316485906752746,0.00451727342605819,-0.0020014535285717617,2.1024017801121246,-0.16430969679903404,0.2554835314967424,-0.030357558439684684,-0.16557715266426543,0.739626864761307,6.546752492210294,4.335649610185024,55.27709111247262,55.28103937103475,55.27863591747561,55.27975748237441
707.0,24.672,-3.0523957070217005,1.959219930164785,0.6988353092821153,-0.1041939174197536,0.23554325104475893,0.20215314961611106,0.004525510692592069,-0.0021239533180137057,2.0971212228486573,-0.1649984520997132,0.2550180265124501,-0.030429833229683678,-0.16626779350744272,0.7410994640106943,6.552199637092813,4.34115041955383,55.199866215159545,55.20401665296315,55.201629573511866,55.202556501339174
708.0,24.704,-3.0556801858704445,1.9667616772417724,0.7052439157425583,-0.10263996402325161,0.23567959615585615,0.20026895188884186,0.00453501513068485,-0.002233384325988598,2.091818679905087,-0.16568726965489636,0.25452179840018574,-0.030498340580766947,-0.16696041224568148,0.742315912865346,6.557612643941069,4.3466139943741515,55.12316775089324,55.127510785413044,55.12513530129339,55.12588483713672
709.0,24.736,-3.0589144292554935,1.9743066142983312,0.7115645356010409,-0.10107010578278,0.23577928301746187,0.1975193705775825,0.00454592156329823,-0.00232827943981001,2.0864941227706253,-0.1663771912040932,0.25399906450218235,-0.030563677691852156,-0.1676557586906055,0.7432705790897126,6.562990392851075,4.352039534952644,55.04732565845494,55.0518502955896,55.049482146322745,55.05007177913414
710.0,24.768,-3.0620979999865785,1.981853699423889,0.7177698219822327,-0.099486585346406,0.2358464101736774,0.19391519941224286,0.004558354504180202,-0.002407289142281232,2.081147494253565,-0.16706910038086364,0.25345446010054085,-0.030626467468380367,-0.16835440888804895,0.7439589505198876,6.568331768043805,4.357426345993817,54.97266602018661,54.977359661813566,54.974995113129964,54.97544270553175
711.0,24.8,-3.0652305348641753,1.9894020339805378,0.7238328893850381,-0.0978917149248997,0.23588545489527912,0.1894708563376679,0.004572427594743758,-0.002469188837610007,2.0757787137607915,-0.16776371521356506,0.2528929899482728,-0.030687353078060767,-0.16905676006059894,0.7443776495766056,6.573635671176884,4.362773843266031,54.89950971489123,54.90435788063808,54.90199371612565,54.90231772976693
712.0,24.832,-3.0683117460833778,1.9969508735405817,0.7297274271097085,-0.09628785060007686,0.2359012362513691,0.18420430389595022,0.00458824278384911,-0.0025128881279650895,2.0703876827612415,-0.1684615819998003,0.2523199760589952,-0.030746992264400558,-0.16976302697469725,0.7445244425578429,6.578901035168785,4.3680815592040805,54.82817111077704,54.83315705226442,54.83079054588831,54.831010384300534
713.0,24.864,-3.071341421828798,2.0044996375801625,0.735427809684162,-0.09467736704438226,0.23589887623690053,0.17813695545167135,0.004605889145066709,-0.0025374429334823366,2.064974290384565,-0.16916307054786114,0.2517410007549841,-0.030806051280326083,-0.17047323985684434,0.7443982437461525,6.584126838373904,4.373349147431805,54.75895680782213,54.76406099420706,54.76168986050489,54.76182635135591
714.0,24.896,-3.074319426066418,2.012047917842353,0.7409092038596029,-0.09306263242563054,0.23588375819345841,0.17129356798252837,0.0046254412059817005,-0.0025420715149834464,2.0595384191032275,-0.16986837084874512,0.25116184362787036,-0.030865198268075017,-0.1711872440701574,0.7439991144281012,6.589312118908681,4.3785763861729805,54.69216443837603,54.69736389628027,54.69498621509185,54.69506225007327
715.0,24.928,-3.0772456975280553,2.019595485248208,0.7461476717717377,-0.09144598317616096,0.2358614814329666,0.16370212225421177,0.004646956647191844,-0.0025261755933733824,2.0540799504407947,-0.170577491321477,0.25058841075803484,-0.030925095880933465,-0.17190470185825316,0.7433282569978767,6.594455988887591,4.383763180497003,54.62808153334153,54.63334903480009,54.63096314814986,54.631004488838414
716.0,24.96,-3.0801202478708114,2.0271422951875335,0.7511202698937542,-0.08982969821112732,0.23583781060391973,0.1553936913130173,0.004670473220186848,-0.002489367813563057,2.048598770641203,-0.17129025886254903,0.2500266543359116,-0.03098639292615249,-0.1726250965679442,0.7423880044075377,6.5995576482831835,4.388909563317167,54.56698445832124,54.57228757084068,54.56989195150636,54.569928189808486
717.0,24.992,-3.082943158977994,2.0346884909619902,0.7558051434415759,-0.088215972099459,0.23581861795177161,0.1464022983694266,0.004696004742388767,-0.002431506696957495,2.043094776223296,-0.17200632102750557,0.2494824808414097,-0.03104971481859821,-0.1733477398613131,0.7411818053345712,6.604616398076746,4.394015695023697,54.50913741902444,54.51443746658862,54.51203056155114,54.51209618932221
718.0,25.024,-3.0857145793504013,2.042234405082299,0.7601816159316754,-0.08660688663772445,0.23580981625964648,0.1367647653156104,0.004723536067346384,-0.0023527398534964805,2.0375678793326397,-0.17272515077115141,0.24896164631041154,-0.031115652690661355,-0.1740717825193456,0.739714205562331,6.609631652316789,4.399081861591967,54.45479152747498,54.46004256473877,54.457622622721985,54.45775811245096
719.0,25.056,-3.088434719519409,2.049780558042036,0.7642302736378587,-0.08500438028148642,0.23581727999177882,0.12652055331822595,0.004753017015791996,-0.0022535554366931074,2.0320180127892966,-0.173446054268242,0.24846963813512052,-0.031184751126409477,-0.17479622949549534,0.7379908262031895,6.614602948654103,4.404108470961239,54.40418391022659,54.409331886485916,54.40689678759382,54.40714951224351
720.0,25.088,-3.0911038463989158,2.0573276541096894,0.7679330447464171,-0.0834102149845916,0.23584675211417416,0.11571159714245095,0.00478435540904895,-0.0021348404593386004,2.026445134717625,-0.17416818241190518,0.24801154448211188,-0.03125749469970615,-0.1755199598831961,0.7360183395201131,6.619529956879604,4.409096047435676,54.35753682833685,54.362519209696714,54.360066326518506,54.36049105504381
721.0,25.12,-3.0937222764863432,2.0648765736105723,0.771273273068377,-0.08182594023210803,0.23590373440258972,0.1043821350612469,0.004817409587649395,-0.001997942507089371,2.0208492326343777,-0.17489054662636652,0.24759191487463555,-0.03133429380883966,-0.17624175238323603,0.7338044431874458,6.624412484962413,4.414045223825549,54.315056770117934,54.3198029828871,54.31732911482669,54.317987725085004
722.0,25.152,-3.096290367829581,2.0724283611296817,0.774235786230807,-0.08025285447617318,0.23599335997216675,0.09257853632593785,0.00485198112990839,-0.0018447285694080228,2.0152303268668827,-0.17561203960930072,0.24721461868180367,-0.031415470702175846,-0.17696031666945478,0.7313578338267542,6.629250482082178,4.4189567310343145,54.27693347860558,54.28136660226267,54.27886803459628,54.279828019179796
723.0,25.184,-3.098808510704322,2.0799842090814913,0.7768069583309077,-0.07869196483566147,0.2361202484940509,0.0803491281281473,0.004887808883752548,-0.0016776313797572167,2.0095884731759246,-0.17633146151159304,0.24688271175787113,-0.031501247025977036,-0.17767433073856845,0.728688180496574,6.634044038186476,4.423831384822565,54.24333889552177,54.24737901734655,54.24485175734653,54.24618311242964
724.0,25.216,-3.10127711700209,2.0875454361937384,0.7789747670878167,-0.07714394680524699,0.23628834725772352,0.06774402365340362,0.004924565818538938,-0.001499670453720039,2.0039237644687624,-0.17704755184842913,0.24659832440095814,-0.03159173458433566,-0.17838248389491207,0.7258060984459762,6.6387933796978675,4.428670069560447,54.214426050029594,54.21799553047337,54.215435756701105,54.21720600444326
725.0,25.248,-3.1036966084188844,2.095113460669798,0.7807288455550156,-0.07560910677482928,0.23650076487685667,0.05481495209996851,0.004961860458465826,-0.0013144330770230978,1.9982363315041676,-0.17775902710686564,0.24636258488178858,-0.03168693111820517,-0.17908352449495965,0.7227231228330783,6.643498861160848,4.433473718932322,54.190327992159034,54.193358527844545,54.19076324833103,54.19303070219791
726.0,25.28,-3.106067403657905,2.102689768147527,0.7820605284465058,-0.0740873512193873,0.23675960867904056,0.041615090359065736,0.004999244590398469,-0.0011260013753002845,1.9925263425080522,-0.1784646235831906,0.24617559070953504,-0.03178672261304728,-0.1797763110220173,0.7194516813049068,6.6481609528628525,4.438243293789193,54.171156946535326,54.1735977631409,54.17096561326078,54.17377154641053
727.0,25.312,-3.1083899050083095,2.1102758750557213,0.7829628930706615,-0.07257816720014625,0.23706584088106752,0.0281988945048661,0.0050362283616012735,-0.0009388167912685477,1.9867940016277346,-0.1791631444860741,0.24603643387013402,-0.03189089283511769,-0.18045986453900262,0.7160050634839571,6.652780224776218,4.442979757647018,54.157003897959555,54.15882977498906,54.15616180928731,54.15952281246952
728.0,25.344,-3.1106644848147145,2.117873288537632,0.7834307947539373,-0.07108061895015609,0.2374191713097049,0.014621927602369288,0.005072302714159083,-0.0007574833893683966,1.9810395461499077,-0.17985350982776763,0.2459432772177473,-0.031999139561492404,-0.18113342015174605,0.7123973847622443,6.657357327516287,4.447684050669441,54.147938763243765,54.149156128970965,54.1464564017004,54.15035867726912
729.0,25.376,-3.1128914724773917,2.1254834646742475,0.7834608964846024,-0.06959336445866432,0.23781800426923827,0.0009406790832840175,0.005106967480827869,-0.0005865251023886456,1.9752632423949688,-0.18053480715875805,0.24589346949096477,-0.032111095620500955,-0.1817964748281644,0.7086435416564986,6.6618929713369335,4.452357063292407,54.14401112829294,54.144660463365376,54.14193618686769,54.146333522472865
730.0,25.408,-3.1150711426843523,2.133107767173972,0.7830516923442209,-0.0681146939675164,0.23825945311639596,-0.012787629386921255,0.005139761809916697,-0.00043012571153323165,1.9694653801932052,-0.18120634082476908,0.24588367960611573,-0.03222635186985861,-0.18244882879855184,0.704759156531872,6.666387904414942,4.456999610869153,54.14525128151984,54.145404722188196,54.142665865689004,54.14748237691578
731.0,25.44,-3.1172037055439707,2.140747428873848,0.7822035241639745,-0.06664258936307782,0.23873942812112336,-0.026505255632698597,0.005170292500887564,-0.00029188892659420194,1.963646265871064,-0.18186767718211616,0.24591002987489813,-0.03234447902049481,-0.18309061784542927,0.7007605107402038,6.670842891740245,4.461612410764591,54.151671078128665,54.15142531623298,54.14868365118432,54.15382117573325
732.0,25.472,-3.1192892991508088,2.148403518238938,0.7809185907858817,-0.0651748002136881,0.23925279265905852,-0.04015416806540242,0.005198255850430492,-0.000174655093078029,1.9578062137497751,-0.18251868313777828,0.24596821310980926,-0.032465045879441906,-0.18372233416054987,0.6966644668558092,6.675258695793318,4.466196063168307,54.16326416430144,54.16273007317008,54.159997834859,54.165346530081436
733.0,25.504,-3.1213279848963196,2.1560769125539365,0.7792009493503944,-0.06370892954721258,0.23979357234370202,-0.053676294858976493,0.005223449878202757,-8.039982311892781e-05,1.9519455362873346,-0.18315955554365784,0.2460535877548934,-0.03258763285218497,-0.18434483416375036,0.6924883822570685,6.679636059869919,4.470751036539588,54.18000532561396,54.179296629538285,54.17658507831952,54.18203488887556
734.0,25.536,-3.1233197455740362,2.1637682787725927,0.7770565081685847,-0.06224252117864587,0.24035519433300545,-0.0670137869315523,0.0052457759370448664,-1.0221694272981237e-05,1.9460645331542434,-0.1837908394263103,0.2461612540984368,-0.03271184088235913,-0.18495933272968282,0.6882500173401315,6.683975694476589,4.475277658117071,54.201849098500304,54.20107246614889,54.19839064558833,54.20384125115325
735.0,25.568,-3.1252644860808023,2.1714780621890752,0.774493010938462,-0.060773140836439754,0.24093073176507918,-0.08010928844133507,0.005265230954686073,3.5592464395009156e-05,1.9401634796792033,-0.18441343379283723,0.24628611986681692,-0.03283729692637429,-0.18556738448842183,0.683967441915575,6.688278266769571,4.479776109425174,54.22872809848457,54.22797631239905,54.225330216310425,54.230697805178266
736.0,25.6,-3.12716203632879,2.1792064823907533,0.7715200122849226,-0.059298445249614196,0.24151313130243968,-0.09290620792310597,0.0052818931524249565,5.7449096276492e-05,1.934242615189425,-0.18502858474618783,0.246422963996907,-0.03296365735703886,-0.18617085400196748,0.6796589428725545,6.6925443926419454,4.484246426291666,54.2605516146852,54.259900353993615,54.2572925770355,54.262512914750204
737.0,25.632,-3.1290121558822386,2.1869535354638012,0.7681488447974502,-0.057816236045268816,0.2420954085327468,-0.10534898398351426,0.005295904652795331,5.6304832540849115e-05,1.9283021317782036,-0.1856378667066985,0.24656650440836203,-0.033090610465964926,-0.18677187740810405,0.6753429352630407,6.696774630840597,4.488688502621638,54.297204879134,54.29671265087909,54.29414246977855,54.29917074083909
738.0,25.664,-3.1308145398166234,2.1947190011926607,0.7643925778804297,-0.05632449794952527,0.24267080402685914,-0.1173833411568895,0.005307454002553061,3.3523713096097454e-05,1.922342163965703,-0.18624315345854212,0.2467114714470341,-0.033217878761464696,-0.18737281843894504,0.671037877899273,6.700969478428205,4.4931020970682845,54.338549153847396,54.33825934077778,54.335723097107675,54.340531570098904
739.0,25.696,-3.1325688253456074,2.2025024539909803,0.7602659688093786,-0.05482142278075137,0.2432328999474873,-0.12895653347034716,0.005316760691782275,-9.248496882927065e-06,1.9163627796044902,-0.18684658135083648,0.24685268527015558,-0.033345221294170384,-0.18797622158102087,0.6667621936444559,6.70512936696781,4.4974868417731395,54.384422533700864,54.384366435979736,54.381858074708155,54.38643273335001
740.0,25.728,-3.134274598844197,2.2103032764527386,0.7557854064105418,-0.05330542183092086,0.24377570192994613,-0.14001757496364872,0.005324062691695299,-7.018495121909918e-05,1.910363972252264,-0.18745050720747924,0.24698513365711017,-0.033472435930120066,-0.188584764683421,0.6625341939534372,6.7092546589494635,4.501842252468106,54.43464122824592,54.43484120945658,54.4323528529617,54.4366899016548
741.0,25.76,-3.135931402989123,2.2181206746376874,0.7509688477679894,-0.05177512952894698,0.24429369327964834,-0.15051745757976145,0.005329607175711992,-0.00014735241500809268,1.904345655116867,-0.1880574633711663,0.24710404647670606,-0.03359936135629144,-0.18920121271772755,0.658372006906026,6.713345644150609,4.5061677393880375,54.48900106918129,54.489473268421584,54.48699574840058,54.49109854654653
742.0,25.792,-3.137538743821885,2.2259536944405536,0.7458357483298057,-0.0502294010238102,0.24478186883956898,-0.16040935744324178,0.005333644053605961,-0.0002387633705272452,1.8983076565875106,-0.1886701119330515,0.24720496376870219,-0.033725878600223816,-0.18982837378707326,0.6542935079116647,6.717402535787016,4.510462618597232,54.54727904960174,54.54803543975788,54.54555875012072,54.54943540738067
743.0,25.824,-3.1390960976072693,2.2338012385988693,0.7404069857480893,-0.048667305793254026,0.24523575494736471,-0.16964883067863826,0.005336421714919911,-0.0003424106792477367,1.8922497173043633,-0.18929119970541947,0.24728379550579582,-0.03385191191220602,-0.19046905797261637,0.6503162523627688,6.721425466447987,4.51472612346346,54.60923478465094,54.610284574228075,54.60779823728018,54.61145988077183
744.0,25.856,-3.1406029174087084,2.2416620840528774,0.7347047777560786,-0.0470881187949745,0.24565142043775334,-0.17819399975033454,0.005338184355273877,-0.0004562900037274987,1.886171488682801,-0.18992351499341595,0.24733687217167452,-0.03397742894246281,-0.19112603921679894,0.6464574096935368,6.725414483910791,4.518957416111364,54.674611855541166,54.67596234406481,54.67345569876509,54.67691530713497
745.0,25.888,-3.1420586393337584,2.2495348994815605,0.7287525943647629,-0.045491310157810785,0.24602548214634734,-0.18600573097861378,0.00533917035016328,-0.0005784143571851746,1.8800725327923526,-0.1905698467798095,0.24736098611425497,-0.034102440219059726,-0.1918020201808116,0.6430185205303124,6.729369546996197,4.523155598753794,54.79053627989673,54.79219331221981,54.789655739899246,54.792927401180165
746.0,25.92,-3.1434625989068343,2.2574182811815344,0.7225920764655545,-0.04387373665862278,0.24635567812418524,-0.19251618435026427,0.005339610796497716,-0.000706829478462855,1.8739523050864364,-0.19123352070049784,0.24735557345719325,-0.03423015601556666,-0.19251548643008948,0.6399922980666749,6.733290549025621,4.527319648060217,54.9053335822831,54.90764403910995,54.90507570981689,54.9078931159084
747.0,25.952,-3.144814131491494,2.265310745885153,0.7162646172183111,-0.042235393270612064,0.24663952198808436,-0.19773310147635348,0.005340050488322166,-0.0008371264787843287,1.8678099243631665,-0.1919254651949285,0.24731801493212757,-0.03436034437039136,-0.1932674124023337,0.637329222298674,6.737177218811404,4.531448505816543,55.011972699351375,55.014656245031304,55.011997486650856,55.01468172980056
748.0,25.984,-3.1461125955039955,2.2732107712250142,0.7098086973904232,-0.040577000390673544,0.24687579187065967,-0.2017474946214985,0.005340724669439083,-0.0009672780663391679,1.8616443202044708,-0.19265119428415972,0.2472467655451951,-0.03449241035226536,-0.19405598399400853,0.6349857156228331,6.741029134320084,4.53554111476159,55.11095706844146,55.11396377556033,55.1112016141827,55.113814065903235
749.0,26.016000000000002,-3.1473573758029816,2.2811168169187956,0.703260097108633,-0.038899384343316044,0.24706392793066834,-0.20464375880594238,0.0053418103623958015,-0.0010956939354329774,1.8554543695924894,-0.19341227808908387,0.2471410273162779,-0.03462586999478706,-0.19487947000419806,0.6329234297480931,6.744845739122014,4.53959642917166,55.20282193902583,55.20614059808951,55.20327463596188,55.20582474455865
750.0,26.048000000000002,-3.1485478860588128,2.289027341851698,0.6966520826154519,-0.03720344549472395,0.24720390415319793,-0.206500452911911,0.005343473181626576,-0.0012208610234091073,1.8492389561036016,-0.1942084973554101,0.2470006122106737,-0.03476033980756014,-0.19573625812384676,0.631108618178322,6.74862635814502,4.54361342315382,55.28805964439692,55.291675983036875,55.2887086040949,55.2912033085287
751.0,26.080000000000002,-3.149683570734813,2.296940820529408,0.6900155712283901,-0.035490146125013965,0.24729620867844337,-0.20739098084568053,0.005345867188705552,-0.0013413468662274663,1.842996994353114,-0.1950388687456077,0.24682591157950884,-0.03489553199856454,-0.19662484053262536,0.6295115839969233,6.752370214097194,4.547591098484198,55.36710410339746,55.371002120536694,55.3679367044605,55.370382574469325
752.0,26.112000000000002,-3.1507639066697424,2.3048557588336696,0.6833792773517107,-0.03376049796653677,0.2473418220081678,-0.2073841836462314,0.005349134388076062,-0.0014558060198043242,1.8367274394200106,-0.1959021137339976,0.24661786266836933,-0.035031246151126,-0.1975437817154478,0.6281061939172925,6.756076444206321,4.551528491951831,55.44033911040299,55.444501638958826,55.44134180411602,55.44374594748599
753.0,26.144000000000002,-3.151788404250378,2.3127707089841096,0.6767698420717801,-0.03201554939485926,0.2473421922012523,-0.20654485249782856,0.00535340407071397,-0.0015629877689925758,1.8304292898761576,-0.19679685826646823,0.24637791246541407,-0.035167359528364285,-0.19849168052622812,0.6268694506472174,6.759744116967546,4.555424682156685,55.50810543559426,55.512514364828775,55.50926370181152,55.511634061616036
754.0,26.176000000000002,-3.1527566081663925,2.3206842835985593,0.6702119485776425,-0.03025637237545617,0.24729920670155092,-0.20493417169179984,0.00535879212530539,-0.0016617440737241589,1.8241015885285814,-0.19772170417827611,0.24610797904851103,-0.03530381703403465,-0.19946713224676896,0.6257811165695514,6.763372248632782,4.55927879570808,55.57070696564005,55.57534331526558,55.57200534680262,55.574350709451075
755.0,26.208000000000002,-3.1536680977449474,2.328595168742961,0.663728425386523,-0.02848404932984103,0.2472151607625509,-0.20261009972248595,0.005365400376316686,-0.0017510371986031613,1.8177434227764606,-0.19867524125626693,0.24581041057179787,-0.035440621303827594,-0.200468693331669,0.6248233825812052,6.76695981921385,4.563090012772778,55.62841603493293,55.63325996918717,55.629838208073004,55.63216808212038
756.0,26.240000000000002,-3.154522486868468,2.336502135866429,0.6573403391177177,-0.02669966011001332,0.24709272260838,-0.19962769590016455,0.005373315975225434,-0.0018299467512411895,1.8113539254118753,-0.19965603341795032,0.24548794203722196,-0.03557782313386495,-0.20149485006161882,0.6239805766714606,6.770505787805969,4.566857571928042,55.68147805932634,55.68650888093501,55.68300692408127,55.685331369047276
757.0,26.272000000000002,-3.155319423485325,2.3444040525244136,0.6510670783458311,-0.02490426927678755,0.24693489556201742,-0.1960393991214565,0.005382610853319088,-0.001897676008855782,1.8049322761754945,-0.20066259516718601,0.24514365001327204,-0.03571551232578053,-0.20254399163116052,0.6232389074708853,6.774009107068932,4.570580774282138,55.73011556160524,55.735311703620134,55.73173333273635,55.73406277657734
758.0,26.304000000000002,-3.156058588729292,2.3522998918017755,0.6449264298736622,-0.02309891387396177,0.24674497741755652,-0.19189526475527752,0.005393341235493391,-0.001953557494314757,1.7984777041304911,-0.20169336606250543,0.2447809054867855,-0.035853808969717,-0.20361438787936306,0.6225862385743791,6.777468736730819,4.574258986832732,55.77453166307389,55.7798706870698,55.776219962219216,55.77856502549072
759.0,26.336000000000002,-3.156739695669507,2.3601887403570827,0.6389346485943551,-0.021284591881720587,0.2465265173533513,-0.18724316497834692,0.005405547210817974,-0.001997057800944684,1.7919894908006295,-0.20274668686075278,0.24440332506022822,-0.0359928551617913,-0.204704171732884,0.6220118899454536,6.780883656003628,4.577891645041513,55.814913104972966,55.82037171039135,55.81665305029923,55.819024384369364
760.0,26.368000000000002,-3.1573624877182214,2.368069805019209,0.6331065219599259,-0.019462251522328593,0.24628327069144118,-0.18212895732591297,0.0054192523554148974,-0.002027781675920632,1.7854669739639184,-0.2038207790433857,0.2440147207378448,-0.03613280714409402,-0.20581132637205965,0.6215064631519992,6.7842528748225535,4.5814782546112305,55.851432855145404,55.85698690356797,55.853205150275016,55.855613291167145
761.0,26.400000000000002,-3.157926736728744,2.3759424178772246,0.6274554299372954,-0.01763278157883295,0.2460191518129926,-0.17659662570720225,0.005434463405468655,-0.0020454753634035006,1.7789095519685376,-0.20491372850181533,0.2436190485792763,-0.03627382785631237,-0.20693367711228605,0.6211783728684382,6.787575443841024,4.585018392459128,55.90366994844537,55.90929450680255,55.90545497408543,55.907910210170115
762.0,26.432000000000002,-3.158432199992677,2.3838060335659472,0.6220005142588532,-0.01579572699790531,0.2457379902725818,-0.17046611495132022,0.005451170557296171,-0.002050024651236587,1.7723166761133817,-0.20602385929543376,0.24322082457564562,-0.03641741900639931,-0.20807603249895298,0.6211477085094746,6.790850361117712,4.58851166680814,55.973500814378966,55.979300539732904,55.975412281393375,55.9778212488535
763.0,26.464000000000002,-3.1588786136947746,2.3916602297991916,0.616767409744079,-0.013950428190551133,0.24544363228888566,-0.16353451608669398,0.005469480429299582,-0.002040506416756023,1.7656877401297848,-0.20715311076321521,0.24282464397428666,-0.03656518818697954,-0.20924367409265984,0.6214125009820406,6.794076541453061,4.591957712280607,56.040620211926004,56.04662114515195,56.042674743744136,56.04503606383597
764.0,26.496000000000002,-3.1592657338954204,2.3995047243737115,0.6117807928750703,-0.012097506270181125,0.24514045545374874,-0.15583177715652166,0.005489521202832086,-0.0020158840171486535,1.7590220301515134,-0.2083048687073617,0.24243490472458618,-0.03671731843501193,-0.21043395000786716,0.6219697792443618,6.797252919197606,4.595356235213526,56.10483532920375,56.11091670447014,56.106895388785844,56.10933033872146
765.0,26.528000000000002,-3.159593335134719,2.4073393873013513,0.6070642767817327,-0.010237538728086184,0.24483321648874323,-0.14739112791679873,0.005511287714657422,-0.0019761051918522044,1.7523188251435624,-0.20947919230532167,0.2420563050048389,-0.03687397176242954,-0.21164372685239233,0.6228155546541819,6.8003784652635995,4.598707018047354,56.16582973005335,56.17195854688601,56.16786518662163,56.17039450797726
766.0,26.560000000000002,-3.1598612081888002,2.415164242676547,0.6026403095884673,-0.008371032940032712,0.24452673047486972,-0.13824897478954465,0.005534747726207125,-0.001921338298525039,1.7455774577271077,-0.21067436900362904,0.24169350085968833,-0.037035256510685635,-0.21286948843324865,0.623944810982178,6.803452200444514,4.6020099190253845,56.22335298532177,56.22948853241874,56.22532892811678,56.227973858738295
767.0,26.592000000000002,-3.1600691576005047,2.422979468111579,0.598530076685165,-0.006498419115763537,0.24422579484474605,-0.12844477822819544,0.005559836681934272,-0.0018520067969820444,1.738797346319805,-0.21188767492846464,0.24135100749589944,-0.037201221936807145,-0.21410738850577796,0.6253514998397279,6.806473208103716,4.605264870753565,56.27716674830005,56.283261538094365,56.279042967341695,56.28182703185662
768.0,26.624000000000002,-3.16021699905301,2.4307853913363067,0.5947534074448216,-0.004620045390785195,0.24393510077273783,-0.1180209137607301,0.00558645183613157,-0.0017688272091631273,1.7319780152888584,-0.21311574855221888,0.24103309021083194,-0.037371848836134765,-0.21535329538867418,0.6270285411432103,6.809440645887681,4.608471877502037,56.32704601514935,56.33304632581857,56.32877678231334,56.331726658989936
769.0,26.656,-3.160304556674155,2.4385824835249026,0.5913286868688419,-0.00273617566079495,0.2436591308936494,-0.10702251799937916,0.005614446024715497,-0.0016728483964833112,1.7251191088793407,-0.21435478463506427,0.24074364736396944,-0.037547038091735006,-0.21660283748582987,0.6289678281669139,6.812353756116745,4.611631011128993,56.372779919321175,56.37862656793958,56.37431437327764,56.37745993606231
770.0,26.688,-3.1603316603811784,2.446371348902865,0.5882727725935711,-0.0008469908444747035,0.24340204306132185,-0.09549732110221065,0.0056436216921325125,-0.0015654878140247974,1.718220401529681,-0.2156006473096605,0.2404860900991198,-0.037726598608601745,-0.21785145407981024,0.631160236722464,6.8152118745194965,4.61474240551868,56.414172142399636,56.41980193668104,56.41545559722837,56.41882903002757
771.0,26.72,-3.160298143398778,2.4541527102267686,0.5856009176411285,0.0010474057000192652,0.24316754137199115,-0.08349546726383113,0.005673726139314906,-0.001448558115509851,1.7112818056903123,-0.21684894951907852,0.24026322616757761,-0.03791023612982721,-0.2190944532593741,0.6335956380857435,6.8180144370129705,4.617806249456687,56.451041003593446,56.4563892202691,56.452017492982606,56.45565129126814
772.0,26.752,-3.160203840104879,2.4619273898414593,0.5833266992504236,0.0029469779343344023,0.24295873795908396,-0.07106932470953002,0.005704449315574632,-0.001324275269820094,1.7043033775607472,-0.21809512118065347,0.24007715758449083,-0.038097544626646565,-0.22032707729482823,0.636262915514231,6.820760984296067,4.6208227779248965,56.4832193452898,56.488223435254966,56.483835596961256,56.48775933145278
773.0,26.784,-3.160048584373335,2.4696962862285248,0.5814619540891085,0.004851741610759071,0.24277801209579541,-0.058273286291095995,0.005735425721077635,-0.0011952379932757594,1.6972853208432093,-0.21933447633518952,0.23992920312766197,-0.03828800206532139,-0.2215445746408948,0.6391499845804411,6.8234511641225675,4.623792261891714,56.510554425583635,56.515158886823244,56.51076518919609,56.515001121179296
774.0,26.816,-3.159832208584645,2.4774603462802,0.5800167201342473,0.006761743396560543,0.24262687661484572,-0.045163561089411844,0.0057662419496612,-0.001064368903191216,1.6902279884780083,-0.2205622834334135,0.23981985587831908,-0.038480972166447046,-0.22274227680421474,0.6422438180653687,6.8260847312527515,4.626714996801838,56.532908125034396,56.5370701011242,56.532682348581204,56.53724034597461
775.0,26.848,-3.1595545434576815,2.4852205339572153,0.5789991855271719,0.008677035217605204,0.24250586490673331,-0.031797956471107225,0.005796450906220688,-0.0009348114713354399,1.6831318822790604,-0.22177383963234598,0.23974878246190764,-0.03867571314771309,-0.22391567751483887,0.6455304767111041,6.828661545240265,4.629591290126099,56.550157816001416,56.55385253824616,56.54948466339529,56.55435729268051
776.0,26.88,-3.159215418811857,2.4929777964767075,0.578415644758719,0.01059764518201999,0.24241445373412973,-0.018235649014153293,0.0058255926818191845,-0.0008097841127902324,1.6759976503791814,-0.22296454805575347,0.23971486460877384,-0.03887139339395482,-0.22506051102060515,0.6489951475501545,6.831181566374773,4.632421448496118,56.562198161787,56.56542301829948,56.56109147632973,56.56625047167666
777.0,26.912,-3.1588146652991917,2.500733029647335,0.578270462616427,0.01252354727078463,0.24235103658211388,-0.004536941946624291,0.005853220565162659,-0.0006924027431070249,1.6688260824046404,-0.22412999576846815,0.23971627659799383,-0.03906711275424115,-0.22617282591728224,0.6526221916026456,6.83364485024129,4.635205765088226,56.568943873678286,56.57171987133888,56.56744366576665,56.57283898870133
778.0,26.944,-3.158352117055389,2.5084870443136964,0.578566046404137,0.014454632618829387,0.24231295832378963,0.009236993365937382,0.005878929086301025,-0.0005854932645278041,1.6616181023280985,-0.22526602945362292,0.2397505864669886,-0.03926192712506843,-0.22724905079624572,0.6563952023082189,6.836051541439711,4.637944507997175,56.57033310180225,56.57270293555824,56.56850314946425,56.574065401078755
779.0,26.976,-3.157827615122299,2.5162405359804123,0.5793028269962344,0.016390685409067837,0.24229661458487184,0.02302439350304259,0.005902379909312816,-0.0004914218562231632,1.654374759011048,-0.22636882537787262,0.2398148667837787,-0.03945487353794057,-0.2282860481869357,0.6602970751383173,6.838401867004487,4.640637910318606,56.56633081187042,56.56835361756173,56.5642524531717,56.569898538716636
780.0,27.008,-3.1572410114104064,2.523994059488209,0.5804792492831199,0.01833136599664607,0.24229760961864943,0.03676319646517264,0.005923321361072982,-0.0004119702326179226,1.6470972145537985,-0.22743495017144516,0.23990580301002942,-0.039644993300669853,-0.22928115386227074,0.664310087618902,6.840696129964741,4.643286162525567,56.55693138278774,56.55867522225333,56.55469470378799,56.560335679085696
781.0,27.04,-3.1565921729180024,2.531748010118413,0.5820917724836286,0.02027620288762298,0.24231095719387508,0.05039135001589849,0.005941598591296042,-0.00034827428756472944,1.6397867307194758,-0.2284614092679114,0.24001979269282045,-0.03983135166689239,-0.23023219957892535,0.6684159878294019,6.842934703306789,4.645889407495093,56.54215984731748,56.543693631444725,56.53985423521959,56.5454036123364
782.0,27.072,-3.155880985914674,2.539502611804646,0.584134880647674,0.022224593854008858,0.2423313026947841,0.06384713012641882,0.005957153455534513,-0.00030083037936520687,1.6324446538622195,-0.22944568056142678,0.24015303427779167,-0.04001305360201952,-0.2311375186796047,0.6725960886739182,6.845118024385972,4.648447738261211,56.522071618741634,56.523458214320854,56.51977770538382,56.525158462277304
783.0,27.104,-3.1551073598298864,2.5472579123863555,0.5866011034732456,0.024175815149615733,0.24235314317841405,0.07706946329910987,0.005970015441619519,-0.0002695590425957402,1.6250723989257725,-0.23038573191683925,0.24030160790651806,-0.04018925604637424,-0.23199593546618197,0.6768313650332257,6.847246589636286,4.6509611983014265,56.496750992879655,56.49804269814058,56.49453537140275,56.499684480339184
784.0,27.136,-3.15427123065051,2.555013785206323,0.589481047352508,0.02612903685551835,0.24237102562398005,0.08999824622694932,0.005980286545475117,-0.0002539061160540385,1.6176714331471493,-0.23128002247172652,0.2404615513307721,-0.040359177441775,-0.23280674057306572,0.6811025512671741,6.849320949289771,4.653429783958619,56.46630897948279,56.46754570000191,56.464222090588905,56.46909224247514
785.0,27.168,-3.1533725637060077,2.5627699359405365,0.5927634363765533,0.028083342015691713,0.2423797104441764,0.10257465700141609,0.005988123532082138,-0.0002529585683357708,1.610243260083317,-0.23212748897903474,0.2406289327909291,-0.04052210524271291,-0.23356965545915942,0.6853902372408569,6.85134170176525,4.655853448488702,56.430881021902096,56.43209072387036,56.42895772760369,56.43351669155592
786.0,27.2,-3.1524113557895097,2.5705259133832974,0.5964351628890433,0.030037747390562725,0.24237429508627817,0.11474145351531355,0.005993720571773591,-0.00026555586183463274,1.6027894044873412,-0.2329275195083685,0.2407999207778966,-0.04067740188223462,-0.23428478947984907,0.689674961833843,6.853309487414042,4.658232107206558,56.39062497975958,56.39182559074602,56.388886863429065,56.393115332328534
787.0,27.232,-3.151387636616208,2.578281122954475,0.6004813470911344,0.03199122416568109,0.24235029909930295,0.1264432563153477,0.005997294236000014,-0.0002903846339907887,1.5953113984246436,-0.23367991748138744,0.24097084916532974,-0.04082450940151019,-0.23495259283530376,0.6939373035530223,6.855224981395556,4.660565643255539,56.34571951362947,56.346921407786205,56.34417789913888,56.34806670639781
788.0,27.264,-3.1503014696539275,2.586034841873851,0.604885405156412,0.03394271757126141,0.24230371623049063,0.13762681453992331,0.005999071742391786,-0.000326051689604813,1.5878107688741747,-0.23438485920767027,0.2411382756938013,-0.04096295278759578,-0.2355738081915434,0.698157968303861,6.857088885568322,4.662853913617542,56.29636283173398,56.297571246297174,56.29502175284069,56.29856913421299
789.0,27.296,-3.1491529523767148,2.593786235181051,0.6096291253013334,0.035891164912898975,0.24223104084999925,0.14824125452879408,0.005999282479416179,-0.00037113577105894795,1.5802890269296148,-0.23504284788524496,0.24129903207279577,-0.04109234200839035,-0.23614942311761042,0.7023178745764671,6.858901919395992,4.665096755082159,56.24277167405113,56.24398869072661,56.241630356011896,56.244839640265866
790.0,27.328,-3.1479422159960215,2.601534372009163,0.6146927512596507,0.03783551189666386,0.24212927587850797,0.15823831119741644,0.005998152332650393,-0.0004242216641704535,1.5727476586149391,-0.23565466656975737,0.24145026465927527,-0.041212372753066856,-0.23668062483889327,0.7063982363245456,6.860664809965986,4.667293989984779,56.18518040138365,56.186406372133916,56.1842351030207,56.187112965346984
791.0,27.36,-3.146669424721055,2.6092782417121674,0.6200550726173388,0.03977472734270623,0.24199592821888527,0.16757254242775313,0.005995900140560509,-0.0004839212420758455,1.5651881172589426,-0.23622133204917878,0.24158946542746507,-0.041322825934855825,-0.23716875825210287,0.71038064372803,6.862378281293181,4.6694454315958245,56.12384008866618,56.12507454311007,56.12308533855295,56.12564058892077
792.0,27.392,-3.1453347745943323,2.61701676958943,0.6256935214708748,0.041707816460082,0.24182899616445575,0.17620152667299754,0.005992735623176963,-0.000548885778081109,1.5576118173300104,-0.23674405099818902,0.24171449355925229,-0.04142356606206612,-0.23761528772518362,0.7142471418966536,6.864043043131671,4.671550889094631,56.059017562224604,56.06025970700656,56.05844691043793,56.06068971256395
793.0,27.424,-3.1439384919431155,2.6247488320475973,0.6315842748733015,0.04363383285052587,0.2416269518177303,0.18408604382583513,0.005988858246660158,-0.0006178129714963511,1.550020129608784,-0.23722417930113196,0.2418235883893904,-0.0415145386161377,-0.23802176289954857,0.717980307435582,6.865659779547226,4.67361017209514,55.99099435367843,55.992243288712956,55.9906007800831,55.99254217944225
794.0,27.456,-3.142480831483387,2.6324732711007925,0.6377023625290241,0.04555188936651573,0.2413887204123497,0.19119023924133224,0.005984456634276788,-0.0006894511144395746,1.5424143775661379,-0.2376631850472051,0.2419153746501871,-0.04159576659187092,-0.238389788512878,0.7215633226797128,6.867229137516083,4.6756230947108905,55.9200655643861,55.921320324444174,55.91984166737806,55.92149332118267
795.0,27.488,-3.140962074110701,2.6401889081449474,0.6440217791908933,0.04746116789643147,0.24111365762984038,0.1974817706834121,0.005979708267704145,-0.000762601940615777,1.5347958348120216,-0.2380626154209496,0.24198886102601197,-0.041667346355421714,-0.23872099812852937,0.7249800473199495,6.868751715816185,4.677589479158314,55.846538645595125,55.84779814835186,55.84647670491618,55.84785073298975
796.0,27.52,-3.139382524411321,2.6478945569608845,0.6505156012035572,0.049360928105632265,0.24080152549803258,0.20293193789574696,0.005974779325325861,-0.0008361230309146892,1.5271657234838603,-0.23842406751438394,0.24204343300241052,-0.04172944296763856,-0.2390170315836388,0.7282150870931365,6.8702280544684395,4.679509158903619,55.77073210424533,55.771995059013655,55.7708240811614,55.7719329826701
797.0,27.552,-3.1377425079271437,2.6555890359104066,0.6571561066270694,0.051250515130538084,0.2404524671725664,0.20751579448475396,0.00596982457490708,-0.0009089302031060748,1.5195252134491655,-0.23874916295976825,0.24207884091787862,-0.041782285105708056,-0.239279515923026,0.7312538591832897,6.871658624970252,4.681381981361947,55.69297414571176,55.69423895542354,55.6932116592196,55.694068261360854
798.0,27.584,-3.136042368208579,2.6632711792948984,0.6639148983658116,0.05312936620514847,0.2400669807653686,0.21121224183569592,0.005964987282175775,-0.0009800000416389431,1.5118754222044655,-0.23903952620192132,0.2420951840291628,-0.04182615969943749,-0.2395100495638003,0.7340826539795624,6.873043821543277,4.683207810159642,55.61360126461384,55.6148659381163,55.61397556462024,55.614592984565284
799.0,27.616,-3.134282463690394,2.670939847849542,0.6707630297210483,0.05499701619328385,0.23964589233260702,0.2140041048511452,0.005960399121503125,-0.001048372578484934,1.5042174153608328,-0.23929676618220483,0.2420928912974971,-0.041861406381699134,-0.23971018943019337,0.7366886928504082,6.87438395359312,4.684986526972086,55.53295679419137,55.53421887578319,55.53345874093363,55.53385035233378
800.0,27.648,-3.132463164426373,2.6785939383496498,0.677671131781622,0.05685310200065347,0.2391903281283717,0.21587818939292744,0.005956180086554778,-0.0011131540735339316,1.4965522076147244,-0.2395224611835522,0.24207269950267227,-0.0418884118354103,-0.23988144079699938,0.7390601816188124,6.875679239551297,4.6867180329512035,55.45138942411414,55.4526459410847,55.45200947595367,55.452188877436896
801.0,27.68,-3.1305848487192764,2.6862323923094,0.6846095420668735,0.058697365846765936,0.23870168624219568,0.21682532141411076,0.005952438402416314,-0.0011735198306655936,1.4888807641112853,-0.23971814657620613,0.24203562919751462,-0.04190760410368938,-0.24002524958740398,0.7411863594564781,6.8769298022400305,4.688402249758346,55.369251696074606,55.370499121552264,55.369979903743065,55.36996089031019
802.0,27.712,-3.128647899682976,2.693854203757426,0.6915484338390067,0.06052965738438659,0.23818160775081176,0.21684036787916036,0.005949270439728535,-0.0012287170013328074,1.4812040021154822,-0.2398853052047164,0.24198295892575902,-0.041919446915112214,-0.24014299688397547,0.7430575429526469,6.878135665868571,4.690039120219938,55.286898486118396,55.28813271278026,55.28772448939191,55.287521029447085
803.0,27.744,-3.1266527017738315,2.701458426078083,0.6984579455088321,0.0623499346607686,0.23763194752053607,0.2159222396820452,0.005946760627918253,-0.0012780673574023873,1.4735227929143664,-0.24002536016479126,0.2419161980421222,-0.041924434061341206,-0.2402359954224316,0.7446651651538146,6.879296754736634,4.691628608624896,55.2046854823562,55.205901801805325,55.205598504193915,55.20522472577534
804.0,27.776,-3.124599637328381,2.7090441779113763,0.7053083095689919,0.0641582639203247,0.2370547447904101,0.21407387687999416,0.005944981360146061,-0.0013209700509575941,1.4658379638812589,-0.2401396697293736,0.24183705839126754,-0.04192308385154504,-0.240305487858012,0.7460018094126196,6.880412893686523,4.693170700684306,55.1229676664208,55.12416074888893,55.123956499342334,55.123426689388744
805.0,27.808,-3.1224890831443894,2.7166106481081114,0.7120699805021757,0.06595481824973876,0.23645219364797054,0.21130221666199372,0.005943992877731814,-0.001356904415954817,1.4581503006396739,-0.24022952419964566,0.24174742502260255,-0.041915933655040025,-0.24035264661169486,0.747061237926761,6.881483810311187,4.694665403175046,55.0420978067569,55.0432616760158,55.04315078640708,55.042479406796375
806.0,27.84,-3.120321407142344,2.7241570997394327,0.7187137611282446,0.06773987506392126,0.23582661347878986,0.2076181445646514,0.005943843117184621,-0.0013854329021620554,1.4504605492712146,-0.2402961444741863,0.24164932603965467,-0.041903534531666516,-0.2403785751247541,0.7478384148914795,6.88250913889153,4.696112743289988,54.96242497152359,54.96355297043826,54.96352993291933,54.96273165660692
807.0,27.872,-3.118096965144773,2.7316828731611666,0.7252109268732939,0.06951381242409344,0.2351804194291871,0.2030364295327913,0.005944567498999733,-0.0014062042630629819,1.4427694185175446,-0.24034068214964313,0.24154490160780406,-0.041886445938915,-0.24038431037502017,0.7483295242316808,6.883488426003154,4.697512767718036,54.88429306851885,54.88537781163783,54.88543728148914,54.88452705127167
808.0,27.904,-3.1158160978114493,2.7391873881330446,0.7315333474652431,0.0712771041663645,0.2345160928711868,0.19757564349841256,0.00594618863441475,-0.0014189571434135748,1.435077581931604,-0.24036422098917878,0.2414363720764875,-0.04186523049530616,-0.24037082652984007,0.7485319819222164,6.884421137701151,4.698865541477427,54.8080394190688,54.80907273021942,54.809209501129864,54.80820261214189
809.0,27.936,-3.1134791277697853,2.7466701449906954,0.7376536055842728,0.07303031380199991,0.23383615180158615,0.19125806621967859,0.005948715925334719,-0.001423524223968012,1.427385679937811,-0.24036777961749273,0.24132600511746888,-0.04184044877378423,-0.240339039638827,0.7484444429472801,6.885306668161983,4.700171146525719,54.7339933722005,54.73496620758969,54.735175179941024,54.734087384637164
810.0,27.968,-3.1110863569816676,2.7541307248642553,0.743545112022118,0.07477408712867888,0.23314312104874538,0.1841095761826622,0.0059521450345956725,-0.0014198370733672062,1.4196943217646776,-0.2403523153269781,0.24121608175208975,-0.04181265409713813,-0.24028981329286847,0.7480668029924751,6.886144349634571,4.701429680169529,54.662474964571196,54.66337732583768,54.66365346909992,54.66250109969699
811.0,28.0,-3.1086380643906977,2.7615687889316356,0.74918221693166,0.07650914346780939,0.2324395021056356,0.17615952842318564,0.005956457210407493,-0.0014079318191604726,1.4120040872164703,-0.24031872890407108,0.24110886115198824,-0.04178238731325922,-0.24022396520046513,0.7474001950058291,6.886933463528818,4.702641253296561,54.59379363046924,54.59461447805388,54.594952789245305,54.59375288684624
812.0,28.032,-3.106134503897297,2.7689840766873344,0.7545403167772784,0.07823626541876565,0.2317277423655865,0.1674406201755753,0.005961618462514749,-0.0013879556661719244,1.4043155282532098,-0.24026787040951408,0.24100654417232079,-0.04175017154382886,-0.24014227465019136,0.7464469808064164,6.887673252449656,4.703805988451975,54.52824696465952,54.528974150312386,54.529369611741636,54.528140043051486
813.0,28.064,-3.1035759027132017,2.776376403200016,0.7595959566268494,0.07995628700298289,0.23101020352130056,0.1579887452990944,0.005967578611316585,-0.0013601741411611125,1.3966291703506495,-0.24020054586724063,0.24091123574120168,-0.041716506930760094,-0.24004549084088864,0.7452107379599391,6.888362932968411,4.7049240177807565,54.46611953889377,54.46673978746086,54.46718732870422,54.465946860031714
814.0,28.096,-3.1009624601510994,2.783745655325284,0.7643269274578848,0.08167008006569602,0.23028912891462341,0.14784283846985463,0.005974270268219784,-0.0013249787055852982,1.3889455136142845,-0.24011752483321228,0.24082490651012323,-0.04168186545306431,-0.23993434205941394,0.7436962421768257,6.8890017089115565,4.705995480857792,54.40768177067465,54.40818075519601,54.40867522643894,54.4074435108224
815.0,28.128,-3.0982943469087343,2.7910917868363185,0.768712358182743,0.08337853882391104,0.22956660971983048,0.13704471015181854,0.0059816078587638715,-0.0012828940331556546,1.3812650336242984,-0.24001954882241772,0.2407493545900006,-0.041646685956558425,-0.23980954567015067,0.7419094455151959,6.889588784939848,4.707020522428158,54.35318884076389,54.35355140973485,54.35408757596723,54.352884994387196
816.0,28.16,-3.0955717049084353,2.798414812437397,0.772732802130489,0.0850825625093448,0.22884455003370477,0.12563887336706342,0.005989486870430078,-0.001234583788442343,1.3735881819920812,-0.2399073405671733,0.24068616875176327,-0.04161136962674729,-0.23967181883892827,0.7398574506808138,6.890123380188507,4.707999290081805,54.3028796548178,54.3030902823178,54.303662849821265,54.3025101354083
817.0,28.192,-3.092794647750861,2.8057148006377597,0.7763703177547907,0.0867830361741955,0.2281246312613309,0.11367236325942807,0.0059977835905428625,-0.0011808531898233462,1.3659153866141325,-0.23978161405565365,0.24063669511136723,-0.04157627623355021,-0.23952188985135833,0.737548481698646,6.890604741741861,4.708931931890068,54.25697584580001,54.25701937703236,54.257623064017146,54.2565406359676
818.0,28.224,-3.0899632618333226,2.8129918654905857,0.7796085433666038,0.08848080992307486,0.22740827665081156,0.10119455036915878,0.006006355684018043,-0.0011226460723479266,1.35824705161584,-0.23964308525494032,0.2406020099284707,-0.04154172156350406,-0.23936050979628087,0.734991851174329,6.891032157722915,4.709818594036014,54.215680819166266,54.21554356541132,54.21617322591656,54.21518017783686
819.0,28.256,-3.0870776081655684,2.820246157248691,0.7824327657150472,0.09017667711731783,0.2266966174407912,0.08825694838885531,0.006015044021074038,-0.0010610337418339654,1.350583556985732,-0.2394924833549351,0.24058290151777312,-0.04150797649613601,-0.23918846427793475,0.7321979242595928,6.8914049697895265,4.7106594184769195,54.179178853480366,54.17885003970986,54.17950084210685,54.17861357956936
820.0,28.288,-3.0841377248867388,2.8274778520582755,0.7848299822570163,0.09187135246342673,0.2259904627995161,0.07491301693653481,0.006023676162845724,-0.0009971928811449214,1.3429252579092998,-0.23933056228063077,0.2405798641307573,-0.04147526813217994,-0.23900658470972982,0.7291780792831519,6.89172258484286,4.711454540684529,54.14763428428294,54.147107761830135,54.14777540921269,54.14700602138189
821.0,28.32,-3.0811436304448354,2.8346871409043675,0.7867889569629571,0.0935654513094796,0.2252902764403734,0.06121795956065193,0.006032071800826238,-0.0009323704448517008,1.335272483818849,-0.2391581121197695,0.2405931057521947,-0.041443783201675403,-0.23881575864934132,0.7259446648246485,6.891984485769277,4.712204087516228,54.1211908138206,54.12046682502815,54.12114778531524,54.12050236022596
822.0,28.352,-3.078095327345566,2.84187421813007,0.7883002695010597,0.09525947185216868,0.22459616330319768,0.04722851681570463,0.006040050184555348,-0.0008678351285180611,1.327625537180194,-0.23897597001574974,0.24062256997516784,-0.041413673657147765,-0.23861693857304175,0.7225109528346034,6.892190241052072,4.71290817527614,54.099970993764096,54.09905764486579,54.099749338262804,54.09922656139029
823.0,28.384,-3.074992806315791,2.8490392699614593,0.7893563576255991,0.09695378218046993,0.2239078697309214,0.03300275389185589,0.006047439157717276,-0.000804817663761049,1.3199846920373703,-0.23878502999603501,0.24066796971474516,-0.04138506393856207,-0.23841114847781236,0.7188910873009358,6.892339513102818,4.713566908027214,54.08407591015221,54.0829899296625,54.083690809214104,54.08328126363092
824.0,28.416,-3.07183605066775,2.8561824635577318,0.7899515525716581,0.09864861400128702,0.22322479988351443,0.018599842064342936,0.006054084921569835,-0.0007444454676272875,1.312350192334302,-0.2385862511625782,0.24072882815912477,-0.041358058997507774,-0.23819948773709673,0.7151000280012034,6.89243206517258,4.714180376211006,54.07358505343297,54.07235145515336,54.07306092334941,54.072747467927094
825.0,28.448,-3.068625040607308,2.8633039371439906,0.790082107236492,0.10034406438880197,0.22254604957058757,0.004079833276059843,0.006059861204021764,-0.0006876801242800157,1.3047222500318518,-0.23838066366816024,0.2408045209642018,-0.04133275194634264,-0.23798313171253607,0.7111534891023286,6.892467766711376,4.714748655619502,54.06855629272252,54.06720676785339,54.067924905193834,54.06768430224045
826.0,28.48,-3.0653597572167413,2.8704037917476284,0.7897462169184196,0.10204010595521441,0.22187045636368177,-0.010496572439760979,0.0060646763287375205,-0.0006352675257161184,1.2971010430468775,-0.23816937194016546,0.24089431401904599,-0.04130923028076057,-0.237763328741177,0.7070678727592284,6.892446597051806,4.715271806742686,54.069025824518015,54.0675960261004,54.06832316109138,54.068128786713054
827.0,28.512,-3.0620401858695123,2.877482084938879,0.7889440323974487,0.10373660460090407,0.22119666222658577,-0.025068266280341124,0.006068476906362251,-0.000587709209098247,1.289486713061912,-0.2379535546916882,0.2409973932075684,-0.04128758002019192,-0.23754139328144996,0.7028601983295627,6.892368647303484,4.7157498744892,54.07500797143774,54.073534206843675,54.07427041187259,54.0740955308257
828.0,28.544,-3.0586663189008187,2.884538826785155,0.7876776651826509,0.10543334277167406,0.22052318269612217,-0.039573975462430626,0.0060712475169255814,-0.0005452593958857235,1.2818793632895946,-0.23773446138206203,0.24111288564589287,-0.041267887679319125,-0.2373186952310414,0.6985480282241419,6.8922341203625335,4.716182888249786,54.086494782475754,54.085010833661244,54.08575546182438,54.0855763460348
829.0,28.576,-3.0552381574511625,2.891573978003839,0.7859511848161378,0.1071300453017592,0.21984847558387235,-0.0539525114535352,0.006073006630667152,-0.0005079466210481732,1.2742790563159796,-0.23751340496710177,0.24123987457131263,-0.0412502405000405,-0.23709664573147668,0.6941493916225591,6.892043328967846,4.716570862250072,54.10345550326557,54.10199024124349,54.102741608540875,54.10253983362045
830.0,28.608,-3.051755712499963,2.898587450088324,0.7837706082012483,0.10882640472498196,0.2191710026401559,-0.06814301921529564,0.006073799809428658,-0.000475613645754359,1.2666858121768307,-0.23729175102202277,0.24137741133351776,-0.041234725645670794,-0.23687668009417628,0.6896827072437056,6.891796691773401,4.716913796125289,54.12583607907969,54.124412250329684,54.125167519746014,54.12493106478465
831.0,28.64,-3.0482190051899547,2.9055791070312913,0.7811438809986484,0.11052210343776005,0.2184892794677288,-0.08208522508124781,0.006073691661398071,-0.00044796641076416135,1.2590996068280351,-0.23707090360429406,0.24152452756433807,-0.04122142903943203,-0.23666023875171696,0.6851667061081089,6.891494727451192,4.7172116756467934,54.15355887062202,54.1521930515715,54.152948313605506,54.152671473245704
832.0,28.672,-3.0446280665952674,2.912548768200882,0.7780808511959422,0.11221683108397763,0.2178019115497141,-0.0957196813345696,0.006072757984771561,-0.00042462283497062995,1.2515203711508567,-0.23685228850161694,0.24168024916558073,-0.04121043430465686,-0.23644874726698564,0.6806203548685598,6.891138046887991,4.717464473537595,54.186522698330656,54.18522611055025,54.18597660614743,54.1856590289893
833.0,28.704,-3.0409829371023562,2.919496211936862,0.7745932349977017,0.11391029665347431,0.21710761674936777,-0.10898800619501399,0.006071079134997057,-0.00040515468474730846,1.243947990590926,-0.2366373347126115,0.24184361215776856,-0.04120182198621758,-0.23624359640014653,0.6760627799351843,6.89072734358629,4.717672150327772,54.2246032288386,54.223382981515385,54.22412339375616,54.223768687829505
834.0,28.736,-3.0372836655594817,2.9264211795023765,0.7706945752040407,0.11560223571482887,0.2164052364223288,-0.12183311855190604,0.006068735106317207,-0.0003891191492929918,1.2363823054791796,-0.2364274550890093,0.24201367934436488,-0.04119566901794709,-0.2360461230537075,0.6715131923638666,6.890263382422062,4.7178346552164285,54.267653633359146,54.26651400394677,54.267238752831304,54.26685305410247
835.0,28.768,-3.0335303083191056,2.9333233791220663,0.766400192252409,0.11729241376175192,0.2156937381153077,-0.13419946723849235,0.006065802338952131,-0.00037607982191514795,1.2288231120359092,-0.23622402701439243,0.24218955637212833,-0.04119204829653589,-0.23585759266593798,0.6669908133423227,6.889746986947389,4.717951926921142,54.31550541321015,54.314448915817664,54.315152413627274,54.31474317362593
836.0,28.8,-3.0297229282605724,2.9402024899325414,0.761727128096372,0.11898062682916255,0.2149722128273466,-0.14603325487615504,0.006062351960185048,-0.0003656187674312461,1.2212701640237644,-0.23602837383855146,0.2423704059493017,-0.041191028212001074,-0.23567918337020208,0.6625148000819997,6.889179025454552,4.718023894506658,54.36796929936472,54.366997439929165,54.36767428942035,54.36724938698251
837.0,28.832,-3.025861593846713,2.9470581657499,0.7566940830931832,0.12066670043310568,0.21423986929246222,-0.15728265634964975,0.006058449050239988,-0.000357342163773208,1.2137231749939748,-0.23584174758057147,0.2425554594309388,-0.041192672027043256,-0.23551197203170512,0.6581041719705492,6.8885603960404715,4.718050478191627,54.42483616829006,54.42394989481923,54.42459503068915,54.42416220196452
838.0,28.864,-3.0219463782421543,2.953890038614731,0.7513213460733,0.12235048764246126,0.21349602702595818,-0.16789803187134883,0.006054152540220701,-0.00035088195426603456,1.2061818210604631,-0.23566531320773054,0.24274402544768403,-0.041197037053414376,-0.23535692213250206,0.6537777369213275,6.8878920109275805,4.718031590135907,54.485877952881104,54.48507786521616,54.48568664879894,54.48525317216296
839.0,28.896,-3.0179773585040808,2.9606977221089474,0.7456307177717829,0.12403186681479705,0.21274010919426747,-0.17783213442240983,0.006049515433220142,-0.00034589545031977207,1.1986457441352107,-0.2355001346259189,0.24293549561185257,-0.04120417362115031,-0.23521487340079636,0.6495540179449191,6.887174780309943,4.717967135212376,54.55084855268503,54.55013495033824,54.55070323011714,54.55027578756344
840.0,28.928,-3.013954614846835,2.9674808144555747,0.7396454278141879,0.1257107392889366,0.21197163583210035,-0.18704031117484557,0.00604458513921828,-0.0003420642122323619,1.1911145555614213,-0.2353471623965563,0.2431293475449544,-0.04121412386689173,-0.23508653305351726,0.6457435357915288,6.88640959600232,4.717857011767322,54.66813567920432,54.6675085160115,54.66803266518804,54.667617311008705
841.0,28.96,-3.009878134375839,2.9742388568518727,0.7334074676083282,0.1273900147186201,0.21118882488431448,-0.19493625643311388,0.006039403822552709,-0.0003390937686923953,1.1835878440703058,-0.23520709847535998,0.2433251244490497,-0.041230233547779604,-0.2349910192181657,0.6423903114965454,6.885597342791318,4.717701007298316,54.793272383005274,54.79278648858049,54.79322862281198,54.792850200207994
842.0,28.992,-3.0057478977519954,2.980971375124265,0.7269617474554091,0.1290698944951123,0.21039119601225212,-0.20142875477872202,0.00603402850833611,-0.0003365669998977803,1.176064854575575,-0.2350907100975365,0.24352244366207865,-0.04125274874433321,-0.23492999476491158,0.6394394741169599,6.88473879073794,4.71749889430024,54.909482387940486,54.90913468811607,54.90946931254395,54.90917415103786
843.0,29.024,-3.001563910353771,2.9876778988937116,0.7203500666561388,0.1307496061945106,0.20957886779521243,-0.20661502497719747,0.006028485712086315,-0.00033426056177304314,1.1685446400357107,-0.23500395909072286,0.2437210718391078,-0.041280741034894236,-0.23489841494118052,0.6368427372229247,6.883834568720605,4.717250466759245,55.017465219026256,55.017245775745614,55.017471775497306,55.017269042179784
844.0,29.056,-2.997326199847026,2.994357963262853,0.7136113444992658,0.13242845333577546,0.2087520115356676,-0.21058506740228072,0.006022789917598424,-0.00033202643874266245,1.1610262519640366,-0.23494687630982877,0.24392085768603122,-0.04131333734554067,-0.23489148065435114,0.6345576087561737,6.882885167122425,4.71695553883421,55.11783314486882,55.11772932535195,55.117856288808404,55.11773852570335
845.0,29.088,-2.993034814251244,3.0010111099027026,0.7067818236322628,0.13410579986819482,0.20791083249530032,-0.2134225270938419,0.006016951734678076,-0.0003297372522429168,1.1535088249623797,-0.2349168612861891,0.24412170349060994,-0.04134973081012973,-0.23490472569274398,0.6325466957054329,6.881890942716736,4.716613943688509,55.211125103531785,55.21112040229896,55.2111616398288,55.21111779868785
846.0,29.12,-2.9886898202163033,3.007636888003154,0.6998952493109346,0.135781063591897,0.20705556563910246,-0.2152054475415067,0.006010977834496945,-0.0003272877663706874,1.1459916099551415,-0.23491027472231552,0.24432355523967098,-0.041389182388384044,-0.23493403425358736,0.6307770922207809,6.880852125243824,4.716225532452484,55.297814226274895,55.297891016045085,55.297860777180375,55.29787902553528
847.0,29.152,-2.9842913015064614,3.014234855069132,0.6929830276513379,0.13745370968255832,0.20618647081181699,-0.2160069268623969,0.006004870865507566,-0.00032459645570906236,1.1384739833617634,-0.23492319040453755,0.24452639334195417,-0.04143101730435432,-0.23497562881176273,0.6292198411542872,6.879768825299646,4.715790173301958,55.37831737310377,55.37845816426457,55.37837038866594,55.378439351134034
848.0,29.184,-2.9798393576916755,3.020804577543956,0.6860743656649152,0.13912324421205813,0.2053038273382433,-0.2158956870757093,0.005998629388534578,-0.00032160692254994187,1.130955445318505,-0.23495173744125408,0.24473022353017293,-0.041474619433450405,-0.23502604635161137,0.6278494602157727,6.878641043223491,4.715307750640782,55.45300319951102,55.453191186367654,55.453058989593494,55.45316823837829
849.0,29.216,-2.9753341030481417,3.0273456312436324,0.6791963955454466,0.14078920761043098,0.20440792811489397,-0.21493656623339222,0.005992247850016418,-0.0003182890504050788,1.123435613264699,-0.23499224517414022,0.24493506777808985,-0.04151942512578452,-0.23508211149248945,0.62664352498988,6.877468678723775,4.714778164377805,55.522199075652765,55.522418350274336,55.52225385470064,55.522394045352456
850.0,29.248,-2.9707756656706175,3.033857601589156,0.6723742853928678,0.142451168047633,0.20349907329761366,-0.21319094226808827,0.00598571660428646,-0.0003146398207514427,1.1159142138791565,-0.23504129480039485,0.24514095520539764,-0.041564917152580635,-0.23514091039525759,0.6255823019910944,6.876251541022885,4.714201329290716,55.58619706552077,55.58643268377124,55.586247005984866,55.586409850113846
851.0,29.28,-2.9661641867989514,3.0403400836279504,0.6656313383024512,0.14410871473956297,0.2025775637123221,-0.21071709657551738,0.00597902199218619,-0.0003106837383930092,1.1083910747325314,-0.2350957283240998,0.24534791302407621,-0.04161061907613328,-0.2351997670821043,0.6246484257521632,6.874989359335365,4.713577174470991,55.645259111451125,55.64549709996328,55.645300404270586,55.645478570790445
852.0,29.312,-2.961499820360429,3.0467926818400706,0.6589890815164442,0.1457614512038323,0.20164369412875566,-0.20757052456272013,0.0059721464820134355,-0.0003064728173382402,1.1008661162408606,-0.23515263922813656,0.24555595762965882,-0.041656090160599735,-0.23525622272025046,0.6238266146619036,6.873681793520915,4.712905642845722,55.69962153390808,55.6998488801545,55.69965045569884,55.69983744342087
853.0,29.344,-2.9567827327280605,3.0532150097295747,0.6524673471270781,0.14740898851151027,0.20069774654700429,-0.2038041996676903,0.0059650688786894515,-0.0003020860796420347,1.0933393441350312,-0.23520935644338384,0.24576508597695937,-0.04170092085731465,-0.23530801791211794,0.6231034209024752,6.872328444775847,4.712186690773139,55.7494989348334,55.74970357984205,55.7495119219616,55.74970192282788
854.0,29.376,-2.952013102692824,3.059606689206544,0.6460843456330283,0.1490509386011389,0.1997399836552864,-0.1994687966890561,0.005957764607360478,-0.00029762851769420535,1.0858108424898048,-0.23526342696419592,0.2459752674075717,-0.04174472886177971,-0.2353530778000272,0.6224670103941782,6.870928866245069,4.711420287709556,55.79508757844739,55.795258420698495,55.79508130824427,55.79526906933649
855.0,29.408,-2.9471911216450817,3.0659673497705207,0.6398567334840695,0.150686907741948,0.19877064262427396,-0.19461287965496354,0.005950206077989174,-0.0002932294685517641,1.0782807672810866,-0.23531259945072477,0.24618643611756727,-0.041787155726040845,-0.23538949969597242,0.6219069691468768,6.869482573452238,4.710606415945832,55.83656831295813,55.83669522652517,55.83653979208015,55.8367204794941
856.0,29.44,-2.942316993956936,3.0722966275116663,0.6337996755991055,0.1523164902545586,0.19778992941080192,-0.1892830589051221,0.005942363137490173,-0.0002890403490875291,1.0707493404113186,-0.2353548097196925,0.24639848447095347,-0.041827864006498905,-0.23541554290934413,0.6214141328492516,6.867989054458773,4.709745070411561,55.87410908854267,55.87418295562871,55.874055747949015,55.87422481362157
857.0,29.472,-2.937390937553135,3.0785941639516397,0.6279269037093111,0.15393926261877952,0.19679801374916633,-0.18352412155607495,0.005934203615380801,-0.00028523170479260724,1.0632168441357257,-0.23538816834517254,0.2466112573746389,-0.04186653492781284,-0.23542962043956736,0.6209804369073414,6.86644777967384,4.708836258544872,55.907867120352066,55.907879876586136,55.90778691558164,55.90793996772514
858.0,29.504,-2.9324131846533423,3.084859604752014,0.6222507712592885,0.15555477811851612,0.1957950250116995,-0.17737913906320704,0.005925693967383375,-0.00028198953467992513,1.055683615825002,-0.23541095027814943,0.24682454793343153,-0.0419028665447692,-0.23543029220643014,0.6207203353669131,6.864858211247123,4.707880000225026,55.958218023052495,55.958162712555676,55.95810953745418,55.958242215664114
859.0,29.536,-2.9273839454482466,3.091092574853655,0.6167897219243675,0.1571637251592399,0.19478031567628212,-0.17065779171628034,0.005916799977341828,-0.0002795111470648214,1.0481500428825496,-0.23542159010172597,0.24703787824453072,-0.04193791877576125,-0.2354238782780507,0.6207739114691592,6.863219699015298,4.706876283767748,56.02945073868258,56.02931618891338,56.02928916859218,56.02943287106668
860.0,29.568,-2.9223034021095886,3.097292671410564,0.611569879411579,0.15876697933306358,0.19375301740340284,-0.16312007852464075,0.005907459743459089,-0.0002781672190832494,1.0406164232911441,-0.23542285040130165,0.2472506130745647,-0.04197299402866218,-0.2354181584667755,0.6211377579559617,6.861531436162989,4.705825057056629,56.0976534393788,56.09744215009076,56.097418292501175,56.09761081405111
861.0,29.6,-2.917171755540178,3.103459488545959,0.6066162866350804,0.16036395529407652,0.19271303548110114,-0.15479977426558267,0.005897589284210147,-0.0002784720294149616,1.0330828771819391,-0.23542026296510074,0.24746224017673019,-0.042007736627064654,-0.2354116532625121,0.6218074509906985,6.859792584849273,4.704726280237315,56.16253690223807,56.16226804263406,56.1622435576354,56.162477978429045
862.0,29.632,-2.9119892294949774,3.1095926138865906,0.6019527992285001,0.16195393891252338,0.19166016689473026,-0.14573398145563396,0.0058871239299511475,-0.0002808343416185233,1.0255494715115796,-0.23541550953390644,0.24767210385383934,-0.04204173899170277,-0.2354027367554703,0.6227775303596883,6.858002292713976,4.703579927267628,56.22384420404383,56.22351720479115,56.22349263280931,56.22376854094826
863.0,29.664,-2.9067560740789378,3.1156916260038923,0.5976019826054456,0.1635361067512385,0.19059412866567743,-0.13596301947045228,0.005875999977334517,-0.00028566438424946,1.018016277730575,-0.23540844996905216,0.2478794500850482,-0.04207456619049556,-0.2353897298149397,0.6240414865296395,6.856159709833864,4.7023859873697464,56.281319137869396,56.28093316717409,56.28091257129956,56.28122366137843
864.0,29.696,-2.901472569316719,3.12175609190689,0.5935850131880446,0.1651095238193316,0.1895145594686813,-0.12553029429378237,0.005864158247957651,-0.00029335089404849886,1.01048339916584,-0.23539809270022552,0.24808344253664272,-0.042105767905675995,-0.2353709507719308,0.6255917547087849,6.854264006106473,4.701144466529255,56.33471741004338,56.33427390365735,56.33426330299798,56.33459824167085
865.0,29.728,-2.89613902862702,3.1277855647755084,0.5899215844150917,0.16667314655309504,0.18842102714432246,-0.1144821491547778,0.005851548675332027,-0.00030423116368083166,1.0029509834995114,-0.2353830617013536,0.2482831897662858,-0.04213488844131115,-0.23534474456660387,0.6274197161172835,6.852314388729318,4.699855389000613,56.383808497298325,56.38331278056214,56.38331945471254,56.383661902909715
866.0,29.76,-2.8907558019760815,3.133779582172709,0.5866298181349052,0.1682258328418311,0.1873130436625124,-0.10286769625582674,0.005838135871016394,-0.0003185543921697835,0.9954192280205982,-0.23536182349098733,0.24847778398748177,-0.04216147665613833,-0.23530950047684923,0.6295157067313835,6.85031011941068,4.6985187987595065,56.42837733652401,56.42783966116738,56.427871847243125,56.4282002305432
867.0,29.792,-2.885323278425868,3.1397376650187865,0.5837261819825996,0.16976636094416506,0.18619008893992745,-0.09073862975954991,0.005823905449897127,-0.00033643972515083734,0.9878883813153151,-0.23533279928740733,0.24866635058557057,-0.04218509648898468,-0.23526366292662595,0.6318690338067351,6.848250530919108,4.697134760821295,56.46822601305286,56.467662019926074,56.4677287537228,56.46801620140648
868.0,29.824,-2.8798418877409206,3.14565931764213,0.5812254133361937,0.17129345890461153,0.18505164447948902,-0.07814902020018479,0.005808870634567006,-0.0003578320555736152,0.9803587431592984,-0.23529442147176038,0.24884810586187694,-0.0422053379773987,-0.23520573726594515,0.6344680004796973,6.846135042555552,4.695703362323409,56.50317552494891,56.50260598937542,56.50271695044977,56.50293174920001
869.0,29.856,-2.8743121006871926,3.1515440292247043,0.5791404504380013,0.1728058454290025,0.18389723695544352,-0.06515509056851174,0.005793078350032169,-0.0003824606783416186,0.9728306634742534,-0.2352451621477874,0.24902241849664594,-0.04222182812522607,-0.23513429128760208,0.6372999386553541,6.8439631741202325,4.694224713251926,56.53306762639859,56.53251730166825,56.532682578290675,56.53278941958028
870.0,29.888,-2.8687344276630493,3.1573912769225694,0.5774823712520655,0.17430228200447634,0.18272649055828244,-0.051814974560495476,0.005776613730906032,-0.0004098078143491214,0.9653045407863121,-0.23518354676522193,0.24918886848139477,-0.042234240606376774,-0.2350479528537542,0.6403512501853204,6.841734557953822,4.692698946684109,56.5577666693191,56.55726211906545,56.55749185019099,56.55745402479878
871.0,29.92,-2.8631094153638394,3.1632005308489366,0.5762603405979876,0.17578163435030808,0.18153918519897544,-0.038188457939933966,0.005759601806219729,-0.0004390951139515223,0.9577808204245859,-0.23510815886082176,0.24934729645599435,-0.04224230315233776,-0.2349454039940346,0.6436074560077296,6.839448948667175,4.6911262184255165,56.57716127398056,56.57672777858138,56.577031674083834,56.57681415001587
872.0,29.952,-2.8574376413086022,3.1689712609541862,0.5754815660487781,0.17724293922616302,0.1803353157890512,-0.024336704662796645,0.005742205235608908,-0.0004692956425662493,0.9502599926097522,-0.23501763884783344,0.24949783709878307,-0.042245801626816376,-0.2348253720063262,0.6470532524991427,6.837106230242868,4.6895067059479025,56.59116559480936,56.590823498348264,56.591210288973365,56.590783318068425
873.0,29.984,-2.85171970624945,3.174702945632517,0.5751512629998227,0.17868547059850232,0.17911514619783891,-0.010321970279857087,0.00572461744509132,-0.0004991758734455161,0.9427425905492661,-0.23491067847264518,0.2496409326420131,-0.04224458025406598,-0.23468661833929225,0.6506725738593025,6.834706420296738,4.687840606584743,56.59971994802359,56.59948109282867,56.59995800765414,56.59930062231564
874.0,30.016000000000002,-2.845956224721216,3.180395081655148,0.5752726292076747,0.18010879775731664,0.1778792507072106,0.003792693995377513,0.0057070513411198835,-0.000527366895860077,0.9352291886497901,-0.2347860121044217,0.2497773262051577,-0.042238538136783396,-0.23452792629581276,0.6544486590391818,6.83224967142213,4.686128135011712,56.60279066449021,56.60265570951946,56.603228102434635,56.60233071417094
875.0,30.048000000000002,-2.8401478142315235,3.1860471948184825,0.575846828968974,0.1815128278028903,0.176628536354209,0.017943742540601337,0.005689724793344017,-0.0005524574879938825,0.9277204009590817,-0.23464240596238245,0.24990803830028618,-0.0422276228683036,-0.23434808882142077,0.6583641216504512,6.829736269687582,4.68436952011958,56.60036921461521,56.60032653686237,56.60099776748899,56.599863176677985
876.0,30.080000000000002,-2.8342950837875622,3.1916588505523387,0.5768729869768056,0.18289782637378998,0.17536424168300407,0.03206743774473647,0.005672844950506893,-0.0005730959475235696,0.9202168799421275,-0.23447864647998562,0.25003433225360205,-0.042211822478636696,-0.23414589778129796,0.662401021517543,6.827166630496706,4.682565001461216,56.592470857563534,56.592497370477,56.593268986297495,56.591911478589275
877.0,30.112000000000002,-2.8283986225565854,3.197229663698642,0.5783481917733833,0.18426441346802697,0.17408791082197655,0.0461001498930531,0.005656593848211662,-0.0005880848409883062,0.9127193156668736,-0.23429352912190374,0.2501576746304073,-0.04219115701347999,-0.23392013613047433,0.666540937006255,6.824541292122539,4.680714825505535,56.57913319871647,56.57919690245182,56.580069086320414,56.578511810619354
878.0,30.144000000000002,-2.822458989434842,3.202759306759529,0.5802675086303704,0.18561353505447392,0.17280134565271482,0.059978651780846715,0.005641117491745473,-0.0005964544002278441,0.905228435419397,-0.23408584901940044,0.250279695240147,-0.04216567075365943,-0.23366957418999162,0.6707650378443797,6.821860907280381,4.678819241946723,56.56041502642809,56.56047863997135,56.56145081406949,56.55972210120858
879.0,30.176000000000002,-2.8164767041597645,3.208247516106603,0.5826240016388801,0.1869464148461784,0.17150654209606417,0.0736404065159283,0.005626519731339595,-0.0005975057065572123,0.8977450036949322,-0.2338543947021224,0.2504021489348262,-0.04213542560971237,-0.23339297085014507,0.6750541586615021,6.819126233100215,4.676878500293995,56.536395646258924,56.53642045094077,56.53749189478927,56.535621394699504
880.0,30.208000000000002,-2.810452240380085,3.2136940958934423,0.5854087647763341,0.18826449311498666,0.1702056183387339,0.08702384804543792,0.005612861113197339,-0.0005908220335635353,0.8902698224373411,-0.23359794594436684,0.25052687936549956,-0.04210049578198595,-0.23308907998758768,0.6793888737767535,6.8163381198138815,4.674892846912887,56.507174717094486,56.50712382916156,56.50829418546962,56.506309609575425
881.0,30.240000000000002,-2.804386020853072,3.2190989196640705,0.5886109617240536,0.18956936021914655,0.1689007428321286,0.10006865461623443,0.005600161886488416,-0.0005762532075104838,0.8828037313448024,-0.23331527632832622,0.2506557838307209,-0.04206096349848579,-0.23275666180770727,0.6837495738044898,6.8134974984053835,4.6728625226190585,56.4728724201759,56.47271302237153,56.47398261642551,56.47190755614739
882.0,30.272000000000002,-2.7982784147196296,3.224461929852817,0.5922178742215466,0.19086269167008213,0.16759406839833554,0.11271601554665643,0.005588407759089923,-0.0005538817330563183,0.8753476080362912,-0.2330051606211104,0.2507907783592866,-0.04201691555724538,-0.23239449833614417,0.688116544470345,6.810605367408174,4.670787760856396,56.43362972086497,56.433334154849774,56.43470411421994,56.432557031095286
883.0,30.304000000000002,-2.792129736650925,3.229783135499791,0.5962149587472668,0.1921461896470243,0.16628767646792428,0.12490889142875705,0.005577556892623792,-0.0005239802300035733,0.867902367883469,-0.23266638656764196,0.25093376277597407,-0.04196844044666437,-0.23200141196623283,0.6924700477303306,6.807662778988019,4.66866878643594,56.38960851176096,56.38915441971452,56.39062662796146,56.388420821602274
884.0,30.336000000000002,-2.7859402475750987,3.2350626085591943,0.6005859113034915,0.1934215336195642,0.16498353310635802,0.13659226738202054,0.00556754689343171,-0.00048696814486898584,0.8604689633480939,-0.23229777030891643,0.2510865861872612,-0.04191562591297879,-0.23157628584899267,0.696790404966124,6.804670824431015,4.666505814776682,56.34099150907207,56.34036134939387,56.3419382898381,56.3396825116766
885.0,30.368000000000002,-2.7797101566705766,3.2403004791704224,0.6053127400536745,0.19469034076631514,0.16368345660087977,0.14771339844321996,0.00555830099286301,-0.00044337298520600617,0.8530483827137723,-0.23189817439841007,0.2512510137632383,-0.041858556927986776,-0.23111808496371047,0.7010580817644766,6.801630619161521,4.664299051573497,56.28798186119478,56.287162124746516,56.288846670663546,56.286546049373015
886.0,30.400000000000002,-2.773439624334423,3.245496930216972,0.6103758455176101,0.19595413550479984,0.16238909520467623,0.15822204574798812,0.005549733042301324,-0.00039379859620787387,0.8456416481514694,-0.23146652731717313,0.25142869579702465,-0.041797314055451826,-0.23062587686101907,0.7052537736120735,6.798543287436724,4.662048692816731,56.23080248897714,56.229782864551545,56.23157805942872,56.229235082029696
887.0,30.432000000000002,-2.7671287658793773,3.250652191437047,0.6157541079786222,0.19721432672017963,0.1611019131273482,0.16807070190662576,0.005541751274420085,-0.0003389009168136784,0.8382498131029728,-0.2310018434450695,0.25162113986851203,-0.04173197222520719,-0.2300988512780855,0.7093584917504796,6.795409946894188,4.6597549250964665,56.169695205018776,56.168467842512946,56.170376697455104,56.167992091292994
888.0,30.464000000000002,-2.7607776557651555,3.255766533287884,0.6214249817034768,0.1984721910694291,0.15982318283865024,0.17721480390170738,0.005534260975120694,-0.0002793704029002932,0.8308739590019443,-0.23050324258859323,0.25182968665516525,-0.04166259991239049,-0.22953633803430526,0.7133536484212037,6.792231693158315,4.657417926137056,56.1049196630694,56.1034785968477,56.10550391784472,56.103077365849266
889.0,30.496000000000002,-2.754386332217849,3.260840260712044,0.6273645955243868,0.19972886085332914,0.1585539820049968,0.18561293190343786,0.00552716629071142,-0.00021591977082227612,0.823515191377857,-0.22996996834632702,0.25205548962920765,-0.04158925869919905,-0.2289378227984942,0.7172211407645785,6.789009584735817,4.655037865520257,56.0367521801248,56.03509291745538,56.037237165388596,56.03476784586669
890.0,30.528000000000002,-2.747954802130853,3.265873706911505,0.6335478592863774,0.20098531521862956,0.15729519373315612,0.1932269925622036,0.005520371399935435,-0.00014927566026568814,0.8161746354053558,-0.2294014047751908,0.2522994986223737,-0.0415120031777894,-0.22830296046805307,0.720943432696458,6.785744628446417,4.652614905566464,55.965484462306165,55.96360371156567,55.9658688924349,55.96335586594684
891.0,30.560000000000002,-2.74148304617063,3.2708672272041186,0.6399485756240784,0.20224237375696102,0.1560475091441775,0.2000223855531563,0.00551378124666391,-8.017301391383804e-05,0.8088534309722121,-0.22879709098422857,0.2525624470522081,-0.041430881140272754,-0.22763158601944608,0.7245036341578357,6.782437765641829,4.6501492023520985,55.8914222557936,55.889317758815366,55.89170533952576,55.889147816644865
892.0,30.592000000000002,-2.7349710240318656,3.2758211930149996,0.6465395565002988,0.2035006918363889,0.15481143159003216,0.20596815238188898,0.005507301982195216,-9.351258029520496e-06,0.8015527273448941,-0.22815673342082132,0.2528448424855569,-0.041345933994605386,-0.22692372277599002,0.7278855772045713,6.779089859464386,4.6476409068474105,55.81488393739496,55.81255437160109,55.81506521645718,55.81246273967172
893.0,30.624000000000002,-2.728418679801129,3.2807359860402827,0.6532927439144671,0.2047607572105146,0.15358728204009617,0.21103710669275932,0.005500841221297725,6.244835350131669e-05,0.7942736775131753,-0.22748021572279403,0.25314696015291116,-0.04125719734424704,-0.2261795881084144,0.7310738884725082,6.775701683386897,4.645090166163138,55.73619905544911,55.73364397792043,55.736278301692785,55.73363086876396
894.0,30.656000000000002,-2.7218259473980466,3.2856119926102525,0.660179334171777,0.20602288759632972,0.15237520531155554,0.2152059455409331,0.005494308179826519,0.0001344846425128489,0.7870174322952324,-0.22676760609565166,0.25346883900660694,-0.04116470167252509,-0.22539959663699766,0.7340540576156175,6.772273911259075,4.642497124897211,55.655706829824716,55.65292664330773,55.65568397773337,55.65299212641575
895.0,30.688000000000002,-2.7151927560698765,3.2904495982714357,0.6671699050930848,0.20728722900531496,0.15117517691197443,0.21845534129086971,0.0054876137357210255,0.00020601790456706667,0.7797851342829177,-0.22601916224067306,0.25381027992329463,-0.041068473078037904,-0.22458436104401633,0.7368125013714611,6.768807109063854,4.6398619265745085,55.57375461895451,55.57075054703205,55.573629718559516,55.57089458569534
896.0,30.72,-2.708519035920513,3.2952491826016357,0.6742345455406672,0.20855375466762938,0.14998701031876657,0.2207700139869734,0.005480670438330431,0.00027631094350826754,0.7725779117038828,-0.22523533391009176,0.25417084567754616,-0.040968534015711267,-0.22373469064250204,0.7393366229601145,6.765301728560528,4.637184715173973,55.49069636154953,55.48747042613716,55.490469543494065,55.48769290583608
897.0,30.752,-2.701804723459095,3.3000111142673947,0.6813429866352845,0.20982226441931798,0.14881036455496863,0.22213878420678979,0.005473392481631779,0.0003446298265623204,0.765396872273093,-0.22441676320727066,0.2545498623546092,-0.040864904006712124,-0.22285158787172452,0.7416148665707848,6.761758102961604,4.63446563673838,55.406891000523856,55.403445999484575,55.40656245023813,55.40374674993524
898.0,30.784,-2.6950497671570086,3.30473574632955,0.6884647340450791,0.21109238444019776,0.1476447519423578,0.22255460655608275,0.005465695653113139,0.0004102444229526427,0.7582430971014418,-0.22356428278050117,0.25494661834195465,-0.04076110119367482,-0.22195482031286254,0.7436367322115813,6.758176444757432,4.63170484106296,55.3224403498933,55.318842089515016,55.32248274008771,55.319643150595425
899.0,30.816,-2.6882541330137335,3.3094234118070003,0.6955691986532367,0.21236356697734696,0.14648954617031681,0.2220145190049252,0.0054610876476380195,0.0004726449450301175,0.7511173126368551,-0.22268901546984207,0.25535957558730793,-0.04064954701804056,-0.22100541735581647,0.7453929293612376,6.754556845774448,4.628902483471217,55.2387045913763,55.23482068051619,55.23772448658425,55.23487400498825
900.0,30.848,-2.681417784026463,3.3140743946912212,0.7026258335020819,0.2136359058522023,0.14534321513190437,0.22051983902640954,0.005452482008079733,0.0005307050764030641,0.7440207582675583,-0.22177482583005403,0.25578748647542204,-0.040532960398314305,-0.22001935276220944,0.7468753248119997,6.750899244605773,4.6260586910041805,55.15480868201727,55.150692958271414,55.15382296398918,55.15091679546365
901.0,30.88,-2.6745407367516436,3.3186889743269616,0.7096042651346,0.2149077273381065,0.14420561361688775,0.21807598851619045,0.005440558024298596,0.0005837142591660658,0.736954632644841,-0.2208230573949916,0.2562290374925804,-0.04041582094196999,-0.21902194463682687,0.7480769359107287,6.747203499359111,4.623173633936014,55.07129992832873,55.06704358612285,55.07089123612276,55.067943127295976
902.0,30.912,-2.667623061002009,3.323267416493835,0.716474420802224,0.21617736717607897,0.14307631771479076,0.21469236461325156,0.0054303393401196635,0.0006312927911370084,0.7299196784222864,-0.21984801964810607,0.25668220068019065,-0.04029428435787115,-0.21799463434922745,0.7489920458017759,6.743469386883266,4.620247520004792,54.98936903653832,54.984902414049245,54.988536009091774,54.98558909038533
903.0,30.944,-2.660664848656178,3.3278099346873544,0.7232066588814061,0.21744413580722358,0.1419536935474834,0.21038243997444064,0.005419296425949073,0.0006725923330234935,0.7229167487600883,-0.21884618102264808,0.2571450086374456,-0.040169120597802685,-0.21694342393406107,0.7496161936829793,6.739696562486733,4.617280546066579,54.90869960387653,54.90404645380289,54.9077670508218,54.90480917254109
904.0,30.976,-2.653666236772506,3.332316703911953,0.7297718954699272,0.2187066213647502,0.14083653826869866,0.2051636433912823,0.005407352739489913,0.0007069154430404137,0.7159466457026761,-0.21781916543902996,0.257615254217489,-0.04004034131089185,-0.21587042558604824,0.7499461919433577,6.735884594709661,4.614272924431927,54.82980274194389,54.824971785257624,54.82877309591566,54.82580909318998
905.0,31.008,-2.6466274130830714,3.336787857699506,0.7361417280433536,0.21996324029482908,0.13972355586103202,0.19905726791957773,0.005394436594889829,0.0007335825355766379,0.709010111573046,-0.21676884378935596,0.2580905410992532,-0.03990796001810207,-0.21477787025374206,0.749980137501275,6.732032978348229,4.61122488505238,54.753021137981044,54.74802217250342,54.751897003158085,54.74893207449326
906.0,31.04,-2.6395486213756794,3.3412234853933542,0.7422885558281745,0.22121224085600003,0.13861336543276304,0.19208836827565284,0.005380479555222209,0.0007519345867759728,0.7021078233349387,-0.215697263733114,0.2585682995580655,-0.03977199355274738,-0.21366809523928018,0.7497174177772278,6.728141149177278,4.608136677715329,54.67868824226944,54.6735329137147,54.67747367025779,54.67451232483719
907.0,31.072,-2.632430166761701,3.345623629711549,0.7481856964552777,0.2224517066868185,0.13750450994358387,0.18428564459697216,0.005365417693940696,0.0007613430458858338,0.6952403882380985,-0.21460661079748486,0.2590458055695237,-0.03963246348041603,-0.21254352971807078,0.7491587113717816,6.724208500182231,4.6050085742565265,54.607127217626584,54.60182948798645,54.605828343043726,54.60287374836621
908.0,31.104,-2.62527242075573,3.349988284625635,0.7538074984832538,0.22367956268659597,0.13639546606518382,0.1756813133742539,0.005349193418673389,0.0007612241210227864,0.6884083402950041,-0.21349918308833782,0.2595202060156212,-0.039489398322852115,-0.2114066805399077,0.748305983508822,6.720234399035581,4.601840870755398,54.53864954208626,54.53322632981593,54.53727538566581,54.53432858774242
909.0,31.136,-2.6180758260568244,3.354317393610078,0.7591294494052768,0.22489358434080156,0.1352846557638453,0.16631096631321965,0.005331757988315817,0.0007510586049544566,0.6816121373911594,-0.21237737235528373,0.2599885517657615,-0.039342836734194336,-0.21026011796655164,0.7471624762761864,6.716218206510718,4.598633889661446,54.473553657806235,54.46802563724519,54.472117096718506,54.469176099724635
910.0,31.168,-2.61084090087458,3.358610848340663,0.7641282787747028,0.22609141194514218,0.13417046033079016,0.1562134177945615,0.005313074848417006,0.0007304184047561982,0.6748521589423716,-0.21124364792155315,0.2604478404662845,-0.03919283179325339,-0.2091064610889779,0.745732693646996,6.712159295481004,4.59538798177813,54.41212367094523,54.40651619777207,54.41064254501726,54.40770127086011
911.0,31.2,-2.603568242586203,3.3628684879473814,0.7687820561017761,0.2272705715117838,0.13305123770994398,0.14543054147103995,0.005293123874042795,0.0006990007260512031,0.6681287040663018,-0.21010054174703643,0.26089507066903417,-0.03903945653833314,-0.20794836268299732,0.7440223811955777,6.708057070104615,4.592103528003321,54.354628113706234,54.348972204484305,54.353126388968356,54.35017358193412
912.0,31.232,-2.596258530444642,3.3670900989570685,0.773070283185677,0.2284285044237692,0.13192534405272172,0.13400709637190536,0.005271906531870656,0.0006566703244434772,0.6614419902620292,-0.20895063370003158,0.26132730831733664,-0.03888281077047441,-0.20678849324738763,0.7420385003367149,6.703910984746604,4.5887809406934,54.30131878765078,54.295652023898974,54.299827632099,54.29684583404022
913.0,31.264,-2.588912526986886,3.3712754160904557,0.7769739805516803,0.22956260805488662,0.13079116041835026,0.12199054268760198,0.005249451839066269,0.0006035092400103501,0.6547921526039071,-0.20779653647281007,0.2617417654449057,-0.038723028977378074,-0.20562952396383075,0.7397891968293082,6.6997205621411355,4.585420664482829,54.25242971529342,54.24679686993585,54.25098825948274,54.2479530548044
914.0,31.296,-2.5815310777237728,3.375424124102562,0.7804757676623107,0.23067028947228155,0.12964712537832923,0.10943084720720077,0.005225822794867964,0.0005398718654630824,0.6481792434607594,-0.20664087973721834,0.2621358891533002,-0.038560288980284047,-0.20447410833831337,0.7372837632199047,6.695485410253571,4.582023176356399,54.208176231970455,54.20262934085788,54.20683170269332,54.203711508210276
915.0,31.328,-2.5741151086410343,3.3795358608675135,0.7835599365654532,0.23174903383557635,0.12849177390472633,0.09638027822320142,0.0052011226940658255,0.00046644104777083395,0.6416032327509911,-0.2054862932204074,0.2625074565870094,-0.03839482059876714,-0.2033248623477821,0.7345325948950948,6.691205237271467,4.578588984743144,54.16875424695577,54.16335179553943,54.16756110403736,54.1643178319632
916.0,31.36,-2.5666656210238123,3.383610221899839,0.7862125186349419,0.23279648803818645,0.12732378226017182,0.08289318967152202,0.0051755004275344805,0.00038427836358940045,0.6350640087400796,-0.20433538845301796,0.26285466904140575,-0.038226913315500155,-0.20218434303108623,0.7315471395105941,6.686879864146507,4.5751186273876785,54.13433968563497,54.12914458960559,54.13335740342063,54.129948317762285
917.0,31.392,-2.5591836831554815,3.3876467664641092,0.788421344056465,0.23381055838533873,0.1261420176334459,0.06902579442259743,0.0051491535985509805,0.000294859217855234,0.6285613793810582,-0.2031907390361347,0.26317623614627944,-0.038056921694121976,-0.20105502562114963,0.7283398398123235,6.682509234139194,4.571612667767299,54.105088089266935,54.10016426337166,54.10437735645693,54.10075832869226
918.0,31.424,-2.551670418558099,3.391645025344683,0.790176093722432,0.23478951866820452,0.1249455900179246,0.054835927061468816,0.005122328140793365,0.0002000818212087957,0.6220950741942463,-0.20205485940053805,0.2634714401349284,-0.03788526727575274,-0.1999392795065828,0.7249240702806403,6.678093418898811,4.568071689872389,54.08113429909347,54.07654186264234,54.08075169880379,54.07688181567911
919.0,31.456,-2.544126990651211,3.395604510223631,0.7914683432336402,0.23573212209024286,0.12373390246712956,0.04038279722525653,0.005095313244897128,0.00010223948404185752,0.6156647466835026,-0.2009301821922063,0.26374017139216,-0.037712435957138316,-0.19883934350702798,0.7213140685825885,6.673632620752575,4.5644962912620075,54.062592103926676,54.05838165291139,54.06258376585143,54.058430862126
920.0,31.488,-2.536554584007012,3.399524724453113,0.7922915987712116,0.23663770763122904,0.12250669467131481,0.02572673554910446,0.00506843089406078,3.949009281349686e-06,0.6092699772962005,-0.1998190345966261,0.26398293016970054,-0.037538970468632665,-0.19775730112674614,0.7175248634085523,6.669127171081417,4.560887074446779,54.049553714303336,54.04576051388698,54.04994890601237,54.0454951725492
921.0,31.52,-2.5289543827471923,3.4034051748267844,0.7926413247015909,0.23750628936936002,0.12126407417722962,0.010928935324353007,0.005042020192175056,-9.19653993674265e-05,0.6029102769532227,-0.19872361409365505,0.26420079505358296,-0.037365458427749285,-0.1966950566021431,0.7135722007348606,6.664577524910863,4.5572446368267725,54.042088972400265,54.03872823119441,54.04289493781313,54.03814144905293
922.0,31.552,-2.521327547006322,3.4072453837841854,0.7925149629031053,0.23833861690220037,0.12000652991878125,-0.003948806202674206,0.005016417799252224,-0.0001826242765116783,0.5965850911981935,-0.1976459642994914,0.26439536491632964,-0.03719251731111144,-0.19565431267546532,0.709472470708518,6.659984252112648,4.553569559598266,54.04024432366552,54.037308721610714,54.04144368032034,54.03641267587905
923.0,31.584,-2.5136751887029196,3.4110449013608712,0.7919119439367062,0.23913619698132083,0.1187349242714324,-0.01884434269997305,0.004991936860596209,-0.00026526354931916975,0.590293805030618,-0.19658795169450452,0.26456868556349605,-0.03702077826807425,-0.19463655110842362,0.7052426370665776,6.6553480258499444,4.549862396204436,54.04404172879823,54.04150197925568,54.04559328650114,54.04032743369937
924.0,31.616,-2.5059983480346903,3.41480331616044,0.7908336903007128,0.2399012708821644,0.11745046248652624,-0.03369542612479193,0.00496884744108245,-0.0003374001276878153,0.5840357484817026,-0.19555124415108113,0.26472317337519025,-0.03685087076653169,-0.19364301696368108,0.7009001702846801,6.650669609057132,4.546123661002722,54.053477808499714,54.051286308946324,54.05532084869068,54.04987943949447
925.0,31.648,-2.4982979720946097,3.418520264691368,0.7892836120845377,0.24063674812752045,0.11615464159149537,-0.0484399442554732,0.0049473613598504775,-0.0003969684561448204,0.577810202955085,-0.1945372922453435,0.264861545606918,-0.03668340959169726,-0.19267470759696254,0.6964629846592302,6.645949839787688,4.542353818827533,54.06852351256213,54.06662032593777,54.0705846532853,54.06503750131615
926.0,31.68,-2.4905748967820487,3.422195438574878,0.7872670953538021,0.24134610351753105,0.11484918385969146,-0.06301614783548593,0.004927623430609276,-0.0004424099799441777,0.5716164082890545,-0.19354731433149022,0.26498676195120496,-0.036518984909228294,-0.1917323670624714,0.6919493785363983,6.6411896161818635,4.538553276034437,54.0891244676306,54.08744430006688,54.091325596602886,54.08574597509053
927.0,31.712,-2.482829832803825,3.4258285893572733,0.784791483558924,0.2420332493194841,0.11353596194985095,-0.07736286858994045,0.004909709726236108,-0.00047270788907551785,0.565453570416854,-0.19258228623219467,0.26510197670845803,-0.03635815527827731,-0.19081648624466796,0.6873779761799479,6.636389881623561,4.534722373440015,54.115201942607456,54.113680664822425,54.1174675780091,54.11192565584403
928.0,31.744,-2.4750633561091493,3.4294195309029716,0.7818660521768573,0.24270239670862148,0.1122169233030711,-0.09141973068958398,0.004893632072228172,-0.00048737083547447654,0.5593208694294134,-0.19164293613253405,0.26521049744283276,-0.03620144293497468,-0.18992730854479728,0.682767669482708,6.63155161042227,4.530861381359685,54.14665418373376,54.14523378524672,54.148917017817325,54.143474905953425
929.0,31.776,-2.467275902675067,3.432968139555185,0.7785019766964217,0.2433579198150707,0.11089402038166875,-0.10512735876361247,0.0048793469691675575,-0.0004863779843993146,0.5532174678005517,-0.19072974487889968,0.2653157451036653,-0.036049330475960525,-0.1890648404786858,0.6781375578796484,6.626675794128823,4.526970496739415,54.18335779938787,54.18198926849511,54.18556186698596,54.18027078027786
930.0,31.808,-2.459467767229854,3.436474352397115,0.7747122939672452,0.2440042326629086,0.10956915131031521,-0.11842758528676767,0.0048667667689681554,-0.0004701017170779045,0.5471425185278095,-0.18984295144757488,0.2654212118123024,-0.03590225819458674,-0.18822886619330528,0.6735068852885029,6.62176342841958,4.5230498422139105,54.22516893344288,54.22381315386658,54.2272705230772,54.22216996163643
931.0,31.84,-2.451639105306822,3.439938164016861,0.7705118568692628,0.24464568509474627,0.10824411311706462,-0.1312636593119482,0.0048557711364471895,-0.00043922358890387784,0.5410951729696561,-0.18898256295296048,0.26553041470590055,-0.03576062160537356,-0.18741896475245173,0.668894973503471,6.616815500386566,4.5190994668226985,54.271924103882924,54.270551255859246,54.27389097427391,54.26900942949554
932.0,31.872,-2.4437899379567782,3.443359622182653,0.7659172822319422,0.24528647968886907,0.1069205676809958,-0.1435804574162687,0.004846217391156652,-0.00039465533032028035,0.5350745882093222,-0.1881483682938642,0.2656468462932544,-0.03562476898275378,-0.1866345290755948,0.6643211520335138,6.611832976050938,4.515119348077177,54.323440725193706,54.32202881653244,54.32525034118645,54.32060689297464
933.0,31.904,-2.435920158483545,3.4467388227917555,0.7609468919383287,0.2459306085385441,0.10560001903445183,-0.1553246966754239,0.004837948981397541,-0.0003374717760493215,0.5290799338323411,-0.1873399544246674,0.2657739230877705,-0.03549499894681525,-0.18587478558601186,0.6598046848063518,6.606816787956849,4.511109395082644,54.37951742541071,54.37805051194513,54.38115484872206,54.376761086833014
934.0,31.936,-2.4280295406629913,3.450075904389137,0.7556206471810172,0.24658180689229847,0.10428379991816995,-0.16644514866598334,0.004830801898936926,-0.00026885821584643444,0.5231103980568258,-0.1865567242755761,0.26591493472797334,-0.03537155823023638,-0.185138813872176,0.6553646944187698,6.601767822777957,4.507069452460987,54.439934297473194,54.43840078375809,54.441390174574074,54.43725204667559
935.0,31.968,-2.4201177480249165,3.453371042479604,0.7499600758855698,0.24724351993983518,0.10297306532709706,-0.17689285298273083,0.004824609211747092,-0.00019007158078750757,0.5171651931959936,-0.18579791549430535,0.26607299558880665,-0.0352546397753838,-0.18442556591323983,0.6510200847202403,6.596686908956483,4.502999304873997,54.50445320533571,54.50284443491552,54.50572208832875,54.50184146042467
936.0,32.0,-2.412184343892396,3.45662444379179,0.7439881933728922,0.24791887914125932,0.10166879100581551,-0.1866213285211733,0.004819204073441037,-0.00010241321914518917,0.5112435604595539,-0.18506261938097948,0.2662510003398323,-0.03514438127605339,-0.18373388462921275,0.6470336745538114,6.59157480447818,4.498898682001335,54.613457549802185,54.611766751472636,54.6145366242724,54.61091248359488
937.0,32.032000000000004,-2.404228768986287,3.459836278760829,0.7377439560126064,0.24861171581588842,0.10036984278246051,-0.195132417508909,0.0048144222541759655,-7.2048561423025735e-06,0.5053447911296344,-0.184349268761935,0.26645007799453735,-0.03504286904473401,-0.18307389955391856,0.643525633607354,6.586432250094849,4.494767199192602,54.743193485857546,54.741250721040956,54.74386929335499,54.74071058133951
938.0,32.064,-2.396250369393712,3.463006712897006,0.7312737992372145,0.24932498726799837,0.09907606675553218,-0.20219239923102156,0.004809914415430185,9.272374999593378e-05,0.499468006674799,-0.18366294367679778,0.26667211010047676,-0.03495092996330042,-0.182448703087293,0.6404385575744715,6.581259856206744,4.490604399401669,54.86366228130116,54.86156149360069,54.86402393090552,54.86126775624797
939.0,32.096000000000004,-2.388248445518324,3.466135940996095,0.7246209550197371,0.25006012110584375,0.09778837809651679,-0.20790138179614426,0.004805416234957034,0.00019515368010788894,0.4936121896477795,-0.18300807748796274,0.26691929802817066,-0.0348677747266741,-0.18185282852991358,0.637721930665535,6.576058038551796,4.486409813194976,54.97557663819587,54.973436716881544,54.975763426009884,54.97328235149201
940.0,32.128,-2.380222271824115,3.4692241770554384,0.7178256923093899,0.2508179279440552,0.09650737685449837,-0.21235195969837495,0.004800790628891332,0.000298838545732321,0.48777635653511847,-0.1823837561408986,0.2671960712182211,-0.034811036705525725,-0.18137425135080365,0.6353312989856708,6.570827032841366,4.4821829679876295,55.07818298272336,55.07656119796259,55.08093929599981,55.078523061600194
941.0,32.160000000000004,-2.372171108050229,3.4722716480859264,0.7109255286079722,0.25159886793391056,0.09523346970273838,-0.21563011566927778,0.004814759535931966,0.0004056564100308573,0.4819580296798534,-0.181837163330508,0.2675005050364231,-0.03475901339984096,-0.18090238959197602,0.6332275431073903,6.5655669064418944,4.477923392997343,55.17617031836423,55.17424170013709,55.176297547062475,55.17448707033547
942.0,32.192,-2.364094095998236,3.4752784359624664,0.7039554153887423,0.25240662662480434,0.09396212114188765,-0.21781603810095873,0.00482996806951778,0.0005119347462380179,0.47615592571256954,-0.18133014651180324,0.2678335009394578,-0.03471377071592331,-0.1804473880597486,0.6313762379345035,6.560277394276097,4.473630438930263,55.26640266289199,55.26434751720868,55.26586206585547,55.26438617773056
943.0,32.224000000000004,-2.3559903734844334,3.4782446104110853,0.6969479033597749,0.2532413285563078,0.0926929515193305,-0.21898475090520778,0.004842919771546825,0.0006158162986102575,0.4703691577084194,-0.1808505617541265,0.2681953047076027,-0.0346752685009145,-0.1800089642416961,0.6297470893823631,6.554958074228116,4.469303450390549,55.35008780276336,55.347944541041194,55.349268685194495,55.34804555686693
944.0,32.256,-2.3478591073542665,3.4811702508511777,0.6899332879254128,0.2541020665677437,0.09142626375289628,-0.2192067323238399,0.004852752149861633,0.0007159237663632966,0.4645970252298866,-0.18039264712855796,0.26858556969045577,-0.0346424725543569,-0.17958212290207992,0.6283134386564796,6.549608416341641,4.464941805175775,55.4277914012798,55.42555117687939,55.42671676740114,55.42571489489563
945.0,32.288000000000004,-2.3396995101336056,3.4840554478214245,0.6829397380115259,0.25498741314562623,0.0901624053202026,-0.21854843480894112,0.004858695780319642,0.0008109659457115119,0.45883900041461534,-0.179951020873572,0.2690034931235997,-0.0346141556462313,-0.17916119768864597,0.627051826017702,6.54422780811819,4.460544927867213,55.49985327099815,55.497507364922136,55.49854703633556,55.49773364967188
946.0,32.32,-2.331510855571006,3.486900304413563,0.6759934106580825,0.25589545508127076,0.08890176850434175,-0.2170727297951289,0.004860076595666092,0.0008997442296973752,0.45309473402588846,-0.17952011477939053,0.2694478367523891,-0.0345889207175788,-0.178739963370044,0.6259416068955778,6.538815579408888,4.456112302480869,55.566576181151184,55.56411566547627,55.56506379386969,55.564403703907224
947.0,32.352000000000004,-2.3232924929663787,3.489704937671244,0.6691185533917404,0.25682383139456655,0.08764478930251414,-0.2148392895731657,0.004856319815725025,0.000981162321378378,0.4473640679274392,-0.17909397399850072,0.26991695141132843,-0.03456522917657699,-0.17831177121743244,0.6249646140681084,6.533371026588087,4.451643484079276,55.6282313321198,55.62564690158917,55.62653958869851,55.625995208104875
948.0,32.384,-2.3150438601498498,3.4924694799099694,0.6623375961509975,0.2577697755165593,0.0863919449601803,-0.21190491377323903,0.0048469530919648856,0.0010542351466692286,0.4416470481310931,-0.1786662389906604,0.2704088063690022,-0.0345414325886057,-0.17786969742120434,0.6241048603799354,6.527893435698461,4.447138109219568,55.685062924079375,55.68234503999767,55.68321974295114,55.682751460755014
949.0,32.416000000000004,-2.3067644949896664,3.495194079915848,0.655671234320379,0.2587301612557007,0.08514375018369315,-0.20832380720680568,0.004831608687799573,0.0011180968099529264,0.43594393550063115,-0.1782302184714684,0.27092102298316634,-0.03451580622318606,-0.17740669622798919,0.6233482771343432,6.522382104294578,4.442595905126743,55.737292192610305,55.73443137229328,55.73532635881147,55.73489309015458
950.0,32.448,-2.29845404532528,3.497878903983789,0.6491385042361503,0.2597015520121046,0.08390075212317641,-0.20414781513217004,0.004810024574383084,0.0011720074743854997,0.4302552126908483,-0.17777900664572824,0.27145091217492523,-0.0344865833663158,-0.17691575194288375,0.622682483878222,6.516836361748143,4.438016697496662,55.785120943696384,55.78210810808851,55.78306183365504,55.782621650451546
951.0,32.480000000000004,-2.2901122772404934,3.5005241367596187,0.6427568523522743,0.26068025264955186,0.0826635242446629,-0.19942662137110145,0.004782044368702497,0.0012153590722553986,0.4245815866934987,-0.17730561997321234,0.2719973567742099,-0.03446283508755034,-0.17644378516396111,0.6220965858128353,6.5112555878130305,4.43340041685071,55.82787028489738,55.82503995542533,55.82736875323791,55.82675174347296
952.0,32.512,-2.2817390816114047,3.503129981855181,0.6365421990989935,0.26166236340904975,0.08143265923633355,-0.19420791416504812,0.004758836736737529,0.0012496225684686677,0.4189230518492733,-0.1768326472283406,0.27255639687817473,-0.03443899676888376,-0.1759651688460626,0.6215809955152951,6.50563922928248,4.42874710338252,55.86750467428983,55.86456683362533,55.86672343035097,55.86619135748637
953.0,32.544000000000004,-2.2733344140922433,3.5056965654335768,0.6305089977621066,0.26264585997376305,0.08020573682485589,-0.18853754177769438,0.004738932763349131,0.001274012186201812,0.4132797148386006,-0.1763562401470777,0.2731241540050612,-0.03441049845727989,-0.1754594151272,0.6211272760534597,6.4999867078545135,4.424056797968137,55.90351671722369,55.900371800287225,55.901988479530864,55.90154609638781
954.0,32.576,-2.264898310031768,3.50822394718124,0.6246702904112484,0.2636282518898871,0.07898067961449078,-0.1824596047143363,0.00471749610170211,0.001287305590039231,0.4076520962089128,-0.17586340048765028,0.273697518498069,-0.0343782963080579,-0.17493351542925056,0.6207280029270446,6.494297448289732,4.419329559781289,55.93544328807021,55.93220352098155,55.93389029044048,55.93341051729555
955.0,32.608000000000004,-2.2564309169373082,3.5107121616602184,0.6190377610212753,0.26460603420183454,0.0777567024680594,-0.1760165434366416,0.004694574265950861,0.001289258972617168,0.40204078607932897,-0.17535210166492377,0.2742729993936816,-0.03434186252531929,-0.17438716675179167,0.6205822205094721,6.488570937232785,4.414565517066591,55.99798882574596,55.994666001417244,55.99642925269487,55.995892337371046
956.0,32.64,-2.247932459285035,3.513161170521701,0.6136343363017196,0.26557680163357006,0.07653152692133912,-0.16885702248613368,0.004670233456325437,0.0012797504167322174,0.3964464201966492,-0.1748209377362951,0.27484604017824615,-0.03430238354163116,-0.1738293068977998,0.620754070870621,6.4828065463480335,4.409764808431188,56.06884298081753,56.06527635488518,56.0670773399955,56.066677442573855
957.0,32.672000000000004,-2.239403266086175,3.5155708945156596,0.6084859878720018,0.2665372874643392,0.07530387481119995,-0.1608858884286628,0.004644364197448002,0.0012572129366011549,0.39086948426890233,-0.17427438905271447,0.27541265954587263,-0.03425994175166175,-0.1732628808740524,0.6212393558713416,6.477003622187087,4.404927623779298,56.13640624604432,56.13270767891572,56.13454456010905,56.13419709452299
958.0,32.704,-2.2308438003109314,3.517941226094402,0.6036175324383911,0.2674833054763948,0.07407286183570266,-0.15213923230035103,0.00461695209749812,0.00122087764767088,0.3853103476275507,-0.17371621356049458,0.2759687393933199,-0.03421402531955091,-0.17268789275959234,0.6220328429793928,6.471161563964322,4.400054233893502,56.20042028235284,56.1966675212617,56.19854249650909,56.198181974396604
959.0,32.736000000000004,-2.2222546679385644,3.520272028892197,0.5990525254430652,0.2684103866364395,0.07283758743108788,-0.1426564686039189,0.004588049593353921,0.0011705596207096335,0.3797693279343973,-0.1731481136110382,0.2765099901915969,-0.03416412541340769,-0.17210443121788635,0.6231282477327743,6.46527984630045,4.3951449959481295,56.260645558772396,56.256869067366466,56.25878203658223,56.25838379841555
960.0,32.768,-2.2136366211018945,3.5225631389661562,0.5948131585883242,0.2693139636459637,0.07159718981123675,-0.13248021421067155,0.004557731386868028,0.001106300125265977,0.3742467177038911,-0.17257090931718688,0.27703216663513935,-0.0341097691874826,-0.17151269766169427,0.6245182241610645,6.459358038554187,4.390200355694763,56.316826418312935,56.31306114087982,56.315013826686844,56.314546257498
961.0,32.8,-2.204990558825397,3.5248143667262104,0.5909201619256655,0.27018944614057494,0.07035086750170003,-0.12165614570809564,0.004526098902810717,0.0010284141105328607,0.3687427952205265,-0.17198508520130854,0.2775311697951744,-0.034050533807635314,-0.17091301195645847,0.6261943635298951,6.45339582283339,4.385220848287301,56.368720958553844,56.3650076300083,56.36700270866091,56.36642774422706
962.0,32.832,-2.1963175248234514,3.52702549963102,0.587392711197142,0.27103231256077076,0.06909790327529812,-0.11023283526634899,0.004493285008727558,0.0009375410791059,0.36325782745984825,-0.17139104016833256,0.2780031615270925,-0.03398605876247161,-0.1703058036856506,0.628147201782502,6.44739300999758,4.380207097424483,56.41610322547753,56.41248859716147,56.41452928158533,56.41380296397067
963.0,32.864,-2.187618701789805,3.5291963057196827,0.5842483411195429,0.2718382198014812,0.06783769027071032,-0.098261564924981,0.004459458476223333,0.0008346946568133444,0.35779206954176246,-0.17078919527503814,0.27844468731911526,-0.03391605716134054,-0.16969159521563043,0.6303662360200822,6.441349552928585,4.375159812462445,56.458765364291416,56.45530143587872,56.45739122448726,56.45646475266232
964.0,32.896,-2.178895401623638,3.5313265380285386,0.5815028653004946,0.27260313019268345,0.06656975965173927,-0.08579611934525233,0.004424827516165978,0.0007213046886019075,0.35234576289027725,-0.1701800327273578,0.2788528014535428,-0.033840325837303085,-0.1690709796307881,0.6328399502471572,6.435265556350576,4.37007978315308,56.4965197970463,56.49326196517789,56.49540440683179,56.49422602631392
965.0,32.928,-2.1701490511182007,3.5334159399063334,0.5791703034642608,0.27332345329495145,0.06529380868109555,-0.07289255738231301,0.004389641544332144,0.0005992438939471344,0.34691913315052425,-0.1695641010391503,0.279225186295108,-0.0337587535786367,-0.1684445952029676,0.6355558503827817,6.429141282537491,4.364967871705479,56.52920137124666,56.52620542660199,56.52840382935423,56.52692175065418
966.0,32.96,-2.1613811728044015,3.5354642511874625,0.5772628166370135,0.27399619730619484,0.06400972753527862,-0.05960896335147097,0.004354190247042401,0.00047083004002404966,0.34151238837768194,-0.16894200306117244,0.27956025615247154,-0.03367132658015193,-0.16781309751181547,0.6385005081924674,6.422977152369824,4.359825001960203,56.55666933845539,56.55398738594796,56.55624444844376,56.55441077875376
967.0,32.992,-2.1525933609059247,3.537471215112741,0.5757906508890996,0.27461912182742937,0.06271762266495809,-0.046005179622313416,0.004318799092559621,0.00033879495736918963,0.33612571775620503,-0.16831437504204236,0.27985723611690494,-0.03357813021911426,-0.1671771301920966,0.6416596133483873,6.4167737414035475,4.354652145617265,56.57880895367058,56.576484569414994,56.57880195630022,56.57657736115603
968.0,33.024,-2.1437872527209274,3.539436585804776,0.5747620901491036,0.275190880781134,0.06141783412608882,-0.03214252312487205,0.004283820737073947,0.00020621419005513268,0.33075929098596907,-0.16768186094480467,0.2801162079729207,-0.033479346517700605,-0.16653729533064932,0.6450180323383823,6.410531770890898,4.349450305668095,56.59553245862858,56.59359567731572,56.59597359714486,56.59333211600111
969.0,33.056,-2.1349644961721,3.541360136020075,0.5741834184889855,0.2757111421508888,0.060110944228093335,-0.01808348937869441,0.0042496223229305415,7.639591685217025e-05,0.32541325841462265,-0.16704508449077252,0.2803381187204265,-0.03337524712361104,-0.16589412464816838,0.6485598725200369,6.404252094028002,4.344220497435015,56.60677925271989,56.605242208305,56.60767907856794,56.60461228361241
970.0,33.088,-2.1261267147101175,3.5432416648263794,0.5740588921356136,0.27618067068692037,0.05879777519701043,-0.0038914485428714705,0.0042165693999758145,-4.726544866215476e-05,0.320087751966829,-0.16640462067283382,0.28052475180503805,-0.03326618222196043,-0.165248052703665,0.652268549378471,6.397935678061988,4.338963727889372,56.612515177170415,56.61136928854973,56.61386157805949,56.6103811948035
971.0,33.12,-2.1172754711425488,3.5450810048073427,0.574390721303987,0.27660136148655307,0.05747937440510964,0.010369661511672627,0.004185007964192213,-0.00016145821742780686,0.31478288690056383,-0.1657609682046904,0.28067866573037514,-0.033152566341242286,-0.1645993934089266,0.6561268550999177,6.391583583217281,4.333680974158736,56.612731023079924,56.61194644206085,56.61448875882561,56.61062704066162
972.0,33.152,-2.1084122322116214,3.546878028391613,0.575179061790575,0.2769762165914481,0.05615698700844256,0.024635640205870214,0.004155246681476024,-0.00026312626935845685,0.30949876439465057,-0.1651145242720601,0.2808031080414778,-0.03303486237659183,-0.1639483211041123,0.6601170269560901,6.385196939638541,4.328373162296318,56.60744056584322,56.606968184818086,56.609553629210836,56.60536119756418
973.0,33.184,-2.099538335795455,3.5486326529472145,0.5764220161333149,0.27730926300523484,0.05483201736255265,0.03884232321062648,0.004127541539547156,-0.00034962467584864163,0.30423547493255854,-0.16446556288319883,0.2809019139040424,-0.032913565229037496,-0.16329485729058746,0.6642208146479824,6.378776923646486,4.323041147432088,56.596678551959464,56.59645430769368,56.599075049066876,56.5946164709622
974.0,33.216,-2.090654962430917,3.550344844372202,0.5781156440560492,0.27760541764177915,0.05350598203084878,0.05292587258544122,0.00410208484223891,-0.0004188392099859388,0.2989931023942433,-0.1638142179967407,0.2809793975783848,-0.03278918625092721,-0.16263886383951562,0.6684195465324624,6.37232473453847,4.317685696335964,56.580499060721856,56.580449751316785,56.58309773189627,56.57844562467243
975.0,33.248,-2.0817631124745524,3.5520146190356363,0.5802539818780665,0.2778703111364245,0.05218045823233172,0.06682305693804902,0.004078999690189854,-0.00046925737176812746,0.2937717287068492,-0.1631604723953607,0.28104024276330564,-0.032662239296699265,-0.16198004309859565,0.67269419535736,6.365841572950109,4.312307473209314,56.55897452681043,56.55902406251414,56.561691704812475,56.5569204519217
976.0,33.28,-2.0728635896998937,3.5536420440580816,0.5828290705799479,0.2781100867080521,0.05085703195140942,0.08047152193378442,0.004058340098178341,-0.000499987520512043,0.2885714388483015,-0.16250415295783385,0.2810893951463568,-0.03253322874741096,-0.16131794485004336,0.6770254445920498,6.3593286214734634,4.30690702922096,56.5321954941274,56.532270521638445,56.53495132356003,56.53013146361783
977.0,33.312,-2.063956991570603,3.5552272360453867,0.5858309922600397,0.27833119154036257,0.049537249603290215,0.09381005250287669,0.0040400959693101144,-0.0005107314999951738,0.28339232595809805,-0.1618449325786997,0.2811319585163396,-0.032402639535390416,-0.16065197959750868,0.6813937565740057,6.352787027868562,4.301484795973705,56.50027096236182,56.500305099064356,56.50299403852018,56.49818808989287
978.0,33.344,-2.0550437059239486,3.5567703584853025,0.5892479147707322,0.27854017645792195,0.04822257624736441,0.10677882845913143,0.004024201518395306,-0.0005017224593808694,0.2782344962958843,-0.16118233854001848,0.2811730948437982,-0.03227092899778813,-0.15998143725428926,0.6857794435120083,6.3462178908764555,4.296041082784175,56.4633290580309,56.4632654094352,56.46595913140532,56.46121917485811
979.0,33.376,-2.046123913416779,3.558271618073928,0.5930661443701876,0.2787435158490866,0.046914362144550754,0.11931967498299205,0.0040105455171523105,-0.00047364225643344726,0.27309807380280027,-0.16051576671815157,0.2812179287047796,-0.03213852032835152,-0.1593055100254305,0.6901627419881149,6.339622248394419,4.290576077424644,56.42151773778563,56.42130978623032,56.42400659165455,56.419373516438974
980.0,33.408,-2.0371975948565013,3.559731260257945,0.5972701862490621,0.27894745500864004,0.04561381825053157,0.1313763087148158,0.003998981882115275,-0.0004275320670174777,0.2679832040582924,-0.15984450066919625,0.28127145683418653,-0.03200579742314258,-0.1586233181569473,0.6945238911111099,6.3330010676308595,4.285089849830595,56.375005292228174,56.37461652351828,56.3773162091234,56.37282024778431
981.0,33.44,-2.0282645424557906,3.561149564266238,0.6018428127871353,0.27915788752224135,0.044322000259158105,0.14289457931480043,0.003989339506556138,-0.00036470675115500133,0.2628900574768916,-0.15916773442494467,0.28133846403185925,-0.03187310097367989,-0.15793393724545013,0.6988432140104164,6.326355236815796,4.2795823582195025,56.3239805175914,56.323383259682196,56.32608686780858,56.3217489369998
982.0,33.472,-2.019324374080011,3.5625268378714825,0.6067651393631067,0.2793802617430778,0.04303980016388338,0.15382270549909122,0.003981430691676553,-0.00028667956420401025,0.2578188316456036,-0.15848459775347054,0.2814234468094779,-0.031740725709760415,-0.15723642593393686,0.7031012019976078,6.319685558080387,4.27405345707718,56.26865251700412,56.267826432169194,56.27053596406423,56.266369361621024
983.0,33.504,-2.0103765496589725,3.563863412079443,0.6120167074886689,0.2796195131574866,0.041767943998770755,0.16411150392383544,0.003975057936921218,-0.0001951001157073455,0.2527697527550507,-0.15779418268226023,0.2815305460338514,-0.031608918719841894,-0.15652985300800024,0.7072786004934947,6.312992741206295,4.26850290652363,56.20925015849876,56.20818071906973,56.210898851167215,56.20691097189922
984.0,33.536,-2.00142038907052,3.565159635899544,0.6175755749738037,0.27988001838911625,0.040506994378154325,0.1737146089104427,0.003970019140095355,-9.17057203511299e-05,0.24774307612169064,-0.15709557020893153,0.2816634894431192,-0.031477878778870386,-0.15581332311813895,0.7113564957159855,6.306277398053925,4.262930382647417,56.14602124875013,56.14469839525387,56.14742822233093,56.143622087464024
985.0,33.568,-1.9924550909431527,3.5664158713102636,0.6234184127622703,0.2801655664802536,0.03925735658498896,0.18258868088960184,0.003966111424268714,2.1715380268237944e-05,0.24273908583256357,-0.15638785630072147,0.28182554444842917,-0.031347756602733284,-0.15508600055053595,0.7153164011210733,6.2995400375860084,4.257335488478344,56.07923148776438,56.07764855556976,56.08039337151296,56.076768880706844
986.0,33.6,-1.983479751950402,3.5676324884996085,0.6295206080108973,0.28047934352342846,0.03801928716702226,0.19069360151957193,0.003963133872141946,0.0001433511748137697,0.2377580935685875,-0.15567017647210854,0.2820212934604513,-0.03122665106789397,-0.15438535540491266,0.719140179012822,6.292781061495822,4.251717765341552,56.008471202607474,56.00693215186471,56.01064044866849,56.007040215142474
987.0,33.632,-1.9744933862837257,3.5688098614730395,0.6358563629336026,0.2808239270836625,0.03679290541972319,0.1979923413345633,0.003969188072809877,0.000273291342433484,0.23279977128849255,-0.15496277204177403,0.28225607201570097,-0.031124912771939774,-0.15375943261885117,0.7228100644970141,6.286000760623085,4.246076704431026,55.93424022373638,55.93307998910133,55.938137484469976,55.93448436141334
988.0,33.664,-1.9654949064463634,3.5699482857533904,0.6423987949569552,0.28120249491754196,0.035575758760962764,0.2044510007297454,0.003996526881269505,0.0004133201591606329,0.22786266465673694,-0.1543010917576596,0.28252768854777205,-0.031023871332573248,-0.15311809272428797,0.7263094066522047,6.279199235891919,4.240411676182947,55.85973281431522,55.85792936327839,55.86071242722622,55.85778388212955
989.0,33.696,-1.956483079399787,3.5710478589806485,0.6491200816841343,0.2816195952055447,0.034361663351818346,0.2100402102243696,0.004027021126900776,0.0005578557544100507,0.22294636670031334,-0.15365148665208567,0.2828387129599445,-0.030929539518542992,-0.15248966233282218,0.7296223160508332,6.272376278292867,4.234721815649032,55.781632484337955,55.77960881677431,55.782211244829945,55.77958761511655
990.0,33.728,-1.9474566272492768,3.572108647614454,0.6559915850450608,0.28207662970340974,0.03314964480642297,0.2147344800289312,0.004059550682900071,0.0007047650833190683,0.21805046858616992,-0.15301440335337144,0.28318999088640445,-0.030842185375523606,-0.15187522479131105,0.7327337376648955,6.265531531899511,4.229006210734066,55.70153530306532,55.699294061607354,55.70171135776648,55.69939588497619
991.0,33.76,-1.9384142518693537,3.573130692487919,0.6629839780799642,0.28257423062262926,0.031938902295778525,0.2185122823407553,0.004092988009755713,0.0008519175198207998,0.21317453572296532,-0.15239063696072058,0.2835817282918329,-0.030761771991139074,-0.15127470469373944,0.7356295177142348,6.258664504512951,4.223263923760878,55.619788577974674,55.617330657580055,55.619559891144675,55.61755408247136
992.0,33.792,-1.929354659066538,3.5741140148401946,0.6700673743881181,0.28311227508795744,0.030728823508612727,0.22135613462978493,0.004126196862801216,0.0009971850370756369,0.20831812324882332,-0.1517804980065695,0.28401349824901456,-0.030687966745190514,-0.15068690909517002,0.7382964660772905,6.251774579974652,4.2174940129133445,55.53674496626918,55.534071205879584,55.536114741723466,55.534414146467455
993.0,33.824,-1.9202765822580408,3.5750586228218855,0.6772114596116712,0.2836899002655706,0.02951899942784156,0.22325266323605683,0.0041580508111388696,0.0011384661661187686,0.20348080260635135,-0.15118346984311037,0.2844842484565784,-0.030620153286857084,-0.15010958423623064,0.7407224139447407,6.244861032325325,4.211695553544427,55.45276327991101,55.44987393430182,55.45173983879785,55.450333641979526
994.0,33.856,-1.9111788053761167,3.5759645183219013,0.6843856243293818,0.2843055275600943,0.028309234375492206,0.22419264742843104,0.004187451127500474,0.001273709258800054,0.1986621920529479,-0.15059808649190876,0.28499231708025613,-0.03055745044972316,-0.1495395038194611,0.7428962664467681,6.237923041648161,4.20586765904289,55.36820669261351,55.36510132218217,55.366803337771856,55.3656743775134
995.0,33.888,-1.90206018473167,3.5768317039657602,0.6915590977391507,0.28495689513899025,0.027099551370593708,0.22417104405530366,0.004213343962224797,0.0014009350460112025,0.19386198740355853,-0.1500219261247416,0.2855354565658108,-0.03049873670042578,-0.14897258143897263,0.744808050027856,6.230959711417088,4.200009500971389,55.283441023315284,55.28011862417528,55.28167589519331,55.28080091559024
996.0,33.92,-1.892919669594582,3.5776601901382863,0.6987010815164432,0.28564109803396875,0.02589019289143667,0.22318699304036474,0.004234736712746908,0.0015182585232484931,0.18907999092955532,-0.14945166930546447,0.286110864990435,-0.030442679124673615,-0.14840400165513173,0.7464489543843511,6.223970087152023,4.194120328208603,55.19883306124396,55.19529234425946,55.19672898655956,55.196079032942734
997.0,33.952,-1.8837563212713915,3.578450001888029,0.7057808832476152,0.2863546350997361,0.024681617179461653,0.22124380409915137,0.00425071350423207,0.0016239102031606102,0.18431613715999065,-0.14888319624655968,0.2867152245106156,-0.030387766145401184,-0.14782836506907773,0.7478113688198008,6.2169531761633126,4.188199484848393,55.11474891922015,55.110988689436056,55.11233325419188,55.11187415926604
998.0,33.984,-1.8745693304829707,3.5792011855762915,0.7127680488523996,0.2870934621381172,0.023474490258201957,0.21834892514948828,0.004260449702001408,0.0017162567881722312,0.17957051477965208,-0.14831170904422425,0.2873447464667755,-0.030332343261191497,-0.14723984321165723,0.7488889129104197,6.209907968147077,4.182246426629179,55.03155241280795,55.0275720206183,55.028856882866414,55.0285498117258
999.0,34.016,-1.8653580328653014,3.5799138151402046,0.7196324934279278,0.28785305055219595,0.02226967387228519,0.21451389298527831,0.00426322538101121,0.001793821331255516,0.17484338409079345,-0.14773187035572155,0.2879952227398984,-0.030274651145102506,-0.14663233938160142,0.7496764614081558,6.202833456372222,4.1762607356864185,54.94960346784278,54.94540331229,54.94666400517883,54.94646603683512
1000.0,34.048,-1.8561219224349625,3.580587997846598,0.7263446299672234,0.28862845094805817,0.021068209574798685,0.20975426685296364,0.0042584376805509345,0.0018553029651993326,0.1701351896935354,-0.1471379526283168,0.2886620829828332,-0.030212865476969237,-0.14599965187173033,0.7501701633407324,6.195728659178789,4.170242133439858,54.86925656092424,54.86483862931742,54.866113139918184,54.86597786849866
1001.0,34.08,-1.846860662877175,3.581223879421372,0.7328754954276252,0.28941436118088965,0.019871299211690032,0.2040895456375795,0.004245611972020272,0.001899596285659865,0.16544656818487516,-0.14652399334578567,0.2893404573930443,-0.03014513790737806,-0.14533563634079066,0.7503674552968422,6.188592641486345,4.164190491444775,54.79085919830062,54.78622762732684,54.78755566661893,54.78743380957275
1002.0,34.112,-1.8375740965279699,3.581821648447487,0.7391968736486133,0.29020519841263054,0.01868028206608376,0.1975430694058562,0.004224411762311358,0.0019258104651329615,0.1607783507964612,-0.14588395254231043,0.2900252447129507,-0.03006963757016306,-0.14463436443506653,0.750267068909398,6.181424535990761,4.158105840052552,54.71475043884046,54.709912081514595,54.711334338554984,54.71117434345188
1003.0,34.144,-1.8282622509332118,3.582381539933565,0.7452814146435351,0.29099517483622145,0.017496608939933916,0.1901419060913284,0.0041946472431390784,0.0019332881463976288,0.15613156099437298,-0.14521186937332584,0.2907111851584885,-0.029984592572465073,-0.14389027611104668,0.7498690325706002,6.174223563708326,4.1519883747405375,54.64125946694822,54.63622444733641,54.63778183516684,54.63753048172955
1004.0,34.176,-1.8189253428759875,3.582903837964374,0.7511027498152806,0.29177837678822716,0.016321813462781116,0.18191672411702448,0.004156282375586677,0.0019216241058095578,0.15150740715387917,-0.14450201496052673,0.2913929379402465,-0.02988833089400307,-0.14309832344803514,0.7491746674289111,6.16698905350855,4.145838459984454,54.57070422142,54.565486455044734,54.567219353402706,54.566822353728
1005.0,34.208,-1.8095637797707436,3.5833888773542735,0.7566356026715719,0.2925488470389054,0.0151574809343652,0.17290165175912367,0.004109440367482156,0.0018906835779729713,0.1469072705000966,-0.14374903909865167,0.2920651629693751,-0.029779320118486295,-0.14225410403304803,0.7481865777305725,6.159720460261961,4.139656630558938,54.503390086501135,54.49800773854978,54.49995523598003,54.49935784366898
1006.0,34.24,-1.8001781583284506,3.5838370442351803,0.7618558946408049,0.2933006700716214,0.014005215028338278,0.16313412403851346,0.00405440735789303,0.0018406199814990168,0.14233268857343287,-0.14294810873097308,0.29272741002057484,-0.02967951784916636,-0.14146203895102993,0.7469081075343983,6.152417381217993,4.133443590164076,54.437616355944485,54.43292215582838,54.43788407241574,54.43663399341207
1007.0,34.272,-1.7907692604785477,3.584248775639713,0.766740814265035,0.29402805780949964,0.012866606391646914,0.15265373825720743,0.004015151670895271,0.0017768022150813569,0.13778350242133602,-0.14215287625756878,0.29336883509686984,-0.029565161432359585,-0.14061462069999753,0.7453443973279331,6.145079569913551,4.127200207425932,54.378939700203816,54.37361429162958,54.376512004274915,54.37568439061887
1008.0,34.304,-1.7813379678784567,3.5846243384739664,0.7712689437164265,0.29472789375281117,0.011736338570418689,0.14150404535596764,0.003974567562739676,0.001695063075619182,0.13326056096263084,-0.14133061664424934,0.29398567847979584,-0.02944076709717615,-0.13973507956443423,0.7435018493973965,6.137706756434732,4.1209272964703345,54.323035588086995,54.31764552953284,54.32059180185577,54.319599712090664
1009.0,34.336,-1.7718853255253846,3.58496399035619,0.7754203511348412,0.2953950735335351,0.010614121319489415,0.12973148182547328,0.003932152648327827,0.0015958109055871918,0.12876481925424288,-0.14047861531755426,0.2945733712003572,-0.02930668476205544,-0.13882717090192737,0.7413880761318765,6.130298811083691,4.114625775404475,54.27139864979975,54.26602024211073,54.2691143312575,54.267886961284006
1010.0,34.368,-1.762412537772987,3.5852679869968282,0.7791766747096492,0.29602461726239443,0.00949989501994213,0.11738511171273812,0.0038882061877550146,0.0014800329747877493,0.12429721140173718,-0.13959759822581005,0.29512769889869084,-0.02916315415468478,-0.13789386676818433,0.7390118625145996,6.122855763755812,4.10829666780395,54.22431558412832,54.21901077511954,54.22224957847227,54.22073946165055
1011.0,34.4,-1.752920957980884,3.5855365824917116,0.7825212001195291,0.2966118685032486,0.008393609215105272,0.10451641905875649,0.003843056540006094,0.001349144831426691,0.11985861193662033,-0.13868947482370142,0.2956449746605081,-0.029010530050794542,-0.1369383449045749,0.7363831219363496,6.115377813589802,4.101941094749075,54.181993556634986,54.176831303429076,54.18020914934295,54.178366882872346
1012.0,34.432,-1.7434120743391037,3.5857700296557637,0.7854389310008183,0.2971526138056,0.0072952238766291365,0.09117909004027779,0.003797060441558147,0.0012050247068773321,0.11544981472244574,-0.1377568143181645,0.29612214818804244,-0.028849277586461185,-0.13596392442178476,0.7335128453640373,6.107865334810529,4.095560264328518,54.14462019278034,54.13967320472862,54.1431828287168,54.140958257183
1013.0,34.464,-1.7338874915562579,3.5859685803549346,0.7879166520954215,0.29764321196396554,0.006204709349089805,0.0774287842063586,0.003750601900533415,0.0010500305882247417,0.11107152064567283,-0.13680256888263168,0.29655690147921054,-0.02867996746031374,-0.13497401148600555,0.7304130440763188,6.100318878204993,4.089155458400973,54.11236292477608,54.10770358530556,54.11133641428357,54.10868152416758
1014.0,34.496,-1.7243489082528412,3.5861324857734025,0.7899429847524752,0.2980807282317393,0.0051220443271210265,0.06332289553291957,0.0037040887985708114,0.0008869901268519535,0.10672433022576507,-0.13582991680962656,0.2969477229453045,-0.028503269688307742,-0.13397205172522006,0.7270966865380347,6.092739167800551,4.082728016498361,54.08536837720082,54.08106387113584,54.08481001633187,54.08168306205924
1015.0,34.528,-1.7147980901468896,3.5862619965456446,0.7915084345010848,0.2984630658110203,0.004047211632566163,0.04892030464405586,0.003657946669116327,0.0007191555334029641,0.10240873923988021,-0.13484216467948407,0.29729395253718227,-0.028319944943421417,-0.1329614872412803,0.7235776304252246,6.085127092530505,4.076279316918255,54.06376181057079,54.059868730228665,54.06371683748585,54.06008720807517
1016.0,34.56,-1.7052368394382031,3.586357362680539,0.7926054304788787,0.29878908464641685,0.0029801917154483877,0.034281124306055254,0.003612609429743176,0.0005501185794838973,0.09812513640797992,-0.13384267925619217,0.2975957931257298,-0.028130833108486623,-0.1319457174575176,0.7198705512591693,6.077483692953784,4.069810755268133,54.047646521351524,54.04420555995928,54.0481426304399,54.043995744637456
1017.0,34.592,-1.6956669611622084,3.586418833209333,0.7932283565932498,0.29905869612486913,0.0019209540248201658,0.019466441074098763,0.003568507311952503,0.00038368595591972606,0.09387380264992813,-0.13283483513707814,0.29785428749105014,-0.027936839229586122,-0.13092806367667248,0.7159908694532343,6.069810143421297,4.063323720971694,54.03710313836124,54.03413470660431,54.03814598581962,54.033487331734925
1018.0,34.624,-1.6860902276480914,3.586446655502526,0.793373574403147,0.29927292231612374,0.0008694466622770762,0.0045380565592898405,0.0035260527876672383,0.00022372191422641535,0.08965491165635989,-0.1318219716075977,0.29807126490009767,-0.027738917552888483,-0.12991173751015306,0.71195467770105,6.062107730413353,4.056819572496243,54.032188824130046,54.02969045869688,54.03375947408405,54.02861690312744
1019.0,34.656,-1.6765083425164633,3.586441074222437,0.7930394378265411,0.29943391036340966,-0.00017441500278771705,-0.010441768018937715,0.003485625808918057,7.397194545361577e-05,0.08546853162735316,-0.13080735574581445,0.2982492651687056,-0.02753805467898558,-0.12889981344249446,0.7077786704504351,6.054377828060128,4.050299612268203,54.03293647407575,54.030882688367065,54.03499148403197,54.029415100527366
1020.0,34.688,-1.6669229058264143,3.5864023299067513,0.7922262998846017,0.29954489656399663,-0.0012107598651721373,-0.025410560685602754,0.003447559998740935,-6.211367005234471e-05,0.0813146280813165,-0.1297941505468833,0.29839145009779483,-0.027335252985042528,-0.12789520577838803,0.7034800766991018,6.046621872047596,4.043765062368121,54.03935407518886,54.03769885349235,54.04182842543445,54.03588786805697
1021.0,34.72,-1.6573353819832857,3.5863306572099787,0.7909365117697843,0.29961012009780374,-0.0022397717741459403,-0.04030587858804793,0.003412131429241039,-0.00018153603588714096,0.07719306764668687,-0.12878538763685413,0.29850151170555717,-0.027131515326290264,-0.1269006501380878,0.699076596596473,6.038841333164474,4.037217042104014,54.051424402813666,54.05010597886066,54.05423686490278,54.048016338860734
1022.0,34.752,-1.6477470718321714,3.5862262828598936,0.7891744145576663,0.2996346922222876,-0.0032616984401569694,-0.05506553787867985,0.003379551258661646,-0.00028186591634369674,0.07310362273557691,-0.1277839444789168,0.2985835840430903,-0.02692783168296391,-0.12591868952128393,0.6945863415033517,6.031037691646704,4.030656548441736,54.069105179801156,54.068052249460365,54.07216519021331,54.06575710072356
1023.0,34.784,-1.6381590900136815,3.586089423409984,0.7869463238670718,0.29962443182784093,-0.004276857809682371,-0.06962783408108884,0.003349962854371624,-0.00036131309999586574,0.06904597697340717,-0.12679252605688848,0.2986421617111779,-0.0267251679922112,-0.12495166477744964,0.6900277764411449,6.023212413243074,4.024084440039329,54.092329711199696,54.09146797271893,54.09554454553438,54.089042838897385
1024.0,34.816,-1.628572348208888,3.5859202828833365,0.7842605077163652,0.2995856813997622,-0.005285641457727327,-0.08393175470956905,0.0033234432796929478,-0.00041874442774806725,0.06501973123322356,-0.12581365096232652,0.298682024803268,-0.026524457025517166,-0.1240017091194357,0.6854196634131883,6.015366927606207,4.017501425329688,54.12100788460959,54.1202658518906,54.124288992517684,54.11778325786512
1025.0,34.848,-1.6189875444291424,3.5857190504070573,0.7811271577414288,0.2995251181170857,-0.006288514883726752,-0.09791718671677381,0.0033000083737631286,-0.00045365625338277687,0.06102441010753359,-0.12484964167428328,0.2987081679197536,-0.026326590937613824,-0.12307074613330231,0.6807810039749946,6.0075026092708255,4.0109080547762535,54.15502734326271,54.1543406899419,54.158295049663,54.151866120819896
1026.0,34.88,-1.6094051580893922,3.5854858979302775,0.7775583538525352,0.2994495731171593,-0.007286014899367827,-0.11152512152791187,0.0032796202568284396,-0.000466112868914702,0.05705946865003363,-0.12390261865459735,0.2987257304073664,-0.026132415043794995,-0.12216049060455411,0.6761309796415389,5.999620761177659,4.004304717141334,54.194254626632606,54.19356875481133,54.19744088101475,54.191158240635865
1027.0,34.912,-1.5998254502940141,3.585220978105791,0.7735680223314166,0.2993658686055983,-0.008278744515200855,-0.12469786003497019,0.00326219600043419,-0.0004566648012984407,0.05312429923511341,-0.122974497728456,0.29873992576945657,-0.025942722446851543,-0.12127245142781608,0.6714888891469506,5.9917226004803705,3.9976916393931816,54.23853612771529,54.2378070618266,54.241585424061185,54.235506304747304
1028.0,34.944,-1.5902484685838063,3.5849244223988,0.7691718873188671,0.29928067844396095,-0.009267365843472836,-0.13737921914215775,0.0032476163650876234,-0.0004262600973027974,0.04921823841073459,-0.12206699011681894,0.2987559695623315,-0.02575824926321122,-0.12040793589618537,0.6668740820855159,5.983809246253524,3.9910688897516517,54.28769880554618,54.28689278365517,54.290567687350595,54.28473749235908
1029.0,34.976,-1.5806740553340388,3.5845963394692486,0.7643874156224032,0.299200414055267,-0.010252591548480258,-0.1495147405145133,0.0032357338208047165,-0.00037615880593278733,0.045340573653956044,-0.1211816044526054,0.2987790064284775,-0.025579670333206753,-0.1195680547722971,0.6623058889471124,5.9758817086962805,3.984436383328638,54.34155067772732,54.34064291836335,54.344206353384415,54.338659914027154
1030.0,35.008,-1.5711018590290151,3.5842368138590635,0.7592337547814185,0.29913113453195733,-0.011235175318284737,-0.16105190128075308,0.0032263794143672572,-0.0003078571333295874,0.041490549971464466,-0.12031965015164525,0.29881403779012766,-0.02540759539975036,-0.11875372769183108,0.6578035479403997,5.967940879477762,3.9777938898405703,54.39988117433128,54.39885426673377,54.40229973165187,54.397062949410135
1031.0,35.04,-1.5615313477334924,3.583845905003414,0.7537316643581479,0.2990784779851162,-0.01221590173904187,-0.17194032572722692,0.0032193683467881986,-0.00022302424309835126,0.0376673763154053,-0.1194822416067664,0.2988730076289071,-0.025269666731103847,-0.11808892547569176,0.6533868061979968,5.959987522967185,3.971141042932375,54.46026219962451,54.46026527843878,54.46680412726849,54.46122778392993
1032.0,35.072,-1.5519618242068365,3.5834236464463864,0.7479034806907082,0.29904761020796544,-0.013195579907114474,-0.18213073960746856,0.003241860060998136,-0.00011616621110916364,0.03386814603939426,-0.1187362558548392,0.2989551055677391,-0.025138581787871782,-0.117447114471171,0.6491163894542372,5.952022268586626,3.9644773506387434,54.53553103836014,54.53499375922966,54.53850110919473,54.533881822790555
1033.0,35.104,-1.5423923623155076,3.582969773596914,0.7417754857691146,0.29904568410406107,-0.014183526546017629,-0.19149984129982298,0.0032715493366838083,6.8062382300042345e-06,0.030091086756381332,-0.11804513217281416,0.2990658216895361,-0.025021890473855453,-0.11686139282847327,0.6453584227197288,5.944045400779032,3.957801950068461,54.67087057955378,54.67021847444468,54.6733295123026,54.66924666003433
1034.0,35.136,-1.5328218697704141,3.5824838755738257,0.7353960557471879,0.29907789203413704,-0.015184313221504007,-0.19935718818518539,0.0033069778894777775,0.00014335632835318153,0.026334433799610955,-0.11740894374499705,0.2992057738816364,-0.024920867025255068,-0.11633756034601571,0.6420514119933614,5.936057134077024,3.9511137626803547,54.79688333401957,54.79567825906702,54.798167367253996,54.79508690861063
1035.0,35.168,-1.5232491104666674,3.5819654883854577,0.7288102198287928,0.29914872824211675,-0.01619959963650342,-0.20580737244987024,0.003345004305915995,0.00028733391057718475,0.0225962780366153,-0.11683181971451166,0.2993795292009473,-0.024836271778917934,-0.11587746705888086,0.639141242554158,5.928057346274296,3.9444115793792913,54.9136660635956,54.912371694412045,54.91448457793264,54.91196153649366
1036.0,35.2,-1.5136727659596534,3.5814141217591593,0.7220599175860903,0.2992607658441558,-0.01723020707182306,-0.2109469450844281,0.003384502914857502,0.00043618234308055243,0.018874629302736597,-0.11631664271748131,0.2995899311258569,-0.024767995556047178,-0.11547957047794231,0.6365802934476591,5.920045644831201,3.9376941218238195,55.022250717751824,55.020881415170344,55.02262602625988,55.020647039883194
1037.0,35.232,-1.504091461602545,3.580829268208677,0.7151842252597322,0.29941576115967256,-0.018276673452571127,-0.21486538519871418,0.0034244118575939534,0.0005874437622075109,0.015167482284215363,-0.11586388339098992,0.2998391233812818,-0.024715659607653925,-0.11514131833565276,0.63432665823394,5.912021397299621,3.9309600668514633,55.12323996120775,55.12180392455222,55.123194481876446,55.121740258310645
1038.0,35.264,-1.4945037919380164,3.5802104121232867,0.7082195549612782,0.29961467701648237,-0.01933925266844666,-0.21764594682666455,0.003463735606601279,0.0007387598394497799,0.011472869953207272,-0.11547234260638627,0.3001285337581992,-0.024678625697185326,-0.11485919920494306,0.6323434592458672,5.903983763493145,3.9242080702938678,55.21716204560214,55.21566390345028,55.21671956654713,55.21576513509321
1039.0,35.296,-1.4849083452614389,3.579557038786879,0.7011998302278895,0.29985770864308064,-0.020417916762746097,-0.21936639791842238,0.00350154819714599,0.0008878817315914819,0.0077889049764349235,-0.11513952912017839,0.3004588714681826,-0.024656010372922657,-0.11462881142580332,0.6305982441363631,5.89593172878573,3.9174367900637064,55.30448140445177,55.30292334116566,55.30366751418192,55.30318270669053
1040.0,35.328,-1.4753037271933989,3.5788686432349524,0.6941566410098227,0.30014431462621727,-0.021512360997702852,-0.22009966306456263,0.0035369972814446545,0.0010326825160647318,0.004113814296584299,-0.11486187393752463,0.3008301371039766,-0.02464670346417606,-0.11444495051700693,0.6290624548399996,5.887864137944926,3.9106449083432135,55.38560757046685,55.38399001853184,55.38444983654677,55.38439969479972
1041.0,35.36,-1.4656885830832078,3.57814473885244,0.6871193808315025,0.3004732534435032,-0.02262201195351004,-0.2199143805725299,0.0035693084393988183,0.0011711706894599462,0.00044596900886574673,-0.11463487805690574,0.301241643429223,-0.024649390414540492,-0.11430171332398213,0.6277109602591996,5.879779728957921,3.9038311526906635,55.46090290495932,55.45922502522013,55.45943087573958,55.45977609654708
1042.0,35.392,-1.4560616190615885,3.577384865614429,0.6801153685573869,0.3008426256755705,-0.023746038687846978,-0.2188753835660887,0.0035977893269370257,0.001301503739220073,-0.0032160897665317006,-0.11445323804866454,0.30169204556947365,-0.024662577801932102,-0.11419261557060653,0.6265216450280957,5.871677166359353,3.896994315879156,55.530689319706525,55.528949378998604,55.5289344025292,55.52963185332489
1043.0,35.424,-1.4464216215662633,3.5765885978742755,0.6731699569129722,0.3012499217289451,-0.024883366879796497,-0.21704411388798156,0.003621833358783615,0.0014220010986100923,-0.006873628921911038,-0.11431096844362562,0.3021793794068174,-0.02468462132220518,-0.11411071891580946,0.6254750476247243,5.863555073618755,3.890133274288535,55.59525413055808,55.59344982853799,55.593249384011024,55.594252687919855
1044.0,35.456,-1.4367674751761261,3.575755551608659,0.6663066296573885,0.30169207469175296,-0.026032695800506794,-0.21447897673696648,0.0036409227093664198,0.0015311560022740855,-0.010527705429650695,-0.1142015276477045,0.3027011071070204,-0.024713755520048928,-0.11404876354508468,0.6245540419097574,5.855412064192855,3.883247004683857,55.654855155467395,55.652983922780145,55.65263502210076,55.65389519837752
1045.0,35.488,-1.4270981786062187,3.574885391036161,0.659547089075231,0.302165517809641,-0.02719251789057597,-0.21123564319244678,0.0036546304812319604,0.001627645902254731,-0.014179152589921248,-0.11411794833598803,0.30325416879641154,-0.024748124590506793,-0.11399930250437426,0.6237435568805865,5.847246770893761,3.8763345992308933,55.70972515123721,55.70778442598811,55.707325149412355,55.708791291335004
1046.0,35.52,-1.417412858735551,3.5739778345345496,0.6529113352496598,0.30266624595833097,-0.02836114067534772,-0.20736730704907472,0.0036626219408401072,0.001710341202576287,-0.017828570555804134,-0.11405297070083822,0.30383503944238843,-0.024785813623676663,-0.11395483429780791,0.6230303300549161,5.83905787326879,3.8693952786193906,55.76007566952989,55.75806315148423,55.757532057758475,55.759152030192006
1047.0,35.552,-1.4077107825619857,3.573032659791751,0.6464177383944607,0.30318988042395006,-0.029536710712461035,-0.20292490172499497,0.0036646547612681985,0.001778312138668636,-0.021476321147591022,-0.11399917591019888,0.304439790022925,-0.024824879716867122,-0.11390793065829068,0.6224026904483262,5.830844122731255,3.862428403187428,55.80610040191561,55.804014280378404,55.8034498254217,55.80517096595127
1048.0,35.584,-1.3979913670022692,3.5720497081361446,0.640083105357867,0.30373173624110505,-0.030717239237695208,-0.19795728239352944,0.0036605782433781113,0.0018308336759089942,-0.025122526874396683,-0.113949116879694,0.3050641520719191,-0.024863382429208342,-0.11385135683857629,0.621850367594527,5.82260436522457,3.8554334819644307,55.847978074807784,55.84581722493746,55.845257201612085,55.84702701131795
1049.0,35.616,-1.3882541864803213,3.5710288880031857,0.6339227412637368,0.3042868913109067,-0.03190062915496912,-0.19251137794159098,0.003650331513468154,0.0018673883364170724,-0.028767073991518073,-0.11389544359067945,0.3057035846992681,-0.024899413104099488,-0.11377818223091168,0.6213643234831838,5.814337561244109,3.8484101795757657,55.88587494764557,55.88363909004544,55.88312009987562,55.88488691203667
1050.0,35.648,-1.3784989782726929,3.5699701775071264,0.6279505071245038,0.3048502564883543,-0.03308470300185014,-0.1866323168510097,0.003633940717925092,0.0018876668898520357,-0.032409619342426955,-0.11383102050244673,0.30635334317670326,-0.024931122634641225,-0.1136818795983846,0.6209366046652017,5.80604280308297,3.841358320977876,55.91994696118152,55.91763678049216,55.91719374633587,55.91890736340898
1051.0,35.68,-1.3687256456063395,3.568873626098696,0.6221788741436423,0.3054166458235769,-0.034267231513455565,-0.1803635306519444,0.003611515254732341,0.001891566866151646,-0.036049600667670545,-0.1137490340152885,0.3070085481911658,-0.02495674729759701,-0.11355641166559363,0.6205964791566906,5.797719329208736,3.834277894019308,55.95637677715209,55.95399399670778,55.95365972352674,55.95527201457227
1052.0,35.712,-1.3589342546349388,3.567739347163758,0.6166211883253377,0.3059809678562374,-0.03544621671680173,-0.17367768182199664,0.003583242472523203,0.0018791871167851382,-0.03968624965128989,-0.1136430769574176,0.30766399124826477,-0.02497469157999748,-0.11339666884104628,0.620576669427056,5.789366503103105,3.827169041091972,56.02906506795904,56.02656272809665,56.02634247257856,56.02785917997548
1053.0,35.744,-1.349125011822789,3.566567472741509,0.6113041024804733,0.30653883787971115,-0.036621075695287976,-0.16615893265203252,0.0035491821157975535,0.001850401480424034,-0.04331861320322023,-0.11350735866669545,0.3083130681795732,-0.024983866492095635,-0.11320036979775311,0.6208734799458538,5.78098361791326,3.820032009036385,56.09886794704992,56.095974024051195,56.09575721899048,56.09742318651343
1054.0,35.776,-1.3392982911755285,3.565358208422601,0.6062531708841217,0.3070850202268608,-0.03778950996586727,-0.15784161238597033,0.0035083877040446797,0.0018029787411009547,-0.046945623224447834,-0.11333806315678256,0.30895096238601455,-0.02498294543245947,-0.11296351146350643,0.6214822101407939,5.772570082759215,3.812867208013712,56.16508389184191,56.16209376067122,56.16204462436891,56.163536548766494
1055.0,35.808,-1.3294546573048285,3.5641118468203645,0.6014927418287039,0.3076135584594081,-0.038948800069900494,-0.14876340798182064,0.0034611326779631713,0.001737205997646453,-0.05056607664459687,-0.11313126629101289,0.3095721766635002,-0.024970366284246225,-0.11268128913742628,0.6223971343751795,5.764125466228535,3.805675235772255,56.2276454718747,56.22458355811829,56.22473395995299,56.22599596509506
1056.0,35.84,-1.3195948629579768,3.5628287674573587,0.5970458537252096,0.3081185733390809,-0.04009623009392888,-0.13896525323418327,0.003407822399315104,0.0016537002058667493,-0.054178627616429276,-0.11288255025580415,0.310171343374075,-0.024944725285922863,-0.11234956605783515,0.6236114895672746,5.755649512306675,3.7984568751560204,56.28629419480981,56.283186574395856,56.28356774729565,56.284543430917736
1057.0,35.872,-1.3097198430235135,3.5615094349418586,0.5929341355067285,0.30859437295201114,-0.04122914110938246,-0.1284911943275488,0.0033489935395536303,0.0015534182693382973,-0.057781792425055996,-0.11258764765123168,0.3107459638280624,-0.02491964623642375,-0.1120304359218997,0.6251178503281418,5.747142153095141,3.791213088072289,56.33966742888297,56.33700954420177,56.33941448779006,56.33984352555394
1058.0,35.904,-1.2998307048622364,3.560154395268236,0.5891777353313589,0.3090355675398755,-0.04234498980069471,-0.11738750548028688,0.003300796001483635,0.0014404422233627338,-0.06137511765134178,-0.11227904932996212,0.3112878521380603,-0.02488032476425984,-0.1116605214164922,0.6269073508441122,5.738603517403143,3.7839450057156676,56.39066338024715,56.387711961588295,56.388976944582055,56.38945425158704
1059.0,35.936,-1.2899286960327636,3.5587641076032086,0.5857952063748325,0.30943777592105864,-0.04344648953211662,-0.1057040298914602,0.003252920550926436,0.0013133500350913897,-0.0649575107230625,-0.11193618185420524,0.31179322189186864,-0.024828759219839354,-0.11125022596163466,0.628970032363248,5.730033820130131,3.776653776418972,56.43634169814681,56.433426660254305,56.43468794407119,56.434859158393415
1060.0,35.968,-1.2800152133823566,3.55733905360595,0.5828034204596546,0.30979633282518515,-0.04453293741432164,-0.09349330984929899,0.003204241422549585,0.0011735289640030491,-0.06852775983716645,-0.11155562892245566,0.31225835515577954,-0.024765453546266462,-0.11080315503117141,0.6312949139269594,5.721433455354441,3.7693406551526736,56.47709361255008,56.47430819111155,56.475750006660775,56.47552553253418
1061.0,36.0,-1.2700917877179774,3.555879749765585,0.5802174913185777,0.31010705201188427,-0.04560324501141025,-0.08081028565866248,0.0031551530020076206,0.001023120879033884,-0.07208466634055606,-0.11113787145785539,0.3126801172471172,-0.024690567400414216,-0.11032110637840518,0.6338700225978287,5.712803009597769,3.7620070026275068,56.51285373891443,56.51025348149642,56.5118737580017,56.51120695510191
1062.0,36.032000000000004,-1.2601600613147794,3.554386743073665,0.5780507054511896,0.31036645009990116,-0.04665645912250471,-0.06771205835586913,0.003106066830886523,0.0008646911915606183,-0.07562706979846233,-0.1106841330139744,0.3130561690789037,-0.024604394378893037,-0.10980613730806761,0.6366824321617142,5.704143258142764,3.754654267097447,56.54346914093814,56.54110704413617,56.542901134443184,56.541751248421534
1063.0,36.064,-1.2502217608131851,3.552860605760472,0.5763144612216686,0.31057189067485536,-0.04769179103728508,-0.054257632172537575,0.0030574038524759655,0.0007011943774340043,-0.07915386344809844,-0.11019611364792611,0.313385054889536,-0.02450735631870613,-0.10926051381704312,0.6397183097153336,5.695455155840811,3.7472839627214927,56.56881138567328,56.56673391027031,56.56869525009753,56.56703032617697
1064.0,36.096000000000004,-1.2402786658912666,3.5513019291333356,0.5750182167166108,0.31072171630992096,-0.048708644598002934,-0.04050764078305268,0.003009587762651563,0.0005359108362155164,-0.0826640049619974,-0.10967584133970043,0.3136662612877993,-0.02439999483224058,-0.10868666066923335,0.642962969157847,5.686739822456263,3.7398976447952035,56.58877775651557,56.58702066330076,56.58914086705131,56.586941237584256
1065.0,36.128,-1.2303325744156308,3.549711316581549,0.5741694467851487,0.3108153586136512,-0.0497066422433439,-0.02652406035819358,0.002963036488975326,0.0003723519766162819,-0.08615652424931843,-0.10912557748339126,0.31390024347426276,-0.02428296046217568,-0.10808711496557152,0.6464009302984085,5.6779985228841205,3.73249688237556,56.603291649707856,56.60187630938165,56.60414521011012,56.60140670036505
1066.0,36.160000000000004,-1.2203852651193587,3.548089375880028,0.5737736095658953,0.3108534155084676,-0.05068564692251853,-0.012369913101667466,0.0029181521439098535,0.00021413665617050286,-0.0896305291148178,-0.10854774860327228,0.31408841676667415,-0.024156999418229547,-0.10746448291078717,0.6500159820905953,5.669232642921477,3.7250832290815286,56.612302362630466,56.6112330775372,56.61363879904095,56.61037502136427
1067.0,36.192,-1.2104384591645965,3.546436710992443,0.5738341226735392,0.31083768608635526,-0.051645777737036186,0.001891034613871398,0.00287531013311297,6.484695181728586e-05,-0.09308520918053084,-0.10794489164643731,0.31423311484012956,-0.024022938257098635,-0.10682140001123033,0.6537912484744297,5.66044366159273,3.7176581930860313,56.61578429503984,56.61504713204199,56.617576247031856,56.613819443488886
1068.0,36.224000000000004,-1.2004937821676738,3.5447539136343416,0.5743523490837958,0.31077115615379947,-0.052587417440666195,0.016194575320519204,0.0028348483642912704,-7.212444443744173e-05,-0.09651983829190923,-0.10731960731985277,0.3143375190294012,-0.023881667138326387,-0.1061604951141783,0.6577092554842799,5.6516331212763555,3.7102232074834416,56.61373570273319,56.61329914212458,56.61593694108269,56.611737052868584
1069.0,36.256,-1.1905527283497945,3.543041554897684,0.5753275926329897,0.3106579318087605,-0.05351121052055741,0.03047636091231184,0.00279705762229103,-0.00019372030658068015,-0.09993377555785234,-0.10667451922348303,0.3144055650311446,-0.023734122424038835,-0.10548435868688294,0.6617519986543087,5.6428025970139535,3.702779602285027,56.60617723770977,56.60599463335268,56.60872549924959,56.60414746146027
1070.0,36.288000000000004,-1.1806166283989636,3.5413001772522015,0.5767571029512051,0.31050312346343056,-0.05441805142131996,0.04467219744422518,0.002762174099664711,-0.0002973435475133948,-0.10332646515533472,-0.10601223799128975,0.3144418340229839,-0.023581269384511765,-0.10479551561280047,0.6659010102565626,5.633953666373046,3.695328579241667,56.593150547086715,56.59316405179052,56.59597190932586,56.59109151510811
1071.0,36.32,-1.1706866223899273,3.539530287222479,0.5786360895848507,0.3103126877824209,-0.05530906342882723,0.0587183323014317,0.0027303747991609785,-0.0003809484646048625,-0.10669743503489618,-0.10533533023510482,0.3144514347080389,-0.023424085653437073,-0.10409640260516127,0.6701374264349097,5.625087881081933,3.687871190518495,56.57471716876114,56.574862508262925,56.57773129829775,56.5726302482762
1072.0,36.352000000000004,-1.1607636387403617,3.537732348994663,0.5809577450378626,0.3100932390488892,-0.05618556961924852,0.07255173290661325,0.002701776114358874,-0.00044309165715656723,-0.11004629467706434,-0.10464629224644297,0.31443988149683777,-0.023263545892729227,-0.10338935013976813,0.6744420547365682,5.616206741383308,3.680408321972943,56.550957865034356,56.55116922476724,56.55408334953719,56.548844221377614
1073.0,36.384,-1.1508483797393163,3.535906779140519,0.5837132764652976,0.30985184378270275,-0.05704905794200816,0.08611035710735353,0.0026764354473938837,-0.0004829418207329732,-0.11337273206164089,-0.10394752837124305,0.3144129725580005,-0.02310060793496993,-0.10267656862029721,0.6787954428036979,5.607311673711282,3.6729406814573045,56.52197240971332,56.52218675789839,56.52513145087162,56.51983326368276
1074.0,36.416000000000004,-1.140941313734292,3.534053942569988,0.5868919457775034,0.30959581265697234,-0.057901142829088384,0.09933341600641964,0.002654355344440882,-0.0005002532302358451,-0.11667651001587952,-0.10324133384896797,0.31437667023145993,-0.022936200511908908,-0.1019601383335805,0.6831779490326383,5.598404011941933,3.66546879222896,56.48787973121295,56.488040104724526,56.4910016968521,56.48571654127897
1075.0,36.448,-1.131042673666885,3.5321741497477754,0.5904811179435129,0.30933250210650404,-0.05874352569414745,0.11216163018780964,0.00263548939687318,-0.0004953116393732538,-0.11995746210154706,-0.10252988176632945,0.3143369855525999,-0.022771212573349506,-0.10124200265164128,0.6875698158560809,5.589484982154076,3.657992991251509,56.44881824572464,56.44887579473982,56.451841869988016,56.446632804514095
1076.0,36.480000000000004,-1.1211524613457207,3.530267655144292,0.5944663173059797,0.30906913503635236,-0.05957795635885165,0.12453748007707274,0.0026197490937759156,-0.0004688629977140763,-0.1232154881853221,-0.10181521365809013,0.3142998683096645,-0.022606484147460762,-0.10052396390090185,0.6919512460137401,5.580555690602834,3.650513431940236,56.404946200777296,56.40486104101634,56.407820492360464,56.40274065309267
1077.0,36.512,-1.1112704566572678,3.528334656842166,0.5988312917278275,0.30881264651418733,-0.060406196941441,0.13640545068275878,0.0026070108961642672,-0.0004220349605692572,-0.12645054981486958,-0.10109923321704757,0.3142738122566698,-0.022455544988880624,-0.09986331707820655,0.6963021376837362,5.571617114470008,3.6430300907597393,56.355341573539235,56.35554000784917,56.36000048457937,56.35485838571408
1078.0,36.544000000000004,-1.101396230819427,3.5263752972418643,0.6035580632314367,0.3085695574324908,-0.06122998750942446,0.14771160948777184,0.002610438953883186,-0.00035340487496735533,-0.12966364366148936,-0.10041451483981392,0.3142645078805521,-0.022313020222070545,-0.09923454275984808,0.7006026265009238,5.562670095224143,3.6355427770505164,56.30242549452692,56.302618717372745,56.306520802438676,56.301607691272984
1079.0,36.576,-1.0915291513558303,3.5243895236288947,0.6086270140086547,0.30834623323742966,-0.06205542540530646,0.15840471178808085,0.0026263591326152053,-0.000263943154317588,-0.13285578290407127,-0.0997614096226632,0.31427688580858765,-0.02217675956110575,-0.0986266769705878,0.704833244195232,5.553715234967392,3.6280510254081433,56.245526558207025,56.245501193917754,56.24858284300169,56.24406927668266
1080.0,36.608000000000004,-1.0816683904511661,3.522377126277697,0.6140169846724047,0.30814877827072007,-0.0628874172249257,0.1684365832421693,0.002648793286367017,-0.00015619387314891686,-0.1360277947909817,-0.0991339888883458,0.3143166795571919,-0.022049929739484844,-0.09805210051300899,0.7089748349925361,5.544752906726255,3.6205541317154335,56.18426590123777,56.18411833567745,56.18701710633605,56.18283711839502
1081.0,36.64,-1.0718129457829635,3.5203378023246046,0.6197053690200306,0.30798264588136676,-0.06372887353413995,0.1777620108633278,0.0026770984361665986,-3.2030571288484506e-05,-0.139180638813445,-0.09853644023476425,0.3143888312422498,-0.021933723107421865,-0.09751471304992616,0.7130086407044497,5.535783290571365,3.6130512175083807,56.1192907821443,56.11900908549642,56.12170026187744,56.11789504978598
1082.0,36.672000000000004,-1.0619616612756129,3.518271163928504,0.6256682150347963,0.30785264085467245,-0.06458244987813498,0.1863389379614076,0.0027105521978281577,0.00010645955817304292,-0.14231540332029188,-0.0979727741696957,0.31449770976270486,-0.021829089349830563,-0.09701752491121977,0.7169163843040119,5.526806374284109,3.6055412496769224,56.05087806455767,56.050452243800216,56.052913708382555,56.04951853210611
1083.0,36.704,-1.0521132497148211,3.5161767477725108,0.6318803317765417,0.30776286127477603,-0.06545050487479663,0.1941286481795644,0.00274835801833745,0.0002570088987703964,-0.14543328719078774,-0.09744642679282044,0.3146470470047279,-0.021736722221692387,-0.09656260505793181,0.7206803517610766,5.517821956525554,3.5980230622281235,55.979319376068524,55.97874123568577,55.98095541581416,55.97799826925736
1084.0,36.736000000000004,-1.0422663168080164,3.514054025793466,0.6383154016408255,0.307716653337613,-0.06633506184514727,0.20109593325884534,0.00278966023684619,0.0004172073458495019,-0.14853557508328408,-0.0969600597528319,0.31483988433450383,-0.02165704984517751,-0.09615104337469434,0.72428347156781,5.508829652477636,3.590495379765411,55.90492067825913,55.90418326429594,55.90613754261412,55.90363889106477
1085.0,36.768,-1.0324193862511433,3.5119024169134234,0.6449460974372413,0.3077165799023194,-0.06723777750133239,0.20720924363801788,0.002833559086905169,0.0005845388642677741,-0.15162360918284606,-0.09651545132409142,0.3150785316177911,-0.021590230920349465,-0.09578293788881148,0.7277093914189972,5.4998289018264765,3.5829568422353035,55.82800085161185,55.82709809117311,55.82878500864557,55.82675771534318
1086.0,36.800000000000004,-1.0225709253881792,3.509721299546639,0.6517442037121951,0.30776440196759347,-0.06815991771200805,0.2124408210922827,0.002879125514905502,0.0007564166736584222,-0.15469875917349846,-0.0961134416134413,0.31536453878558995,-0.021536156345927676,-0.09545740530147892,0.7309425515516955,5.490818978961412,3.575406030510719,55.748890236041284,55.74781671506424,55.74923403186241,55.747683407591616
1087.0,36.832,-1.0127193710766256,3.50751002465794,0.6586807417211723,0.30786107223608394,-0.06910234027184753,0.21676681278056137,0.002925415718746531,0.0009302171065573336,-0.15776239160708877,-0.09575391454159508,0.3156986797533507,-0.02149445584057473,-0.09517261340674733,0.7339682542933128,5.481799005263416,3.567841492400311,55.66792912511966,55.666679974268924,55.66783061951029,55.66675456582163
1088.0,36.864000000000004,-1.0028631553994718,3.505267929153179,0.6657260974405513,0.3080067399110211,-0.07006548452376853,0.2201673662305701,0.0029714853200779752,0.0011033121863008642,-0.1608158395695831,-0.09543580806578343,0.31608094832146416,-0.021464509169572148,-0.09492583378632609,0.7367727294135996,5.472767963352968,3.5602617686955553,55.58546621846233,55.58403708958535,55.584929016540315,55.584318248299454
1089.0,36.896,-0.9930007308913877,3.502994349389307,0.6728501519993044,0.30820076587766065,-0.07104936762101449,0.22262670496105857,0.003016403088617152,0.0012731009634806116,-0.16386037339698073,-0.09515714793741584,0.316510565562943,-0.021445461566632747,-0.09471351284169643,0.7393431949232917,5.463724713159729,3.552665418890936,55.501857040092034,55.50024416110057,55.50089011868204,55.50072845729062
1090.0,36.928,-0.9831305949739488,3.500688634600169,0.6800224139063064,0.30844174741999975,-0.0720535871605667,0.22413318459383502,0.00305926414025767,0.0014370396408720533,-0.16689717309331406,-0.0949151018218073,0.3169859981003483,-0.02143624291503332,-0.09453135887827882,0.7416679130086442,5.454668009665302,3.545051046237264,55.41746233176353,55.41566263007418,55.41607985955201,55.41634458946726
1091.0,36.96,-0.9732513133213363,3.4983501600440987,0.6872121524491798,0.30872755164410726,-0.07307732987719155,0.22467932946476904,0.003099202533437027,0.0015926705117997365,-0.16992730301955747,-0.09470605111109676,0.3175049866186996,-0.021435590229463133,-0.094374442657755,0.743736240836705,5.445596522156031,3.5374173218135136,55.3326464304908,55.330657716018905,55.33086758171898,55.331529862377494
1092.0,36.992,-0.9633615419039329,3.4959783396904003,0.69438853164532,0.30905535679389146,-0.07411938605308405,0.22426184987940675,0.003135403191334809,0.001737649737315312,-0.1729516893406919,-0.09452567783359159,0.31806458391957565,-0.02144207296363062,-0.09423730862462032,0.745538676009984,5.4365088548057585,3.529763007328201,55.24777563929717,55.2455968382444,55.2456244013978,55.24664972561467
1093.0,37.024,-0.9534600474822837,3.4935726382736574,0.7015207441345794,0.3094217006765002,-0.07517816927320722,0.22288164028933247,0.0031671130811281494,0.0018697739927196373,-0.17597110063402072,-0.09436906399043755,0.31866120181175217,-0.021454120658397018,-0.09411409389306011,0.7470668964910951,5.42740356838916,3.5220869763869427,55.163216599833156,55.160848030436206,55.1607215758279,55.16207026483533
1094.0,37.056,-0.9435457263476948,3.4911325825570785,0.7085781444156448,0.30982253545593724,-0.07625174114309914,0.22054375878331756,0.003193651585620829,0.001987006021972784,-0.1789861319746056,-0.09423080056139232,0.3192906661437521,-0.021470052444338077,-0.09399865207100273,0.7483137948576799,5.418279202905022,3.5143882339879013,55.07933467504148,55.07677835619165,55.07652888152819,55.07815660641646
1095.0,37.088,-0.9336176211279799,3.488657771658585,0.7155303808439629,0.3102532881160587,-0.07733784057791482,0.21725738838491643,0.00321442000673174,0.002087499146556288,-0.18199719272488965,-0.09410510338374592,0.3199482792986983,-0.0214881079163734,-0.09388467908000803,0.7492735067848774,5.409134300866189,3.5066659340310777,54.996492349548376,54.99375233272883,54.99341301060208,54.99527133020666
1096.0,37.12,-0.9236749354972524,3.4861478863057602,0.722347525827708,0.3107089259602661,-0.07843391727578061,0.21303578074205728,0.0032289101437995666,0.0021696207797916377,-0.18500449816755712,-0.09398593314074964,0.3206288895099351,-0.02150647890889562,-0.09376583830017624,0.7499414336869351,5.399967430989264,3.498919394650404,54.915047655012884,54.91213036925396,54.91173599116493,54.91377289756157
1097.0,37.152,-0.9137170466469529,3.4836026968979246,0.7290002036792551,0.31118402657182703,-0.0795371689948554,0.2078961828608238,0.0032367118917446666,0.002231974994088089,-0.18800806503585576,-0.09386711680591406,0.3213269663775706,-0.021523341712695494,-0.09363588260680167,0.7503142594804204,5.390777211992993,3.491148111199117,54.83535262722416,54.83226722561459,54.83185363674928,54.834014101562396
1098.0,37.184,-0.9037435153913653,3.4810220702653236,0.7354597156024492,0.31167285173714465,-0.08064458226878846,0.2018597475998363,0.003237519803844664,0.0022734241718376327,-0.19100771091619898,-0.09374246806829056,0.3220366819981092,-0.021536889290781035,-0.09348877115187729,0.7503899614591965,5.381562336190179,3.4833517667387235,54.7577518014154,54.75451049593972,54.754114028291674,54.75634054610172
1099.0,37.216,-0.8937540937947402,3.478405975026657,0.741698161320153,0.31216942489449884,-0.08175297620831774,0.19495142867822263,0.0032311385602752907,0.002293109734352057,-0.1940030574257637,-0.09360590449808164,0.322751997115143,-0.021545363064687108,-0.09331877905840105,0.750167815295181,5.372321592534695,3.475530239900016,54.68258075199008,54.67919912092071,54.67885603099496,54.681089160305596
1100.0,37.248,-0.8837487302190021,3.475754485456965,0.7476885568716501,0.3126676117418505,-0.08285904905288657,0.18719986098430696,0.0032174872757011422,0.002290471880157706,-0.1969935370040875,-0.09345155948450173,0.3234667516830558,-0.02154708385617405,-0.09312059851616732,0.7496483941995159,5.363053888763369,3.467683610001255,54.61016468273071,54.60666193131409,54.60640784711194,54.60858675465522
1101.0,37.28,-0.8737275717013812,3.47306778378843,0.753404948135023,0.31316120367562045,-0.08395942714170994,0.1786372269803821,0.0031966025664325417,0.002265268166128081,-0.19997840310322,-0.09327388726969,0.32417475915851757,-0.021540481576520956,-0.09288943007251454,0.7488335622960075,5.3537582722535015,3.4598121593242164,54.54081707348974,54.537216224194786,54.53708560459274,54.53914862509898
1102.0,37.312,-0.8636909635809826,3.4703461608772317,0.7588225196552282,0.3136440037624885,-0.08505071597495854,0.1692991100064301,0.00316864027957431,0.002217590624635027,-0.2029567435155738,-0.09306775969300757,0.3248699037197752,-0.02152412326009827,-0.09262106319288349,0.747726462273915,5.3444339492015835,3.4519163724640536,54.47483838936671,54.47116637266777,54.47119198079564,54.47307721149407
1103.0,37.344,-0.8536394463035131,3.467590015180762,0.763917698383938,0.3141099149208885,-0.0861295530146703,0.1592243352721632,0.003133875763631696,0.002147880921015668,-0.205927496541958,-0.09282855353704406,0.32554623941443916,-0.021496739034575718,-0.09231194539886624,0.7463314974013482,5.335080301719349,3.443996932684993,54.41251485830215,54.408802469357205,54.409014860365836,54.410660816758075
1104.0,37.376,-0.8435737493458028,3.4647998500019437,0.7686682519620972,0.31455302992848194,-0.08719266183807989,0.1484547993174924,0.003092702533688362,0.002056942816568671,-0.20888946967332755,-0.09255222761057406,0.3261980899841288,-0.02145724561359101,-0.09195923948390494,0.7446543079963572,5.325696902441486,3.436054715232232,54.35411732275892,54.35039900442525,54.350826027318085,54.352172393145075
1105.0,37.408,-0.8334947822185331,3.4619762689720064,0.773053381200525,0.3149677227271408,-0.08823690718553057,0.13703528870085405,0.0030456291574541237,0.001945950919255635,-0.21184136043723076,-0.09223538891118037,0.32682014777823126,-0.02140476688724985,-0.09156086845074952,0.7427017424727663,5.316283526247673,3.4280907775729608,54.299900170438654,54.296213580506226,54.29687989377663,54.29786840186734
1106.0,37.44,-0.823403622529262,3.459119969760916,0.7770538064379167,0.3153487402897566,-0.08925935034658922,0.1250132886685024,0.0029932741662005427,0.0018164543966317332,-0.21478177904253962,-0.09187534737484612,0.3274075698064109,-0.02133865118016852,-0.09111554792378608,0.740481823105881,5.3068401587229035,3.4201063465684487,54.25010034759106,54.24648567021019,54.24741227214756,54.24798775172418
1107.0,37.472,-0.8133015011212538,3.4562317360268957,0.7806518474796621,0.3156912940002227,-0.09025730418811928,0.11243878255453231,0.002936358784004505,0.001670374030190294,-0.21770927244248106,-0.09147015884650342,0.32795606859490456,-0.02125848475039728,-0.09062280587619954,0.7380037067026595,5.297367001017269,3.4121028026170124,54.204936456152744,54.20143542701556,54.202639203961205,54.20275082121717
1108.0,37.504,-0.8031897843495185,3.453312427644216,0.7838314968456234,0.3159911491167623,-0.09122838695875163,0.09936404268630057,0.0028756972790304697,0.0015099907658281649,-0.220622349425226,-0.0910186560032725,0.32846199520518155,-0.021164101127930865,-0.09008298959983294,0.7352776404150935,5.287864470822279,3.404081660856773,54.164607932694835,54.1612625673355,54.162755866981556,54.16235856672712
1109.0,37.536,-0.7930699536160573,3.4503629692825153,0.7865784860812135,0.31624471042062813,-0.0921705738031361,0.08584341361218215,0.0028121847822135705,0.0013379238406740328,-0.22351950633314224,-0.09052046704735835,0.3289224115887211,-0.021055585946122793,-0.08949725995702834,0.7323149130049909,5.278333199257606,3.3960445495791496,54.12929430324414,54.12614534958087,54.12793559145646,54.126991716758425
1110.0,37.568,-0.7829435823625671,3.447384337451725,0.788880344914713,0.31644910167160173,-0.09308224471221342,0.07193308854686846,0.0027467825014890193,0.0011570967340251246,-0.2263992530063385,-0.08997602207829049,0.3293355949954517,-0.020942203296310566,-0.08890524594344335,0.7291276137707291,5.268774023560653,3.3879931860796275,54.09848674831556,54.09570419772397,54.09885880475597,54.09735825080818
1111.0,37.6,-0.7728123108154205,3.4443775462062414,0.7907264419738163,0.31660223584829766,-0.09396222642134636,0.05769053309696896,0.0026894533148401636,0.0009711512942191695,-0.22926077933325337,-0.08940658378345999,0.32969912102225035,-0.020815159105787698,-0.0882701695208577,0.7257290248159095,5.259187975383777,3.37992935029075,54.07416170271573,54.07155055344181,54.07401974966723,54.07208524189073
1112.0,37.632,-0.7626778340557312,3.4413435470685063,0.7921080442315056,0.31670239874032424,-0.0948124730542309,0.04317507055279699,0.0026337824270049703,0.0007824600553900185,-0.23210297120488996,-0.0888025129790148,0.3300128186192715,-0.02067615361794818,-0.08759910898643244,0.7221333261429844,5.24957622157992,3.371854793911751,54.05485856456947,54.052567896794315,54.05507677740634,54.05255382921116
1113.0,37.664,-0.7525418671560089,3.4382832846146907,0.7930183555008871,0.3167489656162862,-0.0956332016817278,0.028447227168167395,0.002579023262229836,0.0005945883088588932,-0.23492468716206766,-0.08816306002081732,0.33027719521960885,-0.02052648434388772,-0.08689720248112744,0.7183554886809713,5.239940087080503,3.363771267206079,54.041002283851384,54.03906824580784,54.04176293546493,54.038633543349704
1114.0,37.696,-0.7424061113924268,3.4351976960955213,0.7934525444271523,0.3167423676119741,-0.09642464122405443,0.013568403945790031,0.0025256439819528703,0.0004113131776232138,-0.2377248614767702,-0.08749059073140035,0.3304935585318075,-0.020367172925878432,-0.08616817554561378,0.7144112043852346,5.230281039692824,3.3556805000579093,54.03274740926628,54.03117637571302,54.03404182877367,54.03032320158377
1115.0,37.728,-0.7322722213293152,3.4320876989180493,0.7934077643830896,0.31668406447220226,-0.09718741179598778,-0.0013993763769598422,0.0024740847310275086,0.00023636879293962952,-0.24050252760812982,-0.086788180221609,0.3306639983090852,-0.020199310284236785,-0.08541582211755436,0.7103168167296211,5.22060066508655,3.347584173625993,54.03013958876569,54.02892055969161,54.031938782896916,54.02766837955477
1116.0,37.76,-0.722141772398122,3.4289541781332242,0.7928831654120132,0.31657652909982215,-0.09792252452579499,-0.016393717846138467,0.0024247463902663142,7.329991717980066e-05,-0.24325683034961215,-0.08605927419425355,0.3307913173600698,-0.0200240383108857,-0.08464396037582815,0.7060892527630874,5.210900639476477,3.3394838925280674,54.03320029119823,54.03230525928832,54.03545645746527,54.03069023410147
1117.0,37.792,-0.712016230220595,3.425797974353978,0.7918798983989288,0.31642319304768446,-0.09863136810142899,-0.03135209415888389,0.002377982942126778,-7.46761934617412e-05,-0.2459870320951023,-0.08530750729471623,0.3308789516262002,-0.01984253287827399,-0.08385639633562501,0.7017459574177501,5.201182701119572,3.3313811585835635,54.041926604333256,54.04131280151279,54.04457601810415,54.039385377088266
1118.0,37.824,-0.7018969228549268,3.4226198724989128,0.7904011116945892,0.3162283551771673,-0.09931568297080456,-0.04621208451061921,0.0023340957160532436,-0.0002047873741986943,-0.2486925156860822,-0.08453659892126954,0.33093088568769785,-0.019655988578768546,-0.08305689467024394,0.697304830221754,5.19144862171378,3.323277347065433,54.056291155168545,54.055904813197806,54.05925848413448,54.05372600910112
1119.0,37.856,-0.6917850169618348,3.419420591714218,0.7884519404303978,0.31599705915908854,-0.09997752452169376,-0.06091160200597327,0.0022933299636986376,-0.00031479300079560415,-0.2513727851100874,-0.08375028898246814,0.3309515680688227,-0.019465605109926093,-0.08224915483094093,0.6927841640350721,5.181700178663975,3.3151736862656835,54.07624237452342,54.076023328096966,54.07944577804882,54.073660287869174
1120.0,37.888,-0.6816814986151296,3.416200776752138,0.786039488744923,0.3157349483345722,-0.100619217565015,-0.07538911517109487,0.0022558739070130296,-0.0004030333870269678,-0.25402746474051585,-0.0829522950799491,0.3309458286355321,-0.019272575223921076,-0.0814367912374242,0.6882025849963445,5.171939128969346,3.3070712409600476,54.101705065189606,54.101591462715376,54.10506133588663,54.099112922990756
1121.0,37.92,-0.671587159159304,3.4129609909896765,0.783172805101247,0.31544810799451495,-0.1012433050769116,-0.08958386386486616,0.0022218600806932194,-0.0004684416430694957,-0.25665629752147473,-0.08214628182293207,0.3309198226678408,-0.019089607134979675,-0.08067169797778297,0.6835792479879829,5.16216718522451,3.298970900097931,54.13177301204413,54.1319331125703,54.13680666489484,54.13074822898806
1122.0,37.952,-0.6615025862078704,3.4097017111402277,0.7798628658979311,0.3151429047323351,-0.10185249529528773,-0.10343560010363338,0.002202944292734918,-0.0005094771788389162,-0.25925996380555544,-0.08136157141376645,0.330879255138888,-0.01890812682145139,-0.07991621966024287,0.6789333815368633,5.1523859942402,3.2908733687646796,54.16840099601565,54.16868173714286,54.17258114831395,54.16651900017264
1123.0,37.984,-0.6514281783749812,3.406423213578588,0.776122528905012,0.3148252447777508,-0.10245304880123171,-0.11688553102870851,0.0021919243345330077,-0.0005256343773692131,-0.2618389455354598,-0.08059190884752555,0.3308302186007455,-0.018731741241687985,-0.07918402249261228,0.6742843446307346,5.14259705865672,3.282779080523119,54.20976465305612,54.210121878747536,54.21388888530499,54.207900114193926
1124.0,38.016,-0.6413641236150585,3.4031256380348807,0.7719664874122638,0.3145017112476215,-0.1030492357408627,-0.12987629664839476,0.0021883409359661123,-0.0005168765781118653,-0.26439386342577986,-0.0798416245691414,0.3307789727017508,-0.01856238969367245,-0.07848176540084816,0.6696515667009147,5.132801746305256,3.2746882408429947,54.25610662076286,54.25650866153948,54.260163946149014,54.25432246869921
1125.0,38.048,-0.6313103978571674,3.3998089897145256,0.7674112177846092,0.3141789299340616,-0.10364526001108382,-0.14235217586419105,0.002192065318321579,-0.0004835802850992356,-0.2669255176169351,-0.07911631501128087,0.330731817355778,-0.018401795134563387,-0.07781524542466933,0.6650544754561756,5.123001272137094,3.266600829299032,54.30727522875694,54.30769153505681,54.31119805035076,54.30557746570445
1126.0,38.08,-0.6212667680336387,3.3964731392954524,0.7624749200151875,0.3138634319853061,-0.10424532559605053,-0.15425930529444595,0.002202848288782388,-0.00042653112284531553,-0.2694348919085159,-0.07842170793488039,0.33069500643684513,-0.018251571468167763,-0.07718986364046115,0.6605124235069971,5.113196680257199,3.258516602294939,54.36306830165824,54.36347215787476,54.36679451855229,54.3614632851581
1127.0,38.112,-0.6112327983904156,3.3931178250502145,0.7571774513665729,0.3135615513506873,-0.10485357016367039,-0.16554589526918706,0.002220327789395722,-0.0003468899075640038,-0.2719231490311599,-0.07776338345943182,0.3306746545001041,-0.018113198049128185,-0.07661052966839352,0.6560446139440775,5.103388828345102,3.250435099296512,54.423264288590495,54.42363244426428,54.426737869805585,54.42175829896764
1128.0,38.144,-0.6012078598167674,3.3897426570092324,0.7515402532025655,0.31327933042653977,-0.10547400128070368,-0.17616244262525155,0.00224403837942159,-0.00024615624008894604,-0.2743916201201136,-0.0771465919754204,0.3306766451439061,-0.01798799670989873,-0.0760815738579041,0.651670025111285,5.093578374552015,3.2423556523414425,54.48762297807392,54.487935254369525,54.49079417433526,54.486221825569594
1129.0,38.176,-0.5911911419219165,3.386347123055381,0.7455862711385148,0.31302243421405634,-0.10611043605783721,-0.18606193950156114,0.0022734215101776144,-0.00012613124670198813,-0.2768417899515993,-0.07657612103357415,0.33070654237030533,-0.017877111343389485,-0.07560666778714352,0.6476056220979308,5.083765766962586,3.2342773985684707,54.58888320555255,54.58912210582332,54.59170862777326,54.58759191451675
1130.0,38.208,-0.5811816763508348,3.3829305714266895,0.7393516699560007,0.31279579909633515,-0.10676723839662737,-0.19483128695358948,0.0023078394729858565,1.1130174141263626e-05,-0.27927526872136943,-0.07605587510705464,0.33076709753746064,-0.017781552061063063,-0.07518956194148127,0.6440289474461791,5.0739513614853715,3.2261992782026025,54.720554298286416,54.720404734869646,54.72259510181058,54.71927941256506
1131.0,38.24,-0.571178347904934,3.379492222753219,0.7328835081473701,0.3126040139343648,-0.107448396045944,-0.20213005651968124,0.0023457962724103146,0.00016095024878301484,-0.2816938010254406,-0.07558986055895797,0.33086096323314695,-0.017702063903370494,-0.07483289093994805,0.6408814737526376,5.064135316831237,3.218120051331292,54.84291533287922,54.842336901354564,54.84410148652196,54.84165203957057
1132.0,38.272,-0.5611799225321402,3.3760312248615363,0.7262256001937748,0.31245079289984157,-0.10815618411509434,-0.20805962354987706,0.00238565378871416,0.0003182062653014442,-0.284099250884673,-0.07518175784077985,0.33099242539033746,-0.01763887034800153,-0.07453669528086444,0.6381116969023211,5.054317434238962,3.210038360050628,54.95648169499855,54.95577244876889,54.95720341710631,54.95533241309629
1133.0,38.304,-0.5511850918916303,3.372546681006097,0.7194187613397101,0.3123384575158987,-0.1088919954824619,-0.21271371418949947,0.0024265417059184044,0.0004800886374594574,-0.28649353192980204,-0.074833268136782,0.3311643549326825,-0.0175917437143297,-0.07429940520815248,0.6356742932740426,5.044497211608178,3.201952776208965,55.06209082268933,55.0612650858951,55.062369903170946,55.061060188250664
1134.0,38.336,-0.5411924984926603,3.369037665290072,0.7125010229468989,0.3122685437178492,-0.10965674112579746,-0.21617932477537316,0.002467635058668335,0.0006439013577170221,-0.2888785550314216,-0.0745442995888305,0.331378846718017,-0.017560236367940518,-0.07411866561212485,0.6335293780811575,5.0346738777975295,3.193861827978487,55.160314681598216,55.15938284288681,55.16017386591873,55.15940316872332
1135.0,38.368,-0.5312007600629853,3.365503237852963,0.7055078221381674,0.31224182592730676,-0.11045085740964285,-0.2185375252728333,0.0025081576948204876,0.0008070685664430696,-0.29125618802417047,-0.07431350249792863,0.3316372079636633,-0.017543692354563573,-0.0739913861871251,0.6316418527114186,5.024846428734731,3.1857640256704505,55.25165523764632,55.250625544634076,55.251118997810025,55.250860225579046
1136.0,38.4,-0.5212084930298874,3.361942459704028,0.6984721690346245,0.3122583447843459,-0.11127431715422635,-0.21986415948574067,0.002547385898340278,0.0009671469604428212,-0.29362822431276125,-0.07413854807969143,0.3319399616901373,-0.01754126130314021,-0.07391380129394863,0.6299808303860484,5.015013664639103,3.177657886635126,55.33655431327272,55.33543371896598,55.33564911382357,55.33587072098735
1137.0,38.432,-0.5112143349510742,3.3583544070687243,0.6914247945313,0.3123174399628778,-0.11212664485323176,-0.2202304532288656,0.002584652216517937,0.0011218400048743798,-0.2959963566643712,-0.07401629132940793,0.3322868635117311,-0.01755191491464657,-0.07388154090343968,0.6285191307397225,5.0051742277050755,3.1695419590549885,55.415402013866284,55.414196678921044,55.41415637986988,55.414822713111235
1138.0,38.464,-0.5012169657233506,3.3547381851125126,0.6843942812283603,0.31241778836639506,-0.11300693613162795,-0.2197035407168895,0.002619349187267563,0.001269012682648418,-0.29836215464865945,-0.07394288557557634,0.3326769299032985,-0.01757446589763563,-0.07388971190066673,0.6272328350509558,4.995326639657102,3.161414844433763,55.48854404921915,55.48725966342686,55.48698849213893,55.48806018323159
1139.0,38.496,-0.49121512739765605,3.351092940908899,0.6774071798366422,0.31255744767792026,-0.1139138813629076,-0.21834691849116614,0.002650932737468349,0.0014067058729154032,-0.3007270451881715,-0.07391388002878907,0.3331084763803963,-0.017607588963197904,-0.0739329877515167,0.6261008948448411,4.985469338644799,3.153275218587939,55.5562881073658,55.554930114174525,55.55445494978329,55.55588937386548
1140.0,38.528,-0.48120764243713865,3.347417875525237,0.670488113105944,0.31273390501620313,-0.1148457932394613,-0.2162208353343425,0.0026789250840580678,0.0015331497084168312,-0.30309229611474686,-0.07392431386280462,0.33357916424219575,-0.01764984340490737,-0.07400570402123942,0.6251047874634602,4.975600715002642,3.145121850958594,55.6189094062157,55.6174831724932,55.616832535003745,55.61858432935998
1141.0,38.56,-0.47119343026841465,3.343712255109646,0.6636598690804894,0.31294413027259005,-0.11580063798720489,-0.2133826257954348,0.0027029170169384966,0.0016467754464513668,-0.3054590027849841,-0.07396881175971737,0.3340860546448243,-0.017699696771804357,-0.07410195710090924,0.624228212967845,4.965719145451577,3.1369536220781167,55.67665552677057,55.675166478053235,55.674370096136876,55.67639172621899
1142.0,38.592,-0.46117152199361255,3.339975420874603,0.65694348526634,0.3131846335875999,-0.1167760698450999,-0.20988699419218862,0.002722569480122176,0.001746225520507069,-0.3078280778343487,-0.07404168176490959,0.3346256688612885,-0.017755549159031034,-0.07421570357472163,0.6234568274117036,4.955823025371139,3.1287695390470582,55.729750616075066,55.72820434594557,55.72729271609485,55.729535073463595
1143.0,38.624,-0.4511410731511678,3.336206797886768,0.6503583250983642,0.31345152632636336,-0.1177694683698334,-0.20578625524922178,0.0027376143976286945,0.0018303615348849056,-0.31020024411661806,-0.07413701444373495,0.3351940536226547,-0.017815757667287824,-0.07434085784432605,0.6227780081222992,4.945910798820392,3.1205687488999314,55.77839903590994,55.776801392118514,55.7758053381432,55.77821835553699
1144.0,38.656,-0.4411013744358313,3.3324059025879538,0.6439221479177821,0.3137405848543001,-0.11877797808795752,-0.20113053689321253,0.0027478547153851796,0.0018982700344268965,-0.3125760308181766,-0.07424878157731399,0.3357868504740172,-0.01787866061625791,-0.0744713858840782,0.6221806471476233,4.9359809860346635,3.11235054976443,55.822788523438156,55.82114567044314,55.82009591246685,55.82262918268892
1145.0,38.688,-0.4310518603123787,3.3285723489884718,0.6376511735135036,0.3140473163578592,-0.11979854998379938,-0.1959679501336807,0.0027531636512606998,0.0019492659340483646,-0.314955772672876,-0.07437093243114591,0.3363993680883229,-0.01794260113120434,-0.07460139329723203,0.6216549694899085,4.926032208172799,3.1041143997456184,55.863092921749534,55.861411378193615,55.86033811963559,55.86294150665585
1146.0,38.72,-0.4209921154825707,3.324705853491058,0.631560142139711,0.31436702593153404,-0.12082798429419116,-0.19034473043104072,0.0027534831632602826,0.001982893534234359,-0.3173396121415918,-0.074497485702397,0.33702665650564584,-0.018005949758576223,-0.07472520616569439,0.6211923731511195,4.916063209136631,3.095859923494618,55.899474531233636,55.897761180767375,55.89669372071869,55.89931795303815
1147.0,38.752,-0.41092187919060763,3.32080623832096,0.6256623707968232,0.31469488412381086,-0.12186297406555104,-0.18430535446522392,0.002748821661576954,0.0019989250833664695,-0.31972750436578845,-0.07462261546450145,0.3376635822716416,-0.018067125803278072,-0.07483744351981353,0.6207852883729852,4.906072874330648,3.087586916449743,55.93208612657848,55.9303482009978,55.92931457815568,55.93191181595762
1148.0,38.784,-0.4008410473782715,3.316873433555306,0.6199698064515916,0.31502599413553956,-0.12290014892669919,-0.17789263578850636,0.0027392510039880675,0.0019973568789844846,-0.3221192246586603,-0.07474072971069787,0.33830490347788283,-0.018124617118301933,-0.07493308058318236,0.6205737234892225,4.896060246275198,3.079295346766489,55.98547998718166,55.98372502178833,55.98275169482352,55.98527606370678
1149.0,38.816,-0.3907496635281371,3.312907448837923,0.6145020297809445,0.3153557453166635,-0.12393702241821071,-0.17086802095770365,0.0027249007474936166,0.0019783953533148665,-0.3245143797591024,-0.07484658656096657,0.3389441984504406,-0.018177263875178984,-0.07500884978973175,0.6206809071124362,4.886024389168395,3.0709853251736674,56.05703269453133,56.055053125155936,56.05409836950669,56.05672699179715
1150.0,38.848,-0.38064791833798045,3.3089083765116,0.6092852619048431,0.3156795371924305,-0.12497101019760803,-0.16302399612818574,0.0027054380904934206,0.0019406764466682262,-0.3269124464077489,-0.0749359981812326,0.3395753769718173,-0.01822402792539647,-0.07506194095904205,0.6211027336286998,4.875964367898064,3.0626571065694264,56.125371114203304,56.123184718679525,56.12227172531851,56.12496189195352
1151.0,38.88,-0.3705361703309776,3.304876426442842,0.6043445808452192,0.31599212521880443,-0.12599843964866664,-0.15439628311322845,0.0026806177196863944,0.0018830798710785137,-0.3293127887974487,-0.07500547947635783,0.34019299051979857,-0.018263613172713508,-0.07508836625500855,0.6218340846305196,4.865879382888313,3.0543111294444003,56.19011132790178,56.18790343238661,56.18710417764519,56.18964362027496
1152.0,38.912,-0.36041495634236015,3.3008119344368043,0.5997038155130487,0.31628793714432946,-0.12701537518869388,-0.14502391663034422,0.002650669975406372,0.001806105166944093,-0.3317146457320175,-0.07505125889855817,0.34079126480898925,-0.018294701012369227,-0.07508414243459477,0.622868812232126,4.85576880411384,3.0459480271925803,56.251089889620076,56.2488899311676,56.248229802642314,56.25056129523894
1153.0,38.944,-0.35028498760189575,3.296715360571596,0.5953854435808781,0.3165615231394771,-0.12801793328774635,-0.13494912288031807,0.0026159193389876153,0.0017106080809861542,-0.3341171301294419,-0.07506943876976592,0.3413646216275195,-0.01831610314953218,-0.07504579449494558,0.6241997300715889,4.84563218871061,3.0375686236588484,56.30805427216379,56.305893083529696,56.305396354659834,56.30746296619465
1154.0,38.976,-0.34014714246236705,3.2925872852031777,0.5914104939454135,0.3168076606103068,-0.12900235526308623,-0.1242171761082834,0.0025767822002575095,0.001597806207115251,-0.3365192363756504,-0.07505634842600442,0.3419077954716546,-0.018326788394866664,-0.07497042754992236,0.6258186120326533,4.835469295193464,3.029173925066099,56.36076647323005,56.35867638919206,56.358365256794805,56.36011165732847
1155.0,39.008,-0.33000245570123454,3.28842840257477,0.5877984544339965,0.3170214612853553,-0.1299650821377223,-0.11287623473176786,0.002533762460920041,0.0014692795752248675,-0.3389198540695344,-0.07500874287072869,0.3424159495496555,-0.018325905800835943,-0.07485578334917607,0.6277161986665999,4.825280093797133,3.020765108260713,56.40900477424879,56.4070191068222,56.40691303063911,56.408286859979505
1156.0,39.04,-0.3198521043748783,3.2842395120090297,0.5845671853871417,0.3171984789486669,-0.13090283017940016,-0.10097715771422296,0.00248744512822495,0.0013269633000864713,-0.34131778566259685,-0.07492392338749018,0.34288478833436375,-0.01831280411972981,-0.07470028293703923,0.6298822112376707,4.815064772515722,3.0123435052804637,56.45256529508595,56.45071746379534,56.45083264746647,56.451785916955274
1157.0,39.072,-0.30969739028662835,3.280021506716344,0.5817328397217892,0.3173348152577761,-0.1318126653964127,-0.08857330204225433,0.002438487791220663,0.0011731306925618595,-0.3437117666099608,-0.07479981508243833,0.3433106630591782,-0.01828704729140701,-0.07450305597264498,0.6323053732438892,4.804823738510302,3.0039105843369285,56.491263417915086,56.489585807618816,56.4899347678783,56.490425341735396
1158.0,39.104,-0.29953971922737976,3.275775360316852,0.5793097900449644,0.31742722060155326,-0.13269207498414834,-0.07572030240078424,0.0023876099251211986,0.0010103653495502339,-0.3461004871636104,-0.07463501748895277,0.34369066636983553,-0.01824842554059622,-0.07426395666120378,0.6349734391784871,4.794557614673722,2.99546792740684,56.5249350646756,56.5234576786072,56.52404888570889,56.52404202846631
1159.0,39.136,-0.2893805772594709,3.2715021112462863,0.5773105633443677,0.3174731864971159,-0.13353903345515622,-0.06247583439364027,0.0023355800542123007,0.0008415210828642732,-0.34848261516976375,-0.07442883551656294,0.3440227123708322,-0.018196961668278,-0.07398356611000556,0.6378732302002316,4.784267231284625,2.9870172047417576,56.55343780007025,56.552186793918985,56.55302438497423,56.552494313499274
1160.0,39.168,-0.27922150443691646,3.267202845294204,0.5757457837306146,0.31747102570486185,-0.13435206100258315,-0.048899362929790385,0.0022832009188867774,0.0006696691672932055,-0.3508568193331656,-0.07418129395165798,0.3443055986359088,-0.018132912214814542,-0.07366318102221392,0.6409906762812158,4.7739536128444735,2.978560146728984,56.57665172817441,56.575647938138516,56.57673151480091,56.57566285311904
1161.0,39.2,-0.2690640664815688,3.262878676603913,0.5746241236455676,0.3174199361045795,-0.1351302715715806,-0.035051877657714635,0.0022312929327301233,0.0004980332895156363,-0.3532217924556659,-0.07389313693680222,0.3445390473659398,-0.01805676332228208,-0.0733047888645446,0.6443108643093932,4.763617960364766,2.9700985136623297,56.59448015496143,56.59373775710574,56.59506228335336,56.59345128892002
1162.0,39.232,-0.25890982505613364,3.2585307275412534,0.5739522638833884,0.31732004454488305,-0.13587340820812974,-0.020995617568102483,0.002180676369068884,0.00032991370596905734,-0.35557627418023674,-0.07356581317958213,0.3447237237818462,-0.017969221310767572,-0.072911029932686,0.6478180915529351,4.75326162954593,2.9616340641002807,56.606850001254216,56.606375450430704,56.60793126628403,56.60578668411996
1163.0,39.264,-0.24876030737988425,3.254160107907927,0.5737348626974551,0.31717242738275786,-0.13658186354142812,-0.006793787060414075,0.0021321528639933946,0.00016860334040392453,-0.3579190727920387,-0.07320144749941558,0.34486123090868986,-0.017871198184493023,-0.0724851470469932,0.6514959238567177,4.742886105451399,2.953168522590526,56.61371196940024,56.61350335486314,56.61527631816243,56.61261973088983
1164.0,39.296,-0.23861697600928408,3.2497678940274084,0.5739745341898546,0.31697910533129015,-0.1372566837662277,0.007489734137483681,0.00208648694072899,1.7299678628229852e-05,-0.3602490856533887,-0.07280279942846224,0.3449540810513691,-0.017763792478964868,-0.07203092390665553,0.6553272579459446,4.732492974415929,2.9447035476123293,56.61504048911051,56.615087406770186,56.617059168102045,56.613924748355146
1165.0,39.328,-0.22848119964254582,3.2453551082612115,0.5746718361040766,0.3167430114605353,-0.1378995551936364,0.021790684819435528,0.0020443883242967135,-0.00012098287217372756,-0.36256531788266955,-0.07237320979419724,0.34500564530225675,-0.0176482660272069,-0.07155261338324759,0.6592943872593731,4.722083894023004,2.9362407006216626,56.61083348832496,56.611117469249564,56.613265875762906,56.60969950919451
1166.0,39.36,-0.2183542257967212,3.240922699515697,0.5758252670692154,0.3164679326820541,-0.1385127732973515,0.03604471766059361,0.0020064958076774627,-0.00024349519332539805,-0.364866898928792,-0.07191653644349483,0.3450200832787727,-0.017526017349718204,-0.0710548572306708,0.6633790708173196,4.711660562032488,2.927781417071257,56.601112048221125,56.60160750977411,56.60390712352664,56.59996494512235
1167.0,39.392,-0.2082371561457202,3.23647152527262,0.5774312732783173,0.31615842659374616,-0.13909919509613564,0.050187694034428625,0.001973363344918725,-0.00034782558672050054,-0.36715309674122926,-0.07143708047685722,0.3450022558595859,-0.017398552449779295,-0.07054259882185376,0.667562604732293,4.701224685132249,2.9193269802166557,56.58592000340012,56.58659561872561,56.58901832624696,56.584764784301456
1168.0,39.424,-0.19813092520136769,3.2320023356216048,0.5794842645263609,0.3158197170110506,-0.13966217659423946,0.06415597650136924,0.0019454488915427476,-0.0004319580965951979,-0.36942332928890015,-0.07093950452330888,0.34495762400885505,-0.017267453826676243,-0.07002099060120771,0.6718258960728076,4.690777948328825,2.910878498413469,56.56532353795912,56.56614386732694,56.568659550978964,56.56416516592273
1169.0,39.456,-0.1880362828767782,3.2275157596942026,0.5819766394851783,0.315457572643386,-0.14020549773130317,0.07788671746303436,0.0019231063107814164,-0.0004943146425481261,-0.3716771732366409,-0.07042874469588618,0.34489213685900805,-0.01713434851073581,-0.06949529798359222,0.6761495388739188,4.680321985691517,2.902436886469463,56.53941080823459,56.54033801326996,56.54291525275363,56.53825426086908
1170.0,39.488,-0.1779537813057927,3.223012294804354,0.5848988200524834,0.31507817409333166,-0.1407332778077824,0.09131814272829407,0.001906580446774118,-0.0005337801292893133,-0.373914369644097,-0.0699099179325479,0.34481211217730473,-0.01700087588828185,-0.06897080145138469,0.6805138921367047,4.669858353035289,2.8940028514508147,56.50829159907652,56.5092870709777,56.511893845047034,56.507141907221204
1171.0,39.52,-0.1678837661195718,3.2184922984973077,0.5882392945780706,0.31468797456936837,-0.1412498845951829,0.10438982892458729,0.0018960052647558241,-0.0005497111596587451,-0.37613482660715064,-0.06938822646011286,0.3447241122003661,-0.016868656030741072,-0.06845269861650864,0.6848991596667506,4.659388502986893,2.885576883169639,56.47209699871205,56.47312276836823,56.4757271316095,56.470959250578915
1172.0,39.552,-0.15782637221631737,3.2139559836066733,0.5919846697396409,0.31429355947673504,-0.14175984033233843,0.11704297379908675,0.0018914047984398778,-0.0005419301320649183,-0.3783386188163343,-0.06886886113422196,0.34463481766910514,-0.016739259179722896,-0.06794600802841501,0.6892854715712201,4.648913762740904,2.8771592494135936,56.430979062439846,56.43199891210166,56.43456962811284,56.4298583660278
1173.0,39.584,-0.14778152391399924,3.209403416324233,0.5961197308111544,0.3139015094474067,-0.14226772757624867,0.1292206584847828,0.0018926965398551906,-0.000510707226895764,-0.3805259840601377,-0.06835690541553759,0.34455090271255234,-0.016614176971679384,-0.06745547651931448,0.6936529671745535,4.638435314690019,2.8687499958290976,56.38511042943159,56.38609067904615,56.38859779801233,56.38401183281289
1174.0,39.616,-0.1377489392560498,3.204834517204221,0.6006275100361878,0.31351827056095416,-0.1427780975003808,0.1408681007823066,0.0018996968579590577,-0.00045673306428184446,-0.38269731675409485,-0.06785724174408057,0.3444789130493021,-0.01649479591511542,-0.06698549187262276,0.697981879037613,4.627954180014696,2.8603489502446102,56.33468385910248,56.33559384497586,56.33800921932236,56.33361223396315
1175.0,39.648,-0.12772813814897022,3.2002490649555417,0.6054893627864361,0.31315003459620216,-0.14329538277121695,0.1519328984452426,0.0019121280309362559,-0.0003810847219014583,-0.38485315862929886,-0.0673744620647036,0.34442514975014465,-0.01638237355901752,-0.06654000256695418,0.7022526176873534,4.617471205243704,2.8519557311224166,56.27991166109682,56.280723954453265,56.28302169034687,56.27887155899941
1176.0,39.68,-0.11771845394769286,3.195646702822282,0.6106850511510241,0.31280263128995195,-0.14382381666437824,0.1623652613933947,0.0019296265092882516,-0.0002851874578865705,-0.3869941867661843,-0.06691278422817547,0.3443955605660218,-0.016278017714765794,-0.06612244627055888,0.7064458565951751,4.606987051748256,2.843569759756187,56.22102500291963,56.22171543034021,56.223872275219776,56.220020495968726
1177.0,39.712,-0.1077190480659349,3.1910269473139308,0.6161928345662187,0.31248143380490134,-0.14436735963596398,0.17211823172480992,0.0019517520777459895,-0.00017077401847147302,-0.38912119921040683,-0.06647597593151126,0.34439564053334093,-0.016182669014879053,-0.06573568863312222,0.7105426168889983,4.596502188104262,2.8351902757842415,56.15827308893028,56.15882061828008,56.16081628561758,56.15730760707421
1178.0,39.744,-0.09772892717002311,3.1863891990200326,0.621989567058453,0.3121912779972775,-0.1449296341843341,0.18114789038234294,0.0019779976410248816,-3.984292809143066e-05,-0.39123509845609605,-0.0660672877592205,0.34443034327072947,-0.01609708701232701,-0.06538197373287201,0.7145243512504924,4.586016885244564,2.826816355561134,56.091922212375195,56.092308760920304,56.0941261935273,56.0909983888768
1179.0,39.776,-0.08774696251097637,3.181732755227476,0.6280508006375273,0.31193639559517583,-0.1455138685173805,0.1894135493460503,0.0020077994124870786,0.00010538326929580258,-0.3933368731261151,-0.06568939673458768,0.3445040040524374,-0.016021839945104588,-0.06506288729316152,0.71837302643463,4.5755312143204705,2.8184469329184485,56.022254687697895,56.022464897956354,56.02409047082985,56.02137422280569
1180.0,39.808,-0.07777191095670843,3.1770568240500947,0.6343508943426563,0.31172036107090734,-0.1461228492931782,0.1968779282853052,0.0020405473309024797,0.0002624991910834244,-0.3954275782174059,-0.06534436158614382,0.3446202754371406,-0.01595729821484118,-0.06477933348522909,0.7220712038521653,4.565045047194653,2.810080821845821,55.949567673796885,55.94958869055386,55.95101235388551,55.948731224724874
1181.0,39.84,-0.06780243730060194,3.1723605397779884,0.6408631284128096,0.3115460517532931,-0.14675888350330646,0.2035073146922654,0.0020755955666735336,0.0004289568414784323,-0.3975083143104237,-0.06503359068011003,0.34478207592121257,-0.015903631556191636,-0.06453152579666573,0.7256021176732295,4.554558059491658,2.801716740631789,55.874171900569785,55.87399317149585,55.875208534292135,55.873379003832305
1182.0,39.872,-0.05783713744182631,3.1676429791564695,0.6475598230253801,0.31141562058677275,-0.14742376942248017,0.20927170664285108,0.0021122730056033355,0.0006021046704388586,-0.399580206163418,-0.0647578232725331,0.34499155182141217,-0.015860809808111928,-0.06431899207908313,0.7289497499389557,4.54406973613519,2.7933533370188193,55.796390311667125,55.79600342505384,55.79700777994154,55.795639341781026
1183.0,39.904,-0.0478745620548289,3.1629031783107413,0.6544124610242686,0.3113304808436341,-0.1481187764289905,0.2141449374652441,0.002149893616887749,0.0007792253571272669,-0.40164438112387074,-0.06451712440477725,0.34525005234102174,-0.0158286071388742,-0.06414059351294714,0.7320989022042301,4.533579379301109,2.784989213945827,55.7165566362215,55.715955202691504,55.716749492923896,55.71584480288658
1184.0,39.936,-0.03791324038921815,3.158140150041462,0.6613918140403398,0.3112913020503702,-0.14884463341499873,0.2181047817522462,0.002187766624503462,0.0009575722661867859,-0.40370194778994045,-0.0643108934178089,0.3455581175778019,-0.015806609525615092,-0.0639945568570381,0.7350352632760593,4.523086118710759,2.7766229554735635,55.63501390188532,55.63419348226753,55.63478221264709,55.6343372860218
1185.0,39.968,-0.02795170386599187,3.153352901227662,0.6684680713940905,0.31129801635078647,-0.14960152543122265,0.22113304230468542,0.0022252064094015877,0.001134404554218219,-0.40575397534416435,-0.06413788570829886,0.34591547905352327,-0.015794225245100962,-0.06387851900249818,0.7377454726560123,4.512588924180378,2.7682531525123935,55.55211290087045,55.55107097933854,55.551462073644,55.55146652835271
1186.0,40.0,-0.017988509161212918,3.1485404500865344,0.6756109711622617,0.31134983452437653,-0.15038909816026116,0.22321561775537377,0.0022615420755455373,0.0013070209174971094,-0.4078014739601449,-0.06399624700925256,0.3463210722215693,-0.015790698097641193,-0.06378958254468493,0.7402171793406594,4.5020866203289565,2.7598784279976716,55.468210620076874,55.46694661966667,55.46715122811193,55.46758857066385
1187.0,40.032000000000004,-0.008022260493408269,3.143701843054009,0.682789932786892,0.3114452708688604,-0.15120646976640423,0.22434255076967446,0.002296126616963186,0.0014727919786444135,-0.40984537665138354,-0.06388355916544478,0.3467730602995024,-0.015795123057768132,-0.06372438082945807,0.7424390956791812,4.4915779033291745,2.7514974611845195,55.38366864573896,55.382183982119436,55.38221624328869,55.38306419356427
1188.0,40.064,0.0019483691441574604,3.138836171065409,0.6899741906067381,0.31158217617396333,-0.1520522496437666,0.22450805687021558,0.0023283456265770085,0.0016291913147499775,-0.41188652289103733,-0.06379689610196262,0.34726886871395196,-0.01580646402567322,-0.06367915073705174,0.7444010460320892,4.481061359564446,2.743109010760985,55.298851552452945,55.2971497210078,55.29702648352034,55.298257333505845
1189.0,40.096000000000004,0.011924618040905185,3.1339425850314573,0.6971329276967434,0.3117577780233315,-0.15292456356097114,0.22371053406263908,0.0023576254908775954,0.001773825134336801,-0.4139256442837946,-0.06373288846391507,0.3478052293928219,-0.015823573339951935,-0.06364981134155881,0.7460940100180963,4.470535486030106,2.734711936505792,55.21412528584581,55.21221197653129,55.21195248632431,55.213533487149405
1190.0,40.128,0.02190761732724087,3.1290203103211915,0.7042354094109846,0.31196872769802453,-0.1538210846958213,0.22195255357006244,0.0023834410179001393,0.00190446061583743,-0.41596335251811156,-0.06368779524534546,0.3483782341295182,-0.015845212705975664,-0.0636320465285821,0.7475101601777088,4.459998712288985,2.726305219243859,55.129855547631564,55.12773878152265,55.12736434105773,55.129258112299595
1191.0,40.160000000000004,0.03189837422268103,3.124068660079599,0.7112511160378363,0.31221115298246993,-0.15473907004975518,0.21924083208909084,0.00240532244922056,0.0020190529244347812,-0.4180001297708559,-0.06365758062854507,0.34898339623157976,-0.015870075192789213,-0.06362138966627914,0.7486428939211236,4.449449423761595,2.7178879788790646,55.046406191254086,55.04409647205859,55.04363007792798,55.04579503327442
1192.0,40.192,0.04189775714193304,3.119087047223743,0.7181498739925424,0.3124807162266599,-0.15567540174550915,0.2155861860845884,0.0024228618096915843,0.002115770924819821,-0.4200363216788601,-0.06363799422284717,0.3496157196853524,-0.015896807955569803,-0.06361330849937012,0.7494868596647428,4.438885986099591,2.709459490309074,54.96413763585589,54.96164810882658,54.96111407415093,54.96350485828634
1193.0,40.224000000000004,0.05190648280784245,3.114074994976593,0.7249019849915159,0.31277267705963396,-0.1566266327234186,0.21100346871789977,0.0024357185508806084,0.0021930216011622826,-0.4220721329351086,-0.06362465292031541,0.3502697750731864,-0.015924035347531007,-0.06360328856250674,0.7500379770942394,4.428306770358842,2.7010191970511297,54.883405305841876,54.88075191534085,54.88017548302045,54.88274341609025
1194.0,40.256,0.06192510550261926,3.109032145812506,0.7314783526740233,0.3130819592118098,-0.15758903637773727,0.2055114900783775,0.002443624445354808,0.002249473178323008,-0.4241076255128052,-0.06361312266862676,0.3509397815019676,-0.01595038209557509,-0.06358691357809963,0.7502934515229669,4.417710178655908,2.6925667224304375,54.804558102937875,54.80175973827404,54.801166690600894,54.803860218902614
1195.0,40.288000000000004,0.0719540085729671,3.1039582687023213,0.7378506061599898,0.31340322094833506,-0.15855865969325758,0.19913292143643033,0.0024463876884544106,0.002284076905098923,-0.42614271947011184,-0.06359899858978317,0.35161969379315494,-0.015974496224414853,-0.06355994149917078,0.7502517823419771,4.407094669960184,2.6841018782040504,54.727936917291714,54.725015534266035,54.72443180366912,54.72719695833236
1196.0,40.32,0.08199339829049906,3.098853264559304,0.7439912200570271,0.3137309286729083,-0.1595313794693113,0.19189418428243832,0.0024438961616594017,0.0022960874058147664,-0.42817719624276984,-0.06357798203541035,0.35230329417522593,-0.015995071425727425,-0.06351837506995293,0.7499127655826181,4.396458785643985,2.6756246705131717,54.653873183920105,54.6508538867022,54.65030517153023,54.6530860408863
1197.0,40.352000000000004,0.09204330015576959,3.093717169799956,0.7498736304549916,0.3140594332896687,-0.16050296122959865,0.1838253249363683,0.0024361198066698664,0.0022850814252562113,-0.4302107042920519,-0.0635459533545504,0.35298428765940204,-0.016010868578255094,-0.06345852598908515,0.7492774906344424,4.385801174386035,2.6671353030758422,54.58268749058092,54.57959855513964,54.57910994345954,54.58184916943897
1198.0,40.384,0.10210355772177483,3.0885501579463206,0.755472346472053,0.31438304893769853,-0.16146912042612874,0.17495987553318837,0.0024231120517922275,0.0022509746788681962,-0.4322427669418024,-0.06349903934454879,0.3536564001994623,-0.01602073613374047,-0.0633770719654885,0.7483483311811606,4.375120616001114,2.6586341775506352,54.51468824298804,54.511561059480144,54.511156662965774,54.51379597695744
1199.0,40.416000000000004,0.112173833999984,3.0833525392094057,0.7607630569420594,0.31469613369400123,-0.16242558552857347,0.16533470218768145,0.0024050102224399254,0.0021940363720270983,-0.43427279221067006,-0.06343367455021781,0.35431347858858225,-0.016023629088830843,-0.06327110614195731,0.747128930436245,4.3644160437518975,2.650121891021102,54.450170393065456,54.447039300775224,54.446741899986016,54.44922271864319
1200.0,40.448,0.122253615497661,3.078124758007505,0.7657227318586913,0.31499317180244113,-0.16336816255941156,0.15498984114476588,0.0023820348562245933,0.002114900769295661,-0.43630008442383666,-0.06334665575973572,0.3549495908676315,-0.016018626267670616,-0.063138178524017,0.7456241807796007,4.353686564690013,2.6415992305713636,54.389414235621636,54.38631622096607,54.38614692278778,54.38841102850048
1201.0,40.480000000000004,0.13234221891791267,3.072867388389411,0.7703297182174063,0.31526885688282935,-0.16429280056542533,0.14396832370982535,0.0023544878317878714,0.002014574982975626,-0.4383238573717976,-0.06323518921163025,0.35555912577421955,-0.016004945642861423,-0.06297632918807983,0.7438401979190992,4.342931477574188,2.633067164946859,54.33268427823692,54.32965850514305,54.3296364130125,54.33162674601217
1202.0,40.512,0.14243880053178554,3.067581127351964,0.7745638299215116,0.3155181754335617,-0.16519565742022665,0.13231599075330738,0.0023227492115798043,0.0018944419249585873,-0.44034324877162395,-0.06309693017105616,0.35613688950428923,-0.015981957427492477,-0.06278411315335748,0.7417842897285667,4.332150287926424,2.624526833322387,54.28022818820351,54.277315332309996,54.27745723021009,54.2791188180328
1203.0,40.544000000000004,0.15254236820291123,3.062266786065252,0.7784064314440939,0.3157364897226425,-0.16607316520973275,0.12008129758068381,0.0022872726955996217,0.0017562571532854924,-0.44235733577762537,-0.06293001465391282,0.35667819777595616,-0.015949194680137335,-0.06256061689364137,0.7394649199490945,4.321342719814755,2.6159795312339202,54.23227581887811,54.22951718428776,54.22983723648386,54.231118280033115
1204.0,40.576,0.16265179600780688,3.056925279048218,0.7818405149633351,0.315919618903024,-0.16692209428233634,0.10731510997629704,0.002248579589923655,0.0016021381850288387,-0.4443651512829356,-0.06273308317661541,0.35717896096023216,-0.015906361183739615,-0.06230546654431615,0.7368916669856036,4.310508723995659,2.6074266937728,54.18903831580877,54.18647472718372,54.18698419732762,54.187837319423465
1205.0,40.608000000000004,0.17276584134747267,3.0515576113734424,0.7848507707155052,0.31606391686452034,-0.1677396148367184,0.09407049225530749,0.0022072512154446694,0.0014345447928206044,-0.44636570075066134,-0.06250529649309895,0.3576357598884618,-0.015853336391110306,-0.06201882793693914,0.7340751780857971,4.2996484821122705,2.598869876192034,54.15070730060517,54.14837778531348,54.14908478080935,54.1494684218764
1206.0,40.64,0.1828831643876646,3.0461648640228325,0.7874236503382062,0.3161663450060331,-0.16852335470657812,0.08040248820941256,0.0021639197231232326,0.0012562489142186307,-0.44835797931277316,-0.06224634335622425,0.3580459099599004,-0.015790177279662143,-0.061701398675592684,0.7310271192527874,4.28876240672692,2.5903107321348915,54.11745412816129,54.11539443258224,54.116303682773356,54.11618359962987
1207.0,40.672000000000004,0.19300234959667206,3.040748177565574,0.7895474230068035,0.3162245377814475,-0.16927145178930783,0.06636789589365859,0.0021192573453676024,0.001070293138785855,-0.45034098887683266,-0.061956440415667426,0.3584075113648968,-0.01571711702682374,-0.061354392564109114,0.7277601213110518,4.2778511370675485,2.5817509897650734,54.08942921118616,54.08767022964034,54.08878290902197,54.08813369916156
1208.0,40.704,0.20312192907280308,3.0353087343845466,0.7912122241997473,0.316236858629129,-0.16998259940712507,0.052025037279501876,0.002073964198991551,0.0008799373352096287,-0.45231375498548054,-0.061636324446609984,0.35871948367615497,-0.015634560505687067,-0.06097951680079791,0.724287722610434,4.266915530484307,2.5731924261530636,54.06676140591769,54.065327634792425,54.066641244489745,54.065447785031765
1209.0,40.736000000000004,0.21324040727328503,3.0298477397347843,0.7924100969635587,0.3162024437650256,-0.1706560828050544,0.037433523869100066,0.0020287548593587276,0.0006885938378180739,-0.4542753431818855,-0.061287237196573814,0.35898158368845995,-0.015543076700798547,-0.060578942471744196,0.7206243089037727,4.255956649739897,2.564636840350595,54.049557455154876,54.04846561107022,54.04997393253773,54.048232597723064
1210.0,40.768,0.22335628667812002,3.024366401973505,0.7931350255850208,0.31612123140112836,-0.17129180504000197,0.02265401942069367,0.0019843440382103397,0.0004997526679777547,-0.4562248746466402,-0.06091090324049973,0.3591944061846286,-0.015443388249307521,-0.06015526898406986,0.7167850509587461,4.244975746387489,2.556086025658591,54.03790148959695,54.037159440290594,54.0388525739433,54.03657208622394
1211.0,40.800000000000004,0.23346809385434014,3.018865912350745,0.7933829616152817,0.31599397425684345,-0.17189030071122233,0.007748000945650806,0.0019414318045627315,0.00031689939449237934,-0.4581615408883077,-0.060509501340222406,0.3593593681256355,-0.015336358408527623,-0.05971148316917428,0.7127858404529643,4.233974240613606,2.547541741656122,54.03185459529557,54.03146073818698,54.03332523609582,54.030527020520225
1212.0,40.832,0.24357440533641378,3.013347424787289,0.7931518422263272,0.315822233814836,-0.17245273635802483,-0.007222480904828345,0.001900688871291555,0.00014342925734393193,-0.4600846172907494,-0.06008562990203116,0.35947867751810236,-0.015222975826849117,-0.05925091383801476,0.7086432246475691,4.222953698030062,2.53900568660118,54.03145446208308,54.03139764552599,54.03341674151556,54.03013469381657
1213.0,40.864000000000004,0.25367387271479724,3.0078120360873597,0.7924416009124955,0.31560835557444794,-0.17298089687276816,-0.022195041057237616,0.0018627425122252769,-1.7438110373008088e-05,-0.46199347534481244,-0.05964226720128517,0.35955528874439024,-0.015104337538998674,-0.058777182573622286,0.704374340240002,4.2119158039791955,2.5304794708315783,54.03671513274854,54.03697515284313,54.03912908603314,54.03540872742791
1214.0,40.896,0.26376524633201565,3.002260767033832,0.7912541705763461,0.3153554255381098,-0.17347715792275475,-0.037107198004673804,0.0018281636637135334,-0.0001627387963937764,-0.4638875934184251,-0.05918272708305538,0.3595928464193613,-0.014981630617081937,-0.05829415150065952,0.6999968466713543,4.200862335963412,2.5219645917814995,54.047626873147934,54.048175505631846,54.05044192588004,54.04633899106655
1215.0,40.928000000000004,0.27384739702579247,2.996694544792094,0.7895934790578125,0.3150672091804905,-0.1739444450543026,-0.05189660995416736,0.001797455697397071,-0.0002898353267904338,-0.4657665659458836,-0.05871061084624658,0.3595956198202769,-0.014856112886647455,-0.05780586868705122,0.6955288590251045,4.189795134820428,2.513462411184959,54.06415617827951,54.06495863590968,54.06731307318184,54.0628916469149
1216.0,40.96,0.2839193354289746,2.9911141870064335,0.7874654371776559,0.31474807509947533,-0.17438618080190516,-0.06650130875490057,0.0017710452351833415,-0.00039647461921354775,-0.467630110942198,-0.058229755977246875,0.35956842972769476,-0.014729093072938237,-0.05731651172809717,0.6909888805231127,4.178716075241826,2.504974134964594,54.086245919385696,54.08726257562376,54.089678951277044,54.08500931804239
1217.0,40.992,0.2939802284297026,2.9855203879137524,0.7848779193714287,0.314402906272786,-0.1748062216463035,-0.08085993144461001,0.001749275230514308,-0.000480831048402535,-0.46947807577023287,-0.057744182328101405,0.3595165691826726,-0.014601910688308822,-0.05683032996786715,0.6863957345212535,4.167627036181003,2.496500796209088,54.11381562505429,54.115003824978665,54.11745498195446,54.11261137258915
1218.0,41.024,0.30402941250304544,2.9799137067292594,0.7818407369901815,0.314037002291928,-0.17520878701538772,-0.09491194941396351,0.0017324003847429506,-0.0005415338956438818,-0.47131044110642356,-0.057258036253987454,0.35944571935938896,-0.014475915919334309,-0.05635158574210394,0.6817684958449104,4.15652987162752,2.488043241534278,54.14676187859721,54.14807766966387,54.15053590056409,54.14559430744989
1219.0,41.056,0.3140664037367229,2.974294558484133,0.7783656043414295,0.3136559760524552,-0.17559838266021358,-0.1085978952735116,0.00172058482632611,-0.0005776797566425531,-0.4731273230650565,-0.05677553315289045,0.35936186151906646,-0.014352449731016986,-0.05588449500660578,0.677126421289077,4.14542638214936,2.4796021210112906,54.18495880776073,54.18635846002686,54.18879601620541,54.18383221135414
1220.0,41.088,0.32409090447899674,2.968663207422192,0.7744660975411429,0.3132656481960226,-0.175979720685637,-0.12185958750894298,0.0017139018708399198,-0.0005888314984911714,-0.474928973452722,-0.05630089880892103,0.3592711859102652,-0.014232824378141662,-0.05543316774127662,0.672488879135473,4.1343182875331745,2.471177881739032,54.22825864243165,54.22969987846991,54.23208944847237,54.22717728816354
1221.0,41.12,0.3341028066290253,2.9630197629963217,0.7701576062472136,0.312871942188427,-0.17635763830846918,-0.1346403529353053,0.0017123356099550176,-0.0005750059821704993,-0.4767157781350382,-0.05583830993818409,0.35917999849136284,-0.01411830450098725,-0.05500154859532435,0.6678752775996079,4.123207200793169,2.4627707650447768,54.27649232082607,54.27793522716623,54.28025037792916,54.275460426217556
1222.0,41.152,0.34410219166473344,2.9573641784489233,0.7654572783488235,0.3124807823658441,-0.1767370171061818,-0.14688524682467557,0.0017157840475539403,-0.000536652995697972,-0.4784882535090499,-0.05539183437803312,0.3590946264221345,-0.014010088978721108,-0.054593358345469564,0.6633049922006522,4.112094603776096,2.454380807219505,54.32947013264017,54.330877767269826,54.33309334559395,54.32849180683404
1223.0,41.184,0.35408932755938055,2.951696251915177,0.7603839576954976,0.3120979967077567,-0.17712270417959705,-0.15854127041645139,0.0017240635042555168,-0.00047462774446955017,-0.4802470410884563,-0.05496537144026796,0.35902132338141335,-0.013909293716001858,-0.054212036863090174,0.6587972921325637,4.100981824563966,2.446007843635113,54.38698239616181,54.388321135187425,54.390413629699566,54.38606155236525
1224.0,41.216,0.36406466277683136,2.946015629953109,0.7549581149646628,0.3117292255453029,-0.17751943631460443,-0.16955758533856838,0.0017369140374545648,-0.00039015892929569236,-0.48199290022621644,-0.05456259305594189,0.35896617584007573,-0.01381693553970989,-0.05386068840639575,0.65437126579548,4.089870016865354,2.437651516047596,54.44880017337604,54.45003985381949,54.45198771893146,54.44794041988983
1225.0,41.248,0.3740288175599584,2.940321813378809,0.7492017717869269,0.3113798369727551,-0.17793176794688464,-0.17988572430426603,0.0017540056619696136,-0.0002848140228327176,-0.48372669902071597,-0.05418688645754996,0.35893501147099416,-0.013733917383808747,-0.05354203016183973,0.6500457457144484,4.078760141586706,2.4293112828609953,54.51467603140774,54.51578994893527,54.51757389245592,54.51388054974556
1226.0,41.28,0.38398257274024306,2.9346141652666726,0.7431384182733045,0.31105484938385985,-0.17836400350424667,-0.1894797973006793,0.0017749451973402134,-0.0001604629247597357,-0.48544940347767573,-0.05384129926118653,0.358933310862247,-0.013661014935619664,-0.05325834503368551,0.6461762562287146,4.067652950782218,2.420986432108144,54.64042887485421,54.6413936890965,54.642996924571506,54.639700293419196
1227.0,41.312,0.39392683682963875,2.928891890951647,0.7368129972459592,0.31075825279364966,-0.17882107234457628,-0.19766940710456382,0.0017992871490726907,-1.9223470230646243e-05,-0.48716205471362806,-0.05352816651006381,0.3589619140527837,-0.013599065820705969,-0.0530128432593923,0.6427711054812688,4.056549243113869,2.4126760736031434,54.768521478226695,54.768795117797616,54.77008301323229,54.76774808065867
1228.0,41.344,0.40386265503197033,2.923154077065236,0.73027127519318,0.3104943188228272,-0.1793066839503248,-0.20442881414932532,0.0018256094653369575,0.0001323769259815559,-0.48886580524566714,-0.053250716119882045,0.3590253419033293,-0.01354850766123264,-0.05280661917810307,0.6397745728235166,4.04544944564349,2.404379175403512,54.88734072946514,54.88730441772687,54.88835337599535,54.88661329996651
1229.0,41.376,0.4137911633796063,2.917399738465678,0.7235558727687862,0.3102658858636585,-0.1798230812361999,-0.20985632576233046,0.00185314872485721,0.0002907589779665355,-0.49056187150620395,-0.053011096560955144,0.3591271949015897,-0.013509329699359335,-0.05263914416362557,0.6371376240846947,4.03435360124982,2.3960946234513623,54.99776259488215,54.997516996472555,54.99834754641756,54.99710533523783
1230.0,41.408,0.4237135604145792,2.9116278408244,0.7167064978094826,0.31007490734286797,-0.18037180128991562,-0.21404296747821355,0.0018813168687357308,0.0004531160590733799,-0.49225149102430893,-0.05281000067981778,0.3592701147563022,-0.01348132270485361,-0.05250924012133117,0.6348171091945313,4.02326140769831,2.3878212524438305,55.100457591760616,55.10001664539095,55.10063475775222,55.09987266188793
1231.0,41.44,0.43363108454492477,2.905837318657849,0.7097601504117069,0.30992262907333346,-0.1809538177047409,-0.21707335618051343,0.001909556455132407,0.0006167566143227416,-0.4939358906440868,-0.052647091475340295,0.35945596175385947,-0.01346413112617606,-0.052415253675024365,0.6327750560911876,4.01217225318313,2.3795578704070373,55.1959688162773,55.19534496914282,55.19575953882925,55.19545603476247
1232.0,41.472,0.4435449921115155,2.9000270929831564,0.7027513036098029,0.3098096114559253,-0.18156955233412286,-0.21902646255947725,0.0019373433492755215,0.0007791151077317952,-0.4956162629889299,-0.05252129739132934,0.35968580748983536,-0.013457261172121038,-0.052355088212715936,0.630978049360245,4.001085254062954,2.371303282410168,55.28477352335992,55.283978710950024,55.28420098972775,55.28433096542318
1233.0,41.504,0.4534565363032039,2.894196088455993,0.6957120628180776,0.3097357559902978,-0.18221889147387102,-0.21997627474143808,0.001964189528295438,0.0009377660202778254,-0.4972937478874066,-0.05243096806421862,0.35995994256545083,-0.013460090467964286,-0.05232624189365726,0.6293966834370156,3.9899992939882907,2.363056313249631,55.3672923057631,55.36633844144325,55.36638169150628,55.36691665114388
1234.0,41.536,0.4633669470768859,2.888343249839426,0.6886723068525458,0.30970033667752744,-0.1829012067677067,-0.21999237392284593,0.0019896458834419394,0.0010904388878046484,-0.49896941677127776,-0.05237396770113857,0.36027789725598347,-0.013471879478542503,-0.0523258524315004,0.6280050814245738,3.9789130636970995,2.3548158289215544,55.44389704814325,55.442796284330434,55.44267550818443,55.4435838109187
1235.0,41.568,0.4732774122422575,2.882467557652008,0.6816598130316674,0.3097020364178961,-0.18361538085683662,-0.2191404319024716,0.0020133048495493966,0.0012350333390506707,-0.5006442592340171,-0.05234774293808205,0.36063847336999394,-0.013491784568173293,-0.05235074806340742,0.6267804716536249,3.9678251008308143,2.3465807567025094,55.51491785701077,55.51368271688314,55.51341440554732,55.514661566176244
1236.0,41.6,0.4831890598667071,2.8765680428483176,0.6747003685679818,0.3097389882640162,-0.18435983761529876,-0.21748263949015323,0.00203480273311547,0.0013696333692179159,-0.5023191714799663,-0.052349382114487024,0.3610397857640859,-0.013518872418481598,-0.05239750341529041,0.62570281505519,3.9567338291914145,2.3383501036674756,55.5806491013564,55.57929253440632,55.578894411319155,55.580443463472434
1237.0,41.632,0.493102942145801,2.870643800394389,0.6678178702025191,0.3098088212217185,-0.1851325766852939,-0.21507807392073053,0.0020538216440770325,0.0014925202901355755,-0.5039949466243363,-0.05237567316133475,0.36147931215549317,-0.01355213547517145,-0.05246249870504167,0.6247544772485673,3.9456375969235364,2.3301229734888738,55.64135467576362,55.639890066000916,55.63938082060467,55.641192732542194
1238.0,41.664,0.5030200208705911,2.8646940016130094,0.6610344137994171,0.3099087101496537,-0.18593121191808754,-0.21198301259691604,0.0020700909634457326,0.001602183950324864,-0.5056722668838011,-0.052423162597613863,0.36195394997130437,-0.013590508086365222,-0.052541980667415555,0.6239199399787392,3.934534713164986,2.321898581379476,55.69727258105588,55.69571372332113,55.69511273581333,55.697146865827285
1239.0,41.696,0.512941154605565,2.8587179051889064,0.6543703754073459,0.31003542921796984,-0.18675301325323637,-0.20825119975224768,0.002083388300988466,0.0016973319311834312,-0.5073516977057723,-0.052488215908934856,0.36246007905158706,-0.013632883007609925,-0.052632123643653925,0.6231855471812905,3.9234234827655596,2.3136762670641295,55.74861890458897,55.746979957116444,55.74630701898234,55.74852159739374
1240.0,41.728,0.52286708767129,2.8527148667407576,0.6478444851052744,0.31018540830387087,-0.18759495150463112,-0.20393407193971197,0.0020935399153925558,0.0017768965102408626,-0.5090336838608475,-0.05256707858549765,0.3629936290574231,-0.013678127968295262,-0.052729089402030825,0.6225392815195356,3.9123022387284085,2.3054555056895394,55.795591271738374,55.79388668914689,55.793161725107225,55.79551435096484
1241.0,41.76,0.5327984410042993,2.846684346885312,0.6414738947809023,0.31035479165657537,-0.18845374548270144,-0.19908094763664813,0.0021004205847260354,0.0018400392475431294,-0.510718547486674,-0.052655936705560166,0.3635501504744725,-0.013725102017396545,-0.05282908441478009,0.6219705677371914,3.901169372080973,2.2972359166072063,55.83837183132869,55.836616280173736,55.83585907720323,55.838307219195066
1242.0,41.792,0.5427357049440693,2.8406259177382296,0.6352742408389914,0.31053949811777815,-0.18932591084629793,-0.19373918568469425,0.0021039529282976476,0.0018861531030386523,-0.5124064880322802,-0.05275097585959829,0.3641248881160899,-0.013772671391205638,-0.052928413502632596,0.6214700996087285,3.890023358934036,2.2890172699913895,55.877129830153855,55.87533808829348,55.87456803690413,55.87706952933663
1243.0,41.824,0.5526792339734511,2.834539267816223,0.6292597027021436,0.3107352821682149,-0.1902078100627301,-0.18795431677651522,0.0021041061925811044,0.0019148620360532778,-0.5140975840146539,-0.05284843727257216,0.3647128560621698,-0.013819724671599809,-0.053023528954927464,0.621029687655681,3.878862784537895,2.280799491281188,55.912023825211534,55.91021066606007,55.90944651836445,55.91196004424535
1244.0,41.856,0.5626292434150614,2.8284242053253874,0.623443057846746,0.3109377950502866,-0.19109570283858762,-0.18177015173115366,0.002100894524109391,0.00192601807595761,-0.5157917964664925,-0.052944670119885254,0.3653089129847802,-0.013865187029156095,-0.05311107443418593,0.6206421251369993,3.8676863641941206,2.2725826634630413,55.943203576523985,55.94138363953958,55.94064328784104,55.94312884208264
1245.0,41.888,0.5725858080622533,2.8222806598409504,0.6178357340103631,0.31114264522478324,-0.19198579638867624,-0.1752288698869868,0.0020943747612260023,0.0019196958884403555,-0.5174889739267693,-0.05303617920747521,0.365907836853295,-0.013908033373369377,-0.05318792317511005,0.6205630937295018,3.856492960929628,2.2643670272367387,56.0144150072017,56.012602656492014,56.01190293534784,56.014322261928065
1246.0,41.92,0.5825488728157601,2.8161086380865297,0.6124638591202917,0.31134577354705023,-0.19287567982562764,-0.1678710903147126,0.0020846412847287162,0.0018961715103595134,-0.5191888609139839,-0.05311973242112361,0.3665023248670455,-0.013947737558055034,-0.053253179129335554,0.6208006560541458,3.8452812761687474,2.2561529336773125,56.08473420950191,56.08255949370335,56.081834592451095,56.0845430950825
1247.0,41.952,0.5925182446897383,2.8099082650999723,0.6073531853970022,0.3115428710618557,-0.19376165582994012,-0.15970855385281255,0.0020711965582033086,0.001852769838386967,-0.5208911430119586,-0.05319330183640432,0.36708734371252605,-0.013983478255962356,-0.05330450347227469,0.6213503323727403,3.834050077545721,2.2479408842386595,56.15153721209186,56.14934264215076,56.148672426366296,56.15131180285086
1248.0,41.984,0.6024935705319185,2.8036798062069677,0.6025282800471603,0.3117289325680962,-0.19463934040637218,-0.15077829218254324,0.0020541272010082836,0.0017896658762981028,-0.5225954289774211,-0.053254680153475856,0.36765713316311005,-0.014014293749820689,-0.05333914490322251,0.6222066218154099,3.822798264230685,2.239731554969497,56.21472998687579,56.212563710342444,56.21196807514142,56.214472210673755
1249.0,42.016,0.6124743377966114,2.7974236672911443,0.5980124207799075,0.31189897702168684,-0.19550434111950055,-0.14112060210166685,0.002033608957721981,0.0017075023863556385,-0.5243012459593012,-0.05330135297064851,0.36820602114410106,-0.014039288723618176,-0.05335460716810827,0.6233629890831224,3.8115248930257355,2.231525794252632,56.27406122331008,56.27195759881669,56.27145339188525,56.27377003316848
1250.0,42.048,0.6224598792050926,2.7911403916888755,0.5938274955246188,0.31204816901500193,-0.19635236257087874,-0.13077891422775678,0.0020098822610448465,0.0016072785430994848,-0.5260080399283283,-0.053330810193086636,0.36872857511862156,-0.014057662220124473,-0.05334872717607566,0.6248118588095113,3.8002292005824168,2.223324616376841,56.32928452736911,56.327278699995716,56.32688179773707,56.32895929304243
1251.0,42.08,0.6324493804398513,2.7848306544323442,0.589993907013715,0.3121719135862445,-0.19717928926662415,-0.11979964096575578,0.0019832499308113376,0.001490351717319191,-0.5277151817572021,-0.05334072951233948,0.36921971621503924,-0.014068725246419056,-0.053319718308262605,0.6265446175729393,3.7889106223812163,2.215129191902926,56.38016886471178,56.3782963102246,56.378021081088946,56.37980959075982
1252.0,42.112,0.6424418909088777,2.778495253797837,0.5865304828715415,0.3122659521570395,-0.1979812698283318,-0.10823200444290938,0.001954073525810275,0.001358432271225202,-0.5294219767407191,-0.05332908306967169,0.36967483131236034,-0.01407191586016901,-0.05326620426393358,0.6285516235005035,3.7775688079258725,2.206940834842305,56.42650012798149,56.42479588548765,56.42465479298253,56.42610752025343
1253.0,42.144,0.6524363375510028,2.7721351001728047,0.5834543918255779,0.31232645756644445,-0.19875480078227728,-0.09612784518637386,0.0019227683057086152,0.0012135699599390207,-0.5311276762720477,-0.053294204080322434,0.3700898799335256,-0.014066811686056474,-0.053187244249479314,0.6308222233459628,3.76620363167892,2.198760986738903,56.46808257653051,56.46658025399841,56.466583537175715,56.46765802038444
1254.0,42.176,0.6624315415750599,2.765751202321668,0.5807810666248328,0.3123501257517485,-0.19949680784799573,-0.08354141252327649,0.001889796766201364,0.0010581307176758515,-0.5328314909363395,-0.05323483050120182,0.37046149254187377,-0.014053139639785328,-0.053082349675254166,0.6333447768519387,3.7548151993633967,2.190591197827972,56.50474014613051,56.50347075542381,56.50362616325331,56.50428563065622
1255.0,42.208,0.6724262379363409,2.759344651205549,0.5785241342115245,0.3123342612900666,-0.20020472237874382,-0.07052913791589108,0.0018556607557482932,0.0008947628434030365,-0.5345326045319746,-0.05315013357057059,0.3707870568005017,-0.014030782587084845,-0.052951492282689736,0.6361066881255278,3.7434038493772075,2.1824331055366186,56.53631760886944,56.53530829486638,56.535620868734156,56.53583561758569
1256.0,42.24,0.6824190972559184,2.7529166015931397,0.5766953536456535,0.3122768537367618,-0.20087655038777102,-0.05714939268346207,0.001820892243943782,0.0007263520357048422,-0.5362301886406728,-0.053039734725702455,0.3710647885100189,-0.013999782690194362,-0.05279510360344605,0.6390944436710433,3.731970149208242,2.174288410687489,56.56268155852369,56.56195430485157,56.56242621243699,56.562174941620086
1257.0,42.272,0.6924087497861116,2.7464682517854717,0.5753045622278494,0.3121766415685696,-0.20151093148964572,-0.04346223180638202,0.0017860428877211857,0.0005559653720230438,-0.5379234174161847,-0.05290371244208861,0.37129378435520977,-0.013960341267272414,-0.052614065744437964,0.6422936566411535,3.720514886894761,2.1661588518647172,56.58372119775408,56.583291610635236,56.58392203874319,56.583193039071425
1258.0,42.304,0.7023938109247997,2.7400008218617513,0.5743596302044851,0.31203316058396924,-0.20210718511623996,-0.029529125730131695,0.0017516726272330827,0.00038678515728918884,-0.5396114822836042,-0.05274259970545075,0.3714740542178808,-0.013912815092221892,-0.05240969364164711,0.6456891167975494,3.7090390577388135,2.1580461784939002,56.59934891014941,56.599225194062605,56.60001030933672,56.59880240116831
1259.0,42.336,0.7123729076901238,2.7335155309307293,0.5738664243717232,0.3118467739164143,-0.20266534159446026,-0.015412682273811434,0.001718337629844605,0.0002220345079996869,-0.5412936062550514,-0.05255737253752597,0.3716065316512013,-0.013857709182691441,-0.05218370910283052,0.6492648456235949,3.697543846640665,2.149952123268299,56.60950061184931,56.60968284957087,56.610615835057885,56.60893894359755
1260.0,42.368,0.7223447054939832,2.727013573935628,0.5738287808238126,0.3116186813705705,-0.2031861560968984,-0.0011763608722055523,0.001686577977060646,6.489747031617408e-05,-0.5429690575809484,-0.052349429965264524,0.37169306204039204,-0.01379566624801809,-0.051938207140993994,0.6530041560119492,3.686030606567843,2.1418783746137398,56.61413589255537,56.61461572348557,56.61568689612166,56.61356217389438
1261.0,42.4,0.7323079345060396,2.7204960986038556,0.5742484870180347,0.311350906626796,-0.2036711041179059,0.013115818569440415,0.0016569055427521065,-8.15627556498558e-05,-0.5446371624731695,-0.05212056590988978,0.37173636893886297,-0.01372745308657583,-0.05167561527111794,0.6568897159634063,3.6745008337921754,2.1338265499175644,56.61323797147119,56.613998725635085,56.6151957352955,56.61265517857652
1262.0,42.432,0.7422614148865466,2.7139641831501224,0.575125273256954,0.31104626189080986,-0.20412235792913672,0.027399569966224793,0.0016297925308126448,-0.000214483449512085,-0.5462973166582968,-0.05187293360498597,0.371739999926906,-0.013653944321418199,-0.05139864658922639,0.6609036157773907,3.6629561406123075,2.1257981702466933,56.6068135065404,56.607830801713654,56.60913890715977,56.60622446392346
1263.0,42.464,0.7522040801901462,2.70741881532971,0.5764568136206589,0.3107082907375202,-0.2045427443879092,0.04161063636578505,0.0016056611195303355,-0.0003312757851695694,-0.547948995545963,-0.05160900329167671,0.3717082540562486,-0.013576103939353795,-0.051110247571032684,0.665027438281795,3.6513982263213762,2.117794637243658,56.594892302086954,56.596135056770855,56.59753746848944,56.59429969092297
1264.0,42.496,0.7621349983038564,2.700860873397051,0.5782387363195622,0.31034119105341135,-0.2049356853955679,0.05568508434072238,0.0015848745981958234,-0.00042968837007540376,-0.5495917628280829,-0.051331514063938086,0.37164609343603683,-0.013494965146597065,-0.050813541614326226,0.6692423317276828,3.639828847178085,2.109817212818161,56.577526958606185,56.578958724889546,56.58043700036235,56.57693334428053
1265.0,42.528,0.7720533893766122,2.694291109456098,0.5804646433832547,0.30994972102365026,-0.2053051231548035,0.06955959574039552,0.0015677302857873597,-0.0005078580846568805,-0.5512252773582973,-0.05104342083750554,0.37155904182550387,-0.013411609076263487,-0.05051176940862807,0.6735290850482014,3.6282497860978618,2.1018670021499855,56.5547924992881,56.55637298683092,56.55790746093399,56.55420036767565
1266.0,42.56,0.7819586403170203,2.687710135598723,0.5831261395530251,0.3095390918877207,-0.2056554330429525,0.08317175530531586,0.0015544544048748095,-0.0005643465058971055,-0.5528492981961954,-0.05074783748955172,0.3714530732159475,-0.013327142882108595,-0.05020822725629217,0.6778682052374497,3.6166628227071755,2.0939449403948327,56.52678599312928,56.52847264455026,56.530042876938666,56.52619778458464
1267.0,42.592,0.7918503155701098,2.6811184131231616,0.586212870204138,0.30911485165907865,-0.20599132736131612,0.09646033284729122,0.0015451989622359118,-0.0005981614010405908,-0.5544636877366315,-0.05044797726688853,0.37133449339628666,-0.01324267773467147,-0.04990620449390983,0.6822399966348622,3.6050697043095936,2.0860517833478722,56.49362617800974,56.49537566723328,56.496960889653316,56.49304430933787
1268.0,42.624,0.8017281640216758,2.6745162450146127,0.5897125680872687,0.3086827641114039,-0.20631775339212866,0.10936555884782051,0.001540040576654482,-0.0006087638861774135,-0.5560684128803316,-0.05014709159196568,0.3712098174054654,-0.013159307205332371,-0.04960892118117832,0.6866246419004373,3.593472118209123,2.078188102180951,56.45545307259544,56.45722262638177,56.45880217540752,56.45487993997805
1269.0,42.656,0.8115921220101694,2.6679037717624454,0.5936111086447831,0.30824868714045894,-0.20663978913025072,0.1218293924223376,0.0015389811057833875,-0.000596062714304012,-0.5576635442375107,-0.04984840841501908,0.37108564565315405,-0.013078086484774293,-0.049319467231653785,0.6910022844385744,3.581871665736214,2.0703542822379197,56.4124275562369,56.41417603706579,56.41572976110847,56.411865515546104
1270.0,42.688,0.8214423125430163,2.661280970489479,0.5978925736250783,0.3078184541514299,-0.2069625397801746,0.1337957806342115,0.001541949864040386,-0.0005603977104470979,-0.5592492533914559,-0.04955507126846057,0.3709685413126159,-0.013000012837660557,-0.049040744158852775,0.695353111980356,3.5702698382332745,2.062550525755786,56.364730892116114,56.36641961921502,56.36792825210503,56.3641822165677
1271.0,42.72,0.8312790409117451,2.6546476572828874,0.6025393226856209,0.3073977615228102,-0.2072910377060123,0.14521090814197324,0.0015488071926764474,-0.000502514601756779,-0.5608258082838606,-0.04927008017786967,0.37086491140178335,-0.012926007647056342,-0.04877541059282748,0.6996574409755391,3.558667995185166,2.0547768582819024,56.31256417030017,56.31415748806942,56.31560298452806,56.312030988418634
1272.0,42.752,0.8411027869762878,2.6480034925456915,0.6075320726419283,0.30699206451692584,-0.2076301480373511,0.15602343613458833,0.0015593491375135917,-0.00042353344909486565,-0.5623935668181207,-0.04899623556869573,0.3707807824464899,-0.012856623107752013,-0.0485248016750303,0.7038958173615046,3.5470673446277514,2.0470331384810323,56.25617616502148,56.25762550880399,56.258957975020515,56.25562289566334
1273.0,42.784,0.8509141944425093,2.6413479891318814,0.612849984965481,0.3066064833194539,-0.20798448168158692,0.1661847601110408,0.0015730238729653374,-0.0003250289988151083,-0.5639529507675576,-0.048735516308466315,0.3707210899888847,-0.012790914529962033,-0.048284761862651,0.7080491889912932,3.535468925914342,2.0393190709696096,56.195943427547746,56.19711250542744,56.198145058941975,56.19517296327902
1274.0,42.816,0.8607140580715171,2.6346805261557846,0.6184707655136277,0.3062457384064615,-0.2083582180030008,0.17564939212956257,0.0015877162168997903,-0.0002096454576132056,-0.5655043381975551,-0.04848650311267002,0.3706917524982949,-0.012731376818115175,-0.04806398893966879,0.7120987746746106,3.5238735968363577,2.031634224866583,56.13165788947304,56.132700109293275,56.13383175364823,56.13109947713598
1275.0,42.848,0.8705033103042669,2.6280003824170914,0.624370757497679,0.30591413227346287,-0.20875449183418515,0.1843747495016245,0.0016046890228318595,-7.889377718291077e-05,-0.5670482385921253,-0.04825335711854587,0.3706972054498886,-0.012677848683699894,-0.04786136169485908,0.7160262563226683,3.512282035471688,2.023978071729694,56.06402288943034,56.064850290417546,56.06587418435742,56.06347880167548
1276.0,42.88,0.880282999262364,2.621306734041431,0.6305250470015177,0.3056152799405005,-0.20917651173936894,0.192321546994937,0.001623557339914001,6.496410008545264e-05,-0.5685852020988871,-0.048037312980153034,0.3707414271322456,-0.012630564178287479,-0.04767730851806042,0.7198138604631595,3.5006947208148795,2.01634998854797,55.993193984466835,55.99378875108673,55.99469812439063,55.99266333992235
1277.0,42.912,0.8900542694890387,2.6145986707390403,0.6369075739500207,0.3053521945836173,-0.2096269781997293,0.19945396714074237,0.0016439067593964239,0.00021950222754748484,-0.5701158042356689,-0.0478391517467775,0.37082770578274926,-0.012589632045446109,-0.04751187009046706,0.7234444376658752,3.489111925977831,2.0087492785195127,55.91947282706319,55.91982068005014,55.92061151814336,55.91895453853117
1278.0,42.944,0.8998183416887536,2.6078752131990677,0.6434912479652984,0.30512725624105896,-0.21010804812412057,0.20573981297740532,0.0016653039203936263,0.000382172455985039,-0.5716406326284825,-0.047659240375835125,0.37095859519824814,-0.012555034769306278,-0.04736469828913154,0.7269015392939584,3.4775337139743083,2.001175192658322,55.843174292344706,55.84326426133455,55.84393484376441,55.84266670642774
1279.0,42.976,0.9095764918224872,2.601135331260919,0.6502480685469687,0.3049421916792086,-0.2106213105671727,0.21115064317721902,0.0016873036318979222,0.0005503437591537555,-0.5731602742591695,-0.047497547949543445,0.37113588398145186,-0.012526630770884895,-0.04723506632483192,0.7301694910878016,3.4659599361304725,1.9936269517995238,55.76462484999781,55.764449168405584,55.76500001944593,55.764125774539316
1280.0,43.008,0.9193300299026198,2.5943779625513654,0.6571492489917897,0.30479806500410883,-0.21116777217352192,0.21566188890063273,0.0017094558664857435,0.0007213401586770822,-0.5746753031165899,-0.047353658694568763,0.37136057785912113,-0.012504158696694356,-0.047121886308333714,0.7332334631235334,3.454390233181453,1.9861037686302332,55.6841611384843,55.68371513738309,55.68414896117871,55.68366787273497
1281.0,43.04,0.9290802788087744,2.5876020312903147,0.6641653434520426,0.3046952783173652,-0.2117478519078575,0.21925295188292615,0.0017313125720234367,0.0008924771516591505,-0.5761862683332099,-0.04722678759500338,0.3716328947238444,-0.012487243707337642,-0.04702373394159909,0.7360795357283024,3.442824039103867,1.9786048693989475,55.60212847976426,55.60141049363861,55.60173208485317,55.601637856365215
1282.0,43.072,0.9388285534222643,2.580806466984328,0.6712663765210003,0.3046335816715261,-0.212361384562061,0.2219072834049035,0.0017524342481395115,0.0010610965815047364,-0.5776936829666736,-0.04711580099843275,0.37195227188303676,-0.012475405615747365,-0.0469388797338385,0.7386947609774391,3.4312605877174676,1.9711295149836026,55.51887934773189,55.51789063734743,55.518106764882525,55.5183877902086
1283.0,43.104,0.9485761403525683,2.5739902227446936,0.6784219747276166,0.3046120915720328,-0.21300763248860002,0.2236124439567829,0.0017723962396622623,0.0012245999160308489,-0.5791980136103748,-0.0470192429506443,0.3723173848831342,-0.012468068687365191,-0.04686532592836683,0.7410672194430984,3.419698922065978,1.9636770210267804,55.43477180225735,55.433516495700154,55.4336357600069,55.434275398475
1284.0,43.136,0.9583242785049452,2.567152292985582,0.6856014993210992,0.30462931726174247,-0.21368530497220922,0.2243601435463058,0.0017907947035084473,0.001380479911405915,-0.5806996710141793,-0.04693536714124543,0.37272617717313195,-0.012464572891736359,-0.04680084818321681,0.7431860719084927,3.408137906557955,1.9562467768754122,55.35016789951226,55.34865295022527,55.34868561631154,55.349662489766416
1285.0,43.168,0.968074140714271,2.560291730277178,0.6927741797290518,0.3046831940414658,-0.2143925846376474,0.22414626274854352,0.0018072522092837052,0.0015263506502782393,-0.5821990018788141,-0.04686217388803049,0.3731758998162102,-0.012464186380258147,-0.04674304095190018,0.7450416058060135,3.39657624181384,1.9488382630913261,55.26543208845598,55.26366724784715,55.26362505697729,55.26491336584161
1286.0,43.2,0.9778268166467486,2.5534076611482868,0.6999092470800826,0.3047711228898921,-0.21512716027783188,0.2229708547196896,0.0018214229371157538,0.001659975949513389,-0.5836962819617643,-0.04679745133664555,0.3736631604073799,-0.012466118957016575,-0.04668936546438642,0.7466252761802007,3.3850124821260343,1.9414510673277594,55.18092960267432,55.17892740407529,55.17882336765303,55.18039322276304
1287.0,43.232,0.9875832971485744,2.5464993006524357,0.7069760671928107,0.30489001568208857,-0.21588626549537018,0.22083812852277676,0.0018329974393155027,0.0017792961377712392,-0.5851917106022891,-0.046738819917576724,0.3741839803457612,-0.01246953630746489,-0.046637199203266186,0.7479297410177276,3.3734450553955964,1.9340848983951524,55.09702485622473,55.09480060631406,55.09464878566957,55.096466552722994
1288.0,43.264,0.9973444601991963,2.539565965530655,0.7139442724476576,0.30503634533190066,-0.2166667225556203,0.21775641421394035,0.0018417069351268258,0.0018824532045339719,-0.5866854067409238,-0.046683779042386374,0.37473385959512756,-0.012473574750276495,-0.04658388580021846,0.7489488908253618,3.361872285363158,1.9267395983669549,55.01407985161187,55.011651624684106,55.01146690052157,55.01349555448067
1289.0,43.296,1.007111058606637,2.53260708582266,0.7207838919752511,0.305206200232554,-0.217464990874865,0.21373811023732003,0.0018473271100397808,0.0019678143181993285,-0.5881774064760829,-0.0466297550123002,0.37530784808242523,-0.012477356282870972,-0.04652678434265895,0.7496778723734966,3.3502924159037133,1.919415152602566,54.932452607576614,54.92984123709419,54.92963907222276,54.93183856002661
1290.0,43.328,1.0168837095636225,2.525622214795924,0.727465479615244,0.30539534240576394,-0.21827721958548096,0.2087996137497559,0.0018496813926700204,0.0020339936986448464,-0.5896676621685625,-0.04657414914443743,0.3759006228826224,-0.01248000369725541,-0.04646331716835622,0.750113106556556,3.3387036371063368,1.9121116975897872,54.85249561393675,54.849724674545186,54.8495208732476,54.851848484734845
1291.0,43.36,1.0266628861659786,2.518611037079005,0.7339602391214044,0.30559926882366034,-0.21909930365373778,0.2029612345675351,0.0018486436828112091,0.0020798728059056065,-0.5911560430747274,-0.04651438518333219,0.3765065703544077,-0.012480655551635939,-0.046391015333834426,0.7502523003527884,3.3271041128116234,1.9048295265332376,54.77455432035814,54.77165009189623,54.771460558907286,54.77387130797121
1292.0,43.392,1.0364489109788537,2.5115733749015265,0.7402401461125183,0.3058132754023145,-0.21992694304618124,0.1962470934722879,0.0018441405037414114,0.002104618767528472,-0.5926423374617471,-0.04644795515126295,0.3771198723750332,-0.012478480791364599,-0.046307561058766565,0.75009445289417,3.315492009233126,1.8975690926381503,54.698965665575734,54.69595706855112,54.69579757016276,54.69824459081739
1293.0,43.424,1.0462419517215849,2.5045091923584923,0.7462780662935284,0.3060325232103815,-0.22075570446984316,0.18868500565658722,0.001836152550034136,0.002107700909145914,-0.5941262561340124,-0.04637246289135946,0.3777345958092807,-0.01247269282248964,-0.046210826571977136,0.7496398556830803,3.303865524245467,1.8903310100609807,54.62605665330061,54.62297514285629,54.622861072164056,54.62529603733084
1294.0,43.456,1.0560420191280477,2.497418597631514,0.7520478694970208,0.30625210645193096,-0.2215810852180424,0.18030635010911755,0.0018247155989659656,0.0020889051725183592,-0.5956074372788981,-0.046285664667490276,0.37834478428656215,-0.01246256284843733,-0.04609890890099993,0.7488900870160253,3.29222291688278,1.8831160525196649,54.556142980749414,54.553022383471,54.552968531290176,54.55534210550262
1295.0,43.488,1.0658489670255498,2.490301843114414,0.757524539121316,0.3064671217969721,-0.22239857865940743,0.17114592575924262,0.0018099207492564436,0.0020483461009597644,-0.597085452522696,-0.046185506295247335,0.37894455128920723,-0.0124474322885261,-0.0459701602593747,0.7478480006972099,3.2805625365580733,1.875925149577601,54.48952772545266,54.486404000744,54.48642433329131,54.48868667385648
1296.0,43.52,1.075662494660951,2.4831593234062397,0.7626842765677562,0.3066727386062538,-0.2232037408804205,0.16124179520123696,0.001791913945757528,0.0019864759440574374,-0.598559814073394,-0.04607015638612352,0.37952816858858107,-0.012426714296317948,-0.04582317823173798,0.746517709822105,3.2688828514889448,1.8687593234062398,54.4265011792939,54.42341139546935,54.423517657637255,54.42561952884426
1297.0,43.552,1.0854821512867758,2.475991571151661,0.767504600346207,0.30686426955706025,-0.22399225795560443,0.15063511807660643,0.001770884851745124,0.0019040853939674568,-0.6000299822154199,-0.045938016355985815,0.3800900830090284,-0.012399721028651917,-0.04565616342905012,0.7449045770405901,3.25718247580053,1.8615915711516613,54.36735712459188,54.36432850747073,54.36450899872038,54.36641020413377
1298.0,43.584,1.0953073430167843,2.468799250832296,0.7719644402130917,0.30703724156273154,-0.22476000998013484,0.13936999584013116,0.0017468784880187386,0.0018022278492614754,-0.6014953621023783,-0.04578738165617909,0.38062528005866564,-0.012366255443108931,-0.04546905015324447,0.7430151592383345,3.2454601948612067,1.8543992508322962,54.312298728793,54.30939464772053,54.3097035817599,54.31133433682064
1299.0,43.616,1.1051373423261885,2.461583152443052,0.7760442236412254,0.30718747841891514,-0.22550307466389904,0.1274932321291904,0.001720340651625213,0.0016824781223157086,-0.6029553314174023,-0.04561742399775362,0.38112904597018876,-0.012325978527126524,-0.04526119861183091,0.7408571884292022,3.2337149894578956,1.8471831524430522,54.26161552348793,54.25886527174474,54.25929246127809,54.2606178114776
1300.0,43.648,1.1149712992375225,2.4543441792821836,0.7797259567640198,0.3073111534791509,-0.22621791127711255,0.11505416008731231,0.0016916126589446394,0.0015466596092961816,-0.6044092440715058,-0.045427412495060285,0.38159720397081753,-0.012278708135883443,-0.045032463986031245,0.7384395339506459,3.221946054529976,1.8399441792821838,54.21551539008376,54.212957767161434,54.21351020732509,54.214488036211314
1301.0,43.68,1.1248082547389961,2.447083335391929,0.7829932987283054,0.30740485942108625,-0.2269013715704815,0.10210443638393546,0.0016610759393288696,0.0013969096207678755,-0.6058564400496352,-0.04521692505206773,0.3820261607226523,-0.012224377638330397,-0.0447830354438975,0.7357721600222711,3.2101528157172323,1.8326833353919292,54.17420188545462,54.17187365165411,54.172556420878706,54.17314909624655
1302.0,43.712,1.1346471561480695,2.4398017111221937,0.7858316292152892,0.30746566903350925,-0.22755075842920366,0.08869782771823341,0.0016291464548379038,0.0012356534512426387,-0.6072962557981467,-0.044985860069318574,0.38241630956522066,-0.012197892196899152,-0.04464051536961903,0.7328644751923051,3.1983349421750153,1.8254017111221938,54.13502440210433,54.13364025925002,54.13865594869571,54.1386587127512
1303.0,43.744,1.1444868742274341,2.4325004671779467,0.7882280142481973,0.3074911899801766,-0.2281638732577447,0.07488703227838878,0.0016312521086230159,0.0010689526206371436,-0.6087301967434634,-0.044802080724077584,0.38275669132690743,-0.01212969350964277,-0.04435164682993187,0.7297303198034105,3.1864923523036333,1.8181004671779468,54.108404112771176,54.10614452872466,54.10349225049237,54.10395009896231
1304.0,43.776,1.1543260565468056,2.4251805226949212,0.7901714613825565,0.30747444748032593,-0.2287482650945188,0.06073272294871577,0.0016055237957318417,0.0008915499756080987,-0.6101564859207509,-0.04456249267215594,0.38305230488542774,-0.01206497038838028,-0.044081124317173676,0.7263826598041729,3.174625106551498,1.8107805226949214,54.08048051801182,54.079113947203915,54.080066057561176,54.07950715494915
1305.0,43.808,1.164163424902852,2.417843072455446,0.7916528599334892,0.3074177611264847,-0.2292953199836248,0.046293704716654054,0.0015797725729288067,0.0007109556253713329,-0.6115745862656151,-0.04430658473502914,0.3833010473422238,-0.011995951714617259,-0.043800695503582406,0.7228353472831145,3.1627336340702974,1.8034430724554462,54.05996797217745,54.058966091961516,54.06003058891189,54.05900891220204
1306.0,43.84,1.1739976814957036,2.4104893270399663,0.7926650188916284,0.30732051852657594,-0.2298045442337158,0.03162996744184708,0.00155449262798481,0.00053041668464037,-0.6129840786952486,-0.04403774181850426,0.38350290238910717,-0.011923077363686502,-0.04351188257440881,0.71910305914567,3.1508186194717713,1.7960893270399665,54.044952961938684,54.044328469398955,54.04548926277322,54.04401031833658
1307.0,43.872,1.183827530940155,2.4031204917674907,0.7932026976863373,0.30718279513913727,-0.2302761022648901,0.01680246233465484,0.0015301218913493534,0.00035320660396546315,-0.6143846211816327,-0.043758362693531075,0.3836586404538394,-0.011846876887876279,-0.04321643637993715,0.7152012345308519,3.138880993187678,1.7887204917674908,54.035507257924735,54.03526357967277,54.03651146641833,54.034587439415915
1308.0,43.904,1.1936517025977715,2.395737745882717,0.7932626293344455,0.30700536430048503,-0.23071080889915302,0.0018728640033790335,0.0015070861930557716,0.00018256360094948932,-0.6157759376293462,-0.04347049637590974,0.3837697956901933,-0.011767952516477054,-0.04291628167999397,0.7111460105884835,3.126921917882319,1.781337745882717,54.0316832037747,54.0318135633778,54.03313836097829,54.03079114259152
1309.0,43.936,1.2034689725610466,2.388342221934998,0.7928435359476181,0.3067896863523786,-0.23111012336623818,-0.013096668338355487,0.0014857899281566361,2.1613604262635613e-05,-0.6171578157130818,-0.04317612194183577,0.38383863376285965,-0.011686973068544437,-0.04261350361596918,0.7069541570100606,3.1149427709913855,1.7739422219349983,54.03350942062554,54.03399757549169,54.03538770844548,54.03264908027587
1310.0,43.968,1.213278184797458,2.380934985803407,0.7919461366109184,0.3065378823878255,-0.23147612911220325,-0.02804372927186388,0.0014666071013407732,-0.0001267046592034298,-0.6185301086505772,-0.04287727226406651,0.3838681077311003,-0.011604664952014315,-0.04231032496527878,0.7026430096376132,3.102945123798983,1.766534985803407,54.040990761883805,54.041811925656745,54.04325436248935,54.040165409521265
1311.0,44.0,1.2230782709779866,2.3735170178132057,0.7905731476675866,0.30625269314155007,-0.23181149969381032,-0.04290590447912413,0.0014498731869866449,-0.00025970877172196334,-0.619892738421734,-0.04257607996770754,0.3838618037024996,-0.011521801385332237,-0.04200907786246669,0.6982304033702018,3.090930717514893,1.7591170178132058,54.054108321427556,54.05523035837468,54.056710735297834,54.05332068992974
1312.0,44.032000000000004,1.2328682685542964,2.3660891953587595,0.7887292754617437,0.30593742425964787,-0.232119451701417,-0.05762100643258488,0.0014358780873922107,-0.0003750327074033309,-0.621245699177461,-0.04227478405808606,0.38382387792137795,-0.0114391905349778,-0.0417121720511894,0.6937346044789748,3.0789014368368033,1.7516891953587597,54.072819530097554,54.074204392540274,54.0757072426015,54.0720719321312
1313.0,44.064,1.2426473367087967,2.3586522773994743,0.7864212016016205,0.3055958798281664,-0.23240368622768964,-0.07212730812885498,0.001424860399100433,-0.00047067544172483964,-0.6225890601927075,-0.041975716253719236,0.3837589868198761,-0.011357663013863456,-0.04142206086008433,0.6891742423442603,3.066859281480431,1.7442522773994744,54.09705835787508,54.09866367212643,54.10017271251581,54.096352776689905
1314.0,44.096000000000004,1.2524147698769268,2.351206891132877,0.7836575608118518,0.3052322865040319,-0.2326683208311326,-0.08636377468026415,0.0014170031116160838,-0.0005450366402460218,-0.6239229680241685,-0.0416812765436819,0.38367221133891405,-0.011278059047672317,-0.04114120565414159,0.6845682405552428,3.054806336139893,1.7368068911328773,54.12673562222963,54.12851630284217,54.1300147502307,54.12607378605999
1315.0,44.128,1.2621700086244743,2.343753521077973,0.780448911445866,0.30485121086089195,-0.23291781421577518,-0.10027029268706572,0.0014124307755861948,-0.0005969390419700253,-0.6252476476888829,-0.04139390281650196,0.38356897663644524,-0.01120121553677747,-0.04087203929455907,0.6799357472727178,3.0427447393089375,1.7293535210779734,54.161739392466835,54.16364916918912,54.165120062738715,54.161122831928644
1316.0,44.160000000000004,1.2719126477474432,2.3362925007284416,0.7768076987304129,0.30445747259274436,-0.233156885922835,-0.11378789735789807,0.0014112080996484748,-0.0006256381140796591,-0.6265634027615032,-0.04111603711087083,0.38345496814889657,-0.011127953193990098,-0.04061692904359351,0.6752960647506191,3.030676651358858,1.7218925007284418,54.201935474814334,54.20392824168766,54.2053547598173,54.20136556067487
1317.0,44.192,1.2816424415416376,2.328824006864425,0.7727482108158327,0.3040560560686108,-0.23339043325054448,-0.12685899733064576,0.0014133398745527364,-0.0006308202907818938,-0.6278706143328864,-0.04085008991550333,0.3833360449203689,-0.01105906391265174,-0.04037813932940357,0.6706685779386935,3.018604222238258,1.7144240068644252,54.247167962716155,54.24919889387842,54.25056465564179,54.24664592213511
1318.0,44.224000000000004,1.2913593062590365,2.321348056547766,0.7682865277096079,0.3036520224186802,-0.2336234473955689,-0.1394275970695077,0.0014187720836656603,-0.0006125915590146638,-0.6291697387999379,-0.04059840341060749,0.383218151109648,-0.010995298505238699,-0.040157794804901864,0.666072682139129,3.00652955913837,1.7069480565477662,54.297259840223724,54.29928625289447,54.30057559847584,54.296786751382264
1319.0,44.256,1.3010633198255428,2.313864506771033,0.763440463178383,0.3032504239533552,-0.23386093052293688,-0.15143951660079594,0.0014273940403014514,-0.0005714583203654519,-0.6304613044760525,-0.040363214305508564,0.38310722664533786,-0.010937354948131667,-0.03995784418352151,0.6615277097540143,2.9944546944579216,1.699464506771033,54.352013631699926,54.353995606701424,54.35519385418677,54.35159039869732
1320.0,44.288000000000004,1.3107547189391195,2.306373056686492,0.7582294997157606,0.3028562222992395,-0.2341078151418695,-0.1628426082069317,0.0014390413909936186,-0.0005083023926725627,-0.6317459070281453,-0.04014661684373772,0.38300911804916715,-0.010885867265185395,-0.03978002538768779,0.6570528562287979,2.9823815544035326,1.6919730566864923,54.411212096657984,54.413112887195574,54.41420656450901,54.41083940814722
1321.0,44.32,1.3204338936995292,2.298873252306848,0.7526747166900019,0.3024742112628362,-0.23436888686391238,-0.17358696955497963,0.001453499834853071,-0.000424351791883528,-0.633024203762815,-0.03995052653879881,0.3829294905059005,-0.010841395183020547,-0.03962583260329342,0.652667105361302,2.9703119285732678,1.684473252306848,54.47461897302866,54.47640524284673,54.47738229465512,54.47429724909504
1322.0,44.352000000000004,1.3301013799428278,2.2913644935437554,0.7467987118070115,0.30210894510304764,-0.23464871134661208,-0.18362515259342752,0.0014705094271400198,-0.00032114863283704687,-0.6342969068018854,-0.03977664523284944,0.382873742267171,-0.010804414688352554,-0.03949648587520795,0.6484830527179458,2.9582474408887656,1.6769644935437555,54.55760542703013,54.559247361125166,54.56009733081056,54.55733475928495
1323.0,44.384,1.3397578431546624,2.283846037877411,0.7406311022736118,0.30176447536986306,-0.23495173957328674,-0.1927377979187611,0.001489770008814625,-0.00020051017926626675,-0.6355647738223221,-0.03962638507450399,0.38284580851161787,-0.010775385946634464,-0.03939329737844066,0.6448010863917923,2.9461896353819825,1.6694460378774112,54.69132858627793,54.69266553086963,54.693355714681246,54.69108641930531
1324.0,44.416000000000004,1.3494040564588456,2.276316997967793,0.7342196936268096,0.3014441657556928,-0.2352824971755416,-0.20035652021254727,0.0015107642941527752,-6.55603258124002e-05,-0.6368286067223137,-0.039501065575489096,0.38284687527038286,-0.010754804800715556,-0.03931798569754547,0.6415609560247773,2.934140092966807,1.661916997967793,54.8157324811991,54.81642204091059,54.81688753385577,54.81546565463251
1325.0,44.448,1.3590409052517136,2.2687763824561125,0.7276089878285599,0.3011515247771572,-0.23564423474003823,-0.2065845561953271,0.0015325050722584594,7.778893332986258e-05,-0.6380892670089295,-0.03940241007927211,0.3828815560905969,-0.010742700951121786,-0.03927020353614108,0.638709641301804,2.9220998859499328,1.6543763824561126,54.93114280316942,54.931591763565095,54.931900744423444,54.93092295785526
1326.0,44.480000000000004,1.3686693459065136,2.2612231375299703,0.7208404353219154,0.3008887704624648,-0.23603890394191662,-0.21151726583261482,0.001554557294229425,0.00022682729811305006,-0.6393476309090618,-0.039331018794133414,0.3829528433978837,-0.010738834231905664,-0.039248772304533136,0.6362004843455875,2.910069634696759,1.6468231375299704,55.03845978750012,55.038680932445935,55.03883836516639,55.03828823426219
1327.0,44.512,1.3782903862103355,2.253656166121607,0.7139526567765602,0.3006575094944687,-0.23646785651137808,-0.21524307954237595,0.0015765095422708142,0.00037894918867211125,-0.6406045628018552,-0.03928651924490686,0.3830630141957613,-0.010742862605502335,-0.03925220121377959,0.633992426224117,2.8980495390387957,1.6392561661216072,55.13827156334659,55.138276074333035,55.13828939005944,55.13814760694849
1328.0,44.544000000000004,1.3879050663190071,2.246074346713588,0.7069816383135694,0.3004587533959543,-0.23693185650056195,-0.21784432696843664,0.0015979761638396585,0.000531660640289374,-0.6418608953257594,-0.03926791781760602,0.3832136123743064,-0.010754348719125728,-0.03927871306849262,0.6320493350772229,2.886039413767937,1.6316743467135884,55.231094180840635,55.2308930052621,55.230771409103575,55.23101576568566
1329.0,44.576,1.39751444032428,2.238476551625593,0.6999609035988683,0.30029293766481285,-0.2374310964998722,-0.2193979598344337,0.0016185992067298436,0.0006825916370137633,-0.6431174151998048,-0.03927377896085506,0.38340544621703543,-0.010772767023622676,-0.039326271819265596,0.6303394148679562,2.874038727164933,1.6240765516255933,55.31738166417076,55.316986082263846,55.31674019094158,55.31734574428213
1330.0,44.608000000000004,1.4071195585647034,2.2308616646326977,0.6929216658300342,0.30015994501319504,-0.23796521852795352,-0.2199761802760405,0.0016380503742084514,0.0008295099470915052,-0.6443748521894751,-0.03930232384495939,0.38363859951183854,-0.010797511925303233,-0.03939261361354256,0.6288346850838015,2.86204664161706,1.616461664632698,55.39753464099485,55.39695655943213,55.396598158415614,55.39753739905268
1331.0,44.64,1.4167214508177457,2.223228597761781,0.6858929623062022,0.3000591329076052,-0.2385333397161695,-0.2196469851197743,0.0016560328726548973,0.0009703353709424734,-0.6456338700738151,-0.03935149317331248,0.3839124543573319,-0.010827907067229359,-0.03947528167773908,0.6275105228737453,2.8500620554900964,1.6088285977617813,55.47190786596521,55.47115995248733,55.470701796973756,55.471944864469336
1332.0,44.672000000000004,1.4263211105099027,2.215576307115292,0.6789017739659071,0.2999893653798738,-0.23913408270276426,-0.21847463563419764,0.0016722830525623697,0.001103153581479229,-0.6468950591476328,-0.039418995313408145,0.3842257240465228,-0.010863215617194194,-0.03957166447967593,0.6263452601288959,2.8380836455142644,1.601176307115292,55.54081678400446,55.53991250605725,55.539368133113314,55.540883087725604
1333.0,44.704,1.435919480075297,2.2079038075792083,0.6719731320011815,0.29994904891860436,-0.2397656105026361,-0.21652006139770028,0.0016865717689441549,0.0012262289462470447,-0.648158930099559,-0.03950234934561488,0.3845764946233554,-0.010902651350827353,-0.0396790362427301,0.6253198289134284,2.8261099090267607,1.5935038075792085,55.604543253921264,55.60349685668503,55.6028803962987,55.60463354112339
1334.0,44.736000000000004,1.445517437582899,2.200210186283543,0.6651302134063929,0.2999361721125274,-0.24042566548951402,-0.2138412060871193,0.0016987054077825566,0.001338015881280578,-0.6494259092334105,-0.039598926994303923,0.3849622738303432,-0.01094539028863234,-0.0397945987530228,0.624417449443817,2.8141392054877867,1.5858101862835432,55.66334053479954,55.662166978881935,55.66149296120704,55.66344920415951
1335.0,44.768,1.4551157847389806,2.192494614698231,0.6583944270952451,0.29994834862758474,-0.24111161204102996,-0.2104933222233918,0.0017085265421577414,0.0014371684085521998,-0.6506963350403744,-0.03970599470426355,0.3853800462651068,-0.010990582645098362,-0.03991552339999463,0.623623355510559,2.802169796754829,1.578094614698231,55.71743762365086,55.716152494285815,55.715435654605464,55.717558898753445
1336.0,44.800000000000004,1.4647152363555143,2.18475635926402,0.6517854920171886,0.2999828630166426,-0.24182048231906408,-0.20652922118924213,0.0017159141957816557,0.0015225476818566711,-0.6519704561293895,-0.03982075586864974,0.38582633361089014,-0.011037364858809157,-0.04003899245549167,0.6229245528492919,2.7901998856631685,1.5703563592640202,55.767043021466314,55.76566241633832,55.76491750096557,55.76717105244092
1337.0,44.832,1.4743164113575828,2.1769947904764555,0.6453215085232862,0.3000367188146763,-0.24254902461141764,-0.20199948418447305,0.0017207837035972486,0.0015932273181383072,-0.65324843050543,-0.03994039266933639,0.38629725885744304,-0.011084871488780096,-0.040162238696173524,0.6223096065073769,2.778227652520373,1.5625947904764557,55.81234799535475,55.810888395533915,55.81012997234158,55.81247695626977
1338.0,44.864000000000004,1.4839198253839747,2.1692093903607272,0.6390190240695377,0.3001066883247122,-0.24329375361648084,-0.19695263917961797,0.0017230861692742918,0.0016484964285914626,-0.6545303261613972,-0.04006210679452098,0.38678861344864823,-0.011132246780782895,-0.040282582596208004,0.6217684537264917,2.7662512891798223,1.5548093903607274,55.85352939630614,55.85200752339756,55.85124980056129,55.853653576676635
1339.0,44.896,1.4935258850154083,2.1613997582956372,0.6328930942010424,0.3001893634823322,-0.24405100203408936,-0.19143530839049766,0.0017228075283009306,0.001687860291187038,-0.6558161229245828,-0.040183158276628266,0.3872959263309205,-0.011178655727212466,-0.04039746644885345,0.6212922392793128,2.7542690304137167,1.5469997582956374,55.89075208511522,55.88918474709279,55.88844140325448,55.89086597396581
1340.0,44.928000000000004,1.5031348836446494,2.153565615165875,0.6269573396315354,0.300281207163752,-0.24481697280504014,-0.18549233029707338,0.0017199672330894613,0.0017110386469083537,-0.6571057154759865,-0.04030090175703992,0.3878145338932729,-0.011223294463873157,-0.04050448491172671,0.6208731705657953,2.74227918235981,1.5391656151658752,55.924171012826925,55.92257494086608,55.921858969431604,55.924269374011196
1341.0,44.96,1.5127469989824835,2.1457068058428193,0.6212240001182551,0.30037860430734953,-0.2455877913455216,-0.1791668597900312,0.0017146165832957448,0.001717961638543811,-0.6583989174413818,-0.04041281958903462,0.388339649833089,-0.011265399868204268,-0.0406014116069173,0.6206013228734886,2.7302801478684784,1.5313068058428194,55.9700635798958,55.96845525864905,55.96777882839539,55.97014151771368
1342.0,44.992000000000004,1.5223622940059347,2.137823285773443,0.6157099015446715,0.3004779694828149,-0.24636000216797535,-0.17231558042446624,0.001706836031321978,0.0017087587985698492,-0.6596954674025778,-0.04051658121887681,0.38886568709473396,-0.011304406250643995,-0.040686832047251896,0.6206481406903795,2.718270294633173,1.5234232857734433,56.042067768115054,56.04032837854417,56.039680064859915,56.042100457744304
1343.0,45.024,1.5319807190076704,2.1299151085990964,0.6104414465553005,0.300575781304274,-0.24713053669836396,-0.1646392184178621,0.0016965583994303236,0.0016826405050849173,-0.6609950473134991,-0.04061037182800922,0.3893865839868063,-0.011339947488219787,-0.040760111312128866,0.621009762676702,2.7062477746214775,1.5155151085990965,56.110994805600235,56.10902118800531,56.108390133617284,56.1109627091487
1344.0,45.056,1.5416021019475334,2.1219824587958125,0.6054439187212546,0.3006682168707529,-0.24789530635264911,-0.156172744813953,0.001683593601070434,0.0016380113832050193,-0.6622973010459683,-0.04069296360871758,0.38989747999484425,-0.01137140802887271,-0.04081960128859752,0.6216813200946351,2.6942107717637183,1.5075824587958127,56.176369221710466,56.17439962213225,56.1738296809338,56.176305831231524
1345.0,45.088,1.5512261362978277,2.1140256649538913,0.6007413760308254,0.3007510734466614,-0.24864980756000846,-0.146954459075894,0.001668065781113176,0.001575257906582497,-0.6636018221595172,-0.04076289436428628,0.3903930299060391,-0.011398136684850596,-0.04086358673703778,0.6226569188504012,2.6821575548395677,1.4996256649538915,56.23804287712929,56.23611127754364,56.235613779447604,56.23794814852427
1346.0,45.12,1.5608523831258274,2.10604519789816,0.5963565481429935,0.3008202133750247,-0.2493895954916306,-0.13702587149476195,0.001650145343903713,0.0014950924061596566,-0.664908152192201,-0.04081855872823036,0.39086803854031116,-0.011419548191813483,-0.04089058060177439,0.6239296291115579,2.670086512092016,1.4916451978981602,56.29576149120567,56.293902219046515,56.29348812488267,56.29563548453599
1347.0,45.152,1.570480275670982,2.0980416661696033,0.5923107380997472,0.30087164203604455,-0.2501103665173696,-0.12643156385143378,0.00163004786071338,0.001398554977356552,-0.6662157827185748,-0.040858414259397714,0.39131756510398497,-0.011435136817883662,-0.04089935739503711,0.6254914825073942,2.657996184051568,1.4836416661696035,56.34928503807026,56.347532628723116,56.34721199563997,56.349128177529664
1348.0,45.184,1.5801091264522404,2.090015808816004,0.5886237291449268,0.30090158691436203,-0.25080804230000187,-0.11521902983815133,0.0016080318213067375,0.0012870108661208971,-0.6675241609835822,-0.040881092659687195,0.3917370265392074,-0.011444487912274315,-0.04088897904925994,0.627333476872693,2.6458852938502244,1.4756158088160043,56.39838940203359,56.39677800213603,56.3965596436684,56.39820258912425
1349.0,45.216,1.5897381369040389,2.0819684854850253,0.5853136972746991,0.3009065766186671,-0.2514788540930592,-0.1034384959446045,0.0015843954288469163,0.0011621409370156362,-0.6688326976138984,-0.04088546414131309,0.39212229764513956,-0.01144728753692753,-0.04085881432623417,0.6294455884459662,2.6337527743321383,1.4675684854850255,56.442867841278186,56.44143040737906,56.44132163943428,56.4426524740731
1350.0,45.248,1.5993664094810705,2.0739006638744626,0.5823971301169019,0.3008835180322701,-0.25211942533011344,-0.09114272368117256,0.0015594724098747638,0.0010259242463390309,-0.6701407756104423,-0.0408706769905923,0.39246980510677093,-0.01144333013803156,-0.04080855226069002,0.6318167913749227,2.621597791332165,1.4595006638744628,56.48253233226676,56.48129967964084,56.481306117629885,56.4822902713362
1351.0,45.28,1.6089929621052999,2.0658134046639427,0.5798887527021134,0.30082976950713514,-0.2527268503287184,-0.07838679421213146,0.0015336268357061546,0.0008806118908300106,-0.6714477601530002,-0.04083618258135727,0.3927766124615546,-0.0114325241080038,-0.04073820971912065,0.6344350843152236,2.609419762581504,1.4514134046639429,56.517214783272344,56.51621453592055,56.516339929961454,56.51694828586431
1352.0,45.312,1.6186167447552051,2.057707844128686,0.5778014606480445,0.3007432078095727,-0.25329876672680623,-0.06522787668965965,0.0015072469875164712,0.0007286915889183258,-0.672753008897032,-0.04078175052577287,0.39304049310197375,-0.011414895067187958,-0.04064813302336916,0.6372875238364104,2.59721837180973,1.443307844128686,56.5467680989723,56.546023600818025,56.546269706569596,56.54647973471425
1353.0,45.344,1.6282366579195438,2.0495851747165292,0.5761462612306291,0.30062228638554866,-0.253833419129864,-0.05172498179422645,0.0014807383426305493,0.0005728428924994712,-0.6740558825092351,-0.04070747606078648,0.3932599886374961,-0.011390586720764928,-0.040538993590884864,0.6403602642764631,2.5849935777413684,1.4351851747165294,56.57106707669986,56.57059633721801,56.57096282509208,56.570759634694326
1354.0,45.376,1.637851572559874,2.0414466239504985,0.5749322227602996,0.30046608251035034,-0.2543297114384893,-0.037938702197798393,0.001454515811857827,0.0004158835148374017,-0.6753557552178671,-0.04061378060194851,0.3934344503734667,-0.011359859201793554,-0.04041177761195773,0.6436386036198258,2.572745617827426,1.4270466239504986,56.59000911798988,56.5898238765799,56.590308284311476,56.58968551376148
1355.0,45.408,1.647460351152637,2.033293432095883,0.5741664326211494,0.30027433102380985,-0.25478724545670217,-0.023930941848442175,0.0014289954130174785,0.0002607079556124978,-0.676652025168039,-0.040501405909496524,0.39356406224724355,-0.011323084884552637,-0.040267769890599235,0.6471070349201529,2.5604750067007664,1.4188934320958833,56.60351474597913,56.60361974308231,56.60421747696281,56.60317793578404
1356.0,45.44,1.6570618693186747,2.0251268290973554,0.5738539642652898,0.3000474426887151,-0.25520634370401785,-0.009764636120614505,0.0014045856180536144,0.00011022033524694605,-0.6779441243818057,-0.04037140215273744,0.3936498442933876,-0.011280741734149391,-0.04010853209460921,0.6507493027546696,2.5481825294903153,1.4107268290973556,56.61152792922278,56.611920464584564,56.61262485357799,56.61118083798369
1357.0,45.472,1.6666550375016667,2.0169480113421883,0.5739978533864805,0.2997865057184646,-0.25558805484894503,0.004496535037208146,0.0013816786532968679,-3.2735981978919996e-05,-0.6792315281327799,-0.04022511015345872,0.39369363648107064,-0.011233404340913827,-0.03993587578376008,0.6545484641864451,2.5358692302635557,1.4025480113421884,56.61401622396747,56.614686061933156,56.615488466689,56.61366169124453
1358.0,45.504,1.6762388221325846,2.0087581188346824,0.5745990834281096,0.29949326971621776,-0.25593414085958766,0.01878843880091309,0.0013606420574272195,-0.00016544890335088808,-0.6805137635574606,-0.04006413815523908,0.39369806354841697,-0.011181732864316452,-0.039751830698781784,0.6584869537248491,2.523536395981016,1.3943581188346825,56.61097075775987,56.61190040738191,56.6127903831852,56.610611503737346
1359.0,45.536,1.6858122657188066,2.000558213370459,0.5756565805130172,0.29917011206940497,-0.25624704575695395,0.033046783903357045,0.0013418108040948206,-0.00028540496819857503,-0.6817904173412,-0.03989033355716754,0.3936664821365241,-0.01112646017524671,-0.03955860889574141,0.662546651809966,2.5111855364335454,1.386158213370459,56.60240608504496,56.60357144356645,56.604536952952316,56.60204469578511
1360.0,45.568,1.6953745053256062,1.9923492582754596,0.577167217818412,0.2988199877125199,-0.2565298467187565,0.04720741579359276,0.0013254802734525555,-0.0003903503711333697,-0.6830611423356361,-0.039705750146816474,0.3922857773980426,-0.011405767023713154,-0.04069374272802187,0.6666968252453225,2.498818360689235,1.3779492582754598,56.6476025596559,56.48333910517332,56.524808468879776,56.69302389368719
1361.0,45.6,1.7049247897986266,1.9841321007904211,0.5791251048803429,0.2984463897818547,-0.2567861714074239,0.06118397068533366,0.0016668494749611834,-0.0018601539994946197,-0.6843520821616692,-0.04027309506933314,0.3921685558177558,-0.011331215088640212,-0.040439980476718464,0.670926468952242,2.486436780182292,1.3697321007904213,56.51703160193946,56.652243699962604,56.61690212129236,56.48235756489877
1362.0,45.632,1.7144489132316547,1.9759137313247186,0.581522772887719,0.29762885728216115,-0.25682404580323254,0.07492712523051372,0.001720540753746996,-0.00222285781796893,-0.6856447808358823,-0.04037750058038656,0.39157761679481856,-0.011366509663838481,-0.040627057503174524,0.6752163619614406,2.474055996306326,1.3615137313247185,56.54033220558872,56.54340419408262,56.542658984663085,56.54058522386034
1363.0,45.664,1.7239436005272384,1.967696155212614,0.5843507873526439,0.2967089779869565,-0.25679925350324023,0.08837545202889217,0.0017723080547335207,-0.002564426932125559,-0.6869419016644452,-0.04051621285465193,0.39087051970709785,-0.01141781056430699,-0.040884102746062974,0.6795470514805261,2.46168095095268,1.3532961552126141,56.50970321341935,56.512721272166836,56.51183325785487,56.51028675867304
1364.0,45.696,1.733405777424849,1.9594812576375018,0.5875977996518764,0.2956930280503651,-0.25671554922228385,0.10146913435102746,0.0018229252364066993,-0.0028872513388435985,-0.6882455474942702,-0.040720586502929874,0.3900544714538168,-0.01148368800478125,-0.04120583569759497,0.6838989474487834,2.4493166522263286,1.345081257637502,56.473785169780996,56.477300084151565,56.47612081570739,56.47454689811549
1365.0,45.728,1.7428325466050314,1.9512708120007207,0.5912505831185422,0.2945865368806661,-0.25657642614938014,0.11414948333329204,0.0018719317172489693,-0.0031891904358515156,-0.6895577929678979,-0.040989986587163046,0.3891359440828222,-0.011562965500742567,-0.041588010643959006,0.688252385793048,2.436968171122335,1.3368708120007207,56.43295015863722,56.43692005274308,56.43546245421404,56.43388465633537
1366.0,45.76,1.752221208338462,1.9430664684075691,0.5952940934145314,0.29339567916974074,-0.2563857372860153,0.1263596967496783,0.0019188988337160374,-0.0034683762748124484,-0.6908806279016867,-0.04132175818319831,0.3881221212975956,-0.011654346617237604,-0.04202590681813634,0.6925877154504642,2.4246405899216916,1.3286664684075693,56.387375862244525,56.391751686265806,56.39003374892678,56.38847451944525
1367.0,45.792,1.7615692782870962,1.9348697438411822,0.5997115372664091,0.29212718589478387,-0.2561476426995645,0.13804512037116268,0.0019634372286525246,-0.0037232383878795052,-0.6922159204973493,-0.04171209146810554,0.3870207967147612,-0.011756441386690103,-0.04251440329008844,0.6968853857482478,2.4123389491503975,1.320469743841182,56.33725906909225,56.34198904863717,56.340031590036965,56.33851085777999
1368.0,45.824,1.7708745022060406,1.9266820141416652,0.6044844491842069,0.29078824746704435,-0.2558665531099337,0.1491534974311951,0.002005198220250642,-0.003952504307624147,-0.6935653940867598,-0.0421564460009453,0.38584026405003824,-0.011867789701524467,-0.04304804465675429,0.7011260336052527,2.400068193897443,1.3122820141416653,56.28281611574434,56.287846894221744,56.28567271217274,56.284208328318584
1369.0,45.856,1.7801348675438562,1.9185045077887077,0.6095927757415418,0.2893864168067052,-0.2555470735298915,0.15963520491669939,0.002043874723180855,-0.004155197042762537,-0.6949306110568162,-0.04264977547333178,0.3845892074068079,-0.011986882187515535,-0.04362109949673056,0.7052905700314207,2.3878331201231147,1.3041045077887077,56.2242820958074,56.22955951294575,56.227192875932055,56.225800754887295
1370.0,45.888,1.7893486119781115,1.910338301463054,0.6150149669559016,0.2879295135705088,-0.25519394767670905,0.1694434754487633,0.0020792017608048,-0.004330629791316851,-0.6963129609887414,-0.043186659884108795,0.38327659302019,-0.012112179535490042,-0.04422761585628558,0.7093602654129874,2.3756383216174637,1.295938301463054,56.16190988362055,56.16737957879987,56.16484587131346,56.16354000002286
1371.0,45.92,1.7985142289586653,1.9021843173415507,0.6207280742725726,0.2864255306422757,-0.2548120037969482,0.1785346036459476,0.0021109565897624053,-0.004478398096411087,-0.6977136516394306,-0.043761394906811135,0.38191156369292156,-0.012242130665245765,-0.04486147576034744,0.7133168330870129,2.3634881382888446,1.2877843173415506,56.09596903126799,56.101576953695165,56.09890239329231,56.09769479427927
1372.0,45.952,1.807630470363791,1.8940433220617932,0.6267078546247266,0.28488254391021234,-0.254406102492451,0.1868681360048319,0.0021389584620620026,-0.004598369664763085,-0.6991337021346379,-0.04436806161912847,0.38050333706943573,-0.012375189822321747,-0.04551644962091825,0.7171425107284877,2.3513866064723454,1.2796433220617933,56.02674456827824,56.03243743164307,56.02964881896448,56.028549507606805
1373.0,45.984,1.816696346403501,1.8859159272758017,0.6329288800157425,0.28330862624090536,-0.25398108706220435,0.19440704346922788,0.002163068051823909,-0.004690672080899097,-0.7005739380889363,-0.04500058735517664,0.37906110876628424,-0.012509832591343917,-0.046186250840442006,0.72082013909624,2.3393374119469206,1.2715159272758019,55.954535721757914,55.96026142043062,55.957385904275846,55.956402859544205
1374.0,46.016,1.8257111229299974,1.8778025916978047,0.6393646520479569,0.2817117664530402,-0.25354173681243364,0.20111787600672054,0.0021831865746919366,-0.004755678659572327,-0.7020349885263469,-0.04565280262456714,0.37759396125864597,-0.012644570766971952,-0.04686459058824721,0.7243332377101879,2.3273438463375427,1.2634025916978047,55.87965456953777,55.88536256373572,55.88242741314718,55.88156657080396
1375.0,46.048,1.8346743163368706,1.869703624539156,0.6459877208047163,0.2800997939647573,-0.2530927237077424,0.2069708986487094,0.0021992546279677046,-0.004793992685210181,-0.7035172845463078,-0.04631849628885824,0.3761107792750409,-0.012777966013700376,-0.04754523252815961,0.7276660770613249,2.3154087675544073,1.255303624539156,55.80242463649268,55.80806630937847,55.805098689482186,55.80436396155361
1376.0,46.08,1.8435856862463815,1.8616191902136972,0.6527698074797873,0.27848030967224674,-0.2526385726706188,0.21194020859599097,0.002211250779121262,-0.004806430289809127,-0.7050210597078241,-0.04699146985632787,0.3746201723224137,-0.012908642252414143,-0.048222047136795565,0.7308037469872538,2.303534564885086,1.247219190213697,55.72317944322003,55.72870843072998,55.72573518148192,55.72512850309384
1377.0,46.112,1.8524452261978732,1.853549314189478,0.6596819301397594,0.27686062348408436,-0.252183625756817,0.21600383312410387,0.0022191899295154163,-0.0047940022203116425,-0.7065463521114637,-0.04766559109160253,0.37313040481137116,-0.013035296724073303,-0.04888906514750706,0.7337322208792019,2.2917231293076847,1.2391493141894783,55.642261015713025,55.64763350892128,55.644680927213834,55.6442023302292
1378.0,46.144,1.8612531525601246,1.845493889857598,0.6666945320009174,0.27524769882038536,-0.25173201037127774,0.21914380816121293,0.0022231214792226544,-0.004757894742742079,-0.7080930081543271,-0.048334846786181246,0.37164933412262047,-0.01315670969720703,-0.049540529577297994,0.7364384154213398,2.279975829534034,1.2310938898575983,55.560018364484485,55.56519338377033,55.56228701009953,55.561934721978155
1379.0,46.176,1.8700098918964059,1.8374526862859337,0.6737776116019696,0.2736481042587598,-0.2512876116144837,0.22134623753285476,0.0022231273176806995,-0.004699449924098303,-0.7096606879222662,-0.04899339433920899,0.3701843568101748,-0.013271752801557818,-0.050170945736600414,0.7389102455989491,2.268293494222389,1.2230526862859339,55.47680594134848,55.4817455814181,55.478909992801384,55.47868055832132
1380.0,46.208,1.878716067013324,1.8294253567245464,0.6809008542577837,0.2720679724037231,-0.2508540487933807,0.2226013329942151,0.002219319663811834,-0.00462014552392487,-0.71124887216883,-0.049635611680225934,0.3687423630196697,-0.013379395986626463,-0.050775128588027546,0.7411366747486564,2.2566764007201066,1.2150253567245466,55.39298208195919,55.39765172663172,55.39491033777196,55.39479876073062
1381.0,46.24,1.8873724819234983,1.8214114477304464,0.6880337641866594,0.27051296594291396,-0.25043465606559817,0.22290343527734127,0.002211838778080137,-0.004521574716514483,-0.7128568708133401,-0.05025614499578404,0.36732969907062507,-0.013478713118526803,-0.051348246808960704,0.7431077594606356,2.2451242706094257,1.2070114477304466,55.30890744193364,55.31327594761643,55.31065082251504,55.310650724084965
1382.0,46.272,1.8959801059479813,1.8134104087819571,0.695145796714371,0.2689882507651236,-0.2500324671403165,0.2222510164910133,0.002200850567932396,-0.004405425851591429,-0.7144838328721285,-0.050849953684915745,0.365952138053497,-0.013568886242685568,-0.05188586292468367,0.7448146891795296,2.2336362722353775,1.199010408781957,55.22494343420844,55.22898328100668,55.226494957323894,55.22659874748473
1383.0,46.304,1.904540057177468,1.8054216022569773,0.702206489971969,0.26749847592143,-0.2496502039055907,0.22064666429991123,0.0021865441070932842,-0.004273462446968084,-0.7161287577181813,-0.051412351958312244,0.36461485818519446,-0.013649208552170361,-0.052383968914744415,0.7462498203869478,2.2222110302954645,1.1910216022569773,55.1414506749348,55.14513808448943,55.14280541296806,55.143004471239166
1384.0,46.336,1.9130535855020587,1.7974443136547802,0.7091855955208108,0.2660477601434898,-0.24929026881868846,0.2180970484013317,0.0021691290883784973,-0.004127503590883136,-0.717790507546058,-0.05193904651041522,0.36332242859260355,-0.013719086112699341,-0.05283901675237987,0.7474067052839531,2.2108466424680118,1.1830443136547801,55.05878744495987,55.06210246425362,55.05994246544132,55.060227327115435
1385.0,46.368,1.9215220554080428,1.7894777619474014,0.7160532073571925,0.26463968456197173,-0.24895474085555996,0.2146128698869018,0.0021488332289662498,-0.003969404915315367,-0.7194678209016453,-0.0524261697296029,0.36207880211229937,-0.013778038404971632,-0.05324794341630335,0.7482801149261129,2.1995407029517153,1.1750777619474015,54.977308173532386,54.980234724171346,54.978262464521926,54.978623008629775
1386.0,46.4,1.9299469287272082,1.7815211099539576,0.7227798887699374,0.2632772912239482,-0.24864537479514467,0.21020879414830146,0.002125899646512924,-0.0038010402843573522,-0.7211593271207852,-0.052870307969113024,0.3608873146466264,-0.013825697753334448,-0.053608190009250406,0.7488660567966914,2.188290332684895,1.1671211099539578,54.89736195055634,54.899887843293094,54.898116332483234,54.898541967907015
1387.0,46.432,1.9383297475099364,1.7735734746391967,0.7293367965470525,0.26196308696022613,-0.24836360358625184,0.20490336803482553,0.0021005842239883296,-0.0036242843245117154,-0.7228635615076509,-0.05326852447604082,0.35975069056111686,-0.013861807716374741,-0.05391771472813471,0.7491617868346374,2.177092215911201,1.1591734746391968,54.81929107326706,54.8214079878986,54.81984809889435,54.82032794527117
1388.0,46.464,1.9466721171781585,1.7656339372460224,0.7356958020517473,0.2606990521319695,-0.24811054353672493,0.19871892202173486,0.002073152980750641,-0.0034409959062586394,-0.7245789810734486,-0.053618376666290345,0.3586710535858987,-0.013886220520802711,-0.05417499955018818,0.7491658159634603,2.1659426426608057,1.1512339372460225,54.74342963285644,54.74513306397274,54.7437934770056,54.7443165374249
1389.0,46.496,1.9549756900984774,1.7577015531804792,0.7418296087134251,0.259486653759937,-0.24788700204819716,0.19168145817740767,0.0020438794669877603,-0.0032530026692563106,-0.7263039806489769,-0.053917927535353516,0.35764994265321076,-0.01389889362387145,-0.054379050624863985,0.7488779111942007,2.154837556624291,1.1433015531804793,54.6701021461112,54.67139131560263,54.6702784868072,54.6708338096738
1390.0,46.528,1.9632421496997048,1.7497753615765632,0.7477118655053877,0.2583268625383849,-0.24769348762240054,0.18382052474885263,0.0020130421983491444,-0.0030620866666785838,-0.7280369091810299,-0.05416575110519535,0.35668833210388573,-0.013899885492758862,-0.05452939248631062,0.7482990914008564,2.1437726078120343,1.1353753615765632,54.599622236774266,54.60049997438698,54.59961812940041,54.600194957312155
1391.0,46.56,1.9714731952430196,1.7418543944771019,0.7533172760076589,0.2572201732285579,-0.24753022185813883,0.17516907819595373,0.0019809221471792492,-0.002869971188251536,-0.7297760860227782,-0.054360931921239614,0.3557866556863567,-0.013889350690552416,-0.054626056322016045,0.7474316178891979,2.132743209316386,1.1274543944771018,54.532291370885126,54.53276396455605,54.53211511692957,54.53270302086175
1392.0,46.592,1.9796705273371689,1.733937685575672,0.7586217026802548,0.25616662794219386,-0.24739715316970895,0.16576333351864003,0.0019478003063739752,-0.0026783088060949537,-0.7315198170319843,-0.05450305872661901,0.35494483379175756,-0.013867534359628009,-0.0546695626465602,0.7462789799003366,2.121744597428521,1.119537685575672,54.46839765001476,54.46847466808436,54.468058661890105,54.46864765950027
1393.0,46.624,1.9878358342758315,1.7260242784730133,0.7636022659991797,0.2551658418331804,-0.24729397195805838,0.1556426037163868,0.0019139553412936825,-0.00248867067316691,-0.7332664102982063,-0.05459221255011403,0.3541623033760579,-0.0138347661921292,-0.05466089882887268,0.7448458752081819,2.1107718943075433,1.1116242784730135,54.408214665885076,54.407908753683934,54.407723329270844,54.40830398658702
1394.0,46.656,1.9959707792596328,1.7181132344095256,0.7682374381341622,0.25421703074381846,-0.24722012698401938,0.14484912921822052,0.0018796613445692199,-0.0023025370905224453,-0.7350141913306316,-0.05462894954447219,0.35343805005461176,-0.013791453976229051,-0.05460149200637614,0.743138185985499,2.0998201723569765,1.1037132344095255,54.352000419550706,54.351327073150685,54.351367954589534,54.35193147083717
1395.0,46.688,2.004076988551484,1.7102036394431597,0.7725071308734947,0.2533190403703264,-0.24717484269890658,0.1334278981041232,0.0018451857077790652,-0.0021212893473218676,-0.7367615175515807,-0.054614279001002415,0.352770641873827,-0.013738076804096777,-0.054493177986501815,0.7411629501262692,2.088884519433701,1.0958036394431598,54.29999630793628,54.29897362816287,54.299234630566616,54.29977290628203
1396.0,46.72,2.0121560406010452,1.702294611049241,0.7763927775271245,0.2524703765488107,-0.2471571373099871,0.12142645792594753,0.001810787123062462,-0.0019462028260735262,-0.7385067919565667,-0.05454963704128065,0.35215826430845676,-0.01367517802477286,-0.05433816678430494,0.7389283282229427,2.077960103997,1.087894611049241,54.2524261802467,54.25107461023181,54.251547764826086,54.25205345381306
1397.0,46.752,2.020209456162244,1.6943853041254877,0.7798774085642437,0.2516692362874297,-0.24716584136726125,0.10889471990996147,0.001776713726589651,-0.0017784413554946031,-0.740248475819541,-0.054436856546028374,0.35159875605931895,-0.013603358020783995,-0.05413900547301789,0.7364435664056753,2.067042239300691,1.0799853041254877,54.20949546643122,54.207837516165,54.20851321074862,54.20897975672281
1398.0,46.784,2.0282386894170092,1.686474916391652,0.7829457207659232,0.25091353921144466,-0.24719961668239562,0.09588475630249395,0.0017432013945817002,-0.0016190527841393949,-0.7419851003411257,-0.05427813392310685,0.3510896452749107,-0.013523266883224527,-0.053898539033552705,0.7337189552572624,2.056126445739218,1.072074916391652,54.171390379648095,54.16945034103548,54.17031747329174,54.17073913234615
1399.0,46.816,2.0362451201086698,1.6785626931788176,0.7855841396967846,0.25020095911436313,-0.247256975401046,0.08245059158941186,0.0017104722011231654,-0.0014689657400108842,-0.7437152771575859,-0.05407599334100621,0.35062818584918565,-0.01343559705504066,-0.053619869881721335,0.7307657850220337,2.045208510478725,1.0641626931788175,54.13827719438628,54.136080850359086,54.1371269913764,54.13749884156645
1400.0,46.848,2.0442300466798815,1.670647931608446,0.7877808753222411,0.2495289553503946,-0.2473362990741407,0.0686479882955205,0.0016787330455353354,-0.0013289875342605325,-0.74543770764861,-0.05383324906270773,0.35021139349705366,-0.013341076006666064,-0.05330631672432835,0.727596297329949,2.0342845435361006,1.0562479316084459,54.110301601708294,54.1078759328525,54.10908749817542,54.10940543767769
1401.0,46.88,2.052194680402421,1.6627299841657508,0.7895259706194759,0.24889480382933582,-0.2474358575841954,0.05453422803858382,0.001648174455429382,-0.0011998031611663187,-0.7471511910019507,-0.053552966505353884,0.3498360813373634,-0.013240459002758831,-0.052961373358497085,0.7242236336584582,2.023351029512053,1.048329984165751,54.087588142834356,54.08496103490844,54.08632346046945,54.08658419580794
1402.0,46.912,2.060140140479676,1.6548082616759632,0.7908113430510808,0.24829562741424074,-0.24755382780589036,0.04016788848765661,0.0016189695699111851,-0.0010819753413914056,-0.7488546310123619,-0.0532384226293164,0.3494988947592738,-0.013134522013047129,-0.05258866797652467,0.7206617807548158,2.01240487423794,1.0404082616759633,54.070239722129216,54.067439677645,54.06893759800836,54.069138623881415
1403.0,46.944,2.0680674500971445,1.6468822356955095,0.7916308187901853,0.24772842554586508,-0.24768831188914933,0.025608616847011455,0.0015912733056587139,-0.0009759455513827931,-0.7505470416105205,-0.052893066224715096,0.3491963453730499,-0.013024054814085306,-0.05219192347890643,0.7169255132404736,2.001443445659338,1.0324822356955097,54.05833720035099,54.05539305719674,54.0570104836908,54.05715005586181
1404.0,46.976,2.0759775333916233,1.638951440333135,0.7919801596050673,0.24719010295248758,-0.24783735507423418,0.01091690046506453,0.001565221706938151,-0.0008820359782469651,-0.7522275511344151,-0.05252047861782053,0.3489248438873366,-0.012909854323375103,-0.051774919232875444,0.7130303336173375,1.9904646083515891,1.024551440333135,54.05193906889121,54.0488797286886,54.05060022517353,54.05067732783636
1405.0,47.008,2.0838712133059536,1.6310154735185665,0.7918570823297179,0.2466774973227949,-0.24799896295523566,-0.0038461648546694732,0.0015409314788664356,-0.0008004523367695391,-0.7538954053708341,-0.052124335266591604,0.3529328249722474,0.11202744156586636,0.43030339858024264,0.7089344304827392,1.9794667511427686,1.0166154735185664,55.526125349564154,55.103027595626486,53.51869108351403,52.01207790206436
1406.0,47.04,2.0917491435763607,1.6230739743028069,0.7913019941276016,0.24618532095024784,-0.2481718504925147,-0.01734650631613471,-0.011886583069191365,0.0009224370745327287,-0.7537648069455767,0.004359751244906224,0.3526093321332061,0.11244813534661505,0.4321903980766604,0.7045663946431058,1.9684511112875054,1.0086739743028068,54.47263594288631,53.18639802437717,54.40893391586721,53.98384924704935
1407.0,47.072,2.099711944831816,1.6152099056702813,0.7903371433385002,0.24883753923295163,-0.24575214476639543,-0.030151587159414028,-0.02581399342333636,0.0027169545428388907,-0.7500384932573347,0.11748649158937657,0.35139954391652956,0.11416823956995088,0.4397927242857951,0.7000123699322133,1.9574307725924673,1.0008099056702813,54.399924934973924,53.570317324945066,54.23983797574773,53.78022065499091
1408.0,47.104,2.1078618437189696,1.607508587269572,0.7888782936864769,0.25468434022357683,-0.2406662000221925,-0.04558905162573515,-0.039539236228069964,0.0032529039126426742,-0.7408173701937397,0.28856104082264317,0.34947795957959515,0.11645751789439683,0.45032409631631126,0.695186222624897,1.9464147883009224,0.9931085872695721,54.19726844931062,53.66821902526301,54.09341702444045,53.9754142265134
1409.0,47.136,2.11628940508967,1.6000648699817916,0.7869159573781807,0.2633612928343559,-0.23261616524311057,-0.06132300963425035,-0.05246847467573271,0.002332355900754458,-0.728783323241383,0.3743541346340784,0.3466389274703752,0.12010755742006841,0.4669645281178331,0.6901639426256332,1.9354319512917622,0.9856648699817917,54.10411070874948,53.690882085649555,54.05215803629344,54.094945085458356
1410.0,47.168,2.12506710751252,1.5929799663427864,0.7844451352717526,0.2743032007140902,-0.22140323871893905,-0.07721319082588403,-0.06402705913537719,-0.00025203770189458394,-0.7150611270823227,0.42340375228519544,0.34293337097038906,0.12516356500469653,0.48993916417286754,0.6850295732211874,1.9245280487918242,0.9785799663427864,54.047291435469376,53.708999797759716,54.095617293361485,54.16776728352046
1411.0,47.2,2.134243925390624,1.586358344768999,0.7814662816206134,0.28677555869071736,-0.20692567418083052,-0.09308917659809136,-0.07361336399229167,-0.004338717669537697,-0.700069891409801,0.45859885769177283,0.33855028847751256,0.13129832461456603,0.517953771446699,0.6798644499093248,1.9137665763724545,0.9719583447689991,54.00903460447524,53.74518375819104,54.192424410382735,54.21885560164724
1412.0,47.232,2.1438425362825724,1.5803016944485793,0.7779858943783315,0.2999565903734261,-0.18927032251313955,-0.10876210132131932,-0.08064252187098861,-0.009465099773373635,-0.6839466306282427,0.4900138699558561,0.3337820498134222,0.13803151193853036,0.5489710647692067,0.6747387416865384,1.903225454776495,0.9659016944485793,53.98782142061058,53.80857810379947,54.315943110461,54.2593576480187
1413.0,47.264,2.1538590682868275,1.5749008593925153,0.7740166803369058,0.31301662513293743,-0.16877609550197872,-0.12403793879453909,-0.08463578725898668,-0.014981298260184128,-0.6667500541969976,0.521305959661468,0.32898816559954597,0.14487022549311745,0.5807211163806766,0.6697061956772339,1.8929904689179025,0.9605008593925154,53.987747890905105,53.9010495199309,54.44415813597518,54.29319588007254
1414.0,47.296,2.1642653084226993,1.5702271947506656,0.7695773369716625,0.3251950042460286,-0.14605202005781942,-0.13872948016386902,-0.08531342244485829,-0.02016548373197568,-0.6485470710132377,0.5529709305097641,0.3245364228862701,0.15138812010010383,0.6110576333266009,0.6648023350291882,1.883146624676648,0.9558271947506657,54.01435776761079,54.01804803989636,54.55920259427343,54.323165510720514
1415.0,47.328,2.175013234084871,1.5663248733117063,0.7646919782751771,0.33587267694282624,-0.12194754496746447,-0.15266745926515263,-0.08265784761544959,-0.02434566207213201,-0.6294350005626833,0.58406154595905,0.3207350633340396,0.15725092709722524,0.6381812918553517,0.6600459165199135,1.8737687538954777,0.9519248733117064,54.07151138673172,54.1500655267512,54.64866258467308,54.3536294610684
1416.0,47.36,2.1860413487058703,1.5632055491280206,0.7593892295796952,0.3446285819062691,-0.09747888074019098,-0.16571089673382647,-0.07692559038652877,-0.02701626423724118,-0.6095327967368926,0.6131325378879859,0.3186036260618877,0.16043818039087504,0.6530956681054503,0.6554609184011222,1.8649128672312756,0.9488586821755691,53.989096160558745,54.236113089239296,54.86786577815752,54.46099632860711
1417.0,47.392,2.1972818709545634,1.5608464756482217,0.7537023273237771,0.35126632027161997,-0.07372104624370776,-0.1777156954974229,-0.06681135347205557,-0.027121357418369945,-0.5891480072641887,0.634942650585114,0.317605768135006,0.16227061737945345,0.6612817319444585,0.6510386395228313,1.856609844902552,0.9466857183343723,54.197124476654224,54.41744461997932,54.795927202094674,54.47025073333219
1418.0,47.424,2.2086643433231568,1.5591732333331147,0.7476671462888445,0.35570226151858153,-0.05228882234709652,-0.18859940734166492,-0.05408455244091282,-0.025106356563352132,-0.5684496163392379,0.64926486208263,0.317640880020166,0.16255116678601444,0.6621992815102132,0.6470500027800915,1.848847957781862,0.9453377289347131,54.41558336885388,54.60149486124268,54.80374267175443,54.56609350165531
1419.0,47.456,2.220124722188783,1.5580767754535871,0.7413367265846978,0.35813683955078657,-0.034264308735234054,-0.1978256157545593,-0.039917636478580654,-0.02146653987543668,-0.5475917412927899,0.6562986645366827,0.31845762912539816,0.16104700225037571,0.6554865160820633,0.6435400024464806,1.8415817911618935,0.9447078107217688,54.628987990593295,54.761483232051965,54.82979431191905,54.700547664278865
1420.0,47.488,2.231609297716925,1.5574243461920372,0.7347661172130068,0.35889298525447266,-0.02038841442343844,-0.20533154286536862,-0.02515292961949831,-0.016848721368597806,-0.5267402164717856,0.6558842058009248,0.3197686603593746,0.1575838494959106,0.6410259810243142,0.640451202152903,1.8347379889747337,0.9446625384249598,54.826770592488494,54.89978707702702,54.850059249741186,54.8364756643091
1421.0,47.52,2.2430749815592903,1.5570697552948758,0.7280050558518137,0.3583026200738736,-0.011080965536292156,-0.21128316753725862,-0.010510371584067743,-0.011947833658114256,-0.5060917113323837,0.6478700814611673,0.32130670870273437,0.15206932742298845,0.6188662360694158,0.6377330578945546,1.8282231896214887,0.9450530782442224,55.00331817767562,55.027266946895416,54.87253798376259,54.96460459610979
1422.0,47.552,2.254487655058953,1.5568635130961774,0.7210977166906953,0.3566460468644982,-0.006445068709324419,-0.21585434878497406,0.00338908327966184,-0.0073717597904328774,-0.48587758412183096,0.632206038595513,0.322843321055749,0.14453217775838686,0.5892981815569226,0.635341090947208,1.8219334507101441,0.9457260626176281,55.15565662605996,55.15057905927636,54.90289905828714,55.07960805322511
1423.0,47.584,2.2658198162387895,1.5566616994784903,0.7140830009460168,0.35413003686985056,-0.006306675552721757,-0.21920986702117828,0.016012536711737937,-0.003558239443642034,-0.4663520252339629,0.6090126708213941,0.32420275185105135,0.13513655609837633,0.5528991701424795,0.6332361600335431,1.8157632060671798,0.9465329945085184,55.28399204445395,55.27299383273012,54.94373100302849,55.179183217467966
1424.0,47.616,2.277048477095056,1.5563331960586133,0.7069952466313749,0.35089565175837034,-0.010265731871157445,-0.22149232233258456,0.026904918021544166,-0.0007433402323508249,-0.4477714739879472,0.5786456376303577,0.32527281125254504,0.12417089478510354,0.5105379121187301,0.6313838208295179,1.8096128651544927,0.9473378175500143,55.38982488936826,55.39439722240218,54.99618181678084,55.26404038579344
1425.0,47.648,2.288153883827138,1.5557652529134478,0.6998651739616327,0.3470439603775216,-0.017748223286420076,-0.22281477092941862,0.035693342100641075,0.001031973851339969,-0.43037259583142273,0.5417316405887864,0.32601179250116397,0.112017410898877,0.4633457651992917,0.6297537623299758,1.803394671892585,0.9480226964847998,55.47506629438556,55.512088156706604,55.06063594980909,55.33715758904602
1426.0,47.68,2.2991192541000793,1.5548674549604358,0.6927208788679468,0.3426678210294537,-0.02805618603162922,-0.22325922167771117,0.04210571494723453,0.001889849152764098,-0.41435406700010546,0.49917051829830617,0.32644771842427367,0.09911122866760158,0.41266545244383995,0.6283193108503787,1.7970367353455312,0.9484921636839807,55.54193659637521,55.62186009430687,55.1366873386213,55.40278410410751
1427.0,47.712,2.3099314290949553,1.5535741299877455,0.6855887142123859,0.33788046858983617,-0.040416405396567406,-0.22288014548625254,0.04599519584799682,0.002067562302036224,-0.3998649510478596,0.45210895865289946,0.3266670768538824,0.08589846697759394,0.35998643304870903,0.6270569935483333,1.7904852889828324,0.9486757476280585,55.593220481032255,55.719118584835236,55.222836499493035,55.46542849810681
1428.0,47.744,2.320582138979006,1.55184520970536,0.678493941654172,0.3328346838766211,-0.05402875882454845,-0.22171164244420852,0.04735966514672838,0.0018607876260201886,-0.38700017618038246,0.4018926951607498,0.32679397351869277,0.07280112186108771,0.30687225301781507,0.6259461543225333,1.7837053139667742,0.9485291329797263,55.63244342420945,55.79994993183444,55.31633296634667,55.52890822729341
1429.0,47.776,2.331069469991894,1.5496655780994066,0.6714610911173117,0.32772909415271717,-0.0681134876860383,-0.2197765792768602,0.04634699173684186,0.0015655651110397695,-0.3758017461867971,0.35000218273315886,0.3269644927167955,0.060193225311158845,0.2548820894683242,0.6249686158038293,1.7766797362342646,0.9480338823592669,55.66369710116055,55.86201211794665,55.413414474708674,55.595579830981904
1430.0,47.808,2.3413990973548082,1.5470430281672594,0.6645140246171328,0.322800855091101,-0.08195468537961145,-0.2170958281306128,0.043241480447721595,0.001427569200691876,-0.366263206554327,0.297975754243721,0.3273027208628279,0.04838839988022982,0.20548739253809226,0.6241083819073698,1.7694074923595844,0.9471957978130925,55.69108370499678,55.90504540573887,55.509948363386975,55.66594010946739
1431.0,47.84,2.3515849120427554,1.5440050698943604,0.6576757576646267,0.3183067089983148,-0.09493619602808276,-0.21369584226579205,0.038432999708882164,0.001607012351382049,-0.3583349311106171,0.24732484121477902,0.32790360554863734,0.037635324731951886,0.15998573498610785,0.6233513760784855,1.7619008337351376,0.9460420959504714,55.71798349986391,55.93084895069145,55.6022474123077,55.738738386394836
1432.0,47.872,2.3616488095023347,1.5405949397739274,0.6509681322236094,0.31449679561188626,-0.10656656626354324,-0.2096132950318146,0.03237575578065251,0.0021644820677712883,-0.35192892524286856,0.19944683812359873,0.32882469323102187,0.028116449989781037,0.11941778808765137,0.6226852109490673,1.754182267439992,0.9446176723587502,55.74646724427994,55.942759617530996,55.68772469794462,55.81154852483735
1433.0,47.904,2.371619590291823,1.5368672102189116,0.6444114503562663,0.3115868996714717,-0.11649154859422974,-0.20489630835444705,0.0255461539375189,0.0030678436899674497,-0.3469233529624909,0.15554180169615045,0.33008582777630135,0.019946779287980554,0.08449794373647734,0.6220989856351792,1.7462814926521792,0.9429807940965724,55.77710583451667,55.944874922359496,55.765136959798305,55.88154330379417
1434.0,47.936,2.3815310974702206,1.5328833678756981,0.6380241654327109,0.3097345993249631,-0.12449507322543474,-0.19960265386112971,0.018407671910056277,0.004215261043841805,-0.3431679604984089,0.11653984124118617,0.3316744627148617,0.01317229279943706,0.055571126907082644,0.6215831073589577,1.7382325897132331,0.9411985598648132,55.80922385489646,55.94132867048829,55.83438312537035,55.94615316711493
1435.0,47.968,2.391419840986072,1.5287076401643978,0.6318226954519609,0.3090232348703163,-0.13049149097812196,-0.1937959368984157,0.011386352281754619,0.005466557929266336,-0.3404915051499228,0.08304705239300449,0.3335542458223852,0.007769739379651933,0.0326053962904686,0.6211291344758828,1.730071587827736,0.9393424129429344,55.84144503622566,55.935815684368954,55.89602232867663,56.00341830494347
1436.0,48.0,2.401322416871923,1.5244032393168767,0.6258213830271481,0.3094554964328874,-0.1345125264850473,-0.18754101327542166,0.004855957798479424,0.0066751871404445075,-0.338711435761146,0.05531789972235173,0.3356750015605954,0.0036500679475187786,0.015222741376082725,0.6207296383387769,1.7218344189135437,0.9374839129884915,55.872298923043594,55.93137490916087,55.950743151710434,56.05204779897823
1437.0,48.032000000000004,2.411273025378092,1.5200291027183968,0.6200325904037525,0.3109565158177437,-0.13669176870248348,-0.18089976948109227,-0.000870796264231223,0.007714998114390572,-0.33764504041175447,0.033259323219436254,0.3379824450277074,0.0006668591021827125,0.002762278175393296,0.6203860223220561,1.713555190729543,0.9356909041778106,55.90202183065594,55.931638089494,56.000283200726955,56.09265512206507
1438.0,48.064,2.421301349900462,1.515637158470409,0.6144673771518805,0.31338514132409745,-0.13724825774963492,-0.17391291412101856,-0.005548548336503467,0.008498344908735137,-0.3371206200606068,0.016466131139690667,0.34042619010726755,-0.001370433736321383,-0.005635867399524974,0.6203872215386704,1.7052646717319306,0.9340241795964417,55.97788090630342,55.98586721768047,56.092323024479136,56.172744707258936
1439.0,48.096000000000004,2.4314311525893393,1.5112701873873444,0.6091532643054566,0.31655633402737704,-0.13646784634575027,-0.16606602645072868,-0.009004017673504191,0.008983944103831382,-0.33698740612848777,0.004273089092917742,0.3429714190888653,-0.0026784708724116313,-0.010933222947852705,0.62072990273411,1.696988187122001,0.9325348286993514,56.051113055742526,56.04610669688447,56.17796689485133,56.243798501872455
1440.0,48.128,2.4416792166366443,1.5069602769850945,0.60411661678965,0.32025200147831806,-0.13468470007032507,-0.15739523486897264,-0.011140086859063664,0.009177992881110082,-0.3371215821814562,-0.0041315423417061636,0.34558156446957694,-0.0034847814500710977,-0.014116866120972403,0.6214069802262768,1.688745104553198,0.9312622048619656,56.12209052994898,56.1108666298701,56.2550297405368,56.30619493573275
1441.0,48.160000000000004,2.4520550446791587,1.5027277486916828,0.5993825149303049,0.32424462632853734,-0.13226650916910074,-0.14794068310451738,-0.011939138033522282,0.009115403745840446,-0.33743003125277027,-0.009660559319528823,0.3482273750318877,-0.004013581001407779,-0.016135332858306983,0.6224084107649057,1.680547871901584,0.9302325390935569,56.19064196921607,56.17902790394586,56.32239314575204,56.359906305177354
1442.0,48.192,2.462561084231699,1.498580776257443,0.5949746135803939,0.3283137360169192,-0.12959288857000745,-0.13774691718473334,-0.01146288886876227,0.00885092793493466,-0.33785101809881274,-0.013251113390667951,0.35088155149129396,-0.004473487234937457,-0.017848025362903197,0.6237222182687587,1.6724014154538267,0.9294583907304627,56.256809540977606,56.24865151557825,56.37929485013391,56.405840523422206
1443.0,48.224000000000004,2.4731934138204026,1.4945157268612401,0.5909149971765117,0.3322602996469515,-0.12703279363132614,-0.12686301262130434,-0.009844339834663287,0.0084439568419079,-0.3383524020550234,-0.01580226801297277,0.35351461421843094,-0.005048272314085431,-0.019990972353194317,0.6253354833284112,1.6643029728033896,0.9289389742532682,56.32042711157387,56.31761666448538,56.4257073201939,56.445272584643284
1444.0,48.256,2.4839427279587913,1.490518201731388,0.5872240407973619,0.33591606682468556,-0.1249226603078911,-0.11534238684844537,-0.007273477975444169,0.007945158060168739,-0.3389282335232213,-0.018126896257430716,0.35609218430637224,-0.0058906729234540905,-0.023157458390722318,0.6272350822845714,1.656242429922734,0.9286613091476049,56.38100133479327,56.38392892422475,56.46233710630068,56.47953176540237
1445.0,48.288000000000004,2.4947954473934293,1.486564685708404,0.5839202866052832,0.3391474823323979,-0.12354737571823599,-0.10324231850244887,-0.003978806355238436,0.007387898217329644,-0.3395945318047053,-0.02091888511830791,0.358574559237823,-0.00711858497229996,-0.02778978526254133,0.6294080618736296,1.6482031745752108,0.9286020548521395,56.43771327715443,56.44595001226925,56.49046601594678,56.5097128814089
1446.0,48.32,2.5057348068190803,1.482624656625826,0.5810203423687842,0.341854982051633,-0.12312590883057468,-0.09062325739060294,-0.00020750253947231297,0.006785834098752607,-0.3403847774633308,-0.024733930738517276,0.36091859451706715,-0.008813014774300632,-0.03417881349196117,0.6318416505335531,1.6401634098389073,0.9287298300372664,56.489524069810756,56.50249819403385,56.51169045814029,56.53649586493097
1447.0,48.352000000000004,2.516741824224052,1.4786629686104058,0.5785388051760668,0.34396929390531944,-0.12380275048187037,-0.07754803727240932,0.003793115277162109,0.006136248277395488,-0.34134535763345775,-0.02998112642554524,0.36308121399728965,-0.011017520502343309,-0.04246927815762623,0.6345230011330643,1.6320978100197405,0.9290077877428186,56.53533358196933,56.5528131972633,56.527640511514285,56.560113503148635
1448.0,48.384,2.527796116263107,1.474642314038208,0.5764882101362533,0.34544662622051553,-0.12564545538119862,-0.06408109499417987,0.007790995424105199,0.005427263565674082,-0.34253102635280175,-0.03692266062134833,0.36502354392751757,-0.01373922126225656,-0.052670120431697665,0.637438809442212,1.6239793610657438,0.9293962267405739,56.57413894489718,56.596428616923525,56.53974740266636,56.58044756988141
1449.0,48.416000000000004,2.538876574622363,1.470525583997111,0.5748790016504758,0.3462643237267139,-0.12864781378426424,-0.05028776518054132,0.01158091832246431,0.004646387629338834,-0.3440004266386722,-0.045679759958793587,0.3667146722862165,-0.016951553895956123,-0.0646696063804716,0.640574953085317,1.6157812149744977,0.9298550553629602,56.60515885132628,56.633018642335045,56.54909396377646,56.59719355845439
1450.0,48.448,2.5499619473694732,1.4662779784930087,0.5737195238728928,0.3464178983472281,-0.1327376720032116,-0.03623368054947156,0.014992374605401856,0.003787957402260417,-0.34581180801927985,-0.05624385496959157,0.36813426161682095,-0.020598794680235455,-0.07825479779822954,0.64391625721633,1.6074784006165805,0.9303459723789337,56.62791126278993,56.662279172441224,56.556349758501476,56.61002562016473
1451.0,48.480000000000004,2.5610313735936567,1.4618687564681052,0.5730160268357406,0.34591956950569563,-0.13778818827821765,-0.021984282411004512,0.01789431272424084,0.0028577548080950563,-0.3480191652719806,-0.0684923487288918,0.36927358224655005,-0.024602061625264363,-0.09313436908151627,0.647446434561392,1.5990492648884485,0.9308342773238504,56.64224459661731,56.683876691180906,56.56177438574803,56.618710372594926
1452.0,48.512,2.572064903793947,1.4572725556984758,0.5727726847517164,0.3447978187591063,-0.1436312740509349,-0.007604440125757455,0.02019730354814336,0.001874041976500842,-0.3506690488185098,-0.08220827133231509,0.3701349046003318,-0.028866242218731547,-0.10896325522354594,0.6511481890168488,1.590476559864692,0.9312902625749871,56.648325646503345,56.6974670364503,56.56526892508541,56.62314747070338
1453.0,48.544000000000004,2.583044011743334,1.4524702506812646,0.5729916228350849,0.3430971234183071,-0.15007203178783443,0.006841815105264254,0.02185346743046788,0.0008652354292143342,-0.35379823606907707,-0.09710274133566117,0.3707295267215621,-0.033287168577938175,-0.12536741952492575,0.6550034295995925,1.5817481363184176,0.931690169838163,56.64658816326115,56.70276211359484,56.566458710350325,56.623343472773705
1454.0,48.576,2.5939520764116093,1.4474493514818771,0.573672948643156,0.34087702088364125,-0.15690309998087412,0.02129143150222486,0.022854339171144912,-0.00013480375563507216,-0.3574323345865861,-0.1128388226765823,0.3710749509308705,-0.037758413794435924,-0.1419671748182618,0.6589935234712943,1.5728572458820027,0.9320167166854637,56.6376496134927,56.69961121481903,56.56479334626164,56.61934515350204
1455.0,48.608000000000004,2.6047747936446703,1.4422039772309292,0.5748147838173704,0.33820991353312,-0.16391794534210521,0.03568234919419603,0.02322682915063997,-0.0010924725741699197,-0.36158526224225124,-0.12905524402428672,0.3711918148941613,-0.04217725864826377,-0.1583978599234441,0.6630995227977928,1.563802488893893,0.9322592173769988,56.6222101893101,56.68806521154287,56.559649920152715,56.61116536151659
1456.0,48.64,2.61550047159035,1.4367344630111993,0.5764132926355722,0.3351774358025203,-0.17092231936657676,0.04995340056881121,0.023027567804794327,-0.0019797035642932248,-0.3662594603439778,-0.14538857061153815,0.37110112132290307,-0.04644959011489898,-0.17432710179541672,0.6673023233609904,1.5545874695846387,0.9324133383773837,56.600953644251746,56.66840310235021,56.550424832096255,56.59872949873329
1457.0,48.672000000000004,2.626120171810623,1.4310466763914793,0.5784627051746183,0.3318656318834951,-0.1777433318662309,0.0640441418451839,0.022336104004089846,-0.002777712293366856,-0.37144666265287324,-0.16149271826652228,0.3708221374562446,-0.050493666109435384,-0.18946826071274864,0.6715827426618564,1.5452202332114169,0.9324805430313675,56.574469790588736,56.641115694646786,56.536601653224224,56.58185791895109
1458.0,48.704,2.6366276762773606,1.4251511285140295,0.5809553349525889,0.32835951458559115,-0.18423587117032766,0.07789468056158985,0.021247559221456574,-0.003478635972938836,-0.37712905856919415,-0.17705506981674515,0.3703711191822554,-0.054242778826400995,-0.20358991422221448,0.6759215316262408,1.5357125614449756,0.9324672908684,56.543212235893414,56.60685479238847,56.517788103350675,56.56028492447749
1459.0,48.736000000000004,2.647019283414606,1.4190619644210567,0.583881593187485,0.32473772303887566,-0.19028637790537797,0.09144556984049344,0.019865354117488614,-0.00408505567885141,-0.38328072769551086,-0.19180880223153027,0.36976082262959636,-0.05764687973745747,-0.21652140646016999,0.6802993501308309,1.5260791949833143,0.9323840637496774,56.507494415801574,56.56636410849886,56.49372312993685,56.533703854154126
1460.0,48.768,2.6572934581290966,1.4127959097494474,0.5872300036757486,0.3210679598278719,-0.19581420848781358,0.10463782775824965,0.018294521719061714,-0.004607857556991306,-0.3898692592570794,-0.20554130786101404,0.3690006407092426,-0.060673226809550326,-0.22815462449042032,0.6846967401988538,1.5163370395154119,0.9322442928452349,56.467516434916384,56.52040910039947,56.464262167698614,56.50182276873314
1461.0,48.800000000000004,2.667450376825796,1.4063712386460183,0.5909872232748643,0.3174037092718218,-0.2007709719821349,0.11741311247235185,0.016635950597462278,-0.005063147296559858,-0.39685748830540635,-0.21809879180580755,0.36809715273083304,-0.06330611408706474,-0.23844230375079065,0.6890941238697774,1.5065043965740033,0.9320632573622486,56.42340853038947,56.46971865754937,56.42935232498599,56.46441624560604
1462.0,48.832,2.6774914164526025,1.399806813599654,0.5951380728590144,0.31378248833773675,-0.20513828269890827,0.12971404950470583,0.014981726539159137,-0.005468968316331388,-0.4042052806726242,-0.22938727754865623,0.36705488585853174,-0.06554576434096432,-0.24739331890461377,0.6934718399934418,1.4966002475752274,0.931857018873818,56.375275872806974,56.41494507928682,56.38900858117811,56.42136354012211
1463.0,48.864000000000004,2.6874186366546446,1.3931212341183812,0.5996655825105406,0.3102256313137833,-0.20892435878975152,0.1414846766101764,0.01341160938047066,-0.005842434164530928,-0.4118712897222799,-0.23937038485285525,0.3658771311483877,-0.06740650556188824,-0.2550655619909359,0.6978102206478016,1.4866436091753326,0.9316414451840097,56.32323315451418,56.356642900553574,56.343298126954615,56.37266908946753
1464.0,48.896,2.6972342978045587,1.3863321190618905,0.6045510529656828,0.3067394109348481,-0.21215984551535816,0.1526709517232107,0.011990608087004638,-0.006197650830580272,-0.41981460164771456,-0.2480643690971456,0.3645667101204525,-0.06891439708776323,-0.26155711265970405,0.7020896975147405,1.476652971273396,0.9314313660421748,56.26742358819144,56.29526343165775,56.292334870220905,56.31846600100483
1465.0,48.928000000000004,2.706940447459051,1.3794555372654225,0.6097741334170759,0.3033171767028519,-0.21489318113960082,0.1632212641060155,0.010767589042251925,-0.006544557208666694,-0.42799618995569044,-0.25553101888395796,0.36312663493284997,-0.07010450440366053,-0.2669964402366588,0.7062909233649292,1.4666458247879655,0.9312398906020412,56.208022906724466,56.23116053992136,56.236281910304044,56.25900596251796
1466.0,48.96,2.716538596118895,1.3725055925347067,0.6153129141237513,0.2999421456201576,-0.21718577283489116,0.17308689708362723,0.009774844676645161,-0.006888611526939268,-0.43638011519245007,-0.2618690775896596,0.3615606399161877,-0.07101803252110644,-0.2715323392228594,0.7103948937988027,1.4566382835138922,0.9310779040051292,56.14523292936413,56.164603478056364,56.17535758776907,56.194640085609635
1467.0,48.992000000000004,2.7260294919740073,1.3654941616543814,0.6211440311896985,0.2965904954722266,-0.21910721501014105,0.18222240831082925,0.009028540090415229,-0.00723112688804625,-0.4449344294020191,-0.2672048680492303,0.35987358395369634,-0.07169951452817003,-0.27532420278415565,0.7143830581532215,1.4466448018104912,0.9309537484281819,56.07927067842064,56.09579351390842,56.10984061480491,56.125795118256846
1468.0,49.024,2.7354129948261297,1.3584307773930782,0.6272427804551639,0.29323446412885434,-0.22073075816575127,0.1905859145458143,0.008529934183542419,-0.007570011648609383,-0.453631770727645,-0.2716827552946007,0.35807173421333655,-0.07219421965633213,-0.278533107897731,0.7182374139978374,1.4366779869235007,0.9308730829111386,56.01035832421155,56.02488207157933,56.040071125931306,56.05294878897605
1469.0,49.056000000000004,2.744688042158716,1.3513226425620177,0.6335832376352892,0.2898452291432938,-0.2221292134706136,0.19813928687889423,0.00826724119711029,-0.007900684148357005,-0.46244965703290486,-0.27545599172495217,0.35616294504372226,-0.07254590256802976,-0.2813140469513717,0.7219405850144258,1.426748501279137,0.9308389068012257,55.93871731173553,55.951988790758676,55.966446378961706,55.976607120844236
1470.0,49.088,2.7538526954174514,1.344174756201603,0.6401383824500002,0.28639541433550897,-0.22337144876298193,0.20484827545974063,0.008217967839998626,-0.00821698286604247,-0.4713705054586159,-0.2786783718156204,0.35415674453108803,-0.07279497085312034,-0.2838095130905064,0.7254758859569191,1.4168650464097472,0.9308517241700329,55.86456780857644,55.87721836960914,55.88941154973877,55.89728555380562
1471.0,49.120000000000005,2.762904251708118,1.3369901292597262,0.6468802252783258,0.2828611340833054,-0.22451959193362916,0.21068258838515058,0.008351540541536232,-0.008511959374942523,-0.4803814166126464,-0.2814969996374708,0.352064337973062,-0.07297710691018236,-0.28614454054719346,0.7288273802494626,1.407034416789422,0.9309098213987506,55.78813278566709,55.80067539405684,55.809447184889905,55.815494740139044
1472.0,49.152,2.771839404896342,1.329770064975254,0.6537799356180267,0.2792235371320314,-0.2256270088897809,0.21561594811567805,0.008632033399344234,-0.008778504401368032,-0.48947376830491107,-0.2840463574821364,0.34989853454522746,-0.07312234658167358,-0.28842321835603923,0.731979935680668,1.397261609285468,0.9310096273884209,55.70964493925299,55.72247665773455,55.72705530175258,55.73173102676663
1473.0,49.184,2.7806544400693407,1.3225144787284604,0.6608079721808277,0.27546984915623446,-0.22673707021232392,0.2196261425875533,0.00902082132866854,-0.00900980562440502,-0.49864266576350397,-0.2864437662494105,0.34767360199927666,-0.07325459084356364,-0.29072663289780154,0.7349192821290137,1.3875499725257798,0.9311461254177278,55.62935432201032,55.642760758662384,55.642745972478174,55.646471002419666
1474.0,49.216,2.7893454461126033,1.3152222333086128,0.6679342147327205,0.2715939388519246,-0.22788266937021298,0.22269507974662725,0.009479011455700443,-0.00919966514714296,-0.5078862944735083,-0.2887862500871998,0.3454050547994471,-0.07339150789705132,-0.2931121464606458,0.7376320730334545,1.3779013803782534,0.9313132872276331,55.547534811186516,55.56169499485177,55.557025726497834,55.56016912832636
1475.0,49.248,2.7979085324753874,1.307891468138236,0.6751280978053468,0.26759644883703365,-0.2290864115742963,0.22480884601959508,0.00996954310726389,-0.009342715794602132,-0.5172052191867149,-0.29114875705765547,0.3431093833214902,-0.07354477007050811,-0.295613881011149,0.7401059500959211,1.3683164148541789,0.9315045030198276,55.464488149444755,55.479479743111135,55.47038848726286,55.473257389410456
1476.0,49.28,2.8063400378529257,1.3005199046189482,0.6823587462231206,0.26348454304804364,-0.23036135997772159,0.22595776305540838,0.010458886651921203,-0.00943457293977138,-0.526601668870117,-0.293583640662503,0.340803734872729,-0.0737205620127851,-0.2982442459725394,0.742329608977305,1.3587945458374133,0.9317129852238523,55.38054500274444,55.39635058791799,55.383309204657024,55.38614604072362
1477.0,49.312,2.814636720380743,1.2931051140045924,0.6895951121040298,0.25927132899432404,-0.23171220669864404,0.2261364337784357,0.010918308936215992,-0.009471948159920944,-0.5360788427177363,-0.29612127049478165,0.3385055604676899,-0.07392029300655475,-0.30099632518549835,0.7442928627898795,1.3493342977708163,0.9319321286417044,55.296063105289676,55.31257848858958,55.296239950970104,55.29922478643306
1478.0,49.344,2.822795920945693,1.2856447386516148,0.6968061126926895,0.25497501765465924,-0.23313672978052424,0.22534376839559211,0.011324704966381932,-0.009452738083335417,-0.54564026703923,-0.29877161192492385,0.3362322437692229,-0.07414144631384043,-0.3038469217346267,0.7459867000284787,1.339933396449733,0.9321558145071359,55.21142300468034,55.22846826234965,55.20960803674873,55.21286401831824
1479.0,49.376,2.830815693318222,1.2781366617876386,0.7039607681452683,0.25061788664154633,-0.2346274019992803,0.22358298289311093,0.011661020425033156,-0.00937609034038329,-0.5552892270389078,-0.3015265937361086,0.33400072992805335,-0.07437850180044545,-0.3067600507450827,0.7474033340791191,1.3305888920650257,0.9323786507727542,55.127022156342456,55.14435564418266,55.12381564253594,55.12741598273164
1480.0,49.408,2.8386948969506998,1.2705791248023799,0.7110283382505208,0.2462251135149087,-0.23617303078930918,0.22086156578911578,0.011916307519417742,-0.009242440880726883,-0.5650282914180663,-0.30436306905897764,0.3318271719807133,-0.0746238741027728,-0.30969067021574487,0.74853624235935,1.3212972573597643,0.9325961453227842,55.04326817065792,55.060603175560054,55.0392405005262,55.04321590025112
1481.0,49.44,2.846433250407715,1.262970794316009,0.7179784570514868,0.24182354553175966,-0.23776032769911978,0.21719121253021034,0.01208546823485641,-0.009053513752385802,-0.574858941601887,-0.30724616921868114,0.3297266110567966,-0.0748688166371688,-0.3125884485875786,0.7493801942206157,1.3120544620484291,0.9328048126440777,54.96057193923872,54.97759517520031,54.956237244283756,54.960583125797754
1482.0,49.472,2.8540313454254607,1.2553107838197823,0.7247812644149345,0.23744046930451854,-0.23937532800705305,0.21258773010771803,0.012168745325007588,-0.008812275267859888,-0.5847813114360931,-0.31013285246244376,0.32771270404713004,-0.07510425106229021,-0.31540138460022166,0.7499312677529771,1.302856026405792,0.9330022176800803,54.879341212307246,54.895732050055635,54.87513913656618,54.8798224273689
1483.0,49.504,2.8614906234627107,1.247598636485959,0.7314075337501581,0.233102438664088,-0.2410046041820048,0.20707091672575997,0.012171023347780389,-0.008522838143968486,-0.5947940376184646,-0.3129754598532116,0.3257975089260435,-0.0753214916656195,-0.3180791190569076,0.7501868564181458,1.2936970581390228,0.9331869631016999,54.79997501386012,54.81542420566993,54.79625996355598,54.80122540856097
1484.0,49.536,2.8688133182319593,1.239834276839251,0.7378287952681855,0.228834211538994,-0.24263623895960018,0.20066442243833238,0.01210100068874447,-0.008190316314355425,-0.6048942160919767,-0.31572510827508105,0.3239913339084539,-0.0755128439018502,-0.3205758079499242,0.75014566691634,1.2845722773342785,0.9333586280551622,54.7228590993524,54.73708580598106,54.71989594134694,54.72507203341764
1485.0,49.568,2.8760023690239684,1.2320179394415327,0.7440174543612805,0.22465783725031083,-0.24426054367872232,0.1933955966592423,0.011970289611095426,-0.007820636406833307,-0.6150774552627868,-0.3183347744312192,0.32230265245076317,-0.07567206545878932,-0.3228524602067199,0.7498077098579254,1.2754760344748786,0.9335176676202613,54.64836250433302,54.66112861144896,54.646327519244366,54.651632155230445
1486.0,49.6,2.8830613106180247,1.2241500826621445,0.7499469048429368,0.22059192481423437,-0.24587052435585285,0.1852953275517378,0.011792495629563918,-0.007420316385076414,-0.6253380133242519,-0.3207619524919788,0.32073808206859333,-0.0757946864017692,-0.3248786791312595,0.7491742847091365,1.2664023263395634,0.9336652827857372,54.57683511340337,54.5879560931625,54.57582099022782,54.58116691702582
1487.0,49.632,2.8899941461812713,1.2162312950978547,0.75559163690327,0.21665111135147797,-0.24746211138408586,0.17639787688543268,0.011582320530928714,-0.006996224979268766,-0.6356690042512634,-0.3229707999956574,0.31930242137229725,-0.07587819194517578,-0.32663378239273544,0.7482479601951703,1.2573448140935544,0.933803270791168,54.50860610067718,54.517957983391575,54.50862983845092,54.51392988532485
1488.0,49.664,2.896805209803758,1.2082622013822577,0.7609273396981067,0.21284573820268665,-0.24903417861237692,0.1667407123386263,0.011354725686014493,-0.006555337030479846,-0.6460626552356681,-0.3249337199114886,0.31799873680172164,-0.07592207711905657,-0.3281073092154962,0.7470325509685515,1.2482968471715126,0.9339338652767768,54.443983053179494,54.45150538540817,54.44499577207641,54.450167797063756
1489.0,49.696,2.9034990252125197,1.200243373092001,0.765930998506285,0.20918173152382563,-0.250588384070549,0.15636433775558983,0.011124184368741505,-0.006104499783657035,-0.6565105974894002,-0.3266323596391695,0.3168284884765784,-0.07592778704083411,-0.3292989535248658,0.7455330909766047,1.239251495705318,0.9340595749099624,54.38325158098532,54.38894653146033,54.38514941036048,54.39012083542827
1490.0,49.728,2.9100801667966483,1.1921752493142157,0.7705809863699916,0.20566067450399547,-0.252128868055763,0.14531212074081587,0.010904043988946463,-0.005650223702951797,-0.6670041724323866,-0.32805803845017806,0.3157916834299286,-0.07589855971034401,-0.33021798683523246,0.7437558036600398,1.230201593347871,0.9341830281076074,54.32667523359262,54.330603250257404,54.32931061788654,54.33402239476198
1491.0,49.76,2.916553128407607,1.18405807026919,0.7748571500923712,0.20228005034248772,-0.2536618451570787,0.1336301163243772,0.01070601174766745,-0.005198508855925222,-0.6775347362458555,-0.32921164201000935,0.3148870443364118,-0.07583919031624273,-0.3308822536875359,0.7417080689298294,1.2211397914524822,0.9343068302314349,54.27449557217177,54.2767681845158,54.27768850509868,54.28209833946475
1492.0,49.792,2.922922204535016,1.1758918262517497,0.7787408904207931,0.1990336289814986,-0.2551951255449831,0.12136688526316984,0.010539770448009076,-0.00475471463914469,-0.6880939474997636,-0.33010304501281595,0.31411218263031804,-0.07575573707468566,-0.33131683499041453,0.7393983868154171,1.2120586247380234,0.9344334382795667,54.22693228361217,54.22770278284064,54.230481140096856,54.23456580077878
1493.0,49.824,2.929191387462119,1.1676762231139235,0.7822152362065182,0.1959119664720004,-0.25673759805709734,0.10857330580392263,0.010412725185663968,-0.004323476886251887,-0.6986740249054096,-0.33075013984831797,0.3134637665878109,-0.07565518874665929,-0.3315524806922288,0.7368363377393072,1.2029505878402127,0.9345650567030205,54.18418325918816,54.1836360745216,54.18787503710384,54.19163158514604
1494.0,49.856,2.935364282941899,1.1594106645932156,0.7852649123115119,0.19290298374310183,-0.2582987037720921,0.09530237828104014,0.010329876485614562,-0.00390867246780794,-0.7092679650206795,-0.33117756025120504,0.3129376773219168,-0.0755451133156077,-0.3316239132388602,0.7340325395117122,1.1938082215412946,0.9347035566040193,54.14642459509644,54.144764215616426,54.15004449635027,54.15349028778089
1495.0,49.888,2.941444045866482,1.1510942510120217,0.7878764010350724,0.18999259139323305,-0.25988792441233954,0.08160902261127587,0.010293811180665307,-0.0035134276131465747,-0.7198697127507528,-0.33141519410378273,0.31252914847878915,-0.07543330597959695,-0.33156809801381154,0.7309986012993734,1.1846242069911643,0.9348504192766902,54.11381050389362,54.111250765151695,54.11715086253996,54.12032221692199
1496.0,49.92,2.9474333363858887,1.1427257932371206,0.790037996855678,0.1871653287314408,-0.26151430546562787,0.06754986939391742,0.010304798933417745,-0.0031401626572697045,-0.7304742805488182,-0.3314965793738988,0.31223288831194523,-0.07532745272223332,-0.3314225674216542,0.7277470749449609,1.1753914658766293,0.9350067038728098,54.086473155688836,54.083227609421996,54.08934174173325,54.092291240191116
1497.0,49.952,2.9533342960159663,1.13430384028539,0.7917398543211155,0.18440498843994657,-0.26318602974161176,0.05318304579492758,0.010360979734327381,-0.002790663120635467,-0.7410778151547308,-0.3314572722628583,0.3120431853162535,-0.07523482337373645,-0.33122387258410274,0.7242914040480158,1.166103264245887,0.9351730379486644,54.064522495405534,54.060796402796036,54.066750172582765,54.06954266647724
1498.0,49.984,2.9591485424972954,1.1258267185777142,0.7929740289633578,0.18169520254151436,-0.2649100533648386,0.0385679575700673,0.010458625881180003,-0.0024661654159665865,-0.7516776133709124,-0.3313332678935056,0.3119540002276604,-0.0751620053393352,-0.33100622192068146,0.7206458711397747,1.1567533175308005,0.9353496287970645,54.04804610357623,54.04403034517194,54.04949369920583,54.05220127371883
1499.0,50.016,2.9648771815513175,1.1172925805608496,0.7937345111534942,0.17901997043821033,-0.26669181302704953,0.02376506844176727,0.010592460761793696,-0.0021674454631043006,-0.7622720906590018,-0.3311595422749411,0.3119590476616259,-0.07511468616571565,-0.3308003502352441,0.7168255431034469,1.1473358942092997,0.9355362928050952,54.03710917498729,54.03297608452975,54.03767325937886,54.04036958167762
1500.0,50.048,2.970520833235707,1.1086994602240516,0.7940172528375199,0.17636411513715614,-0.26853501052490536,0.008835677625800408,0.010756016143635269,-0.0018949002935921356,-0.7728607081827054,-0.33096877082768916,0.31205186993355566,-0.0750974899711157,-0.33063264624196764,0.7128462147571295,1.1378459154999911,0.9357324996083822,54.03175467341231,54.02765553514533,54.03137180454149,54.034126444465585
1501.0,50.08,2.976079670321461,1.1000453329289368,0.7938201871012295,0.17371365892982463,-0.27044147797236834,-0.006158304259076109,0.010942009591727619,-0.0016486161488619851,-0.7834438652925466,-0.33079026436945475,0.3122259040903905,-0.07511386967419886,-0.33052455145783194,0.7087243503033317,1.1282790484780252,0.9359374275331419,54.032003678605875,54.02806744700463,54.03065261913511,54.033525999089875
1502.0,50.112,2.9815534659795158,1.0913281769517467,0.7931432405027207,0.17105611431419449,-0.27241112428716135,-0.021154581203397936,0.011142724125415926,-0.0014284209256246602,-0.7940227653444886,-0.3306491489502637,0.31247454151739873,-0.0751660541260294,-0.33049222961285624,0.704477022232549,1.1186317900547247,0.9361500267169399,54.03785588270438,54.0341886439043,54.03555739773199,54.03859695918244
1503.0,50.144,2.9869416480473134,1.0825460342171558,0.7919883380904932,0.1683806896186959,-0.2744419604559952,-0.03609070038211296,0.011350373363179032,-0.0012339230151615758,-0.8045992631827567,-0.3305658019511514,0.3127911784099116,-0.07525504687679667,-0.33054649358461136,0.7001218472958138,1.108901539390857,0.9363690863601505,54.04929013889215,54.04597494304143,54.04610423823472,54.04934220061928
1504.0,50.176,2.9922433572171876,1.0736970678912852,0.7903594010037689,0.1656784115585489,-0.276530197683426,-0.05090428396012841,0.011557437252380318,-0.0010645414913363846,-0.8151757026261676,-0.3305555439474657,0.3131692553209636,-0.07538067149952665,-0.33069296664821224,0.6956769193312413,1.0990866565321558,0.9365933027599103,54.0662649406892,54.06336184509269,54.06228577719222,54.065738563591715
1505.0,50.208,2.9974575066259526,1.0647796147990225,0.7882623365396944,0.1629421690239232,-0.27867040913323887,-0.06553326450233654,0.011756956012001458,-0.0009195334936148489,-0.8257547519168869,-0.3306285743926953,0.3136022849307617,-0.07554165716077643,-0.3309324467638167,0.691160738992177,1.089186505373759,0.936821345091284,54.08871873039347,54.086265115322504,54.08406769782529,54.08773680238073
1506.0,50.24,3.0025828405152004,1.0557922310230257,0.7857050205767818,0.16016668403897744,-0.28085574299986976,-0.07991612384100769,0.01194277297548169,-0.000798023500243865,-0.8363392443741738,-0.33079012950872366,0.31408386867347915,-0.07573575737868278,-0.3312614368350285,0.6865921407015834,1.079201479469816,0.9370519163000848,54.11656999353447,54.11458135741425,54.111387780194335,54.11526164561978
1507.0,50.272,3.007617989869976,1.0467337294999137,0.7826972722676176,0.15734841733675353,-0.2830781725972793,-0.0939921346613907,0.012109720345812959,-0.0006990366622077541,-0.846932030511217,-0.3310408330920554,0.314607704344028,-0.07595989452189826,-0.3316728003901608,0.6819902173739464,1.0691330096812315,0.9372838069329289,54.1497171681804,54.14818862908814,54.14415556179685,54.14821197008153
1508.0,50.304,3.012561523229969,1.037603208914252,0.7792508209538593,0.15448541749976333,-0.28532876830189846,-0.10770160355493526,0.012253745164275893,-0.0006215355121969799,-0.8575358466997814,-0.3313772053867558,0.3151675877811011,-0.07621032245960942,-0.33215650087590054,0.6773742435569312,1.0589835531628955,0.9375159402293732,54.18803845404457,54.186947090180055,54.182252575723524,54.186461121544625
1509.0,50.336,3.0174119912017656,1.028400073662387,0.7753792653068778,0.15157712411866256,-0.28759797662080955,-0.12098611396818504,0.012371975793508351,-0.0005644571373806496,-0.8681532041884361,-0.3317922917585488,0.3157574120244968,-0.07648279981922547,-0.3327003835031268,0.6727635976441826,1.048756563694214,0.9377474073174406,54.23139162843688,54.23069963405473,54.22553306406843,54.22985742542889
1510.0,50.368,3.022167963577679,1.0191240450816084,0.7710980247511476,0.1486241367472774,-0.2898758931493018,-0.1337887673665539,0.012462731769874892,-0.00052674686048741,-0.8787863009736039,-0.332276371549206,0.316371167021793,-0.07677276652416082,-0.33329096106199374,0.6681776837247119,1.0384564438220647,0.9379774918687632,54.279613963618964,54.27927244255749,54.273825038830005,54.278224917942616
1511.0,50.4,3.026828058374083,1.0097751644923274,0.7664242832788452,0.14562796238763936,-0.29215251841506223,-0.14605442100946872,0.012525481941842052,-0.0005073846582282871,-0.8894369577550747,-0.3328177080241806,0.3170029422839285,-0.07707551669073376,-0.33391416899007437,0.6636358535053023,1.0280884796937533,0.9382056840661043,54.33252230660023,54.332475419380934,54.326931573170775,54.33136430425366
1512.0,50.432,3.0313909625219853,1.00035378887107,0.7613769258094903,0.1425907546219303,-0.2944179881642587,-0.15772992091732008,0.012560757405155434,-0.0005054016363297369,-0.9001065780301337,-0.33340330250191774,0.3176469340765212,-0.07738636156720234,-0.3345560598973009,0.659157328611478,1.0176587598015732,0.9384316841988141,54.38991334495334,54.39010248528436,54.38463223569018,54.389054124940685
1513.0,50.464,3.035855444353562,0.9908605801593646,0.7559764672866599,0.13951505723679297,-0.29666277224082793,-0.16876432883846992,0.012570026925854101,-0.0005198854035463538,-0.9107961313304127,-0.33401961928572715,0.3182974579971909,-0.07770077700448429,-0.33520341339386217,0.6547611234682892,1.007174079142142,0.9386553966170902,54.45156405344223,54.45193174880304,54.44668461263151,54.45105209370325
1514.0,50.496,3.040220358409199,0.9812964893241957,0.7502449747353741,0.1364035642386338,-0.2988778385989965,-0.1791091422276612,0.012555543356469249,-0.000549974713478206,-0.9215061577087565,-0.33465325260341316,0.3189489671746111,-0.07801453092532028,-0.33584424313215244,0.6504659688978719,0.9966418305203093,0.9388769151317673,54.51723230083458,54.51772559005781,54.51282588803063,54.51709656092237
1515.0,50.528,3.044484643421287,0.9716627363290893,0.7442059825303105,0.13325890662777087,-0.3010547810971076,-0.18871850640825996,0.012520170027853073,-0.0005948449853282316,-0.9322367908568359,-0.3352915120948929,0.3195960758767093,-0.07832378737405331,-0.3364681891839463,0.6465460526301273,0.9860698849082511,0.9390965012329395,54.629227947432334,54.62980106441274,54.6253448208815,54.62947841225732
1516.0,50.56,3.0486471560440496,0.9619606807507052,0.7378996347577069,0.13007851946131233,-0.30318923682446935,-0.19707336789383814,0.012467183325009306,-0.0006536980122351931,-0.942987812580872,-0.33592340160513584,0.3202341440059455,-0.0786279704730718,-0.3370777125486553,0.6430965263145121,0.9754672741683228,0.9393143700357518,54.75779951994382,54.75853562687454,54.75416288999548,54.75804402683884
1517.0,50.592,3.052706766098773,0.9521918774067678,0.7313720546132401,0.12686281421012144,-0.3052751044980765,-0.20398687951461184,0.012396876944239152,-0.0007249565108743478,-0.9537588609374363,-0.33654474136912405,0.32085837750140567,-0.07892502946740979,-0.33766937327794955,0.6400609431567706,0.9648430964982396,0.939530790429647,54.87717819796655,54.87801701591963,54.87395630715367,54.87761601683588
1518.0,50.624,3.0566624666200144,0.9423581264567101,0.7246661972899286,0.1236156412887796,-0.3073047171892679,-0.20955804135345826,0.012311252138637712,-0.0008073881337438434,-0.9645494468855632,-0.3371514288305754,0.3214640245516567,-0.07921132348191809,-0.3382332208113742,0.6373896299779582,0.9542058112583146,0.9397461959605068,54.98806014962943,54.98891294363477,54.985468403500946,54.98894277741881
1519.0,50.656,3.060513370458504,0.9324614485805047,0.7178220855193258,0.12034074495281759,-0.309271183631453,-0.21387849283136248,0.012214539069497321,-0.0009002367811260699,-0.9753588549439456,-0.3377361900876005,0.3220466706179807,-0.07948361204603108,-0.33876071176485045,0.6350388743806032,0.9435631975262176,0.9399611628109917,55.091166265347056,55.09199846427967,55.08923208327532,55.09249797105171
1520.0,50.688,3.064258684972264,0.9225040515320442,0.7108770165118877,0.11704107855498103,-0.3111686577643573,-0.2170334064824156,0.012111250416346421,-0.0010027782227650793,-0.9861861152582784,-0.33829103688228757,0.3226022048925054,-0.07973938048370359,-0.33924604648232015,0.6329702094549309,0.9329223207860083,0.940176365369347,55.18706826461265,55.187861700230854,55.18576948295275,55.18879608573468
1521.0,50.72,3.0678976826085496,0.9124882961623383,0.7038657441434754,0.11371867613393791,-0.3129923553033436,-0.21910226151291065,0.012005686680468464,-0.0011142258456290596,-0.9970300398345057,-0.338809142422481,0.3231268537150537,-0.07997688390606497,-0.339686275101173,0.6311497843203392,0.9222895106452913,0.9403925289747185,55.27625691043658,55.27700616373168,55.27554791352204,55.278307190941696
1522.0,50.752,3.0714296719854155,0.9024166640513815,0.6968206396597286,0.11037466802704829,-0.31473850346736293,-0.22015951511706078,0.01190170436687968,-0.0012336915263711438,-1.007889289094343,-0.3392857707829035,0.323617222842893,-0.08019511140818708,-0.34008107152542644,0.6295478102018985,0.9116703492482954,0.9406103849326749,55.359161406678844,55.35987264867382,55.358980861620545,55.361450822595664
1523.0,50.784,3.0748539717700476,0.892291727675845,0.6897718337807864,0.10700936826976494,-0.3164042617355528,-0.22027518371696764,0.011802563166115299,-0.0013601642192188385,-1.0187624483458244,-0.3397185826167455,0.32407033926166273,-0.08039371183965441,-0.34043235827002527,0.6281380729776708,0.9010696695937925,0.9408306302823347,55.43615935227277,55.43684850619144,55.43643525128289,55.43860119997734
1524.0,50.816,3.0781698889661957,0.8821161236316494,0.6827473427555312,0.1036224123796165,-0.3179876263810768,-0.21951534453920243,0.011710825773700513,-0.001492501038888985,-1.0296481022164963,-0.3401075693430908,0.32448368903690816,-0.0805728955107677,-0.34074384606367436,0.6268975042203503,0.8904915629410781,0.9410538939984437,55.5075842862967,55.50827452181479,55.50823856628275,55.510093437646994
1525.0,50.848,3.081376702748684,0.8718925291606994,0.6757731806150706,0.10021293070276431,-0.3194873272172228,-0.21794256688941582,0.011628306446637168,-0.001629429933721667,-1.040544900055557,-0.34045476901183963,0.3248552489787049,-0.08073332133498062,-0.34102052946586725,0.6258058037139083,0.8799393944869975,0.9412807107625504,55.57373210314238,55.5744510023846,55.574685005943756,55.57622914851766
1526.0,50.88,3.084473654519547,0.8616236420068675,0.668873459604936,0.09677974283946483,-0.32090272355721083,-0.21561628156668167,0.011556065662127801,-0.0017695630467381063,-1.0514516083287624,-0.3407638579272335,0.32518351042759064,-0.08087597762594997,-0.3412681729039144,0.6248451072682393,0.8694158264783559,0.9415115029160509,55.63486665292793,55.635643341452756,55.63604068141877,55.63728125280067
1527.0,50.912,3.0874599444020525,0.8513121634411498,0.6620704805323255,0.0933215588283068,-0.32223370517871297,-0.21259309601910203,0.011494446459437008,-0.001911419312984435,-1.0623671480311487,-0.34103968055244144,0.32546749393228147,-0.08100206392503234,-0.34149281687794375,0.6239996943960506,0.8589228478951588,0.9417465707056004,55.69122465780542,55.692087121189786,55.692547967525215,55.693498049442866
1528.0,50.944,3.090334733958451,0.8409607841535894,0.6553848145466962,0.08983717363743698,-0.323480602736225,-0.20892706205089423,0.011443146193734583,-0.002053454365087266,-1.0732906165876783,-0.3412877628569383,0.3257067540370023,-0.08111288026605544,-0.3417003292450324,0.6232557310685246,0.8484618098133879,0.9419860904701088,55.74302002624149,55.74399277143201,55.744429128438064,55.74510664879991
1529.0,50.976,3.0930971545382273,0.8305721726125637,0.6488353776770813,0.08632564311802489,-0.32464411065709115,-0.20466990217548642,0.011401316044865483,-0.0021940955216134673,-1.084221294811163,-0.3415138434850104,0.3259013738645791,-0.08120972912439936,-0.34189602116422746,0.6226010433403016,0.8380334655408607,0.9422301200206609,55.790447627447946,55.791549795937556,55.79188932651752,55.792315868744765
1530.0,51.008,3.095746320354552,0.8201489654399322,0.6424394992756753,0.08278643176013362,-0.3257252241446965,-0.19987120004391468,0.011367679810913136,-0.002331779524376862,-1.095158640330015,-0.3417234491624473,0.32605194961478645,-0.08129383398053183,-0.34208434161473317,0.6220249181394655,0.82763801462211,0.9424786101473815,55.83368657679583,55.83493057123843,55.835119114164,55.83531868953054
1531.0,51.04,3.098281345160128,0.8096937593401665,0.6362129853625589,0.0792195251742654,-0.3267251906177138,-0.19457855978491082,0.011340663280035631,-0.0024649907524481873,-1.106102269522227,-0.34192153394375063,0.32615956551237,-0.0813662770373049,-0.3422686586496027,0.6215179279627296,0.8172751498309024,0.9427314209612353,55.87290307586962,55.874293721938194,55.87429649938401,55.874294352138854
1532.0,51.072,3.100701361255943,0.799209104147481,0.6301701777291612,0.07562550299420309,-0.32764547477138484,-0.1888377385436572,0.011318525772405559,-0.002592297842287394,-1.1170519304129292,-0.3421121955941182,0.32622576008310944,-0.08142795723946976,-0.3424511299972644,0.6210717766072021,0.8069441063120907,0.9429883416481818,55.90825284598694,55.90978707736518,55.909588666285586,55.90941017251993
1533.0,51.104,3.103005539517501,0.7886974966100847,0.6243240095365414,0.07200557067369677,-0.32848773554367144,-0.18269275601938695,0.011299486205316917,-0.002712386948494612,-1.1280074692235413,-0.3422984764533515,0.32625248493252396,-0.08147956844059392,-0.34263266053065683,0.6207019974081344,0.796643712096025,0.9432491121759273,55.94368299610185,55.94535002277261,55.94495322646325,55.9446229361017
1534.0,51.136,3.1051930933156497,0.7781613712764491,0.6186874510521664,0.0683610561921434,-0.32925391667607473,-0.17614245263670072,0.011281837309988968,-0.002824089695013178,-1.1389687937086042,-0.3424822630971883,0.3262420179991275,-0.08152181686466245,-0.34281386993136387,0.6206491587468348,0.7863723278693725,0.9435134293627455,56.01665208971527,56.01844517839175,56.01783231448561,56.01736565314582
1535.0,51.168,3.107263140120752,0.7676030663619424,0.6132872526255914,0.06468896265945258,-0.32994702857837105,-0.16875620083048798,0.011263759182552884,-0.002926324957737766,-1.1499358542335694,-0.3426648706030385,0.32619651075552714,-0.08155736597697652,-0.3430034061448804,0.620909783068583,0.7761266415518543,0.9437808091343375,56.08668880732802,56.08869862857776,56.08753206830606,56.08687638922369
1536.0,51.2,3.1092148893927143,0.757024857698809,0.6081490799362532,0.06099216474881469,-0.33056902072288225,-0.16056789654179887,0.01124082872430441,-0.0030174436883310908,-1.1609087613999667,-0.34285152785948314,0.32611884589120677,-0.0815862637899871,-0.34319861242377814,0.6214794021402756,0.76590255755415,0.9440507824359139,56.153278343981704,56.15540345550986,56.15402478840408,56.15328801513311
1537.0,51.232,3.111047690581406,0.7464289582216305,0.6032974076857968,0.057275037146620945,-0.3311218586618658,-0.15161475782678116,0.011211423369350604,-0.003096642203459619,-1.1718876633429502,-0.3430431265926266,0.32601226928138566,-0.0816079337095453,-0.34339393582561684,0.6223525376050003,0.7556952790894962,0.9443229476565257,56.21623912477308,56.218428705084236,56.21696783982546,56.21618149644627
1538.0,51.264,3.1127610513977517,0.7358175121323592,0.5987554165616302,0.05354252551079919,-0.3316076902896887,-0.1419372226301883,0.011174898445826083,-0.0031634521332604567,-1.1828726265741656,-0.3432369988812575,0.32588021470591977,-0.08162159550409458,-0.34358279762171257,0.6235226886933708,0.7454994024044929,0.9445969932559771,56.275334794853244,56.277539408045534,56.276092592486584,56.27527117425611
1539.0,51.296,3.114354645247697,0.7251925875946177,0.5945448943508215,0.04979980781079911,-0.3320288918044601,-0.13157881908778804,0.011131252112578071,-0.0032176668795863214,-1.1938635657947945,-0.3434283031460467,0.3257262038469458,-0.0816264143636472,-0.3437582904009478,0.624982326905272,0.735309022889952,0.9448727097994959,56.33033122441068,56.332497505526796,56.33115166345133,56.330305331354815
1540.0,51.328,3.1158283111478693,0.7145561691161069,0.5906861418601125,0.04605205938037522,-0.332388077453426,-0.12058601533464258,0.011081017937260905,-0.0032593403814216585,-1.2048602068790801,-0.3436110384256879,0.32554521661583113,-0.08161942526719132,-0.34391352898556626,0.6267228511844337,0.7251178521143733,0.945149994787637,56.381684082739305,56.38266433574167,56.38121993938129,56.38144964861842
1541.0,51.36,3.117182047106524,0.7039101504257996,0.5871978813897925,0.042304248707968554,-0.33268808407213774,-0.10900813969751282,0.011022958351868574,-0.0032977381351057054,-1.2158621695806646,-0.34377869616544987,0.325349339567917,-0.08160230321322412,-0.34404302980326357,0.6287346865754445,0.7149193449629526,0.9454288512759045,56.42725252450718,56.4289779815696,56.42802747242523,56.42735934991407
1542.0,51.392,3.11841598694397,0.6932564241478956,0.5840971766851966,0.03856061992017336,-0.3329289461844647,-0.09689702201861077,0.010960444167145728,-0.0033261346106602005,-1.226868706244126,-0.3439253256199163,0.3251391917906204,-0.0815738656661733,-0.344141348237444,0.6310072569204993,0.7047069297557018,0.9457093782325356,56.46865551063087,56.4702197825725,56.46956633136,56.468866149888484
1543.0,51.424,3.1195303918964594,0.6825967994640493,0.5813993568779601,0.03482515476530385,-0.3331132713702333,-0.0843068689761496,0.010895096798205632,-0.0033450595014339534,-1.23787896825866,-0.3440452438628078,0.32491758535323206,-0.08153376105260143,-0.34420415451145847,0.6335290070527828,0.6944740717406058,0.9459917567766781,56.50516751020783,56.506535204340075,56.506208595651664,56.505476544114025
1544.0,51.456,3.120525630939987,0.6719329974495223,0.5791179474953397,0.03110122011023771,-0.3332438129539312,-0.07129404320687753,0.010828641947105344,-0.0033551880779768162,-1.2488919508761371,-0.3441335147904338,0.3246872092649028,-0.08148190179998135,-0.3442282923878979,0.6362874313323398,0.6842144168318491,0.9462762351967353,56.536632695193894,56.53777865886446,56.537794998169424,56.5370281448887
1545.0,51.488,3.1214021592156853,0.6612666483712283,0.577264609007675,0.027391508615570957,-0.3333234086967243,-0.05791682773953074,0.010762826354468014,-0.003357286291097379,-1.2599065241377936,-0.3441861902127078,0.3244505923412401,-0.08141846743819472,-0.3442118352032216,0.6392691083558589,0.6739219376248319,0.9465631122007829,56.56291801000845,56.56382414261483,56.56418402639877,56.56338047375446
1546.0,51.52,3.1221604956688758,0.6505992907835899,0.5758490833355701,0.02369801416219909,-0.3333549246136618,-0.04423517725327319,0.010699323315965823,-0.003352186033003809,-1.2709214685927355,-0.34420044905568264,0.3242100812921395,-0.0813438957362397,-0.34415407889758637,0.6424597416038766,0.6635910792885401,0.946852719390723,56.58391100341715,56.58456627770418,56.58525596762862,56.58441521270921
1547.0,51.552,3.122801201030412,0.6399323725197075,0.5748791486897126,0.020022042548003535,-0.333341195746363,-0.03031045768304972,0.010639649195342769,-0.003340761849227367,-1.2819355128762262,-0.3441746546212147,0.3239678240817762,-0.08125885960696311,-0.344055472256424,0.6458442057783603,0.6532169032590511,0.947145404000418,56.59952036435126,56.59992052880997,56.60091399460169,56.600037100683814
1548.0,51.584,3.123324857166248,0.6292672535814562,0.574360583065148,0.01636425424487814,-0.33328496682031533,-0.016205175767639985,0.010585096094574408,-0.0033239096308719427,-1.292947370865305,-0.3441083401774108,0.323725758226548,-0.08116423201775755,-0.34391749310063063,0.6494065985793496,0.6427952266748379,0.9474415128302681,56.60967647933849,56.60982351273731,56.61108497914272,56.61017455743678
1549.0,51.616,3.1237320486553757,0.6186052108363161,0.5742971366593825,0.012724734035242394,-0.33318883578566305,-0.001982700180172072,0.010536683127943758,-0.00330252751891129,-1.3039557764300882,-0.34400213248130096,0.3234856035521443,-0.08106104184169029,-0.3437424822419226,0.6531302976655354,0.6323227555417402,0.9477413781442134,56.61433195543836,56.61423332252281,56.61572008897855,56.61478012093659
1550.0,51.648,3.1240233472555916,0.6079474443411182,0.5746905134307442,0.009103081256746729,-0.333055202974897,0.012293024105049939,0.010495127151490485,-0.0032774991705760317,-1.314959514147256,-0.3438576242310792,0.32352622664161457,-0.07975827440271904,-0.33839153692574264,0.6569979060275258,0.6217972096939103,0.9480233472555915,56.67703058807172,56.70185692571658,56.56147173375708,56.51478104689088
1551.0,51.68,3.124199299558961,0.5972950850465545,0.5755403746674195,0.005498509480298447,-0.3328862279551542,0.02655816364610598,0.009207501978715924,-0.002966425473826951,-1.3258634445030326,-0.3408288468196558,0.32374398810883515,-0.07770782279802174,-0.329800858946904,0.6609912635996738,0.6112174355606016,0.948199299558961,56.66664554830497,56.67460438063394,56.56984001859037,56.5177692347704
1552.0,51.712,3.124273906153365,0.5866494989085168,0.5768444207223512,0.0023314560751161615,-0.33267456681364016,0.04075143921661197,0.0068746823049474345,-0.0024189942261040173,-1.3365697634940685,-0.334701439981884,0.32398980207138983,-0.07553633503368731,-0.32067354770453405,0.6650920800814945,0.6005820829177597,0.9482739061533647,56.61510670490974,56.59170152424114,56.603201483894914,56.57049509545413
1553.0,51.744,3.124272437116161,0.5760118615861506,0.5785983665699467,-4.590741262134274e-05,-0.3324261663239811,0.05481080773736456,0.004403228044725563,-0.001840656976694152,-1.3470272979419975,-0.32689717305851845,0.3242819413023023,-0.07310486091274368,-0.3104213053238301,0.6692818369932648,0.5898893983994283,0.9482724371161608,56.588313272905715,56.55222823011976,56.59982599778461,56.570007569631805
1554.0,51.776,3.124221649488887,0.5653828006550763,0.5807958698638592,-0.0015871133523108095,-0.3321581540960346,0.06867197793475951,0.0020499414440786146,-0.0012936891037615913,-1.3571929828563274,-0.31773373149824136,0.3246110135200818,-0.07040493731088616,-0.29901495691621105,0.6735415795184924,0.5791380627510586,0.9482216494888869,56.56220356104723,56.517576905736505,56.584603737284695,56.55435529426728
1555.0,51.808,3.124146991284613,0.5547624358455653,0.5834285275009514,-0.002333068883559032,-0.3318864002972555,0.08227055115914016,-6.200843570572257e-05,-0.0008097429593118248,-1.3670269056015356,-0.3073274546967237,0.3249653615207156,-0.06746638219351314,-0.2865841984497533,0.6778518996228828,0.5683275840684794,0.948146991284613,56.53224985861806,56.48139680638181,56.562194892713634,56.53007491996199
1556.0,51.84,3.124071253230346,0.5441505051600868,0.5864859161766451,-0.002366814195853008,-0.331622833921166,0.09554339611541798,-0.0018524487719763958,-0.00040494756225994873,-1.3764928817683215,-0.295801790540583,0.3253350170343955,-0.06433721244813355,-0.2733327952438446,0.6821930466402671,0.5574586022830993,0.9480712532303457,56.49776356048558,56.442749016192494,56.533339078275304,56.49847764138143
1557.0,51.872,3.124013705492628,0.5335464701516746,0.5899556529872003,-0.001798366803682148,-0.33137609401291857,0.1084292753298613,-0.0032691228680596057,-8.340939547393335e-05,-1.3855600633932976,-0.28332477360347197,0.3257126760906479,-0.06107621106879361,-0.25950824141952405,0.6865450893491755,0.5465331171561837,0.9480137054926279,56.45879207818486,56.40153667184481,56.49810648341047,56.46009576101471
1558.0,51.904,3.1239895545315113,0.5229495794269065,0.5938234708827422,-0.0007547175348981127,-0.3311528351489662,0.12086930923567128,-0.004285008879624083,0.00016014444543732917,-1.3942044597731296,-0.2701084313620812,0.32609368523936705,-0.05774768213196848,-0.24538094115356068,0.6908880842062097,0.5355546349910358,0.9479895545315111,56.41554164453578,56.357714471059026,56.456515255833,56.41543246847567
1559.0,51.936,3.1240096840552005,0.5123588943067677,0.5980733042104553,0.0006290476152887718,-0.3309589100043715,0.13280729149104947,-0.004896805969295423,0.00033721597441193935,-1.4024100145438176,-0.256396924473091,0.3264756043595491,-0.05441688772958488,-0.23122603511000234,0.6952022182567602,0.524528236502955,0.9480096840552004,56.36823606405578,56.31118095236883,56.40867607699403,56.36504763122862
1560.0,51.968,3.1240806555216403,0.5017732914441698,0.6026873795762384,0.002217858326241969,-0.33080008945614764,0.14418985518070468,-0.005122628591777439,0.00046228068258247885,-1.4101691377135213,-0.24245117618405457,0.32685761993264295,-0.05114612326233002,-0.21730742452098542,0.6994679125378707,0.5134605772035535,0.9480806555216401,56.317064084838144,56.26179306797351,56.35483286481904,56.30952887503141
1561.0,52.0,3.1242049361186965,0.4911914600197007,0.6076463082602152,0.003883768658008863,-0.3306822320146962,0.15496652137429012,-0.004998716835552664,0.0005499949811132407,-1.4174827053829482,-0.22853318157829902,0.3272399741503929,-0.04799153773990152,-0.20386441068665778,0.7036658881706782,0.5023598358947654,0.9482049361186964,56.26216191204651,56.20939807884923,56.29536354108558,56.24945229071628
1562.0,52.032000000000004,3.1243813137097534,0.48061190815084553,0.612929178177228,0.005511799720525006,-0.3306109959016872,0.16508968490663395,-0.004575392633247779,0.000613228300565254,-1.424359593696144,-0.21489165364961016,0.3276234980000887,-0.04500075239118391,-0.19110130284300916,0.7077772083566573,0.4912356261790853,0.9483813137097532,56.20361984989383,56.1538616145425,56.230757675647276,56.18535450777221
1563.0,52.064,3.1246054525470597,0.4700329869666199,0.618513645295318,0.007004338665823278,-0.33059128700708806,0.17451459744033232,-0.003912620468131348,0.0006620166505219061,-1.430815835358079,-0.20174993548674874,0.3280092758191486,-0.042211271170954884,-0.17918016576292412,0.7117833134579094,0.48009888211158525,0.9486054525470595,56.14150454918,56.09508762972263,56.161582028356946,56.117719868919025
1564.0,52.096000000000004,3.1248705414204743,0.45945293398352977,0.6243760259714501,0.008284027294204927,-0.3306266557215291,0.18319939612910746,-0.0030755455980639905,0.0007033217885879047,-1.4368734926029394,-0.18929667478824547,0.3283984287473718,-0.039649637897385924,-0.16821670677692505,0.7156660641502507,0.46896172438451833,0.9488705414204741,56.075887514200275,56.03303049278351,56.08844343278044,56.04698058215192
1565.0,52.128,3.12516798718853,0.4488699318700277,0.6304913924997607,0.009295180251737614,-0.33071881604697545,0.19110520400972644,-0.0021303297523342815,0.0007413586696565935,-1.4425593393109077,-0.17767946609616653,0.3287919852834676,-0.03733127150381814,-0.15827914835212553,0.7194078016824627,0.457837309387333,0.9491679871885297,56.00687176981195,55.967701046813346,56.01195585630434,55.97352530832677
1566.0,52.160000000000004,3.1254881107260926,0.43828217538173525,0.6368336742169488,0.010003860548833945,-0.3308673902591025,0.1981963036621057,-0.0011405169558912417,0.0007782229233965383,-1.4479034414415537,-0.1670014541331303,0.3291908038809064,-0.03526089484836694,-0.14938979441526304,0.7229914272631095,0.4467396609921427,0.9494881107260924,55.93461143769011,55.89916881893403,55.93271524922962,55.897711229114236
1567.0,52.192,3.1258208083996477,0.42768793831316754,0.643375765913291,0.010396802298599551,-0.3310699083927775,0.20444036551071731,-0.00016406890257292093,0.0008145862799592368,-1.4529377198298556,-0.15732072623012872,0.3295955185222111,-0.03343345919655166,-0.14152888124423274,0.726400496681744,0.43568348412812985,0.9498208083996476,55.85932211439593,55.827562123624666,55.85128299223688,55.81987560306455
1568.0,52.224000000000004,3.126156149419742,0.41708563328064524,0.6500896443232373,0.010479406877940627,-0.3313220322662847,0.20980870031079857,0.0007488712871647633,0.0008502995655486771,-1.4576945718048973,-0.1486521886403702,0.3291051055394947,-0.031748499936684584,-0.13464021710456192,0.7295955843010302,0.42468395979060675,0.9501561494197417,55.8404776572914,55.69708252535999,55.701081127123544,55.788428372911724
1569.0,52.256,3.1264848880405243,0.4064738606212189,0.6569450601307923,0.010273081899451773,-0.33161789560711047,0.2142317439861173,0.001469460524830739,-4.7337444149854323e-05,-1.4622064503703667,-0.1409652562808807,0.32006808725725033,-0.029492006326578928,-0.12863684474541617,0.7323323399058915,0.413756606244415,0.9504848880405241,56.263198884341314,55.12321087840886,55.029284314286336,56.11995867407693
1570.0,52.288000000000004,3.126798757447091,0.3958609499347395,0.6638981855579664,0.009808418955202803,-0.3316534589524425,0.21728516959916563,0.0012507909739224016,-0.009951279933009032,-1.4665046478019605,-0.13389776182042015,0.31165613407754306,-0.027540710382186723,-0.12339592682675184,0.7346268533432764,0.40292677365243074,0.9507987574470906,55.59353319953578,55.45661267839504,55.456022846436746,55.55093602760281
1571.0,52.32,3.1270896028051562,0.3853466702306858,0.6709039312919907,0.00908891743954632,-0.3285712407517149,0.21892955418828156,0.0008663554041717526,-0.02078973458773255,-1.470617678104991,-0.1281604697396083,0.30316093091352736,-0.025763507057481774,-0.1186909309590574,0.7365480942208342,0.3923084430048128,0.9510896028051561,55.32551375527742,55.49026354675747,55.50820221243982,55.30557426583757
1572.0,52.352000000000004,3.1273508618130306,0.3750395944753727,0.6779217934768722,0.008164343996071773,-0.32209611735349797,0.2193081932775236,0.000476408046943923,-0.030151544273363376,-1.4745612937893293,-0.12300308336056068,0.29449727050617425,-0.024123788467223305,-0.11442573242923562,0.7381689471146315,0.3820220920003858,0.9513508618130304,55.176714375977376,55.44784187202236,55.4688984835661,55.163461583795815
1573.0,52.384,3.1275783240350896,0.36503291403442706,0.6849156326129049,0.007108194439346078,-0.3127087637795863,0.21855747300104553,0.00011638149066640723,-0.037199367613405546,-1.4783522653625492,-0.1183362900278614,0.2857568510703531,-0.02260392932217399,-0.11051264170211014,0.7395526673061357,0.37217047963243444,0.9515783240350895,55.07681642030898,55.38477129379137,55.40597373953289,55.066724272747486
1574.0,52.416000000000004,3.127770307129491,0.35539632664295207,0.6918538908797218,0.005999471700045994,-0.30114335598355985,0.21682057083800488,-0.00020336416785370266,-0.04165328688466809,-1.482005581692224,-0.11408388063161412,0.2770726355704346,-0.021190195098449507,-0.10686236024586931,0.7407499231565576,0.36283035433526334,0.951770307129491,55.00691781540758,55.3138570298324,55.334593685597106,54.9987683896293
1575.0,52.448,3.1279274905274046,0.34617350644358846,0.6987094980218095,0.004911981184796951,-0.2882131312301443,0.214237723190263,-0.0004789518700037324,-0.043534229374465716,-1.4855333449631625,-0.11016282651581223,0.26859282063168183,-0.019870619811136664,-0.10338430414301988,0.741798197821993,0.35404984579084303,0.9519274905274044,54.95798807836208,55.23934625468813,55.25955101718887,54.951078751371654
1576.0,52.480000000000004,3.1280525482051353,0.337382512498106,0.7054594255009543,0.003908052429085325,-0.2747185607962955,0.21093523372325215,-0.000708879010038996,-0.04305662182008239,-1.488944382410997,-0.10648625487857054,0.2604777932241735,-0.01863502081526787,-0.09998800769658431,0.7427219044957533,0.345848930640744,0.9520525482051352,54.92295992745845,55.16371190256973,55.18351559215313,54.9167706283139
1577.0,52.512,3.128149677546868,0.3290180499360989,0.7120839353933656,0.0030352919291463123,-0.2613894550627514,0.20701593413787456,-0.0008926376422698319,-0.04055163755972707,-1.492244165971502,-0.10296560379062256,0.2528893293237768,-0.017480135398869886,-0.09661667618630704,0.7435334868591095,0.3382218659904599,0.9521496775468679,54.896092330179215,55.08784929454936,55.10804400501752,54.89089133023012
1578.0,52.544000000000004,3.1282240973981703,0.32105483195514334,0.7185656651037977,0.002325620353196573,-0.24885056190483346,0.20255405345098199,-0.001025010623914606,-0.036414536550386636,-1.4954354287340732,-0.0995294166467643,0.24598426612815882,-0.01641076487242137,-0.09326236885525564,0.7442349394197693,0.3311408020416465,0.9522240973981702,54.872643128552276,55.012572438748485,55.03414131533075,54.8691438139685
1579.0,52.576,3.1282815114075597,0.3134515349306848,0.7248886807766118,0.0017941877934193084,-0.237603032014356,0.19759423977546317,-0.001093597837048368,-0.031061308206588995,-1.498519350540007,-0.0961408715948177,0.238338087416993,-0.015302978801823061,-0.08976661046780396,0.7447594442413136,0.3245600377880929,0.9522815114075596,54.948203992743196,54.83680569999736,54.8434852733758,54.92938652161357
1580.0,52.608000000000004,3.128327552670648,0.30615482121850723,0.7310340163843022,0.0014387894715082782,-0.2280223035055229,0.19204173774030264,-0.001216154274941081,-0.026493606205811142,-1.5014922467460556,-0.09269994167294811,0.22884877444280532,-0.014092289699008671,-0.08610194497289071,0.7449873556155365,0.31841980256198454,0.9523275526706478,54.99986169761891,54.64549994915707,54.64123119159447,54.96920095325608
1581.0,52.64,3.128367477978315,0.2991191217931339,0.7369759168537754,0.0012476658645955972,-0.21986560704294153,0.1856843896710574,-0.0014798449127692518,-0.024639597722400763,-1.5043478390080367,-0.08913001377867334,0.22076094621876224,-0.012984017402208435,-0.08224601385631622,0.7449211659861115,0.31266467799840314,0.9523674779783149,54.736871905530464,54.73698136176925,54.75884058492434,54.73119512899612
1582.0,52.672000000000004,3.1284058389583915,0.2923257690863236,0.7426885602559744,0.0011987806273898495,-0.21229227208779836,0.1785201063186992,-0.001683327888239556,-0.02267506705643115,-1.5070853214477158,-0.08542528086826444,0.21324863056311805,-0.011920615325532678,-0.0781787470703243,0.7445629911965733,0.3072625474373988,0.9524058389583914,54.66733793118024,54.66520798274087,54.68868055208024,54.66182436532786
1583.0,52.704,3.1284465148824827,0.2857550758336506,0.7481472346936272,0.0012711226278495926,-0.20533416414605243,0.17058357617666878,-0.0018195304275638623,-0.02061211392567144,-1.5096985225701653,-0.08153046377208704,0.20634241995436658,-0.010907238688066553,-0.07393504215182975,0.7439161402717152,0.30217795190588725,0.9524465148824826,54.60171437426504,54.595977723890826,54.62069143630761,54.59604640020079
1584.0,52.736000000000004,3.128492639062292,0.27938645715942156,0.7533283339281005,0.001441380619040927,-0.19901933356963566,0.1619093510772724,-0.0018840604590812406,-0.018473862610715694,-1.5121814605182635,-0.07745320777011526,0.20006930531768774,-0.009949755765747303,-0.06956684998383635,0.7429849694319692,0.29737258504232533,0.9524926390622919,54.539558643062875,54.530403415277064,54.55576603931027,54.53337583595098
1585.0,52.768,3.12854654792368,0.2731986615935148,0.7582094401808915,0.001684651918368493,-0.1933686114346076,0.1525345703997366,-0.0018762344196460242,-0.016282821776709734,-1.5145291297029813,-0.07322479832193883,0.19444930056161883,-0.00905421132045196,-0.06514164179410109,0.7417748637915911,0.2928059527045682,0.9525465479236797,54.48107776646693,54.46878323913547,54.49413789265909,54.4740997938792
1586.0,52.800000000000004,3.1286097700301982,0.2671699946101825,0.7627694037422994,0.001975690828700861,-0.18839584322911393,0.14249886129397982,-0.0017990038064911722,-0.014060745523071592,-1.5167381321499738,-0.06889573179989637,0.18949564145216338,-0.00822633638704288,-0.060738306187570805,0.7402922146524308,0.2884360485532525,0.9526097700301981,54.42645199923065,54.41136262054735,54.436054491232454,54.418514167466455
1587.0,52.832,3.128683053529955,0.261278533073662,0.7669884191062584,0.0022901093673924093,-0.18410817301628532,0.13184423012373223,-0.0016584879006453941,-0.01182857489148545,-1.5188071726879175,-0.06453147733277094,0.18521502665783504,-0.007471100545379385,-0.05644182086830706,0.7385443929772478,0.28422002442996874,0.9526830535299546,54.375847195385916,54.358353137678904,54.38176482183263,54.36690025368179
1588.0,52.864000000000004,3.1287664266088573,0.25550232971534764,0.770848097324478,0.0026054087157026257,-0.1805063549473035,0.12061494431935031,-0.0014633779203644516,-0.009606390534280975,-1.5207373989691568,-0.060207693465976556,0.18160788250103385,-0.006792349022267032,-0.0523372565159362,0.7365397199771457,0.2801148377001836,0.9527664266088571,54.32941929835788,54.309935554492995,54.33151539372096,54.31951738978567
1589.0,52.896,3.1288592843370084,0.24981960700902459,0.7743315343163064,0.002901804004723827,-0.17758508457261507,0.1088574059946496,-0.0012242851994392707,-0.007413368998856631,-1.5225325657153332,-0.05600483265675017,0.17866864988886225,-0.006192533463306517,-0.0485036287568116,0.7342874360117826,0.27607786108768034,0.9528592843370083,54.28731679955001,54.2662612828307,54.28554785243013,54.276598553549675
1590.0,52.928000000000004,3.128960494851017,0.24420894000579907,0.7774233749237346,0.0031628285627607125,-0.17533334385077778,0.09662001898211968,-0.0009530728896093941,-0.005267739076247438,-1.5241990108076953,-0.05200237697341686,0.17638609417857143,-0.005672536967538706,-0.04500817162726789,0.7317976690674831,0.27206744430787927,0.9529604948510166,54.249682148516236,54.2274543934296,54.24409656865563,54.238347502357676
1591.0,52.96,3.1290685177893947,0.23864942784034335,0.7801098725511898,0.003375716824308522,-0.17373475517051043,0.08395305085798452,-0.000662202279266936,-0.0031867347903451553,-1.5257454445493988,-0.04827312136098152,0.17474364181805,-0.005231590249367349,-0.041901606018364033,0.729081403902739,0.26804342066771614,0.9530685177893945,54.21665196296824,54.19361463902132,54.20738599573728,54.20493725831375
1592.0,52.992000000000004,3.129181528199954,0.23312085371055632,0.7823789442651908,0.003531575329978769,-0.17276794155582512,0.07090849106252445,-0.0003641196722539904,-0.001186539206306311,-1.5271825696582635,-0.04487800134274449,0.17371975085926164,-0.004867273231419637,-0.03921488645509848,0.7261504524614445,0.2639675553943387,0.9531815281999538,54.18835590378313,54.164821444379314,54.17562781006214,54.17650980991537
1593.0,53.024,3.1292975397066916,0.22760383313349156,0.7842202212348599,0.0036253595855493923,-0.172406893033293,0.057539905302164775,-7.070481040593913e-05,0.0007177902513282319,-1.5285225654070087,-0.04186195243556538,0.17328832336848304,-0.004575594349059499,-0.036957735377150636,0.7230174252832341,0.25980393551455777,0.9532975397066914,54.16491438865159,54.14113836655087,54.149017741690294,54.153176895557344
1594.0,53.056000000000004,3.1294145214985667,0.2220799501572736,0.785625094352103,0.003655680996097623,-0.17262134300679155,0.04390228491384299,0.00020720315512059455,0.0025124254497550695,-1.5297784820529206,-0.039251192822354654,0.17341916252623063,-0.004351138094734544,-0.03511904601881426,0.7196957024404621,0.2555193034646517,0.9534145214985665,54.14643573117723,54.12261705024499,54.12773174275082,54.13502183646889
1595.0,53.088,3.1295305046210538,0.21653188095491538,0.7865867547637868,0.0036244725777210933,-0.17337716257371377,0.03005188786512123,0.00046019092413934813,0.0041849045299062115,-1.5309635991048165,-0.037052156422819504,0.17407846382648198,-0.004187269677823908,-0.03366899736553068,0.716199401354525,0.2510833382211782,0.9535305046210536,54.13301357799127,54.109299472903025,54.11192100689876,54.12210247575786
1596.0,53.120000000000005,3.129643674050511,0.21094350390722968,0.7871002288814319,0.003536544670542811,-0.1746367827401584,0.016046066176408504,0.000680560700204129,0.005724290212318218,-1.5320908018903643,-0.0352521017447826,0.17522931300219477,-0.0040763841224154135,-0.032562523508303666,0.7125433383734737,0.2464688887101473,0.953643674050511,54.1247253165387,54.10121773683801,54.10170578443744,54.11445505119222
1597.0,53.152,3.1297524440518227,0.20529999506217028,0.7871624072515304,0.003399062540987804,-0.17635965140812576,0.00194307406557758,0.0008625213054541623,0.007121315915811369,-1.533172025366747,-0.03382122155390425,0.17683215570302319,-0.004010185907096328,-0.03174365032926909,0.7087429818649128,0.24165216482696747,0.9537524440518226,54.1216312989038,54.09839193422719,54.097169068113026,54.11209814789111
1598.0,53.184000000000005,3.1298555153103043,0.1995879079475577,0.7867720665548593,0.0032209768275472677,-0.17850272233162295,-0.01219814677097047,0.0010022814163389141,0.008368474783781941,-1.534217803350037,-0.03271591619692441,0.1788452161825079,-0.003979984715583577,-0.03115017101231561,0.7048143966934951,0.23661289191667742,0.9538555153103041,54.12377384098174,54.10082788321445,54.09835228132748,54.11503525835634
1599.0,53.216,3.1299519132519142,0.19379523722474937,0.7859298840331702,0.0030124356753122848,-0.1810209600877806,-0.026318203802787443,0.0010980491019524307,0.009460020406035101,-1.5352369473029772,-0.03188279510287646,0.18122486903433552,-0.003976993186047511,-0.030718173271732405,0.7007741822082373,0.2313344352769212,0.9539519132519141,54.131175030714594,54.10851649345913,54.1052547907752,54.12325484070609
1600.0,53.248000000000005,3.1300410077992677,0.18791146647333984,0.7846384438244445,0.0027842046047968022,-0.18386783598152717,-0.04035750652267473,0.001149945361347374,0.01039188372517015,-1.5362363638350407,-0.03126294598238567,0.18392598908339505,-0.0039926135633872855,-0.03038603336592245,0.6966394069104841,0.2258039021757276,0.9540410077992676,54.14383360321213,54.121434918099865,54.11783717954964,54.136728214196054
1601.0,53.28,3.1301225155438135,0.18192760115272605,0.7829022349455194,0.002547117017054626,-0.18699579126920154,-0.054256527466415856,0.0011598425583143623,0.011161544257006908,-1.537221006318503,-0.03079605247043811,0.18690230498197336,-0.004018701589532704,-0.030097624719413837,0.6924275423647266,0.2200122298327527,0.9541225155438133,54.161722281664076,54.139547995862664,54.13602633584009,54.1554069106374
1602.0,53.312,3.130196485938781,0.17583618817642913,0.7807276408847584,0.0023115748427340647,-0.1903566555092998,-0.06795606439878642,0.0011311410974475919,0.011767902086523271,-1.5381939451411173,-0.030424029463801006,0.19010676677393423,-0.004047797676495262,-0.029804623439522296,0.6881563973837238,0.21395426861949882,0.9541964859387808,54.18478682259606,54.162808349903706,54.159720168439,54.179221017034244
1603.0,53.344,3.130263273623137,0.1696313234806758,0.7781229208934906,0.002087115136120465,-0.19390202174226956,-0.0813974997271121,0.001068499159047988,0.012211179635733975,-1.539156533919556,-0.0300939573513611,0.1934919223036509,-0.0040733174178849444,-0.029467908151009862,0.6838440521586451,0.20762887044630327,0.9542632736231367,54.21294685825248,54.19115468694733,54.18879095347317,54.20807892797693
1604.0,53.376,3.130323499363825,0.16330864863546088,0.7750981830989805,0.0018820543965099986,-0.19758358891298822,-0.09452305607845005,0.0009775309072796523,0.012492857098243076,-1.5401086455117718,-0.029760209510139194,0.19005160663545653,-0.0039452419162256,-0.02905813636317483,0.6796490165660486,0.20103899322224072,0.954323499363825,54.72325653646153,53.812478390066055,53.79259845756888,54.70056831137651
1605.0,53.408,3.13037799701915,0.15686522485874765,0.771674321954337,0.0017030517289044237,-0.20135699302226576,-0.10699566077009541,0.0007223058416743358,0.005614433917759698,-1.5410533467000656,-0.029338177285397646,0.18126351815379516,-0.0036970224163954397,-0.02855022298992846,0.6757365256397666,0.19419594346873328,0.9543779970191499,54.79748954505645,53.90865316786787,53.89108577595755,54.77677033596426
1606.0,53.44,3.1304271233154592,0.15036728248196207,0.7678826090160624,0.0015351967596612419,-0.2030606992745718,-0.11849102932109515,0.00032072448009446704,-0.008260937656420074,-1.541984577319857,-0.02887549508360444,0.1724875312420541,-0.0034346076935478573,-0.02787340845400603,0.6721165164850984,0.18717394477922644,0.9544271233154591,54.463800031985976,54.404171430167075,54.404346718897536,54.459966974198046
1607.0,53.472,3.1304708264617456,0.14394942186797624,0.7637541518897321,0.0013657233214474233,-0.2005581441870348,-0.12901428519780947,-9.260265229793632e-05,-0.022591554493244594,-1.5428931452770398,-0.028339020663884433,0.1632557571982577,-0.003146298000250826,-0.026977743725237067,0.668752401525816,0.18010311864257667,0.9544708264617454,54.41053725143778,54.62227527873549,54.62841365811381,54.41123052306151
1608.0,53.504,3.130509292970847,0.137751510780972,0.7593171932631079,0.0012020784094236784,-0.19368472146890375,-0.13865495708202114,-0.00047764804587875805,-0.035225610710141575,-1.5437733383762196,-0.027607664545997997,0.15336445095831552,-0.0028322342163406644,-0.025851344368520345,0.6655970395170658,0.17311668528414023,0.954509292970847,54.440110128257146,54.747569026492286,54.75691436681403,54.44243018786898
1609.0,53.536,3.130543128523533,0.13189759806568732,0.7545963176919814,0.0010573610214336042,-0.1829347723526258,-0.14752736159768465,-0.0008164705620872322,-0.045395984365189074,-1.5446205733498741,-0.026660575941003625,0.14268205746153623,-0.0024936332864614373,-0.024465102961597072,0.6626052331961313,0.1663343917405295,0.9545431285235328,54.50220540984001,54.829313879976105,54.84067682639944,54.504786464345706
1610.0,53.568,3.1305733253890446,0.12648817733902756,0.7496134581527867,0.0009436520472390005,-0.16904439770813606,-0.1557143605998531,-0.0011010802546505124,-0.05293648480429204,-1.5454295158987208,-0.025475003599921997,0.13111849566323772,-0.002132227910741572,-0.022764568537835792,0.6597403877371237,0.15985810638510048,0.9545733253890445,54.580823208142355,54.88549335090037,54.89823511070684,54.58272322770049
1611.0,53.6,3.1306011529125133,0.12159833850639364,0.7443891625051304,0.0008696101083948274,-0.15280746351979313,-0.1632592389892396,-0.0013296777053047797,-0.05801384986526315,-1.5461928687097906,-0.02401098052864472,0.11863377337859243,-0.0017508756583951577,-0.020660625565826016,0.6569785169236868,0.15377235607446404,0.9546011529125131,54.66805534082474,54.92727416996444,54.941188268559124,54.66856801956815
1612.0,53.632,3.130628024682729,0.11727923531151596,0.7389437386669515,0.0008397428192392457,-0.1349719748399422,-0.17016949494310998,-0.0015041036500979404,-0.06097640239924481,-1.5469003665722076,-0.02220136847885524,0.10526129811450187,-0.0013542153528142713,-0.018010388795119334,0.654310231143094,0.1481471712212041,0.9546280246827288,54.75800024136626,54.964406126045986,54.979732538505814,54.75656273509115
1613.0,53.664,3.1306553662283716,0.11356139098404572,0.733298172684913,0.0008544233013329115,-0.1161826352334321,-0.17642393693868244,-0.0016275992913437323,-0.06222874698380753,-1.5475376096101479,-0.019937332632864964,0.09112813855567979,-0.0009489350430369721,-0.014577945579028738,0.6517405105118625,0.14304169283956175,0.9546553662283714,54.84628027343137,55.005104085719005,55.02255380543304,54.84229244493006
1614.0,53.696,3.1306844959362707,0.11045859928086654,0.7274748060675843,0.0009103033718483759,-0.0969622407243599,-0.18198020679154317,-0.0017032083040959965,-0.062129482672937414,-1.548084130862582,-0.0170405951387906,0.07645944652476576,-0.0005434303827083521,-0.009950238459210014,0.6492861436211724,0.13850732392240686,0.9546844959362706,54.930754956051864,55.05466757171806,55.07551142706155,54.923237384677016
1615.0,53.728,3.1307165265887016,0.1079713949446329,0.72149777236181,0.0010009578884638815,-0.07772513550729271,-0.18678230330542575,-0.0017332558376277213,-0.06092789256309962,-1.5485095627314862,-0.013205052305757843,0.06156188210493041,-0.0001468554613308856,-0.003339684376840113,0.6469712284347652,0.13458948877768173,0.9547165265887014,55.01195702369338,55.11442431411877,55.14085288097677,54.99892411883571
1616.0,53.76,3.130752292241573,0.10608944846837134,0.7153931777550937,0.0011176766522292946,-0.05881082738318002,-0.1907685814599056,-0.001720067521273218,-0.05874949979366717,-1.548765387288457,-0.007862659602327135,0.04679008505777372,0.00023223906724990917,0.0069487376188075885,0.6448216589113356,0.13132746876916218,0.9547522922415728,55.092957784235615,55.18146697859729,55.21779509587987,55.070040312633644
1617.0,53.792,3.130792304087874,0.1047927250197091,0.7091890029260736,0.001250370196908961,-0.040522607770690645,-0.19388046340685758,-0.001667843900935297,-0.055625389319049603,-1.5487653077001242,0.00016786139886879872,0.03250579499373572,0.0005874720247387843,0.02529922145323828,0.6428597308348386,0.1287523043586339,0.9547923040878739,55.17965843778651,55.2482949939803,55.305110707612805,55.13594871120154
1618.0,53.824,3.130836738730437,0.10405168849273348,0.7029147183597236,0.00138858258010037,-0.023157391467990562,-0.19607139269845691,-0.0015860370445589728,-0.05154782372569029,-1.5483293555330817,0.013811271625220169,0.01903925220896462,0.0009165090267473743,0.06734103312450647,0.6410998459928808,0.12688329817497876,0.9548367387304371,55.28700310366431,55.296848896689305,55.41011788366466,55.18615304464253
1619.0,53.856,3.13088546273709,0.10382710537865397,0.6966006421403764,0.0015226252079029684,-0.007018222314983906,-0.19731488185457818,-0.0014985736563545664,-0.046530712883754904,-1.5469623217372863,0.04291034962119635,0.006659958121748958,0.0012248359597427274,0.25462930707386555,0.6395459332523186,0.12572409221952863,0.95488546273709,55.527549435629844,55.21031327512639,55.63969687958484,55.110057210277624
1620.0,53.888,3.1309381014554094,0.10407007236043532,0.6902772217170677,0.0016449599474778899,0.007592718180667958,-0.19760688822841832,-0.0015188463343726313,-0.04065437716032866,-1.54190540373217,0.1581564511506684,-0.004436630481402043,0.0015496494068409097,1.2,0.6381907903004302,0.12525950472185354,0.9549381014554092,56.39988582208975,54.48369962716445,56.49165609229359,54.40784228721889
1621.0,53.92,3.130994208226588,0.10472286859177452,0.6839769543553619,0.0017533365993247765,0.02039988222934756,-0.19688335505328602,-0.002106583856353098,-0.034068577067719395,-1.5193998784499474,0.7032121968473558,-0.014117290346424984,0.0021874999282909496,1.2,0.6370171994869155,0.12545426076200708,0.9549942082265876,55.97354522307914,55.02852338923101,56.0485784185059,55.00644903974346
1622.0,53.952,3.1310538892639204,0.10572030729080564,0.6777247310544399,0.0018650324166426923,0.03116995934472618,-0.19538197815383435,-0.002705131190544966,-0.027051042136839364,-1.4882263922661174,0.9743261319588754,-0.022310792558692342,0.0033573421706048646,1.2,0.6360002290667077,0.12625294784036403,0.9550538892639202,55.78003819204855,55.33633269922359,55.82514090020551,55.36615092086596
1623.0,53.984,3.131118278089332,0.10699283494262672,0.6715448545068324,0.002012150794108766,0.03976648911940426,-0.19312114211271064,-0.0030436508200567198,-0.01993603357242926,-1.4531169241718895,1.0976222439962613,-0.02901136245521612,0.0050148919976781125,1.2,0.6351102072963613,0.12758454475577563,0.9551182780893317,55.734079368396316,55.4944973871446,55.73570860089132,55.56577955812808
1624.0,54.016,3.131189584660903,0.10846975852062071,0.6654591322909043,0.0022283303615924467,0.0461538618123173,-0.19017881924777658,-0.003066134355299322,-0.013076407391086538,-1.4162216122119586,1.1536084832367242,-0.034256102367358675,0.007036655954108352,1.2,0.6343157920193477,0.12936732197401643,0.9551895846609026,55.748976418884865,55.583453533449855,55.7051531423304,55.685109960712296
1625.0,54.048,3.1312712170090933,0.11008273540046541,0.6594862513467723,0.002551010880952046,0.05040552749514121,-0.18665252950410263,-0.0028166773385439035,-0.006789109371584368,-1.3785148556313727,1.178996327216478,-0.038113586203945525,0.009291651543758234,1.2,0.6335866598802925,0.1315147525044739,0.9552712170090931,55.78380700126829,55.6405605642668,55.70127206199499,55.7605038078624
1626.0,54.08,3.1313677787369927,0.11176898803648679,0.6536417678064745,0.003017553996856658,0.05269539487567373,-0.1826401106343252,-0.0023790910698822877,-0.0013138695086504656,-1.3404374882104806,1.1904967500567836,-0.04067500724342247,0.011663639765560254,1.2,0.632895595960766,0.13394124853110856,0.9553677787369925,55.820117795009395,55.68292791718673,55.710162169903,55.809339047952804
1627.0,54.112,3.131484879170882,0.11347380436295025,0.6479383771976964,0.003659388559034839,0.05327551020197733,-0.1782309565242961,-0.0018455684273780404,0.003204744573429399,-1.3021891939665067,1.1957030936290416,-0.04204792837174264,0.014056467742331057,1.2,0.6322199000010545,0.13656687853220736,0.9554848791708817,55.85043650434862,55.7180856002211,55.7256657000396,55.84082897868328
1628.0,54.144,3.1316287961772353,0.11515210864201435,0.6423863249428748,0.004497406448548065,0.052447008720758796,-0.17350163296319354,-0.001299766434495914,0.006715965897643789,-1.2638610381136757,1.1980597249255258,-0.042352893136122345,0.01639480659411525,1.2,0.6315421344924906,0.13932063762512262,0.9556287961772352,55.87276930211295,55.74904802199952,55.744695264035876,55.86065544385141
1629.0,54.176,3.131806065598747,0.11676908612302457,0.6369938652300697,0.005539669422238093,0.05053054628156382,-0.1685143660251408,-0.0008085088340408798,0.009247538766576593,-1.2254951494361135,1.199126590701918,-0.041721400273300804,0.01862421523112517,1.2,0.6308503012718937,0.1421422161309231,0.9558060655987468,55.88779428275389,55.776834023955345,55.76531431182889,55.87278093343511
1630.0,54.208,3.1320230690508755,0.11829999639759013,0.6317677044227773,0.006781357879016206,0.04784094608017905,-0.16331752522790657,-0.00041972248640339215,0.010883058130743447,-1.1871114244512904,1.1996094686952798,-0.04029389501474572,0.020711421520673956,1.2,0.6301375627683461,0.14498247583244,0.9560230690508753,55.89732109410708,55.80173306685926,55.786067236339996,55.88009313836894
1631.0,54.24,3.1322856758600484,0.11972939753845963,0.6267133907027611,0.008206462786652017,0.04466878565216667,-0.15794730375048827,-0.0001649430270406624,0.011738037119882022,-1.1487194500883902,1.1998276799544905,-0.03644941626944578,0.02159739479795217,1.2,0.6297168883358917,0.14780297572757167,0.9562856758600482,55.776017952143704,55.92238223477733,56.03813566822126,55.8910821054056
1632.0,54.272,3.132599071545237,0.1210498235401504,0.6218548668182812,0.00979361516215246,0.04126331255284117,-0.15182887139001475,0.0010557986421825224,0.013749518072870935,-1.1103213235394152,1.1999639957054218,-0.03227861087939307,0.022132700169776295,1.2,0.6295984905152968,0.15056717325325666,0.956599071545237,55.97800458775037,55.93435420478442,55.96643399957484,56.009940365362475
1633.0,54.304,3.132965479006612,0.12223898882351017,0.6172157678063301,0.011450233167965946,0.03716141510498872,-0.14497184412345349,0.002545237492514702,0.01537706536779234,-1.0719196213132012,1.1999803783339447,-0.027513248937205474,0.022086605096916956,1.2,0.6297749903677154,0.1532284307074433,0.956965479006612,56.05179238989276,55.99704145880616,56.01652961083354,56.07120205525592
1634.0,54.336,3.1333845810634573,0.1232767053475775,0.6128185604297627,0.013096939276412199,0.032428641377107485,-0.1374127305177482,0.004195007688426205,0.016527515343726498,-1.0335157352950113,1.199988571604243,-0.02227505433703572,0.02139377443191856,1.2,0.6302382365069982,0.1557441371207481,0.9573845810634571,56.11332250605978,56.05962491501723,56.071783553375646,56.12543543083516
1635.0,54.368,3.1338537323139746,0.12414590344091221,0.6086844524994756,0.01466097657866319,0.027162440416706853,-0.12919087282145814,0.005940097282545002,0.017207164268023607,-0.9951112765286837,1.1999932725167781,-0.016713216400003804,0.020021888249899734,1.2,0.6309793571882628,0.1580765202718356,0.9578537323139744,56.17016391387921,56.11941490865614,56.124188902868994,56.17491099815916
1636.0,54.4,3.134368175775389,0.12483260362538916,0.6048333224880058,0.016076358169208153,0.021459380764906926,-0.12034781285844294,0.007715080344739603,0.017438950030872587,-0.9567078761913942,1.1999963921647039,-0.010972730073808355,0.017957374684436013,1.2,0.631988846719063,0.16019254468031618,0.958368175775389,56.22198122715211,56.17603239872635,56.17370217474932,56.2196365718339
1637.0,54.432,3.1349213473721607,0.12532581075792437,0.6012836526360524,0.017286612399106956,0.015412722891723726,-0.11092718287353052,0.009457107687073786,0.017262035135441813,-0.918306965511047,1.1999986492145231,-0.0051896526101621,0.015203598121060927,1.2,0.6332566480447158,0.1620636892338628,0.9589213473721605,56.26843114403043,56.228981324804764,56.22034466189653,56.2597890779803
