step,time,x,y,z,vx,vy,vz,roll,pitch,yaw,yaw_rate,desired_vx_body,desired_vy_body,desired_yaw_rate,desired_altitude,goal_distance,signed_clearance,motor_m1,motor_m2,motor_m3,motor_m4
0.0,2.048,9.338845444148189e-17,-3.1817373365354544e-17,0.014979249996182397,0.0,0.0,0.0,0.0,0.0,0.0,-6.981470033083419e-17,0.0,0.0,0.0,0.5784,3.268534422510439,1.1302155139318024,141.7588470081352,141.7588470081352,141.7588470081352,141.7588470081352
1.0,2.08,9.367453874388411e-17,-3.1880864028213983e-17,0.014979480934973938,8.940134450069328e-18,-1.984083214357473e-18,7.216837235668801e-06,0.0,0.0,0.0,1.1307098009896566e-16,0.0,0.0,0.0,0.5784,3.2685343754667815,1.1302154720395987,53.8144637095151,53.8144637095151,53.8144637095151,53.8144637095151
2.0,2.112,9.403295112666963e-17,-3.1170249785533434e-17,0.01497967167747283,1.1200386962047553e-17,2.2206695083767135e-17,5.960703090346955e-06,0.0,0.0,0.0,-1.3547939132965542e-18,0.0,0.0,0.0,0.5784,3.268534336611369,1.1302154374390208,53.90461533529244,53.90461533529244,53.90461533529244,53.90461533529244
3.0,2.144,9.506948313582072e-17,-3.1263519367149376e-17,0.01497983262324961,3.239162528597164e-17,-2.9146744254981766e-18,5.029555524393554e-06,0.0,0.0,0.0,-1.3576362590167879e-16,0.0,0.0,0.0,0.5784,3.2685343038257386,1.130215408243575,53.99476560835278,53.99476560835278,53.99476560835278,53.99476560835278
4.0,2.176,9.552536943918599e-17,-3.147438031437268e-17,0.014979972091757245,1.4246446980164658e-17,-6.589404600728199e-18,4.3583908635987405e-06,0.0,0.0,0.0,3.2603986080819756e-17,0.0,0.0,0.0,0.5784,3.2685342754151647,1.1302153829441082,54.08491477395633,54.08491477395633,54.08491477395633,54.08491477395633
5.0,2.208,9.555589438600887e-17,-3.084891277784354e-17,0.01498009673839559,9.539045882148639e-19,1.9545860516535636e-17,3.895207448256773e-06,0.0,0.0,0.0,3.381044631524452e-17,0.0,0.0,0.0,0.5784,3.268534250023899,1.1302153603333296,54.17506302792888,54.17506302792888,54.17506302792888,54.17506302792888
6.0,2.24,9.554335892087026e-17,-3.0244708075904005e-17,0.014980211887354504,-3.9173328558143246e-19,1.8881396935610383e-17,3.5984049660884935e-06,0.0,0.0,0.0,3.9303061421162826e-17,0.0,0.0,0.0,0.5784,3.2685342265673722,1.1302153394454326,54.26521052654972,54.26521052654972,54.26521052654972,54.26521052654972
7.0,2.2720000000000002,9.55187190221478e-17,-2.961334565955162e-17,0.014980321797881866,-7.699968350769864e-19,1.973007551101207e-17,3.4347039800535777e-06,0.0,0.0,0.0,-4.9001673471614205e-18,0.0,0.0,0.0,0.5784,3.2685342041779486,1.130215319507792,54.35535739446172,54.35535739446172,54.35535739446172,54.35535739446172
8.0,2.3040000000000003,9.709490896575044e-17,-2.923047754260785e-17,0.014980429877292773,4.9255935737582657e-17,1.1964628654492838e-17,3.3774815908459125e-06,0.0,0.0,0.0,1.0557022918589218e-16,0.0,0.0,0.0,0.5784,3.2685341821615372,1.1302152999023238,54.44550373099919,54.44550373099919,54.44550373099919,54.44550373099919
9.0,2.336,9.572996320977993e-17,-2.904957490169144e-17,0.01498053885137274,-4.2654554874079206e-17,5.65320752863778e-18,3.405439998949807e-06,0.0,0.0,0.0,1.0223050435508597e-17,0.0,0.0,0.0,0.5784,3.26853415996288,1.130215280134574,54.535649615250115,54.53564961525013,54.53564961525013,54.535649615250115
10.0,2.368,9.569588225138188e-17,-2.9911483281105065e-17,0.014980650900696925,-1.0650299499390425e-18,-2.6934636856675748e-17,3.501541380793429e-06,0.0,0.0,0.0,2.6318140979233044e-17,0.0,0.0,0.0,0.5784,3.2685341371377814,1.1302152598089898,54.62579511010588,54.62579511010586,54.62579511010586,54.62579511010588
11.0,2.4,9.6160443458044e-17,-3.007560955548265e-17,0.014980767769682862,1.4517537708191174e-17,-5.128946074299528e-18,3.6521558105214216e-06,0.0,0.0,0.0,9.404056629831052e-17,0.0,0.0,0.0,0.5784,3.268534113330894,1.130215238609137,54.715940265500706,54.715940265500706,54.715940265500706,54.715940265500706
12.0,2.432,9.712604444799778e-17,-2.957562929814902e-17,0.014980890853830493,3.0175030936055817e-17,1.562438304167596e-17,3.846379613469186e-06,0.0,0.0,0.0,-6.374837819754652e-17,0.0,0.0,0.0,0.5784,3.2685340882579457,1.1302152162818766,54.806085121003605,54.806085121003605,54.806085121003605,54.806085121003605
13.0,2.464,9.752710309269641e-17,-2.8841662514842905e-17,0.014981021269512517,1.2533082646832152e-17,2.293646197831604e-17,4.075490063265224e-06,0.0,0.0,0.0,7.117121840619224e-17,0.0,0.0,0.0,0.5784,3.2685340616915273,1.1302151926247022,54.896229707891415,54.896229707891415,54.896229707891415,54.896229707891415
14.0,2.496,9.803104877977288e-17,-2.859074848514019e-17,0.014981159909805275,1.5748302721139465e-17,7.841063428209779e-18,4.332509148695977e-06,0.0,0.0,0.0,2.7671721509548882e-17,0.0,0.0,0.0,0.5784,3.2685340334497135,1.1302151674756136,54.986374050807484,54.986374050807484,54.986374050807484,54.986374050807484
15.0,2.528,9.774240873534953e-17,-2.9614302111892247e-17,0.014981307489152402,-9.020001388229528e-18,-3.1986050836001685e-17,4.611854597703648e-06,0.0,0.0,0.0,6.557553574074878e-17,0.0,0.0,0.0,0.5784,3.2685340033869705,1.1302151407050154,55.076518169088516,55.076518169088516,55.076518169088516,55.076518169088516
16.0,2.56,9.912466552138924e-17,-2.9321209559474247e-17,0.014981464579094845,4.319552456374089e-17,9.159142263062494e-18,4.90906070134411e-06,0.0,0.0,0.0,-4.2315619938760866e-18,0.0,0.0,0.0,0.5784,3.2685339713868724,1.1302151122092348,55.166662077825904,55.16666207782589,55.166662077825904,55.16666207782592
17.0,2.592,1.0036473553613384e-16,-2.9026788565896134e-17,0.014981631636854198,3.875218796076857e-17,9.200656049316007e-18,5.220554979794546e-06,0.0,0.0,0.0,-1.0985015846799499e-17,0.0,0.0,0.0,0.5784,3.2685339373562825,1.1302150819053367,55.25680578871504,55.25680578871504,55.25680578871504,55.25680578871504
18.0,2.624,9.971009419931345e-17,-2.912258942506965e-17,0.014981809028198803,-2.0457541775637175e-17,-2.993776849172369e-18,5.543479518900057e-06,0.0,0.0,0.0,-2.9411737965719666e-17,0.0,0.0,0.0,0.5784,3.2685339012206933,1.1302150497269756,55.346949310734374,55.346949310734374,55.346949310734374,55.346949310734374
19.0,2.656,9.882562424444746e-17,-2.9611051425188305e-17,0.014981997045736188,-2.7639686089562063e-17,-1.526443750370794e-17,5.87554804327072e-06,0.0,0.0,0.0,-3.00173140682496e-17,0.0,0.0,0.0,0.5784,3.2685338629205,1.1302150156210786,55.43709265068905,55.43709265068905,55.43709265068905,55.43709265068905
20.0,2.688,9.889293036856282e-17,-2.89956710607102e-17,0.014982195923546656,2.1033163786050767e-18,1.9230636389940753e-17,6.214931577133616e-06,0.0,0.0,0.0,-1.0122189187873886e-17,0.0,0.0,0.0,0.5784,3.268533822408022,1.1302149795451886,55.527235813645525,55.527235813645525,55.527235813645525,55.527235813645525
21.0,2.72,9.809885499147985e-17,-2.8556291193577554e-17,0.014982405848889883,-2.4814855533842864e-17,1.3730620847895176e-17,6.5601669758334004e-06,0.0,0.0,0.0,4.7039297367511325e-18,0.0,0.0,0.0,0.5784,3.268533779645114,1.1302149414653433,55.61737880327927,55.61737880327927,55.61737880327927,55.61737880327927
22.0,2.7520000000000002,9.751042940998373e-17,-2.849873785706404e-17,0.014982626971569947,-1.8388299421753776e-17,1.7985417660472837e-18,6.910083751997681e-06,0.0,0.0,0.0,-7.153311391400273e-18,0.0,0.0,0.0,0.5784,3.268533734601263,1.1302149013543745,55.707521622153145,55.707521622153145,55.707521622153145,55.707521622153145
23.0,2.7840000000000003,9.677130342003236e-17,-2.9602668630882444e-17,0.014982859411427187,-2.3097687185980345e-17,-3.449783668182507e-17,7.2637455387569995e-06,0.0,0.0,0.0,1.2532599704950223e-18,0.0,0.0,0.0,0.5784,3.26853368725206,1.13021485919055,55.79766427193981,55.79766427193981,55.79766427193981,55.79766427193981
24.0,2.816,9.670889634417174e-17,-2.872459267418508e-17,0.014983103264331528,-1.950221120644389e-18,2.7439873646792992e-17,7.620403260667862e-06,0.0,0.0,0.0,-2.757076417876622e-20,0.0,0.0,0.0,0.5784,3.2685336375779763,1.1302148149564861,55.887806753599854,55.887806753599854,55.88780675359987,55.88780675359987
25.0,2.848,9.741485876553193e-17,-2.960267831149945e-17,0.014983358606977042,2.2061325667506143e-17,-2.7440176166074115e-17,7.979457672304534e-06,0.0,0.0,0.0,-5.2582685541431545e-17,0.0,0.0,0.0,0.5784,3.2685335855633926,1.1302147686382777,55.97794906752423,55.97794906752423,55.977949067524214,55.977949067524214
26.0,2.88,9.741772907577177e-17,-2.8722071290904347e-17,0.014983625500717489,8.969719499501448e-20,2.751896939359702e-17,8.340429388960489e-06,0.0,0.0,0.0,-4.573690600198625e-17,0.0,0.0,0.0,0.5784,3.2685335311958132,1.1302147202248032,56.068091213648124,56.068091213648124,56.06809121364814,56.06809121364814
27.0,2.912,9.731990232559651e-17,-2.941235537793416e-17,0.014983903994634673,-3.057085942976909e-18,-2.157137771968159e-17,8.702934912009968e-06,0.0,0.0,0.0,1.3549039669798411e-17,0.0,0.0,0.0,0.5784,3.2685334744652423,1.1302146697071673,56.158233191542216,56.158233191542216,56.1582331915422,56.1582331915422
28.0,2.944,9.66006287544633e-17,-2.956613111674412e-17,0.014984194127993082,-2.2477299097912715e-17,-4.8054918378112244e-18,9.066667450293659e-06,0.0,0.0,0.0,2.5991994135421756e-17,0.0,0.0,0.0,0.5784,3.2685334153636845,1.1302146170782559,56.24837500048544,56.24837500048544,56.24837500048544,56.24837500048544
29.0,2.976,9.65987247935951e-17,-3.0158209375160677e-17,0.01498449593220354,-5.949877713139378e-20,-1.8502445575517457e-17,9.43138157681469e-06,0.0,0.0,0.0,2.1272608442579503e-17,0.0,0.0,0.0,0.5784,3.2685333538847443,1.1302145623323798,56.33851663952356,56.33851663952356,56.33851663952356,56.33851663952356
30.0,3.008,9.786758866161031e-17,-3.0041600153805565e-17,0.014984809432394088,3.96519958754752e-17,3.6440381673472206e-18,9.796880954594271e-06,0.0,0.0,0.0,4.413978204764464e-17,0.0,0.0,0.0,0.5784,3.2685332900233064,1.1302145054649901,56.428658107515574,56.428658107515574,56.428658107515574,56.428658107515574
31.0,3.04,9.720802854921757e-17,-3.019003692075228e-17,0.014985134648666675,-2.0611253512272976e-17,-4.638648967084752e-18,1.0163008518353648e-05,0.0,0.0,0.0,6.074028873361304e-18,0.0,0.0,0.0,0.5784,3.2685332237752784,1.1302144464724495,56.518799403171236,56.51879940317125,56.51879940317125,56.518799403171236
32.0,3.072,9.705638542177138e-17,-2.930686606955389e-17,0.014985471597102463,-4.738847732693621e-18,2.7599089099949555e-17,1.0529638618385167e-05,0.0,0.0,0.0,1.5416774308009344e-16,0.0,0.0,0.0,0.5784,3.268533155137389,1.1302143853518511,56.608940525080854,56.60894052508084,56.60894052508084,56.608940525080854
33.0,3.104,9.65979186956752e-17,-2.908339945469177e-17,0.01498582029056607,-1.432708519050538e-17,6.983331714441256e-18,1.089667073770911e-05,0.0,0.0,0.0,6.60110303725067e-17,0.0,0.0,0.0,0.5784,3.26853308410702,1.1302143221008714,56.699081471739134,56.699081471739134,56.699081471739134,56.699081471739134
34.0,3.136,9.630643412681121e-17,-2.9380871861799626e-17,0.014986180739348934,-9.108892776999668e-18,-9.29601272212048e-18,1.1264024464519788e-05,0.0,0.0,0.0,-6.746804957015893e-17,0.0,0.0,0.0,0.5784,3.2685330106820794,1.130214256717654,56.78922224156436,56.78922224156436,56.78922224156436,56.78922224156436
35.0,3.168,9.628613209053106e-17,-2.96167993045362e-17,0.01498655295168401,-6.344386337547655e-19,-7.372732585517904e-18,1.1631635471096535e-05,0.0,0.0,0.0,-6.877372332228431e-17,0.0,0.0,0.0,0.5784,3.268532934860893,1.1302141892007165,56.87936283291372,56.87936283291372,56.87936283291372,56.87936283291372
36.0,3.2,9.602537456235133e-17,-2.9650951813771846e-17,0.014986936934157497,-8.148672755616513e-18,-1.067265913613946e-18,1.1999452296487964e-05,0.0,0.0,0.0,1.3742364546533278e-17,0.0,0.0,0.0,0.5784,3.268532856642124,1.1302141195488753,56.96950324409539,56.96950324409539,56.96950324409539,56.96950324409539
37.0,3.232,9.562584595180759e-17,-2.955940505859754e-17,0.01498733269203823,-1.2485269079491926e-17,2.8608360991970717e-18,1.2367433772887064e-05,0.0,0.0,0.0,3.270257695151704e-18,0.0,0.0,0.0,0.5784,3.268532776024702,1.1302140477611864,57.059643473378486,57.059643473378486,57.059643473378486,57.059643473378486
38.0,3.2640000000000002,9.519537971459093e-17,-2.9433252426355254e-17,0.014987740229541168,-1.3452069913020639e-17,3.9422697575714276e-18,1.2735546966839694e-05,0.0,0.0,0.0,-1.0814950073122406e-17,0.0,0.0,0.0,0.5784,3.2685326930077734,1.1302139738368973,57.14978351900075,57.14978351900075,57.14978351900075,57.14978351900075
39.0,3.2960000000000003,9.511289906859853e-17,-2.979508114329677e-17,0.014988159550038203,-2.5775201872626557e-18,-1.1307147404422455e-17,1.3103765532341485e-05,0.0,0.0,0.0,-1.6126811489121164e-17,0.0,0.0,0.0,0.5784,3.268532607590655,1.1302138977754081,57.239923379174954,57.239923379174954,57.239923379174954,57.239923379174954
40.0,3.3280000000000003,9.524815226354119e-17,-2.9813947793343673e-17,0.014988590656226777,4.226662341958385e-18,-5.895828139656556e-19,1.3472068392935884e-05,0.0,0.0,0.0,2.1288132033395844e-17,0.0,0.0,0.0,0.5784,3.268532519772802,1.130213819576243,57.33006305209375,57.33006305209375,57.33006305209375,57.33006305209375
41.0,3.36,9.527474127121311e-17,-2.9708028197626785e-17,0.014989033550264793,8.309064897474828e-19,3.309987366152814e-18,1.3840438687978257e-05,0.0,0.0,0.0,5.011462346201932e-18,0.0,0.0,0.0,0.5784,3.2685324295537797,1.1302137392390232,57.42020253593387,57.42020253593387,57.42020253593387,57.42020253593387
42.0,3.392,9.532728402026453e-17,-3.0236029517340317e-17,0.014989488233878532,1.6419609078568262e-18,-1.6500041241047863e-17,1.4208862929342483e-05,0.0,0.0,0.0,1.5447128916181604e-18,0.0,0.0,0.0,0.5784,3.26853233693324,1.1302136567634489,57.5103418288591,57.5103418288591,57.5103418288591,57.5103418288591
43.0,3.424,9.583441208067029e-17,-3.010679637914842e-17,0.014989954708448982,1.5847751887679937e-17,4.038535568496777e-18,1.4577330326561222e-05,0.0,0.0,0.0,-4.379028457175636e-17,0.0,0.0,0.0,0.5784,3.268532241910907,1.1302135721492836,57.600480929023064,57.600480929023064,57.600480929023064,57.600480929023064
44.0,3.456,9.541043949067988e-17,-2.994119215405523e-17,0.014990432975080912,-1.3249143437200202e-17,5.175132034162129e-18,1.4945832247812902e-05,0.0,0.0,0.0,-2.6711034986693563e-18,0.0,0.0,0.0,0.5784,3.26853214448656,1.130213485396341,57.69061983457111,57.69061983457111,57.69061983457111,57.69061983457111
45.0,3.488,9.580498275050215e-17,-3.0091053460910483e-17,0.01499092303465811,1.2329476869445934e-17,-4.6831658392266164e-18,1.5314361787434412e-05,0.0,0.0,0.0,-2.2737939067571518e-17,0.0,0.0,0.0,0.5784,3.268532044660025,1.130213396504475,57.78075854364211,57.78075854364211,57.78075854364211,57.78075854364211
46.0,3.52,9.590208011571901e-17,-2.9700356309720627e-17,0.014991424887887591,3.0342926630269263e-18,1.2209285974683014e-17,1.5682913421307263e-05,0.0,0.0,0.0,2.0053189018550802e-17,0.0,0.0,0.0,0.5784,3.268531942431162,1.1302133054735726,57.870897054369564,57.870897054369564,57.870897054369564,57.870897054369564
47.0,3.552,9.60387945718799e-17,-2.956758501374014e-17,0.014991938535334957,4.2723267550275766e-18,4.149102999390164e-18,1.605148273016919e-05,0.0,0.0,0.0,-1.8523680924011484e-18,0.0,0.0,0.0,0.5784,3.268531837799861,1.130213212303546,57.9610353648829,57.9610353648829,57.9610353648829,57.9610353648829
48.0,3.584,9.616934003342937e-17,-2.930403485196647e-17,0.014992463977452672,4.079545673421149e-18,8.235942555427202e-18,1.6420066178599542e-05,0.0,0.0,0.0,-2.078362267564303e-17,0.0,0.0,0.0,0.5784,3.268531730766036,1.1302131169943288,58.0511734733081,58.0511734733081,58.0511734733081,58.0511734733081
49.0,3.616,9.619179053760019e-17,-2.9130792971991365e-17,0.014993001214602703,7.015782553380297e-19,5.4138087492220426e-18,1.6788660938456948e-05,0.0,0.0,0.0,4.6106385974209125e-18,0.0,0.0,0.0,0.5784,3.268531621329618,1.1302130195458713,58.14131137776846,58.14131137776846,58.14131137776846,58.14131137776846
50.0,3.648,9.585193607527043e-17,-2.9180202168640586e-17,0.014993550247074616,-1.0620451947804992e-17,-1.5440373952881565e-18,1.7157264747282526e-05,0.0,0.0,0.0,8.685509478616406e-18,0.0,0.0,0.0,0.5784,3.2685315094905536,1.1302129199581374,58.23144907638516,58.23144907638516,58.23144907638516,58.23144907638516
51.0,3.68,9.59812610049924e-17,-2.923105859066916e-17,0.014994111075100054,4.041404053811618e-18,-1.5892631883929952e-18,1.7525875794946536e-05,0.0,0.0,0.0,1.987228794693521e-18,0.0,0.0,0.0,0.5784,3.2685313952488015,1.1302128182311013,58.32158656727765,58.32158656727765,58.32158656727765,58.32158656727765
52.0,3.712,9.609363178750643e-17,-2.9046791767708874e-17,0.014994683698864333,3.51158695356318e-18,5.758338217508991e-18,1.7894492633713823e-05,0.0,0.0,0.0,-7.862152866208077e-21,0.0,0.0,0.0,0.5784,3.26853127860433,1.130212714364747,58.411723848563994,58.411723848563994,58.411723848563994,58.411723848563994
53.0,3.744,9.597421517393954e-17,-2.903623257465843e-17,0.014995268118515698,-3.731769173965078e-18,3.2997478282635566e-19,1.8263114105168573e-05,0.0,0.0,0.0,1.5993127314064735e-18,0.0,0.0,0.0,0.5784,3.2685311595571145,1.1302126083590642,58.50186091836117,58.50186091836117,58.50186091836117,58.50186091836117
54.0,3.7760000000000002,9.595739333560883e-17,-2.8996311848803095e-17,0.014995864334172744,-5.2568244783489e-19,1.2475226829792297e-18,1.86317392826974e-05,0.0,0.0,0.0,-1.0140916183589923e-17,0.0,0.0,0.0,0.5784,3.2685310381071373,1.1302125002140497,58.591997774785234,58.591997774785234,58.591997774785234,58.591997774785234
55.0,3.8080000000000003,9.603216070587743e-17,-2.8950522228608854e-17,0.014996472345930344,2.3364803208939283e-18,1.4309256310700513e-18,1.9000367424977065e-05,0.0,0.0,0.0,9.14481570287075e-19,0.0,0.0,0.0,0.5784,3.268530914254385,1.1302123899297039,58.6821344159516,58.6821344159516,58.6821344159516,58.6821344159516
56.0,3.84,9.600775693769536e-17,-2.895129044844144e-17,0.014997092153864394,-7.626177556896117e-19,-2.4006869768262023e-20,1.9368997939057672e-05,0.0,0.0,0.0,-8.076183960403699e-19,0.0,0.0,0.0,0.5784,3.268530787998848,1.1302122775060317,58.772270839975086,58.772270839975086,58.772270839975086,58.772270839975086
57.0,3.872,9.599492601583403e-17,-2.894861466624438e-17,0.015125813214918458,-4.009663081666488e-19,8.361819365804032e-20,0.004022533157939516,0.0,0.0,0.0,-8.076183960403699e-19,0.0,0.0,0.0,0.5784,3.2685045698227166,1.1301889365990312,58.84109167845014,58.84109167845014,58.84109167845014,58.84109167845014
58.0,3.904,9.597251239861522e-17,-2.8936271532018736e-17,0.01573621535629254,-7.004255380880209e-19,3.857229445513924e-19,0.019075066917939993,0.0,0.0,0.0,-8.0761839604037e-19,0.0,0.0,0.0,0.5784,3.2683803079881346,1.1300784458244353,58.84975119377939,58.84975119377939,58.84975119377939,58.84975119377939
59.0,3.936,9.591563926473532e-17,-2.8909854155346235e-17,0.017187918202946635,-1.777285433746564e-18,8.255430210156664e-19,0.04536571395794048,0.0,0.0,0.0,-8.0761839604037e-19,0.0,0.0,0.0,0.5784,3.268085218458512,1.1298169500068829,58.79357486320038,58.79357486320038,58.79357486320038,58.79357486320038
60.0,3.968,9.57943815584845e-17,-2.8872985227338207e-17,0.01984658117760075,-3.789303320338269e-18,1.152154000250883e-18,0.08308321795794098,0.0,0.0,0.0,-8.076183960403702e-19,0.0,0.0,0.0,0.5784,3.2675463916910226,1.129342725246103,58.66776926046542,58.66776926046542,58.66776926046542,58.66776926046542
61.0,4.0,9.557723011576058e-17,-2.8845305969642893e-17,0.023738245501372275,-6.78598258512257e-18,8.649768029785447e-19,0.12161451011786009,0.0,0.0,0.0,-8.076183960403743e-19,0.0,0.0,0.0,0.5784,3.2667614160242584,1.1286595041370449,58.52494203714789,58.52494203714789,58.52494203714789,58.52494203714789
62.0,4.032,9.523565379072682e-17,-2.9154220253769276e-17,0.028808063081535343,-1.0674260157304947e-17,-9.65357137894945e-18,0.15843179938009572,0.0,0.0,0.0,-8.076183960403737e-19,0.0,0.0,0.0,0.5784,3.265745471681266,1.1277889681773956,58.37809212494203,58.37809212494203,58.37809212494203,58.37809212494203
63.0,4.064,9.482197094283351e-17,-2.9870235013431984e-17,0.034999780436136094,-1.2927588996665936e-17,-2.2375461239459604e-17,0.1934911673312733,0.0,0.0,0.0,-8.0761839604037945e-19,0.0,0.0,0.0,0.5784,3.264514959927238,1.1267558214798263,58.22782214677037,58.22782214677037,58.22782214677037,58.22782214677037
64.0,4.096,9.44848995682919e-17,-3.108024628693358e-17,0.04225598026908201,-1.0533480454425196e-17,-3.7812852296924945e-17,0.22675624477955975,0.0,0.0,0.0,-8.076183960403847e-19,0.0,0.0,0.0,0.5784,3.2630872598099674,1.125587196333587,58.074717804356396,58.074717804356396,58.074717804356396,58.074717804356396
65.0,4.128,9.44885934497243e-17,-3.31324889391481e-17,0.05051831449053661,1.1543379476248396e-19,-6.413258288170354e-17,0.25819794442045607,0.0,0.0,0.0,-8.07618396040379e-19,0.0,0.0,0.0,0.5784,3.261480492520023,1.1243120748809599,57.91934703361892,57.91934703361892,57.91934703361892,57.91934703361892
66.0,4.16,9.50138131526252e-17,-3.6291148440101173e-17,0.059727728324983215,1.6413115715653046e-17,-9.870810940478352e-17,0.28779418232645604,0.0,0.0,0.0,-8.076183960404063e-19,0.0,0.0,0.0,0.5784,3.2597132951601075,1.1229607299758397,57.762259269212436,57.762259269212436,57.762259269212436,57.762259269212436
67.0,4.192,9.622109423096052e-17,-4.0417838933035414e-17,0.06982467522242158,3.772753369797873e-17,-1.2895907790419492e-16,0.3155295905449488,0.0,0.0,0.0,-8.076183960403874e-19,0.0,0.0,0.0,0.5784,3.257804605480057,1.1215641881640352,57.60398481110999,57.60398481110999,57.60398481110999,57.60398481110999
68.0,4.224,9.821879529718125e-17,-4.5492599883894424e-17,0.08074932235571734,6.242815831939773e-17,-1.5858627971434389e-16,0.3413952229154922,0.0,0.0,0.0,-8.076183960403043e-19,0.0,0.0,0.0,0.5784,3.2557734589097818,1.1201537176764589,57.44503428634742,57.44503428634742,57.44503428634742,57.44503428634742
69.0,4.256,1.0105931104979408e-16,-5.213568040286923e-17,0.09244174654917138,8.876611726915076e-17,-2.0759626621796243e-16,0.36538825604543834,0.0,0.0,0.0,-8.076183960402806e-19,0.0,0.0,0.0,0.5784,3.2536387990069997,1.1187603443201883,57.28589819931528,57.28589819931528,57.28589819931528,57.28589819931528
70.0,4.288,1.0488291903558352e-16,-6.131197448332709e-17,0.104842120540009,1.1948774955591995e-16,-2.867591900143079e-16,0.38751168721367546,0.0,0.0,0.0,-8.076183960403694e-19,0.0,0.0,0.0,0.5784,3.251419302229728,1.1174143981539355,57.127046564279304,57.127046564279304,57.127046564279304,57.127046564279304
71.0,4.32,1.0986606286222969e-16,-7.347898038710357e-17,0.1178908895258454,1.5572324458269258e-16,-3.802189344930148e-16,0.4077740308073867,0.0,0.0,0.0,-8.076183960404539e-19,0.0,0.0,0.0,0.5784,3.2491332177451273,1.1161450938125488,56.96892861412826,56.96892861412826,56.96892861412826,56.96892861412826
72.0,4.352,1.1605514251231976e-16,-8.828509920879341e-17,0.13152893799744256,1.9340873906531458e-16,-4.62691213177807e-16,0.426189014737411,0.0,0.0,0.0,-8.076183960407319e-19,0.0,0.0,0.0,0.5784,3.246798222796332,1.1149801472725245,56.81197257968256,56.81197257968256,56.81197257968256,56.81197257968256
73.0,4.384,1.2355737672294108e-16,-1.0403573274572693e-16,0.14569774689744314,2.3444481908191608e-16,-4.922072980291721e-16,0.4427752781250177,0.0,0.0,0.0,-8.076183960408401e-19,0.0,0.0,0.0,0.5784,3.2444312939674704,1.1139454317048552,56.656585534240946,56.656585534240946,56.656585534240946,56.656585534240946
74.0,4.416,1.3242479231861402e-16,-1.184919237242924e-16,0.1603395411824816,2.771067373647792e-16,-4.517559680801706e-16,0.4575560714074512,0.0,0.0,0.0,-8.076183960409693e-19,0.0,0.0,0.0,0.5784,3.242048594514361,1.1130646748263628,56.503153298389186,56.503153298389186,56.503153298389186,56.503153298389186
75.0,4.448,1.4268418002304617e-16,-1.2886744051750582e-16,0.17539742789838447,3.206058657635044e-16,-3.24234899787919e-16,0.4705589598719647,0.0,0.0,0.0,-8.076183960409387e-19,0.0,0.0,0.0,0.5784,3.2396653777646436,1.112359199826243,56.35204040044385,56.35204040044385,56.35204040044386,56.35204040044386
76.0,4.48,1.5424437295700413e-16,-1.3288756651786814e-16,0.1908155249063459,3.6125602918618575e-16,-1.256289375113224e-16,0.48181553149879425,0.0,0.0,0.0,-8.076183960408216e-19,0.0,0.0,0.0,0.5784,3.237295906436853,1.1118477115084116,56.20359008824507,56.20359008824507,56.203590088245086,56.203590088245086
77.0,4.5120000000000005,1.6691892777544257e-16,-1.2932613568717339e-16,0.2065390804222717,3.960798380762011e-16,1.1129471345921107e-16,0.4913611098726809,0.0,0.0,0.0,-8.076183960407583e-19,0.0,0.0,0.0,0.5784,3.2349533875836163,1.1115461287575419,56.058124388348816,56.058124388348816,56.05812438834883,56.05812438834883
78.0,4.5440000000000005,1.804183512726221e-16,-1.180299140671656e-16,0.22251458355220755,4.2185698428685975e-16,3.530069256252429e-16,0.4992344728104946,0.0,0.0,0.0,-8.0761839604059795e-19,0.0,0.0,0.0,0.5784,3.2326499227303795,1.1114646193199313,55.91594420899204,55.91594420899204,55.91594420899205,55.91594420899205
79.0,4.5760000000000005,1.9444799298744618e-16,-1.0009547645387768e-16,0.23868986602417827,4.384263035882521e-16,5.604511754152472e-16,0.5054775772490847,0.0,0.0,0.0,-8.076183960404662e-19,0.0,0.0,0.0,0.5784,3.2303964726584447,1.1114646193199313,55.77732948351551,55.77732948351551,55.77732948351551,55.77732948351551
80.0,4.6080000000000005,2.0868890772506844e-16,-7.843227423470991e-17,0.25501419533114467,4.450285855506955e-16,6.769750693489922e-16,0.5101352908426994,0.0,0.0,0.0,-8.076183960404921e-19,0.0,0.0,0.0,0.5784,3.228202836170228,1.1114646193199313,55.6425393512248,55.6425393512248,55.6425393512248,55.6425393512248
81.0,4.64,2.227870096788701e-16,-5.587507079946844e-17,0.27143835951140216,4.405656860563142e-16,7.049126073513148e-16,0.5132551306330605,0.0,0.0,0.0,-8.076183960404833e-19,0.0,0.0,0.0,0.5784,3.226077642076135,1.1114646193199313,55.51181237294859,55.51181237294859,55.51181237294859,55.51181237294859
82.0,4.672,2.364543611844622e-16,-3.526250714681737e-17,0.2879147438018669,4.2710473454975223e-16,6.441426141453455e-16,0.514887009077022,0.0,0.0,0.0,-8.076183960404738e-19,0.0,0.0,0.0,0.5784,3.2240283535567538,1.1114646193199313,55.38536677881584,55.38536677881584,55.38536677881583,55.38536677881583
83.0,4.704,2.4944187481703034e-16,-1.9117446232655716e-17,0.30439739940657584,4.0585980101775396e-16,5.045331535675511e-16,0.5150829876471547,0.0,0.0,0.0,-8.07618396040311e-19,0.0,0.0,0.0,0.5784,3.222061283981652,1.1114646193199313,55.26340074601304,55.26340074601304,55.263400746013026,55.263400746013026
84.0,4.736,2.6144481612337583e-16,-8.943797193910634e-18,0.3208421046276137,3.7509191582329606e-16,3.1792653246078356e-16,0.5138970381574326,0.0,0.0,0.0,-8.076183960400527e-19,0.0,0.0,0.0,0.5784,3.2201816232071314,1.1114646193199313,55.14609270451085,55.14609270451085,55.146092704510835,55.146092704510835
85.0,4.768,2.7217166460618366e-16,-4.6734322079473714e-18,0.3372064186088061,3.3521401508774455e-16,1.3344890581135185e-16,0.5113848119122628,0.0,0.0,0.0,-8.07618396039712e-19,0.0,0.0,0.0,0.5784,3.2183934733300132,1.1114646193199313,55.03360166894736,55.03360166894736,55.03360166894736,55.03360166894736
86.0,4.8,2.8132932236470064e-16,-4.7481110773978245e-18,0.3534497279441109,2.8617680495365534e-16,-2.3337146703266566e-18,0.5076034167282736,0.0,0.0,0.0,-8.076183960396623e-19,0.0,0.0,0.0,0.5784,3.2166998928428283,1.1114646193199313,54.9260675950432,54.9260675950432,54.9260675950432,54.9260675950432
87.0,4.832,2.886691935695419e-16,-7.327929252091584e-18,0.3695332864029043,2.293709751512896e-16,-8.061931795917991e-17,0.502611201837293,0.0,0.0,0.0,-8.076183960397598e-19,0.0,0.0,0.0,0.5784,3.215102948117453,1.1114646193199313,54.82361175908571,54.82361175908571,54.82361175908571,54.82361175908571
88.0,4.864,2.939731231107919e-16,-1.084607611188302e-17,0.3854202480234974,1.6574779816406112e-16,-1.0994208936848227e-16,0.49646755064353426,0.0,0.0,0.0,-8.076183960398629e-19,0.0,0.0,0.0,0.5784,3.2136037711388283,1.1114646193199313,54.72633715916481,54.72633715916481,54.72633715916481,54.72633715916481
89.0,4.896,2.969724822143973e-16,-1.4050906940853306e-17,0.4010756938244143,9.372997198766985e-17,-1.0015096340532135e-16,0.48923268127865377,0.0,0.0,0.0,-8.07618396039854e-19,0.0,0.0,0.0,0.5784,3.2122026224174296,1.1114646193199313,54.63432893696813,54.63432893696813,54.63432893696813,54.63432893696813
90.0,4.928,2.9745852783132086e-16,-1.5685956374140095e-17,0.4164666523803849,1.5188925528860908e-17,-5.109529479021211e-17,0.4809674548740795,0.0,0.0,0.0,-8.076183960398555e-19,0.0,0.0,0.0,0.5784,3.2108989580277654,1.1114646193199313,54.547654819050436,54.547654819050436,54.547654819050436,54.547654819050436
91.0,4.96,2.9526658806536955e-16,-1.4532930540471842e-17,0.4315621145068146,-6.849811768597862e-17,3.6032057302132857e-17,0.47173319145092785,0.0,0.0,0.0,-8.076183960398078e-19,0.0,0.0,0.0,0.5784,3.209691499749643,1.1114646193199313,54.466365576580806,54.466365576580806,54.466365576580806,54.466365576580806
92.0,4.992,2.9026844950530317e-16,-9.321636663849624e-18,0.4463330422928304,-1.561918300020741e-16,1.6285293364444419e-16,0.46159149331299326,0.0,0.0,0.0,-8.076183960398062e-19,0.0,0.0,0.0,0.5784,3.2085783073281,1.1114646193199313,54.39049550264347,54.39049550264347,54.39049550264348,54.39049550264348
93.0,5.024,2.8223109822348653e-16,1.3666340484955466e-18,0.4607523727189986,-2.5116722755676993e-16,3.3400845976078627e-16,0.45060407581775647,0.0,0.0,0.0,-8.076183960406822e-19,0.0,0.0,0.0,0.5784,3.2075568519158,1.1114646193199313,54.32006290622292,54.32006290622292,54.32006290622294,54.32006290622294
94.0,5.056,2.708915529078779e-16,1.7455567046302848e-17,0.47479501609158375,-3.543607911127697e-16,5.027791561814777e-16,0.43883260539328556,0.0,0.0,0.0,-8.076183960413958e-19,0.0,0.0,0.0,0.5784,3.206624089817063,1.1114646193199313,54.255070622044784,54.255070622044784,54.255070622044784,54.255070622044784
95.0,5.088,2.558503273381662e-16,3.794294631253599e-17,0.4884378495208727,-4.700382990534892e-16,6.402306020697852e-16,0.4263385446652796,0.0,0.0,0.0,-8.076183960414606e-19,0.0,0.0,0.0,0.5784,3.2057765357143895,1.1114646193199313,54.19550653546858,54.19550653546858,54.19550653546858,54.19550653546858
96.0,5.12,2.3665675052252197e-16,6.18012675377894e-17,0.5016597056667161,-5.997992754888823e-16,7.455725382891684e-16,0.41318300455760665,0.0,0.0,0.0,-8.076183960416296e-19,0.0,0.0,0.0,0.5784,3.2050103346251184,1.1114646193199313,54.141344121641836,54.141344121641836,54.141344121641836,54.141344121641836
97.0,5.152,2.1289865361523454e-16,8.776268281556908e-17,0.5144413569701186,-7.424405283527313e-16,8.112942274306142e-16,0.399426603231327,0.0,0.0,0.0,-8.076183960418936e-19,0.0,0.0,0.0,0.5784,3.204321331906453,1.1114646193199313,54.092542998123996,54.092542998123996,54.092542998123996,54.092542998123996
98.0,5.184,1.8421907897858964e-16,1.1423502603650324e-16,0.5267654955855082,-8.962367073951524e-16,8.272607256541918e-16,0.38512933173092506,0.0,0.0,0.0,-8.076183960419275e-19,0.0,0.0,0.0,0.5784,3.203705140700408,1.1114646193199313,54.04904949017842,54.04904949017843,54.04904949017843,54.04904949017842
99.0,5.216,1.5027799655334644e-16,1.3959380167098126e-16,0.5386167092242923,-1.0606588257888489e-15,7.924617385774374e-16,0.3703504262120013,0.0,0.0,0.0,-8.0761839604222045e-19,0.0,0.0,0.0,0.5784,3.2031572062850446,1.1114646193199313,54.01079720790931,54.01079720790933,54.01079720790933,54.01079720790931
100.0,5.248,1.1217636733415791e-16,1.6223304780703612e-16,0.5499814531164995,-1.1906759130996404e-15,7.074764417517136e-16,0.35514824663147493,0.0,0.0,0.0,-8.07618396042896e-19,0.0,0.0,0.0,0.5784,3.2026728668736544,1.1114646193199313,53.97770763439124,53.97770763439124,53.97770763439124,53.97770763439124
101.0,5.28,7.193125151040243e-17,1.8030503598545668e-16,0.5608480182937593,-1.2576598694923578e-15,5.647496305756418e-16,0.33958016178936884,0.0,0.0,0.0,-8.076183960432216e-19,0.0,0.0,0.0,0.5784,3.2022474104783436,1.1114646193199316,53.94969072390217,53.94969072390217,53.94969072390216,53.94969072390216
102.0,5.312,3.200411861067223e-17,1.9213236151525374e-16,0.571206496393597,-1.2477229031165677e-15,3.696039228061578e-16,0.32370244061992776,0.0,0.0,0.0,-8.076183960432263e-19,0.0,0.0,0.0,0.5784,3.2018761275278482,1.1114646193199316,53.926645509328026,53.926645509328026,53.92664550932801,53.92664550932801
103.0,5.344,-5.203015271936744e-18,1.9719276329293434e-16,0.581048741182043,-1.1627229338315295e-15,1.5813755555251863e-16,0.3075701496389365,0.0,0.0,0.0,-8.076183960436483e-19,0.0,0.0,0.0,0.5784,3.201554359000604,1.1114646193199313,53.908460717759404,53.90846071775939,53.908460717759375,53.90846071775939
104.0,5.376,-3.7239563824834545e-17,1.9563943463423884e-16,0.5903683269888735,-1.0011421422780553e-15,-4.854152058423437e-17,0.29123705646345494,0.0,0.0,0.0,8.873708013040817e-16,0.0,0.0,0.0,0.5784,3.2012775399024047,1.1114646193199313,53.89501539325028,53.89501539325027,53.89501539325027,53.89501539325028
105.0,5.408,-6.284409966114165e-17,1.8879957893456486e-16,0.5991605042474174,-8.001417448845962e-16,-2.1374549061481146e-16,0.27475553932949554,0.0,0.0,0.0,8.873708013040832e-16,0.0,0.0,0.0,0.5784,3.201041237982844,1.1114646193199316,53.88617952565505,53.88617952565504,53.88617952565504,53.88617952565505
106.0,5.44,-8.209181862087162e-17,1.7786109699256857e-16,0.6074221523287582,-6.014912174915611e-16,-3.418275606873839e-16,0.25817650254189906,0.0,0.0,0.0,8.873708013040846e-16,0.0,0.0,0.0,0.5784,3.2008411876456577,1.1114646193199316,53.88181468440702,53.88181468440702,53.88181468440702,53.88181468440702
107.0,5.472,-9.639403467046918e-17,1.6373730983772965e-16,0.6151517298583332,-4.469442515499236e-16,-4.413683485887158e-16,0.24154929779921971,0.0,0.0,0.0,8.873708013040847e-16,0.0,0.0,0.0,0.5784,3.2006733190646925,1.1114646193199316,53.881774656047334,53.881774656047334,53.881774656047334,53.881774656047334
108.0,5.5040000000000004,-1.0711522830963305e-16,1.4726268473906131e-16,0.6223492227013391,-3.3503730122387067e-16,-5.148320343333851e-16,0.2249216513439329,0.0,0.0,0.0,8.873708013040847e-16,0.0,0.0,0.0,0.5784,3.200533782569217,1.1114646193199316,53.88590608426149,53.88590608426149,53.88590608426149,53.88590608426149
109.0,5.5360000000000005,-1.1562312892551233e-16,1.2927722352089262e-16,0.6290160898019781,-2.6587189424622706e-16,-5.620456630677713e-16,0.20833959689496911,0.0,0.0,0.0,8.873708013040849e-16,0.0,0.0,0.0,0.5784,3.200418968409511,1.1114646193199318,53.89404911113161,53.89404911113161,53.89404911113161,53.89404911113161
110.0,5.5680000000000005,-1.238229645852438e-16,1.1058943626954405e-16,0.6351552070603876,-2.562448643666082e-16,-5.839933516046423e-16,0.19184741432529806,0.0,0.0,0.0,8.873708013040849e-16,0.0,0.0,0.0,0.5784,3.2003255220559206,1.1114646193199318,53.9060380182662,53.9060380182662,53.9060380182662,53.9060380182662
111.0,5.6000000000000005,-1.3359885650783862e-16,9.182956175619921e-17,0.6407708094300375,-3.054966225810879e-16,-5.862460785420256e-16,0.17548757405155807,0.0,0.0,0.0,8.87370801304085e-16,0.0,0.0,0.0,0.5784,3.2002503552218675,1.1114646193199318,53.92170186642959,53.92170186642961,53.92170186642961,53.92170186642959
112.0,5.632,-1.4682235693010663e-16,7.379025610696768e-17,0.645868431417429,-4.1323438819588626e-16,-5.637283015385006e-16,0.1593006871059886,0.0,0.0,0.0,8.873708013040852e-16,0.0,0.0,0.0,0.5784,3.2001906528336153,1.1114646193199318,53.94086513225674,53.940865132256754,53.940865132256754,53.94086513225674
113.0,5.664,-1.6418439722276604e-16,5.728676665293626e-17,0.6504548461650301,-5.4256375914560615e-16,-5.157340454384811e-16,0.1433254608625352,0.0,0.0,0.0,8.873708013040857e-16,0.0,0.0,0.0,0.5784,3.2001438761970173,1.1114646193199318,53.963348340611596,53.963348340611596,53.963348340611596,53.963348340611596
114.0,5.696,-1.851175607465175e-16,4.337922250764414e-17,0.654538003297493,-6.541613601172326e-16,-4.346107545403784e-16,0.12759866038946482,0.0,0.0,0.0,8.873708013040856e-16,0.0,0.0,0.0,0.5784,3.2001077626340653,1.1114646193199318,53.98896869112472,53.98896869112472,53.98896869112472,53.98896869112472
115.0,5.728,-2.0910038579694674e-16,3.300498685607422e-17,0.6581269657102734,-7.494632828259133e-16,-3.2419486411155986e-16,0.11215507539938722,0.0,0.0,0.0,8.873708013040856e-16,0.0,0.0,0.0,0.5784,3.200080321880047,1.1114646193199318,54.01754067743366,54.01754067743366,54.01754067743366,54.01754067743366
116.0,5.76,-2.3572803314027683e-16,2.7085439338302962e-17,0.6612318454787603,-8.321139794790645e-16,-1.8498585993035157e-16,0.09702749276521697,0.0,0.0,0.0,8.873708013040856e-16,0.0,0.0,0.0,0.5784,3.200059829545593,1.1114646193199318,54.04887669764304,54.04887669764304,54.04887669764304,54.04887669764304
117.0,5.792,-2.645371316747155e-16,2.66092261964101e-17,0.6638637390648846,-9.002843292012075e-16,-1.488166068415195e-17,0.08224667456638295,0.0,0.0,0.0,8.87370801304086e-16,0.0,0.0,0.0,0.5784,3.200044817957159,1.1114646193199318,54.08278765452558,54.08278765452558,54.082787654525596,54.082787654525596
118.0,5.824,-2.946004201608456e-16,3.2484691947359024e-17,0.6660346619968526,-9.39477765191565e-16,1.8360830471715372e-16,0.06784134162399891,0.0,0.0,0.0,8.873708013040857e-16,0.0,0.0,0.0,0.5784,3.2000340646946794,1.1114646193199318,54.11908354399832,54.11908354399832,54.119083543998336,54.119083543998336
119.0,5.856,-3.2495509416340015e-16,4.426919204430962e-17,0.6677574831961155,-9.485835625798287e-16,3.682656280297057e-16,0.05383816247696636,0.0,0.0,0.0,8.873708013040857e-16,0.0,0.0,0.0,0.5784,3.2000265791465834,1.1114646193199318,54.15757403042949,54.15757403042949,54.15757403042949,54.15757403042949
120.0,5.888,-3.546332041332192e-16,6.011789391538591e-17,0.6690458591238844,-9.27440936556844e-16,4.952719334711337e-16,0.04026174774277715,0.0,0.0,0.0,8.873708013040857e-16,0.0,0.0,0.0,0.5784,3.2000215874002693,1.111464619319932,54.198069007362925,54.198069007362925,54.198069007362925,54.198069007362925
121.0,5.92,-3.8264729431114773e-16,7.832041112779672e-17,0.6699141679174002,-8.754403180602665e-16,5.688286628878371e-16,0.02713464979737024,0.0,0.0,0.0,8.873708013040858e-16,0.0,0.0,0.0,0.5784,3.2000185157808283,1.111464619319932,54.24037914228801,54.24037914228801,54.24037914228801,54.24037914228801
122.0,5.952,-4.080037527031687e-16,9.701574603154962e-17,0.6703774436837389,-7.923893247506544e-16,5.842292157422779e-16,0.014477367698082626,0.0,0.0,0.0,8.873708013040858e-16,0.0,0.0,0.0,0.5784,3.2000169733425117,1.111464619319932,54.284316404131665,54.284316404131665,54.284316404131665,54.284316404131665
123.0,5.984,-4.2968510593084456e-16,1.1427431349038654e-16,0.6704513111161352,-6.775422883648701e-16,5.39330233088653e-16,0.0023083572623858162,0.0,0.0,0.0,8.873708013040857e-16,0.0,0.0,0.0,0.5784,3.200016733606501,1.111464619319932,54.32969457220761,54.32969457220761,54.32969457220761,54.32969457220761
124.0,6.016,-4.466180069774699e-16,1.2830818801837582e-16,0.6701519205946268,-5.29153157707041e-16,4.385585789996649e-16,-0.00935595379713757,0.0,0.0,0.0,8.873708013040855e-16,0.008191999999999488,4.3191486650074266e-16,-5.613483225803942e-17,0.5903018533028744,3.200017715825184,1.111464619319932,55.833525133556556,56.88030913355649,56.88030913355643,55.8335251335565
125.0,6.048,-4.574712272058371e-16,1.3728279007871944e-16,0.6698241049009882,-3.391631321364755e-16,2.8045631438573787e-16,-0.010244240426206244,0.0,0.0,0.0,8.873708013040856e-16,0.008191999999999675,2.760662995159817e-16,-6.006122065943974e-17,0.6007387486534796,3.2000188234248292,1.111464619319932,56.62086034010255,55.837244340102615,55.83724434010267,56.62086034010261
126.0,6.08,-4.609434333412705e-16,1.3932727164821712e-16,0.669742992917497,-1.0850644173229266e-16,6.389004904680231e-17,-0.0025347494841017316,1.0341927513109463e-15,-0.0033543605904633425,1.1370025406031014e-15,8.476413394282654e-15,0.008191999999999902,5.3299029712488427e-17,-1.6527592381904369e-15,0.6102423612026193,3.200019102662612,1.111464619319932,56.110655034774595,56.15135814905547,56.151358149055454,56.11065503477461
127.0,6.112,-3.463096437030732e-05,1.3065518350990566e-16,0.6699405648764521,-0.0010822176365576984,-2.7100275432223276e-16,0.006174123717350011,1.3966287834142101e-15,-0.006377175821440397,1.2764828077004431e-15,4.473523132514768e-15,0.007125454952677529,-2.765303126739148e-16,-1.844236954959519e-15,0.6189660245508739,3.200053056857414,1.1114981203875633,56.020871933681235,56.06452836773951,56.0645283677395,56.02087193368125
128.0,6.144,-0.00013489361325177122,1.0752560057981851e-16,0.6703842109218324,-0.003133207777545744,-7.22799466565223e-16,0.013863938918133577,1.7562738222775676e-15,-0.009044948817246564,1.3014767362389548e-15,9.12463262828564e-16,0.005104255742100848,-7.193094898883264e-16,-1.8691078980323936e-15,0.6269611220347147,3.2001518442072747,1.1115951121798906,55.93677444292764,55.98118451418128,55.98118451418128,55.93677444292764
129.0,6.176,-0.00032796519234061094,6.625410798065018e-17,0.6710429945708232,-0.006033486846526236,-1.289734143724009e-15,0.0205869890309608,2.1084631945693444e-15,-0.011352089886897296,1.3259016687829923e-15,9.025602285799502e-16,0.0022462349549561417,-1.2743098692460687e-15,-1.885245538074803e-15,0.634275038992107,3.2003428385013835,1.1117818868423686,55.85722963385451,55.90196682799387,55.90196682799387,55.85722963385451
130.0,6.208,-0.0006371877966953896,3.2550126992504883e-18,0.6718875852343739,-0.009663206386086823,-1.9687217275437386e-15,0.026393458235959125,2.4841371637214974e-15,-0.013296457824896076,1.3497429470613174e-15,8.845104006031943e-16,-0.0013304250133676244,-1.938584735721232e-15,-1.8910639104360974e-15,0.640951555058259,3.2006495964169672,1.1120810288132346,55.78201076781975,55.826672201861676,55.826672201861676,55.78201076781975
131.0,6.24,-0.0010820883104660818,-8.527625493685897e-17,0.6728901987560215,-0.01390314105533412,-2.7666021136284182e-15,0.03133167255148919,2.8036020224964033e-15,-0.01487915458434496,1.373780632645187e-15,8.818672664061568e-16,-0.005508165678062506,-2.718977724649607e-15,-1.885997135823066e-15,0.647031199764701,3.2010918607652945,1.1125114352751337,55.71092103483426,55.75512323580121,55.75512323580121,55.71092103483426
132.0,6.272,-0.0016784277154090446,-2.025514650922308e-16,0.6740245442736897,-0.018635606404467573,-3.664850317355366e-15,0.035448297427131924,3.0989752766749795e-15,-0.016104356434541015,1.3980268301174254e-15,8.706005427754924e-16,-0.010170956897291786,-3.597338670404431e-15,-1.868667751819179e-15,0.6525515736515922,3.2016855968846336,1.1130883649013728,55.64378693732361,55.68716817023116,55.68716817023116,55.64378693732361
133.0,6.304,-0.002438277934488879,-3.5152115563376876e-16,0.6752657759045434,-0.023745319346244805,-4.655302829423057e-15,0.03878848846417673,3.4305237324720164e-15,-0.016979128269260714,1.4220990480408363e-15,8.414011864238925e-16,-0.01520514475614658,-4.565743352637904e-15,-1.8372652549456333e-15,0.6575476370908482,3.2024430598554527,1.1138235129811234,55.580455343770815,55.62267767027516,55.62267767027516,55.580455343770815
134.0,6.336,-0.003370124243647617,-5.35487815911077e-16,0.6765904480490079,-0.029120197161210528,-5.7489581336658774e-15,0.0413960045145163,3.730038912260382e-15,-0.01751322317697358,1.4467653999591022e-15,8.304654591517707e-16,-0.02050023880402535,-5.635143251539794e-15,-1.7914421118306497e-15,0.6620519691370514,3.203372890130712,1.114725110917915,55.52079081967862,55.56154185831794,55.56154185831794,55.52079081967862
135.0,6.368,-0.004478991176116378,-7.574150974677717e-16,0.6779764733849174,-0.03465209163964877,-6.935227548646702e-15,0.043313291747171204,4.04112623805553e-15,-0.01771886960896643,1.4717455052182505e-15,8.054776784472295e-16,-0.025949635302626957,-6.795230030177979e-15,-1.729537766160436e-15,0.6660949988007194,3.2044802351070367,1.115798048029784,55.46467321890563,55.50366760691034,55.50366760691034,55.46467321890563
136.0,6.4,-0.005766589760536241,-1.0203707224969569e-15,0.6794030828713117,-0.04023745576312066,-8.217363282162031e-15,0.04458154644982125,4.366349121940563e-15,-0.01761054846981507,1.5113420812905325e-15,1.2229701481263116e-15,-0.03145127393034474,-8.04888746804818e-15,-1.670269736875855e-15,0.6697052111727624,3.2057668941147863,1.117044013536854,55.411995527370514,55.44897608655558,55.44897608655557,55.4119955273705
137.0,6.432,-0.007231483875167099,-1.3275551243687301e-15,0.6808507873001696,-0.04577794108221428,-9.599512558492906e-15,0.04524076340180895,4.586344953391633e-15,-0.017204762422476098,1.5383973245577656e-15,7.885845470085131e-16,-0.03690822613190996,-9.40110152019672e-15,-1.5742604545109541e-15,0.6729093308205509,3.207231484277282,1.1184616565999013,55.36266194743012,55.39740055895172,55.39740055895172,55.36266194743012
138.0,6.464,-0.008869273463913927,-1.681097246430022e-15,0.682301340121053,-0.05118092464833833,-1.1048191314415359e-14,0.045329775652608276,4.7869398774743644e-15,-0.016519799650127898,1.5663160127794472e-15,7.72017034190479e-16,-0.04222921399333463,-1.0818649456452067e-14,-1.4593952299783843e-15,0.6757324848270899,3.208869624681406,1.1200467622686912,55.31658620807318,55.34888440292922,55.34888440292922,55.31658620807318
139.0,6.496,-0.01067279234403501,-2.0829244893068523e-15,0.6837377014170731,-0.05635996500378378,-1.2557101339900937e-14,0.04488629050062791,5.0204528961219945e-15,-0.015575494250602642,1.5946550437247027e-15,7.407749321792893e-16,-0.04732905915932855,-1.229547327101057e-14,-1.3242668365317305e-15,0.6781983477587143,3.2106741363127864,1.1217924412087252,55.2736900835371,55.30337935761573,55.30337935761572,55.27369008353708
140.0,6.5280000000000005,-0.012632318338483182,-2.535288354528965e-15,0.6851440030307109,-0.06123518732650536,-1.4136370788191008e-14,0.04394692542617966,5.137194417592113e-15,-0.014392985358613112,1.6105054335186544e-15,3.0758932308696306e-16,-0.05212906189405716,-1.3842362573228853e-14,-1.1498803672573574e-15,0.6803292707278645,3.2126352552375486,1.1236893310972023,55.23390210108325,55.26084396531419,55.26084396531419,55.23390210108325
141.0,6.5600000000000005,-0.01473579348621933,-3.039264657303072e-15,0.6865055149257259,-0.06573359836675452,-1.5749259461690825e-14,0.042547246719218355,5.244770198065973e-15,-0.012994476997730839,1.6270619745243442e-15,2.9047998151197814e-16,-0.05655731091894853,-1.542266735794221e-14,-9.5430349231346e-16,0.6821463965709473,3.21474085655781,1.125725807611442,55.19715641745835,55.22124219520047,55.22124219520047,55.19715641745835
142.0,6.5920000000000005,-0.01696905211999543,-3.595836205381366e-15,0.6878086129284405,-0.06978933230550305,-1.7392860877446667e-14,0.04072181258483323,5.340615514927886e-15,-0.011403000559872917,1.6300886131589145e-15,-1.6864947975445613e-16,-0.060548925146876605,-1.7034498226704723e-14,-7.172440095403274e-16,0.6836697629926833,3.21697668672824,1.1278882029743407,55.16339184301397,55.18454222821883,55.18454222821882,55.163391843013954
143.0,6.6240000000000006,-0.019316054651629333,-4.205866476674202e-15,0.6890407480205865,-0.07334382911355945,-1.906344597790113e-14,0.038504221629560124,5.3606137773222916e-15,-0.009642181696477584,1.6340914211081498e-15,-1.693399292716606e-16,-0.06404622887441602,-1.8673507944481055e-14,-4.587018960009081e-16,0.6849183953435342,3.219326601894513,1.1301610300705676,55.132550992511916,55.150715383439426,55.150715383439426,55.132550992511916
144.0,6.656000000000001,-0.021759124968402654,-4.869463871317804e-15,0.6901904173597315,-0.07634594739916623,-2.0737418582612536e-14,0.03592716684828325,5.434510484639823e-15,-0.007736013284074414,1.6524454437994607e-15,2.5202101906080835e-16,-0.06699886239669911,-2.031562196260517e-14,-1.9742141401214674e-16,0.6859103905017536,3.22177281000001,1.1325272102035522,55.10457954226235,55.119735166591404,55.11973516659139,55.104579542262336
145.0,6.688,-0.024279189419724657,-5.5872770269469246e-15,0.6912471371855794,-0.07875201410381472,-2.2431661113410616e-14,0.033022494557746945,5.390964001783623e-15,-0.005708635998992522,1.6574130195999019e-15,-1.8769369325510986e-16,-0.06936383037580554,-2.1979377248634348e-14,1.0564860776526653e-16,0.6866629931320698,3.224296114503209,1.1349683026265764,55.07942557435228,55.09157642242929,55.09157642242929,55.07942557435228
146.0,6.72,-0.02685601545950856,-6.358787492364856e-15,0.6922014177349675,-0.08052581374324688,-2.4109702044310327e-14,0.02982126716837699,5.3751548791866675e-15,-0.0035841279028180147,1.6624613879287813e-15,-1.9962628069088237e-16,-0.07110549062576778,-2.3628033706256734e-14,4.313702069419935e-16,0.687192665394475,3.2268761576536504,1.1374647340513397,55.05703899025612,55.06621457395835,55.06621457395835,55.05703899025612
147.0,6.752,-0.029468448105733895,-7.183756874527853e-15,0.6930447402391265,-0.08163852019454165,-2.578029319259364e-14,0.02635382825497132,5.371879698368775e-15,-0.001386304303168941,1.6676376069236074e-15,-2.0730755403302047e-16,-0.07219548627658956,-2.527027064505652e-14,7.795225178953325e-16,0.6875151509840477,3.2294916613879003,1.1399960264142708,55.037370977987344,55.04362493324768,55.04362493324768,55.037370977987344
148.0,6.784,-0.03209464248336467,-8.062075441400123e-15,0.6937695360176859,-0.08206857430096155,-2.744745521475843e-14,0.022649868079978992,5.388437014570069e-15,0.0008614709853927991,1.672931507863503e-15,-2.1248399978094052e-16,-0.07261262454627028,-2.6910096999063806e-14,1.1500292781569312e-15,0.6876455342005937,3.2321206640275952,1.1425410212646012,55.02037351907036,55.023782070522,55.023782070522,55.02037351907036
149.0,6.816,-0.03471229082909306,-8.993834512618995e-15,0.6943691676188695,-0.08180151080401213,-2.911747097558971e-14,0.01873848753698724,5.433166645974102e-15,0.0031364619968338547,1.6783730131241802e-15,-2.1462602901131047e-16,-0.07234270558391187,-2.8553737132440486e-14,1.5428552925735842e-15,0.6875982945789112,3.2347407510882027,1.145078099228817,55.0059989238985,55.00665923034728,55.00665923034727,55.00599892389849
150.0,6.848,-0.03729884245519259,-9.979409073766567e-15,0.6948379118879808,-0.08082973831561033,-3.0799205035861613e-14,0.014648258409730152,5.309611285983603e-15,0.005416723743827309,1.6834415443176705e-15,-2.243653111394217e-16,-0.07137830504718023,-3.020998799203696e-14,1.9588701272320545e-15,0.6873873574596782,3.237329278638783,1.147585393103336,54.99419938640769,54.992227785942156,54.992227785942156,54.99419938640769
151.0,6.88,-0.03983171529397013,-1.101751084867212e-14,0.6951709447799642,-0.07915227621179802,-3.2440680465798487e-14,0.010407277874480833,5.2233239832299065e-15,0.007681251422232063,1.6883477847168132e-15,-2.1937276532914977e-16,-0.06971851424319556,-3.182762074024214e-14,2.397213217080835e-15,0.6870261407496038,3.2398635877886184,1.1500409932308533,54.98492655136738,54.98045672486617,54.98045672486617,54.98492655136738
152.0,6.912,-0.04228849777274965,-1.2107226833497567e-14,0.6953643276695225,-0.07677445246185995,-3.405362452579519e-14,0.006043215298696248,5.141032636480653e-15,0.009910115129192135,1.6787885469186715e-15,-6.59663997039547e-16,-0.06736864179211091,-3.341916012766792e-14,2.877521250527737e-15,0.6865275980090729,3.242321209015224,1.1524231439251773,54.97813108988697,54.97131216149366,54.97131216149366,54.97813108988697
153.0,6.944,-0.04464713990082758,-1.32476907902882e-14,0.6954149948565043,-0.07370756650243529,-3.5639498649707264e-14,0.0015833495931802375,5.037250581628583e-15,0.01208457967144063,1.6687821451818382e-15,-6.584989031586243e-16,-0.0643398808666541,-3.4985006536314944e-14,3.379817198385436e-15,0.6859042579168169,3.2446800551889976,1.154710429823883,54.97376228090263,54.96475687371357,54.96475687371358,54.97376228090262
154.0,6.976,-0.0468861325832294,-1.443783011947004e-14,0.6953207419171041,-0.06996852132505674,-3.719185403693242e-14,-0.002945404356254064,4.950361713331777e-15,0.01418720917433323,1.75800924839998e-15,2.459978952601444e-15,-0.06064894611856284,-3.651270908551261e-14,3.7641246039380844e-15,0.6851682600942199,3.2469186022915797,1.156881951166834,54.97176759838578,54.96074986314599,54.96074986314599,54.97176759838578
155.0,7.008,-0.04898467431020605,-1.5676731916785872e-14,0.6950802145144303,-0.06557942896802019,-3.871568116611975e-14,-0.007516481333558887,4.9172934046251144e-15,0.016201956331943896,1.8473500734786726e-15,2.480941840421422e-15,-0.05631768442464656,-3.801400444516063e-14,4.168874012565364e-15,0.6843313872261501,3.249016056966967,1.158917487120604,54.97209230576006,54.959245939794286,54.959245939794286,54.97209230576006
156.0,7.04,-0.05092282450511043,-1.6964018371181643e-14,0.6946928972562583,-0.060567193590761945,-4.0227701699867796e-14,-0.012103664317874425,4.9173887003898806e-15,0.018114236263514626,1.9367392916093683e-15,2.499148928926499e-15,-0.05137266357232188,-3.950549945230433e-14,4.5940677679531195e-15,0.6834050933895278,3.250952510185662,1.1607976463929268,54.97467906049322,54.96019533342531,54.96019533342531,54.97467906049322
157.0,7.072,-0.052681642945525305,-1.8299642538654443e-14,0.6941591021739165,-0.05496307626296475,-4.173825523352496e-14,-0.016681096323179614,4.950609346441213e-15,0.019910985061008087,2.026247074292466e-15,2.519577577450534e-15,-0.0458447429588375,-4.099748449697121e-14,5.039678033660638e-15,0.6824005284936014,3.2527090764416204,1.1625040045064308,54.979467533024184,54.96354333506549,54.963543335065474,54.97946753302417
158.0,7.104,-0.054243314802295495,-1.9683888429911105e-14,0.6934799563943786,-0.0488022455240684,-4.325768410177065e-14,-0.021223305610558445,4.909223810869748e-15,0.02158070322589551,2.157284422967547e-15,3.8368007369307625e-15,-0.03976863030262793,-4.249859044964997e-14,5.447958960240088e-15,0.6813285587450476,3.2542680180387102,1.164019227225902,54.98639404507932,54.96922997280993,54.96922997280993,54.98639404507932
159.0,7.136,-0.055591260967572574,-2.111629579844019e-14,0.6926573885875049,-0.04212331766490869,-4.476273026653384e-14,-0.025705243964804062,4.875284097515089e-15,0.023113484300146255,2.302273230277794e-15,4.2954341399339334e-15,-0.033182428262457014,-4.398769421714748e-14,5.857445771541972e-15,0.6801997830742491,3.2556128541570395,1.1653271797570934,54.995391233027064,54.977189726660455,54.977189726660455,54.995391233027064
160.0,7.168,-0.05671023346534889,-2.259647729586199e-14,0.6916941137913366,-0.03496789055550985,-4.6255671794431203e-14,-0.03010233738025972,4.845805993551223e-15,0.024501029096259015,2.446966087946912e-15,4.309614513960644e-15,-0.0261271747338392,-4.546781082816642e-14,6.28805863794438e-15,0.679024545493901,3.2567284545189255,1.166413021456623,55.00638774222233,54.98735128734671,54.98735128734671,55.00638774222233
161.0,7.2,-0.05758639585560446,-2.4124092358548358e-14,0.6905936162494475,-0.027380074695486558,-4.773797070894899e-14,-0.03439054818403506,4.813607290451301e-15,0.025736646023769676,2.591261453021763e-15,4.321318904477066e-15,-0.018646380446481196,-4.69404686074129e-14,6.739949568012841e-15,0.677812943404826,3.257601117599076,1.1672632859109024,55.0193079583185,54.99963736405714,54.99963736405714,55.0193079583185
162.0,7.232,-0.05820738865560485,-2.5698776664459247e-14,0.6893601299343743,-0.01940602500001205,-4.920888455971526e-14,-0.038546447346035594,4.8090616845673624e-15,0.026815238094738826,2.7213892769135884e-15,3.902920496905775e-15,-0.01078556732505352,-4.840513602653051e-14,7.232411449026569e-15,0.6765748319138978,3.2582186334428926,1.1678659463564744,55.034071781297484,55.01396454573538,55.01396454573538,55.034071781297484
163.0,7.264,-0.05856237990868323,-2.7320447679098123e-14,0.6879986164786733,-0.011093476658699477,-5.067721920746481e-14,-0.04254729549065663,4.788232524321705e-15,0.027733277268087036,2.8509239240358746e-15,3.908785561587982e-15,-0.0025918109022479655,-4.987013784911103e-14,7.746590361686383e-15,0.6753198242826914,3.258570331270349,1.1682104665239847,55.05059444751671,55.03024322011263,55.030243220112645,55.050594447516694
164.0,7.296,-0.05864210113174082,-2.898886619931799e-14,0.6865147402886175,-0.00249128822054972,-5.213807875687078e-14,-0.04637113093924543,4.794346237619806e-15,0.028488766862194047,3.108471693450099e-15,7.93207075345593e-15,0.005886710108723459,-5.13313775970421e-14,8.102533643458831e-15,0.6740572886804364,3.2586471121502023,1.1682878370927365,55.068786404426895,55.048377553977,55.048377553977,55.068786404426895
165.0,7.328,-0.05843886896752908,-3.070402955284295e-14,0.684914840673333,0.00635100513161684,-5.359885479765489e-14,-0.04999686297764076,4.80282465030872e-15,0.02908119282684631,3.3799386108918977e-15,8.390989533081473e-15,0.014601154162278439,-5.279777997763005e-14,8.460182866796893e-15,0.6727963414687828,3.2584414671299773,1.1680905980419334,55.08855324181409,55.06826553736389,55.06826553736388,55.088553241814076
166.0,7.36,-0.0579465929564399,-3.24659589289923e-14,0.6832059008826037,0.015383625346537016,-5.5060293004667304e-14,-0.05340436846028996,4.7084536058192584e-15,0.02951146471939292,3.649373552033938e-15,8.352284785744655e-15,0.023502444419515378,-5.42700811296146e-14,8.842100966444649e-15,0.6715458372967785,3.257947481301,1.1676128472780565,55.10979568249804,55.089799093423885,55.089799093423885,55.10979568249804
167.0,7.392,-0.05716076992498953,-3.427365826786464e-14,0.681395514008026,0.02455696973282398,-5.649060433976059e-14,-0.056574589830552614,4.589700414613907e-15,0.02978184727587306,3.91804058173197e-15,8.352873202689431e-15,0.032541680939679296,-5.571689869862174e-14,9.246322301369246e-15,0.6703143563305453,3.25716082436457,1.1668502360050736,55.132409634417016,55.11286425472106,55.11286425472106,55.132409634417016
168.0,7.424,-0.05607846556444425,-3.6125893671924905e-14,0.6794918457631008,0.03382201126703998,-5.788235637688314e-14,-0.05948963265391122,4.5071318650423066e-15,0.029895883505963176,4.17275997061812e-15,7.940228680461515e-15,0.041670535176639587,-5.71302492983952e-14,9.69100838299554e-15,0.6691101889819882,3.2560787283448804,1.165799951385238,55.15628630497978,55.13734140567309,55.13734140567309,55.15628630497978
169.0,7.456,-0.05469828384312427,-3.802180107007839e-14,0.6775035942167725,0.043130678791249245,-5.92471061922964e-14,-0.062132860822759706,4.422322431926844e-15,0.029858310270926666,4.427138582753713e-15,7.951026265288074e-15,0.05084162462329366,-5.85216949703676e-14,1.0156984804256977e-14,0.6679413185333691,3.2546999531665692,1.1644606871129726,55.18131237750761,55.16310558979988,55.16310558979988,55.18131237750761
170.0,7.488,-0.05302032495986389,-3.9960500577599644e-14,0.6754399466105523,0.05243621510188688,-6.058435961003907e-14,-0.06448898769438252,4.363009692204558e-15,0.02967496732642745,4.6816665287818395e-15,7.97564241117296e-15,0.06000886563631697,-5.989058744785557e-14,1.0643438536502355e-14,0.6668154020788988,3.2530247408795274,1.162832602592703,55.20737024855065,55.1900268794294,55.1900268794294,55.20737024855065
171.0,7.5200000000000005,-0.051046132603911595,-4.194137381348016e-14,0.6733105334405787,0.06169351112350917,-6.190228862126599e-14,-0.06654416156167542,4.30063233283061e-15,0.02935270082719728,4.935890891009319e-15,7.984676600570081e-15,0.06912780266279665,-6.124473303963603e-14,1.115099241018675e-14,0.6657397502201975,3.2510547593709025,1.1609172714734002,55.234338323877154,55.217970804548585,55.217970804548585,55.234338323877154
172.0,7.5520000000000005,-0.048778631338209893,-4.396377984865317e-14,0.6711253800318323,0.07085941455317812,-6.320018859915661e-14,-0.06828604402332386,4.208555115003513e-15,0.028899262298232965,5.175191134779358e-15,7.535248497465171e-15,0.07815591227983819,-6.258203039127742e-14,1.1700095814774022e-14,0.6647213059593585,3.2487930364538924,1.1587176203479823,55.26209137002161,55.24679883660755,55.24679883660757,55.262091370021594
173.0,7.5840000000000005,-0.04622205496845259,-4.6026793287974983e-14,0.6688948558715062,0.07989301155491574,-6.446916997880659e-14,-0.06970388001019048,4.15204626923943e-15,0.02832320407758114,5.528602476300861e-15,1.1114837842335236e-14,0.0870528806492442,-6.39042661118211e-14,1.2109957399429204e-14,0.6637666232315343,3.246243885264988,1.1562378584744757,55.29050091746305,55.27636892230714,55.27636892230714,55.29050091746305
174.0,7.6160000000000005,-0.04338186679949169,-4.812982044313951e-14,0.6666296220017225,0.08875588028002787,-6.571959859889135e-14,-0.07078855843074126,4.090405934147492e-15,0.027633772228976495,5.867541670684437e-15,1.0676495866273372e-14,0.09578085318300217,-6.521202218603786e-14,1.2560592842017696e-14,0.6628818455088404,3.2434128219356184,1.1534833994178715,55.31943571080243,55.30653606174055,55.30653606174055,55.31943571080243
175.0,7.648000000000001,-0.04026467271343589,-5.027223044035737e-14,0.664340576798074,0.09741231518924383,-6.695031241305817e-14,-0.07153266261401482,4.034432278798059e-15,0.02684079790879811,6.206419750703188e-15,1.0686681466395317e-14,0.10430465541266512,-6.650488947782627e-14,1.303180670547233e-14,0.6620726848895226,3.2403064765307077,1.1504607755467653,55.34876220072778,55.33715292472885,55.33715292472885,55.34876220072778
176.0,7.68,-0.03687812802999489,-5.245345960378955e-14,0.662038800479751,0.10582952135753398,-6.816341135725742e-14,-0.07193050994759433,3.988114741923142e-15,0.025954588151175125,6.545313650779848e-15,1.0697834157562547e-14,0.1125919842577421,-6.778452722865782e-14,1.3523495812219257e-14,0.6613444020615697,3.2369324982653565,1.147177546346976,55.37834507211048,55.36807049879705,55.36807049879705,55.37834507211048
177.0,7.712,-0.033230839129105474,-5.467305189376959e-14,0.6597354987093844,0.11397777815279418,-6.936225906187609e-14,-0.0719781803239574,3.983208910875401e-15,0.02498581700780648,6.884680534629666e-15,1.0722438910028038e-14,0.12061356909556446,-6.905386540990146e-14,1.403506551748015e-14,0.6607017874992138,3.233299456021685,1.1436422015352625,55.40804780226042,55.39913876198276,55.39913876198276,55.40804780226042
178.0,7.744,-0.029332260828441786,-5.693097855905011e-14,0.657441945646464,0.12183057189574015,-7.05602082900164e-14,-0.071673533216264,3.966911055133611e-15,0.023945417945408956,7.209551238081655e-15,1.0278411654598233e-14,0.12834330224816232,-7.032369559915172e-14,1.4587696532551682e-14,0.6601491442151184,3.229416735190817,1.1398640599697656,55.43773324318895,55.43020737355217,55.430207373552186,55.43773324318894
179.0,7.776,-0.02519259051388577,-5.922711131816226e-14,0.6551694268176969,0.12936469732987535,-7.17541487222544e-14,-0.07101621339897217,3.990442638618136e-15,0.022844478363926436,7.662767921116359e-15,1.429603164096771e-14,0.1357583387200407,-7.16095522186474e-14,1.4981583653865324e-14,0.6596902723516396,3.2252944318600316,1.1358531653597779,55.46726422167227,55.46112637571526,55.46112637571526,55.46726422167227
180.0,7.808,-0.020822660019254573,-6.156170468295426e-14,0.6529291821615137,0.1365603279572248,-7.295604264975002e-14,-0.07000764550572214,3.9822873718294536e-15,0.02169413705307079,8.129688028597819e-15,1.473094038561667e-14,0.14283916524429008,-7.290911552330667e-14,1.5377558777448086e-14,0.6593284558525384,3.2209432453522826,1.1316201797757266,55.49650415097729,55.491746899568525,55.491746899568525,55.49650415097729
181.0,7.84,-0.016233826242428133,-6.393470459676623e-14,0.6507323495927732,0.14340105552582613,-7.415624730662398e-14,-0.06865101777314345,3.953873735356166e-15,0.020505485353739108,8.596306055533429e-15,1.472596593069859e-14,0.14956963892143485,-7.421047089442516e-14,1.5795419965366826e-14,0.6590664514130827,3.2163743701047958,1.1271762759507278,55.52531764828027,55.521921868747164,55.521921868747164,55.52531764828027
182.0,7.872,-0.011437861468421628,-6.634586580814897e-14,0.6485899094182945,0.14987389918770314,-7.534878785571048e-14,-0.06695125545245686,3.9137637100840224e-15,0.019289472734824835,9.076986722072707e-15,1.516778685131937e-14,0.15593699596475938,-7.55093579359714e-14,1.6215154712463672e-14,0.6589064798627466,3.2115993878452764,1.122533029347746,55.55357115208013,55.55150669461538,55.55150669461538,55.55357115208013
183.0,7.904,-0.006446844345899325,-6.879483439686005e-14,0.6465126299149586,0.15596928507882185,-7.653026839722117e-14,-0.06491498447924732,3.8743952700621954e-15,0.018056817435341575,9.543472279525684e-15,1.4725136817359634e-14,0.16193183129521233,-7.679750969938391e-14,1.6676364694830704e-14,0.6588502200917332,3.206630160988811,1.117702310941247,55.58113353425065,55.580359957254124,55.580359957254124,55.58113353425065
184.0,7.936,-0.001273052432203414,-7.128127823025295e-14,0.6445110143605638,0.16168099730299706,-7.770136979352802e-14,-0.06255048607483807,3.797575891969164e-15,0.016817922757140953,1.0009631124668666e-14,1.4713764016393103e-14,0.16754804995606035,-7.807708417194949e-14,1.715967406865043e-14,0.6588988055912961,3.2014787281360055,1.1126961816294083,55.60787670178662,55.608344067002136,55.608344067002136,55.60787670178662
185.0,7.968,0.004071142816664242,-7.380449617722308e-14,0.6425952497842143,0.1670061015271141,-7.885056084281654e-14,-0.0598676430109204,3.769648040344683e-15,0.015582799525396568,1.0490525573287637e-14,1.5172020735619098e-14,0.17278279153951298,-7.933875554973558e-14,1.7643863301902013e-14,0.6590528236391181,3.196157202503693,1.1075267891526768,55.63367618375107,55.63532590184648,55.63532590184648,55.63367618375107
186.0,8.0,0.009573377780260073,-7.636428927112848e-14,0.6407751576785233,0.17194484261236956,-7.999353418454386e-14,-0.056877878302843916,3.7561980522295135e-15,0.014360995163054386,1.0957373447520264e-14,1.4731037340757894e-14,0.17763632903163398,-8.059256230679854e-14,1.8169303828102916e-14,0.6593123171255485,3.190677674064135,1.1022062683469958,55.65841169941442,55.66117741653297,55.66117741653297,55.65841169941442
187.0,8.032,0.015221394353458473,-7.896061628189774e-14,0.6390601468910492,0.17650051791244986,-8.113521908653928e-14,-0.0535940871085674,3.786893252040616e-15,0.013161529752274559,1.1424595879805488e-14,1.4740691143567132e-14,0.18211194368496575,-8.184528811549809e-14,1.8715941741868483e-14,0.6596767889848124,3.185052116107598,1.0967466455058534,55.68196770407078,55.685776219849096,55.685776219849096,55.68196770407075
188.0,8.064,0.021003132851428376,-8.159389174513302e-14,0.6374591688877961,0.1806793280615593,-8.228985822610224e-14,-0.05003056260165918,3.710325387684424e-15,0.011992839381199586,1.2004793948025274e-14,1.8266663828376174e-14,0.18621577771737322,-8.313148594614716e-14,1.9126462746587382e-14,0.660145209167788,3.1792922968770787,1.0911597475648638,55.70423390951004,55.7090061171148,55.7090061171148,55.70423390951004
189.0,8.096,0.026906819483428157,-8.426343226841844e-14,0.6359806755578489,0.184490207249993,-8.342314135266949e-14,-0.04620291656085014,3.631316644495688e-15,0.010862726998894807,1.2585120863814582e-14,1.8263673621674408e-14,0.18995666680771553,-8.439676134124635e-14,1.9558687999561583e-14,0.6607160240697977,3.1734096968535637,1.0854571167565779,55.7251057766004,55.730757615477486,55.730757615477486,55.7251057766004
190.0,8.128,0.03292104780789936,-8.696853547938387e-14,0.6346325797057328,0.18794463513972492,-8.453447534266947e-14,-0.04212799537862615,3.553157626870377e-15,0.009778320925752756,1.316560677018733e-14,1.8260953793976117e-14,0.19334595451132466,-8.564005625461043e-14,2.0012392521724428e-14,0.6613871683081547,3.167415432196232,1.0796499313122816,55.74448497788543,55.75092839014099,55.75092839014099,55.74448497788543
191.0,8.16,0.03903485365445026,-8.9708511845874e-14,0.6334222183572309,0.19105643270471542,-8.562426145281668e-14,-0.03782379214068567,3.4733073793971423e-15,0.00874604109177172,1.3732031709068638e-14,1.7813354926760185e-14,0.19639729084841212,-8.685855212307625e-14,2.0507297775787713e-14,0.6621560787298363,3.1613201847653354,1.0737489327125054,55.762279828510984,55.76942371014786,55.76942371014786,55.762279828510984
192.0,8.192,0.045237783074871904,-9.248265838004533e-14,0.6323563189853904,0.19384154438817622,-8.669207919285387e-14,-0.033309355370016835,3.3568746707995752e-15,0.0077715730016473085,1.4298459313862617e-14,1.780425788158778e-14,0.1991264174243148,-8.805415862488064e-14,2.1023513750474388e-14,0.6630197105194257,3.1551341390769103,1.067764359909654,55.778405684165776,55.786156822777045,55.786156822777045,55.778405684165776
193.0,8.224,0.05151995296447483,-9.528989958888163e-14,0.6314409687464261,0.19631780905009116,-8.77262877761342e-14,-0.028604694967633546,3.2804968497298224e-15,0.006859849354269446,1.4865241740114005e-14,1.7806032584735967e-14,0.2015509415201808,-8.92151905578554e-14,2.156017335094654e-14,0.6639745552710108,3.148866926458963,1.0617058908655457,55.792785305036446,55.801049296005075,55.80104929600509,55.79278530503643
194.0,8.256,0.05787210407588534,-9.812956698512743e-14,0.6306815868002013,0.19850472223157836,-8.873960613268113e-14,-0.023730685819525733,3.2170030754471242e-15,0.006015039175692954,1.558855125128496e-14,2.2688723928973597e-14,0.20369010164500936,-9.038577770176127e-14,2.1898434951437392e-14,0.6650166608846403,3.142527576599157,1.0555825916645893,55.80534918504539,55.814031318808034,55.814031318808034,55.80534918504539
195.0,8.288,0.0642856462290814,-1.010011111453797e-13,0.630082899776859,0.2004231922873765,-8.973575500788353e-14,-0.018708969479443848,3.1412195458615732e-15,0.005240544259599057,1.6311971888264615e-14,2.2683482525583408e-14,0.20556452706409184,-9.15381600779317e-14,2.2257128547416013e-14,0.666141653147704,3.1361244765952794,1.0494028733808658,55.81603584585537,55.825041959352205,55.825041959352205,55.81603584585537
196.0,8.32,0.07075269560295391,-1.0390385525324179e-13,0.6296489204398364,0.20209529293351602,-9.071075337069027e-14,-0.013561854281956403,3.0649485747277374e-15,0.004539002648297384,1.7035545499022396e-14,2.267943586528222e-14,0.20719599381452983,-9.266822143254662e-14,2.2635982937672696e-14,0.6673447588636814,3.129665337542714,1.0431744567954269,55.82479209528946,55.83402938133438,55.83402938133438,55.82479209528946
197.0,8.352,0.07726610407413058,-1.0683711356413413e-13,0.6293829295856797,0.2035440147242706,-9.166432221538561e-14,-0.008312214192399824,2.9742657099195095e-15,0.003912298830984497,1.7745025619209072e-14,2.2230194379055178e-14,0.20860717968581136,-9.377259271263555e-14,2.3054724228813664e-14,0.6686208303945134,3.1231571686186963,1.0369043449796727,55.83157324993638,55.84095101889257,55.84095101889257,55.83157324993638
198.0,8.384,0.08381948064729765,-1.0980004785947284e-13,0.6292874612125343,0.20479301791147073,-9.259169672933437e-14,-0.002983386660791729,2.856315790621096e-15,0.0033615802847598085,1.845460484790947e-14,2.2224377106619357e-14,0.20982142058308847,-9.484945957939961e-14,2.34931944351217e-14,0.6699643714878414,3.116606258552018,1.0305988036825835,55.8363433217907,55.845773710619746,55.845773710619746,55.8363433217907
199.0,8.416,0.09040720509693796,-1.1279153353002356e-13,0.6293642909815734,0.20586638905125965,-9.348392720471013e-14,0.0024009302824722057,2.7730273662133948e-15,0.002887279938220362,1.9164396480439838e-14,2.2222599615846014e-14,0.21086247060387336,-9.589006431662317e-14,2.3950817664670103e-14,0.6713695642659631,3.110018164299891,1.0242633493847766,55.83907516882502,55.84847379328346,55.84847379328346,55.83907516882502
200.0,8.448,0.09702443401245929,-1.158107907491456e-13,0.6296144279886395,0.20678840361004133,-9.435178809756335e-14,0.007816781470815902,2.6823960759110246e-15,0.002489144097652522,1.9888517046154844e-14,2.2662623857959806e-14,0.21175426804698486,-9.690812509428913e-14,2.4407569452316036e-14,0.6728302972590908,3.103397706691463,1.0179027448115958,55.83975060941255,55.849037155889675,55.849037155889675,55.83975060941255
201.0,8.48,0.10366709950636495,-1.188569535222541e-13,0.6300381098566684,0.20758329668455164,-9.51925866596404e-14,0.01324005837590249,2.6087905717339922e-15,0.002166265342163137,2.0612779489412655e-14,2.2659834265043465e-14,0.2125207094375578,-9.789818213129453e-14,2.4883014579507354e-14,0.6743401943709103,3.0967489727406465,1.0115210016314584,55.838360500522654,55.84745925474023,55.84745925474023,55.838360500522654
202.0,8.512,0.11033190090774297,-1.2192931786985736e-13,0.6306348011527274,0.20827504379306314,-9.601138586260226e-14,0.01864660300184352,2.5245884381364764e-15,0.0019171198667266348,2.133713566532985e-14,2.2656067214872883e-14,0.2131854334961192,-9.88654493688128e-14,2.5377001074385142e-14,0.6758926446691631,3.0900753242799355,1.0051213900051261,55.83490477960709,55.84374509012593,55.84374509012593,55.83490477960709
203.0,8.544,0.1170162898203265,-1.250270584037527e-13,0.6314031951264448,0.2088871535182349,-9.68043916842293e-14,0.024012311678669303,2.4642328343624352e-15,0.0017396087311579505,2.2075823455455196e-14,2.3097792000480133e-14,0.21377161680563228,-9.980952364685115e-14,2.5869327742197743e-14,0.6774808328977244,3.0833794125220697,0.9987064545969524,55.82939247008841,55.83790914528147,55.83790914528147,55.82939247008841
204.0,8.576,0.12371844897520358,-1.2814957899306375e-13,0.6323412187589912,0.20944247358990864,-9.75787684159701e-14,0.02931323851707368,2.4022756577742436e-15,0.0016311024584575232,2.2814593041702124e-14,2.3094767546069044e-14,0.21430178274083744,-1.0073477918990136e-13,2.637978771078272e-14,0.6790977706092185,3.076663198118197,0.9922780366109493,55.82184165036204,55.829975288211294,55.829975288211294,55.82184165036204
205.0,8.608,0.13043726535252206,-1.3129625219972693e-13,0.6334460411033922,0.20996301179120244,-9.83335377082244e-14,0.03452569826253163,2.3360982353042784e-15,0.0015884884177492797,2.3539222223929873e-14,2.2647787628263227e-14,0.21479762502210667,-1.0163758538816239e-13,2.692813053435939e-14,0.68073632781849,3.069927976249555,0.9858373013730547,55.81227938623654,55.819976636983924,55.81997663698394,55.812279386236526
206.0,8.64,0.1371722980839381,-1.3446639215209024e-13,0.6347140848876768,0.2104697728567511,-9.906687351135315e-14,0.039626368258893034,2.263499819877314e-15,0.0016082204249886652,2.436338653932706e-14,2.575368384453092e-14,0.215279847044519,-1.0254102269655314e-13,2.7355032629917977e-14,0.6823892650772146,3.0631744062648742,0.9793847709464615,55.80074162676734,55.807955389093046,55.807955389093046,55.80074162676734
207.0,8.672,0.14392374167789024,-1.3765922986056644e-13,0.6361410413421006,0.210982612311004,-9.977617838988127e-14,0.044592389200744056,2.1950287341540882e-15,0.0016863699985317055,2.518760940049322e-14,2.5751485232657167e-14,0.21576801791503014,-1.0342167434898634e-13,2.779955652075391e-14,0.6840492658686265,3.05640254535761,0.9729203612394756,55.78727306349374,55.79396261550113,55.79396261550113,55.78727306349374
208.0,8.704,0.1506923851329452,-1.408740222007989e-13,0.637721888200425,0.21152010797046722,-1.0046226063226447e-13,0.049401464322636854,2.1584891443764073e-15,0.0018186787162444214,2.601190974371586e-14,2.5750346093383576e-14,0.21628044590975215,-1.0428083402066091e-13,2.826149464839396e-14,0.6857089692189005,3.049611885765535,0.96644342304508,55.77192695316668,55.7780580200186,55.7780580200186,55.77192695316668
209.0,8.736,0.15747956752045375,-1.4411033515332937e-13,0.6394509108130041,0.21209944960964217,-1.0113477976657681e-13,0.054031956643097546,2.1218965152561233e-15,0.0020006111357287375,2.683625160722955e-14,2.5748468543195274e-14,0.21683406984241096,-1.0512853013525611e-13,2.874087118579368e-14,0.6873610024183341,3.042801394970122,0.959952786438148,55.75476490416183,55.76030966473202,55.76030966473202,55.75476490416183
210.0,8.768,0.16428713062667671,-1.4736771746095203e-13,0.6413217262963379,0.21273634706946742,-1.0179319711320823e-13,0.05846298385418081,2.0917132420873437e-15,0.0022274077590560565,2.7660636067012407e-14,2.5747025210861406e-14,0.2174443686172628,-1.0596476326322138e-13,2.9237665032036236e-14,0.6889980137413633,3.03596955837397,0.9534468079499027,55.73585662690478,55.740793662278165,55.740793662278165,55.73585662690478
211.0,8.8,0.17111736924658189,-1.5064576667992614e-13,0.6433273106299247,0.2134449568720364,-1.0243903809294081e-13,0.06267451042458663,2.0720091769140322e-15,0.002494137547668132,2.848506468261567e-14,2.5745969723751227e-14,0.21812528902780784,-1.067915757485732e-13,2.9751891909787817e-14,0.6906127050498886,3.029114423941158,0.9469234199395096,55.715279648792816,55.719593835866775,55.71959383586679,55.7152796487928
212.0,8.832,0.17797297971695292,-1.539441709115791e-13,0.6454600285968815,0.21423782719909457,-1.0307513223915494e-13,0.0666474364673999,2.0222748205618322e-15,0.0027957495213507787,2.9451582485680053e-14,3.0184280961451905e-14,0.21888919165935222,-1.0764338634075672e-13,3.0084764093587495e-14,0.6921978641596825,3.0222336482971675,0.9403801815892916,55.6931189942813,55.69680134808345,55.69680134808345,55.6931189942813
213.0,8.864,0.18485700726564883,-1.572622934247028e-13,0.647711666450101,0.21512586089674696,-1.0369132853511565e-13,0.07036368291311178,1.9792433951308886e-15,0.0031271230068759554,3.041812336951332e-14,3.018355188266755e-14,0.21974681456123374,-1.0847986764842391e-13,3.043511464435048e-14,0.6937463968450688,3.0153245438015737,0.9338143309625703,55.66946683100146,55.67251429964848,55.67251429964848,55.66946683100146
214.0,8.896,0.19177279273724,-1.6059955042958955e-13,0.6500734671709332,0.21611829598722365,-1.0428928140271065e-13,0.07380627252600434,1.9382311088733324e-15,0.003483116136530122,3.1384675697356106e-14,3.0182805216486824e-14,0.2207072541756003,-1.0930320649776703e-13,3.080293965969194e-14,0.6952513583529388,3.0083841261274467,0.9272228375811228,55.64442208299565,55.646837299470555,55.646837299470555,55.64442208299565
215.0,8.928,0.19872391923331095,-1.6395536433955324e-13,0.6525361681727504,0.21722270300221744,-1.048691846863652e-13,0.0769594063067882,1.886613776499294e-15,0.003858612233728194,3.235120804969374e-14,3.018149218994387e-14,0.22177796284574824,-1.1011412771103234e-13,3.118828054852894e-14,0.696705984293735,3.0014091619057566,0.9206024550021814,55.618090012382,55.61988100750408,55.61988100750408,55.618090012382
216.0,8.96,0.20571415917900843,-1.673290368965974e-13,0.6550900412875561,0.21844499830304587,-1.0542726740762974e-13,0.0798085348376782,1.8254380565949662e-15,0.004248563761724111,3.3317711372480044e-14,3.018036376345379e-14,0.22296476207998375,-1.1090942801171916e-13,3.1591105428215154e-14,0.6981037207745602,2.99439621602053,0.9139497729022601,55.59058177099379,55.59176165209868,55.59176165209868,55.59058177099379
217.0,8.992,0.21274742229650243,-1.7071976141315288e-13,0.6577249348602505,0.21978947242168725,-1.0596014114235868e-13,0.08234042414670052,1.7464255576489297e-15,0.004648033551521279,3.428415361068655e-14,3.017872718799938e-14,0.2242718706177359,-1.1168624378350551e-13,3.201137725851749e-14,0.6994382536382543,2.987341698170364,0.9072612682063043,55.5620139237707,55.56260052370704,55.56260052370704,55.5620139237707
218.0,9.024000000000001,0.21982770493153228,-1.7412654081370654e-13,0.6604303177625361,0.22125883234468277,-1.0646185626730201e-13,0.08454321569642535,1.6450102642808015e-15,0.005052233065925783,3.526471747210482e-14,3.062084186905154e-14,0.22570194623429463,-1.1244235695942637e-13,3.242908126279041e-14,0.7007035366722946,2.980241908343703,0.9005333548351221,55.532507945905955,55.53252344699394,55.53252344699394,55.532507945905955
219.0,9.056000000000001,0.22695904114175344,-1.7754814297126948e-13,0.6631953251269195,0.2228542565694111,-1.0692506742384174e-13,0.08640648013697938,1.5726295719456459e-15,0.005456557497777351,3.6245330203739944e-14,3.062339780593225e-14,0.2272561401294887,-1.1316779704675269e-13,3.286366038798684e-14,0.7018938186528279,2.973093080888345,0.893762431681181,55.50218969596883,55.501660233555874,55.501660233555874,55.50218969596883
220.0,9.088000000000001,0.23414545591581878,-1.8098362301065516e-13,0.6660088055910497,0.22457546168954173,-1.0735875123080244e-13,0.08792126450406909,1.516492199003397e-15,0.005856617541244473,3.7211754607985197e-14,3.01809701620291e-14,0.22893416267406785,-1.1386850902098358e-13,3.3334932192041224e-14,0.7030036690921102,2.965891426889533,0.8869449284620484,55.47118886742132,55.47014411761495,55.47014411761495,55.47118886742132
221.0,9.120000000000001,0.2413909208506475,-1.844321960208338e-13,0.6688593698338718,0.22642077921339734,-1.0776790656808199e-13,0.08908013258819214,1.4773062664583581e-15,0.006248267715241506,3.8192423152112305e-14,3.0627010630527604e-14,0.23073435923534677,-1.1455620657533613e-13,3.380306147385547e-14,0.7040280025621272,2.9586331746050822,0.8800773491414193,55.43963842112788,55.43811117718866,55.43811117718866,55.43963842112788
222.0,9.152000000000001,0.24869931257176944,-1.8789324386677426e-13,0.6717354401778861,0.22838724128506033,-1.0815774518563956e-13,0.08987719825044585,1.4367361203063891e-15,0.006627631157107383,3.9173065591900004e-14,3.062716857747641e-14,0.23265379477037174,-1.1523302931341162e-13,3.4288084663986265e-14,0.7049621014731609,2.951314607739933,0.8731563126492484,55.40767400161232,55.40569974335429,55.405699743354305,55.40767400161231
223.0,9.184000000000001,0.25607437413857026,-1.9136613282770662e-13,0.6746253010262789,0.23047067396252532,-1.085277800291363e-13,0.09030815151227561,1.460524313762384e-15,0.00699112084230258,4.02960470075845e-14,3.507590116270727e-14,0.23468834585967022,-1.1593209531357133e-13,3.4590749676235125e-14,0.7058016371934962,2.943932101375816,0.8661785906744471,55.37543333994547,55.37304980032197,55.37304980032197,55.37543333994547
224.0,9.216000000000001,0.263519679633262,-1.9485086610756163e-13,0.6775171498998708,0.23266579670911683,-1.0889791499546892e-13,0.09037027729974492,1.4570513770012135e-15,0.00733545722172068,4.1418915588257176e-14,3.507304609351952e-14,0.2368327988566444,-1.1664032450667285e-13,3.49108587983302e-14,0.7065426894051978,2.936482155403966,0.8591411423453896,55.34305564624815,55.34030237910046,55.34030237910046,55.34305564624815
225.0,9.248,0.27103860208997893,-1.9834717301641725e-13,0.6803991488367183,0.23496632677241674,-1.0925959090174399e-13,0.09006246677648883,1.4840573965357414e-15,0.007657682301977433,4.254190140671232e-14,3.5077513393000475e-14,0.23908095284554337,-1.173494423540149e-13,3.524833767939592e-14,0.7071817636007973,2.9289614253398217,0.8520411456546496,55.31068099486416,55.30759894758465,55.30759894758465,55.31068099486416
226.0,9.28,0.2786342848790224,-2.018550906782084e-13,0.6832594759167954,0.23736508715760885,-1.0962242693097358e-13,0.08938522125240952,1.498575973446025e-15,0.007955170225517328,4.366482642305068e-14,3.5076473891815525e-14,0.24142572613324897,-1.1806892737669862e-13,3.560383720344036e-14,0.7077158066366388,2.9213667504279717,0.8448760255245031,55.27844970529861,55.275080799912246,55.275080799912246,55.27844970529861
227.0,9.312,0.28630961662137344,-2.0537453472019016e-13,0.6860863766753992,0.2398541169484692,-1.0998262631192981e-13,0.08834064870636904,1.4701391329032032e-15,0.008225634436371818,4.478754285440193e-14,3.507119477304981e-14,0.24385926504586053,-1.1879497496783877e-13,3.597791417105536e-14,0.7081422202703519,2.9136951789731613,0.8376434784484154,55.24650172202948,55.24288844792923,55.24288844792923,55.24650172202948
228.0,9.344,0.29406720967052463,-2.0890499692441307e-13,0.6888682151717056,0.24242478278597449,-1.103269438819656e-13,0.08693245300957558,1.4299460865944825e-15,0.0084671315437571,4.591017983378981e-14,3.5070240752230285e-14,0.24637305385709993,-1.1951447030671824e-13,3.63705383212559e-14,0.7084588726222364,2.905943990858755,0.8303414936806391,55.21497599627731,55.21116101757362,55.21116101757362,55.21497599627731
229.0,9.376,0.30190938216276797,-2.124458601871504e-13,0.6915935244831289,0.2450678903826041,-1.1065197696054169e-13,0.08516591598197933,1.4074229945811466e-15,0.008678062019367602,4.703287609406529e-14,3.507361780686579e-14,0.2489580247427579,-1.2022393902058015e-13,3.678161472680392e-14,0.7086641075130728,2.898110717237518,0.8229683709809075,55.18400987277974,55.18003565292749,55.18003565292749,55.18400987277974
230.0,9.408,0.30983814360357087,-2.159966942431737e-13,0.6942510564017008,0.24777379502509042,-1.1096356425072787e-13,0.08304787245537106,1.3853227550061733e-15,0.008857167885060845,4.816976341741568e-14,3.5518547898188563e-14,0.251604666729104,-1.209324746593135e-13,3.719154818185466e-14,0.7087567516437844,2.8901931574009336,0.8155227349537637,55.15373848453949,55.14964693061505,55.14964693061505,55.15373848453949
231.0,9.44,0.31785518392677836,-2.1955708353899564e-13,0.6968298301154388,0.25053251010023386,-1.1126216549443559e-13,0.08058667855431044,1.3750534896945983e-15,0.009003527565720522,4.9320899596776696e-14,3.596525864564925e-14,0.25430313268393795,-1.2164038345170618e-13,3.760045338962447e-14,0.7087361195952876,2.8821893928524673,0.808003546052156,55.124294158427034,55.120126287124364,55.120126287124364,55.124294158427034
232.0,9.472,0.3259618659352491,-2.2312674223547887e-13,0.6993191796654853,0.2533338127647109,-1.1155183426510071e-13,0.07779217343895424,1.3628598675227995e-15,0.009116548097369668,5.0457794355876384e-14,3.5521668138290396e-14,0.25704334348410485,-1.223441235576283e-13,3.8048473552990955e-14,0.7086020166395957,2.874097798627228,0.8004101083424072,55.09580583440368,55.091601461519744,55.091601461519744,55.09580583440368
233.0,9.504,0.3341592210062569,-2.2670538094256297e-13,0.701708799978511,0.25616734596899265,-1.1183245959637807e-13,0.07467563478205298,1.3731655505157018e-15,0.00919595489317547,5.159478450011467e-14,3.552605797104388e-14,0.2598150885812631,-1.2304680990820574e-13,3.851578976868101e-14,0.7083547393656006,2.865917051915496,0.7927420741524485,55.06839850100183,55.06419595588432,55.06419595588432,55.06839850100183
234.0,9.536,0.3424479479226249,-2.302929494292529e-13,0.7039887912833506,0.25902271613649996,-1.1211151520906055e-13,0.07124972827623678,1.3850130688456058e-15,0.00924177927990607,5.271755224357137e-14,3.508302617343154e-14,0.26260812227745245,-1.2375161684525897e-13,3.9022813141104445e-14,0.7079950741348302,2.8576461380606246,0.7849994457472406,55.04219264955704,55.038028515695274,55.03802851569529,55.04219264955702
235.0,9.568,0.3508284146711059,-2.338894303408278e-13,0.7061497017309332,0.261889585890032,-1.1239002848671484e-13,0.06752845148695613,1.4055671850430093e-15,0.009254344024770197,5.398245941408785e-14,3.9526110869676956e-14,0.2654122551116575,-1.245004614244002e-13,3.9351016203508655e-14,0.7075242933937134,2.8492843540130237,0.7771825741946122,55.017303749531905,55.01321263218804,55.01321263218804,55.017303749531905
236.0,9.6,0.35930066303294733,-2.3749489681831216e-13,0.708182568047142,0.2647577613075437,-1.1267082742138652e-13,0.06352707238152505,1.4330639201837882e-15,0.009234247077519471,5.524738226374129e-14,3.952804142987032e-14,0.26821743984735075,-1.252586919997123e-13,3.969979189489273e-14,0.706944149879399,2.8408313093314623,0.7692921556013242,54.993841747111475,54.98985606861443,54.98985606861443,54.993841747111475
237.0,9.632,0.36786441577781576,-2.411095086962505e-13,0.7100789540591743,0.267617273277138,-1.1295662118557263e-13,0.059262062876010796,1.4357800821882487e-15,0.009182343755357845,5.651215627521932e-14,3.952483880454982e-14,0.27101385163755604,-1.2602838263472866e-13,4.006982878486536e-14,0.7062568687658958,2.832286924830946,0.7613292249131143,54.9719105890842,54.968060412145746,54.968060412145746,54.9719105890842
238.0,9.664,0.3765190862612014,-2.447331989993961e-13,0.7118309869471502,0.27045845260580104,-1.1324032197330014e-13,0.05475102774924601,1.4346412542332832e-15,0.009099727598727307,5.779110180811082e-14,3.996908351680406e-14,0.2737919620274488,-1.2680588349921686e-13,4.0441419642238995e-14,0.7054651378061573,2.8236514289830814,0.7532951474838697,54.951607773853695,54.94792065301597,54.94792065301597,54.951607773853695
239.0,9.696,0.38526379021695434,-2.483658808264438e-13,0.7134313910840485,0.2732719986172792,-1.1352130709524136e-13,0.05001262927807264,1.424522096940754e-15,0.008987710124601762,5.908419408001664e-14,4.041248537991837e-14,0.27654260653423496,-1.275900806540166e-13,4.081492398957544e-14,0.7045720955337408,2.8149253521803925,0.7451916086280461,54.93302393125991,54.92952479234724,54.92952479234724,54.93302393125991
240.0,9.728,0.39409735953057884,-2.5200739716808544e-13,0.7148735193384393,0.2760490410507654,-1.1379738567630067e-13,0.045066507949713355,1.4289625862007778e-15,0.00884779970066408,6.037734119013185e-14,4.041547844092532e-14,0.2792570456192361,-1.2837436230891247e-13,4.121035308555641e-14,0.7035813175947726,2.806109518980572,0.7370206013771093,54.91624243272068,54.912953479947504,54.912953479947504,54.91624243272068
241.0,9.76,0.4030183577751677,-2.5565775516416945e-13,0.7161513817258691,0.2787811951434017,-1.140736873776251e-13,0.039933199607180385,1.4472286269081292e-15,0.008681679758861287,6.167053702255672e-14,4.0418283171320475e-14,0.2819270189374323,-1.2916313308520699e-13,4.162807205687932e-14,0.7024968012872159,2.797205038450462,0.7287844126653154,54.901339033044295,54.89827968322521,54.89827968322521,54.901339033044295
242.0,9.792,0.4120250972902274,-2.5931711862642157e-13,0.7172596713060815,0.28146060984561544,-1.1435510819537866e-13,0.034634049381636306,1.4853411256296007e-15,0.008491186560467628,6.296380697612365e-14,4.042192508352054e-14,0.28454479281477557,-1.2996056622453217e-13,4.206847302789593e-14,0.7013229483898539,2.7882132927326984,0.7204856081726897,54.8883815451038,54.88556838822228,54.88556838822228,54.8883815451038
243.0,9.824,0.42111565758394703,-2.6298586713980455e-13,0.7181937872344877,0.28408000917873816,-1.1464839104321785e-13,0.029191122762693675,1.5250511243954347e-15,0.00827828671713268,6.427127142982123e-14,4.086684242279763e-14,0.28710320096314945,-1.307766981497907e-13,4.2512317051709655e-14,0.7000645463680543,2.77913592396069,0.7121270160538025,54.8774295484139,54.874876333633495,54.874876333633495,54.8774295484139
244.0,9.856,0.43028790484152435,-2.666644143206496e-13,0.7189498548874018,0.28663272679929086,-1.1495459940140748e-13,0.02362711415356681,1.5645707829558874e-15,0.008045054663590626,6.557871044565095e-14,4.0867368070699343e-14,0.28959567849698675,-1.3160790341583207e-13,4.2980053323339084e-14,0.6987267480473,2.7699748196500065,0.7037117097800383,54.86853413250412,54.86625177854901,54.86625177854901,54.86853413250412
245.0,9.888,0.43953951232579636,-2.703531909933233e-13,0.719524742991524,0.28911273388349995,-1.1527427102105334e-13,0.017965253253818935,1.6172023400368143e-15,0.007793650267922478,6.690039385209075e-14,4.1313810235365005e-14,0.2920162893640235,-1.3245822211908652e-13,4.3452248837569645e-14,0.69731504984875,2.760732096696502,0.6952429903206895,54.8617376758436,54.859734304536744,54.859734304536744,54.8617376758436
246.0,9.92,0.4488679814614604,-2.7405277474172e-13,0.7199160776989761,0.29151466048950103,-1.156119921373964e-13,0.012229209607878672,1.6643234206172755e-15,0.007526296754649451,6.822202662893407e-14,4.131352121981895e-14,0.29435974734591086,-1.3332742286919812e-13,4.3949531052606225e-14,0.6958352686837859,2.751410084113688,0.68672436788453,54.857073660939776,54.855354652562326,54.855354652562326,54.857073660939776
247.0,9.952,0.45827066340043987,-2.7776370670393433e-13,0.7201222535598844,0.2938338105931083,-1.159666238191982e-13,0.006442995653381516,1.7053575018646e-15,0.0072452591046215705,6.952939809162606e-14,4.086904128116765e-14,0.29662143082226244,-1.3420953889318846e-13,4.4492386995177593e-14,0.6942935176066997,2.7420113046440364,0.678159543438723,54.85456652610679,54.85313459513724,54.853134595137256,54.85456652610677
248.0,9.984,0.4677447808732908,-2.814864861281186e-13,0.7201424413550686,0.2960661710265913,-1.1633685700575883e-13,0.0006308685995062841,1.7492106136565738e-15,0.006952823083793217,7.095044730514519e-14,4.4422454408405365e-14,0.29879739152477275,-1.3514080944268114e-13,4.490226893598112e-14,0.6926961803264515,2.732538455381172,0.6695523902161203,54.8542315542788,54.853086843978076,54.853086843978076,54.8542315542788
249.0,10.016,0.4772874501398064,-2.8522164836218407e-13,0.7199765927618633,0.29820841457861197,-1.1672381981454516e-13,-0.005182768537663469,1.78657228361497e-15,0.00665127504066303,7.237144962221364e-14,4.442195513065953e-14,0.30088435753632203,-1.3608826651296055e-13,4.533897341466698e-14,0.6910498846798533,2.722994387542256,0.6609069354153867,54.85607479912768,54.85521499336238,54.85521499336238,54.85607479912768
250.0,10.048,0.48689570286101785,-2.889696804648969e-13,0.7196254418364797,0.300257897537858,-1.1712600320977583e-13,-0.010973466418238282,1.8098606359079474e-15,0.006342882599518117,7.379238239242305e-14,4.442054229201282e-14,0.3028797308139886,-1.3704984329670492e-13,4.580308656430597e-14,0.6893614751696884,2.713382085532336,0.6522273422910367,54.860093048633416,54.859513499268814,54.859513499268814,54.860093048633416
251.0,10.08,0.4965665077244831,-2.9273094527152694e-13,0.7190905033066516,0.3022126519832879,-1.175395252071887e-13,-0.016716829057128443,1.8454727177748777e-15,0.00602987636375392,7.519913254305599e-14,4.397797874829878e-14,0.3047815795349539,-1.3801687522044102e-13,4.631485436136946e-14,0.6876379846722246,2.7037046454449265,0.6435178928225664,54.86627382614749,54.86596769429701,54.86596769429701,54.86627382614749
252.0,10.112,0.5062967916649816,-2.9650594127161633e-13,0.7183740676786162,0.3040713731405802,-1.1796862500279331e-13,-0.022388613376105017,1.877633421441563e-15,0.005714432730554514,7.660585607272631e-14,4.397770340140142e-14,0.3065886255806935,-1.3899730571786732e-13,4.6855013944086514e-14,0.6858866054193743,2.6939652531456844,0.6347829711434535,54.874595428884895,54.87455383827183,54.87455383827183,54.874595428884895
253.0,10.144,0.5160834605333918,-3.002951447696049e-13,0.7174791931727822,0.30583340213781773,-1.184126093121422e-13,-0.027964828307313453,1.927318134269694e-15,0.005398657905180416,7.801262025804655e-14,4.397947624411561e-14,0.3083002274880677,-1.3999002073993312e-13,4.742401423032475e-14,0.6841146593614525,2.6841671620884977,0.6260270479020426,54.88502700367651,54.88523920434611,54.88523920434609,54.8850270036765
254.0,10.176,0.5259234190775178,-3.040992154799762e-13,0.7164096945127681,0.30749870450393735,-1.1887720969910367e-13,-0.03342183312543889,1.8800212225044443e-15,0.0050845731901112265,7.93906680865363e-14,4.3082088389642976e-14,0.3099163592062422,-1.4099135069613836e-13,4.8062754000872457e-14,0.6823295680171301,2.6743136710156805,0.6172546657172557,54.897528659711284,54.897982200327576,54.89798220032759,54.89752865971127
255.0,10.208,0.5358135901098847,-3.079178659377039e-13,0.7151701286028618,0.30906784476146504,-1.1933282680399047e-13,-0.03873643468457404,1.849043672110863e-15,0.004774101611401769,8.089667477910364e-14,4.708022807298255e-14,0.31143758500621865,-1.4202042938944998e-13,4.855203136691058e-14,0.6805388219177922,2.6644081016960146,0.6084704258827821,54.91205161789525,54.912732524864815,54.912732524864815,54.91205161789525
256.0,10.24,0.5457509327489456,-3.117509703390911e-13,0.7137657771393731,0.3105419574706521,-1.197845125433503e-13,-0.04388598323402239,1.8080999306150334e-15,0.004469055931884105,8.240266833883292e-14,4.707922787362216e-14,0.31286503089523743,-1.4304244645433694e-13,4.907123158616696e-14,0.6787499497541302,2.654453776856078,0.5996789764639379,54.928538396350625,54.92943135803585,54.92943135803585,54.928538396350625
257.0,10.272,0.5557324596316966,-3.155983100534825e-13,0.7122026262118459,0.3119227150859685,-1.2022936607473068e-13,-0.04884846648522258,1.7722617010387967e-15,0.004171128088357311,8.389447915024982e-14,4.6635320366442527e-14,0.31420035289207343,-1.4404980648422284e-13,4.9640365365691134e-14,0.6769704873334151,2.644453998461391,0.590885001921793,54.9469230314743,54.94801158579027,54.94801158579027,54.9469230314743
258.0,10.304,0.5657552530073057,-3.1945972141976857e-13,0.7104873429606443,0.31321229298778325,-1.2066910519643947e-13,-0.053602601600050793,1.7398891404117108e-15,0.0038818800776977093,8.540052418577199e-14,4.707939950186704e-14,0.31544570252106047,-1.4505288154222379e-13,5.021984954936061e-14,0.6752079464565358,2.634412026504333,0.5820932143894744,54.96713133386777,54.968398057598876,54.968398057598876,54.96713133386777
259.0,10.336,0.5758164796329935,-3.23335076694168e-13,0.7086272493680488,0.31441333205274563,-1.2110485232498148e-13,-0.05812792476861043,1.6993724859227237e-15,0.003602736304945016,8.690656811393766e-14,4.7078544409620774e-14,0.31660368988332566,-1.460481447951339e-13,5.0829832951025106e-14,0.6734697838245178,2.62433105845531,0.5733083467157638,54.98908117834234,54.99050787656669,54.9905078765667,54.989081178342325
260.0,10.368,0.5859134044050044,-3.272241680384316e-13,0.7066302932706634,0.3155288991253388,-1.215341045082377e-13,-0.06240487804329281,1.6988521795035383e-15,0.003334977394914997,8.85690259156405e-14,5.196571146655506e-14,0.3176773446626571,-1.4708269250537942e-13,5.12515119721715e-14,0.6717633700848655,2.6142142095321654,0.5645351473812384,55.01268282709161,55.01425072116372,55.01425072116372,55.01268282709161
261.0,10.4,0.596043402669047,-3.311271779095217e-13,0.7045050166916281,0.3165624457513308,-1.219690584715654e-13,-0.06641489309485224,1.6918219724780085e-15,0.0030797354578196916,9.023148059143694e-14,5.196496435986336e-14,0.31867007542167886,-1.4811909117960944e-13,5.170425896081161e-14,0.670095959128647,2.604064493940146,0.5557783773821996,55.03783928500947,55.03952919762068,55.03952919762068,55.03783928500947
262.0,10.432,0.6062039711660228,-3.350442228624924e-13,0.7022605216018281,0.31751776553049266,-1.2240765478033524e-13,-0.07014047155625211,1.7002404550071294e-15,0.0028379907887500708,9.187975979129338e-14,5.1521312599158135e-14,0.31958562754066855,-1.491507220321568e-13,5.220827389451218e-14,0.6684746577497613,2.593884807230717,0.5470428091674839,55.06444668601513,55.0662392219312,55.0662392219312,55.06444668601513
263.0,10.464,0.6163927375801662,-3.3897557039418303e-13,0.6999064332299508,0.31839895044198274,-1.228546103653316e-13,-0.0735652616211633,1.7254977800323764e-15,0.0026105699707670432,9.351386069535049e-14,5.107763727551756e-14,0.32042804014741294,-1.5018218962509106e-13,5.27640075384299e-14,0.6669063957782287,2.583677909922071,0.5383332277028713,55.092394709127866,55.09427043028774,55.09427043028773,55.09239470912785
264.0,10.496,0.6266074686678634,-3.429216516528199e-13,0.6974528610518259,0.3192103464905377,-1.233150393324026e-13,-0.07667413056640364,1.6530622290641758e-15,0.002398145341761834,9.514783414721065e-14,5.1072724430486696e-14,0.3212016023812842,-1.512230601289775e-13,5.3352333376544866e-14,0.6653978967995986,2.5734464125171197,0.5296544337271056,55.12156702291302,55.12350661666617,55.12350661666617,55.12156702291302
265.0,10.528,0.6368460769563561,-3.468819198233523e-13,0.6949103575999337,0.31995650901539524,-1.2375838032913689e-13,-0.0794532328716318,1.5792657613137109e-15,0.002201235776247999,9.678183129619637e-14,5.107222107183087e-14,0.3219108093285653,-1.5224335957850878e-13,5.39730617487642e-14,0.6639556495726299,2.5631927620461203,0.5210112492524107,55.15184175679884,55.153826196156565,55.153826196156565,55.15184175679884
266.0,10.56,0.6471066260122497,-3.508558058344088e-13,0.6922898752442397,0.32064215799667395,-1.241839378455163e-13,-0.08189007361543772,1.5017959557775305e-15,0.0020202087248489277,9.841584862039668e-14,5.10716427737485e-14,0.3225603179589305,-1.532425457007979e-13,5.46262114255824e-14,0.6625858802572022,2.5529192302506734,0.512408525350641,55.183091997639636,55.18510269251989,55.185102692519905,55.18309199763962
267.0,10.592,0.6573873342901834,-3.548426939628536e-13,0.6896027211055284,0.32127213368542795,-1.2459025401389839e-13,-0.083973566834726,1.4328079916757183e-15,0.001855283446487178,1.0016358540045882e-13,5.462423437309884e-14,0.29986438850856395,0.015697487240773435,5.5152596462775774e-14,0.6612945255639279,2.542627903513772,0.5038511522536624,57.70615413253105,54.73208196708449,52.72623742557969,55.70030959102625
268.0,10.624,0.6676865703183729,-3.588420350013646e-13,0.6868565950900045,0.32185112588092146,-1.2497940745347014e-13,-0.08581643798512277,-0.0037998051416596986,-0.009868652138483563,-0.00020251504542061636,-0.007024734926468205,0.274827366705323,0.03382234521996653,0.0002835210637872502,0.6600821426774707,2.5323206725235274,0.49534407775876405,56.12289834305977,55.15328456858442,54.38932416597513,55.32970491648947
269.0,10.656,0.6778870958201512,3.80310496938785e-05,0.6840679170178723,0.31876642193057164,0.0011884703141475156,-0.08714618975413221,-0.013848205998575822,-0.02924787934892498,-7.078630192289945e-05,-0.001228169760925415,0.24526628587501134,-0.05222364833230306,7.799016207129358e-05,0.6589605002356261,2.5221150215956665,0.48696476893816354,49.48064965014983,48.6527465725208,61.08652891261754,61.90920735055458
270.0,10.688,0.6877951045841586,0.00021461608015873782,0.6812325794965646,0.30962527387523214,0.0055182822020268495,-0.08860429754086593,-0.014761052166862819,-0.05627904767053957,0.0003182437072118734,6.215296178722907e-05,0.2090887059766951,-0.06906825074334486,-0.0005651423070435566,0.6579134010788399,2.5122049418262837,0.4788113274306234,58.55897360295224,57.76904566255286,52.0705165340763,52.86295365555099
271.0,10.72,0.6971404403465989,0.0005386780957603536,0.6783383232398918,0.2920417425762605,0.010126937987550485,-0.0904455080210225,-0.021961212551910875,-0.09095914543242961,0.0011447691610804002,0.005858718127329413,0.16469409967011514,-0.08644657513718902,-0.00190399190310501,0.6569160477352325,2.50286082820739,0.4710886300006425,55.210507181708444,54.54593335684594,55.46975272731665,56.16537739230089
272.0,10.752,0.7055748375107821,0.0010819129902196205,0.6753830454278834,0.2635749113807232,0.016976090451852072,-0.09235243162526363,-0.022075826495557734,-0.1315970167179211,0.0015192396306286096,-0.016334238695057072,0.11068768996044318,-0.10131856101400286,-0.002734160792383278,0.655959757060346,2.494431278907462,0.46401848873165336,55.22280827594351,54.680407204629816,55.56584281943033,56.05384357913333
273.0,10.784,0.712690373141435,0.0018450072309799301,0.6723438443075573,0.2223604884579037,0.023846695023759655,-0.09497503501018972,-0.015349599702695541,-0.17636798220210265,0.0020427354975228367,-0.010016818080801598,0.04657376948986866,-0.11451690716197115,-0.003898305012085269,0.6550099848497107,2.4873246853766546,0.4579040134616977,55.23474076041077,54.93930480600777,55.6034520023902,55.87441390451835
274.0,10.816,0.7180403498052097,0.0027589391268643317,0.6691640964098468,0.16718677074295862,0.028560371746387526,-0.09936712180345564,-0.0033554127032030517,-0.22341749039802888,0.002258693115231836,-0.00713759257988536,-0.0269517053414005,-0.1262231941334705,-0.004718405647585207,0.653992715879621,2.4819884591175096,0.4531173721632408,55.23859272619268,55.291029478843555,55.653424251721376,55.5913107513413
275.0,10.848,0.7211584678044662,0.0037016289015006864,0.6657614624273721,0.09744118747676686,0.029459055457386057,-0.10633231195233257,0.011645040625391104,-0.27000678074085466,0.0018692683439805286,-0.0057687272838297665,-0.10825505105928969,-0.13591008408175595,-0.004707579918585773,0.6528095595978971,2.478889913127719,0.45008100512969945,55.243255961478894,55.73193693412529,55.70410199901369,55.21117643690633
276.0,10.88,0.7215873122408384,0.004521870165029777,0.6620309955000208,0.013401388636629501,0.025632539485284062,-0.1165770914797296,0.02659719968120771,-0.31263959520530543,0.0008436003279725346,-0.005226198855213457,-0.19476205820690734,-0.14241935123046182,-0.003735341136304088,0.6513446984722916,2.47848788047981,0.4492373793186661,55.249012758852274,56.23040344211104,55.75551215489466,54.76815804076027
277.0,10.912,0.7189126650638834,0.005071036130431542,0.6578569793456817,-0.08358272427984308,0.017161436418805152,-0.13043800482309675,0.03784483089385353,-0.3473371313023075,-0.0005269325412647806,-0.0055688619714062415,-0.28321409820240695,-0.1441126655023477,-0.0021237175758851857,0.6494822941919443,2.4811985936608503,0.45100879469768407,55.25384256207184,56.72662286262596,55.81252016083582,54.325959282699614
278.0,10.944,0.7128000184320896,0.005239619699895215,0.6531338436886402,-0.19102020724355556,0.005268236545739755,-0.14759798928254395,0.04164682804392966,-0.37011290494844556,-0.0017348822776833445,-0.0070373625204756506,-0.36896984955094797,-0.13873191530384588,-0.0005204478535685167,0.6471519099558047,2.4873593665031715,0.45575081617046,55.20907978311329,57.24355522554897,55.93472339837009,53.87418029726677
279.0,10.976,0.70302847499448,0.0049931220069518965,0.6477937129801066,-0.30536073242530176,-0.007703052904478687,-0.1668790846416772,0.03458471301260066,-0.3763916389129791,-0.002340373187584256,-0.01012920200340793,-0.38184289813470085,-0.10635045395908936,0.0004769865358678069,0.6453570341233378,2.4971946545951536,0.4637057353300642,52.659238038379904,62.734152191879154,58.92302638087438,48.80568747321802
280.0,11.008000000000001,0.6895343478354509,0.004405010919742147,0.6418247593766822,-0.4216914737196587,-0.018378471475304657,-0.18652980010701298,0.016632170940898493,-0.3506900922047658,-0.0023023840963076895,-0.01945838619823531,-0.38983596172783364,-0.07654780917515508,0.0007668177847275257,0.643887028338803,2.51077204544754,0.47494742575437904,54.786450355651986,57.61050474418976,57.203720021567484,54.29876481709787
281.0,11.040000000000001,0.6725237593189874,0.003654755210253333,0.6354221085989131,-0.5315808911394814,-0.023445490921525418,-0.20008283680528188,-0.007150688202718055,-0.30007367882295377,-0.0005313685165650535,0.04495920177445489,-0.3954990640162071,-0.047660761390610436,-0.0012804962733665788,0.642727437058903,2.527886203425835,0.48928694434884024,55.304389524712995,56.987647897238226,56.89258484319058,55.394285262856634
282.0,11.072000000000001,0.6524744004607391,0.0029796278970462484,0.6287951007770461,-0.6265424643202595,-0.021097728537721374,-0.20709399443334298,-0.033167002882828506,-0.2342422875824204,0.0012530267436201504,0.09529376093444247,-0.3989825279530749,-0.019556282808929577,-0.0033916997513282407,0.6418473840415125,2.5480580974603906,0.5062867213907709,55.771466197205555,56.45714638104569,56.597199755471095,56.30626141437405
283.0,11.104000000000001,0.6300274724294349,0.002644164036406841,0.6221683932299849,-0.701466500978256,-0.010483245644981466,-0.20708461084566526,-0.058261011943098705,-0.16237338644907506,0.0015452621356513404,0.11163622267591775,-0.40249300599490784,-0.005454844434163264,-0.003603782521611663,0.6414870164231486,2.570642614091528,0.525352203499436,55.46648856257714,55.176105388194244,57.1628849103908,57.91422810556381
284.0,11.136000000000001,0.6059078332082337,0.002909292617848773,0.6157015079660303,-0.7537387256625366,0.008285268170060362,-0.20209016449857978,-0.07151109301220006,-0.08866202199206032,0.0020374092231283214,0.1646669631606798,-0.40541547417840573,0.005318633385669856,-0.004422482104906715,0.6416017872980032,2.594910489296121,0.5458055039968679,56.11210480288749,55.44910085037654,56.64802731776666,57.987389051339946
285.0,11.168000000000001,0.5808632457567711,0.003919587448016782,0.6095770256357975,-0.7826433578582072,0.031571713442750254,-0.19139007281977397,-0.07343322788473416,-0.02221770844795745,0.0006027092036061084,0.10573114930834379,-0.4074704955053868,0.016822079655740382,-0.002938917670668324,0.6420877997123969,2.620107900959577,0.5669878641653366,56.833521764640174,55.77714671025324,56.19907451950208,57.69012984180505
286.0,11.200000000000001,0.5555853696628608,0.005700713581902967,0.603884588096321,-0.7899336279346962,0.05566019168394324,-0.17788867310864262,-0.07035342551975778,0.033639031723183714,-0.0020327709041231836,0.04323929247657328,-0.4086656831219397,0.028205393665928637,-0.00017217492278514353,0.6428390652382951,2.645539116298371,0.5883194542987824,57.15920950323857,55.78717082644002,56.093121074289755,57.638805620685744
287.0,11.232000000000001,0.5306621093971852,0.008220988341182586,0.5986398596286568,-0.7788518833023617,0.078758586227488,-0.16389776461450317,-0.06421306763392526,0.07749051845515784,-0.004425303266140418,0.017647223183459806,-0.4090146351039222,0.03989227720126861,0.0018837383940720166,0.6437532815250454,2.670614657250842,0.6093091155708366,57.36090773769606,55.7643295682761,55.99534702297222,57.65497913154973
288.0,11.264,0.5065556598235688,0.011413643509928325,0.5938309426624574,-0.7533265491755539,0.09977047402330978,-0.15027865519374103,-0.055942859925762665,0.10797546416405084,-0.00601535994769989,0.007811359762717046,-0.40859171727609295,0.05210511469892475,0.0024889494532120476,0.6447513386255498,2.694872223653805,0.6295689420929762,57.45698159204613,55.82712122536227,55.94259848571475,57.59374849363662
289.0,11.296,0.48358666548169255,0.015188722879362036,0.5894374903185076,-0.717781073183631,0.11797123029480339,-0.13729538574843217,-0.04657819986495327,0.1249894369902196,-0.006754339686378108,0.004335980533705382,-0.40748144995289476,0.06478910621190562,0.0016281098532014448,0.6457804482834547,2.717991760367731,0.6488307222665403,57.45718657860541,55.973944741640274,55.9539747947339,57.44804811442105
290.0,11.328,0.46193342306231133,0.01944565726965023,0.5854444853426077,-0.6766638256056623,0.13302919969650595,-0.1247814054968695,-0.03726255791185276,0.1297693753533629,-0.006863488435641295,0.0028796838948587783,-0.40580791045135856,0.07770566083684707,-0.0003337022158069859,0.6468169387698889,2.739795501037531,0.6669488689556733,57.37941352785486,56.166973332802904,56.028132615367305,57.25342635486192
291.0,11.36,0.44164562026610127,0.024085825179636706,0.5818485565191275,-0.6339938373815639,0.14500524718707725,-0.11237277573375785,-0.02899415191287238,0.12452483280439809,-0.006640334498284098,0.001485018537180461,-0.4037376359553277,0.09053685714172661,-0.0029279574389445124,0.6478665346236878,2.760233758097077,0.6838893933330287,57.24613134164064,56.365985682766556,56.15306099806002,57.0508585608386
292.0,11.392,0.4226679622624511,0.02902276043991387,0.5786579283408081,-0.5930518126140665,0.15427922688366125,-0.09970713057248079,-0.022396370148075814,0.1119651476581115,-0.006332322744703908,-0.0005289741964355742,-0.4014611353664393,0.10295848055983191,-0.005764034524185162,0.6489611586095756,2.77936118042794,0.6997094555726049,57.08223717280316,56.54274236680513,56.31092791482939,56.87136296213842
293.0,11.424,0.40486862686767155,0.03418817637928195,0.575888780818213,-0.5562292310868611,0.16141924810525224,-0.08653586008109523,-0.017630906752727903,0.09487818736915936,-0.006089759930895799,-0.0031478372991162722,-0.39916242221187637,0.11466935783456741,-0.008597345314751153,0.6501521033264253,2.797308454279393,0.7145325466854554,56.91214951790746,56.68390079079402,56.48194030585257,56.731987065028555
294.0,11.456,0.38806834432377296,0.039533253465841675,0.5735607342542263,-0.5250088294968306,0.16703365895499137,-0.07275145512458663,-0.01445424402043326,0.07582126316364539,-0.005977965838603846,-0.0060731452988807815,-0.39698889674297133,0.1253918227952387,-0.011312303667783664,0.6515001920442856,2.8142535021638215,0.7285233160373015,56.75643724245564,56.787460833139086,56.647800063478364,56.637733106270524
295.0,11.488,0.37206706069906487,0.04502586022953957,0.5716931757928618,-0.5000401132721275,0.17164396136555904,-0.05836120191763864,-0.012355405470467205,0.05693149617406134,-0.0060128386712268505,-0.009000268309005655,-0.3950327764959312,0.13486927286606887,-0.013870700955706949,0.6530644634206141,2.830395084853209,0.7418647140403067,56.629865358306695,56.857508313201826,56.79343935656828,56.585278132259965
296.0,11.52,0.3566662791211726,0.05064509030523398,0.5703030299454754,-0.4812744243091328,0.17560093986545022,-0.043442057730824726,-0.010714474842598706,0.03983353871158671,-0.006191664098386022,-0.01174485263562905,-0.39333043289991415,0.14287753346381366,-0.016265651464599167,0.6548917457118411,2.845930630540719,0.7547389471546374,56.541259795368525,56.90005870747388,56.90716060799705,56.566444891207574
297.0,11.552,0.3416861117227861,0.05637470373228932,0.5694038050705752,-0.4681302311995771,0.17905041959547913,-0.028100777340632464,-0.008947629898221503,0.025613584824182457,-0.006508109728574374,-0.014252072602322387,-0.3918775888256921,0.14924852167012628,-0.01849735446135273,0.657009648213072,2.8610392348557654,0.7673128816685116,56.49400043533286,56.920712468222014,56.98075343102513,56.57102252557208
298.0,11.584,0.3269767402809873,0.062196954527766336,0.5690054282355866,-0.45966785755621353,0.18194533735865667,-0.012449276093392376,-0.006620505186858867,0.014836489984227765,-0.006953905880376675,-0.01654962229211907,-0.3906500913671507,0.1538921221810099,-0.020567849651139038,0.6594245500094977,2.8758701532431847,0.7797279927943053,56.4861402634791,56.923831573835415,57.01056467075084,56.5889462698306
299.0,11.616,0.3124244287462684,0.06808798830534867,0.5691143981039412,-0.4547597354599641,0.1840948055494476,0.0034053083860785508,-0.0035149092409503106,0.007597638942946895,-0.007515381736558467,-0.01869131628449444,-0.3896185917594299,0.156802593041945,-0.02248384347982839,0.6621243956829956,2.890536685033364,0.7920946605295063,56.51048017569227,56.91267872841096,56.99875599098352,56.61172754704618
300.0,11.648,0.2979525962661094,0.07401552300812408,0.5697339603647039,-0.4522447650049679,0.1852354594617317,0.019361320648836316,0.0003611367517999969,0.0036093864965385377,-0.008172030949124722,-0.020716552802160868,-0.3887523306430365,0.15804600435929544,-0.024257840555594056,0.6650844978060454,2.9051149884858343,0.8044904236217263,56.55563132167243,56.88992118452389,56.95320031097152,56.6330755991338
301.0,11.68,0.2835188326469802,0.07993893424846665,0.5708642037681378,-0.45105511309778823,0.1851066012607051,0.03532010635731022,0.004815989477595084,0.002317015587342607,-0.00889972703359576,-0.02263584543602148,-0.3880155136921736,0.15773573860547704,-0.025903905865594823,0.668273981441687,2.919646984144958,0.8169616001878452,56.608387687682516,56.85803875587013,56.88544019870907,56.64886137223976
302.0,11.712,0.2691090674980639,0.08581130571573423,0.5725021127469772,-0.4503051609036336,0.1835116083521115,0.051184655588728346,0.009549555688893218,0.003027937255372211,-0.009676681037992517,-0.024438744157277106,-0.38736263209106525,0.156006863591699,-0.02743046558064079,0.6716610505356079,2.9341461570266367,0.8295274584191767,56.65656943788272,56.819449883572304,56.80762515231335,56.65671159231722
303.0,11.744,0.2547302622098368,0.09158264936778587,0.5746416669462167,-0.44933766525709656,0.1803544891266138,0.06686106872623437,0.01423420047935182,0.005031897448195373,-0.010488418066112538,-0.026109565158197793,-0.3867366687217607,0.15299725227782554,-0.028834948495569564,0.6752162818767179,2.948604890738079,0.84218595581424,56.691160184302866,56.77640269287313,56.72985107255192,56.65551009733114
304.0,11.776,0.24040290856618737,0.0972034291642379,0.5772740552825172,-0.44772980136404417,0.17564936863912553,0.08226213550939145,0.01857978706513196,0.0076938365472850575,-0.011329258917314212,-0.027637063552873483,-0.38607075014444187,0.14883801172519043,-0.03010336881383274,0.6789140072733135,2.9630020370385197,0.8549200425784517,56.70714874242489,56.730769912038696,56.65873092093335,56.644974972363386
305.0,11.808,0.22615432821690726,0.10262768612493654,0.5803880080409565,-0.4452681359150032,0.1695080300218326,0.09731102370122763,0.022372619040560003,0.010510778267465846,-0.01220026175165731,-0.029014470159562017,-0.38529218654281117,0.14365174480440918,-0.03121459544128525,0.6827322736589457,2.9773097067103347,0.8677036601901583,56.70322724858137,56.683869935757514,56.59720138943253,56.62535920338328
306.0,11.84,0.2120133802756463,0.10781534178364013,0.5839701908166068,-0.44190462316440415,0.16211423933448707,0.11194321173907386,0.02548839129233003,0.01313364458496625,-0.013105339990390989,-0.030234951534771362,-0.3843277955452977,0.13755546549307857,-0.03214673342674007,0.6866519557153614,2.9914986544409787,0.8805068130926264,56.680844019854725,56.63637903209965,56.54513997206296,56.59725208738592
307.0,11.872,0.19800680603501775,0.11273353870401928,0.5880055792073756,-0.4377054450196423,0.15369365376184824,0.12610588721152424,0.027885252010095264,0.015360962849841505,-0.014047571070546256,-0.03128857435662562,-0.3831097551996226,0.13066503879632327,-0.032882762362329676,0.6906555137705099,3.005542012997164,0.8932993794294912,56.64307512106105,56.58834813014193,56.50033992585647,56.56144366879841
308.0,11.904,0.18415713804003703,0.1173570928699093,0.5924777466635661,-0.43280212484314706,0.14448606768406275,0.13975523300595305,0.029585038572283624,0.017113866853805674,-0.015026959472651749,-0.03216309053675408,-0.3815813426102953,0.1230989014930361,-0.033413725766131094,0.6947257643333873,3.019417439791352,0.9060535935541261,56.59360336029887,56.53930953009802,56.45952777068037,56.51882414179872
309.0,11.936,0.17048190226844337,0.12166826055467392,0.5973690340700637,-0.42735111786230146,0.1347239901488944,0.15285273145304923,0.030650208818291204,0.01840172798496207,-0.016039909229915935,-0.032847270550722,-0.3797018361117227,0.11497988683586922,-0.033739227987726744,0.6988449086372331,3.033107943378447,0.9187453388426057,56.53594047346297,56.488448669579014,56.41924174049116,56.47030137412314
310.0,11.968,0.15699374523255955,0.12565606781567998,0.6026606081238659,-0.42150490737136914,0.12461897690643926,0.1653616891813188,0.031162220594961414,0.01928631792867717,-0.017079953694125592,-0.033334325815320066,-0.37744987276007164,0.10643489417923373,-0.03386599676950977,0.7029939520290416,3.0466017590908456,0.9313545169693213,56.472935882686926,56.43481024794802,56.37647684874824,56.4167291673039
311.0,12.0,0.14370110553166693,0.12931543428759246,0.6083324421094468,-0.4153949906528939,0.11435520224726485,0.17724481204940326,0.03120488654222398,0.019850314016692527,-0.01813904556441072,-0.033623718747736404,-0.3748248189554751,0.09759278590329147,-0.03380559597273924,0.7071525436377913,3.0598916583467406,0.9438648098906662,56.406562825196154,56.37750150104595,56.32905966776314,56.35884850081336
312.0,12.032,0.13060909817656105,0.13264626927105896,0.6143632624300523,-0.40912522984705835,0.10408859323332827,0.18846313501892278,0.030854046232576437,0.020173613931727036,-0.019208817042018714,-0.03372102377124313,-0.3718461660939521,0.08858122973952912,-0.033572192719677194,0.7112991790561218,3.0729740286971143,0.9562631362264719,56.337935924107434,56.315854142779465,56.27576424147863,56.29725069860033
313.0,12.064,0.11772036433189176,0.13565265079805774,0.6207304998387952,-0.402772932645915,0.0939494227187118,0.1989761690232154,0.030173136740966416,0.020318643263400896,-0.020281478653262144,-0.033636480980233315,-0.3685514036757433,0.07952325975715396,-0.03318088729853788,0.7154116512291516,3.0858479772944882,0.9685390448805908,56.26748651906679,56.24951718527775,56.21622348131078,56.232370440373046
314.0,12.096,0.10503573473452835,0.1383421358905391,0.6274102718587247,-0.39639467491760627,0.08404640914004204,0.20874287562279417,0.02921315600452448,0.020323948391076686,-0.02135027377845491,-0.033383160476310625,-0.3649930636958737,0.07053417611861723,-0.032646737404995914,0.7194676141074208,3.0985146139568225,0.9806842087172086,56.19520945852722,56.17847374934518,56.15071814670748,56.16450816360426
315.0,12.128,0.0925546422397131,0.14072520380224013,0.634377408544912,-0.390034140462976,0.07447087224065733,0.21772302144335337,0.028015150829322027,0.020204147695136884,-0.022409565312358,-0.032975414637250046,-0.3612356121548523,0.06171914886682654,-0.031984365279465715,0.7234451368459076,3.1109765816297212,0.9926921009716975,56.12090371345857,56.10299639643781,56.07992853656382,56.09387165615343
316.0,12.16,0.0802752852371495,0.14281480727134002,0.6416055217360982,-0.3837299063301124,0.0653001084093716,0.225878537224569,0.02661357037229209,0.019953866430650023,-0.02345469332411433,-0.03242789054657623,-0.35735265765126467,0.05317164078891919,-0.031207938638916095,0.7273231610286732,3.123237834716479,1.004557871785728,56.04435577247279,56.02356778085474,56.004713690579514,56.020621874566935
317.0,12.192,0.06819458470075727,0.14462599744659602,0.6490671100870187,-0.3775218917622566,0.05659969297674978,0.23317463596626475,0.025039339739100806,0.01955347886726251,-0.024481737215989546,-0.03175506429401543,-0.3534246831117867,0.044972587871776444,-0.0303313213908089,0.7310818143000725,3.1353036240111285,1.0162783987754047,55.96544734337468,55.94079352915952,55.92595130820753,55.94491015080986
318.0,12.224,0.056307995741404396,0.14617559078008624,0.6567336884332196,-0.3714559049797771,0.04842479167156944,0.2395805733187773,0.023322068990889684,0.018975051894452154,-0.02548727853800535,-0.030971122312462282,-0.3495372906572561,0.03719019102251811,-0.02936824490166287,0.7347025690365501,3.1471806284882606,1.0278524636126827,55.884194828860295,55.855326053653265,55.84444299564756,55.866900261211406
319.0,12.256,0.04460923589172968,0.14748185493193172,0.6645759294130352,-0.3655862453023345,0.04082075474517128,0.24507003061923957,0.021491255330960704,0.01818754313410532,-0.026468217773343034,-0.03009000905068644,-0.34577982508605287,0.029880159832263282,-0.028332415239180002,0.7381682586337481,3.158877172702407,1.039281001414809,55.800741162740294,55.76780776837714,55.760872183237765,55.7867752023549
320.0,12.288,0.033089983972267506,0.1485642009732976,0.6725638065231379,-0.3599766224831926,0.033823313792683316,0.24962115969070683,0.019576604790655223,0.01716086131680732,-0.027421663736319914,-0.029125511424239563,-0.34224419931332406,0.023086275118474067,-0.0272375251749207,0.7414629763770231,3.170403476895425,1.050567374958881,55.71532208265146,55.678834365302826,55.675796600153284,55.70473237250463
321.0,12.32,0.021739591108508316,0.14944287809552817,0.6806667298843568,-0.35469977699247435,0.027458660069705636,0.253216355038093,0.01760771489541115,0.01586877199275449,-0.02834489169377226,-0.028091308045709317,-0.33902375279015007,0.01684117383768869,-0.026097175169019795,0.7445718855142454,3.1817718991627153,1.0617176357073017,55.62822382689017,55.588934767924634,55.58965937162561,55.62097189908439
322.0,12.352,0.010544833197611743,0.1501386734391522,0.6888536682639331,-0.3498361847155176,0.021743604488250516,0.2558418243617589,0.015613373117610104,0.014290837613690679,-0.02923535471469071,-0.027000955028912622,-0.33621199987987693,0.01116729166135385,-0.024924726398222526,0.7474809676722135,3.19299714122594,1.0727407443460697,55.53974251183198,55.498563326105305,55.50280786531672,55.53568213652063
323.0,12.384,-0.0005102760338164779,0.15067262342010235,0.6970932529890363,-0.3454721634821316,0.016685936904692493,0.25748702265947543,0.013620687602474799,0.012413665384947419,-0.030090729060285055,-0.02586780778909972,-0.3326368089935288,0.0060549048276394655,-0.023733115426429415,0.75013622650138,3.204096399383033,1.0836487327094717,55.361159316522986,55.48066871386801,55.49102344846722,55.362975281671496
324.0,12.416,-0.01144462870208123,0.1510657785546307,0.7053514244437781,-0.3416985208832732,0.012286097954010585,0.25806785796067866,0.011677577063296767,0.011531088676255475,-0.030892506231294064,-0.024702891564073143,-0.3287620760839333,0.0015685290266766877,-0.02255773023550032,0.752496010145912,3.2150894614476884,1.0944568205532064,55.27053813356294,55.3737588777978,55.38063973236925,55.2688383428201
325.0,12.448,-0.02226701613476404,0.15133830303618886,0.7135920623154642,-0.3381996072713375,0.008516390048693069,0.25751993349019237,0.009755661774552154,0.011510845107383214,-0.031645953901274504,-0.023535557714366117,-0.3251710899344612,-0.0022834471610799906,-0.021400350827557,0.7545490522766757,3.2259856361408077,1.1051705575157322,55.21698901490125,55.22728397919814,55.23314578576879,55.21430999392465
326.0,12.48,-0.03297752765083378,0.1515097518745474,0.7217789611894908,-0.3347034848771791,0.00535777619870437,0.25584058981333013,0.007846899910363006,0.011606682692787999,-0.03236122954207753,-0.022376374838296277,-0.32159725348379525,-0.005515594724528777,-0.020255691418526428,0.7562853323290083,3.2367851603819116,1.1157871237147596,55.116542328626274,55.12561469400725,55.133398374699375,55.11584327563933
327.0,12.512,-0.04357507001741686,0.15159937464952924,0.7298760934442113,-0.3311731989557209,0.0028007117181825013,0.2530353829600163,0.005966858796177638,0.011808477762661869,-0.03303916540125288,-0.021227103720999053,-0.3180055153945723,-0.008136879021362587,-0.01913128670150783,0.7576962660726666,3.2474867310245266,1.1263027212450434,55.01685933992262,55.02500148920038,55.03459146269476,55.018066045339026
328.0,12.544,-0.05405748654097092,0.15162596415915355,0.7378477566592503,-0.3275755163610642,0.00083092217575964,0.24911447546996693,0.004130296506732703,0.012108311604749816,-0.03368069113744479,-0.02009330367593643,-0.3143641667663538,-0.010160968972760885,-0.018034239505218708,0.758774723904125,3.2580876300769424,1.1367126817721305,54.91855025855114,54.92572672117125,54.93696991255346,54.921557193250486
329.0,12.576,-0.06442165241304607,0.1516077160620066,0.7456587282328794,-0.32388018350234793,-0.000570253035842363,0.2440928616759088,0.0023508918129235496,0.012497819734384075,-0.03428688030078363,-0.018981331475231605,-0.31064411416808346,-0.011605909182657794,-0.016971101179816515,0.759515056252817,3.268583833855367,1.147011553791878,54.82203780608659,54.82822377899583,54.84095786231112,54.82673096822021
330.0,12.608,-0.07466357261064102,0.15156210277254642,0.7532744178395616,-0.3200600061748421,-0.0014254152956305597,0.2379903002088198,0.0006411796924728864,0.012968274574982761,-0.03485894669050165,-0.017897607232453983,-0.3068189704371717,-0.012493698554241903,-0.015947829053591545,0.759913113128277,3.2789701319196407,1.157193194904051,54.72773668850918,54.73291785278684,54.74697433280926,54.733994055816154
331.0,12.64,-0.08477848127369635,0.15150576180004086,0.7606610170316668,-0.3160908957204786,-0.0017606553907988777,0.23083122475328602,-0.0009874983359936167,0.013510676436639982,-0.035398232044898614,-0.01684826159973972,-0.30286511712034603,-0.012849857415262865,-0.01496976292127586,0.7599662576112398,3.2892402540615175,1.1672508675648345,54.63605228898009,54.64022392609913,54.65543038804014,54.643744756207234
332.0,12.672,-0.0947609414706234,0.151454398527771,0.7677856453078719,-0.31195188115397027,-0.001605102258432632,0.22264463363140857,-0.0025250306989891367,0.014115842031305571,-0.035906190765907085,-0.01583896343362779,-0.2987617373149477,-0.012702990885569957,-0.014041612481850622,0.7596733731394064,3.299387003484651,1.1771773367464207,54.54737886320968,54.55054520516352,54.56672719914746,54.55637145338651
333.0,12.704,-0.10460494435898184,0.15142270326887997,0.7746164919900672,-0.3076250902612008,-0.0009904768403451785,0.21346395881860472,-0.003962559665266332,0.014774489906544183,-0.03638437424825685,-0.01487483499465498,-0.29449082095090956,-0.012084354284931981,-0.013167451946825793,0.7590348644815468,3.309402394317803,1.1869649680248033,54.462097855203766,54.46427151933963,54.48125423373649,54.47225103740931
334.0,12.736,-0.1143040068489222,0.1514242822950599,0.7811229532766176,-0.30309570281063597,4.9344568122527925e-05,0.20332691520470023,-0.00529249328022571,0.015477322261784004,-0.03683441591927537,-0.013960410626406704,-0.29003714471753256,-0.011027425342739696,-0.012350720018918697,0.7580526523401064,3.3192777916344296,1.1966058247349616,54.38057630252249,54.38177774216414,54.39938753419765,54.39174733212605
335.0,12.768,-0.12385126697909335,0.15147160241399638,0.7872757638718124,-0.29835187906784827,0.001478753716765284,0.19227533109983705,-0.006508506011413515,0.0162151026716049,-0.03725801738644496,-0.013099617978345541,-0.285388228956777,-0.009567487188184785,-0.011594224374709871,0.7567301615711062,3.3290040522096804,1.2060917629693317,54.3031653190572,54.30342226129602,54.321488073571274,54.31520955691791
336.0,12.8,-0.13323957631628452,0.15157594857074058,0.7930471226283576,-0.29338466678722397,0.003260817398256438,0.18035496114203795,-0.007605528822262698,0.016978729306975044,-0.03765693574641795,-0.012295771798943887,-0.28053427391410557,-0.007741225440119601,-0.010900150218587725,0.7550723030594153,3.3385716643266217,1.2154145233448383,54.230198653257226,54.22954551440471,54.24790018768508,54.24297084021617
337.0,12.832,-0.14246158878930534,0.15174739386625632,0.7984108116808262,-0.28818788978190035,0.005357665484866966,0.16761528288964156,-0.00857972942583867,0.017759303312612405,-0.038032971946269284,-0.011551575530888834,-0.27546807775705834,-0.005586342126066216,-0.010270072667812496,0.7530854493360868,3.347970885043858,1.2245658186200612,54.16199132415858,54.16046860234118,54.178950086770115,54.17534679713519
338.0,12.864,-0.15150984546295634,0.1519947813223034,0.8033423085920657,-0.28275802105159353,0.007730858001471143,0.15410927847623448,-0.009428483494838553,0.018548192064261497,-0.03838796001667634,-0.010869128411032308,-0.2701849387439851,-0.0031411886191709164,-0.00970497280340296,0.750777404071116,3.3571918734530826,1.2335374164022122,54.098838339328026,54.09649198783141,54.114944451489734,54.112634180555816
339.0,12.896,-0.16037685484814315,0.15232571667433437,0.8078188910806433,-0.27709404328708753,0.010341729750967628,0.1398932027680508,-0.010150337618625976,0.019337087092244545,-0.03872375697430878,-0.01024993694578403,-0.26468254385655043,-0.00044441928442639014,-0.009205257238396804,0.7481573656186371,3.3662248185839885,1.2423212163389123,54.041013499314126,54.03789428605129,54.05616911871969,54.055109613152986
340.0,12.928,-0.169055168428252,0.15274657144177037,0.8118197339445195,-0.2711972993784011,0.013151711482375048,0.12502633949612932,-0.010744964803531312,0.020118056516379223,-0.0390422331953911,-0.009694930177570319,-0.2589608461066605,0.002465332928888033,-0.008770781043123196,0.7452358848313171,3.37506006075199,1.2509093213385327,53.98876829304705,53.984931152137214,54.00288786218213,54.00302840655417
341.0,12.96,-0.177537451159115,0.1532624955063123,0.8153259978433753,-0.265071335339469,0.016122627016935245,0.1095707468392464,-0.011213113310152237,0.02088359189182503,-0.039345263082806343,-0.00920447840333393,-0.25302193259876643,0.00554975812126705,-0.008400873841272812,0.7420248173958309,3.3836882052882755,1.2592941025019946,53.94233088817658,53.93783426965873,53.95534127249467,53.956623472764285
342.0,12.992,-0.18581654676978696,0.15387743842217666,0.8183209096485727,-0.258721737833498,0.01921696612076135,0.0935909939124186,-0.011556549612185758,0.021626649415442938,-0.03963471587880214,-0.0087784151071499,-0.24686988527942186,0.00877114783960712,-0.008094368858604718,0.7385372709713292,3.39210022773886,1.2674682575761806,53.90190521974901,53.89681044320133,53.913745740525414,53.916104332078916
343.0,13.024000000000001,-0.1938855377536957,0.15459417868562597,0.8207898341149023,-0.2521559682471485,0.02239813323279096,0.07715388957279724,-0.011777996246586023,0.02234068548782287,-0.03991244651030048,-0.008416061900059627,-0.24051063614435408,0.012092650088850281,-0.00784963467255683,0.7347875474374495,3.4002875697671064,1.275424862852895,53.8676701799825,53.86204079741795,53.87829254722449,53.88165622087902
344.0,13.056000000000001,-0.2017377999944987,0.1554143602031962,0.8227203366715062,-0.24538319502509315,0.02563067242406997,0.0603282048938745,-0.011881065305674347,0.023019686667350017,-0.040180286391211115,-0.008116256258156969,-0.23395181850565192,0.015478501080631351,-0.007664609378549687,0.7307910805775795,3.4082422251403637,1.2831574185366812,53.83977891125625,53.83368008419243,53.84914706239265,53.85343930193806
345.0,13.088000000000001,-0.20936705201833303,0.15633853521696434,0.8241022371702048,-0.23841412574482249,0.028880469180253877,0.04318439058433039,-0.011870188299187961,0.02365819408977495,-0.0404400341438924,-0.007877381832270108,-0.22720261575330897,0.018894234065064686,-0.007536836859215112,0.7265643695368459,3.415956815324215,1.2906598876894961,53.81835820381398,53.81185609890759,53.826448054166086,53.83158797918025
346.0,13.120000000000001,-0.21676739890440788,0.15736621296947598,0.8249276544675914,-0.231260840189839,0.03211492976598875,0.025794290543331547,-0.011750543088977324,0.024251322459959642,-0.04069344623834038,-0.007697401078829578,-0.22027360888107247,0.022306865772612372,-0.007463504817390534,0.7221249084029153,3.4234246543458027,1.2979267289303227,53.80350799910609,53.796669206229595,53.810307110369635,53.81621031820036
347.0,13.152000000000001,-0.2239333709194976,0.15849591341910452,0.8251910417525101,-0.2239366254715538,0.035303139050891844,0.00823085265370948,-0.011527978571837691,0.02479477375211117,-0.04094222758148338,-0.00757388993654954,-0.213176623890015,0.025685061133397004,-0.007441484213390718,0.7174911122615271,3.430639802719762,1.3049529231238857,53.79530099917979,53.78819197530754,53.80080817232181,53.807387573301426
348.0,13.184000000000001,-0.23085995696940045,0.15972522534729933,0.8248892125628101,-0.21645581405946368,0.03841599775608776,-0.009432162178125278,-0.01120893775735851,0.025284845781185516,-0.04118802211906114,-0.007504074249818133,-0.20592458003731884,0.028999277044695404,-0.00746736973240883,0.7126822400782131,3.4375971103556178,1.311733994335574,53.79378238206688,53.78646892384627,53.79800718117244,53.80517382132342
349.0,13.216000000000001,-0.23754263298245143,0.1610508682312105,0.8240213574646312,-0.2088336254078428,0.04142634012222441,-0.02712047181809005,-0.010800379858147701,0.02571843583153806,-0.04143240353817608,-0.00748486761928427,-0.1985313397643919,0.032221886027525945,-0.0075375208992739355,0.7077183147534688,3.444292248483564,1.3182660253605525,53.798969622727256,53.79151637014054,53.80193183642105,53.80959570212771
350.0,13.248000000000001,-0.24397738535739236,0.16246875728750768,0.8225890513940382,-0.2010860117169038,0.04430903300928642,-0.04475956470603375,-0.010309701979678502,0.026093039549614686,-0.041676866179146295,-0.007512910343650861,-0.191011561018926,0.035327280654074644,-0.0076481034553662,0.7026200406913274,3.450721730746035,1.3245456681551562,53.81085241877603,53.8033223918572,53.81258146589584,53.820652265261536
351.0,13.280000000000001,-0.25016072962100755,0.1639740711249618,0.8205962516848117,-0.1932295082379746,0.047041057420441026,-0.06227499091332808,-0.009744660966594796,0.026406745325747865,-0.04192281628041701,-0.007584609104994758,-0.18338055258038807,0.03829195964333948,-0.007795130616235008,0.6974087192115316,3.456882923705311,1.3305701495093167,53.82939271995414,53.82184689011494,53.82992700617176,53.83831492205593
352.0,13.312000000000001,-0.2560897244506383,0.16556132147381372,0.8180492868279077,-0.18528108842596153,0.04960157340162283,-0.07959265177824922,-0.009113295931779461,0.02665822440618902,-0.042171563689846044,-0.0076961770432848,-0.17565413290774418,0.04109459651679651,-0.00797450383818484,0.692106162123937,3.462774047112548,1.3363372723014055,53.854524860090265,53.84702175723362,53.85391109216137,53.86252750219761
353.0,13.344,-0.26176198122369204,0.16722442448855276,0.8149568360278504,-0.1772580241579384,0.051971969210597914,-0.09663908750179487,-0.008423851963989875,0.026846716990547838,-0.04242431417971416,-0.007843673864615286,-0.16784849295160312,0.04371609168301629,-0.008182052737430692,0.6867346037711006,3.468394164371217,1.341845412672844,53.886155790141906,53.87875114639929,53.88444825442341,53.8932064136573
354.0,13.376,-0.26717566926123326,0.16895677314707516,0.8113298996395204,-0.16917775117316297,0.05413589557882489,-0.11334176213531254,-0.007684705479486516,0.026972014581977097,-0.04268216250151293,-0.008023045631542419,-0.15998006330957545,0.046139608783861585,-0.00841357382591133,0.6813166118318156,3.4737431637081713,1.3470935134504893,53.92416541078565,53.916911841409004,53.92142522258908,53.93024090474319
355.0,13.408,-0.27232951693631713,0.1707513102930334,0.8071817605858447,-0.1610577398463707,0.05607928581119465,-0.12962934542736632,-0.006904291652885213,0.027034438867880983,-0.042946086310286354,-0.008230163893243022,-0.1520653860529754,0.04835059608872514,-0.00866486775288266,0.6758749971652646,3.4788217306385163,1.3520810741314206,53.96840700294551,53.96135372461039,53.9647013331965,53.97349342697018
356.0,13.44,-0.27722280882047884,0.17260060188941556,0.8025279368732232,-0.15291537138005332,0.057790362386942726,-0.1454319910194206,-0.006091034332485939,0.027034817417712426,-0.04321694107751192,-0.008460863827395656,-0.14412099151270705,0.05033679367051874,-0.008931774770317237,0.670432722963013,3.483631312376409,1.3568081377285235,54.01870775459323,54.0119003411344,54.01410904015248,54.022800097383005
357.0,13.472,-0.28185537904424773,0.17449691007003085,0.7973861253375626,-0.14476781949277784,0.05925963064422763,-0.16068161048939433,-0.00525327881557607,0.02697445649169893,-0.04349545609676625,-0.008710981084373664,-0.13616328028326558,0.052088227041360666,-0.009210208172168565,0.6650128134647246,3.488174074902882,1.3612752747572676,54.074869382119886,54.068349557505414,54.06945452597243,54.07797125893808
358.0,13.504,-0.2862276010501591,0.1764322655917617,0.7917761367699658,-0.13663193768473,0.06047986005408909,-0.1753121427373985,-0.0043992278296641684,0.026855111260084698,-0.04378223166837739,-0.008976387047352348,-0.1282084106822909,0.053597187869517476,-0.009496185491922417,0.6596382624836891,3.4924528534538837,1.3654835646252772,54.13666884454819,54.130474312722434,54.130518411911744,54.138792137515786
359.0,13.536,-0.29034037391986917,0.17839853930442337,0.7857198225878418,-0.12852415217843952,0.06144605352067714,-0.18925981819137624,-0.003536881036239716,0.02667895373685326,-0.04407773752860799,-0.009253022248297816,-0.12027219189007946,0.05485820234540907,-0.00978585727875535,0.6543319419803261,3.4964710972368853,1.3694345746675585,54.203859148831505,54.19802345989623,54.19705656504994,54.20502359410704
360.0,13.568,-0.29419510546093386,0.18038751226718144,0.77924099323484,-0.12046036065827155,0.06215540508618973,-0.2024634172813065,-0.00267397834442633,0.026448538734874773,-0.04438231256636648,-0.009536927709227774,-0.11236998298622647,0.055867987715475055,-0.010075533309244832,0.6491165109160512,3.5002328092225743,1.373130337052324,54.276170244449645,54.27072269651728,54.26880100033952,54.27640297067197
361.0,13.6,-0.29779369224380825,0.1823909441511335,0.7723653285119171,-0.11245583696482463,0.06260724637350151,-0.21486452259134017,-0.001817947292740495,0.026166768151091136,-0.04469616584674084,-0.009824274009883336,-0.1045165980985292,0.05662539746086055,-0.010361706128147692,0.6440143246164304,3.503742481889103,1.3765733237658315,54.35331000546236,54.348275581394546,54.345460875564555,54.35264502810543
362.0,13.632,-0.3011384967857925,0.18440063957733469,0.7651202800623053,-0.10452514193700833,0.06280298206878716,-0.2264077640503693,-0.000975854728001914,0.02583685389073507,-0.04501937893650551,-0.010111387916092859,-0.09672621788091428,0.05713135556504911,-0.010641071847559927,0.6390473448715286,3.50700502981986,1.379766419870099,54.43496529810875,54.43036463624591,54.42672357706489,54.4334429746536
363.0,13.664,-0.3042323220860426,0.18640851204875916,0.7575349662554214,-0.09668204063281545,0.06274601473201484,-0.2370410564651209,-0.0001543629811762254,0.025462279738714774,-0.04535190950286321,-0.010394776437384633,-0.08901230754132941,0.05738878029247252,-0.010910548168114657,0.6342370510027884,3.5100257200714347,1.382712895215078,54.52080313193999,54.516652529827915,54.512255893965154,54.51846958300016
364.0,13.696,-0.3070783837243534,0.18840664514398597,0.7496400597390187,-0.08893942619721254,0.06244165922583781,-0.24671582863758346,0.0006403092895280985,0.025046762484203643,-0.045693596133685926,-0.010671148216490152,-0.08138754164610797,0.057402497890044105,-0.011167289618189446,0.6296043521296122,3.5128101012360324,1.3854163747772472,54.610471892335696,54.606783342361055,54.60170527849543,54.60737839407686
365.0,13.728,-0.3096802797460965,0.19038735065034126,0.7414676679552639,-0.0813092506794718,0.061897047073602766,-0.2553872432423385,0.001402421447749745,0.02459421260118562,-0.04604416430600557,-0.010937432187284714,-0.0738637359327846,0.057179146626582626,-0.01140870003687158,0.625169500874935,3.515363932121599,1.3878808077897073,54.70360265207983,54.70038390783319,54.69470118979984,54.69980500544481
366.0,13.76,-0.3120419585662791,0.19234322332536924,0.7330512069449726,-0.07380246313070514,0.061121021094624174,-0.26301440657160147,0.0021267403098581563,0.02410869478322021,-0.04640323340998172,-0.011190793470227774,-0.06645178636779774,0.05672707160168562,-0.011632442353281659,0.6209520087572593,3.517693110962988,1.3901104358248488,54.799810559455096,54.79706523154486,54.7908565183955,54.79536844183795
367.0,13.792,-0.3141676851369347,0.19426719198837933,0.7244252687949488,-0.06642895533298833,0.06012402071906524,-0.2695605671882426,0.0028085645778900986,0.023594388625007665,-0.046770324718476954,-0.011428646505196363,-0.059161615687472434,0.05605621078618676,-0.011836445738491859,0.6169705635266166,3.5198036060583218,1.392109759989477,54.89869630005085,54.89642397999339,54.88976908816523,54.893672605155864
368.0,13.824,-0.316062005633655,0.19615256665891806,0.715625483116141,-0.05919751552250872,0.058917958454335284,-0.2749933024627433,0.003443744226029833,0.02305554973644922,-0.04714487017804571,-0.011648665450322929,-0.0520021276589998,0.05517797280047528,-0.01201891022651252,0.6132429487133723,3.52170138869577,1.3938835073937703,54.99984762917331,54.99804403987974,54.99102323244134,54.994307800839685
369.0,13.856,-0.31772971092866287,0.19799308147678538,0.7066883729749983,-0.052115790468995914,0.05751608805835361,-0.2792846919107102,0.004028694823963041,0.02249647156677109,-0.04752622188584733,-0.011848791901456568,-0.04498116929158726,0.05410510699416357,-0.012178308917587824,0.609785965671323,3.523392369197365,1.3954365970594138,55.10284097139166,55.101498142660475,55.09419144036596,55.09685233716168
370.0,13.888,-0.31917579912901806,0.19978293315902748,0.6976512057367225,-0.04519025626109961,0.055932865070065736,-0.2824114761961202,0.004560406812915064,0.02192144820688606,-0.04791366210888623,-0.012027240009928762,-0.03810550121549178,0.052851566459587926,-0.01231338789037583,0.6066153584096898,3.5248823368577527,1.3967741054383662,55.20724308335528,55.206349550663134,55.19883606929602,55.20087419350995
371.0,13.92,-0.3204054374688966,0.2015168147734847,0.6885518393167581,-0.03842619812120456,0.05418380045178832,-0.2843552006238853,0.005036449783265172,0.021334738427454925,-0.04830641369713865,-0.012182499096392367,-0.031380776427013445,0.05143236469095361,-0.01242316395961124,0.6037457415218979,3.5261769044972517,1.3979012317216033,55.31261277557709,55.31215380033573,55.30451111856079,55.30593275325503
372.0,13.952,-0.321423923853956,0.2031899446361475,0.6794285643754341,-0.03182769953310666,0.05228530820821238,-0.2851023419163758,0.00545497183624156,0.02074053119801805,-0.048703650740523456,-0.012313333875259102,-0.02481152757005385,0.049863426688377975,-0.012506920422784337,0.6011905315319317,3.527281458280287,1.3988232631263262,55.41850268839913,55.41846049771857,55.41076405938284,55.4115805962535
373.0,13.984,-0.322236648363128,0.2047980901708711,0.6703199430297139,-0.025397640911624015,0.05025454796011258,-0.2846444170537564,0.0058146941462061535,0.020142912919051858,-0.049104509321209536,-0.012418782417789485,-0.01840116288857275,0.048161435399346086,-0.01256420094350828,0.5989618819910016,3.528201113372657,1.3995455403600752,55.524461116844584,55.524815160712656,55.51713771524201,55.51736534547681
374.0,14.016,-0.32284905501832806,0.2063375866048962,0.661264644694994,-0.01913770797500219,0.048109263563284176,-0.2829780729599951,0.006114900874244639,0.019545836583800626,-0.04950809821725099,-0.012498151992586186,-0.012151970938845716,0.04634367448611134,-0.012594801720932261,0.5970706226676903,3.5289406759247672,1.4000734234702465,55.630033878522234,55.630761102180564,55.62317218640677,55.62283156166183
375.0,14.048,-0.32326660413511016,0.2078053504119837,0.6523012797082233,-0.013048409899440646,0.04586761897148405,-0.2801051558365857,0.0063554246179270656,0.018953093070195475,-0.04991350942073917,-0.012551012929642268,-0.006065134095451212,0.04442786850338621,-0.012598762094204989,0.5955262031830866,3.5295046117737074,1.4004122582971794,55.73476621819098,55.73584134736242,55.728406811782925,55.72752267926975
376.0,14.08,-0.3234947355668402,0.20919888745653492,0.6434682314206792,-0.007129107241564397,0.04354803264222571,-0.27603275898575147,0.00653662761587973,0.01836828474507288,-0.05031982834326053,-0.012577190659262235,-0.0001407508206650752,0.04243202166264055,-0.012576353729005419,0.5943366414481068,3.529897022155965,1.400567343757495,55.838204742024324,55.839600578529364,55.83238216064843,55.83098297642237
377.0,14.112,-0.3235388331511748,0.21051629583645945,0.6348034874838554,-0.0013780495104562932,0.04116901187264148,-0.270773248025744,0.006659378958836285,0.017794801543232267,-0.05072614359308323,-0.01257675607981509,0.005622133406452099,0.04037425644410619,-0.012528068529986496,0.5935084772626845,3.530121626615816,1.4005439001911792,55.93989937404349,55.94158709923812,55.9346420462623,55.932759570868356
378.0,14.144,-0.3234041906602375,0.21175626346927545,0.6263444710843981,0.004207577841790901,0.038748988525500044,-0.2643442624830417,0.006725028090688419,0.017235799662643107,-0.051131556221769146,-0.012550014409032828,0.011225486686461611,0.038272653391377955,-0.012454605419042336,0.5930467314352934,3.530181753183548,1.4003470390103132,56.03940532662792,56.04135481000717,56.034735552769526,56.03240443343031
379.0,14.176,-0.32309597954468383,0.2129180605143854,0.6181278729131874,0.009631597361052504,0.03630615765968546,-0.2567686928503334,0.006735374913265226,0.01669418299439079,-0.05153518835240564,-0.012497492672890652,0.016672243095245717,0.03614509348296859,-0.012356856115012823,0.5929548707758845,3.5300803357842594,1.3999817338888152,56.136285076471076,56.138465186714704,56.1322190662816,56.12947640980645
380.0,14.208,-0.3226192187467222,0.21400152677396464,0.6101894846787836,0.01489877493630018,0.0338583206118516,-0.24807463232511656,0.006692636836638579,0.016172587381822527,-0.05193619111693992,-0.0124199259841925,0.0219662472468757,0.034009104516834705,-0.012235890046147155,0.5932347793053611,3.5298199187237986,1.3994527937305312,56.230110336838884,56.232489252533206,56.22665830050679,56.22354324106028
381.0,14.24,-0.3219787468380853,0.21500705426465797,0.6025640349958846,0.02001474714490371,0.03142273408416639,-0.2382953025905942,0.006599413142169928,0.01567336777796922,-0.052333751845753416,-0.01231824276036898,0.02711219148934183,0.03188171296489049,-0.012092938522665748,0.5938867360098768,3.529402667985457,1.398764837647041,56.32046401652343,56.32300953377876,56.317630306848855,56.31418357264272
382.0,14.272,-0.32117919671600287,0.2159355652014581,0.5952850284945249,0.02498594131507615,0.02901596677500407,-0.2274689531674907,0.006458647047764771,0.015198588343857289,-0.05272710046822413,-0.012193549027021888,0.03211554629798488,0.02977930275223871,-0.011929378293333548,0.594909399448269,3.528830388961194,1.3979222721663183,56.40694215547158,56.40962198967274,56.40472545849825,56.40098894136234
383.0,14.304,-0.32022497306358366,0.21678848568286005,0.5883845890049035,0.02981948913810016,0.02665376504381101,-0.2156387340506679,0.006273585883397071,0.01475001550303289,-0.05311551509820851,-0.012047111950649092,0.03698248452982744,0.027717482388315392,-0.011746714607253647,0.5962997994956928,3.5281045501365984,1.3969292708786598,56.48915582672381,56.491937905701995,56.48754939771752,56.48356572936576
384.0,14.336,-0.3191202327509485,0.21756771541174408,0.581893307675432,0.03452313476984961,0.02435092902762588,-0.20285254154598487,0.006047739799443606,0.014329113939762562,-0.0534983267927872,-0.011880342741071609,0.04171980029658801,0.025710961823106268,-0.011546563900202266,0.598053336475964,3.5272263121514,1.3957897567070232,56.56673299402969,56.56958574003107,56.56572493528563,56.561537073920775
385.0,14.368,-0.31786886832034,0.21827559382854078,0.5758400968774096,0.039105138456514664,0.02212120052489696,-0.18916283743820161,0.005784839440327654,0.013937045500300005,-0.05387492348596492,-0.011694779061531492,0.04633482330261078,0.02377344032035336,-0.01133063622376106,0.6001637878993102,3.5261965615691557,1.394507386965118,56.63932031432556,56.642212912274786,56.63889389092104,56.63454472162074
386.0,14.4,-0.3164744946627326,0.21891486307120905,0.5702520507383081,0.04357417680023175,0.01997716383338349,-0.17462644184692064,0.0054887930210732235,0.01357467092864983,-0.05424475311105147,-0.01149206708225121,0.05083532957326406,0.02191750653156214,-0.011100717535194444,0.602623322981356,3.525015948612569,1.3930855413385617,56.70658487417436,56.70948752388998,56.706718863462335,56.70225081555848
387.0,14.432,-0.3149404389557189,0.21948862820959947,0.5651543131267421,0.04793924084417821,0.017930160574700423,-0.15930430036143597,0.0051636432443647375,0.01324255434082527,-0.05460732593599801,-0.01127394331162556,0.0552294495671496,0.020154551820602686,-0.010858651966324302,0.6054225250735242,3.523684928056415,1.3915273128924508,56.76821584928665,56.77109999949833,56.768884919652606,56.76433960405973
388.0,14.464,-0.3132697338932787,0.2200003152291505,0.5605699538856732,0.05220953320125491,0.015990219360969928,-0.14326122628340376,0.004813524490438315,0.012940970315081415,-0.05496221614490193,-0.011042216338005135,0.0595255747191126,0.018494697730624076,-0.010606324190362467,0.6085504220850128,3.5222038024197477,1.3898355021733833,56.823926076369425,56.82676463861201,56.82510119055673,56.82051905972357
389.0,14.496,-0.3114651141980999,0.2204536272599453,0.556519854076247,0.056394365474337786,0.01416600096233732,-0.1265656190445676,0.004442620701541556,0.012669913450437269,-0.05530906270616022,-0.010798748613908683,0.06373226349871049,0.01694673830557476,-0.010345642006529068,0.6119945249226273,3.520572766564153,1.3880126144359408,56.873453526792105,56.87622106750561,56.8751023649412,56.87052239779817
390.0,14.528,-0.30952901636713437,0.22085249956143427,0.553022600952985,0.0605030572176732,0.012464759421530216,-0.10928916010193708,0.004055124366859742,0.012429110222365635,-0.05564756957336178,-0.010545438413908991,0.06785814808838171,0.015518097781086343,-0.010078519262994252,0.6157408739176059,3.5187919527861573,1.3860608599836535,56.91656267191699,56.919235581360326,56.918650069366834,56.914109483319834
391.0,14.56,-0.30746358156175296,0.22120105378023952,0.5500943933420843,0.06454483766816886,0.010892319337664134,-0.09150648784064788,0.003655196992880261,0.012218032943252799,-0.05597750526900449,-0.010284202096223022,0.07191184278621125,0.014214803947960038,-0.009806859238941566,0.6197740931488599,3.5168614754902277,1.3839821575734392,56.953045730417664,56.95560236730223,56.955534125283314,56.95106811696963
392.0,14.592,-0.3052706615159356,0.22150355199818492,0.547748958038675,0.06852875143179173,0.00945306931079362,-0.07329485323154243,0.0032469314184455345,0.012035915616441396,-0.05629870190362191,-0.010016956796839279,0.07590185521887026,0.013041477270385985,-0.009532538606027988,0.624077452510538,3.5147814745442103,1.3817781407913066,56.982723788498106,56.98514459956104,56.98557367406917,56.981215190243006
393.0,14.624,-0.30295182730010245,0.22176435107998851,0.5459974777764989,0.0724635692447867,0.00814997130636242,-0.05473375819300264,0.002834316303609685,0.011881771456726607,-0.056611053684048895,-0.009745603682986922,0.07983650141095712,0.012001335615270909,-0.009257392087909112,0.628632937309312,3.5125521564516125,1.3794501672667594,57.005447784626774,57.0077153986852,57.0086181617256,57.00439770128687
394.0,14.656,-0.30050838074511543,0.22198785781502403,0.544848531255192,0.0763577048433442,0.006984585469859896,-0.035904578790841406,0.0024212030873657074,0.01175441183732398,-0.056914514964520484,-0.00947201188980914,0.08372382569811831,0.011096214223758574,-0.008983197933538332,0.6334213251141514,3.5101738325242473,1.3769993305547499,57.021099351206274,57.02319864755833,57.024548175800106,57.020493623622954
395.0,14.688,-0.2979413683012698,0.22217848532547765,0.5443080456368385,0.08021913887017514,0.0059571097016757005,-0.016890175573543845,0.0020112756719042526,0.011652466413793411,-0.05720909789328526,-0.009198003260036943,0.08757152639366995,0.010326600336284016,-0.00871166431540637,0.6384222695194844,3.5076469533037042,1.3744264744781725,57.029591506501944,57.0315096578621,57.033276128078626,57.02941262093994
396.0,14.72,-0.29525159708127147,0.22234061118452966,0.5443792618454822,0.08405535062494869,0.005066433095375282,0.0022255065201155755,0.0016080230509638754,0.011574404169342726,-0.05749486970562664,-0.008925338000945577,0.09138688802392023,0.009691681673503344,-0.008444416757598723,0.6436143904224142,3.504972138559694,1.371732209691597,57.030869191143125,57.03259568161019,57.034746777627575,57.031096602187134
397.0,14.752,-0.2924396528147081,0.2224785376534504,0.5450627129216485,0.08787325833010595,0.004310202153773309,0.021357846130196766,0.0012147150577120256,0.011518555123397252,-0.05777194971183589,-0.008655701365884916,0.09517672083768587,0.009189407781790986,-0.008182986690411509,0.6489753703569598,3.5021502022860656,1.3689169321990031,57.024909644577,57.026436263430675,57.028937589884,57.02552011232843
398.0,14.784,-0.2895059194247055,0.2225964544064259,0.5463562155995486,0.09167916843758053,0.0036848985304838468,0.040421958684377195,0.0008343813642116381,0.011483132446343901,-0.05804050602596326,-0.008390691458958637,0.09894730817333817,0.008816563078242853,-0.007928801218264942,0.654482056373955,3.4991821722194296,1.3659808435353125,57.01172261798329,57.01304343038104,57.01585892866152,57.012690555301
399.0,14.816,-0.28645059992554756,0.22269840406733282,0.5482548751884188,0.09547873434868548,0.0031859269033415708,0.05933311215219195,0.0004697938206055372,0.011466254727839376,-0.05830075207827324,-0.008131808251123432,0.10270436213480771,0.008568850279893353,-0.007683174175841006,0.6601105669050625,3.4960693035188344,1.3629239723040385,56.99135042133613,56.99246171723323,56.995554079153926,56.99264824695569
400.0,14.848,-0.28327373833314784,0.22278825083447115,0.5507511037523519,0.09927692476249103,0.002807711473072798,0.0780071426229114,0.00012345217845398151,0.011465968153891266,-0.05855294295140101,-0.007880443883838252,0.10645298788949283,0.00844098277840538,-0.007447298533886908,0.6658364030040835,3.4928130863655587,1.3597461967517126,56.963867803510475,56.96476802634927,56.96809910125699,56.96546629701839
401.0,14.88,-0.27997524227839954,0.22286965241839898,0.553834651495959,0.10307800171088431,0.0025437994977447315,0.09636086698772131,-0.00020242680009646463,0.011480268358858008,-0.058797371577385724,-0.007637874323037501,0.11019765675908594,0.008426784427135502,-0.007222240201168794,0.6716345633189947,3.489415247367452,1.3564472680540791,56.92938166555986,56.9300713224639,56.93360251377848,56.93125032038695
402.0,14.912,-0.27655490601648464,0.2229460354655008,0.5574926511772046,0.1068855081848406,0.002386970221931494,0.11431249003892437,-0.0005059168867591925,0.011507121732306926,-0.0590343648301319,-0.007405252411153739,0.1139421881324074,0.00851929514373943,-0.0070089332529125635,0.67747966211452,3.4858777447797533,1.3530268339893523,56.888030608525476,56.888512163891,56.892204811351014,56.890137979352524
403.0,14.944,-0.2730124335329858,0.22302057458676564,0.5617096752847157,0.11070226510933788,0.0023293475395263683,0.13178200335972254,-0.0007853866634864336,0.011544485976991663,-0.059264279545499156,-0.007183602349062714,0.11768974009041087,0.008710880699082959,-0.006808176599043486,0.6833460496379674,3.482202757681482,1.3494844626799825,56.83998431835465,56.8402620728516,56.84407781708484,56.8422983595878
404.0,14.976,-0.269347461459798,0.223096175058451,0.5664678056356529,0.11453037728711969,0.002362514740167699,0.1486915734667872,-0.0010395006451358064,0.011590329732710463,-0.059487498499168075,-0.0069738156229724,0.12144280850091063,0.008993345062026807,-0.006620632088012453,0.6892079341009217,3.478392669370643,1.3458196660960111,56.78544279169871,56.78552274877808,56.78942387518515,56.78793118396594
405.0,15.008000000000001,-0.26555958152998627,0.2231754592098094,0.5717467149726797,0.11837124780661619,0.002477629729950336,0.16496591678208716,-0.0012672173955202454,0.011642651101074328,-0.059704426370689886,-0.006776648374105535,0.12520323421686408,0.009358043698616527,-0.006446824024352393,0.6950395045363952,3.4744500453601366,1.34203192302978,56.724635407507236,56.72452512955921,56.728474888894766,56.72726586944377
406.0,15.040000000000001,-0.2616483623204117,0.22326075646374544,0.5775237600654468,0.12222560029920444,0.0026655391855007183,0.18053265914897196,-0.0014677848129673286,0.01169949492785162,-0.059915485720675704,-0.006592720191690128,0.1289722178998558,0.00979599628167708,-0.006287140060753007,0.700815053785349,3.4703776064669634,1.338120701272927,56.657819850426726,56.657528306747416,56.661491210195514,56.66056043335109
407.0,15.072000000000001,-0.257613370053618,0.22335409694994932,0.5837740857539934,0.12609350833730343,0.002916890193871248,0.19532267776707965,-0.0016407327865373181,0.011758968722119335,-0.06012111300687631,-0.006422514292745032,0.13275034189174872,0.010297997350299716,-0.006141833408768463,0.7065091008681107,3.4661781975878188,1.3340854787515675,56.58528089303324,56.58481830173771,56.58876038869977,56.5881002564594
408.0,15.104000000000001,-0.25345418825557253,0.2234572085674191,0.590470739309175,0.12997443118892096,0.003222238045930828,0.20927042359942716,-0.0017858634448622178,0.01181925711453421,-0.06032175466389269,-0.006266379035806975,0.13653759847399866,0.010854723565286115,-0.0060110262966552265,0.7120965120050299,3.4618547528424197,1.3299257634035997,56.50732904486814,56.506706710836625,56.5105957880734,56.51019671114831
409.0,15.136000000000001,-0.24917043609279002,0.22357151733491887,0.5975847944291584,0.13386725508695335,0.003572148984367672,0.22231422249947821,-0.0019032392360447822,0.011878634780209065,-0.06051786327037212,-0.006124530700447464,0.1403334237870404,0.011456836332789728,-0.005894714588616935,0.7175526195665397,3.457410257840132,1.3256411116124225,56.42429907709637,56.42352922796224,56.42733507914908,56.42718566383588
410.0,15.168000000000001,-0.24476178524053643,0.22369815083428757,0.605085484141586,0.13777033913292447,0.003957296855271877,0.2343965535133647,-0.0019931690891999664,0.011935477774558502,-0.06070989382671298,-0.0059970574503811725,0.14413673663200602,0.01209507871042965,-0.005792773467211914,0.7228533382552965,3.4528477098841073,1.3212311450432106,56.33654843235646,56.335644054440856,56.33933861960045,56.339425861583386
411.0,15.200000000000001,-0.24022797516261796,0.22383794452294112,0.612940341838536,0.14168156493495226,0.004368552770423435,0.24546430302968525,-0.0020561929160688767,0.011988273252697268,-0.060898300165454236,-0.005883924385690815,0.14794598134430736,0.012760365663980524,-0.005704964070093335,0.7279752778518809,3.4481700769691646,1.3166955657604988,56.24445553001649,56.24343020599118,56.24698773065513,56.24729721341806
412.0,15.232000000000001,-0.2355688267121376,0.22399145066860526,0.6211153496360656,0.1455983890775108,0.00479706705200453,0.2554689936728018,-0.0020930647148678645,0.012035627564198946,-0.06108353151559685,-0.005784979579168754,0.15175917391269786,0.013443866904438165,-0.0056309409637899845,0.7328958518901467,3.4433802564541005,1.3120341695384239,56.14841797758472,56.147285727503096,56.1506828818168,56.15119897743691
413.0,15.264000000000001,-0.23078425399100932,0.22415894964135322,0.6295750932220724,0.1495178975352587,0.005234342898373548,0.2643669870627111,-0.002104734538347398,0.012076272734967487,-0.061266029241038994,-0.005699960983438177,0.15557395051801717,0.014137081700664448,-0.005570260331010237,0.7375933816681642,3.4384810342957213,1.307246857306897,56.04885069944453,56.047625826626344,56.050841794947374,56.05154786515584
414.0,15.296000000000001,-0.22587427443347088,0.22434046328535892,0.6382829223354047,0.15343686117307614,0.005672301375178249,0.2721196597916355,-0.0020923295842240654,0.0121090713664015,-0.06144622377205501,-0.005628504089108187,0.15938761768155527,0.014831905228189793,-0.005522388744026221,0.7420471950451818,3.4334750457204852,1.3023336447075913,55.946183994390445,55.94488093748203,55.94789747932585,55.94877607485393
415.0,15.328000000000001,-0.22083901710489387,0.22453577008526152,0.6472011160055485,0.15735179151803155,0.0061033374969560825,0.27869355219199327,-0.0020571346590369786,0.012133019998732364,-0.06162453174728634,-0.00557015021028396,0.16319720324275702,0.015520686176483578,-0.0054867123950471716,0.7462377195234651,3.4283647381806723,1.2972946697624184,55.84086153363413,55.83949472599574,55.84229620945296,55.84332926583041
416.0,15.36,-0.21567872923148235,0.22474442183941828,0.6562910516756013,0.16125899604411892,0.006520367317399386,0.28406048968916503,-0.002000572256445815,0.012147251000258874,-0.06180135338201574,-0.005524355271821836,0.16699950742797878,0.016196275491844516,-0.005462546655064446,0.750146569165554,3.4231523373960875,1.2921301986836549,55.73333831103085,55.731922048431045,55.73449545741441,55.73566448554719
417.0,15.392,-0.2103937809986727,0.2249657615542666,0.6655133773313724,0.16515463227530122,0.006916866089009572,0.28819767674284597,-0.0019241824784236704,0.012151033057069377,-0.06197707007657162,-0.005490498973035936,0.17079115332450348,0.01685206627820586,-0.005449145835307525,0.7537566249516623,3.417839817220627,1.286840629878771,55.62407855724931,55.622626874675014,55.6249617915523,55.62624806157567
418.0,15.424,-0.20498466867596007,0.2251989422801156,0.6748281857659635,0.16903476008476948,0.007286897682781846,0.2910877635809714,-0.0018296030131206857,0.012143770348705011,-0.062152042276560494,-0.005467894204869853,0.17456863613531814,0.01748202501128514,-0.005445713030035056,0.7570521082379162,3.4124288739968875,1.2814264962239932,55.513553629481486,55.51208018770274,55.514168753032884,55.51555347011229
419.0,15.456,-0.1994520161433116,0.2254429466184874,0.6841951901216868,0.17289539164526485,0.007625135574118584,0.2927188861163545,-0.0017185493668062449,0.012125000504026746,-0.06232660759428463,-0.0054557966016630785,0.17832837065734478,0.01808071434066837,-0.005451409925676864,0.7600186470330882,3.406920905973136,1.2758884656985905,55.40223988805654,55.40075787042838,55.402594721643794,55.404059192568
420.0,15.488,-0.193796574909183,0.22569660664412639,0.6935738998691902,0.17673253856651824,0.007926875801218113,0.29308467960947854,-0.0015927955296477431,0.012094391438409645,-0.06250107919819625,-0.005453414114439848,0.1820667364986014,0.018643307858402264,-0.005465366469115246,0.762643334868774,3.40131699825727,1.2702273404867097,55.29061657101984,55.28913859084338,55.29072078181203,55.29224657140719
421.0,15.52,-0.1880192227223929,0.2259586240004772,0.7029237964066657,0.18054225583719036,0.008188042385962907,0.29218426679611015,-0.0014541552365569638,0.0120517371782559,-0.06267574447462616,-0.005459916500034864,0.18578012062416568,0.019165597300425375,-0.005486690296872062,0.7649147820948098,3.3956179136740463,1.2644440546653248,55.17916367733464,55.17770169596301,55.17902859942237,55.18059767598136
422.0,15.552,-0.18212096088974997,0.22622758994526623,0.7122045074894666,0.1843206822700918,0.008405185774657327,0.2900222213375288,-0.0013044639653155164,0.011996952781916419,-0.06285086396333356,-0.005474444628535648,0.18946495689666562,0.019643992718493635,-0.005514475836908314,0.7668231594874986,3.389824089777065,1.2585396706055771,55.06835986890713,55.0669251246458,55.06799831952882,55.069593188623635
423.0,15.584,-0.17610291041844442,0.22650200514228755,0.721375979731752,0.18806407722829818,0.008575474906916118,0.28660850757141937,-0.001145561795016036,0.011930068467464623,-0.06302667056572774,-0.0054961195211429325,0.19311776235171454,0.020075516215051027,-0.005547813005348137,0.7683602341122784,3.3839356421481424,1.2525153742206163,54.958680401109405,54.95728334884254,54.95810649451607,54.95971032071975
424.0,15.616,-0.16996630710692356,0.2267802990160856,0.73039864845633,0.19176885348502656,0.008696683556188953,0.2819583976430594,-0.0009792772288671776,0.011851223057576165,-0.06320336902195128,-0.005524051040370811,0.19673517002111798,0.020457789872299556,-0.005585795431462001,0.7695193974342369,3.3779523739961754,1.2463724691962108,54.85059509090249,54.849245352269534,54.84982405168171,54.85142076787902
425.0,15.648,-0.16371249571043023,0.2270608485074666,0.7392336042060611,0.19543160614041657,0.008767171605656564,0.276092367179098,-0.0008074120668666901,0.01176065685017316,-0.0633811356504441,-0.005557346165007287,0.20031395818531714,0.02078901853028503,-0.005627528155426938,0.7702956857188564,3.371873791947726,1.2401123703410804,54.744566331049164,54.74327265490263,54.74361430858941,54.745188712697605
426.0,15.68,-0.15734292330777785,0.22734199608921565,0.7478427552694178,0.1990491375828865,0.008785861929657718,0.2690359707298963,-0.0006317273960106913,0.011658704020666743,-0.06356011834117863,-0.0055951167928754075,0.20385107600049815,0.021067968078205622,-0.00567213475448968,0.7706857928111053,3.365699127804617,1.233736596192423,54.64104715826594,54.63981739106061,54.6399310438976,54.64146888294939
427.0,15.712,-0.1508591319944777,0.22762206692264822,0.756188985613473,0.2026184785406296,0.008752213544767691,0.26081969825172596,-0.00045393074877462245,0.011545784657753619,-0.06374043679151041,-0.005636487024948603,0.2073436655040659,0.021293939919691952,-0.005718763863980461,0.7706880754231094,3.3594273659319906,1.2272467610087041,54.540479382505275,54.53932044820082,54.53921663070671,54.54070467236729
428.0,15.744,-0.14426275102424696,0.22789938505633167,0.7642363076591564,0.2061369053197105,0.008666191677607862,0.25147881392760507,-0.00027566446472935706,0.011422396529966197,-0.06392218297155997,-0.00568059989467476,0.21078908005424607,0.021466742257954786,-0.005766595069983296,0.7703025510988327,3.3530572758354595,1.220644566276749,54.44329178389253,54.44220967289654,54.44190023880188,54.44332633049912
429.0,15.776,-0.13755548851644678,0.22817228858817104,0.7719500093755217,0.2096019533687555,0.008528235369980278,0.24105317863641595,-9.849527548656893e-05,0.011289106674713086,-0.06410542180426293,-0.00572662351626427,0.21418489930493054,0.021586658822004463,-0.005814844160201366,0.769530889058255,3.346587449390047,1.2139317918538386,54.349898383178626,54.348898149812214,54.348396111505934,54.3497492274481
430.0,15.808,-0.13073912284136074,0.22843914373081545,0.7792967952115234,0.21301142734643835,0.008339223207637698,0.22958705737505228,7.609488023297362e-05,0.011146542895548357,-0.06429019204371789,-0.0057737566349267775,0.21752894085541663,0.02165441562228363,-0.0058627677285404654,0.768376394153295,3.3400163420979614,1.207110286858108,54.26069679091463,54.259782558849984,54.25910192220689,54.26037219864599
431.0,15.84,-0.12381549378866313,0.2286983577378081,0.7862449204249453,0.21636340789680014,0.008100437718520745,0.21712891291943476,0.0002467168166779694,0.010995385247026104,-0.06447650733423735,-0.005821233570730038,0.22081926874622473,0.021671146284637892,-0.005909667137076718,0.766843984193138,3.3333423176783046,1.2001819604123822,54.17606663992131,54.17524161501645,54.17439721499614,54.175575974166385
432.0,15.872,-0.11678649361716308,0.22894839066392525,0.7927643184082626,0.2196562553593766,0.007813528941160573,0.20373118697866366,0.0004120808522778767,0.010836357579880121,-0.06466435743157221,-0.005868328555484748,0.2240541989970646,0.02163835646716484,-0.005954891846308416,0.7649401609176654,3.3265636952304796,1.1931487723378915,54.096368105017014,54.09563459495825,54.09464193325022,54.095721696472275
433.0,15.904,-0.10965405807616178,0.22918776594762696,0.7988267206499895,0.22288861065629018,0.007480477615678584,0.18945007005396666,0.0005710023773448438,0.010670219212545929,-0.06485370956713468,-0.005914359469064472,0.22723230240129394,0.021557887816671818,-0.005997842130880049,0.7626729749144392,3.319678798165187,1.186012723885334,54.02194051339272,54.02129995354828,54.0201750394221,54.0211495299138
434.0,15.936,-0.1024201574807175,0.2294150798164211,0.8044057690071929,0.2260593936076335,0.0071035583998164545,0.17434526116260463,0.0007224062716853789,0.010497756788333297,-0.06504450993568103,-0.005958690987667399,0.23035240480350955,0.021431881871693856,-0.006037971203291431,0.7600519847873011,3.3126860040628663,1.1787758485816873,53.95310104848446,53.95255403337169,53.95131322877668,53.95217736475194
435.0,15.968,-0.09508678791495766,0.22962900952720075,0.8094771200000834,0.22916779892999506,0.006685303461864336,0.1584797185278304,0.0008653302123499357,0.01031977637095518,-0.06523668528681575,-0.006000737161664295,0.23341358509353127,0.021262744268466163,-0.006074786772485246,0.7570882108932858,3.305583794599628,1.1714402032622209,53.89014354969785,53.889689869472555,53.888349739319246,53.88909961798783
436.0,16.0,-0.08765596262946565,0.22982832046328053,0.8140185408727817,0.232213290171625,0.006228466752493037,0.14191940227182065,0.0009989269173704073,0.010137095824724456,-0.06543014460082995,-0.006039963445024854,0.23641517115166136,0.021053109556228612,-0.006107852067663463,0.7537940839694993,3.2983708046749878,1.1640078593484473,53.833337409889225,53.83297609127436,53.83155325972207,53.83218613282749
437.0,16.032,-0.08012970369083776,0.23001187211797353,0.8180099971953592,0.2351955918321214,0.005735989209156191,0.1247330100805458,0.0011224653758597713,0.009950537519589717,-0.06562478082976317,-0.00607588820170368,0.23935673397730428,0.02080580687961623,-0.006136786360268124,0.7501833889731472,3.2910458698839964,1.156480894424431,53.782926572104756,53.78265592319046,53.781166936660966,53.781681178209524
438.0,16.064,-0.07251003393386857,0.2301786230011997,0.8214337318110426,0.238114679905287,0.005210965100818118,0.10699170674010804,0.0012353311183667067,0.009760921395371247,-0.06582047268515481,-0.006108083717050523,0.24223808022641005,0.020523826739598898,-0.006161265018834723,0.7462712044563733,3.2836080714981315,1.148861384156041,53.73912862672331,53.738946285086236,53.73740748262592,53.73780254947014
439.0,16.096,-0.06479896925957392,0.2303276345108931,0.8242743349590331,0.24097077107170764,0.004656609677918841,0.08876884837470322,0.0013370255839936255,0.009569058414103711,-0.06601708645470113,-0.006136176744089296,0.2450592433734773,0.020210289001147616,-0.006181019132459531,0.7420738377933542,3.276056778154142,1.1411513945904548,53.702134009843704,53.70203699345262,53.70046438497158,53.70074077091614
440.0,16.128,-0.056998511315470984,0.23045807381499658,0.8265188054277902,0.2437643107532164,0.004076228253233578,0.07013970214865892,0.0014271646426032064,0.009375744424322244,-0.06621447783093037,-0.006159848615752859,0.2478204737015792,0.01986841227607057,-0.006195834738991637,0.7376087565705763,3.268391683497101,1.1333529748665598,53.672105303495414,53.67209006389088,53.67049921672094,53.670658400818425
441.0,16.16,-0.04911064058825737,0.23056921579272321,0.8281566026159846,0.24649596022542522,0.0034731868039572134,0.051181162131073245,0.0015054763315605145,0.009181754456461834,-0.06641249373602245,-0.006178834954726656,0.2505222273097386,0.019501484773645286,-0.006205551693851219,0.7328945164428421,3.2606128390824987,1.125468150360901,53.64917663803961,53.64923911529606,53.647645049427986,53.64768943912802
442.0,16.192,-0.04113730993329884,0.23066044408565903,0.8291796893987682,0.24916658296745392,0.0028508841542441614,0.03197146196198816,0.0015717978669924102,0.00898783746426912,-0.06661097412800192,-0.00619292501247506,0.2531651543114982,0.019112836680088785,-0.0062100622146778715,0.7279506857477058,3.252720681911303,1.117498916288452,53.633453196953184,53.63358887595463,53.63200596823924,53.631938838046594
443.0,16.224,-0.03308043856016401,0.23073125131032016,0.8295825657157677,0.2517772304104632,0.002212725770660282,0.012589884906235433,0.0016260719895879064,0.008794711523253316,-0.06680975377470028,-0.006201960668721998,0.2557500863823092,0.01870581410067601,-0.0062093091359081524,0.722797767160186,3.2447160560506028,1.1094472317728157,53.62501082405611,53.625214791637895,53.62365668916582,53.62348211545278
444.0,16.256,-0.02494190648883484,0.23078123848409723,0.8293622928144906,0.2543291272290363,0.0015620991805336674,-0.006883528164910301,0.0016683427046110123,0.008603059493705226,-0.06700866398308936,-0.006205835121731885,0.258278023796842,0.01828375457542701,-0.0062032839059588726,0.7174571166581482,3.2366002278796175,1.10131501439638,53.62389573314309,53.62416273567453,53.62264227848412,53.62236507108959
445.0,16.288,-0.016723549487160573,0.2308101137162577,0.8285185080989274,0.2568236563023206,0.0009023510050146572,-0.026368272361351034,0.0016987504751348281,0.008413525152673781,-0.06720753427281012,-0.006204491298728293,0.26075012208097637,0.017849964160737267,-0.006192024358031966,0.7119508600571269,3.228374894595416,1.0931041352375148,53.63012431990988,53.63044882091356,53.62897797411672,53.628603605350264
446.0,16.32,-0.008427154496584826,0.2308176902149637,0.8270534305483185,0.2592623434554919,0.00023676558456257163,-0.045783673456527244,0.0017175269266142006,0.008226709796473747,-0.06740619398394035,-0.006197920014406702,0.2631676783874416,0.017407696054921352,-0.0061756122837376025,0.7063018073619515,3.2200421857134693,1.0848164143989845,53.64368307601974,53.644059313444615,53.642649108804406,53.642183640456864
447.0,16.352,-5.4455550125712474e-05,0.2308038836602222,0.8249718566856503,0.2616468420768471,-0.0004314548356721192,-0.06504918320838002,0.0017249891198595272,0.008043169312782747,-0.06760447381024377,-0.006186157904066956,0.2655321176891601,0.01696013073514581,-0.006154170836823094,0.7005333651717389,3.2116046574039965,1.0764536170293644,53.66452860512702,53.66495064791218,53.66361113485438,53.663061143800235
448.0,16.384,0.008392869816016307,0.2307687089914302,0.8222811470897731,0.2639789176919379,-0.0010992083997497782,-0.08408467487116399,0.0017215334483186085,0.007863411719124028,-0.06780220725030497,-0.006169285156316401,0.2678449788706077,0.016510357566402265,-0.006127861792366126,0.6946694473649684,3.2030652796146155,1.0680174498373074,53.69258774065986,53.693049544246165,53.69178975023861,53.691162253196495
449.0,16.416,0.01691320365805825,0.23071227665681418,0.8189912034594309,0.26626043256381043,-0.0017635104567507635,-0.10281073844819318,0.001707629214366021,0.007687895162500736,-0.06799923197007406,-0.006147423068832932,0.270107900785137,0.016061357839627373,-0.006096882684889618,0.6887343842827656,3.1944274160419024,1.0595095580969263,53.72775776515437,53.72825322561952,53.72708112580805,53.72638350380712
450.0,16.448,0.025504990230146733,0.2306347883706794,0.8151144362522932,0.2684933303777649,-0.0024215089417115357,-0.12114897522305298,0.0016838119380735844,0.00751702637309866,-0.0681953910714026,-0.0061207314490174265,0.2723226083353953,0.015615989195451926,-0.0060614638470457005,0.6827528306214945,3.1856947971276632,1.0509315231413292,53.769906730922514,53.77042973743444,53.7693522333812,53.768592156461395
451.0,16.48,0.03416673810407257,0.23053653242306277,0.8106657229376024,0.27067962106018223,-0.0030704983630201023,-0.13902229108408634,0.0016506764507328647,0.007351159563280373,-0.06839053426215246,-0.006089405880075821,0.2744908986248158,0.015176971391998539,-0.006021865368825729,0.676749672240501,3.1768714863686833,1.0422848603403274,53.81887388181975,53.8194183671208,53.81844127445047,53.81762662710441
452.0,16.512,0.042897021808838205,0.23041787858518253,0.8056623569176322,0.2728213657739258,-0.0037079324337573015,-0.15635518812406865,0.0016088698242186816,0.00719059576151487,-0.06858451892438955,-0.00605367487164828,0.276614627220746,0.014746873379118963,-0.005978373995724875,0.6707499320875916,3.1679618403399727,1.0335710175575086,53.87447017584875,53.875030164501986,53.87415820922252,53.8732970170656
453.0,16.544,0.05169448299692157,0.23027927265305506,0.8001239871910664,0.274920662127605,-0.004331435378983509,-0.17307405395518266,0.0015590841861527378,0.007035582569396233,-0.06877721107803914,-0.006013796913050077,0.27869569456410753,0.014328101647148737,-0.005931299982941498,0.6647786754436923,3.158970462939598,1.0247913740811634,53.936478908288414,53.93704856243456,53.93628538566221,53.935385743795614
454.0,16.576,0.0605578311451626,0.2301212306708346,0.7940725488509516,0.27697962963253175,-0.004938811944389661,-0.189107448128587,0.0015020494697289685,0.006886314328469913,-0.06896848623817134,-0.005970057446030441,0.280736032556542,0.013922889825108486,-0.005880973921550272,0.6588609146892243,3.1499021544664876,1.0159472400228733,54.004656434963714,54.00523009735647,54.00457826813814,54.00364827164747
455.0,16.608,0.06948584379922464,0.2299443328748533,0.7875321845312792,0.2790003954394385,-0.00552805612441531,-0.20438638498976294,0.0014385261460039044,0.006742932682185417,-0.06915823016481816,-0.005922765773417307,0.2827375913537338,0.013533289510938577,-0.005827743551645391,0.6530215137981084,3.1407618562395867,1.0070398561768952,54.07873299517233,54.07930522927765,54.07876626516992,54.077813942177514
456.0,16.64,0.07847736637160188,0.22974921739900095,0.780529156939726,0.28098508038678865,-0.006097358620386033,-0.21884461223603527,0.0013692979854060343,0.006605527516910116,-0.06934633950488597,-0.0058722519191083174,0.2847023263928737,0.013161162324305364,-0.005771970576728902,0.647285092770948,3.1315545915557235,0.9980703943327176,54.15841363364648,54.15897926061097,54.15855365563967,54.15758690330568
457.0,16.672,0.0875313115042001,0.22953657378198386,0.7730917526398013,0.2829357853936941,-0.006645113031784015,-0.23241888437264596,0.001295164894168089,0.006474138264550268,-0.06953272232633684,-0.005818863454713628,0.2866321856829663,0.012808173180417309,-0.00571402749309427,0.6416759322268079,3.1222854038629566,0.9890399580323196,54.2433792207559,54.243933353069465,54.243620612662184,54.24264713650213
458.0,16.704,0.09664665800764961,0.22930713631712296,0.7652501772737207,0.2848545782327971,-0.007169920776903081,-0.24504923019002026,0.0012169358702989223,0.006348755547934338,-0.06971729854536876,-0.005762962307776109,0.2885290973886366,0.012475784790661026,-0.005654294447623492,0.6362178783829685,3.112959293094372,0.9799495837626312,54.33328756994175,54.33382564164038,54.33362432409093,54.33265158095168
459.0,16.736,0.10582244939074804,0.22906167728566232,0.7570364424478365,0.2867434807218257,-0.007670594733145089,-0.25667921330888,0.0011354221225561723,0.006229323148705408,-0.06990000024783327,-0.005704921566506046,0.2903949577411446,0.012165253402412715,-0.005593156137258159,0.6309342486639565,3.1035811511626847,0.9708002425725022,54.4277746511123,54.42829244438832,54.42820020838232,54.42723535338932
460.0,16.768,0.11505779199479912,0.22880100011502222,0.7484842445354124,0.288604456376596,-0.008146161582503121,-0.2672561847632535,0.0010514303946300265,0.006115740276052319,-0.07008077190660125,-0.005645122295997477,0.2922316193141932,0.011877625795674984,-0.005530998763390129,0.6258477381947974,3.094155697657112,0.9615928421020804,54.52645589842467,54.52694956653555,54.52696322423573,54.52601306199443
461.0,16.8,0.12435185274912802,0.22852593250399564,0.7396288356868921,0.2904393985727778,-0.00859586284458063,-0.2767315265162597,0.0009657565353543887,0.006007864113190527,-0.07025957049702546,-0.005583950381195579,0.2940408797065907,0.011613737557987178,-0.005468207054524626,0.6209803274485628,3.0846874168094924,0.9523282290108733,54.62892761052492,54.629393696914995,54.62950927207701,54.628580212380236
462.0,16.832,0.1337038565657196,0.22823731955749704,0.7305068873754847,0.2922501192684863,-0.009019154578081097,-0.28506088473147895,0.0008791793541971322,0.005905512617092854,-0.07043636551306431,-0.0055217934121256345,0.2958244706786595,0.011374212661083457,-0.005405161370752365,0.6163531913345681,3.075180496805235,0.9430071917889238,54.73476844091759,54.7352038944928,54.735416685056094,54.734514703315384
463.0,16.864,0.14311308339274148,0.22793601697406415,0.7211563468457043,0.29403833834443377,-0.009415705732277761,-0.2922043915556391,0.0007924547995096065,0.005808467545588577,-0.07061113888702515,-0.005459037627292357,0.2975840477941931,0.011159464362803151,-0.005342234903805393,0.6119866100306831,3.0656387725055545,0.9336304639334746,54.84354097569001,54.843943162211936,54.84424780678588,54.84337840937
464.0,16.896,0.15257886494866663,0.22762288432981806,0.7116162868742283,0.2958056736226605,-0.00978539513269045,-0.29812687410862476,0.0007063104949986632,0.005716477684618708,-0.07078388481626756,-0.005396064931482597,0.29932118062445373,0.01096969745562563,-0.005279790986712032,0.6078998818807351,3.0560656726197655,0.924198727471253,54.95479339532465,54.95516010491762,54.95555065256159,54.95471884718955
465.0,16.928,0.16210058116078013,0.22729877850293492,0.7019267492958022,0.2975536316285468,-0.010128307090098007,-0.30279804932581394,0.0006214406676057972,0.005629262247176418,-0.07095460950058308,-0.005333250004673116,0.29814628664929416,0.010701145299772423,-0.005218180527276068,0.6042316363500132,3.046464172319839,0.9147126168040948,55.266178312786245,54.89708489579578,54.91081430165675,55.279447440737634
466.0,16.96,0.17167769724533335,0.22696453979994474,0.6921359262830095,0.29928487764228795,-0.010444959468443133,-0.3059632191497738,0.0006447339881816865,0.002593297691717861,-0.07112559433510875,-0.005283172518922231,0.29745622986820275,0.010479474420303798,-0.005154568592234066,0.6009740860742537,3.036836738271029,0.9051726824680292,55.22251752750446,55.215608776768995,55.21598978712634,55.22238412215504
467.0,16.992,0.1812802008222316,0.22662203418305416,0.6822910881580498,0.3000782367780696,-0.010703300527830839,-0.30765119140498787,0.0006691418288397448,-0.0004959670918976327,-0.07129445139839932,-0.0052133649764130275,0.2970336204247453,0.010293104252754776,-0.005092113946486284,0.5980893760369369,3.027214725728756,0.8956088343062452,55.29523135624839,55.39196845221958,55.388911563528445,55.29168946343756
468.0,17.024,0.19087726116496273,0.22627318470988872,0.6724367726904487,0.29990813571034786,-0.010901546036419855,-0.30794735836253667,0.0006671007556425837,-0.002806395942051931,-0.0714607371731893,-0.005148186720427307,0.29681794735753253,0.010137838101368991,-0.005031241732919822,0.5955415467774456,3.0176297246454644,0.8860517834251269,55.396981460332256,55.520613017928255,55.51691301187577,55.39281367432973
469.0,17.056,0.2004456317634628,0.22591964889443733,0.6626146552897046,0.2990115812031271,-0.011047994232855896,-0.3069411687732501,0.0006333961165023728,-0.004120005141529688,-0.07162433249146373,-0.005085630184797283,0.2968784983815765,0.010014464394242032,-0.004972055295557078,0.5933018234704303,3.008105184750977,0.8765246752078016,55.50042566250585,55.632911322510466,55.62915105945389,55.49621109989231
470.0,17.088,0.20997196903687898,0.2255627043603497,0.6528639251665059,0.2976980397942552,-0.011154516690238526,-0.30471031634995954,0.0005674901338848412,-0.004363517634782911,-0.07178527677366012,-0.0050248934850923525,0.29733074955378147,0.00992549419235409,-0.0049146008934592145,0.5913497620142313,2.9986541287418684,0.8670407856997994,55.60182709463662,55.73523024777242,55.7316177080064,55.59777338450405
471.0,17.12,0.2194536998115792,0.22520319021467763,0.6432217264979517,0.29630408670938146,-0.011234817052251957,-0.30131870839231856,0.0004705337844005297,-0.0035276122403472853,-0.07194374968568863,-0.004965797388693252,0.29831576069669785,0.009874388224622168,-0.004858902142785895,0.5896735045662594,2.9892783160972396,0.857602664664781,55.70123881710632,55.829995519226635,55.826655257233305,55.69747097412937
472.0,17.152,0.2288992341561923,0.2248414777064323,0.6337235934443916,0.2951729482691589,-0.01130351588266627,-0.2968166579237552,0.00034470292795081174,-0.0016480595293543567,-0.07210005044228174,-0.004908325946440172,0.29859689102311426,0.009819375207335466,-0.004804988583347044,0.5883269607554558,2.979968060055185,0.8482019312173046,55.89490242262701,55.83662986528503,55.83950440527107,55.89736361316068
473.0,17.184,0.23832770308981055,0.22447746317772385,0.6244073368535054,0.2946396541755704,-0.011375454022139419,-0.29113301846519335,0.00024047365185440962,-0.00023925983290906517,-0.07225490081488992,-0.004851954197728051,0.2980521011122121,0.009756137457821274,-0.004752464558567187,0.5873782792779723,2.9707024519828202,0.8388195428986791,56.0466421876249,55.90521730641521,55.91075473324615,56.05178165589919
474.0,17.216,0.24775354340498792,0.22411116321753707,0.6153138481227739,0.2945575098492927,-0.011446873755836796,-0.2841715228353578,0.00017965084253651763,2.2311178655385896e-05,-0.07240841574952304,-0.004799058694461848,0.29795080829332277,0.009725018353574835,-0.004701684758508254,0.5868325898135912,2.96146473726165,0.8294411400975009,56.08562832846,56.0891713524395,56.08992639146886,56.08599387174555
475.0,17.248,0.25717947913173295,0.2237429995857705,0.6064831679213414,0.29456049146078167,-0.011505113492705003,-0.2759587562947659,0.00012337775606422084,0.0003143027162082511,-0.07256022319160141,-0.004745365032766469,0.29793228562709,0.009712403040366,-0.004653465899401884,0.5866933016731722,2.9522494033257467,0.8200640249751987,56.191824144383794,56.19532754504278,56.19608745829297,56.19221646110052
476.0,17.28,0.2666085659392184,0.22337332691199685,0.5979543634564685,0.29465896273391984,-0.011552271055426968,-0.26652513952727847,7.17916969856141e-05,0.0006363602457126436,-0.07271041878650257,-0.004694593981066069,0.29800685341671207,0.00971703621967315,-0.004607954438508652,0.5869621515794732,2.943050177637345,0.810685174833837,56.2949339229731,56.29783272877039,56.29860971206999,56.29536434810247
477.0,17.312,0.27604418986060714,0.22300243053496113,0.5897653340359327,0.2948632475433981,-0.011590511782366166,-0.25590716939174313,2.5126635930417334e-05,0.0009835138609628517,-0.07285909453682882,-0.004646641459843769,0.298184797774671,0.009737597745455642,-0.004565285229319149,0.5876391529788157,2.9338600808626856,0.8013012442438608,56.39423039508506,56.396523056464844,56.39731055201341,56.39469246571153
478.0,17.344,0.28549001748591185,0.22263052684623885,0.5819526359642314,0.2951821132907721,-0.011621990272571252,-0.24414681474066424,-1.6436126547487915e-05,0.0013507608516430832,-0.07300634214036801,-0.004601534431515511,0.29847487430202035,0.009772671421327324,-0.0045255750315655536,0.5887225764643862,2.9246715355805217,0.7919086154642049,56.48926909893003,56.49096193458855,56.491753222048196,56.48975654878988
479.0,17.376,0.2949499446861312,0.22225776429513705,0.574551311816079,0.2956227250068552,-0.011648829721931295,-0.23129137962976298,-5.276820076333763e-05,0.0017331295704623184,-0.07315225472534702,-0.004559349487355228,0.29888426163613,0.009820761362422959,-0.004488918482259818,0.5902089382295634,2.9154764827398956,0.7825034503155542,56.57962309719947,56.580727719757405,56.58151618697606,56.58012984039776
480.0,17.408,0.3044280445749217,0.22188422502755165,0.5675947250532077,0.2961906215247012,-0.011673102112043875,-0.21739333633972646,-8.379328044003494e-05,0.0021257239102752557,-0.07329692733936005,-0.004520173150452193,0.29941853675454294,0.0098803087495909,-0.004455386045577708,0.5920929968367279,2.9062665040625695,0.7730817427997891,56.6648839967196,56.665416919955256,56.666196184247575,56.66540411259242
481.0,17.44,0.3139285152428629,0.2215099271314485,0.5611144009380138,0.29688970837316353,-0.011696809253223726,-0.20251012859981068,-0.00010948584439056969,0.0025237654984686347,-0.07344045684113265,-0.004484082805922801,0.3000816667686424,0.00994970879929101,-0.004425023043484119,0.5943677585365168,2.8970329486508906,0.7636393719300257,56.74466395579065,56.74464621128161,56.7454102002688,56.7451917057281
482.0,17.472,0.3234556278014345,0.2211348274547053,0.5551398746806319,0.2977222674553617,-0.011721864898224337,-0.18670394554318512,-0.00012986941571583427,0.0029226333159057703,-0.07358294150568206,-0.004451137585485335,0.3008760172821515,0.010027327844487031,-0.004397849339914665,0.5970244913222599,2.8877670619764233,0.7541721542347927,56.81859762680211,56.81805436759999,56.81879737820585,56.8191274844257
483.0,17.504,0.33301367526920667,0.22075882495446497,0.5496985477310216,0.29868898336787997,-0.011750078132510475,-0.17004146717532184,-0.00014501440854480986,0.0033179004126294323,-0.07372448049110253,-0.0044213741189354375,0.30180237718551695,0.010111520367733724,-0.004373859475379851,0.6000527478497207,2.878460115369969,0.7446758954057291,56.88634401277474,56.88530410005427,56.88602084421677,56.886870698363026
484.0,17.536,0.34260692282058147,0.22038176453105615,0.5448155530946136,0.29978898598046244,-0.011783138231525627,-0.15259358238774848,-0.00015503559617532692,0.0037053674295672466,-0.07386517323853359,-0.00439480473439204,0.3028599995249588,0.010200645801826239,-0.00435302315293464,0.6034403972938281,2.869103534111457,0.7351464405716325,56.947588223340425,56.94608379680627,56.94676943785726,56.94810673806558
485.0,17.568,0.35223955989769296,0.2200034412940569,0.5405136305091323,0.3010199086597336,-0.011822601156226225,-0.13443508079629188,-0.0001600892380233796,0.00408109267645423,-0.07400511884102103,-0.004371416958649026,0.3040466578518589,0.010293084903456264,-0.004335286023391818,0.6071736661524377,2.8596890222291376,0.7255797227027064,57.002043117325435,57.0001091524639,57.000759333984895,57.0025487751054
486.0,17.6,0.3619156546589642,0.21962360520332075,0.5368130122716053,0.3023779612897259,-0.011869877835505086,-0.11564431992271824,-0.0001603699059056434,0.004441418560233208,-0.07414441540051309,-0.004351173769842349,0.30535871722999824,0.010387255505007938,-0.00432057073752729,0.6112371879430009,2.8502086821612655,0.715971808677258,57.049450820229936,57.04712467656459,57.0477355445509,57.04993927608699
487.0,17.632,0.3716391112036764,0.21924196602385393,0.5337313204486246,0.30385801702225546,-0.011926224358338098,-0.0963028694681462,-0.00015610705277489445,0.004782994204583311,-0.07428315938491037,-0.0043340143370759355,0.30679121886050986,0.010481627455942312,-0.004308778240221622,0.6156140616720583,2.840655127509096,0.7063189425785233,57.08958410583091,57.08690507079989,57.08747328954503,57.09005138018864
488.0,17.664,0.38141362997125594,0.2188581985304081,0.5312834761400463,0.3054537114868611,-0.011992734170181835,-0.07649513464307027,-0.00014756136902050907,0.005102794149257658,-0.07442144499400644,-0.0043198551128650975,0.308337977082679,0.01057473657648658,-0.004299789282915597,0.6202859188904799,2.8310215872159916,0.6966175858312158,57.12224763204192,57.119256465243836,57.11977922719586,57.122690130674144
489.0,17.696,0.391242671667514,0.21847194789559968,0.5294816213970206,0.3071575530080633,-0.012070332337763511,-0.05630796071955444,-0.00013502097280775763,0.005398133066754875,-0.07455936354198493,-0.004308591203882812,0.30999168732783106,0.0106651974618009,-0.004293466129746293,0.6252329990801117,2.8213019996416153,0.6868644538351132,57.14727902209999,57.14401750460342,57.144492534405934,57.14769355160596
490.0,17.728,0.40112942501860666,0.21808283519432736,0.5283350543201103,0.308961042221646,-0.012159771914759834,-0.0358302211534468,-0.00011879748162003587,0.0056666764827344425,-0.074697002863763,-0.004300097971955218,0.31174404344802215,0.010751714993630018,-0.004289654430872067,0.6304342330507666,2.8114910951600476,0.6770565488057091,57.16454978315434,57.16106027639279,57.161485829339284,57.16493356193649
491.0,17.76,0.4110767785979749,0.2176904629572532,0.5278501777829518,0.3108547993552581,-0.012261632408567733,-0.015152391786201605,-9.922201218518871e-05,0.005906447534673592,-0.0748344467523423,-0.004294232827884727,0.3135858627148176,0.010833094438164974,-0.0042881852345986425,0.6358673339610913,2.801584466093111,0.6671911885887145,57.17396605540437,57.170291073926556,57.170665929094646,57.17431672019931
492.0,17.792,0.4210872969130132,0.21729442070713564,0.528030462142165,0.3128286973449465,-0.012376320316173455,0.00563388622541044,-7.664115531051318e-05,0.006115829849778094,-0.07497177443420056,-0.004290837184665529,0.3155072166891837,0.010908250032851317,-0.004288877108352376,0.641508895513549,2.7915786229920108,0.6572660312749743,57.175469186075716,57.17165098810571,57.171974436483524,57.175784794148285
493.0,17.824,0.43116320087782317,0.2168942904138295,0.5288764222058155,0.3148719989003107,-0.012504071665817355,0.026436251989080093,-5.1412970846527264e-05,0.006293566667349555,-0.07510906008950374,-0.004289738537574546,0.317497566103495,0.01097621199050912,-0.004291538337510767,0.6473344968133459,2.7814710364979622,0.6472790955040871,57.16903612372622,57.16511632312322,57.16538815108468,57.169315150887435
494.0,17.856,0.4413063527372801,0.216489651806747,0.5303856086415257,0.3169734956080282,-0.0126449564713275,0.047162076115943266,-2.390304607918282e-05,0.006438756371955557,-0.0752463724234919,-0.0042907526387013775,0.31954589787210214,0.011036131875854803,-0.004295969170672717,0.6533188133243379,2.771260164242043,0.6372287764075635,57.154679629624376,57.1506988324303,57.15091930095645,57.154920964278425
495.0,17.888,0.4515182454469356,0.21608008748743665,0.5325526139121847,0.31912164717673414,-0.012798884978448647,0.0677189147080918,5.519341642206488e-06,0.0065508446412557205,-0.0753837742947821,-0.00429368573346299,0.3216408623580751,0.011087286336557702,-0.0043019640801490395,0.6594357333024939,2.760945462482289,0.6271138572046093,57.132448304232824,57.12844577256293,57.12861559264066,57.13265123769729
496.0,17.92,0.4617999964541277,0.21566518778959157,0.5353690927330584,0.32130471897475416,-0.012965615557658851,0.0880149631523052,3.648492022877802e-05,0.006629613445638367,-0.0755213224055408,-0.004298336826835113,0.32377090906976147,0.011129079197828268,-0.004309314007275477,0.6656584790400263,2.7505273824180376,0.6169335165245102,57.10242642814274,57.098439773721786,57.09856007837761,57.102590641520315
497.0,17.952,0.47215234576914894,0.21524455533914277,0.538823796949865,0.3235109160944127,-0.013144764076524785,0.10795950677520626,6.862794175507085e-05,0.006675167165500924,-0.07565906705753818,-0.004304499947978031,0.32592441904020264,0.011161041955443436,-0.004317808563533787,0.6719597322114361,2.7400073513639405,0.6066873315880861,57.06473361812816,57.0607985273097,57.06087084075543,57.064859166036115
498.0,17.984,0.48257565816242165,0.21481780927300348,0.5429026246440107,0.3257285122897719,-0.013335814566852929,0.12746336544205278,0.00010158949436870388,0.006687916115721063,-0.07579705197702792,-0.0043119663831094135,0.32808983225247107,0.011182832726622283,-0.004327238160374269,0.678311762577009,2.729387739204952,0.5963752774358776,57.01952430031023,57.015674291946716,57.01570049632452,57.019611591797094
499.0,18.016000000000002,0.49306992927523857,0.2143845890813823,0.547588683179615,0.3279459722755285,-0.013538130988161716,0.14643932923763175,0.00013502058071603197,0.006668557785400394,-0.07593531421024259,-0.0043205268484217945,0.3302557686115622,0.011194233740655668,-0.004337396042974789,0.68468655927021,2.7186718107852914,0.585997722441798,56.96698700372232,56.963253220788985,56.96323552100681,56.96703678071836
500.0,18.048000000000002,0.503634795388494,0.2139445580452397,0.5528623658181073,0.3301520660392313,-0.013750969879456123,0.16480258245288648,0.0001685849406715955,0.006618056114217671,-0.0760738840900907,-0.004329973577106788,0.33241114112448167,0.011195147471261276,-0.004348080205874784,0.6910559638733658,2.7078636651051844,0.5755554203972775,56.90734347883711,56.903754514258715,56.90369540140282,56.90735679249628
501.0,18.080000000000002,0.5142695465565782,0.21349740624728641,0.5587014414409474,0.3323359740026313,-0.01397349368604041,0.18247111321375073,0.00020196160054437227,0.006537619134704,-0.07621278527342501,-0.004340102297201828,0.334545260130341,0.011185591529886947,-0.004359095171402211,0.697391804471284,2.6969681624056903,0.5650494994919384,56.84084764684065,56.83742940353364,56.837331617334335,56.84082583213816
502.0,18.112000000000002,0.5249731427826845,0.21304285314178018,0.5650811568402455,0.334487382065821,-0.014204784547069959,0.19936610622806727,0.0002348471353536816,0.006428675312575062,-0.07635203484706408,-0.004350714080002504,0.3366479276166906,0.011165692453374846,-0.004370253614973346,0.7036660298652786,2.6859908404108475,0.5544814485522341,56.7677843866015,56.76455997133524,56.76442646214458,56.76772903555071
503.0,18.144000000000002,0.5357442328874854,0.21258064967513607,0.5719743509615365,0.3365965657750287,-0.01444385833262832,0.21541231629034258,0.0002669576351230313,0.006292848915131998,-0.07649164349962329,-0.004361617041923457,0.3387095208621898,0.011135678530301072,-0.004381377824608481,0.7098508431305318,2.674937821164679,0.5438531009291185,56.68846816737715,56.68545781767479,56.6852917083924,56.6883811012255
504.0,18.176000000000002,0.5465811757056048,0.212110579955904,0.5793515804133943,0.33865446306623165,-0.014689678726002492,0.2305384203705565,0.00029803037037775523,0.006131934730988478,-0.07663161575517694,-0.004372627886057871,0.340721064853868,0.011095871817883133,-0.004392300985287589,0.7159188337078652,2.6638157100455917,0.5331666164497301,56.603241536305674,56.60046257926092,56.60026712761744,56.60312477705912
505.0,18.208000000000002,0.5574820632335247,0.21163246247887263,0.5871812554956141,0.34065273524749484,-0.014941171157229954,0.2446773463193675,0.0003278251560700891,0.005947872453380713,-0.07677195026386037,-0.004383573272915599,0.3426742931350467,0.011046679505583365,-0.004402868281992461,0.72184310723669,2.652631488659893,0.5224244618665044,56.51247347064723,56.50994031222266,56.50971887379837,56.51232921225924
506.0,18.240000000000002,0.5684447453483444,0.21114615091383448,0.5954297859418635,0.3425838160881174,-0.015197236407442,0.2577665764452936,0.0003561254169426815,0.00574272102448789,-0.0769126401437445,-0.004394291013241157,0.3374164647713353,0.010538842617783473,-0.004412937818380314,0.7274128143361561,2.6413924034074907,0.5116293902505217,56.81361768976334,55.89831513449281,55.95553974280681,56.870916885297895
507.0,18.272000000000002,0.5794667949438059,0.2106515429678891,0.6040510703214004,0.3444390498581713,-0.015456498310793286,0.26941513686052815,0.0008534766843453736,-0.0019519169003381334,-0.07706236313952369,-0.00453343951682058,0.3081796224065925,0.002415595354184525,-0.004410217585389914,0.7329800221341054,2.630106224007626,0.5007844787436249,57.44053631945118,54.208322897177965,55.19181394766406,58.42353448221155
508.0,18.304000000000002,0.5904679003148494,0.2101496406313533,0.6130374361941966,0.34378454284510856,-0.015684448016743666,0.28082393352488166,0.004010059316045073,-0.030665363404210888,-0.07794897724343043,-0.025523651340009945,0.2674272297030857,-0.006902069085611088,-0.0033728052816223374,0.7383504682019223,2.618857081972633,0.48996975653511887,57.009004644707275,55.01455193452762,55.45960663749486,57.365455963440965
509.0,18.336000000000002,0.6011491776427058,0.20963105939544496,0.6223307114936274,0.33378991649551215,-0.016205663622135567,0.2904148531072123,0.01043939817490857,-0.07527918023074939,-0.07875883342510911,-0.015204045765642826,0.21537894025279578,-0.01819571778809361,-0.0024218379499368276,0.7434724795629355,2.607947360593937,0.47948275317196654,56.555437226761164,55.26597860153398,55.67623182426997,56.91456161823434
510.0,18.368000000000002,0.6110486332984462,0.20906616242617618,0.6318641021893383,0.30935798924188573,-0.01765303028964953,0.2979184592409656,0.020055460626620922,-0.13017157323566703,-0.07990087964882603,-0.009349360484605523,0.1491945475999885,-0.031969702368482796,-0.0009484893150312313,0.7482894378070875,2.5978399799664316,0.4697846834498825,56.327916236045695,55.3016013221894,55.667552439703016,56.660263868881
511.0,18.400000000000002,0.6196026794192632,0.20840231758649239,0.6415361560443372,0.26731394127553115,-0.020745151240118467,0.30225168296871596,0.03267759757193391,-0.19324456342713328,-0.0817672606402077,-0.0055917740946342925,0.06911856799353909,-0.04845498011870855,0.0016499321638046736,0.7527066957855657,2.5890970448165596,0.46143994108773845,56.019444828533786,55.45814757696578,55.735945602278896,56.26827602881314
512.0,18.432000000000002,0.626172646661432,0.20756575263312674,0.6511958717874139,0.20531147631777638,-0.026142654792676485,0.3018661169711456,0.04776634119797466,-0.2607166260240789,-0.08461819116252639,-0.0019682749484630883,-0.0226623829619243,-0.06756944616083459,0.005806575746868689,0.7565768836124072,2.5823530337401976,0.4550896986632621,55.62628393951193,55.7550389946585,55.881000383223046,55.72114592529514
513.0,18.464,0.6300889880080268,0.20646630373942754,0.6606378119551748,0.12238566708110092,-0.03435777792810381,0.2950606302425606,0.06420470616983523,-0.32698041221240093,-0.08841945432934144,0.0023315324576803943,-0.12199029788886821,-0.08881736337510081,0.011552483693679743,0.7596999192183937,2.578270245331972,0.4514076708589416,55.17367036998635,56.17729457173524,56.07639773518752,55.03588972849462
514.0,18.496,0.6307116416223324,0.20500593419977556,0.6696138706193293,0.01945792544704934,-0.0456365481141243,0.28050183325482847,0.08005759666422398,-0.3849680873650971,-0.09264705969120741,0.007073104792461864,-0.22330719277075572,-0.11116562403025153,0.01823473061755844,0.7618445611327678,2.5774784637398342,0.4510394125229891,54.71834582830616,56.66046875683845,56.26832905326287,54.2815596214302
515.0,18.528,0.6274988146576163,0.2030915220509999,0.6778662240594765,-0.10040084264737936,-0.0598253796492394,0.25788604500459933,0.09252851647661912,-0.4271565098732374,-0.09622935385625794,0.011159835486498931,-0.31309033220008387,-0.12976248457609965,0.024423916054460676,0.7625379350988861,2.580507144333887,0.45453265280598293,53.99948033057582,57.74532080098383,56.639951467203375,52.841054674523505
516.0,18.56,0.6200635785067932,0.20065032191641705,0.685195296307703,-0.2323511297132213,-0.07628750420571398,0.22903350775707926,0.09807672390181944,-0.4413957540971315,-0.09904461299674658,-0.037106398828415696,-0.3497336601258516,-0.13026223710965326,0.02999849483448943,0.760821129151492,2.587731015631642,0.46227915002893855,52.30365174331608,60.750508743921685,57.822088532753156,49.10681195749592
517.0,18.592,0.6082663657950427,0.1976507075572479,0.6915487730873834,-0.3686628972422026,-0.09373794872403587,0.1985461493650106,0.09572300898182713,-0.412343712273687,-0.09909559776250197,-0.08928537928010107,-0.3711199673313875,-0.12796384274053535,0.03217334349847761,0.7574898595977201,2.5992815486187717,0.4744201750068053,53.55955876547718,57.464283849072615,56.302649096765265,51.91208912205552
518.0,18.624,0.5924433365101822,0.19409993895175423,0.6968905394027206,-0.49446966515188884,-0.11096151892167692,0.16693019735428818,0.08096059638801607,-0.34866053982651085,-0.09348618502310109,-0.013435216384361456,-0.3840884251042517,-0.12388308679481967,0.026860032235391157,0.7531722853732111,2.614820346614562,0.49062231586758065,54.17921019304924,55.98357970194089,55.3534333792911,53.38788287592045
519.0,18.656,0.5732014750849341,0.1900684635225001,0.7014273743130031,-0.6013081695390021,-0.1259836071641917,0.14177609094632643,0.05714440703785978,-0.26401286493969195,-0.08656948294003475,0.023155111002756266,-0.39144197873597514,-0.11933709417035436,0.02007307143481717,0.7484569633879583,2.6337467607750025,0.5102749662552868,54.55931015199055,55.04700980384158,54.84383006341485,54.36845856983556
520.0,18.688,0.5513627920648377,0.1856995042087009,0.7053812185061107,-0.6824588443780117,-0.13652997855622445,0.12355763103461317,0.028166176162440302,-0.1706820673274329,-0.0823718907395113,0.003651574435700425,-0.39703489981718365,-0.11522955216140571,0.01732512981525715,0.7434488051599856,2.6552528319211293,0.5325432616326335,55.10304768704327,54.117057453503875,54.257218570831895,55.188514582853074
521.0,18.72,0.5278408809321348,0.1811922087885478,0.7089562956489839,-0.7350597228969671,-0.1408529818797843,0.11172116071478726,-0.00312958561404796,-0.08081863360400736,-0.08185314629991251,-0.019081617101870216,-0.39987700049512215,-0.11220486661684759,0.019809112139938804,0.7385566884370384,2.678443158091636,0.5564923447476274,55.21585743205696,53.670977082211685,54.18959909543724,55.57891652831528
522.0,18.752,0.5035327219301271,0.17678019695716912,0.7122569737066328,-0.7596299688127389,-0.13787536973058367,0.10314618930152762,-0.031180909738432704,-0.0021456594190047084,-0.08365914726723485,-0.014229356342640137,-0.4016645456658992,-0.10919139653468891,0.025470069699425266,0.7339804463100472,2.7024390022593563,0.5811976152099692,55.282388107219354,53.38160020591449,54.1585594467845,55.90054964392112
523.0,18.784,0.4792291495640506,0.17267441844730105,0.7153081363508694,-0.7594866364398899,-0.12830557843337703,0.09534883263239555,-0.05383332549578552,0.0620775792904086,-0.08626377915180988,0.003987978627571782,-0.4032124395087732,-0.10542701838351358,0.032036937971823214,0.7297831450479483,2.726463146063501,0.60584324448321,55.39885485115387,53.18369309959601,54.07484708108086,56.177812995261704
524.0,18.816,0.45557663832644824,0.16904226675552844,0.7180928008678907,-0.7391409761750733,-0.11350474036789401,0.08702076615691576,-0.07000427632705156,0.10916819574964491,-0.08872274211446025,0.014642069095574702,-0.4048688562820677,-0.10042740598035052,0.03808789489670833,0.7259608286019255,2.7498773843657065,0.6297637284289775,55.475676988714426,53.15135897440129,54.05966024582665,56.29019495693525
525.0,18.848,0.4330486692601025,0.16600003805448985,0.7205748136377136,-0.7039990333233038,-0.09506964690745605,0.077562899056964,-0.07932757669241407,0.13820528736064158,-0.09018601497483959,0.022438306368590538,-0.40682294656821805,-0.09370761378506648,0.04236959553713305,0.7224726036991099,2.7722117009920613,0.6524735111656448,55.490257257049,53.289452984608225,54.11823572184556,56.23931483761218
526.0,18.88,0.41193665420544556,0.16361263525636768,0.7227259885056557,-0.6597504704580285,-0.0746063374413175,0.06722421462319184,-0.08222609921536088,0.1501256069740851,-0.09022089706700172,0.028982594476173927,-0.40910036547096806,-0.08493545541423993,0.04424681119875975,0.7192650794648895,2.7931745565021235,0.673675948890662,55.465549975132944,53.566795753625044,54.21643318920711,56.05413054382467
527.0,18.912,0.39236020313885117,0.16189886294557415,0.7245407647993645,-0.6117640958310742,-0.05355538471229783,0.05671175917839814,-0.08000638574840276,0.14724445639420916,-0.08886838778844956,0.034366831698891535,-0.41158333441882067,-0.07401430218642535,0.04377588030324291,0.7162872924907775,2.8126439030291084,0.6932521549836667,55.411845166503255,53.92968002287225,54.336852733337,55.78138168255059
528.0,18.944,0.3742908141112259,0.16084239780266968,0.72603770588924,-0.5646684071132896,-0.03301453571576474,0.046779409058610125,-0.07456426918668077,0.1327538313349097,-0.08650205320940722,0.03804490035760671,-0.4140625585403148,-0.061062747053172425,0.04149927077396342,0.7134979402526137,2.8306446492241366,0.711235604670993,55.32569488653879,54.31957079189758,54.479564421542655,55.471871034518436
529.0,18.976,0.35758382643076175,0.16040632643641467,0.7272519478010057,-0.5220933650145038,-0.013627230195469008,0.03794505974267708,-0.06786890436329067,0.11031806069743906,-0.08361207324710893,0.039533231707436126,-0.4162986248171766,-0.04635363170212059,0.03813428760394944,0.7108665294037867,2.8473176283624073,0.7277780424552476,55.20489636177601,54.68472020124378,54.64620010549386,55.17197204244003
530.0,19.008,0.34201495102415796,0.16054767584807775,0.7282242616386319,-0.48652735645636797,0.00441716911447117,0.030384807425818505,-0.06149721035416813,0.08370972092249031,-0.08062974129610916,0.03882377879766851,-0.4180702633710753,-0.030271138099517186,0.0343190278067676,0.708370485926959,2.86288371349268,0.7431110154104097,55.05780655405963,54.98661322679444,54.829262771836945,54.91847510306575
531.0,19.04,0.32731802852714476,0.16122859583141466,0.7289914779584558,-0.45927882803166237,0.021278749479278544,0.023975509994496998,-0.05637622149865024,0.05644792159043705,-0.07784703259227363,0.03641972602880853,-0.419206429474107,-0.013297808002598572,0.030493524473131823,0.7059909189233469,2.877606433806882,0.7575069096685797,54.902567256019175,55.2026376508911,55.01185519558101,54.735489606931786
532.0,19.072,0.3132203964188085,0.16242224283671364,0.7295809172502917,-0.44055100338550757,0.03730146891559295,0.01841997786987402,-0.0527457564337497,0.03146805679029789,-0.07542003882173338,0.03309100173538086,-0.41960937741714327,0.004001870162398398,0.026901185763739024,0.7037098235612418,2.8917567398569806,0.7712433170382881,54.761625146265565,55.32673449769175,55.17290834266053,54.63255825512092
533.0,19.104,0.2994723633997408,0.1641130615806737,0.7300092696783023,-0.4296260318458648,0.052838085748752164,0.013386013375329258,-0.05028743480887997,0.010881105837818929,-0.07341117140847492,0.029553817340694517,-0.4186823801529376,0.021005298971097187,0.023647423856224602,0.7015094704540914,2.905583456018006,0.7845741181587438,54.616616478581484,55.403729160505144,55.332361408482775,54.56887430049701
534.0,19.136,0.2858682080036161,0.16629256865868725,0.7302848243505333,-0.42512985612889637,0.06810959618792298,0.008611083507220611,-0.04832641665291416,-0.003535873197489179,-0.07185879616281558,0.026248059390777078,-0.4152747950866962,0.03698308070544311,0.020798996068528117,0.6993754709152844,2.9192920490002647,0.7977095220559639,54.46376601687877,55.45692800238644,55.4965292419783,54.525163509759615
535.0,19.168,0.27226351477196786,0.16895198085471258,0.730411231341121,-0.42514666348900765,0.08310663112579164,0.003950218455863599,-0.04596662990144199,-0.0101303816295527,-0.07079721748237218,0.02342458101946135,-0.41626218732632614,0.05216245738532152,0.018415284821480242,0.6973046002888806,2.933026930160258,0.8107999602415525,54.924392892090005,55.02084012002042,55.048578662378624,54.97216861924014
536.0,19.2,0.2585910054126124,0.17207268078699564,0.7303904854780437,-0.42726591747985865,0.09752187288384556,-0.0006483082211627961,-0.04330657957067201,-0.016041006298829666,-0.06986928690256722,0.020724633517157767,-0.41480285291435975,0.0658636391614974,0.016010116948641642,0.6952922209404223,2.946855119812095,0.8239214062609441,54.60420695409067,55.26802790665698,55.382553836405435,54.7375909501132
537.0,19.232,0.24478999904738122,0.17563254342398094,0.73022572905878,-0.4312814489134732,0.11124570740579036,-0.005148638101991339,-0.03965256568674563,-0.016738106644155894,-0.06925176475851953,0.018375063241314223,-0.41268241708996406,0.07789482719303516,0.013846134722225937,0.6933405725100316,2.960837017252545,0.8371438774400247,54.674838951068544,55.197854725120344,55.32873363591269,54.823833575937236
538.0,19.264,0.230850770202455,0.17959598330277166,0.7299211801660875,-0.4356009014039437,0.12385749621220989,-0.009517152896640338,-0.034877277591110555,-0.013339226346486956,-0.0688627907150543,0.01610287178793057,-0.4105103363423564,0.08830945914897045,0.011828660248669881,0.6914537503939843,2.9749814716005805,0.8504883545834571,54.81108579081706,55.11035786873177,55.21298455930848,54.93080932755082
539.0,19.296,0.21680343448563763,0.1839135536085068,0.7294825565930383,-0.43897924115054265,0.13492407205422338,-0.013706986657788927,-0.02921283935472786,-0.007623007536130053,-0.06860192950697491,0.013870672679710363,-0.4083990106794016,0.09718517668169353,0.009842040023848989,0.6896353274819791,2.989256752942783,0.8639370957977504,54.93191901068872,55.056707772305565,55.11556848598361,55.00689425499021
540.0,19.328,0.202700538010682,0.1885254435260512,0.7289163192450726,-0.44071551484236315,0.1441215599232618,-0.017694917123927522,-0.023014229538319463,-0.0009764951656737542,-0.06840066754220006,0.011710601317503991,-0.4064309022316931,0.10461884344667015,0.007818976704469252,0.6878864683633616,3.003608011687918,0.8774498186417683,55.037147680540365,55.02540892941904,55.0354498346175,55.06275508419096
541.0,19.36,0.18860358639609356,0.19336589938363527,0.7282288208477081,-0.4405297379558881,0.15126424554950238,-0.021484324917640085,-0.016673929633025896,0.005513208144406748,-0.06822207687678354,0.009604116168124259,-0.4046639255393005,0.11070559912644264,0.0057382301792858826,0.6862051949075594,3.017970878580162,0.8909761260139849,55.122352286517994,55.01125162948408,54.97598824198552,55.10255244297478
542.0,19.392,0.17457254178551085,0.19836782679705156,0.7274258092257276,-0.4384701440807095,0.15631023166925895,-0.025094113186890206,-0.01055411458721518,0.011053056833602111,-0.0680568362709492,0.0075199647190049975,-0.4031379856275935,0.1155272078533292,0.003617146946360247,0.6845867181353509,3.0322821547000407,0.9044652636480724,55.18449692575958,55.01062064216229,54.939473773338385,55.12896132802627
543.0,19.424,0.1606581903001335,0.20346690842157727,0.7265123111730645,-0.43482348391804154,0.15934630076642842,-0.028546814145723857,-0.00494089855635766,0.015140774780977936,-0.06791455174522655,0.005435574500371675,-0.4018801334706893,0.11914919189339028,0.0014978465951272168,0.683024412466925,3.0464876553836677,0.9178733581974745,55.22328438319815,55.02031716711596,54.92580469525382,55.144522822956986
544.0,19.456,0.1468973268474001,0.20860477905720315,0.7254927839796151,-0.43002698289791896,0.16055845736330843,-0.0318602247952916,-2.0792317555369367e-05,0.017543145831926097,-0.06781334911488604,0.0033484097121467384,-0.4009076683236447,0.12162367855018041,-0.0005685802423933489,0.681511050410035,3.0605472274736925,0.9311681670153629,55.2409647140621,55.03743304124852,54.93264397338082,55.15184360601256
545.0,19.488,0.13331053566560894,0.21373103439887026,0.7243713781044263,-0.42458722443097313,0.16019547942709697,-0.03504393359965091,0.004123231238467549,0.01825588355971528,-0.06777100121018169,0.0012774731785205912,-0.4002295852127022,0.1229947643842873,-0.002535216019494077,0.6800399998989782,3.0744371339669128,0.9443314881522769,55.24162597957855,55.0594776783476,54.956071821750804,55.15347087977381
546.0,19.52,0.11990217285248461,0.2188040609918753,0.7231521855265346,-0.4190113379101348,0.15853208103140742,-0.038099768059116045,0.007500189272376168,0.017451570154233906,-0.06779946037823761,-0.0007431180525796321,-0.39984706549993393,0.12330415379999154,-0.004367199088260058,0.6786061835161188,3.0881501824756286,0.9573595293873021,55.230370089567835,55.084485386919376,54.99135174099981,55.151732767790996
547.0,19.552,0.10666204657318253,0.2237908382271887,0.7218394114734358,-0.41375394622818984,0.15583678860354377,-0.04102418915933808,0.010189111839800946,0.015423173785279904,-0.0679029965533291,-0.0026743137705065125,-0.3997535881561498,0.12259589856815352,-0.006044146903316216,0.6772066899732979,3.101694096244716,0.9702616484294756,55.21254586075222,55.111022833149384,55.03363770346096,55.14864006359503
548.0,19.584,0.09356825159491865,0.22866596836549255,0.720437465197148,-0.40918109307074585,0.15234781682199505,-0.043810821133992386,0.012312051282615446,0.012529523514811278,-0.06807899299282243,-0.00448168107581064,-0.39993502222166766,0.12091981727899194,-0.007558566871574094,0.6758410057410276,3.1150886763035874,0.9830579337871701,55.19312092932566,55.13810529536758,55.07853463270959,55.145857809850725
549.0,19.616,0.08059063580700986,0.23341023693428276,0.7189509984818372,-0.4055504933721494,0.1482583927746938,-0.0464520848534634,0.014007123563889922,0.009147293569194888,-0.06832006114346635,-0.006141438367199856,-0.40036991177715725,0.11833354320599625,-0.008912260905769694,0.6745108963585192,3.1283622902096546,0.9957760996352114,55.176230444349116,55.16506683811542,55.12247333592245,55.14472023231043
550.0,19.648,0.06769443971874943,0.23800900012952397,0.7173849265850645,-0.40300612775813793,0.14371134985128792,-0.048939746774147266,0.015405561634457707,0.005632214811289604,-0.06861634223567611,-0.007642166936396291,-0.397937867351917,0.11401728665062767,-0.010112431693433307,0.6732357845785253,3.1415481635596056,1.008448129190265,54.91336671761489,55.33501520720105,55.4196930251058,55.007925594547785
551.0,19.68,0.0548437432615894,0.24245063304465883,0.7157455512325805,-0.4015842642862505,0.13880102859796417,-0.051230479765122745,0.017521242738704045,0.005453672815818877,-0.0689038077802871,-0.008890095587674614,-0.3962057572008982,0.1091621659563145,-0.01124344428797789,0.6720190371274605,3.1546808682203458,1.0211070284736197,55.162919396651475,55.229711784753746,55.20598043439753,55.148601441096474
552.0,19.712,0.042035297221676954,0.2467140852000745,0.7140388263467244,-0.4002639387472637,0.13323287985673993,-0.053335152683003186,0.01948430320768244,0.005773133546031685,-0.06922338749257675,-0.010169709725622639,-0.39452936836451735,0.10364210630304183,-0.012239704495193298,0.670861359521213,3.1677616266706057,1.0337535151661872,55.208644212405794,55.23333033450181,55.19749253839691,55.181086395379175
553.0,19.744,0.02927089694692971,0.2507794506290736,0.7122710003168751,-0.39888750858585104,0.12704266965622094,-0.05524456343279286,0.021193181605937098,0.006257983211583805,-0.06957503541487052,-0.011294672827655944,-0.39275500089511295,0.09750325355143165,-0.013093786892442802,0.6697637528645002,3.180786663966399,1.0463831013911329,55.22888527042191,55.251262555003095,55.21546158929583,55.2002807609738
554.0,19.776,0.01655414615906066,0.2546292096991844,0.7104485104864161,-0.39739846212090746,0.12030497094096283,-0.056952807201842516,0.022643746746733445,0.0068940528307537205,-0.0699539251597424,-0.012272850809863168,-0.3908305742453534,0.09082502664852529,-0.013806183343119621,0.6687273418682309,3.1937505495800957,1.0589893613176964,55.249372214138376,55.26950625229979,55.234083092947486,55.220082384919095
555.0,19.808,0.003890324237876929,0.2582482823993888,0.7085779773832663,-0.39574443503699125,0.11309602188138726,-0.05845415947343039,0.023834679065256194,0.007667587653313223,-0.07035549034735591,-0.013106904702234858,-0.38870837502352235,0.08368814943815782,-0.01437824055455674,0.6677533525336804,3.2066463557570555,1.0715641483814415,55.270152348724615,55.28797882685837,55.253214239146224,55.24047310442176
556.0,19.84,-0.008713743797235522,0.2616240537491193,0.7066661968756781,-0.3938771260972637,0.10549285467907785,-0.05974314086213192,0.0247669722876874,0.008564231358036788,-0.07077540188096418,-0.013798777041706432,-0.386344947816204,0.0761738071706197,-0.014812173286531062,0.6668430898315346,3.2194658089928843,1.0840978011328857,55.291170025098715,55.306643504335874,55.27280379035535,55.26138389609748
557.0,19.872,-0.02124982462288013,0.2647463770530059,0.7047201281954889,-0.39175252580139364,0.09757260324645681,-0.060814646255912624,0.025443826236068293,0.009569176940647288,-0.07120954753237624,-0.014350562598982076,-0.3837012967523642,0.0683629513783825,-0.015111064145290003,0.6659979127148742,3.2321994445467808,1.0965793462043611,55.312365575698415,55.32546109333955,55.292795050871426,55.28274153941553
558.0,19.904,-0.033708419922948915,0.2676075559622038,0.7027468779541817,-0.3893311031271492,0.0894118409124344,-0.061664070040851005,0.02587052607565271,0.010667319107757988,-0.07165402108431847,-0.014764898214453747,-0.3807430396882766,0.06033562904562778,-0.01527884069667247,0.6652192069486166,3.244836762387374,1.1089966962377131,55.33367621982395,55.34438937842338,55.31312609450355,55.30446870583301
559.0,19.936,-0.046078914304026136,0.2702023064091483,0.70075368038016,-0.3865779494086628,0.08108595146701432,-0.06228742418817873,0.026054308119057856,0.011843402503662948,-0.07210511515796034,-0.015045128706505036,-0.37744051412607327,0.052170342709701514,-0.015320239049662225,0.6645083563133136,3.257366383082926,1.1213368410437636,55.35503644909881,55.36338296131435,55.3337302344764,55.3264841636335
560.0,19.968,-0.05834972646204869,0.27252769959401185,0.6987478740938502,-0.38346287993820444,0.07266853702698674,-0.06268144644717971,0.02600421400988343,0.01308216453941687,-0.07255931536932969,-0.01519536288454368,-0.37376883609282213,0.04394344674525945,-0.015240758179040114,0.6638667127883231,3.2697762023058705,1.1335860306994094,55.376378373526094,55.38239327914938,55.354536468317704,55.34870314387241
561.0,20.0,-0.0705084622729903,0.27458308729864817,0.6967368758104322,-0.37996049409192517,0.06423086576988474,-0.06284369635681236,0.02573093509491263,0.014368471753051695,-0.07301329512012823,-0.015220474204677108,-0.36970791368862255,0.03572858393183313,-0.015046606949572588,0.6632955663414076,3.2820535427747513,1.1457299496774094,55.39763207685534,55.401368741280386,55.37546994378241,55.37103781033694
562.0,20.032,-0.08254206851223232,0.27637001088812146,0.6947281514170709,-0.3760501949763127,0.055841362171040555,-0.06277263729254073,0.02524664877708358,0.01568744875913938,-0.07346391104907606,-0.015126072116169488,-0.3652424173206697,0.027596165650409822,-0.014744644798678546,0.6627961149503462,3.294185302601049,1.1577538814398736,55.418725999791015,55.4202549530652,55.39645246365982,55.39339780111566
563.0,20.064,-0.0944369859453132,0.2778920954316165,0.6927291849119693,-0.3717161697837772,0.04756514198422063,-0.062467703284423776,0.024564848619891475,0.01702459896648827,-0.07390819943193658,-0.014918456546608994,-0.36036170886352964,0.019612898495895655,-0.01434231665610684,0.6623694354593436,3.3061580991417334,1.1696428632054852,55.43958735520763,55.4389950071729,55.41740303253359,55.4156908210063
564.0,20.096,-0.1061793005769134,0.27915493043400913,0.6907474457164746,-0.3669473322375057,0.039463593824768835,-0.061929349859209754,0.023700169944695516,0.018365916358323693,-0.07434337385772243,-0.014604561538856836,-0.3550597321686665,0.011841359630668711,-0.0138475825995883,0.662016455831567,3.3179584075791473,1.181381830822186,55.46014257230528,55.45752982837934,55.43823844113066,55.43782326929951
565.0,20.128,-0.11775489189530815,0.2801659387169181,0.6887903548794618,-0.36173722869983566,0.03159400884090478,-0.06115908865664954,0.02266821262484874,0.01969798774212084,-0.07476682444214158,-0.014191891063697788,-0.3493348675121628,0.004339622788184765,-0.013268842803108093,0.6617379293020625,3.32957269355746,1.1929557538436664,55.480317763039324,55.475798560260515,55.45887388018909,55.45970088992554
566.0,20.16,-0.1291495770062001,0.28093423502380244,0.686865250686376,-0.35608390971537357,0.024009259590136008,-0.06015950603393058,0.02148536273468506,0.02100808498763888,-0.0751761187263841,-0.013688448695686669,-0.3431897527297352,-0.002839063563592866,-0.012614858448396096,0.6615344108658855,3.3409875392995496,1.2043497610237721,55.500039202490626,55.49373898334167,55.47922357404441,55.481229432204216
567.0,20.192,-0.14034924961288597,0.2814704759476715,0.6849793541651202,-0.34998976895893286,0.016757528870908048,-0.05893426628924414,0.020168614657403765,0.022284246882235025,-0.07556900428107008,-0.013102662290827596,-0.33663107394594216,-0.00964654478782484,-0.011894669398673102,0.6614062364579228,3.352189762710461,1.2155492565136679,55.51923381427451,55.51128795495125,55.49920142351997,55.50231531127461
568.0,20.224,-0.15134001286910398,0.2817867027922374,0.6831397349492239,-0.34346135175681236,0.009882088892684123,-0.05748810049676154,0.018735395193865887,0.023515350342265363,-0.0759434129087906,-0.012443304624082102,-0.32966932895806605,-0.016039974670496556,-0.01111750955428335,0.6613535050969869,3.3631665290448582,1.2265400128691042,55.53782965218972,55.52838186163171,55.51872164777753,55.52286625805636
569.0,20.256,-0.16210830520653172,0.28189617897782804,0.6813532779174588,-0.3365091355446165,0.003421130799707847,-0.05582678224265789,0.017203391144155623,0.02469117082793728,-0.07629746622416221,-0.011719410928173284,-0.3223185664792196,-0.02198197575829782,-0.01029272091020194,0.6613760641806155,3.373905454777518,1.237308305206532,55.55575636985467,55.5449570756305,55.53769941530641,55.542791949458696
570.0,20.288,-0.17264101832050874,0.2818132235920742,0.6796266509804522,-0.3291472848117816,-0.002592355804806668,-0.053957091781457696,0.015590381755254974,0.025802431915623657,-0.0766294822936708,-0.010940194322474136,-0.3145961045726701,-0.02744074560259032,-0.009429667408562322,0.6614734980317164,3.384394703369759,1.2478410183205089,55.572945670924504,55.56095040778772,55.556051455070126,55.56200461055126
571.0,20.32,-0.1829256065847496,0.2815530426623043,0.677966274331136,-0.32139338325752664,-0.008130654055310195,-0.05188677029113043,0.013914077341077587,0.026840844085412978,-0.07693798294233745,-0.010114960182486454,-0.3065222317120131,-0.03239010952486572,-0.008537649721594025,0.6616451197165389,3.3946230726724824,1.2581256074610498,55.589331733536866,55.57629955004613,55.57369663989256,55.580419581539715
572.0,20.352,-0.1929501872580439,0.2811315596918239,0.6763782914192901,-0.31326814604044617,-0.013171342827512216,-0.049624465995184955,0.012191965285263746,0.02779913288136315,-0.0772217012822225,-0.009253020551316547,-0.29811989397201316,-0.036809520985984494,-0.007625822110195354,0.661889966077897,3.4045800737500542,1.2681502737763117,55.60485160381791,55.59094350181686,55.59055653538467,55.59795584362124
573.0,20.384,-0.2027036309425141,0.2805652469560175,0.6748685418531162,-0.3047951151396936,-0.01769727299395089,-0.04717967394293403,0.010441164532563945,0.028671056696311755,-0.0774795889895282,-0.008363609723079313,-0.2894143718859333,-0.0406840111136209,-0.006703112480927936,0.6622067958601268,3.414256000950223,1.2779040498761727,55.61944555453234,55.60482297549736,55.60655590902254,55.61453649908892
574.0,20.416,-0.21217564185308396,0.279870958996807,0.6734425363747081,-0.29600034095530825,-0.021696498725328243,-0.04456267120025305,0.008678289561661381,0.02945141452091638,-0.07771082285201357,-0.007455802128243042,-0.28043295049211064,-0.04400408941108541,-0.0057781467110046844,0.6625940907445318,3.423641993085185,1.2873768029677368,55.633057406225234,55.61788077752374,55.62162319533739,55.63008920236993
575.0,20.448,-0.22135682756044228,0.27906576968589597,0.6721054340032161,-0.28691205335494724,-0.025162165965968826,-0.041784449109124426,0.006919324711509716,0.030136044076700102,-0.07791481012516718,-0.0065384336215074095,-0.27120458603271846,-0.046765598126550144,-0.004859178229426008,0.663050059067162,3.432730085629033,1.2965593042421484,55.64563480943158,55.630062162406354,55.6356909145177,55.64454653997459
576.0,20.48,-0.23023875797391335,0.2781668141490178,0.670862021390947,-0.2775603254209708,-0.02809236052744334,-0.03885664413341008,0.005179509605686992,0.030721810824285233,-0.07809119227190094,-0.005620027213997934,-0.2617595726607445,-0.04896952319409173,-0.003954023736308093,0.6635726419553313,3.4415132538781634,1.3054432724502285,55.657129487677324,55.64131515821019,55.64869604300638,55.657846358562765
577.0,20.512,-0.2388140134351414,0.27719113675583706,0.6697166943948105,-0.2679767331633758,-0.03048991853689742,-0.03579146862926413,0.003473236286205397,0.031206588399950063,-0.07823984671366625,-0.004708724206136395,-0.25212921235939373,-0.05062176505667342,-0.0030700058158226323,0.6641595215955081,3.4499854470645293,1.3140214098632617,55.66749744203164,55.65159086287185,55.66058033586868,55.66993204146723
578.0,20.544,-0.2470762218971899,0.27615554628411215,0.6686734418293083,-0.2581940144390155,-0.03236220224140347,-0.03260164267194357,0.0018139585312837614,0.03158923108567943,-0.07836088628764272,-0.0038122215684903826,-0.24234549108548417,-0.05173287303614446,-0.0022139030557309005,0.664808131332848,3.458141613457371,1.3222874305804209,55.67669911886328,55.6608437115633,55.67129060177018,55.68075273501911
579.0,20.576,-0.25502008526537395,0.27507647926321543,0.6677358313382441,-0.24824573025575172,-0.03372084440302241,-0.029300327845756924,0.00021411369265838037,0.031869538959788495,-0.07845465618152775,-0.002937716289705521,-0.2324407639211708,-0.05231774721811927,-0.0013919081332194854,0.66551566730108,3.4659777165374015,1.3302360811398186,55.68469954318676,55.66903171600416,55.6807789323201,55.690263526876755
580.0,20.608,-0.2626413950747202,0.27396987239224724,0.6669069973007689,-0.23816593154206922,-0.03458146471775611,-0.025901063671101402,-0.0013149427509135708,0.03204821640711105,-0.07852172820085607,-0.002091857267559446,-0.22244745176365657,-0.05239531206308519,-0.0006095941677071088,0.6662791012897227,3.473490742378282,1.3378631533990255,55.69146842054399,55.67611667717291,55.68900288828019,55.69842557925187
581.0,20.64,-0.2699370377732742,0.27285104481296696,0.6661896306732196,-0.2279888343298135,-0.0349633618525087,-0.02241770711091521,-0.0027629898641160088,0.032126824690000375,-0.07856289231012878,-0.0012807051665541319,-0.21239775180859463,-0.05198816613427318,0.00012811051856247702,0.6670951945724682,3.4806786984233637,1.3451654896726737,55.6969802107481,55.6820643732673,55.695925645705564,55.705206220445895
582.0,20.672,-0.2769049899695097,0.271734590898866,0.6655859706611457,-0.2177485061323583,-0.03488918481565556,-0.01886437537730946,-0.004120981222303659,0.03210772929460528,-0.07857914547491916,-0.0005097005080625022,-0.20232336379789745,-0.05112221244492303,0.0008169392473285353,0.6679605124445878,3.4875406039004866,1.3521409801485869,55.70121417702337,55.68684472501602,55.70151610546872,55.7105789984545
583.0,20.704,-0.28354430408488557,0.27063428410022666,0.6650977981153745,-0.20747856610549614,-0.03438458745747862,-0.015255392055348718,-0.005381072374809118,0.03199404277182421,-0.07857167791440638,0.00021635989831522056,-0.19225523371446027,-0.04982627397177576,0.0014532956016215402,0.6688714392467743,3.4940764721735444,1.3587885526483932,55.70415441411409,55.690431940548315,55.70574896982135,55.71452370057391
584.0,20.736,-0.28985508492831924,0.2695629922622669,0.6647264305511943,-0.19721190135730207,-0.03347786993624331,-0.011605236380631673,-0.006536636122251946,0.03178956378989137,-0.07854185694971938,0.000893338226149376,-0.1822233163221298,-0.04813169885956287,0.0020342541128384097,0.669824193686325,3.500287285385624,1.365108154852186,55.70578985882297,55.69280464200165,55.708604789686234,55.71702634296081
585.0,20.768,-0.295838457777272,0.2685326047107745,0.6644727186997871,-0.18698040152977433,-0.03219961098413664,-0.007928495356475378,-0.0075822660349654045,0.031498713106673785,-0.07849120870073008,0.0015177627943005034,-0.1722563576748351,-0.04607195975612704,0.002557553438245996,0.670814844302271,3.5061749618041005,1.3711007291676005,55.70611428619159,55.693945975897606,55.71006998625397,55.71807913397218
586.0,20.8,-0.30149652860971116,0.2675539712782694,0.6643370445149158,-0.17681471351372274,-0.030582294765784154,-0.004239818277226855,-0.008513768738202384,0.031126467155402585,-0.07842139794070672,0.00208682743944212,-0.16238169845909953,-0.04368225157486654,0.00302158255389032,0.6718393249574228,3.5117423163318713,1.376768180489686,55.705126294177376,55.693843709066385,55.71013685021059,55.71768041486378
587.0,20.832,-0.3068323371819668,0.2666368533249325,0.6643193205744401,-0.16674401788298826,-0.02865993604177911,-0.0005538731398663227,-0.009328145576789031,0.030678289918640533,-0.07833420646322806,0.002598383535403357,-0.15262509879187577,-0.04099909178637827,0.0034253605735464258,0.6728934502757845,3.516993014700269,1.3821133371670609,55.70282927923276,55.69249031156623,55.708803521563254,55.7158345810772
588.0,20.864,-0.3118498036891486,0.2657898866934773,0.6644189908344109,-0.15679582834943182,-0.026467707232974053,0.003114695624088085,-0.01002356434677553,0.030160063742622478,-0.07823151034818047,0.003050925195315084,-0.1430105848729194,-0.03805992710207769,0.0037685108704678697,0.6739729309770941,3.5219315219068825,1.3871399055599514,55.69923140468382,55.68988302765232,55.70607395259031,55.71255198692119
589.0,20.896,-0.316553669777152,0.26502055642690714,0.6646350327121793,-0.1469958152501056,-0.02404157083031771,0.006751308680261186,-0.010599321844140435,0.02957801971839879,-0.07811525653324639,0.00344356827343691,-0.13356031768776166,-0.03490275013655637,0.004051230225118882,0.6750733890902068,3.526563045504702,1.3918524186447945,55.69434556325828,55.686023935418746,55.70195785594349,55.70784883597629
590.0,20.928,-0.3209494346983382,0.2643351829736975,0.664965960493134,-0.13736765378706886,-0.021417920412800783,0.01034149315483345,-0.011055798030781504,0.028938668228045226,-0.07798743910422214,0.0037760238452017878,-0.12429448377332664,-0.03156572933061243,0.004274253749231782,0.6761903730527526,3.530893474386815,1.3962561791861268,55.68818933455476,55.68091999529421,55.69647063940479,55.701747059049204
591.0,20.96,-0.3250432874168036,0.26373891950728007,0.6654098300724403,-0.12793289745204386,-0.01863323332554517,0.0138709243533222,-0.011394402656158799,0.02824873022401342,-0.07785007571238552,0.00404856688630306,-0.11523120789149537,-0.02808685509078879,0.004438816345426335,0.6773193727252836,3.534929313742431,1.4003571980577616,55.68078493769919,55.67458308713445,55.689633328269394,55.69427418099764
592.0,20.992,-0.32884203547397145,0.26323575989656994,0.6659642450576881,-0.11871087678649503,-0.015723737834691373,0.017325468288996435,-0.011617515199570607,0.027515069777793524,-0.07770518451091904,0.004262000895113674,-0.10638648730459795,-0.024503604761313264,0.004546611453707102,0.6784558343635376,3.5386776168847476,1.404162128350024,55.67215917891945,55.667030035245126,55.68147247581776,55.68546317725771
593.0,21.024,-0.3323530314213581,0.26282855678236694,0.6666263642700335,-0.1097186233558321,-0.012725097318843833,0.02069122538579311,-0.011728419013811452,0.026744628400645426,-0.07755476197634024,0.0044176192084395185,-0.0977741472082428,-0.020852628697024173,0.004599747813245721,0.6795951756023167,3.542145914668362,1.407678195946761,55.66234339330835,55.65828262030526,55.67202006187243,55.6753523204563
594.0,21.056,-0.3355840976152004,0.26251904914133545,0.6673929106897402,-0.10097081855757291,-0.009672113782234126,0.023954575615832398,-0.011731230556688323,0.02594436160433762,-0.07740076194646069,0.004517163750103066,-0.08940581674890671,-0.017169459357274243,0.0046007049320473635,0.6807328005088139,3.545342143223322,1.410913127293671,55.651373379647545,55.64836757685503,55.661313379026915,55.663985017091655
595.0,21.088,-0.33854345014768,0.26230789865538523,0.6682601818966837,-0.092479766639987,-0.0065984526859443,0.027102225216984997,-0.01163082459342499,0.02512117813365649,-0.0772450761652046,0.004562781927016213,-0.08129092493401828,-0.013488244995753759,0.004552287910642827,0.6818641147623008,3.5482745707340797,1.4138750751073297,55.639289326847994,55.63731657477965,55.64939490580047,55.6514096339343
596.0,21.12,-0.3412396226623177,0.26219473414996314,0.6692240620572011,-0.08425539108242862,-0.003536390794440372,0.030121255016168885,-0.011432756241271266,0.024281882264925413,-0.07708951657838373,0.0045569823501035,-0.07343671562925232,-0.00984150918405199,0.004457582211202898,0.6829845410113177,3.5509517239845403,1.4165725427913956,55.62613573032958,55.62516618306516,55.63631216572041,55.63767931354043
597.0,21.152,-0.3436813907673811,0.26217820332023806,0.6702800355056725,-0.07630525328322986,-0.0005165884289087814,0.032999170264731675,-0.0111431807085512,0.023433119525916903,-0.07693579957495288,0.004502590010307378,-0.06584828073025976,-0.006259937080802964,0.004319908902750563,0.6840895344494846,3.553382315375061,1.4190143083324593,55.61196129652013,55.61195781403165,55.62211757117225,55.62285177809097
598.0,21.184,-0.34587769772153665,0.26225603092950694,0.6714232019625409,-0.06863459231736148,0.002432112789652744,0.03572395177713763,-0.010768771554798861,0.02258132615237184,-0.07678553231705874,0.004402701484807969,-0.05852861049362475,-0.0027721890462050875,0.004142780848726043,0.6851745986374764,3.5555751710938868,1.421209348442707,55.596818833603606,55.5977376462631,55.60686825078638,55.606989120671216
599.0,21.216,-0.3478375820212228,0.26242508263934733,0.6726482934203997,-0.06124638436519157,0.005282865932512005,0.03828410805808629,-0.010316638267362236,0.02173268255493288,-0.07664020125093449,0.004260640688133626,-0.05147865991443346,0.0005952580947053265,0.0039298602371464425,0.6862353015823568,3.5575391610944536,1.4231667637000929,55.58076512668287,55.58255652454883,55.59062585914774,55.590157583085734
600.0,21.248,-0.3495701074700809,0.2626814336159452,0.6739496927166878,-0.05414142027681564,0.008010968018683569,0.04066872800900439,-0.009794243913657276,0.02089307102778005,-0.07650116284084718,0.00407991561904161,-0.044697429946442734,0.003818242115658371,0.0036849177879145515,0.6872672920671914,3.559283131491729,1.424895705409464,55.563860795643784,55.56646983532513,55.573456367716155,55.57242731935933
601.0,21.28,-0.351084296258043,0.2630204410513905,0.6753214537959091,-0.047318399623815954,0.010593982357665404,0.04286753372566631,-0.009209323587810134,0.020068037886814653,-0.07636963652117483,0.003864176489053289,-0.038182062276309124,0.00687501901620898,0.0034117939081613007,0.688266316204497,3.560815839945933,1.426405304870613,55.546170134201304,55.54953735634878,55.555429836022114,55.553872144198195
602.0,21.312,-0.35238906552212085,0.26343681974219796,0.676757323646668,-0.040774039502432906,0.01301183408773317,0.04487093283621342,-0.008569804326363542,0.019262760181136755,-0.07624669981837755,0.0036171755540442374,-0.0319279462874852,0.009746339690814385,0.003114362006271545,0.6892282341674605,3.5621458945513598,1.427704605692438,55.527760928868695,55.53182307963669,55.53662016244433,55.53456926586744
603.0,21.344,-0.3534931678033584,0.2639247198794284,0.6782507658797793,-0.03450319628867275,0.015246879288451073,0.04667006978472869,-0.007883727120599777,0.01848201707714114,-0.07613328555602644,0.003342728908038147,-0.02592883678376717,0.012415500341202507,0.002796494119592535,0.6901490370337706,3.5632816966924152,1.4288024997372226,55.50870425690456,55.51339500705678,55.517104814171056,55.51459900317261
604.0,21.376,-0.35440513575556754,0.264477806225011,0.6797949858938495,-0.028498998506536175,0.01728394829945619,0.04825687543969291,-0.007159171603356853,0.01773016597017885,-0.0760301810228346,0.0030446804397576475,-0.02017698098903963,0.014868367536324973,0.0024620289606092634,0.691024863659036,3.5642313882693566,1.4297076672167508,55.48907426264609,55.49432491834283,55.49696453628075,55.494044486500606
605.0,21.408,-0.35513323140210695,0.2650893378765851,0.6813829575546383,-0.02275298895435677,0.019110364111691435,0.04962411439965102,-0.006404183936469239,0.017011123334862852,-0.07593802895625235,0.0027268680982124234,-0.01466325330002614,0.01709337900746526,0.002114742442184941,0.6918520174807519,3.565002803633532,1.430428521393833,55.46894791201989,55.47468811171445,55.476283040239274,55.47299134316882
606.0,21.44,-0.35568540017779854,0.26575224785769896,0.6830074512947615,-0.01725527424036205,0.020715936909807674,0.05076542937884963,-0.005626708371578809,0.016328350282175868,-0.07585733017286177,0.00239309256516427,-0.00937729624452235,0.01908152142924702,0.0017583207045929082,0.6926269831401218,3.565603426507243,1.4309731582702532,55.44840472541781,55.454563117704176,55.45514667248265,55.451527367638555
607.0,21.472,-0.35606922993477064,0.26645922181078446,0.6846610635213987,-0.011994679905378062,0.022092936033921824,0.051675382082411826,-0.004834522902472143,0.01568484275005752,-0.07578844766157884,0.0020470883893694797,-0.004307666089521526,0.02082628658047556,0.0013963356356020721,0.6933464427981353,3.5660403520976036,1.4313493115666234,55.427526489524126,55.43403138720893,55.43364406412648,55.42974217745676
608.0,21.504,-0.3562919150341865,0.2672027751161841,0.6863362472021058,-0.006958909356745765,0.02323604079373929,0.05234949002209938,-0.004035179371722832,0.015083126214577174,-0.075731611946364,0.0016924976010937766,0.0005580184472399388,0.02232360740159825,0.0010322228496362745,0.6940072920144227,3.5663202545481516,1.4315643132226363,55.406396949069226,55.41317695518567,55.41186576320127,55.40772685609067
609.0,21.536,-0.35636022559102254,0.26797532781082783,0.6880253434829859,-0.002134704901126173,0.02414227170761602,0.052784258777503014,-0.003235948338665854,0.014525254771589054,-0.07568692752143608,0.001332845795082043,0.005232925902325813,0.02357177556833702,0.0006692620726725828,0.6946066550527071,3.5664493598072577,1.4316250595691884,55.38510147985224,55.39208608178731,55.38990385114681,55.385573584101365
610.0,21.568,-0.3562804818867955,0.2687692767341146,0.6897206141796708,0.0024919907570947176,0.024810903852711515,0.05297720927140143,-0.002443768960018386,0.014012814404336316,-0.07565438016340917,0.0009715206458287351,0.009730861664802855,0.024571342283501423,0.00031055986557010915,0.6951418994751772,3.5664334239296407,1.4315379832482191,55.363726744713,55.37084687307652,55.36785154559964,55.36337526035715
611.0,21.6,-0.3560585339158338,0.2695770643853197,0.6914142749700546,0.00693587409255312,0.02524336410015917,0.05292689969949369,-0.0016652040792180013,0.013546930221182071,-0.07563384493074476,0.0006117528005496826,0.014066118884349938,0.025325004051485626,-4.096539069715354e-05,0.6956106498897516,3.5662777167673547,1.4313090308831622,55.34236033443343,55.349548883755766,55.34580279176702,55.341225115209674
612.0,21.632,-0.3556997459847065,0.2703912440356061,0.6930985291086562,0.011212122847728535,0.02544311407145017,0.052632941831300774,-0.0009064006661799578,0.013128277419801205,-0.07562509467076148,0.000256599081892685,0.01825333203107564,0.025837475242684527,-0.0003825963296106377,0.6960108007188267,3.565987010950133,1.4309436464338376,55.32109039580384,55.328282704604185,55.323851844894214,55.31921631773988
613.0,21.664,-0.3552089862420538,0.27120454069767636,0.6947656014759526,0.015336241957895888,0.025415520689695315,0.05209601147801094,-0.0001730556961025881,0.012757095710000195,-0.07562780886746835,-9.107207647749728e-05,0.022307334360449318,0.026115349278412775,-0.0007118273370609162,0.6963405278654313,3.565565576002758,1.4304467601054318,55.300005249297406,55.30713953751229,55.30209284649417,55.29744157932162
614.0,21.696,-0.3545906209775306,0.2720099076165049,0.6964077727720315,0.019323914516351428,0.025167716213391943,0.051317853002465864,0.0005296124954212261,0.012433206907006276,-0.075641582678924,-0.00042859304304478747,0.026243020436607117,0.026166950271649995,-0.0010263732756299409,0.6965982991624589,3.5650171773995525,1.4298227826228107,55.279192998953135,55.28621076115394,55.28061939712096,55.27599275585048
615.0,21.728,-0.35384851349403057,0.2728005780047306,0.6980174136623957,0.02319085885937528,0.024708449632053812,0.05030127782388104,0.0011968873930160637,0.012156035390669027,-0.07566593602994338,-0.0007535073337897049,0.030075214757707625,0.026002176945730676,-0.001324176275735092,0.6967828835024219,3.564345080313727,1.4290756046294226,55.2587411371733,55.26558749042778,55.25952412852604,55.25496045103935
616.0,21.76,-0.35298602732690026,0.2735701118055093,0.6995870186845893,0.026952692722822014,0.024047931274332933,0.04905015694355026,0.001824572076729498,0.011924631113560463,-0.07570032264405717,-0.0010635779725072737,0.03381854741009342,0.0256323406230149,-0.001603410670698424,0.696893358558592,3.5635520577823083,1.4282086009250226,55.238736147197166,55.245360132842215,55.23889827804691,55.23443362319464
617.0,21.792,-0.35200603355750126,0.2743124373233329,0.701109239727348,0.030624805293718763,0.02319767243198765,0.047569407586208576,0.002409001694755017,0.01173769483239453,-0.07574413891700718,-0.001356793946432434,0.03748733755612648,0.025069999029815326,-0.0018624861489206696,0.6969291170230182,3.5626404029760654,1.4272246392186139,55.21926310601923,55.22561794500831,55.21883126803766,55.21449919785853
618.0,21.824,-0.35091092194621804,0.27502188761898905,0.702576918898976,0.034222237852600854,0.022170321739255185,0.04586497411337635,0.0029470507775896815,0.01159360523240056,-0.07579673255213784,-0.001631374834255473,0.041095485436045645,0.02432878760373993,-0.002100049192597447,0.696889871302354,3.561611945238165,1.4261260930425437,55.20040529048459,55.20644859235086,55.199410293071416,55.195241688638525
619.0,21.856,-0.34970261559176014,0.27569323161799913,0.7039831206083956,0.037759573576809334,0.020979499969065226,0.043943803419363395,0.003436135575217673,0.01149044761310824,-0.07585741089529004,-0.0018857736797990956,0.04465637343892989,0.023423249916649434,-0.0023149828692862057,0.6967756566282489,3.5604680695352546,1.4249148584504825,55.18224378921539,55.18793771505112,55.18071991752403,55.17674282844624
620.0,21.888,-0.34838258880925144,0.27632169993215105,0.7053211626905308,0.0412508369533968,0.019639634817247478,0.04181381506672407,0.0038742116330649466,0.011426043806236857,-0.07592544892278483,-0.0021186781809111837,0.04818277667424977,0.022368668742214784,-0.002506405040478973,0.6965868325548966,3.55920973895017,1.4235923741058945,55.16485712291109,55.17016850310259,55.16284168599667,55.159081213243425
621.0,21.92,-0.3469518879089827,0.2769030054408131,0.706584646417112,0.044709403133398565,0.018165797145688525,0.039483866455664006,0.004259766852969716,0.011397983001760953,-0.07600009685046699,-0.0023290102602894947,0.051686783354934436,0.0211808992032859,-0.002673665050405971,0.6963240828318318,3.5578375198361862,1.4221596443581757,55.148320875423785,55.15322128319905,55.14585374885808,55.14233196024329
622.0,21.952,-0.34541115455063914,0.27743335872233027,0.7077674852443568,0.04814791744823552,0.01657354004741192,0.03696371335139972,0.004591810312149026,0.011403653166504093,-0.07608058734430569,-0.0025159240826511248,0.05517972518715903,0.019876205332654412,-0.002816338958751205,0.6959884136549224,3.556351609248509,1.4206172649004505,55.132707337845886,55.13717311998823,55.12983050498852,55.126566382350575
623.0,21.984,-0.343760651344091,0.27790947846577935,0.7088639321600256,0.05157822520462924,0.014878741982783647,0.03426396611464971,0.004869857136077075,0.011440272750479048,-0.07616614232357882,-0.002678802581789721,0.058672117852401506,0.01847110127294313,-0.0029342233828468017,0.695581150312455,3.5547518642690243,1.4189654506054903,55.1180851676651,55.12209743402025,55.11484226359612,55.111851680445184
624.0,22.016000000000002,-0.3420002893672223,0.27832859702957546,0.7098686055038359,0.05501131177714636,0.013097455118628644,0.031396041994070895,0.005093909740322386,0.011504922389364526,-0.07625597935613304,-0.0028172525615232486,0.0621736115646826,0.016982198229147875,-0.0030273280181902034,0.6951039322560496,3.5530378328449976,1.4172040651437372,55.10451906484951,55.10806363850399,55.100954926757,55.098250654929174
625.0,22.048000000000002,-0.34012965727353245,0.2786884613458122,0.7107765131469144,0.05845725292780846,0.011245759882398319,0.028372113846202005,0.0052644357717715,0.011594576326668942,-0.07634931765162925,-0.0029310984361376005,0.06569295159115089,0.015426058172020567,-0.003095866910679226,0.6945587066377163,3.55120878577075,1.4153326519992924,55.09206946652667,55.09513679676334,55.08822969410916,55.08582143777065
626.0,22.080000000000002,-0.3381480516671212,0.27898732939777215,0.7115830749276797,0.06192517520035157,0.009339626623748242,0.025205055648916376,0.005382343091374186,0.011706133295998138,-0.07644538366314717,-0.0030203746790672128,0.06923794853781799,0.013819055173975183,-0.0031402485595963007,0.6939477203645722,3.549263749453167,1.4133504665152672,55.080792261720134,55.08337730206016,55.076722790909784,55.074617246091876
627.0,22.112000000000002,-0.33605450842991685,0.2792239625227945,0.7122841432531076,0.06542322616263566,0.007394785156948976,0.02190838516962291,0.005448952148710707,0.011836446622101015,-0.07654341631018394,-0.0030853170529308066,0.0728154581244937,0.012177245142427642,-0.003161064936847485,0.6932735107315146,3.5472015391165543,1.4112565086184226,55.070738527411564,55.07284058123162,55.06648522045492,55.064686158170545
628.0,22.144000000000002,-0.3338478346953696,0.27939761381370704,0.712876021785603,0.06895855420460147,0.005426602841016032,0.01849620414048207,0.005465966103443968,0.011982353318758363,-0.07664267183713738,-0.0031263526992409804,0.07643137010416907,0.010516244599997955,-0.0031590795150036035,0.6925388946995065,3.545020792119496,1.4090495558938387,55.06195428700671,55.06357682337521,55.05756254165788,55.05607091255242
629.0,22.176000000000002,-0.3315266411740697,0.2795080129094261,0.7133554821465771,0.07253729754062153,0.0034499717412213274,0.014983136280437973,0.0054354390502615105,0.0121407019818202,-0.07674242832105248,-0.0031440891723404515,0.08009060592194514,0.00885111904772963,-0.003135214403989156,0.6917469568930813,3.5427200010755264,1.4067281967028553,55.054480292104984,55.055630734610716,55.04999467239382,55.0488087308147
630.0,22.208000000000002,-0.3290893745496211,0.2795553474792389,0.7137197785782303,0.0761645820140186,0.0014792053066488274,0.011384263489164204,0.005359742702411091,0.012308379296536479,-0.07684198984099604,-0.0031393025088373556,0.08379712465708947,0.0071962813374009185,-0.003090536703500507,0.6909010363953054,3.5402975464902546,1.4042908630611028,55.04835182830525,55.049041319756576,55.04381571904606,55.04293116437338
631.0,22.240000000000002,-0.3265343496773764,0.2795402417158583,0.7139666605149293,0.07984452725764798,-0.0004720551056436313,0.007715060521842891,0.005241531884603973,0.012482334999542348,-0.07694069031916871,-0.0031129244306694888,0.08755393674867044,0.005565400372882014,-0.003026244185113319,0.690004712421844,3.537751728649526,1.4017358630175825,55.04359854562814,55.043841691580695,55.03905383253209,55.0384639655973
632.0,22.272000000000002,-0.3238597813341063,0.2794637321597641,0.7140943830249096,0.08358026072718953,-0.002390923627942907,0.003991328436883653,0.00508370917911091,0.012659605157216426,-0.07703789704105846,-0.0030660287870314905,0.0913631249698916,0.003971320358983233,-0.002943650424238128,0.6890617889580704,3.535080798516171,1.399061412300019,55.04024431399649,55.04005890812072,55.035731090948765,55.03542698337335
633.0,22.304000000000002,-0.32106381528312977,0.27932724118179086,0.7141017150918556,0.08737393909301677,-0.004265343061663967,0.00022912709206346338,0.004889389059510208,0.012837333643443723,-0.07713301385883062,-0.0029998173467648943,0.09522587208854684,0.0024259907197898625,-0.0028441695073591535,0.6880762784444966,3.5322829874162798,1.3962656650156688,55.03830710409259,55.03771383842193,55.03386340885401,55.033834083167044
634.0,22.336000000000002,-0.31814455843667644,0.27913254845259594,0.7139879457142155,0.09122677645166657,-0.006084147787341338,-0.0035552930512522366,0.004661861834999029,0.013012791720896104,-0.07722548407900073,-0.0029156050589950622,0.09914249463033672,0.0009404067176139695,-0.0027293004440845595,0.6870523845963187,3.5293565353197134,1.3933467432201636,55.03779889380134,55.036821056905296,55.03346047309715,55.033693091533536
635.0,22.368000000000002,-0.315100107915124,0.2788817607267296,0.7137528878079551,0.0951390787985138,-0.007837116433323167,-0.0073455595706386975,0.004404557714653836,0.013183395650626937,-0.07731479303245799,-0.0028148049047235575,0.10311248214756949,-0.0004754392815666808,-0.002600611416268128,0.6859944844427248,3.5262997175432838,1.390302765189494,55.03872560035289,55.03738876645936,55.03452570502051,55.03500576496023
636.0,22.400000000000002,-0.3119285788210741,0.27857728026573597,0.713396879905894,0.09911028418905883,-0.009515014406050867,-0.0111252469394106,0.0041210112857386055,0.013346722274920392,-0.07740047032230149,-0.002698912466201193,0.10713454138769407,-0.001812596029436623,-0.0024597239976666017,0.6849071096709641,3.5231108697286357,1.3871318722517931,55.04108703819538,55.039418750241616,55.0370562487796,55.03776778285923
637.0,22.432000000000002,-0.30862813056486427,0.27822177221923,0.7129207856538625,0.10313900800655748,-0.011109626453311556,-0.01487794537598229,0.003814826683317739,0.013500522537803832,-0.07748209174286573,-0.002569490343426796,0.11120664475340601,-0.003063181310008236,-0.0023082974771913233,0.683794927359147,3.5197884109700297,1.3838322540559556,55.04487690255355,55.04290635207904,55.041042985464905,55.04196876447448
638.0,22.464000000000002,-0.30519699159691227,0.2778181312754155,0.7123259911107452,0.1072230927484998,-0.01261377949420341,-0.018587329472415075,0.0034896437102425954,0.0136427329263192,-0.0775592808618776,-0.0024281525485296295,0.1153260824485097,-0.004220399821251801,-0.0021480134167221137,0.6826627201805087,3.5163308649899436,1.3804021721733328,55.05008277856687,55.04784048527167,55.046470572657306,55.04759230942526
639.0,22.496000000000002,-0.30163348242113835,0.2773694478832152,0.7116143998661046,0.11135966174293477,-0.01402135600625866,-0.022237226395018635,0.003149105147243679,0.013771484833443186,-0.07763171025697814,-0.002276549008299166,0.11948951771046837,-0.00527855135847761,-0.001980560570694451,0.6815153661605069,3.5127368792824405,1.376839981946752,55.056686175840305,55.05420366952412,55.05331750900243,55.05461606156819
640.0,22.528,-0.297936036782487,0.276878974337254,0.7107884259955817,0.11554517620786821,-0.015327298311289561,-0.025811683453845557,0.0027968254725667476,0.013885111860377483,-0.07769910239790902,-0.0021163503033021923,0.1236930445414835,-0.006233029689406318,-0.0018076202892742946,0.6803578180667744,3.509005242165551,1.3731441525178718,55.0646625881898,55.06197209565803,55.06155622335175,55.063011795827414
641.0,22.56,-0.29410322094017594,0.2763500910045393,0.709850984880714,0.11977549507222,-0.01652760414733513,-0.029295034839615906,0.002436361189526257,0.013982155091722528,-0.0777612301665099,-0.0019492327684035777,0.1279322473641677,-0.007080312560164127,-0.0016308525199995097,0.6791950825106743,3.5051348977044055,1.3693132849795921,55.07398157831158,55.07111571769098,55.071153187983505,55.0727455276105
642.0,22.592,-0.2901337509566391,0.27578627295798136,0.7088054819262573,0.12404593698552523,-0.017619313954934917,-0.03267196732677222,0.0020711829387088884,0.014061366391756428,-0.0778179170082808,-0.0017768640743809406,0.13220226204560576,-0.007817943315053855,-0.001451882514404035,0.6780321988380915,3.501124958486434,1.3653461286148085,55.084606887057944,55.08159837179912,55.0820690553803,55.08377764439922
643.0,22.624,-0.28602650795011214,0.2751910572670399,0.7076557992145928,0.12835134395396813,-0.01860049034192039,-0.03592758473951529,0.0017046495494996857,0.014121709783580362,-0.07786903671157125,-0.0016008894037203931,0.1364978377530425,-0.008444504650969563,-0.0012722883365198666,0.6768742178861799,3.4969747162486122,1.361241595196463,55.096496566944445,55.09337792162406,55.09425881801537,55.09606305906694
644.0,22.656,-0.2817805512763607,0.2745680111799178,0.7064062801433932,0.13268614605473233,-0.01947019022256571,-0.03904747097498506,0.0013399841633208078,0.014162360985346834,-0.07791451281338962,-0.0014229183255215245,0.14081339912750676,-0.008959585060031713,-0.0010935892594533204,0.6757261806820936,3.492683650374365,1.3569987713366074,55.10960313947152,55.106406429307,55.1076719905508,55.10955138445104
645.0,22.688,-0.2773951296220937,0.2739207014149862,0.7050617120994294,0.13704442669584457,-0.020228430154112572,-0.04201775137387117,0.0009802525386034043,0.014182705188943857,-0.07795431763427799,-0.0012445124652489096,0.14514310828524052,-0.0093637385414303,-0.0009172351246613363,0.6745930971592857,3.488251434294428,1.3526169288842156,55.123873775773134,55.12063035158178,55.12225281382888,55.12418712865788
646.0,22.72,-0.2728696900090698,0.27325266476164334,0.7036273072282421,0.14141998790699592,-0.020876145416964444,-0.044825152224602746,0.000628343625248043,0.014182333176587982,-0.07798847094855679,-0.0010671740546191436,0.1494809261828099,-0.009658438185934018,-0.0007445967263252861,0.6734799249667304,3.483677939841501,1.3480955333828282,55.13925050005483,55.13599076017795,55.13794047998276,55.13990991054648
647.0,22.752,-0.26820388472373446,0.27256738017270743,0.7021086813663872,0.14580641516672904,-0.021415143404247116,-0.0474570581829661,0.0002869524742973145,0.014161035879590505,-0.07801703830037614,-0.0008923354357198694,0.1538206729086655,-0.009846024254170022,-0.0005769572705666775,0.6723915484464067,3.478963239623062,1.3434342506098933,55.15567041521108,55.15242358572003,55.1546693779525,55.15665469478293
648.0,22.784,-0.2633975762023515,0.2718682425118404,0.7005118312100641,0.1501971412932178,-0.021848051902095107,-0.04990156738509523,-4.1434473101460226e-05,0.014118797491227101,-0.07804012898028673,-0.0007213495814379555,0.15815608649184543,-0.009929647382730463,-0.0004155049463890198,0.6713327578545267,3.474107607490081,1.338632951229955,55.173065949941346,55.169859884231585,55.17236935863707,55.17435204580663
649.0,22.816,-0.25845083991596784,0.271158538100505,0.6988431098011457,0.1545855089494888,-0.02217826285423085,-0.05214754402869943,-0.0003545516944761625,0.014055787252125602,-0.07805789368133084,-0.0005554816820259055,0.16248087984722717,-0.009913207560753604,-0.00026132663238233317,0.6703082289022408,3.4691115171916227,1.3336917136036968,55.19136512660667,55.1882261252744,55.19096601885512,55.192928399988816
650.0,22.848,-0.25336396531311517,0.2704414221896848,0.6971092004188985,0.15896483133914596,-0.022409872213130837,-0.054184668195227055,-0.0006503644900467142,0.013972350031932378,-0.07807052185781382,-0.00039590183480847846,0.16678879550593553,-0.009801289523922035,-0.00011540275060719363,0.6693225026918679,3.463975639316392,1.3286108248043358,55.21049184898604,55.207444500672125,55.210381003222764,55.212306355199885
651.0,22.88,-0.2481374548908575,0.26971989846215105,0.6953170889729683,0.16332845069555182,-0.02254761648542989,-0.056003482685317664,-0.0009270764991546929,0.013868995835230968,-0.0780782388138387,-0.0002436788615902501,0.1710736578092333,-0.009599095213011655,2.1396733139322776e-05,0.6683799661249821,3.458700836632143,1.3233907799019768,55.23036620900274,55.227433252681166,55.2305323229873,55.23240497692994
652.0,22.912,-0.2427720214765959,0.26899680065154746,0.6934740350004603,0.16766979419567485,-0.02259680658136217,-0.05759543664087328,-0.0011831348650678684,0.013746388362818876,-0.07808130255224673,-9.977526568394017e-05,0.17532942227411233,-0.009312373940510644,0.00014831517509562297,0.6674848328589047,3.4532881579425148,1.3180322795853376,55.250904811401526,55.24810702038678,55.251334690782116,55.25314012003375
653.0,22.944,-0.23726858381388968,0.26827477634509017,0.6915875413770848,0.1719824269595693,-0.022563259576790347,-0.05895292573048627,-0.0014172331019170982,0.013605332761506002,-0.0780800004177198,3.495667151186918e-05,0.17955022186898778,-0.008947350901340741,0.00026471100866032885,0.6666411248881886,3.4477388305882326,1.312536226198687,55.272021115260074,55.26937720301116,55.272699870189584,55.274424765089904
654.0,22.976,-0.23162826055541105,0.2675562730173462,0.6896653228593187,0.17626010182745702,-0.022453228991999356,-0.06006932868019005,-0.0016283117342255908,0.013446762696635552,-0.07807464557037368,0.00015977766616928255,0.18373040996816342,-0.008510654652776029,0.0003700584222140285,0.66585265482751,3.4420542517256885,1.3069037182799064,55.293625791123944,55.29115233873411,55.29453703891882,55.29616936828448
655.0,23.008,-0.22585236277497506,0.2668435263234668,0.6877152735812576,0.1804968056386247,-0.02227333418373075,-0.0609390399394088,-0.0018155567950241182,0.013271726881566814,-0.07806557332815499,0.00027406310241016353,0.18786459978411943,-0.008009244174213295,0.00046394700206558445,0.6651230089718936,3.436235978520731,1.3011360436932458,55.31562709245521,55.31333849753576,55.31675316432281,55.31828222364363
656.0,23.04,-0.21994238511834582,0.2661385506615152,0.6857454336362359,0.1846868017696634,-0.022030489435987517,-0.06155749828192983,-0.0019783962828308225,0.013081375197435748,-0.07805313741769612,0.00037730363010705605,0.19194770010709036,-0.007450336099737467,0.0005460803910033479,0.6644555312093616,3.43028571739892,1.2952346714575256,55.337931239990056,55.33583968648692,55.339253389897735,55.34066983635729
657.0,23.072,-0.21389999571918092,0.26544313199524433,0.6837639548792912,0.1888246687239031,-0.021731833320964823,-0.0619212111545204,-0.0021164946907478717,0.01287694453467032,-0.07803770617395939,0.0004691047318967664,0.19597494721190145,-0.00684133269560328,0.0006162740199119692,0.663853307859826,3.4242053124956446,1.2892012423772,55.360442817505,55.35855826582757,55.36194143132623,55.36323730585161
658.0,23.104,-0.2077270250120131,0.2647588229109585,0.6817790660920712,0.19290533459899434,-0.0213846588839328,-0.06202777460062586,-0.0022297457325425167,0.012659744485008674,-0.07801965872901324,0.0005491853093569951,0.19994193282248676,-0.006189751130838883,0.0006744519758101253,0.6633191535123129,3.4179967334502876,1.2830375585897396,55.383065177401896,55.38139537409639,55.38471998054791,55.385888717187605
659.0,23.136,-0.20142545357856087,0.2640869398650306,0.679799037656742,0.19692410729538184,-0.02099634518524551,-0.06187588860403695,-0.0023182634007855463,0.012431143009194469,-0.07799938122963711,0.0006173753453748374,0.2038446280549993,-0.005503154562515728,0.0007206430744686298,0.6628555979303646,3.4116620626880687,1.27674557214817,55.40570085443625,55.404251360501334,55.40749111626718,55.408527539285714
660.0,23.168,-0.19499739916689068,0.26342856256235553,0.6778321458898041,0.20087670036469316,-0.0205742907085967,-0.06146536771680847,-0.0023823715008900936,0.012192552201149787,-0.07797726312218031,0.0006736127058388521,0.20767940329084836,-0.004789085527656518,0.0007549762095118984,0.662464874092684,3.405203482331363,1.2703273727621884,55.42825198583454,55.42702622265518,55.43015671923943,55.43105702840409
661.0,23.2,-0.18844510302501674,0.2627845353905933,0.6758866371903673,0.20475925443356052,-0.020125849117568952,-0.06079714685739904,-0.002422591812198359,0.011945414264284467,-0.07795369354124503,0.0007179391486691244,0.21144304396127406,-0.004055002101739577,0.0007776750526242465,0.6621489074327398,3.398623260879141,1.2637851748250466,55.45062073597539,55.449620047743466,55.45261889061511,55.45338063523123
662.0,23.232,-0.18177091569141707,0.2621554708206013,0.6739706921603467,0.20856835417498962,-0.019658267812250312,-0.059873282188146276,-0.0024396310331015066,0.01169118780975202,-0.07792905783638507,0.0007504956121854588,0.21513276225519357,-0.0033082172491882347,0.000789052181242647,0.6619093063371552,3.3919237397888398,1.2571213038562064,55.47270972374808,55.47193345514353,55.47478037156776,55.47540241389608
663.0,23.264,-0.1749772823846734,0.2615417546700585,0.6720923898561445,0.21230104083573978,-0.01917862970446207,-0.0586969470063175,-0.0024343666715308117,0.01143133457993924,-0.07790373426817436,0.0007715168576037588,0.2187462047918385,-0.002555841754402082,0.000789502710978307,0.6617473539582233,3.385107320089416,1.2503381824916184,55.494422450650156,55.49386803847721,55.49654496238808,55.49702743114752
664.0,23.296,-0.16806672813302298,0.2609435531150452,0.6702596723326547,0.21595482036407507,-0.018693798594166654,-0.05727242260905591,-0.0024078320450479453,0.011167306693346993,-0.07787809090177975,0.0007813255424005745,0.22228145632906784,-0.0018047310830255035,0.0007794975100581164,0.6616640013908809,3.378176449147724,1.2434383161542448,55.51566372764609,55.51532680505243,55.517817939191396,55.51816217391444
665.0,23.328,-0.16104184278206718,0.2603608213233371,0.6684803096408214,0.21952766721736858,-0.018210368490877826,-0.05560508411979118,-0.0023612005561940326,0.010900534499329196,-0.07785248272264766,0.0007803258023263399,0.22573703960696476,-0.001061436482243279,0.0007595760723847877,0.661659862258927,3.3711336077026943,1.2364242785371293,55.53634009878059,55.53621461063616,55.53850646636335,55.53871495342755
666.0,23.36,-0.15390526601524598,0.25979331357348256,0.6667618654394845,0.22301802396316217,-0.017734617182954184,-0.0537013812917791,-0.002295769408762954,0.010632415122974196,-0.07782724899517322,0.0007689964199192873,0.22911191145430918,-0.0003321605864931819,0.0007303391244816631,0.6617352087492343,3.3639812972732512,1.2292986970298607,55.556360259525114,55.55643858749911,55.55852000285632,55.55859630406409
667.0,23.392,-0.14665967251700573,0.25924059471541994,0.6651116633808404,0.2264247968200076,-0.017272464314457128,-0.05156881433262742,-0.002212942929281762,0.010364301771798085,-0.07780271088134069,0.0007478836568178251,0.23240545531241755,0.00037728224898872856,0.0006924410396878633,0.6618899691262176,3.3567220280365655,1.2220642382166516,55.57563546783347,55.575908563684116,55.577770700450365,55.57771937506825
668.0,23.424,-0.13930775740290816,0.25870205282151715,0.6635367544265232,0.22974734731554913,-0.01682943418446213,-0.049215904822413156,-0.0021142156552472306,0.01009749386694888,-0.07777916933238958,0.0007175938259480822,0.23561747035655595,0.0010615007093187183,0.0006465821305893543,0.6621237267519308,3.3493583072632043,1.2147235935705005,55.59407994589397,55.59453747147505,55.596173792104125,55.596000313304486
669.0,23.456,-0.1318522220343173,0.25817691287152134,0.6620438852480849,0.23298548026846433,-0.016410623437369112,-0.046652161826195956,-0.0020011553476480784,0.009833228052363136,-0.07775690326264802,0.0006787856776923481,0.23874815741929672,0.001715556244258041,0.0005935008878897364,0.6624357206299295,3.34189262838522,1.2072794654629935,55.611611270589826,55.612241743080524,55.61364796854736,55.61335863521588
670.0,23.488,-0.12429576032782687,0.2576642513110224,0.6606394678615329,0.23613942832782547,-0.016020673765592186,-0.04388804332974834,-0.0018753860800512056,0.00957267012585703,-0.07773616801085598,0.0006321626718762077,0.24179810194261733,0.002334987670333046,0.0005339662308115611,0.6628248474835099,3.334327460762266,1.1997345536033102,55.62815075071811,55.62894169159738,55.63011574130302,55.629717586188015
671.0,23.52,-0.11664104566133432,0.2571630113206795,0.6593295506405857,0.23920983332789192,-0.01566374969821578,-0.040934913154599926,-0.0017385715501299305,0.009316907926545175,-0.07771719409063864,0.0005784652045413677,0.2447682542059459,0.0029158306119011906,0.00046876983073991236,0.6632896653711865,3.3266652401996692,1.1920915420129514,55.64362378906818,55.644561875382514,55.64550379037734,55.64500448555821
672.0,23.552,-0.1088907184697177,0.2566720186326359,0.6581197908474761,0.24219772473801893,-0.015343521501362173,-0.03780499353467703,-0.0015923987520357111,0.009066945203360356,-0.0777001862283403,0.0005184628553057972,0.24765990709546945,0.003454631788405018,0.0003987185662289949,0.6638283988343655,3.3189083602611267,1.1843530866347183,55.65796022752517,55.65903144403652,55.65974329491663,55.6591510555616
673.0,23.584,-0.10104737461352307,0.2561899977312389,0.6570154288134892,0.24510449550608202,-0.015063153168655752,-0.03451131356209042,-0.0014385621395625475,0.008823696479870184,-0.07768532268323741,0.0004529467176962069,0.2504746716956403,0.003948458200417055,0.0003246271637382725,0.6644389455641702,3.3110591644075003,1.1765218036655778,55.67109467344018,55.67228446429026,55.67277024520257,55.67209373256833
674.0,23.616,-0.09311355459402446,0.25571558827736296,0.6560212638940228,0.24793187560933164,-0.014825295433623292,-0.031067653733323597,-0.0012787484007108362,0.00858798292114256,-0.07767275484225249,0.0003827218710831557,0.25321445099667295,0.004394901311412474,0.00024731107458555724,0.6651188845663542,3.303119938982225,1.16860025869343,55.68296680559652,55.68426022418298,55.684525734440186,55.68377395903971
675.0,23.648,-0.08509173367758341,0.2552473615992558,0.6551416323148432,0.2506819036387825,-0.014632083690848176,-0.027488486849362007,-0.0011146219541477112,0.00836052919919298,-0.07766260707871628,0.00030860004896599567,0.2558814120217784,0.004792076364875539,0.00016757963463505108,0.6658654857952585,3.2950929070532196,1.1605909567074926,55.693521658200815,55.69490351402873,55.69495622888612,55.694138454715535
676.0,23.68,-0.07698431298152052,0.254783837097831,0.6543803870174381,0.25335689675196515,-0.014485140669526208,-0.023788915543911777,-0.0009478112672743246,0.008141961344630166,-0.07765497686248572,0.00023139255434857217,0.25847795668474277,0.0051386170170796795,8.622954919339786e-05,0.666675721219892,3.286980223111087,1.1524963330412354,55.70270988143579,55.70416488278456,55.704013814965926,55.70313946563778
677.0,23.712,-0.06879361156283091,0.25432349842063817,0.6537408796019936,0.2559594193340499,-0.014385583662275188,-0.019984606732640475,-0.0007798960842835393,0.007932805563583806,-0.07764993510683266,0.00015190346879790834,0.26100669169212387,0.005433665504211531,4.038741494785669e-06,0.6675462772775113,3.2787839686139133,1.1443187452956358,55.710487977230066,55.712000868559834,55.7116564221401,55.71073498971955
678.0,23.744,-0.060521859540143226,0.25386480926626487,0.6532259444566112,0.25849225070898996,-0.01433403607416574,-0.016091723293198953,-0.0006123956408322691,0.00773348799093449,-0.07764752673597007,7.092319749826695e-05,0.26347039780477277,0.005676858597948243,-7.823940097397841e-05,0.6684735686625953,3.270506148360223,1.1360604662791316,55.71681850902602,55.718374202137745,55.7178480203954,55.71688897767758
679.0,23.776,-0.05217119226845105,0.25340622868955465,0.652837885150982,0.2609583522403802,-0.014330643022194405,-0.012126853300913749,-0.000446757929890058,0.0075443353433324485,-0.07764777145586746,-1.0777611625285678e-05,0.2658719987705013,0.005868309635945946,-0.00015988135222090027,0.6694537533919105,3.262148687663745,1.1277236779892028,55.721670284460075,55.72325398251908,55.72255879136246,55.72157150826584
680.0,23.808,-0.04374364557544835,0.25294622578765363,0.6525784631619376,0.2633608341563341,-0.014375090684406651,-0.008106937157636988,-0.00028435007108877067,0.007365576428559522,-0.07765066471011192,-9.245374092779543e-05,0.26821453023363534,0.0060085869423983345,-0.00024019831966427813,0.6704827490794942,3.253713430296654,1.1193104666491271,55.72501851000886,55.72661582364176,55.72576527218974,55.72475893687177
681.0,23.84,-0.03524115205788414,0.25248329365738925,0.652448888987139,0.26570292242388144,-0.01446662907076192,-0.004049192962454064,-0.00012644982359851596,0.007197344461514044,-0.07765617880197716,-0.0001733906389300854,0.270501108917925,0.006098688978725087,-0.00031854064050930713,0.6715562503488917,3.2452021371619635,1.1108228188022982,55.72684491679944,55.72844197157706,55.7274504714381,55.72643401666679
682.0,23.872,-0.026665538426319385,0.25201596252571284,0.652449815691737,0.26798792598639837,-0.014604097864887715,2.8959518685867076e-05,2.5761729664692782e-05,0.007039680131524699,-0.07766426416353991,-0.0002529091939629692,0.27273490236700926,0.006140016585293295,-0.0003943016850886438,0.6726697473039094,3.236616485650731,1.1022626184556943,55.7271378569293,55.72872139165469,55.72760395639838,55.72658599163749
683.0,23.904,-0.01801852387711727,0.2515428119667539,0.652581334921187,0.2702192046625659,-0.014785954967467735,0.004109975920311978,0.00017120631072721124,0.006892535360878509,-0.07767485075260687,-0.0003303700249657527,0.2749190995115216,0.006134342691494966,-0.00046692125388068934,0.673818544973526,3.2279580696358545,1.0936316452537982,55.72589236979426,55.72744982512054,55.72622191137382,55.72521066096319
684.0,23.936,-0.009301719461514951,0.2510624821312979,0.652842975401616,0.2724001379875722,-0.015010307357999478,0.008176265013405674,0.00030891338409366054,0.006755777690390928,-0.07768784955835863,-0.0004051772732208061,0.27705688231419884,0.006083779883648581,-0.0005358884591159157,0.6749977836414707,3.2192284000513167,1.084931573654562,55.72311021807486,55.72462981508507,55.723307166612905,55.722310414346275
685.0,23.968,-0.0005166284132905614,0.2505736839270588,0.6532337039372591,0.27453409525701195,-0.015274943882471317,0.012210266738848358,0.00043802391039155907,0.006629195224588627,-0.07770315419694192,-0.00047678188300700667,0.2791513987243212,0.005990746227631495,-0.0006007440860642505,0.6762024599663549,3.210428906003896,1.07616397307005,55.71879989318628,55.72027070167366,55.71886919772046,55.7178942380453
686.0,24.0,0.008335352611076636,0.25007520810082606,0.6537519289026043,0.27662440701147467,-0.015577369569773333,0.016194530167035884,0.0005577929341713662,0.006512502066621342,-0.0777206425787257,-0.0005446843636072617,0.2812057371507069,0.005857929746243513,-0.0006610824332344472,0.6774274487941672,3.2015609363635456,1.067330308926238,55.712976590152266,55.71438858644275,55.71292409551913,55.71197769150716
687.0,24.032,0.017252931432693575,0.2495659331862775,0.6543955062150402,0.27867433817552906,-0.015914841079642236,0.02011179101362238,0.0006675910340819871,0.006405344171358579,-0.07774017862955121,-0.0006084370293558304,0.2832229026387278,0.005688251949779573,-0.0007165526347937766,0.678667525561406,3.1926257617786895,1.0584319445891566,55.705662152015286,55.707006266276416,55.70549450647632,55.70458285463693
688.0,24.064,0.02623491744994208,0.24904483229382016,0.6551617477620837,0.2806870630390155,-0.016284402889292317,0.023945048345110055,0.0007669046731151307,0.006307305544266383,-0.07776161404901585,-0.0006676457184530968,0.2852057949116754,0.0054848308124869,-0.0007668594725184913,0.6799173891841733,3.1836245770637044,1.0494701440982623,55.696884984048715,55.69815313712633,55.69660954395297,55.6957382458916
689.0,24.096,0.035280218001675,0.2485109787311152,0.6560474322457094,0.2826656422416536,-0.016682923834530197,0.027677640113302874,0.0008553354953162796,0.006217914713559665,-0.07778479008962719,-0.000721970995630039,0.28715718841072485,0.0052509435775723486,-0.0008117636884659967,0.6811716853261757,3.1745585039075674,1.040446075642547,55.686679938185435,55.68786506810302,55.68630467067099,55.68547871152474
690.0,24.128,0.044387834062292866,0.2479635504548344,0.6570488183949916,0.284613001894308,-0.01710713363377475,0.03129331716507017,0.0009325986232248622,0.006136651403770296,-0.077809539341507,-0.0007711288474531587,0.28907971444104424,0.004989989759507339,-0.0008510818133129371,0.6824250299367923,3.1654285938551623,1.0313608157105794,55.67508816822263,55.676184246566535,55.67462155293211,55.67384528645165
691.0,24.16,0.05355685534044399,0.24740183336556215,0.6581616604872463,0.28653191494222247,-0.01755365903975766,0.034776315382959555,0.0009985200172947573,0.0060629533402172565,-0.0778356875082171,-0.0008148908831258866,0.29097584550468975,0.004705454694800156,-0.0008846855288739463,0.6836720329491823,3.156235831515708,1.0222153538423417,55.662156956505754,55.66315899500144,55.661607887255016,55.66088502734232
692.0,24.192,0.06278645485556356,0.24682522346849395,0.6593812261071826,0.2884249848474861,-0.018019059283381333,0.03811142562300942,0.0010530329646030287,0.005996223115865095,-0.07786305516018815,-0.0008530840571851495,0.29284788187415517,0.0044008739715410625,-0.0009125005866895519,0.684907322027799,3.146981137956354,1.0130105979084043,55.64793951292999,55.64884356059084,55.647317200226816,55.64665081868397
693.0,24.224,0.07207588306805329,0.24623322793259356,0.6607023160633037,0.290294631640304,-0.018499860496887215,0.04128406112878163,0.0010961737692743207,0.005935835054666641,-0.07789145945315898,-0.0008855899340105046,0.2946979404341796,0.004079799044247528,-0.000934505307704686,0.6861255662546781,3.1376653742428022,1.003747379840648,55.632494747230396,55.633297878528595,55.631808622488705,55.63120115268529
694.0,24.256,0.08142446163962536,0.24562546509007444,0.6621192863709727,0.29214308036162673,-0.018992588828722536,0.04428032211465853,0.0011280767212023392,0.005881142008637256,-0.07792071579996357,-0.000912343517281133,0.2965279457939749,0.003745764314260318,-0.0009507286909226891,0.6873214996444469,3.1282893450929543,0.994426461738342,55.615887015656185,55.616587310227914,55.615146637896785,55.61459988401961
695.0,24.288,0.09083157690022355,0.24500166342639876,0.663626072202237,0.29397235189369314,-0.019493801989864893,0.047087057227009024,0.0011489684228429798,0.005831482029553344,-0.07795063948493033,-0.0009333316704853188,0.29833962364774597,0.003402255927591573,-0.0009612481614857059,0.6884899443791536,3.1188538026137835,0.9850485422738797,55.598185843243634,55.598782357693544,55.59740080900966,55.59691596052375
696.0,24.32,0.10029667309703333,0.244361659618387,0.6652162136937235,0.29578425615030546,-0.020000119000367755,0.04969192160895332,0.0011591615561028382,0.0057861848602264255,-0.077981047211085,-0.0009485911573365197,0.3001344963384833,0.003052682512210605,-0.0009661869908631826,0.6896258336557457,3.109359450095858,0.9756142633238045,55.579465623013114,55.57995835543027,55.57864548016486,55.578223131081806
697.0,24.352,0.10981924549944874,0.24370539568446115,0.6668828834957264,0.2975803875754814,-0.020508247935182595,0.05208343131259114,0.0011590481726601002,0.0057445781947292555,-0.07801175857126132,-0.000958206333182037,0.30191388055879026,0.0027003480456223965,-0.0009657114237203112,0.6907242340412937,3.0998069458440654,0.9661242167528382,55.55980529351952,55.56019514135349,55.55895945950225,55.55859963203042
698.0,24.384,0.11939883343153553,0.24303291531648386,0.6686189159380306,0.2993621228777117,-0.021015011499290314,0.05425101382200421,0.0011490925914819992,0.005705993661647474,-0.07804259743513815,-0.0009623065206667926,0.3036788871031453,0.0023484270118601935,-0.0009600275475439928,0.6917803672338614,3.0901969070269844,0.9565789512814001,55.53928799627923,55.53957670825733,55.53842568138931,55.53812785351873
699.0,24.416,0.12903501330057784,0.24234435946709082,0.6704168376810983,0.3011306209075722,-0.02151737029353234,0.05618505447086553,0.0011298239868655466,0.005669772489365931,-0.07807339324512344,-0.0009610631045124245,0.305430422568654,0.0019999419749865584,-0.0009493779422324321,0.6927896311302429,3.0805299135309556,0.9469789793704858,55.518000714685265,55.5181908374716,55.51713085078482,55.51689398734937
700.0,24.448,0.13872739168678822,0.24163996126984988,0.6722688997150078,0.30288682456907384,-0.02201244366377938,0.05787693855967275,0.0011018287490949714,0.005635270817470491,-0.07810398221490476,-0.0009546863815244985,0.3071691928861708,0.0016577436643802623,-0.0009340381475835906,0.6937476201055818,3.070806511808151,0.937324784061675,55.49603389609716,55.49612871641082,55.49516507115588,55.49498765790645
701.0,24.48,0.148475598555267,0.24092004037203213,0.6741671105630043,0.30463146463996216,-0.022497528056804654,0.059319088999889386,0.0010657426978210763,0.005601864623517435,-0.07813420842538259,-0.0009434222029671689,0.30889570855072085,0.0013244936358935457,-0.0009143129869471383,0.6946501444141525,3.061027218710703,0.9276168257143852,55.47348105886239,55.47348454177758,55.472621457631476,55.472501537852196
702.0,24.512,0.15827928064689178,0.24018499676127641,0.6761032705417188,0.30636506536327385,-0.02297011283611606,0.06050499933482953,0.0010222432255974458,0.005568954239616099,-0.07816392481359274,-0.0009275484468603748,0.3106102914094814,0.0010026495427263478,-0.0008905327852420818,0.6954932486252707,3.0511925253052796,0.9178555485871865,55.45043838608287,55.45035511023409,55.449595737133684,55.44953095033599
703.0,24.544,0.16813809510007147,0.23943530416800674,0.6780690069260505,0.30808795166186476,-0.023427893539677468,0.06142926201036647,0.0009720414457174831,0.005535968438432467,-0.07819299405111542,-0.0009073713579458195,0.3123130828572008,0.000694453020960422,-0.0008630495190893593,0.6962732290133851,3.0413029006642236,0.9080413872149725,55.42700430799016,55.426839398398556,55.426185837280386,55.42617345951656
704.0,24.576,0.1780517033502906,0.23867150312517066,0.6800558098633918,0.3098002578193479,-0.023868782588627367,0.062087591791912894,0.0009158744146525414,0.0055023680732964346,-0.07822128930935397,-0.0008832217928136136,0.31400405328282616,0.000401920167417396,-0.0008322329359864598,0.696986649826847,3.031358795630611,0.8981747725389572,55.40327907483088,55.40303813405406,55.402491465892,55.40252845124151
705.0,24.608,0.18801976534916506,0.23789419376576143,0.6820550688793211,0.31150193746482646,-0.024290917481538367,0.06247684424779196,0.000854497495082336,0.005467649262037035,-0.07824869490995112,-0.0008554514070908524,0.31568301260715526,0.0001268345620964971,-0.00079846667827356,0.6976303583656257,3.0213606465552325,0.8882561377517724,55.37936432219353,55.37905336048211,55.37861368296863,55.37869670576479
706.0,24.64,0.19804193413940546,0.2371040284367306,0.6840581098150852,0.31319277469501217,-0.02469266653221372,0.06259502924262772,0.0007886769207844335,0.005431346108928123,-0.07827510685948436,-0.0008244288206044209,0.3173496217495337,-0.00012925723584252674,-0.0007621444461429148,0.6982014988042877,3.01130887900361,0.8782859238252988,55.35536263072728,55.35498799584635,55.354654467025846,55.35477996440894
707.0,24.672,0.208117850816703,0.2363017042053588,0.6860562320361366,0.3148723961655479,-0.025072632230368846,0.06244131940785763,0.0007191826196071347,0.0053930329636649055,-0.07830043326845114,-0.0007905357951584207,0.31900340486173495,-0.00036504781064883654,-0.0007236662321415036,0.6986975247028568,3.001203911430751,0.8682645846942189,55.331377082211986,55.33094538955662,55.33071627769061,55.330880492093925
708.0,24.704,0.21824713990418004,0.23548795533100308,0.6880407457506826,0.3165402839836572,-0.025429652323615663,0.062016053579562413,0.0006467813454478879,0.005352326220580978,-0.07832459465540699,-0.0007541634580009675,0.3206437621692016,-0.0005794687418465803,-0.0006834346575564698,0.6991162101546676,2.991046158820456,0.8581925920735751,55.30751081394004,55.307028877539196,55.306901616462966,55.30710063766203
709.0,24.736,0.2284294051597412,0.23466354577145443,0.6900030092776085,0.3181957892362857,-0.025762798735895463,0.06132073521643294,0.00057223016467169,0.005308885665310255,-0.0783475241379544,-0.0007157086021834445,0.32226998326345774,-0.0007716883123317121,-0.0006418514387829533,0.6994556595269813,2.9808360362846336,0.8480704398938065,55.28386657335979,55.28334133832679,55.28331258754514,55.283542393924535
710.0,24.768,0.2386642258314759,0.23382926178899424,0.6919344661042625,0.3198381459917091,-0.026071374451880843,0.06035802583293637,0.0004962703368034774,0.005262415379803711,-0.07836916751309121,-0.0006755700929079948,0.3238812606947187,-0.0009411072133488525,-0.0005993140092936749,0.6997143157569076,2.970573962616401,0.8378986483417649,55.260546274913736,55.259984751859506,55.26005046062481,55.260306959344575
711.0,24.8,0.2489511533712472,0.23298590471671152,0.6938266815763892,0.32146648561785324,-0.026354908508835113,0.059131733503959366,0.0004196216236755531,0.0052126642199783945,-0.07838948323020425,-0.0006341454066835681,0.32547670372021986,-0.0010873523982052602,-0.0005562123202048242,0.6998909671720187,2.9602603637887075,0.8276777675010711,55.23765056097641,55.237059762859566,55.2372152374782,55.23749430324913
712.0,24.832,0.2592897086117978,0.23213428394080643,0.6956713790649643,0.3230798512672053,-0.026613149247033962,0.05764679651797453,0.0003429770555633048,0.005159425883316062,-0.07840844226074167,-0.0005918273277095294,0.3270553520714454,-0.0012102692453381525,-0.0005129258396848579,0.6999847528119203,2.949895676387979,0.8174083805897944,55.2152783687623,55.214665250604554,55.21490522422782,55.21520273643347
713.0,24.864,0.2696793794081481,0.23127521014953606,0.6974604754577788,0.3246772123859477,-0.026846055977199055,0.05590926227545113,0.00026699817726787687,0.005102538586425667,-0.07842602786928965,-0.0005490008231870953,0.328616189612015,-0.001309912197764232,-0.00046982076865220154,0.6999951662339134,2.93948035096988,0.8070911067978483,55.193526505031556,55.19289790688086,55.193216611052364,55.193528488984924
714.0,24.896,0.2801196187397864,0.23040948889422333,0.699186115827312,0.3262574791136963,-0.02705378922852276,0.0539262615479145,0.00019231079163905792,0.005041884374930022,-0.07844223529143177,-0.0005060401167455768,0.33015815776735946,-0.00138653405006689,-0.00042724748735773475,0.6999220577926983,2.9290148553218374,0.7967266037306382,55.17248923037031,55.171851823846616,55.17224306110007,55.17256529710621
715.0,24.928,0.2906098432661781,0.22953791450241773,0.7008407071307028,0.32781951644974033,-0.027236699743925032,0.05170597823096058,0.00011950121273227653,0.004977388090043504,-0.07845707132436035,-0.0004633059763332871,0.3316801686172519,-0.0014405740560879156,-0.00038553824460930974,0.6997656353908102,2.918499677614523,0.7863155694693836,55.15225785476654,55.15161809347729,55.15207531030537,55.15240400066772
716.0,24.96,0.3011494323244749,0.2286612643779279,0.7024169508024134,0.3293621580717738,-0.02739531639030753,0.04925761474095648,4.911303569706121e-05,0.0049090160178707765,-0.07847055383673619,-0.00042114323023801075,0.33318111755257523,-0.0014726450305325711,-0.0003450050985965014,0.6995264637030875,2.9079353294221697,0.7758587442621669,55.132920346137844,55.13228442020341,55.13280077975019,55.133132153158066
717.0,24.992,0.31173772735499294,0.2277802937170998,0.7039078741054824,0.33088421970368903,-0.027530333150877957,0.04659135322090595,-1.8355574364862545e-05,0.0048367742487895595,-0.07848271120475693,-0.0003798785221526272,0.3346598954083226,-0.0014835196158999274,-0.0003059381155379292,0.6992054618849433,2.897322348589474,0.7653569118631235,55.114560953400584,55.11393474828181,55.11450320214635,55.11483364563867
718.0,25.024,0.3223740317370654,0.2268957306654413,0.7053068601130095,0.33238451193976437,-0.027642595364327723,0.04371831273522124,-8.245407692565685e-05,0.004760706775289622,-0.078493581681785,-0.0003398183135501355,0.3361153999954459,-0.0014741158827606855,-0.0002686038297371435,0.6988038997804877,2.8866613019209573,0.7548109005402964,55.097259845593435,55.0966489053686,55.0972622639464,55.09758834623599
719.0,25.056,0.3330576110152592,0.22600827193354114,0.7066076761976968,0.33386185244355593,-0.02773308537187995,0.04065050264647967,-0.00014278124059291205,0.00468089335735169,-0.0785032127092001,-0.00030124713900786667,0.33754654696483316,-0.0014454824265463587,-0.00023324396611976438,0.698323392652636,2.875952787667184,0.7442215837755538,55.081092768493065,55.0805022636855,55.081153264515805,55.08147175663183
720.0,25.088,0.34378769349368066,0.22511857888623962,0.7078045009138376,0.3353150774506698,-0.0278029077281725,0.03740077237939992,-0.00019898632834658387,0.004597447184854005,-0.07851166017638105,-0.000264426117607832,0.3389522799471057,-0.0013987831179037014,-0.00020007442395085783,0.6977658944631812,2.8651974377811236,0.7335898806826088,55.06613072007369,55.065565420089314,55.06624679372045,55.06655468693019
721.0,25.12,0.35456347117417214,0.2242272741142137,0.7088919491630619,0.3367430525153585,-0.027853274125810127,0.03398275778825757,-0.0002507697977519569,0.0045105123666428415,-0.07851898763788316,-0.00022959172120741575,0.3403315799221,-0.001335281656518833,-0.0001692845182154096,0.6971336897364219,2.854395919917356,0.7229167561716247,55.05243964607939,55.05190389627113,55.05260842920099,55.05290295019728
722.0,25.152,0.3653841010126171,0.22333493849257177,0.7098650955423893,0.3381446824514044,-0.027885488176310178,0.03041082435398243,-0.0002978835337768999,0.004420261275781453,-0.07852526549595841,-0.00019695479808105784,0.3416834737817088,-0.0012563260702423869,-0.000141036473106379,0.6964293840452765,2.843548939146717,0.7122032208911521,55.04008015688725,55.03957786022446,55.04029845452069,55.040577077883576
723.0,25.184,0.37624870646630976,0.22244210872673711,0.7107194957806651,0.3395189204278955,-0.027900930182333018,0.026700007446117644,-0.0003401306348226588,0.004326891780140079,-0.07853057015657222,-0.0001666998483374263,0.3430070420590945,-0.0011633332926157779,-0.0001154651602023965,0.6956558931638905,2.8326572393594955,0.7014503309802613,55.02910726674838,55.02864187003274,55.02937159928371,55.0296320572468
724.0,25.216,0.3871563793043974,0.22154927538185315,0.7114512061772306,0.34086477619023825,-0.02790104202762386,0.02286594989267183,-0.00037736477522050426,0.004230624386921955,-0.0785349831670016,-0.00013898454565064818,0.344301425806142,-0.001057773942609648,-9.267807224447587e-05,0.6948164309355326,2.821721604331351,0.6906591876657249,55.019570156401215,55.019144640935465,55.01987680223132,55.02011709180344
725.0,25.248,0.398106181652749,0.22065688138818385,0.7120568009646887,0.3421813233859883,-0.02788731230216575,0.0189248371080669,-0.00040948916974327816,0.00413169932895082,-0.07853859034295829,-0.00011393949803156352,0.34556583260930945,-0.0009411574207152107,-7.275552194008771e-05,0.6939144959090848,2.810742858427829,0.6798309367410358,55.011511959955136,55.011128836539406,55.01185699822985,55.012075385741205
726.0,25.28,0.40909714824423044,0.21976532101151752,0.7125333875258176,0.3434677059837938,-0.02786126177082256,0.014893330035278804,-0.0004364551676448236,0.004030373619603155,-0.07854148089297124,-9.166823879238432e-05,0.3467995417417632,-0.000815017425650183,-5.575105393054724e-05,0.6929538568016442,2.7997218669256503,0.6689667679659264,55.00496957684658,55.00463088494823,55.00534892997044,55.00554395312935
727.0,25.312,0.4201282888452504,0.2188749392744196,0.7128786194030601,0.34472314378187313,-0.02782442928431041,0.01078849616382645,-0.0004582605053672537,0.003926918102166844,-0.0785437465474912,-7.224743747390975e-05,0.34800190845679485,-0.0006808979859323702,-4.169205695366273e-05,0.6919385368486896,2.788659535931847,0.6580679144269531,54.999973509573266,54.99968082048878,55.000382985105105,55.00055345266752
728.0,25.344,0.43119859082956874,0.21798603181132148,0.7130907070475261,0.3459469370099482,-0.027778358221815905,0.006627738889562745,-0.0004749472483695645,0.0038216145181672804,-0.07854548069984967,-5.572731925668943e-05,0.3491723674339988,-0.0005403400905794088,-3.058056231182438e-05,0.6908727971069063,2.777556811885338,0.6471356519016794,54.99654772781201,54.99630215161681,54.99698305944694,54.99712804861435
729.0,25.376,0.4423070218707065,0.21709884513787772,0.7131684262630825,0.34713847003555387,-0.02772458354511739,0.0024287254861386754,-0.00048659945352938564,0.0037147526178448694,-0.0785467775658242,-4.213228035244706e-05,0.35031043539566536,-0.00039486899333720724,-2.239421400698216e-05,0.6897611187781295,2.766414680629526,0.6361712982710821,54.994709559429495,54.99451175548968,54.995166446765154,54.9952852984396
730.0,25.408,0.4534525327248458,0.21621357731276944,0.7131111243098414,0.34829721419185405,-0.0276646195346338,-0.0017906860387863195,-0.0004933405842750247,0.0036066273344993053,-0.07854773136813364,-3.146168595633224e-05,0.35141571291605617,-0.00024598225511933067,-1.7087395325213192e-05,0.6886081846259554,2.7552341660490702,0.6251762130270971,54.99446960879484,54.99431979959713,54.99494375560847,54.99503606764366
731.0,25.44,0.46463406007684155,0.21533037896817295,0.7129187236401725,0.3494227297498664,-0.02759994826864035,-0.006012520927151788,-0.0004953307110231671,0.003497536042873508,-0.07854843555171952,-2.369083658174235e-05,0.35248788545102616,-9.513857993683622e-05,-1.4592496230844686e-05,0.6874188595593913,2.7440163282689403,0.6141517969247929,54.995831702704336,54.995729690745534,54.99631885349143,54.996384472088835
732.0,25.472,0.47585052942286066,0.21444935468343973,0.7125917232492477,0.35051466706309686,-0.027532008897913015,-0.010218762216400437,-0.0004927635296527617,0.0033877759201318223,-0.07854898203517452,-1.8772088160496924e-05,0.3535267236196193,5.625250950921229e-05,-1.4821305647738646e-05,0.6861981704604803,2.7327622614192055,0.6030994918315948,54.99879286413079,54.99873805159436,54.99928883868125,54.99932784808763
733.0,25.504,0.4871008579642076,0.21357056467514088,0.712131197631047,0.35157276691709166,-0.0274621877593391,-0.014391425568770199,-0.00048586323064431014,0.003277641426310457,-0.07854946050315031,-1.6636110670395233e-05,0.35453208277288184,0.00020684011917405237,-1.7666512568370594e-05,0.684951285335149,2.7214730909746643,0.5920207808294018,55.00334331390985,55.00333472484806,55.00384403972346,55.00385675039284
734.0,25.536,0.4983839574880618,0.21269402677550267,0.711538793339709,0.35259686012044344,-0.02739180936369397,-0.018512634104312486,-0.00047488125117705764,0.003167421919409557,-0.07854995774403672,-1.7193269921279466e-05,0.3555039018883259,0.0003553405248814673,-2.300329990691241e-05,0.6836834918685964,2.7101499706842476,0.5809171886294547,55.009466500378416,55.00950280511068,55.009968042747424,55.00995497813509
735.0,25.568,0.5096987372121333,0.21181971867039218,0.7108167231650699,0.35358686637723474,-0.02732212828470291,-0.022564692957471856,-0.0004600929419191439,0.0030573994185562987,-0.07855055703664572,-2.0335116855887215e-05,0.3564422018311359,0.0005005447863257115,-3.0691015109188255e-05,0.6824001754683771,2.698794079111106,0.5697902823645831,55.01713915688139,55.01721869831449,55.01763774649407,55.01759962865399
736.0,25.6,0.5210441065716186,0.2109475803673883,0.7099677579401978,0.35454279248391435,-0.027254321968870805,-0.02653016327725311,-0.0004417941794833192,0.002947846526911632,-0.07855133758907276,-2.5935968740561464e-05,0.35734708302549534,0.0006413254202903215,-4.057490172273692e-05,0.6811067968799436,2.6874066158102634,0.5586416728291494,55.026331386965836,55.02645220853893,55.026823444910576,55.02676117906941
737.0,25.632,0.5324189779282916,0.21007751686408466,0.7089952160076617,0.35546472989603195,-0.027189484478239132,-0.03039193539175475,-0.0004202979545688223,0.002839024524236778,-0.07855237403234162,-3.385456657771551e-05,0.3582187225811729,0.0007766421266393944,-5.248787641987939e-05,0.6798088694607964,2.675988797176595,0.5474730162438473,55.03700677698324,55.037166651941085,55.03748893705923,55.037403595340756
738.0,25.664,0.5438222691830924,0.20920940098660337,0.7079029503801787,0.35635285171252384,-0.027128621171290123,-0.034133300858843446,-0.0003959309646876151,0.00273118163728823,-0.07855373597088187,-4.3935793347406146e-05,0.35905737092215667,0.0009055465673622476,-6.625233632834015e-05,0.678511936200564,2.664541852001605,0.5362860166307196,55.049122535725424,55.049318997423775,55.04959166399005,55.049484468463625
739.0,25.696,0.5552529062751472,0.2083430763683415,0.7066953336401258,0.3572074091267131,-0.0270726443206831,-0.0377380231266523,-0.0003690302390897466,0.002624551494475162,-0.07855548759133586,-5.601243776178331e-05,0.3598633479650484,0.0010271862052064346,-8.168198196597807e-05,0.677221546575291,2.653067016782843,0.5250824288936887,55.06262966062064,55.06286003357358,55.06308287213012,55.062955177354006
740.0,25.728,0.5667098255517773,0.20747836053921234,0.7053772406311725,0.3580287273946891,-0.02702236966028654,-0.04119040652979241,-0.0003399398220794692,0.00251935176951091,-0.07855768733065706,-6.990698867690958e-05,0.36063703889592186,0.0011408072143777696,-9.858364157593335e-05,0.6759432333249613,2.641565530834818,0.5138640627118607,55.07747312992348,55.077734561306535,55.07790780264559,55.07776107787412
741.0,25.76,0.5781919759957024,0.20661504809607198,0.7039540290039688,0.35881720137265866,-0.02697851384813631,-0.044475363350115996,-0.0003090075393630956,0.002415783017120985,-0.07856038760394007,-8.543344555492686e-05,0.32977803611747236,-0.0060968540563105765,-0.00011675908322144879,0.6746824892438167,2.630038631254716,0.5026327873673693,56.64346642305657,52.60575935598522,53.54413160331446,57.58196397293647
742.0,25.792,0.5896983144932723,0.20575291359427256,0.7024287206466171,0.3595730780490584,-0.026941703181231912,-0.04766588616723906,-0.0002762244301087217,-0.013031690398209374,-0.07855913289167182,-0.00010204798448026334,0.28943356754760724,-0.01594281686493923,-0.00014230871947299993,0.6734411261234446,2.6184875314518123,0.49139054442074037,55.882863765933465,53.77123654994213,54.33908104314776,56.450869302079056
743.0,25.824,0.6010755253356183,0.20490370284840045,0.700813418474061,0.3555378388233121,-0.0265378358085032,-0.050478192892378745,0.004303258630456805,-0.04536460341314745,-0.07872256942438982,-0.003071238926689726,0.2411950275485872,-0.027004989947800328,6.1030147239310435e-05,0.6722324842554583,2.6070662610239763,0.48028776735676143,55.66517114942971,54.13139566394014,54.60045448503273,56.12170089422658
744.0,25.856,0.6119990372272602,0.20404728373655945,0.6991035412243831,0.3413597466138116,-0.026763097245031408,-0.053433664052433084,0.01260943778062748,-0.08991098335737016,-0.07919986995573484,-0.003111050473378884,0.18113394897397572,-0.04043928473866751,0.0007266652433619041,0.6710467209378677,2.5960969351960355,0.46964833196066064,55.62955427331,54.20352777307345,54.675690609187306,56.086366246556885
745.0,25.888,0.6220204698701365,0.20313637810992427,0.6972750184120632,0.3131697700898825,-0.028465800832349283,-0.057141337884997846,0.024729854400255213,-0.1457920377144638,-0.0803357805402276,-0.002649574081087935,0.10790414424177117,-0.0568518183295523,0.0023821259398788316,0.6698499659213268,2.5860228676699455,0.4599219786972925,55.522588011517115,54.387546412348144,54.8225460111109,55.937460810196015
746.0,25.92,0.6305782437816903,0.20209588221565722,0.6952662102584978,0.267430434736055,-0.03251549669584534,-0.06277525479891904,0.04050145970745552,-0.21064632268534852,-0.08252109699026719,-0.0010956286987941141,0.021843414634346227,-0.07656824353927509,0.005639855644075177,0.6685638203763884,2.577397947189326,0.4516740094883929,55.32563513628521,54.719984469169425,55.05721957141184,55.63592830115615
747.0,25.952,0.6370249095841142,0.20082454524779522,0.6929627517115375,0.20145830632574743,-0.039729280245687365,-0.07198307959250728,0.0593294170616387,-0.2801890359288909,-0.0860329358810807,0.0020871008413803002,-0.07459866188458493,-0.09953984657967668,0.010971353048238817,0.66705110021581,2.5708597286891206,0.4455581712317656,55.03974686516271,55.2198376236948,55.376202098059736,55.1605743307002
748.0,25.984,0.6406747369661273,0.19920021336054713,0.6901918764281637,0.11405710568791046,-0.05076037147650268,-0.08658985260543212,0.0798833642952572,-0.3480815189641548,-0.09077380147661586,0.006975348472952371,-0.1768825178150426,-0.12520567874921332,0.018336227904399136,0.6651155541087869,2.567082923154048,0.44226906861421333,54.70038086412,55.8672705632169,55.74313813580168,54.53080491897898
749.0,26.016000000000002,0.6408697917341907,0.19708990816621427,0.6867360147229378,0.006095461501980088,-0.06594703732290189,-0.10799567828831046,0.0997284786432537,-0.40640008748108797,-0.09598253887942672,0.012712014312275921,-0.2791281967225016,-0.15229846282573392,0.026767790635032304,0.6625265466735492,2.566715233723906,0.44247563258780287,54.37911086226049,56.58237310998638,56.089239578829506,53.82975422581259
750.0,26.048000000000002,0.6370556794857288,0.19436575057009856,0.6823710267485354,-0.11919100776443248,-0.08512992487861609,-0.1364058742000725,0.11523006683001918,-0.44687057769269184,-0.10016072711324026,0.017483577339427542,-0.36085379381328364,-0.1717343034992871,0.03425619872528248,0.6592930864740509,2.570304282215645,0.4467440652907555,53.70123374372644,58.64342502959851,56.870506472386204,51.861224700970716
751.0,26.080000000000002,0.6288490722462029,0.19092583648403774,0.6769315886652371,-0.25645647623518514,-0.10749731518940032,-0.16998244010307445,0.12305636870318946,-0.45614191542462496,-0.10025122876867629,0.03191140596977421,-0.3654231273800432,-0.15909549332540282,0.03658243609436519,0.6563091836389466,2.5782328701908592,0.45546784149486885,52.341942443835016,63.7055601446478,58.66185846051369,47.279556639202546
752.0,26.112000000000002,0.6161567622102273,0.18669982704027885,0.6703827756719394,-0.396634688624237,-0.1320627951174653,-0.20465040604055235,0.122071237540128,-0.41898216754281425,-0.09367510752026446,0.042792396028801305,-0.3675458508615584,-0.14872151356203303,0.030161358657909865,0.6534296096781481,2.5906005522757667,0.46875018612081953,54.78576860776614,57.88929503864116,56.630670361718906,53.57766808032746
753.0,26.144000000000002,0.5993107725100518,0.18163525725292934,0.6628982351580155,-0.5264371781304833,-0.15826780585467204,-0.2338918910601213,0.11293401375561944,-0.349028699401858,-0.08449232183591733,0.008011973952867124,-0.3681312887065267,-0.14171165452850398,0.020670086254355555,0.6506571437356532,2.6070857864374277,0.48627513470613304,55.62375576344457,56.987207206680374,56.259471953474225,54.84538806103247
754.0,26.176000000000002,0.5789577455742302,0.17572829339428186,0.6547751529705169,-0.6360320917444257,-0.1845926205827334,-0.25384631835933025,0.09782378240160872,-0.2600227526388439,-0.07403469218894544,0.01758977401159051,-0.3679424125121491,-0.13777098127439427,0.009925555947768424,0.6480393673485559,2.627055428659147,0.5074102810716175,56.279789423653185,56.307133981580535,55.918629056197844,55.921941370525786
755.0,26.208000000000002,0.5559407718781421,0.16902463184034086,0.646370810276953,-0.7192804280027534,-0.2094894235606562,-0.2626357091738728,0.07853746852867913,-0.16375720046943332,-0.06281127226470698,0.0768231113813492,-0.37206353514925905,-0.13554961977471866,-0.0014392713847849374,0.6460913893553885,2.6496799612576054,0.5313222746187013,57.07260679194349,55.7297456313897,55.410859144064425,57.066769835682756
756.0,26.240000000000002,0.5312143737107591,0.16162442308456745,0.6379813203341921,-0.7726999427307174,-0.2312565236179188,-0.2621715607112778,0.05546202325808228,-0.07228248581699297,-0.05185653296924613,0.148043964528155,-0.375527693722114,-0.13522705714741579,-0.012082877966013837,0.6447653993874868,2.674018065113585,0.5570587946217964,57.11036792275304,55.72359449434616,55.54253977186265,57.56982057024622
757.0,26.272000000000002,0.5057108676692437,0.15368851959441895,0.6298807437222187,-0.7969845637973559,-0.24799698406714038,-0.2531430191241681,0.030657383433577365,0.0089007134829734,-0.04261662584347014,0.17932016961540964,-0.3776948673326737,-0.13669764340091822,-0.020109533155386147,0.6439352869771565,2.699149284554418,0.5836773240947307,57.17930342082881,55.669310047512646,55.60958161197805,57.917293796377386
758.0,26.304000000000002,0.4802867869108597,0.1454278540017016,0.6222043129621769,-0.7945025236994987,-0.25814579977241686,-0.2398884612513049,0.007772337106911353,0.07559402060965222,-0.03807058897519249,0.10193731674370407,-0.3782617192037518,-0.14034961635326426,-0.02149041477080099,0.6434574425489823,2.7242288223845352,0.6102987665511269,57.48111331130501,55.445973809191074,55.58808655781469,58.11693698598664
759.0,26.336000000000002,0.4556537419671324,0.1370552087492743,0.6149754725258909,-0.7697826544914778,-0.2616451641383533,-0.22590126363393798,-0.01214877706418772,0.12355339401952091,-0.037179114629748586,0.031010216901398914,-0.3773618803753087,-0.14553445998401704,-0.017808503744970262,0.643183501641546,2.7485547807241355,0.6361845349584071,57.5887962885831,55.26042372384906,55.701594036223824,58.22524148354333
760.0,26.368000000000002,0.4323230830911105,0.12876222144506402,0.6081574880314827,-0.7290830898756828,-0.2591558532565707,-0.21306201545025544,-0.02782104600269694,0.1515357866167371,-0.037724671643986254,0.000589872300331612,-0.3754150035327498,-0.1511656973831011,-0.012271531802850328,0.6429806538614411,2.771622658409124,0.6607950641824492,57.455726176392396,55.275093235999,55.94384904930677,58.1759276061129
761.0,26.400000000000002,0.4105933685372433,0.12070231634017224,0.6017128401640448,-0.6790535798083489,-0.25187203452786794,-0.20139524585743498,-0.03780262420411959,0.16135014584267843,-0.0383861385718467,-0.010346162829257655,-0.37287611268227827,-0.15654861888551547,-0.006801992033503902,0.6427568468313233,2.79313680002774,0.6838055565666096,57.258600177628225,55.45126723257839,56.18811963519151,57.981275897058325
762.0,26.432000000000002,0.3905705566357069,0.11297568544788915,0.595623357687707,-0.6257128719230128,-0.24145721538384643,-0.19029632738555552,-0.04170063718672284,0.15635533823850975,-0.038561135390892995,-0.011598690846097236,-0.37012063686974833,-0.16140088856707901,-0.0022823429050605622,0.6424673507245142,2.812989932996601,0.7050898057548919,57.067678308069745,55.727625223792074,56.39005864301811,57.69284633553163
763.0,26.464000000000002,0.3722038807188677,0.10562503433534534,0.5898943522740064,-0.573958622401225,-0.22970784726699378,-0.17903141917814305,-0.040218678793983775,0.14049937344183033,-0.03817917986252387,-0.008494877388998772,-0.36746710862271736,-0.1657571309600665,0.0011817604647482369,0.6421168781686057,2.831227892079382,0.7246866441883751,56.907726952628046,56.041162350124715,56.54330822130964,57.37116627239799
764.0,26.496000000000002,0.3553272808339822,0.09864161435061554,0.5845488133471933,-0.5273937464026711,-0.21823187452280612,-0.16704809146290953,-0.03473024998330345,0.11768061680038512,-0.037449045267647196,-0.004104996126856286,-0.365212581317163,-0.16980605105204225,0.0039018334110252494,0.6417565001882735,2.848009364131578,0.742758710941114,56.78285790792987,56.34449278109472,56.659918605810084,57.0662564144937
765.0,26.528000000000002,0.3397002325761849,0.09197760911160104,0.5796183700224541,-0.48834525805616397,-0.20825016371920305,-0.15407635389810118,-0.02678948879616358,0.09138773292438884,-0.036634057524842306,4.8152107609161256e-05,-0.36363611406819063,-0.17373320081628998,0.0062839024788632165,0.6414747781678454,2.8635663712139676,0.7595502346828149,56.69371424124683,56.6121742922353,56.75315120267458,56.809748150201095
766.0,26.560000000000002,0.3250445095027187,0.085560547097384,0.5751356935624677,-0.45799134604581965,-0.20053318794428204,-0.1400836393745732,-0.017820578445305792,0.06452336257865815,-0.035920482548662695,0.003503098925362448,-0.36294934458447536,-0.17761898321758385,0.008636058404662843,0.6413831507368268,2.8781686234852524,0.7753481327878297,56.641372520539015,56.83780055573525,56.831784922428845,56.61482504931542
767.0,26.592000000000002,0.3110749980370359,0.07930687750474698,0.5711302351724139,-0.4365472333025859,-0.1954271747699069,-0.12517057468918238,-0.009010628950735408,0.03935689297400659,-0.035378678750232845,0.006357442934948942,-0.3632223107587792,-0.1814036059440546,0.01110694789592429,0.641596993927215,2.8920934813908774,0.7904489395487728,56.624342589775935,57.025097693736626,56.90131226090135,56.48155913709675
768.0,26.624000000000002,0.29752393001272687,0.07313357489583948,0.5676270301983184,-0.4234708757596576,-0.19291570652835918,-0.10947515544048454,-0.001310993658813585,0.017566995448058356,-0.03498214281113196,0.008873068344711764,-0.3643426001082632,-0.184909215777857,0.013706717757574902,0.6422156695065308,2.905602171275267,0.8051324861329091,56.636994654216316,57.17747442556696,56.96469039006447,56.40487602106236
769.0,26.656,0.28415891609201704,0.0669676274581149,0.5646472913160077,-0.41765668502222797,-0.19268585742891448,-0.0931168400722207,0.004552160292339194,0.0003101184638745255,-0.034649435852179965,0.011271064245456784,-0.3660479218333043,-0.1879019141417013,0.016361299338711853,0.6433063602817144,2.9189219485055915,0.8196420266026354,56.67136780002501,57.2912849328836,57.021331505861596,56.38105343262998
770.0,26.688,0.2707955139210411,0.060753399388735585,0.562209499240478,-0.4176063178429973,-0.19419462716810326,-0.07618100236030094,0.00810494459807646,-0.011750221610944267,-0.034287945228004824,0.013681551553509627,-0.3680183968438106,-0.1901684050801618,0.018970474131838614,0.6448962253999018,2.932233552033804,0.8341701254693227,56.71969945532136,57.35680964167034,57.06704372685017,56.408777850187874
771.0,26.72,0.25730463461472747,0.0544575416217297,0.5603301613613149,-0.4215899783223013,-0.19674555521893372,-0.05872930872384893,0.009178068727022221,-0.018464513664759655,-0.03382874057184575,0.016161214905184858,-0.3699725514664788,-0.19157557988750115,0.021454783749414744,0.646974676752543,2.945663697593647,0.8488501193478346,56.77542219398027,57.36596365726816,57.09637857218667,56.48466283352186
772.0,26.752,0.24361448252387663,0.048070894917999166,0.5590239029797921,-0.4278172528390883,-0.19958270949157905,-0.04082057442258629,0.007935382233629277,-0.020213218615569854,-0.03324485798379007,0.018709856229635596,-0.3717176780779223,-0.19209029816578832,0.023780775594923337,0.6495035746946985,2.959282946371681,0.8637536198456319,56.83279961913008,57.32032721594562,57.10588968571188,56.59807841143519
773.0,26.784,0.2297067342532099,0.04160706035834007,0.5583029236689778,-0.43461713345833514,-0.20199482998934665,-0.022530603462946032,0.0048354684510986505,-0.01784807695032844,-0.0325488231163372,0.021274800922692752,-0.37314715963403117,-0.19176008123372743,0.02595881556727329,0.652430490412135,2.973109275778817,0.8788944609570696,56.886467764331435,57.23318011187653,57.096007298170825,56.730558892047405
774.0,26.816,0.21560749541589205,0.03509797746289163,0.5581761074038881,-0.4406012136661821,-0.20340884048276348,-0.003963008284053184,0.0005241665927194885,-0.012537716571084137,-0.031773846994091186,0.023770550459507645,-0.3742098320395382,-0.1906744881670791,0.02801943100696758,0.6557004239033899,2.9871168555105463,0.8942385146324582,56.93154886317839,57.12489511455007,57.07071581006571,56.8603740365042
775.0,26.848,0.20137468374851716,0.028587557445413938,0.5586482086882311,-0.4447753646054649,-0.2034506255461777,0.01475316513571688,-0.004304262342799969,-0.005556886065445127,-0.03095116976773958,0.026120116347091583,-0.3748781046693073,-0.18892900524524048,0.029985065917466,0.6592635782197083,3.0012484228776657,0.9097175272629642,56.96416858617944,57.01590750628196,57.0358159776347,56.96861725925069
776.0,26.88,0.1870841667815181,0.02212476421331623,0.5597194866776192,-0.4465786552187205,-0.20196228850305317,0.033477437168378366,-0.009030626660901167,0.0019169477781628373,-0.030095792095836477,0.02828740712885202,-0.37512669630947826,-0.18660340376954346,0.03185366471656413,0.6630790084665743,3.0154289601906603,0.9252443629657594,56.98195514948479,56.9214680282862,56.99698363045559,57.04320572130332
777.0,26.912,0.17281692969118012,0.015757407849692203,0.5613859353157241,-0.44585115907306133,-0.1989798863632507,0.05207651994077948,-0.013190439592180301,0.008950711571675433,-0.029205039620519395,0.030276237341167803,-0.37492221198185177,-0.1837557125606037,0.03359969582210604,0.6671151067982065,3.0295784122400424,0.9407271067536896,56.98422599995164,56.84959277310029,56.95842145928554,57.07976085221315
778.0,26.944,0.15864892382278828,0.009527480727086585,0.5636399877903971,-0.44275018338724464,-0.1946852225814254,0.0704391398335321,-0.016504565571735866,0.014927583496100178,-0.02826624412421714,0.03210529450932532,-0.3742206036767669,-0.18042694206203197,0.0351870496746335,0.6713480704973807,3.043621791536235,0.9560801906666172,56.97178256346227,56.80149155743909,56.92232052852924,57.08028451389117
779.0,26.976,0.1446443953114845,0.0034683618038217016,0.5664714054262814,-0.4376415159782423,-0.18934746635202743,0.08848180112138232,-0.01887002416824796,0.019549382283988764,-0.027266592845905765,0.033784154151535795,-0.3729704378054364,-0.17665048426358224,0.03658398635181536,0.6757592869868849,3.057495859060537,0.9712316621604233,56.94642985752711,56.77324795102453,56.888954871805794,57.050937449507245
780.0,27.008,0.13085270858750384,-0.002396201915383451,0.5698680529629432,-0.4309902101243958,-0.18326761622516086,0.10614523552068118,-0.0203247125888639,0.022788230284018187,-0.026199850087844846,0.03530530182842752,-0.37112058151353555,-0.1724615343667516,0.0377728240120062,0.6803323464938126,3.0711523464396415,0.9847571109989476,56.91042697369539,56.75786880540725,56.85711154789113,56.99979962744495
781.0,27.04,0.11730811482268207,-0.008051698072826225,0.5738163727722145,-0.4232685551506799,-0.17673425492008654,0.12338499403972958,-0.020999511977643357,0.024809553708482552,-0.0250682238482555,0.03665084151108639,-0.36863036335019483,-0.167903941319507,0.03875217194714309,0.6850502609084632,3.0845582479951252,0.9961854933574351,56.86602568828639,56.74724504382787,56.82463675958922,56.93501208230352
782.0,27.072,0.10403160636426574,-0.013491522706061706,0.5783015171543537,-0.41489088932550977,-0.16999451978860863,0.14016076194185006,-0.021069288423484135,0.02588652591755648,-0.02388048971529218,0.03780443841509666,-0.3654793493633361,-0.16303353387802985,0.03953352702657292,0.6898933618417542,3.097694022101282,1.007496999694732,56.81515060227282,56.73379970647312,56.78899899133053,56.863433532684326
783.0,27.104,0.09103391611455039,-0.018715217907434148,0.5833072130207065,-0.4061778203036044,-0.16324047504288866,0.15642799582352485,-0.02071155155176314,0.02632198512167435,-0.02264857760207487,0.038760005071892666,-0.36167376869408113,-0.15791800319690782,0.040135565547906434,0.6948381866789514,3.1105506286900946,1.0186713352825227,56.75921259962217,56.71167450075948,56.747818809851715,56.78985466681035
784.0,27.136,0.07831881352052741,-0.023726685542645443,0.5888154879124505,-0.3973469560632176,-0.15660836360035285,0.17213359036699957,-0.020078052053004666,0.02638888480710896,-0.021384480353301972,0.039523749549895584,-0.3572478081734688,-0.1526340803985511,0.04057892352520893,0.6998574201776219,3.1231262440206793,1.0296944917138982,56.6990446185438,56.677339157283875,56.699295369667745,56.716780135026404
785.0,27.168,0.06588605785844849,-0.028532658563299573,0.5948063845273156,-0.388523614439966,-0.15018665689544142,0.1872155192145333,-0.01928074698808628,0.026294656658847716,-0.0200983821148342,0.04011091103242733,-0.35225998865250613,-0.1472631813938932,0.04088284225444481,0.7049207044502654,3.1354232914923643,1.0405564439775283,56.63495777631586,56.62959370185774,56.64244664031126,56.6447229898813
786.0,27.2,0.05373363225766409,-0.03314156857281867,0.6012577542658045,-0.37976330002451225,-0.14402843779747168,0.20160530432777862,-0.018390139839021824,0.026168980641164397,-0.018798038392093926,0.04054059571237186,-0.3467865554251722,-0.14188683095071508,0.0410637737899339,0.7099959578218328,3.1474461693904248,1.0512493198932291,56.56689896318789,56.569081183574774,56.57712433723105,56.572849404533905
787.0,27.232,0.04185913556930221,-0.03756282583018259,0.6081451730073809,-0.3710780215113084,-0.13816428929262237,0.215231835674262,-0.01744185888763262,0.026069650158014525,-0.017488991452064583,0.04083160120979186,-0.34091439870906337,-0.13658293197144733,0.04113535784310521,0.7150508099405649,3.159199805228652,1.0617662098970622,56.49465756346907,56.49755766678535,56.503844660447264,56.499729530597726
788.0,27.264,0.030260403113579526,-0.04180644635536072,0.6154419821024519,-0.3624603892413335,-0.13261314141181635,0.22802528422096924,-0.016446872883218635,0.025998832644187217,-0.01617514664433466,0.04100035880573316,-0.3347354197272193,-0.13142341874958857,0.041109066334930104,0.7200538498472557,3.170688972688751,1.0721006060583491,56.41805330194579,56.41718928061012,56.42353343594304,56.42396262716194
789.0,27.296,0.01893553694614952,-0.04588292477883681,0.6231194324331079,-0.3539020677321874,-0.12738995073362788,0.23992032283299733,-0.015401675001473398,0.02592240308464808,-0.014859379286321282,0.041060642385275875,-0.3283431118719542,-0.12647328921387915,0.040995001152056815,0.7249755279868112,3.1819181964288745,1.0822463469382833,56.33705584434201,56.33005418150838,56.33728476442709,56.3445489921936
790.0,27.328,0.007882556609053659,-0.04980325195311396,0.6311468992472363,-0.3454056355342453,-0.12251022419616081,0.25085833794151446,-0.014296339907283922,0.025787277251107823,-0.013544015553147486,0.041024160064420785,-0.32183115015244396,-0.12179067113322808,0.040802577606442056,0.7297886840759764,3.19289203806208,1.0921979021091819,56.25182459958315,56.2378924860435,56.24618999155023,56.26100843492181
791.0,27.36,-0.0029011426570550256,-0.05357899755948171,0.6394921359048151,-0.3369906020658961,-0.11799205019899192,0.26078864554933734,-0.01311981725085348,0.0255343729996068,-0.012231151257125789,0.04090132671176016,-0.3152933108605006,-0.11742748989175034,0.040541006663115255,0.7344687545069076,3.203615579037138,1.1019508389000061,56.162688166129584,56.14204928251618,56.151245798965846,56.173325962773816
792.0,27.392,-0.013419386063079729,-0.057222405476424716,0.6481215405375195,-0.3286951064382717,-0.11385649740446893,0.2696688947720104,-0.011862758614792858,0.025106915492310932,-0.010922830404462883,0.04070189180977704,-0.30882401630233897,-0.11343038566920075,0.04021958385058771,0.7389937439692463,3.21409496376933,1.111502349361684,56.070093807789284,56.0435239783452,56.053321688264,56.08182074954484
793.0,27.424,-0.02367778266782356,-0.06074647419427424,0.6570004169751891,-0.3205748938982445,-0.11012714743279743,0.27746488867717484,-0.010518556942804364,0.024454921435262986,-0.009621122275421966,0.04043535698813504,-0.3025189929323978,-0.10984166229520095,0.03984782779840457,0.7433440426015968,3.224337916649762,1.1208517569695706,55.97455190021414,55.94305481480217,55.95316073404918,55.98700793622007
794.0,27.456,-0.03368421032404629,-0.06416501224730428,0.6660932178897926,-0.3127008642569599,-0.1068293141571888,0.2841500285813596,-0.009083289329418553,0.02353702310729634,-0.008328133429705613,0.04011122031212718,-0.2964757569204852,-0.10670016508705893,0.03943551591294726,0.7475021507083633,3.2343541875211788,1.1300009583203896,55.87658886178421,55.84119830117394,55.851393486118575,55.889486864325555
795.0,27.488,-0.04344920497969785,-0.06749266938878307,0.6753637630623116,-0.30515608298911095,-0.10398928567121193,0.28970453664121903,-0.007555101385011993,0.022320676221436683,-0.00704598272034821,0.039739099737928815,-0.2907938082704547,-0.10404205556464224,0.03899265756909139,0.751452350767457,3.244155908457037,1.138954780850922,55.77671238390924,55.73838881984442,55.74855358875499,55.78986292149517
796.0,27.52,-0.05298625418693212,-0.07074494960684478,0.68477542891931,-0.29803278772607067,-0.10163375681442859,0.29411455803119896,-0.005933392654025627,0.02078152761203955,-0.005776758885429147,0.03932877707767053,-0.2848310986810888,-0.10163621091744271,0.038529435328750104,0.7551485721898579,3.2537578615900564,1.1477212537949455,55.639551133230206,55.69413518759254,55.6703510195622,55.61896433219555
797.0,27.552,-0.0623120434163652,-0.07393822508175199,0.6942893801400747,-0.29143091341978344,-0.0997898585908501,0.29731097564889675,-0.004491401358680967,0.019669873247569684,-0.004526258726204335,0.03888855366388967,-0.2784356203553703,-0.09942488858206029,0.038061439424954484,0.7585325404481035,3.263177698674141,1.1563118358295361,55.5080517411409,55.612256470353884,55.570209728744146,55.469313456486915
798.0,27.584,-0.07143882267448673,-0.07708700233112169,0.7038637461430977,-0.28521185181629766,-0.09839928904280294,0.2991989375944676,-0.0033751343150334027,0.019384472511600154,-0.0032952351636420705,0.03842678578159134,-0.2724095082895585,-0.09768317867027701,0.0375963197156772,0.7615875556418563,3.2724281982675163,1.1647343713825242,55.42271973151498,55.43040746290725,55.42194218546063,55.41757631833202
799.0,27.616,-0.0803703912373465,-0.08020245053457263,0.7134561583243954,-0.2791115175893677,-0.0973577563578419,0.2997628806655527,-0.002313922770723973,0.019147218693163187,-0.002079154950812062,0.037974220639501746,-0.2664949071353223,-0.09630477835643089,0.03713288712304377,0.7642982821724172,3.281513181667098,1.1729893017564628,55.30600878690263,55.31319345732266,55.304037523830196,55.300218187475984
800.0,27.648,-0.08911001405762474,-0.08329510563571518,0.7230241413321672,-0.27311321313369463,-0.09664547191070468,0.2989994689928698,-0.0013130075753832683,0.018953834129441002,-0.0008780500848752173,0.037516704416444537,-0.26067671036422985,-0.09526946554805299,0.036676010354002066,0.7666510911909048,3.290435478368821,1.1810768984125024,55.18918286333236,55.196166302753966,55.18630676468152,55.182686101509674
801.0,27.68,-0.09766046986224976,-0.08637482247731514,0.732525294958528,-0.26720174389453155,-0.09624115129999844,0.2969110508237759,-0.0003778918440507262,0.018802660988337033,0.00030822524976560324,0.03706049957407097,-0.2549411845078107,-0.0945555843582331,0.03622996331062411,0.7686340910753426,3.299196976627593,1.188997288350256,55.07286710613685,55.07959627645334,55.069153404694326,55.06574637943164
802.0,27.712,-0.10602407265254533,-0.08945072614924003,0.7419174830136719,-0.26136258719673655,-0.0961219897476529,0.2935058767232453,0.00048675511692121784,0.01869177599910271,0.001479969069834719,0.03661075594658487,-0.24927514158115513,-0.0941400229694254,0.03579844828563684,0.770237163262662,3.307798655918567,1.1967504557154933,54.95757116472259,54.96399814890113,54.95309011929256,54.94991236575782
803.0,27.744,-0.1142026958080087,-0.09253117324278988,0.7511590193201831,-0.25558197360822976,-0.09626397167343267,0.28879800957847646,0.0012770976887482462,0.01861900957203245,0.0026376043129977857,0.036171804585374355,-0.24366601249793626,-0.09399852386916936,0.035384625407862975,0.7714519900354883,3.3162406303708507,1.2043362462562965,54.84379906364292,54.84988197283114,54.838624016712885,54.83568982423472
804.0,27.776,-0.12219779842547977,-0.09562372269426571,0.7602088500113747,-0.24984695679597096,-0.09664217035861956,0.2828072090997368,0.001990122697575605,0.018581976474857573,0.0037816571060469532,0.03574731420789678,-0.23810191249749468,-0.09410598163288524,0.034991138045961837,0.7722720741738018,3.324522202311957,1.2117543742007644,54.73204735415501,54.73775009606904,54.72625396440855,54.72357592714226
805.0,27.808,-0.13001045343437984,-0.09873511577639404,0.769026731372969,-0.24414546902812675,-0.09723103381651041,0.27555879254981935,0.0026236217555479866,0.01857810676873372,0.004912738271212324,0.03534037585545969,-0.23257169511505169,-0.09443672537449468,0.03462013717224338,0.7726927504641466,3.3326419248395682,1.219004431062339,54.622802969443576,54.62809509683017,54.61646846177056,54.61405728911682
806.0,27.84,-0.1376413770528242,-0.10187126472894348,0.7775734025234617,-0.23846636307638613,-0.09800465476716971,0.26708347345289946,0.003176167755141059,0.018604676644628938,0.006031526955922255,0.034953554514656836,-0.2270649949287745,-0.09496478433879599,0.03427330599293785,0.7727111891324872,3.340597672247964,1.2260858959198269,54.51654117253361,54.521397752499354,54.50974361516822,54.507608029289344
807.0,27.872,-0.1450909591777678,-0.10503724946733814,0.7858107522863849,-0.23279944140448708,-0.09893702307483308,0.25741718009134723,0.0036470861037461427,0.01865883887305502,0.007138755843121933,0.034588925867173645,-0.2215722595380174,-0.09566413535583813,0.033951885335240344,0.7723263913338202,3.3483867170690207,1.2329981467652966,54.41372359039903,54.41812506571138,54.406541204221426,54.404687891036815
808.0,27.904,-0.15235929433351156,-0.10823732176951129,0.7937019796662226,-0.2271354736169925,-0.10000225944291072,0.24660085561992845,0.004036421297918782,0.018737652609536384,0.00823519766370509,0.034248106624731114,-0.21608477137385088,-0.09650893119863689,0.033656699901369325,0.7715391768914661,3.3560058124414307,1.239740472561833,54.31479633423401,54.318728364431685,54.30730683823379,54.305740434929554
809.0,27.936,-0.1594462128359417,-0.11147491631574728,0.8012117473978699,-0.221466203200942,-0.10117482956987482,0.2346802416139796,0.004344899435885509,0.018838112326881182,0.00932165285394331,0.03393228233682719,-0.2105946600480292,-0.09747370922535668,0.033388185325468896,0.770352164531069,3.3634512784960577,1.2463120857027377,54.22018820904148,54.22364148714861,54.21246820516312,54.211191315101416
810.0,27.968,-0.16635131186392949,-0.11475266794272841,0.808306328096297,-0.21578434462461782,-0.10242973834316019,0.2217056468258453,0.004573887256898931,0.01895717567364921,0.010398938256112183,0.03364223440689175,-0.20509490601934677,-0.09853358001544205,0.033146415892017174,0.7687697448984291,3.3707190914391805,1.2527121346126069,54.13030901665745,54.13327906107972,54.1224334166009,54.12144664623814
811.0,28.0,-0.1730739861636162,-0.11807243447019554,0.814953742587705,-0.21008357186520932,-0.10374270398334763,0.20773170285650117,0.004725348279280117,0.019091790086034358,0.011467876785952161,0.03337836703974217,-0.19957933640237582,-0.09966439601104783,0.03293113274333057,0.7667980466863,3.377804974027618,1.2589397162775144,54.04554795627955,54.04803487925487,54.03758945225964,54.03689146646995
812.0,28.032,-0.179613458145168,-0.12143532446522413,0.8211238900552652,-0.20435849942349366,-0.1050903123446435,0.1928171083612552,0.004801796587119775,0.019238918007379684,0.012529288003019546,0.033140734368739336,-0.19404261376635082,-0.10084290044285199,0.03274177239458831,0.7644448962233211,3.3847044861588964,1.264993888535196,53.966272126075744,53.96828038089185,53.95830070703284,53.95788830011333
813.0,28.064,-0.185968807164434,-0.12484172932374701,0.826788669681011,-0.1986046568520628,-0.10645015182883989,0.17702436330455426,0.004806248789881394,0.019395560595415758,0.01358397952713038,0.03292906779113823,-0.1884802187746752,-0.10204685704948739,0.03257749537608565,0.7617197708986232,3.3914131143442723,1.2708736819959612,53.89282512879996,53.894363238364356,53.88490764308738,53.88477582318321
814.0,28.096,-0.19213899781330313,-0.12829135907025882,0.8319220935102437,-0.19281845777715975,-0.10780092957849385,0.16041949466352373,0.004742174650576964,0.019558779821769626,0.01463273924944523,0.032742803441237624,-0.18288842750087878,-0.1032551612912643,0.03243721482869491,0.7586337468087897,3.397926358890795,1.276578111500488,53.82552578366124,53.826606053154414,53.81772554881079,53.81786763376778
815.0,28.128,-0.19812290707205257,-0.13178328130328323,0.8365003903056689,-0.1869971643359201,-0.10912256978201283,0.1430717748570376,0.00461344684765771,0.019725718891124195,0.015676328291705423,0.032581109688884995,-0.17726428422759605,-0.10444793391201627,0.032319624887197494,0.7551994410203313,3.4042398176891444,1.282106187051398,53.76466694605452,53.7653051624244,53.75704340583482,53.757451128671704
816.0,28.16,-0.20391935020433,-0.13531596274490051,0.8405021001953071,-0.18113884788366932,-0.11039629505053991,0.12505343405119415,0.004424290304041886,0.019893620928453686,0.016715474672208415,0.03244291453619055,-0.17160557049390993,-0.10560659781928669,0.03222322869599268,0.7514309488413146,3.410349265584955,1.287456924181465,53.71051443619074,53.71072955721227,53.70312286482413,53.703786487163406
817.0,28.192,-0.20952710530041574,-0.1388873128862304,0.8439081599510206,-0.1752423467526793,-0.11160469191655906,0.10643936736604705,0.004179231484462397,0.02005984590192368,0.017750867642354017,0.032326932783239115,-0.16591077110581898,-0.10671393933495696,0.03214636591210148,0.7473437764909898,3.416250728401181,1.2926293537425253,53.6633060771765,53.66311991273301,53.65619733026625,53.65710576219429
818.0,28.224,-0.21494493639695364,-0.14249472925615017,0.8467019787633753,-0.16930722176680923,-0.11273176155999251,0.08730683788608215,0.0038830480301308592,0.020221885766288365,0.018783152662874506,0.032231692837243885,-0.1601790377669262,-0.10775415491854096,0.032087239561079464,0.7429547695469764,3.421940550776209,1.297622531115817,53.623250842695256,53.62268773084854,53.61647115413277,53.61761207908414
819.0,28.256,-0.220171615121375,-0.14613514387671936,0.8488695044037171,-0.16333371013816764,-0.11376295689278702,0.0677351762606824,0.003540719068063116,0.020377377826929086,0.019812926993994902,0.03215556304605311,-0.1544101509241359,-0.10871288448700792,0.032043942122276535,0.738282037536572,3.4274154570854605,1.302435544856889,53.59052811412759,53.589614594443574,53.58411893799962,53.58547894137874
820.0,28.288,-0.22520594082678555,-0.14980507050491768,0.8503992796860578,-0.15732267829407928,-0.1146852071311973,0.04780547757314564,0.003157376501686328,0.020524116338125484,0.02084073587855731,0.03209677744432811,-0.14860448035801266,-0.10957723245149177,0.03201448073075341,0.7333448750228674,3.4326726048218057,1.307067524796715,53.56528704671768,53.564051533203816,53.55928494301089,53.560849643379036
821.0,28.32,-0.2300467591982138,-0.15350065229563833,0.8512824891599738,-0.15127557410713255,-0.1154869309600205,0.02760029605987713,0.0027382575598589483,0.020660062360782425,0.021867069301410382,0.032053460808502784,-0.1427629449815463,-0.11033577756616134,0.03199680139402885,0.7281636795183467,3.437709629920994,1.311517649625701,53.547646044235655,53.54611850012973,53.542082606939694,53.54383678870352
822.0,28.352,-0.23469297932394703,-0.15721770955480044,0.8515129959816264,-0.14519437892916348,-0.11615803934881566,0.007203338176643697,0.002288658853402063,0.020783351914777298,0.022892359311971044,0.0320236529244333,-0.13688697224580995,-0.11097857264147942,0.03198881213264082,0.722759866539307,3.4425246836314614,1.3157851539892675,53.537692341496204,53.53590395802561,53.53259416753426,53.534521914172025
823.0,28.384,-0.2391435892363617,-0.16095178728345275,0.8510873689236254,-0.1390815597629582,-0.11668992902038451,-0.013300845562533985,0.00181389216182119,0.02089230246946051,0.023916977899708577,0.032005331979344236,-0.1309784574878917,-0.11149713511651979,0.03198840496421558,0.7171557820944533,3.447116460642175,1.3198693351231476,53.53548169406118,53.533464575166484,53.53087039132512,53.53295521828034
824.0,28.416,-0.24339766993537276,-0.16469820224346077,0.8500048994962703,-0.13294002184409565,-0.11707546750025055,-0.03382716960484419,0.0013192421481679018,0.020985417822771153,0.024941235414313374,0.03199643699719372,-0.1250397234966466,-0.11188442941641522,0.03199347666130804,0.7113746128810986,3.451484218296837,1.3237695590538807,53.5410381744698,53.53882502935888,53.536930407104684,53.539155393559135
825.0,28.448,-0.2474544079145846,-0.16845208930253272,0.8482676091631737,-0.1267730618503695,-0.11730897059599843,-0.054290322909270695,0.0008099261769745312,0.02106139142508414,0.025965379523467357,0.031994889243997356,-0.11907348051622123,-0.11213484194456215,0.03200194822365549,0.7054402944431357,3.4556277868368457,1.3274852663856886,53.55435407439257,53.551977919661645,53.55076164335947,53.55310956217178
826.0,28.48,-0.2513131062156439,-0.1722084468407865,0.8458802466439045,-0.12058432190810334,-0.11738617307043085,-0.07460507872716203,0.00029105638886035937,0.021119108208428123,0.026989594701428025,0.03199861253675983,-0.11308278685673293,-0.11224414947796368,0.032011783015634475,0.6993774175269136,3.4595475707281733,1.3310159776893973,53.5753899121858,53.57288378511191,53.57231986903109,53.574773314189486
827.0,28.512,-0.25497319404040053,-0.17596218102272632,0.8428502753055891,-0.1143777445236446,-0.1173041931856188,-0.09468660432235604,-0.00023239583432765293,0.021157644985279774,0.028014002241110107,0.03200555239688302,-0.10707101023651894,-0.11220948165086773,0.03202100352957376,0.6932111328548384,3.463244541237973,1.3343612985027393,53.604074545420914,53.60147122989761,53.60152933709199,53.60407084808453
828.0,28.544,-0.2584342349535037,-0.17970814875740707,0.8391878506548469,-0.10815752853447412,-0.11706149170877332,-0.11445077033569302,-0.0007556328982287973,0.02117626948389465,0.029038660781048404,0.03201369399580994,-0.10104178994142479,-0.11202927812915549,0.0320277067451155,0.6869670545223553,3.4667202205345764,1.3375209239446162,53.640305388066665,53.63763715452032,53.638283030538176,53.640895213087305
829.0,28.576,-0.2616959337102278,-0.1834411991858232,0.8349057879515146,-0.10192808614762826,-0.11665782588800376,-0.13381445947913465,-0.001274061419842433,0.021174438089243415,0.030063567336631628,0.03202107884761262,-0.09499899985395881,-0.11170324099810948,0.03203007806398652,0.6806711622123215,3.469976657688754,1.3404946429390232,53.683948732104774,53.68124709259481,53.68244301051346,53.68510865315792
830.0,28.608,-0.2647581417458528,-0.18715621354833623,0.8300195199767676,-0.0956940011132816,-0.11609419882853228,-0.15269587421084377,-0.001783319963620043,0.021151792360225935,0.031088658822401513,0.03202582021012337,-0.08894671237893173,-0.11123228281116392,0.0320264038083027,0.6743497024119223,3.473016397054011,1.3432823420377142,53.734840173448404,53.7321356530196,53.73384086637755,53.73654305241364
831.0,28.64,-0.2676208613640291,-0.19084814329648955,0.8245470450009248,-0.0894599880680076,-0.11537280462979138,-0.17101484299508737,-0.0022793040216140125,0.02110815439507292,0.03211381404911715,0.032026117162946705,-0.08288916327239809,-0.11061847067885326,0.03201508227885202,0.6680290888114628,3.4758424395983814,1.3458840088245227,53.79278514210229,53.79010706732302,53.79227826760976,53.79500048192541
832.0,28.672,-0.27028424866242895,-0.19451204632313063,0.8185088650108113,-0.0832308530749961,-0.11449696958253347,-0.1886931246910457,-0.002758188183516709,0.021043521117847318,0.033138856175808834,0.032020267337559874,-0.07683071736723218,-0.10986496671681292,0.031994633377651994,0.6617358020617106,3.4784581978488602,1.348299734878831,53.85755953654353,53.85493584202911,53.85752761748597,53.86025384784003
833.0,28.704,-0.27274861523480576,-0.1981431211926962,0.8119279142734164,-0.07701145538677519,-0.11347108967392397,-0.20565471054359208,-0.0032164454558476063,0.020958057559823932,0.03416355559330127,0.03200667828136425,-0.07077583518123583,-0.1089759651205613,0.03196370680644245,0.6554962890670685,3.4808674451913477,1.3505297182712004,53.928910462305744,53.926367515892785,53.92933280848016,53.932047640792796
834.0,28.736,-0.27501442868949905,-0.20173673926017097,0.8048294783320306,-0.0708066704591652,-0.11230056460858642,-0.22182612316830658,-0.0036508637025800426,0.02085208921036425,0.03518763321180162,0.03198387744433566,-0.0647290403919956,-0.10795662609386708,0.031921088859632726,0.6493368619957333,3.4830742603428435,1.3525742655607893,54.00655707471093,54.004119521815575,54.00741007930936,54.010098786543516
835.0,28.768,-0.2770823120255783,-0.2052884745729793,0.797241103553342,-0.06462135425247707,-0.11099172852526037,-0.2371367118340175,-0.004058559192336081,0.02072609351277904,0.036210764121236846,0.03195052078355586,-0.05869488816623875,-0.10681300682730435,0.031865707836576565,0.6432835971950797,3.4850829678775748,1.3544337932620565,54.09019152560547,54.08788215316715,54.09144897346143,54.09409759768767
836.0,28.8,-0.27895304190931375,-0.20879413145530346,0.7891924973693207,-0.05846030886673225,-0.10955177757262971,-0.25151894325066404,-0.004436987250091019,0.020580690581653426,0.03723258158921088,0.03190539998754809,-0.052677934339796,-0.10555198970463667,0.03179663810389274,0.637362234210703,3.4868980757438552,1.3561088287474556,54.17948001381631,54.177319634098346,54.181113398912395,54.18370882616497
837.0,28.832,-0.2806275458955845,-0.21224976967942857,0.7807154193862647,-0.05232824957096013,-0.10798869450390985,-0.2649086869705023,-0.004783950024260132,0.020416633219224854,0.038252681357841475,0.03184744832887626,-0.04668270545668979,-0.10418120790692671,0.03171310284390518,0.6315980751206449,3.488524210752625,1.357600010553462,54.27406393884437,54.272071293234596,54.27604278854957,54.278572816099235
838.0,28.864,-0.28210689864123745,-0.2156517271340759,0.7718435635652067,-0.04622977330165537,-0.10631117045772899,-0.27724549440806173,-0.005097601393220354,0.02023479630968133,0.039270626197437486,0.03177574515989883,-0.04071366969170867,-0.10270896858759174,0.031614475530152945,0.6260158844120924,3.4899660530508694,1.3589080880593407,54.373561157054084,54.37175283988174,54.37585336056753,54.37830675625885
839.0,28.896,-0.283392317160322,-0.21899663990566756,0.7626124317129912,-0.04016932872139171,-0.10452852411223919,-0.28847287038173314,-0.005376449048844695,0.020036165671672466,0.04028595067208425,0.03168951907303103,-0.034775208699344674,-0.10114417380565383,0.031500280175347825,0.6206397896459577,3.491228270612554,1.3600339205116005,54.477567339296286,54.47595774155732,54.480139477791866,54.48250603112156
840.0,28.928,-0.28448515517454365,-0.22228145969540303,0.7530591985616604,-0.03415118794442698,-0.10265061842923322,-0.2985385359790882,-0.005619353808557835,0.019821826450887977,0.041298166069795084,0.03158814975288818,-0.02887159045223032,-0.09949623942828921,0.03137019040117312,0.6154931831748519,3.492315454785386,1.3609784753719991,54.58565742851793,54.5842587012782,54.588475104512995,54.59074566915959
841.0,28.96,-0.28538689661618055,-0.22550346850322528,0.7432225687552102,-0.028179420051153262,-0.10068777524444529,-0.30739468145156756,-0.0058255262217869795,0.019592951136200874,0.042306765448042946,0.03147116855398074,-0.023006943153467182,-0.09777501224672101,0.031224027382944698,0.6105986252016532,3.4932320579229708,1.3617428259732518,54.69738719546492,54.69620923259149,54.700415358975995,54.70258188653357
842.0,28.992,-0.28609914834502853,-0.22866029051946654,0.733142626107062,-0.022257866526499324,-0.09865068800753934,-0.31499820775462956,-0.00599452055147407,0.01935078728454858,0.04331122874425038,0.03133825784332171,-0.017185230328456008,-0.09599068559007194,0.03106175672545666,0.6059777484886514,3.493982334108197,1.3623281484740686,54.81229489007673,54.81134532983026,54.81549815917772,54.81755372389566
843.0,29.024,-0.2866236321456085,-0.23174990117639824,0.7228606755384582,-0.0163901187681236,-0.09655033302911542,-0.32131095526886894,-0.0061262262264875815,0.01909664504135179,0.044311027900242266,0.031189249153091115,-0.011410227222139383,-0.09415371376874895,0.030883484329333816,0.6016511650506334,3.494570283934529,1.3627357181137436,54.92990298560478,54.92918723051189,54.93324595906835,54.935184773456264
844.0,29.056,-0.2869621760757778,-0.23477063332521275,0.7124190781570658,-0.010579497817790598,-0.09439787965045349,-0.3262999181685118,-0.006220856876231222,0.01883188454474927,0.045305631949773086,0.031024120193959556,-0.005685498646101924,-0.09227472573053098,0.03068945130997153,0.5976383751887048,3.4949996042572806,1.3629669047759967,55.04972001186659,55.049241266181035,55.053167571649816,55.05498499287132
845.0,29.088,-0.28711670524291016,-0.2377211805192153,0.7018610799859069,-0.004829036472886804,-0.09220459981257997,-0.3299374428487181,-0.006278937074373964,0.01855790330317881,0.046294512019042715,0.03084299078491189,-1.4378435682221857e-05,-0.0903644383668913,0.030480028033694484,0.5939576792445289,3.4952736437569225,1.3630231678819424,55.17124247337734,55.17100179733141,55.174760074806834,55.17645260185764
846.0,29.12,-0.28708923208880616,-0.24060059740121656,0.6912306349048253,0.0008585360657502309,-0.08998177756253885,-0.3322014087837989,-0.006301286934260926,0.018276123636722364,0.04727714619160516,0.030646117760406474,0.005600049310505863,-0.08843356996235621,0.030255707338155434,0.5906260924764334,3.4953953650716025,1.362906050642731,55.293956847389076,55.29395322733463,55.29751079501158,55.29907605675502
847.0,29.152,-0.28688184626931046,-0.2434082972122252,0.680572222419463,0.006480806859240553,-0.0877406190940201,-0.3330753901675702,-0.006289004714003887,0.017987980273068468,0.04825302419123222,0.030433888920451044,0.011154967028399451,-0.08649275433362083,0.03001709700625719,0.5876592634788422,3.4953673141569626,1.3626171737132347,55.41734165612053,55.41757208956119,55.42089936331101,55.42233609752711
848.0,29.184,-0.2864967042190799,-0.24614404645941174,0.669930660925511,0.012035689069704581,-0.08549216397457901,-0.33254879668600007,-0.0062434476042747145,0.017694908188799596,0.04922165183908351,0.030206816093637148,0.01664783834050375,-0.08455245625572293,0.029764911565041473,0.5850713965841422,3.495191597419208,1.3621582282989657,55.54086960668713,55.54132920111065,55.544399837249166,55.54570786094002
849.0,29.216,-0.28593601849589617,-0.2488079568037347,0.6593509171881403,0.01752142884949187,-0.08324719826009214,-0.33061699179283394,-0.006166210886185295,0.017398330785887227,0.05018255524490569,0.029965527387409374,0.022076420381537808,-0.0826228888174972,0.029499963483068384,0.5828751787007663,3.4948698670435987,1.36153096877884,55.66400979145182,55.66469187578613,55.66748288160406,55.66866305288711
850.0,29.248,-0.28520204700217905,-0.2514004742513101,0.6488779128072627,0.022936609178660063,-0.08101617023673235,-0.3272813869024252,-0.0060591056600610435,0.01709964849166303,0.05113528469587435,0.02971075870370716,0.027438773625679386,-0.0807139333858254,0.029223153841813492,0.581081711052386,3.4944033148067932,1.3607372049162045,55.78622994072205,55.78712618815918,55.78961800003914,55.7906721720496
851.0,29.28,-0.28429708218377026,-0.2539223657572106,0.6385563284878575,0.028280150575274766,-0.07880910955939013,-0.3225495099814128,-0.005924135358119593,0.01680022786805923,0.05207941821102815,0.029443344601731695,0.03273326905787953,-0.07883506288574231,0.028935462558535782,0.5797004462900781,3.493792674519898,1.3597787937394314,55.90699871892887,55.908099279790285,55.91027580899587,55.91120677630723
852.0,29.312,-0.28322344030746455,-0.2563747033754938,0.6284304069802465,0.03355130863455337,-0.0766355505713491,-0.3164350471128414,-0.005763471264771016,0.01650139131248456,0.05301456473394702,0.029164208592841592,0.037958592552496215,-0.07699526911956166,0.028637938239893322,0.5787391314516648,3.4930382331018506,1.358657631181072,56.025788054654086,56.02708169790873,56.028930344397295,56.02974178255445
853.0,29.344,-0.28198345091903626,-0.2587588461144193,0.6185437555971011,0.038749668388383916,-0.07450446059142211,-0.3089578557232961,-0.005579427277174826,0.016204407428295087,0.05394036694130184,0.02887435295551377,0.04311374634901249,-0.07520299485114953,0.028331687747277838,0.5782037572396262,3.492139850132532,1.3573756435708315,56.14207549413018,56.143549756124585,56.145061391005044,56.145757789843586
854.0,29.376,-0.28057944658252404,-0.26107641968051615,0.6089391492513403,0.04387513551600687,-0.0724241739405266,-0.3001439483050238,-0.0053744341455522465,0.015910482137385083,0.05485650365006567,0.028574848160832195,0.04819804754683531,-0.07346607137015783,0.02801786555635002,0.5780985140806675,3.4910969855843637,1.355934779082219,56.2553465671418,56.25698790606097,56.25815682358707,56.25874341508582
855.0,29.408,-0.2790137529992102,-0.26332929431887836,0.5996583349911578,0.04892792447855686,-0.07040233244881906,-0.29002544563070154,-0.005151013437318252,0.015620750600979935,0.05576269181142263,0.028266822000987707,0.05321112357827781,-0.07179166222437466,0.027697662994535327,0.5784257554158371,3.4899087352829925,1.3543369992355272,56.365097153617555,56.36689110816583,56.36771494842219,56.368197629899726
856.0,29.44,-0.2772886796010059,-0.2655195609792577,0.5907418390344507,0.053908543693885085,-0.0684458331368549,-0.2786404986470992,-0.004911751471139113,0.015336270007271792,0.05665868808465811,0.027951448514990006,0.05815290466013678,-0.0701862137661032,0.027372297441197093,0.5791859686498072,3.4885738735048197,1.3525842705606081,56.470835838630684,56.47276718940605,56.47324683310399,56.4736320866238
857.0,29.472,-0.2754065107078021,-0.26764950605764126,0.5822287773242392,0.058817777912618885,-0.06656078369948569,-0.2660331784441088,-0.004659273466370536,0.015058013276164173,0.057544289989462934,0.027629936806804936,0.06302361326892039,-0.06865541310022483,0.027043001575775154,0.5803777541613628,3.4870909019844714,1.350678556521699,56.57208624303773,56.574139175071,56.57427861212126,56.574573421012104
858.0,29.504,-0.27336949733178695,-0.2697215849805348,0.5741566706386296,0.06365666800047307,-0.06475246634042234,-0.2522533339252978,-0.004396218149843871,0.014786863722162556,0.05841933664005526,0.027303519851611755,0.0678237507314835,-0.06720415394823467,0.026711012759262985,0.5819978127442678,3.4854581044816135,1.3486218098032836,56.66838931659081,56.67054758153299,56.67035375529817,56.67056551872539
859.0,29.536,-0.2711798497038045,-0.27173839491362806,0.566561265292923,0.06842648837445184,-0.06302531040916487,-0.23735641705333022,-0.004125213055578366,0.014523610706479364,0.059283709069240104,0.02697344338572132,0.0725540810706196,-0.06583651085447995,0.026377562633910823,0.5840409418085053,3.4836736059463775,1.346415965050667,56.75930558006702,56.761552656535585,56.76103528588368,56.761171732422355
860.0,29.568,-0.2688397305876331,-0.2737026468874632,0.559476360467161,0.07312872238035555,-0.06138287418234843,-0.22140327580506458,-0.0038488507436695647,0.01426894629884284,0.06013733015492148,0.026640954974858383,0.07721561229249381,-0.06455572205987418,0.02604386702488523,0.5865000406266014,3.481735435228527,1.3440629321517137,56.84441730278329,56.846736553421074,56.84590793489743,56.84597703605953
861.0,29.6,-0.2663512494377118,-0.2756171376397908,0.5529336431793451,0.07776503593504007,-0.05982783601023682,-0.20445991524424537,-0.003569666152390247,0.014023462958471638,0.06098016416559383,0.026307293353655715,0.08180957534861485,-0.06336418125606093,0.025711116225718485,0.5893661248585761,3.4796415901994453,1.341564590137168,56.923330601811045,56.92570542566871,56.92458021827575,56.92459010292984
862.0,29.632,-0.2637164574444999,-0.2774847214771925,0.5469625319025258,0.08233724978787264,-0.058361994918803374,-0.18659722740060528,-0.00329011528253949,0.01378765223237924,0.06181221594493192,0.025973678126861563,0.08633740104778313,-0.06226343831180251,0.02538046574664587,0.5926283505324232,3.477390104099897,1.3389227817663907,56.99567744928143,56.998091428208014,56.996686423424464,56.99664529401875
863.0,29.664,-0.26093734349950837,-0.2793082824570702,0.5415900297927734,0.0868473107809852,-0.05698628062117748,-0.16789069092976158,-0.0030125553954561866,0.01356190445778722,0.06263352975873362,0.025641299919209593,0.09080069523201745,-0.06125420893566098,0.025053027601309348,0.5962740475953535,3.4749791118917033,1.3361393088533922,57.06111757438225,57.06355461219593,57.06188849197879,57.06180454343671
864.0,29.696,-0.25801583109930665,-0.2810907071851536,0.5368405884547289,0.09129726250630367,-0.05570077275260719,-0.14842004181388882,-0.0027392268861114307,0.013346509444160536,0.06344418783012556,0.025311311056505498,0.0952012125635467,-0.060336393107986545,0.024729862202752837,0.6002887630849462,3.472406915378977,1.333215928375065,57.11934024699725,57.1217847003095,57.11987778589977,57.11975912800252
865.0,29.728,-0.25495377619471693,-0.2828348585132643,0.5327359831220689,0.09568921576842858,-0.0545047290034586,-0.1282689166456247,-0.002472236970586233,0.013141658099425252,0.06424430859111678,0.02498481685525334,0.09954082929667975,-0.05950910198360346,0.02441197093412176,0.6046563138995183,3.469672045874996,1.330153776194717,57.17006593042693,57.172502730107354,57.170376724502205,57.17023130850632
866.0,29.76,-0.251752965978218,-0.28454355040730434,0.529295200072079,0.10002531926559143,-0.05339662168875147,-0.10752447031218614,-0.0022135453033848475,0.012947444954497225,0.06503404468027416,0.024662867591728914,0.10382151542765188,-0.05877069283778871,0.02410028945301545,0.6093588490741974,3.466773323224208,1.3269529659782182,57.213047791256756,57.21546255365108,57.213140280610276,57.2129758307708
867.0,29.792,-0.24841511858954238,-0.2862195242365373,0.5265343370269748,0.10430773089611317,-0.05237418216352987,-0.08627697015950445,-0.001964951614799132,0.012763871530523002,0.0658135807175108,0.02434645121425063,0.10804530662697413,-0.05811881150524139,0.02379568178105841,0.6143769213942298,3.463709910044954,1.3236151185895426,57.248073055202084,57.2504521823502,57.2479573247724,57.24778127535704
868.0,29.824,-0.24494188370682587,-0.2878654267125121,0.5244665172201457,0.10853859008489061,-0.0514344523742122,-0.06461936896341025,-0.0017280854323486982,0.012590850484394414,0.06658313088774716,0.024036486854198014,0.11221427636181816,-0.057550441647825405,0.02349893522200594,0.6196895681008766,3.460481360136475,1.320141883706826,57.274964198652704,57.277294966895475,57.274651807331146,57.27447124561714
869.0,29.856,-0.2413348439787084,-0.2894837896798692,0.5231018177237543,0.11271999150367057,-0.05057384272991006,-0.04264685926223113,-0.001504397923636099,0.012428210460296022,0.06734293636554575,0.02373381918247678,0.11633050861039881,-0.05706196008479247,0.023210756142683114,0.6252744003687979,3.457087660092323,1.3165348439787086,57.29357996665705,57.29585060316819,57.29308376913076,57.29290538477879
870.0,29.888,-0.2375955172417237,-0.29107701193225927,0.5224472125458538,0.1168539605307721,-0.04978819538718929,-0.020456411809390684,-0.0012951558712017985,0.01227570156843222,0.06809326261277143,0.023439213648363738,0.12039607155633965,-0.05664919733153831,0.02293176664138012,0.6311077011581171,3.453529263279856,1.3127955172417238,57.303816209217054,57.306015956146844,57.30315017274514,57.30298021384328
871.0,29.92,-0.23372535945736986,-0.2926473431952664,0.522506530911226,0.12094243076105754,-0.04907285196897346,0.0018536989178814783,-0.001101437763632753,0.01213300140674405,0.06883439658092032,0.023153352627451145,0.1244129926288827,-0.05630750242179083,0.022662502118140873,0.637164530970385,3.449807115479944,1.30892535945737,57.30560652900002,57.30772569506832,57.304785547313095,57.30462978328203
872.0,29.952,-0.22972576829461114,-0.2941968703851895,0.5232804310414553,0.12498722383620989,-0.048422724685095966,0.024184379069664537,-0.0009241319617015194,0.011999721537462633,0.06956664384903376,0.022876832494727477,0.1283832352251355,-0.0560318110353203,0.02240340975084852,0.6434188409664577,3.445922671629964,1.3049257682946114,57.29892273489643,57.300952734422275,57.297962441361626,57.2978261328113
873.0,29.984,-0.2255980872763776,-0.29572750621844796,0.5247663896473607,0.12899003181979826,-0.04783236978932698,0.04643620643454342,-0.0007639368741143845,0.01187541432779374,0.0702903257271022,0.022610161627823235,0.13230867741418878,-0.05581671591978576,0.02215484787031352,0.6498435928368671,3.4418779032739435,1.3007980872763778,57.283775097253425,57.285708476753655,57.28269167936948,57.2825795548993
874.0,30.016000000000002,-0.22134361040302475,-0.2972409802119298,0.5269587072419049,0.13295240229227617,-0.04729606229630745,0.06850992482950591,-0.0006213630549312093,0.011759580062903887,0.07100577635360773,0.022353759334403648,0.1361910928807959,-0.05565653858203015,0.021917086216905142,0.6564108847525427,3.43767529649332,1.2965436104030248,57.2602124020708,57.26204285469915,57.259022419254244,57.25893865909588
875.0,30.048000000000002,-0.21696358716176878,-0.29873883208045654,0.5298485292752297,0.13687572628924896,-0.04680787089146074,0.09030693854140256,-0.0004967371142342328,0.011651674239663764,0.07171333981438577,0.022107955686708446,0.140032134319604,-0.055545401230866286,0.021690307050836452,0.663092082666679,3.4333178402670774,1.292163587161769,57.22832180294654,57.23004417117532,57.227042009443224,57.22699023575794
876.0,30.080000000000002,-0.21245922782886195,-0.30022240750436746,0.5334238829867103,0.1407612291533382,-0.04636173199721624,0.11172980348376692,-0.0003902073154547655,0.011551114951252165,0.0724133673083409,0.02187299223559049,0.14383331944089653,-0.05547729797987101,0.02147460707821898,0.66985795618795,3.428809005387729,1.287659227828862,57.188228471082745,57.18983873814927,57.186875645690186,57.18685891925316
877.0,30.112000000000002,-0.20783170897071887,-0.3016928562086344,0.5376697297630468,0.14460996431697118,-0.0459515220083417,0.13268271176051702,-0.00030175071718488124,0.011457290275659462,0.07310621438376129,0.021649023566272158,0.14759601969671907,-0.0554461643636423,0.02127000014563809,0.6766788182019208,3.424152714236285,1.283031708970719,57.14009504518989,57.141590315938465,57.13868582931085,57.138706652244814
878.0,30.144000000000002,-0.20308217905129974,-0.30315113226548007,0.542568032687621,0.14842280998184756,-0.045571126776427315,0.15307196639294238,-0.00023118170445030796,0.011369565585242417,0.07379223826706183,0.021436119648521077,0.15132145178360115,-0.05544594428311711,0.021076420647455865,0.6835246673820449,3.4193533018916655,1.2782821790513,57.08412088464203,57.085499356486864,57.0826716300097,57.082731954169134
879.0,30.176000000000002,-0.19821176405572677,-0.30459799650567987,0.5480978388657516,0.15220046861165532,-0.045214507506243604,0.17280644306658083,-0.00017816174445241413,0.011287290699654411,0.07447179530378056,0.021234268925342557,0.15501067192599496,-0.055470653572697044,0.020893727582479774,0.6903653327045943,3.414415469214564,1.273411764055727,57.02054113071551,57.021802055530635,57.01906775794098,57.019168998497314
880.0,30.208000000000002,-0.1932215730442352,-0.30603402089999915,0.5542353760142187,0.1559434691091112,-0.04487576232247745,0.19179803588959665,-0.00014221019472371733,0.011209806810564903,0.07514523852957629,0.021043382076792152,0.1586645728944832,-0.05551443947192701,0.020721709190186136,0.697170619063671,3.4093442286993665,1.2684215730442354,56.94962558217259,56.95076921998049,56.948143451069015,56.94828650480754
881.0,30.240000000000002,-0.1881127035560007,-0.30745959475188767,0.5609541627124945,0.15965217150732788,-0.04454918287151613,0.20996208432112037,-0.00012271598748003263,0.011136453113424736,0.07581291538684524,0.020863296388955066,0.16228388366573115,-0.05557163538474022,0.020560088091474457,0.7039104530733452,3.4041448440273063,1.2633127035560008,56.87167739281072,56.87270495819117,56.870201185249094,56.870386453058565
882.0,30.272000000000002,-0.1828862467889674,-0.3088749325258522,0.5682251316284838,0.16332677396979098,-0.04422930543639121,0.22721777862466286,-0.00011895001262723971,0.011066573088975528,0.07647516560041549,0.02069378065304051,0.1658691715882496,-0.05563681041687772,0.020408526855025543,0.7105550281441148,3.398822764376757,1.2580862467889675,56.78703159987119,56.78794520204648,56.785575215725025,56.785802628741784
883.0,30.304000000000002,-0.17754329248933987,-0.3102800831230083,0.5760167649540725,0.1669673218633601,-0.043910956161128833,0.243488541424648,-0.00013007802323883655,0.01099952038506384,0.07713231922360458,0.020534540515701003,0.16942084688003034,-0.0557048132945474,0.02026663390779596,0.7170749479302347,3.3933835546500255,1.25274329248934,56.69605349337266,56.696856070944676,56.694629959913925,56.69489900877352
884.0,30.336000000000002,-0.17208493349269516,-0.31167494040621296,0.5842952412161553,0.17057371864514698,-0.04358929010014538,0.2587023831900866,-0.00015517389120564128,0.010934664257446373,0.07778469486375589,0.020385224199130754,0.17293916925176236,-0.05577081038140351,0.020133969707016627,0.7234413672629013,3.3878328228579373,1.2472849334926952,56.5991368374915,56.599832088810984,56.59775823241472,56.59806799906369
885.0,30.368000000000002,-0.1665122698675097,-0.3130592547718646,0.5930245925676453,0.1741457382870456,-0.04325982392661301,0.27279222973406225,-0.00019323304693247712,0.01087139453648706,0.07843259809422148,0.020245428508495426,0.17642425642304374,-0.05583031762422719,0.020010053091250386,0.7296261297114477,3.3821761459623483,1.2417122698675098,56.49670195604124,56.49729426618027,56.49537934411453,56.495728535644496
886.0,30.400000000000002,-0.16082641262107134,-0.314432645563799,0.6021668716107617,0.17768303895119855,-0.042918462247951115,0.28569622009738643,-0.00024318594517457338,0.010809126094808363,0.07907632005764884,0.020114705044371725,0.17987609427913864,-0.0558792263674188,0.01989436772955614,0.7356019009502137,3.376418995511065,1.2360264126210714,56.38919369489688,56.389688060174116,56.38793707807579,56.38832406205781
887.0,30.432000000000002,-0.15502848693705473,-0.3157946141265041,0.6116823267619484,0.18118517762551867,-0.04256151758453421,0.297357973474587,-0.00030391140907217655,0.010747302798914048,0.07971613626337079,0.0199925665394514,0.18329454840236298,-0.055913823080380634,0.0197863685905198,0.7413422971519898,3.3705666644088637,1.230228486937055,56.27707927486029,56.27748122583524,56.275897555549385,56.276320396370174
888.0,30.464000000000002,-0.14911963492328348,-0.3171445572998574,0.6215295851343074,0.18465162543035152,-0.042185724167290474,0.30772682413621855,-0.00037424971587142036,0.010685400935433992,0.08035230557971285,0.019878493241471867,0.18667937670512,-0.05593080313807226,0.019685488356739347,0.746822007679241,3.364624196152067,1.2243196349232837,56.16084604896575,56.16116157277479,56.159747005979185,56.16020350170909
889.0,30.496000000000002,-0.1431010178572063,-0.3184817811654395,0.6316658418894647,0.18808178331491157,-0.04178824579944073,0.31675802359866473,-0.0004530153004013114,0.010622932109831609,0.08098506942013461,0.019771939268153144,0.19003024289058798,-0.055927278881818955,0.019591143715159864,0.7520169114008836,3.35859631781276,1.2183010178572065,56.04099917857495,56.04123464143058,56.03998945522967,56.040477174586016
890.0,30.528000000000002,-0.13697381792521296,-0.31980551486482417,0.6420470549962435,0.1914749978747918,-0.04136667810577043,0.3244129095868357,-0.0005390089657963416,0.01055944562207862,0.08161465112032158,0.019672338864635566,0.19334673047178177,-0.055900782263433924,0.019502741459311634,0.7569041860243533,3.3524873779930617,1.212173817925213,55.91805924281343,55.9182213134289,55.91714434648863,55.91766066549445
891.0,30.560000000000002,-0.13073923945997057,-0.3211149243227053,0.652628144328153,0.19483057703882453,-0.04091904555878451,0.3306590416221712,-0.0006310295049201898,0.010494530329861048,0.08224125550166728,0.01957911249950751,0.19662835708947285,-0.05584926244010577,0.019419684345833108,0.7614624098991108,3.3463012908811955,1.2059392394599708,55.79255979595258,55.79265537058982,55.79174410836655,55.792286246344
892.0,30.592000000000002,-0.12439850968735253,-0.32240912572188307,0.6633631940351723,0.19814780539431365,-0.040443793724306114,0.33547030334435374,-0.000727884650175979,0.010427816015284572,0.08286506861503627,0.019491672741794117,0.19987458888380624,-0.05577107873972681,0.019341376654514884,0.7656716558175951,3.3400414874313307,1.1995985096873527,55.66504488725212,55.66508101702293,55.664331684642235,55.66489673922054
893.0,30.624000000000002,-0.11795287900116908,-0.32368719859258094,0.6742056571371337,0.20142595894323267,-0.03993977720930828,0.33882697193629197,-0.0008284012836003244,0.010358974275758033,0.08348625765729233,0.01940942986785156,0.2030848546925316,-0.055664989456115296,0.019267229408308092,0.7695135764119255,3.333710874560458,1.1931528790011692,55.53606655755212,55.5360503785312,55.53545803989556,55.53604302075465
894.0,30.656000000000002,-0.11140362078972155,-0.32494819839489636,0.6851085613056216,0.20466431910773508,-0.03940624382235688,0.3407157552652477,-0.0009314348531110675,0.010287718963735995,0.08410497105182588,0.01933179715431971,0.20625855986994096,-0.05553013696121742,0.019196665217133566,0.7729714808183389,3.327311803110717,1.1866036207897217,55.40618232655045,55.406120993187955,55.40567965493088,55.406281516042114
895.0,30.688000000000002,-0.10475203084314796,-0.3261911684900147,0.6960247148280416,0.2078621858304243,-0.03884281547244895,0.34112979757562584,-0.0010358779542797758,0.010213806203294151,0.08472133868322343,0.019258195820351393,0.20939509954405097,-0.055366029637262865,0.01912912271676327,0.7760304023554024,3.320846045167464,1.1799520308431481,55.275952684233744,55.275853306481906,55.27555602544082,55.276171695607005
896.0,30.72,-0.09799942637458585,-0.3274151514127665,0.7069069117806317,0.21101888964258933,-0.03824946633599722,0.34006865476847725,-0.0011406680498573251,0.010137034014103449,0.08533547227530083,0.019188059589680017,0.21249387115458282,-0.05517252113667976,0.01906406058136452,0.7786771570354716,3.314314781155294,1.173199426374586,55.14593859935555,55.145808183854875,55.145647176801496,55.14627358833544
897.0,30.752,-0.0911471446913496,-0.3286191993748543,0.7177081354759156,0.21413380260113254,-0.03762649881524322,0.337538240477622,-0.001244794311335634,0.010057241575295082,0.08594746590096913,0.019120838850127952,0.21555428613994843,-0.05494978747227536,0.019000961095384055,0.7809003928007079,3.3077185969595573,1.1663471446913498,55.01669905719268,55.01654445279429,55.0165112072377,55.017145322655054
898.0,30.784,-0.08419654155462644,-0.3298023839443214,0.728381759293582,0.21720634802259856,-0.03697451779584648,0.333550744302073,-0.0013473035779584545,0.0099743081630037,0.08655739661182263,0.019056004395045453,0.21857578066802982,-0.05469830242614995,0.018939333277175764,0.7826906294443969,3.301057491143134,1.1593965415546266,54.88878863807497,54.88861648590786,54.88870187086984,54.88934070750844
899.0,30.816,-0.07714898926767398,-0.3309638048623208,0.7388817440511769,0.2202360089672642,-0.03629440368748193,0.32812452367484185,-0.001447305438720123,0.009888151796057459,0.08716532517492694,0.018993050737676934,0.22155782532984977,-0.05441881174342642,0.018878715553056653,0.7840402892443737,3.2943308921508034,1.1523489892676742,54.762755147371344,54.762571835609556,54.76276621136167,54.76340686386194
900.0,30.848,-0.07000587453320778,-0.33210259797276137,0.7491628311214547,0.22322233545206863,-0.03558728470126785,0.3212839709461794,-0.0015439764519331492,0.0097987276244995,0.08777129690403825,0.018931498995549575,0.22449993374130403,-0.05411230654878549,0.018818677986225354,0.784943718397558,3.2875376852198803,1.1452058745332079,54.63913730678715,54.63894893020206,54.63924225604691,54.639881916669296
901.0,30.88,-0.06276859612066162,-0.33321794225378953,0.7591807305558907,0.2261649503920674,-0.034854508782130075,0.31305935732612766,-0.0016365635248925695,0.00970602609525999,0.08837534257239543,0.018870899347451314,0.22740167002002806,-0.05377999638983294,0.01875882407014167,0.7853971994020883,3.2806762485489966,1.1379685961206618,54.51846251592996,54.51827484027262,54.51865677954691,54.51929275631348
902.0,30.912,-0.05543856238336141,-0.33430906595218174,0.7688923035279038,0.22906355429063124,-0.034097615574756365,0.3034866553754086,-0.0017243864829945854,0.009610070928620212,0.08897747939428362,0.01881083307062108,0.23026265512639824,-0.05342328227382806,0.01869879210050204,0.7853989545859585,3.2737444981200534,1.1306385623833615,54.4012446922223,54.401063123424045,54.40152314499563,54.40215287767435
903.0,30.944,-0.04801718866445341,-0.33537525183249356,0.7782557384639633,0.23191792871587472,-0.03331830875974437,0.2926073417518595,-0.001806839863404675,0.009510916938005964,0.08957771206276352,0.01875091417009607,0.23308257207675898,-0.053043730024124776,0.018638256143830453,0.7849491410279305,3.26673994042394,1.1232171886644535,54.28798219633563,54.28781175447642,54.28833923010097,54.288960304065256
904.0,30.976,-0.04050589462875228,-0.3364158415621899,0.7872307202852447,0.23472793861566013,-0.032518429053010584,0.2804681819150408,-0.0018833939730460974,0.00940864772428291,0.09017603383127686,0.018690790615894202,0.23586117005396504,-0.052643044240982484,0.018576926623935407,0.7840498371575433,3.259659732211036,1.1157058946287524,54.17915584943989,54.179001147393656,54.17958544438708,54.180195602401135
905.0,31.008,-0.03290610155560744,-0.3374302392619568,0.7957785922361511,0.23749353353577599,-0.03169992811771595,0.2671209984658263,-0.0019535952543504164,0.009303373274113918,0.0907724276272673,0.01863014520688854,0.23859826745494964,-0.05222304310935086,0.01851455055006207,0.7827050213560934,3.2525007462745443,1.1081061015556075,54.075227047699954,54.07509227433414,54.07572284310358,54.076319995096696
906.0,31.04,-0.025219229625509855,-0.3384179142569903,0.8038625098282484,0.24021474781554938,-0.03086484359479666,0.25262242475303903,-0.0020170660049346014,0.009195227490150573,0.09136686718647438,0.018568696082567303,0.24129375392720925,-0.051785634254714975,0.018450911412529317,0.7809205429094425,3.245259642179875,1.10041922962551,53.97663597862753,53.97652488640422,53.977191342463115,53.977773573366576
907.0,31.072,-0.017446695230554976,-0.33937840307032197,0.8114475864784089,0.24289169984233974,-0.03001527541661439,0.23703364531751556,-0.002073503499236499,0.00908436567891678,0.09195931819716269,0.018506196905992915,0.24394759145587633,-0.05133279180803284,0.018385828772997,0.7787040856864589,3.237932940777683,1.0926466952305551,53.8837999431138,53.883715839916505,53.884408040085916,53.8849736158152
908.0,31.104,-0.00958990833611628,-0.3403113107032438,0.8185010304677975,0.24552459045120903,-0.029153363528806504,0.2204201246683959,-0.0021226785612150256,0.00897096202024679,0.09254973944420908,0.018442436742379182,0.24655981457051276,-0.050866534802739255,0.018319157577324968,0.7760651249339611,3.2305171012823153,1.0847899083361163,53.79711178624263,53.797057531231964,53.79776564380243,53.798313015473305
909.0,31.136,-0.0016502699182359328,-0.34121631125072627,0.8249922728933697,0.24811370055876064,-0.02828126710882788,0.20285132579913098,-0.002164433637604702,0.008855207040110927,0.09313808394368586,0.01837723965866847,0.24913052974601732,-0.05038890699142226,0.01825078721929055,0.7730148775904244,3.2230085996616924,1.076850269918236,53.716938439315506,53.71691644260114,53.71763101129479,53.71815881776666
910.0,31.168,0.006370830501632259,-0.34209314790149004,0.8308930863255143,0.2506593881208808,-0.02740114533636773,0.18440041975451693,-0.002198680420996698,0.008737305106634407,0.09372430005932392,0.018310464069767707,0.25165991407524835,-0.04990195813752978,0.018180640383291945,0.769566246526754,3.2154040070688947,1.0688291694983678,53.64361957491605,53.643631800819314,53.644343802452475,53.64485087129513
911.0,31.2,0.014472017205733203,-0.3429416323732015,0.8361776939241655,0.25316208450315425,-0.02651513974098391,0.165143987457851,-0.002225397071280291,0.00861747196712121,0.0943083325930082,0.018242001857063008,0.2541482132923394,-0.04940772680852491,0.018108671693631652,0.765733759123508,3.2077000670494895,1.060727982794267,53.57746637630879,53.57751434998073,53.578215245780996,53.57870059276277
912.0,31.232,0.022651930496942307,-0.3437616438332402,0.8408228688010093,0.2556222903502843,-0.025625358126208825,0.14516171490136842,-0.002244625082817929,0.008495932341963698,0.09489012384223434,0.018171777284355442,0.25659573922540435,-0.04890822467156292,0.018034866197108482,0.7615335005905187,3.1998937702812955,1.0525480695030578,53.51876042200233,53.51884523915517,53.51952701973582,53.51998984693196
913.0,31.264,0.030909228770132108,-0.3445531273547501,0.8448080234472898,0.25804057103718103,-0.024733860047183497,0.1245360826962644,-0.0022564658432217624,0.008372917589468776,0.09546961461822476,0.01809974573562006,0.2590028667556301,-0.04840542227115539,0.017959237704510873,0.7569830424274038,3.1919824256438734,1.0442907712298681,53.467752685914945,53.46787502542027,53.468530249457984,53.468969942077095
914.0,31.296,0.039242590427083654,-0.34531609195636054,0.8481152890752353,0.2604175517797356,-0.023842643800326878,0.10335205087329606,-0.0022610769278328217,0.008248663453884057,0.09604674521916735,0.01802589229807456,0.2613700303568671,-0.0479012362501902,0.017881827015240877,0.7521013664125442,3.183963726472467,1.0359574095729165,53.42466265325791,53.42482279236302,53.4254446190629,53.425860741089124
915.0,31.328,0.047650715626376516,-0.3460506082721632,0.8507295847463796,0.2627539124779017,-0.022953634868833735,0.0816967397232609,-0.0022586681720475517,0.008123407907270612,0.09662145635377244,0.017950230212744847,0.26369772028595695,-0.04739751796127845,0.01780270004778663,0.7469087844942793,3.1758358109241906,1.0275492843736236,53.38967755199787,53.38987538391073,53.39045759937603,53.39084988812301
916.0,31.36,0.05613232786182573,-0.34675680589637237,0.8526386761822545,0.2650503823577877,-0.022068675756535865,0.05965910737109123,-0.0022494975615535034,0.007997389094350398,0.09719369001105689,0.017872799213468127,0.2659864784894158,-0.046896043404343155,0.017721945897127164,0.7414268549419505,3.1675973154716224,1.0190676721381744,53.36295169956965,53.36318675316423,53.36372379081722,53.364092150488005
917.0,31.392,0.06468617536496911,-0.3474348704446843,0.853833224172311,0.2673077344732303,-0.021189517134747784,0.0373296246892647,-0.0022338669783945743,0.00787084338806479,0.0977633902729383,0.017793663773853857,0.26823689428692776,-0.0463985044185468,0.017639674838463803,0.7356782950965904,3.159247420639277,1.0105138246350311,53.34460596438034,53.34487742577634,53.34536438100189,53.34570887534745
918.0,31.424,0.07331103232883972,-0.34808504037178173,0.8543068225108121,0.26952678012095627,-0.02031781022179475,0.014799948078160471,-0.002212117838624889,0.007744003562307137,0.09833050406685939,0.017712911280215283,0.2704495998865776,-0.04590650105174052,0.017556016294961542,0.7296868910421282,3.150785888210269,1.0018889676711604,53.33472734157021,53.335034077344424,53.33546671654967,53.33578756071646
919.0,31.456,0.0820056999517876,-0.34870760358179237,0.8540560254091676,0.27170836321712094,-0.019455100312832495,-0.00783740942639221,-0.0021846266551832443,0.007617097087143688,0.09889498185625863,0.017630650147042376,0.2726252657810538,-0.04542153502846103,0.017471116785492485,0.7234774044985335,3.1422130892524587,0.9931943000482125,53.33336864246787,53.33370922425852,53.334083988560614,53.33438154021615
920.0,31.488,0.09076900730144777,-0.34930289386588304,0.853080364343155,0.2738533546768802,-0.018602821377833294,-0.030489408312892013,-0.002151800557555974,0.007490344550799128,0.09945677826725959,0.01754700789017271,0.27476459606833975,-0.0449450042376446,0.017385137866730207,0.7170754772189415,3.1335300224440994,0.9844309926985524,53.34054829718949,53.34092102745985,53.34123503122972,53.34150978105313
921.0,31.52,0.09959981200009836,-0.3498712871986185,0.8513823543061221,0.2759626468328308,-0.017762291647982816,-0.053062813657279946,-0.0021140727978257077,0.007363958211753889,0.10001585265045891,0.0174621291713591,0.2768683237348177,-0.044478198163426325,0.017298254082390854,0.7105075331540277,3.124738322317001,0.9756001879999018,53.35625026987772,53.35665320861062,53.356904233114975,53.35715679473793
922.0,31.552,0.10849700073362659,-0.35041319792229475,0.8489674894500294,0.27803714792275674,-0.016934710114883247,-0.07546452675289549,-0.0020718982708377177,0.007238140683466798,0.10057216957716573,0.017376173826698718,0.27893720593337046,-0.044022294186349696,0.017210650930954433,0.7038006786292372,3.115840257179279,0.9667029992663736,53.38042408614581,53.38085507824624,53.38104156064142,53.381272660123955
923.0,31.584,0.11745948958713755,-0.35092907484621505,0.8458442281065632,0.2800777766722173,-0.016121153872509356,-0.0976019169833183,-0.002025749074485853,0.007113083753488315,0.10112569926987039,0.017289314890145544,0.2809720192840692,-0.043578354687648355,0.0171225228618715,0.6969826007644149,3.1068387166282228,0.9577405104128626,53.412984972378986,53.41344167556827,53.41356269351082,53.41377315843463
924.0,31.616,0.1264862242109191,-0.35141939728584537,0.8420239671909753,0.28208545699317317,-0.015322576238447475,-0.1193831536121236,-0.0019761101345078607,0.006988967338056387,0.10167641796711269,0.017201736622270276,0.28297355522048334,-0.043147324895633665,0.01703407130905675,0.6900814643513281,3.0977371887154654,0.9487137757890811,53.45381410663892,53.45429401963032,53.45434927177778,53.45454002003924
925.0,31.648,0.13557617982103487,-0.35188467106499366,0.8375210060022925,0.2840611128161177,-0.014539805598384041,-0.14071753714633622,-0.0019234749167026523,0.006865958572654298,0.10222430822327262,0.01711363255346693,0.28494261540058874,-0.04273003142045289,0.01694550276941632,0.6831258073929234,3.088539726979909,0.9396238201789653,53.5027589810098,53.50325947176186,53.503249254446054,53.503421282830196
926.0,31.68,0.14472836103927722,-0.3523254245026119,0.8323524994455356,0.2860056630700732,-0.013773544925569843,-0.1615158298986541,-0.0018683412481263178,0.006744211038446218,0.10276935914412792,0.01702520354996698,0.2868800071977452,-0.042327181431060075,0.016857026933246463,0.6761444354992114,3.0792509077171473,0.9304716389607229,53.55963387530742,53.56015220915838,53.56007738952085,53.56023176213676
927.0,31.712,0.15394180157759257,-0.3527422044045316,0.8265384007150584,0.2879200168223546,-0.013024371934990108,-0.18169058532741308,-0.001811207267578229,0.006623864123977271,0.10331156655931656,0.01693665591037201,0.28878653928429987,-0.04193936243609309,0.01676885487257654,0.6691663153287158,3.0698757780059305,0.9212581984224075,53.624220442137336,53.62475380963128,53.624615795517464,53.62475363217471
928.0,31.744,0.16321556377241403,-0.35313557207940577,0.8201013934934899,0.28980506858817023,-0.012292739839818424,-0.20115647567401485,-0.001752567524542172,0.006505042521026537,0.10385093313310635,0.01684819949981223,0.29066301731804883,-0.041567042638082675,0.01668119729291413,0.6622204672616205,3.0604197951606533,0.9119844362275862,53.696268403326556,53.69681394754856,53.696614654463914,53.69673711906951
929.0,31.776,0.17254873797461878,-0.35350609939732996,0.8130668137384363,0.2916616938188983,-0.011578978685131126,-0.2198306173454253,-0.001692909244670111,0.006387855853006837,0.10438746841512213,0.016760045928448708,0.29251023974007423,-0.04121057183774928,0.016594262853360305,0.6553358574912755,3.0508887584221602,0.9026512620253814,53.775496357757206,53.7760512010034,53.775793016440545,53.77590130549471
930.0,31.808,0.18194044180109017,-0.35385436490903527,0.8054625611494314,0.29349074457723073,-0.010883297240790724,-0.23763289340640223,-0.001632708778886372,0.006272398433824871,0.1049211888329044,0.016672406780683487,0.29432899369135007,-0.04087018287205371,0.016508256559710235,0.648541289724611,3.041288733835265,0.89325955819891,53.8615927005945,53.86215397021056,53.861839715662256,53.8619350469301
931.0,31.84,0.1913898192541221,-0.35418095004315836,0.7973190004309336,0.29529304540724743,-0.010205785441346612,-0.2544862724530546,-0.0015724282521972991,0.006158749154625925,0.10545211762838706,0.016585491901245766,0.2961200510549556,-0.04054599357564116,0.01642337823490241,0.6418652966892827,3.0316259733883144,0.883810180745878,53.95421665381688,53.9547815070464,53.95441439802432,53.954497999460166
932.0,31.872,0.20089603971517225,-0.3544864353988659,0.7886688524937081,0.29706938940781696,-0.00954641736585978,-0.27031712303829714,-0.001512512427317164,0.0060469714953434095,0.10598028474057956,0.016499507744218312,0.29788416463070805,-0.040238009260462934,0.016339821071032722,0.6353360316559538,3.02190682960548,0.8743039602848279,54.05299940781818,54.05356505551242,54.053148659896394,54.05322175889489
933.0,31.904,0.21045829681976266,-0.3547713971510077,0.7795470757669087,0.29882053451845003,-0.008905054754431907,-0.28505552271248,-0.0014533857972210966,0.005937113657462374,0.10650572663693224,0.01641465579096754,0.29962206444947476,-0.03994612571237463,0.01625777026706967,0.6289811601978652,3.012137666884233,0.8647417031802375,54.15754537365729,54.1581091027059,54.157647297752426,54.15771111079942
934.0,31.936,0.22007580722065156,-0.35503640358495137,0.769990737826722,0.3005472000277779,-0.008281451060739707,-0.29863556063083513,-0.0013954499196934453,0.005829208813867029,0.10702848609604362,0.016331131043002673,0.29901786063726576,-0.039365157373436585,0.01617740175639901,0.6229228631175313,3.002324770956044,0.8551241927793486,54.450754592826705,54.15529656148018,54.115823360579604,54.41189630907254
935.0,31.968,0.22974784144855825,-0.35528200031489154,0.7600445801972804,0.30225106962208376,-0.00767489781063057,-0.3108174259200504,-0.00164664256815036,0.003391526463745387,0.10755308179079262,0.016277565329261792,0.2940376337742442,-0.038242219614118216,0.01609261970654738,0.6173750148003347,2.9924743755992123,0.8454521585514418,54.79136282503908,54.17835901932029,54.09879851238545,54.712542100595094
936.0,32.0,0.23945091244844277,-0.35550815808669867,0.749766602346791,0.3032209687463909,-0.007067430368972582,-0.3211868078277916,-0.0025250466440444276,-0.0038920896787282377,0.10808980639809558,0.016297953054160975,0.28967979323777276,-0.03723827904675082,0.015987704826855718,0.6123093214635063,2.9826151851199003,0.8357490875515574,54.5964074316109,54.60554485310995,54.608129911437445,54.60023348284763
937.0,32.032000000000004,0.24911352022181643,-0.35571389318301844,0.7392126673391871,0.3019564929178931,-0.006429221759992098,-0.329810468987586,-0.003378963344249918,-0.011108129831482783,0.10862732981868008,0.016131489701011453,0.28512529822978816,-0.03623480016637004,0.015874019345696582,0.6076655972152034,2.972822805019966,0.8260864797781837,54.67483986226572,54.80611271609593,54.82401414103533,54.69377116862638
938.0,32.064,0.2586640682378989,-0.3558984631805205,0.7284349441486616,0.29845462550260976,-0.0057678124219396575,-0.336803849703959,-0.004087203714893036,-0.017285253616865223,0.109162407309427,0.015998834357843168,0.28023607292034164,-0.03520863562559061,0.015751594785997986,0.6033860003567285,2.963172264225138,0.8165359317621013,54.791409751444995,54.959304505016085,54.981135194535234,54.81422939925154
939.0,32.096000000000004,0.26804061510271177,-0.3560615151341158,0.7174817056740143,0.29301708952536953,-0.005095373549853773,-0.3422887023326915,-0.004617979033573566,-0.02212904448126776,0.10969158432964479,0.015874619293245837,0.2750200450353155,-0.03415637628382953,0.015621375370908623,0.5994208824348922,2.953728353247475,0.8071593848972884,54.911898144561185,55.09300182981843,55.11574093432494,54.93565022475705
940.0,32.128,0.2771940244374429,-0.3562030668475469,0.7063979136397154,0.2860440417103794,-0.004423491044720925,-0.3463685010718781,-0.004963219876510289,-0.02553107595031438,0.11021197034743603,0.015747979584337074,0.26955280476434573,-0.03308380550852821,0.015484331804829774,0.5957301934969487,2.9445425194414323,0.7980059755625573,55.03081099332598,55.21358333578164,55.23581271418532,55.05409496284768
941.0,32.160000000000004,0.28608926617623903,-0.3563234495044413,0.6952258659385007,0.27797630433734805,-0.0037619580279496475,-0.3491264906629208,-0.00512615648780553,-0.02747505660739783,0.11072165122939581,0.015615278798677317,0.26395956510314367,-0.032003426944398373,0.015340963019478447,0.5922836520810635,2.9356515922309567,0.7891107338237611,55.14714396681171,55.3240660264742,55.344903018526324,55.16907822198064
942.0,32.192,0.2947057766940487,-0.35642323649093327,0.6840057944170689,0.26926595368158124,-0.003118343327875025,-0.3506272350447819,-0.0051171953072470956,-0.028005097921133502,0.11121978229026844,0.015475569475387713,0.2584076316562518,-0.030933286935291973,0.01519118513074773,0.5890603453545481,2.9270774374114956,0.7804942233059515,55.26051459319226,55.42690658445287,55.44583329145966,55.2805788375776
943.0,32.224000000000004,0.3030371867225885,-0.3565031670635336,0.6727763701404708,0.26035656339184027,-0.0024978303937592933,-0.350919508643652,-0.004951049722868104,-0.027203216968232514,0.11170645762688941,0.015328767626395939,0.25310018502712694,-0.029895910032007804,0.015034492519669195,0.5860479883889003,2.9188272350851174,0.7721628132774117,55.37069315364682,55.524270989063915,55.541067749799446,55.38866701480925
944.0,32.256,0.3110906414203926,-0.3565640701703809,0.6615751024711628,0.2516704593064061,-0.0019032220889786415,-0.3500396146659122,-0.004644340870046252,-0.025170232668628577,0.11218246854497328,0.015174878316126942,0.24827006602514795,-0.028917231383478313,0.014870246775850852,0.5832420153781204,2.9108941607194008,0.7641093585796075,55.477610525143426,55.6179882705266,55.632665016855164,55.493505797633084
945.0,32.288000000000004,0.318885906911971,-0.35660679195146705,0.6504386375017233,0.24360204661179727,-0.001335055658942461,-0.3480145302949467,-0.004213719951912009,-0.022010531929988274,0.11264904827868198,0.015013759884591412,0.24417357226050887,-0.02802557511926756,0.014697969593087655,0.5806446691898972,2.9032582788634436,0.7563140930880292,55.581399731792786,55.70952394558688,55.722246836807415,55.59538578417933
946.0,32.32,0.3264544207285798,-0.35663212888597134,0.6394029734586089,0.2365160567690504,-0.0007917792032592808,-0.344864501347363,-0.0036745737355480734,-0.01782129603716351,0.11310766460527971,0.014845180753341122,0.23894492228914763,-0.027008894684344052,0.014517563521429362,0.5783920248892289,2.8958874952785254,0.7487455792714204,55.855829911110625,55.70002878233948,55.68014894530037,55.837260542999154
947.0,32.352000000000004,0.3338382585589564,-0.3566407545177359,0.628511395338214,0.23074493219924308,-0.00026955099264276455,-0.3403618162623017,-0.0032909471892177897,-0.014898250776828893,0.11356708298372463,0.01467296483827489,0.23332065945330288,-0.025960526795541245,0.014319341897211199,0.5765972585167535,2.888738453730419,0.7413617414410438,55.98872212777508,55.82992830877407,55.810588430102925,55.97079674086818
948.0,32.384,0.34106671765472657,-0.3566331865665338,0.6178125872339525,0.2258893467428433,0.00023649847506575057,-0.33433775325820847,-0.0030584777336101925,-0.013269077878738543,0.11402550871648105,0.014485945957393973,0.22859250799418854,-0.025025368422980157,0.014107617755237984,0.5752683817376895,2.881779685685407,0.7341332823452735,56.022926801714405,56.035235817158366,56.03546869428659,56.024672991651244
949.0,32.416000000000004,0.348155990329404,-0.3566098907012052,0.6073542876788353,0.22153977108364412,0.0007279957915193193,-0.326821861097377,-0.0028177062910751567,-0.011546017172073647,0.11447736575463384,0.014277593471139455,0.22435959215783824,-0.024155707539320177,0.01389122140240667,0.5744112165076574,2.8749920247364775,0.7270440096705961,56.15082265164606,56.161299367196484,56.161288597812934,56.15235737053744
950.0,32.448,0.35512340987692775,-0.3565712968407746,0.5971833578659622,0.21773186086014207,0.0012060581384561117,-0.31784155665231756,-0.0025704770718225135,-0.009743917820882667,0.1149225955860362,0.014064318695209948,0.22065679496415755,-0.023355214865003526,0.013671334141319188,0.5740297461821667,2.868354518814361,0.7200765901230723,56.275823124078684,56.2838259999085,56.2835065476374,56.27707561002315
951.0,32.480000000000004,0.3619873062215727,-0.3565177964695898,0.5873455445727571,0.214496760770131,0.0016718865995244763,-0.30743166541262495,-0.0023192008755458507,-0.007882916423361731,0.11536116487936088,0.01384690611132651,0.21751458612211308,-0.02262701504656924,0.013449167927012966,0.5741260295872656,2.8618446366786268,0.7132126937784274,56.39700927748244,56.402577888481744,56.401961704555816,56.39798404629376
952.0,32.512,0.3687668010222369,-0.3564497406645572,0.5778852659815612,0.21185921252077955,0.0021267439072692167,-0.2956337059749049,-0.002066234049573878,-0.00598288675016193,0.11579305430966194,0.01362638887585996,0.21495716952984553,-0.02197347816638288,0.013225967772933053,0.574700155043423,2.8554385454938047,0.7064331989777632,56.513841188826234,56.51703732338544,56.516139319400295,56.51454486925279
953.0,32.544000000000004,0.37548159989676994,-0.3563674387461708,0.5688454021497967,0.20983746482913349,0.002571934949575628,-0.28249574474260813,-0.001813856461012334,-0.004063248024007547,0.11621826174092853,0.013403926793615914,0.21300239529827503,-0.02139621360016943,0.01300299390036596,0.5757502059438039,2.849111401103863,0.6997184001032302,56.62579654922051,56.62670049639948,56.625537856279166,56.626237640673196
954.0,32.576,0.3821517840652564,-0.35627115755082794,0.5602670914846769,0.20844325526522517,0.0030087873544637333,-0.2680722082850241,-0.0015642530483990808,-0.0021428035142103943,0.1166368042437432,0.013180744641562601,0.2116617420504319,-0.02089607228517531,0.012781505544046612,0.5772722382524708,2.8428376471026953,0.6930482159347437,56.73237205666675,56.73108121986169,56.72967306837944,56.73256086157457
955.0,32.608000000000004,0.3887976035266936,-0.3561611213143123,0.5521895344961024,0.20768185816988985,0.0034386323911127542,-0.2524236558929244,-0.0013194968427903016,-0.00023959007615390838,0.11704871961608879,0.012958095094160947,0.21094036382541992,-0.020473156914841837,0.012562745642103829,0.5792602701390065,2.836591318838556,0.6864023964733066,56.83308609557749,56.8297134612129,56.828080565830454,56.83303459800327
956.0,32.64,0.39543927388328254,-0.3560375121479386,0.5446498060253008,0.20755219864342642,0.003862786449179085,-0.2356165147125773,-0.0010815335933781684,0.0016292601837112463,0.11745406770416107,0.012737233337672458,0.2108372015772881,-0.02012684008117825,0.012347926149102037,0.5817062838413518,2.8303463483913367,0.6797607261167176,56.92748129503039,56.922153787762426,56.920318272905774,56.92720300892802
957.0,32.672000000000004,0.40209677889531625,-0.3559004710808667,0.5376826770630416,0.20804703162603033,0.004282533345996645,-0.21772278007057408,-0.0008521681208860899,0.0034476449992530897,0.11785293161131362,0.012519397360002349,0.21134515831214978,-0.019855790213549718,0.012138213991731095,0.5846002397293744,2.8240768665367786,0.6731032211046839,57.0151269493311,57.007983703784596,57.00596876990844,57.01463674892802
958.0,32.704,0.4087896807858424,-0.355750099634642,0.5313204471822223,0.20915318407896447,0.004699107694522591,-0.19881968377562687,-0.0006330525016940996,0.005200602834219367,0.11824541878436205,0.012305791198718052,0.2124513359203791,-0.01965800501379485,0.011934717811738535,0.5879301024295396,2.8177574977609874,0.6664103192141577,57.09562128848143,57.08681186227185,57.08464150786485,57.09493522762235
959.0,32.736000000000004,0.4155369402180289,-0.35558646188923837,0.525592788517478,0.21085185725580496,0.005113679543862614,-0.1789893332732371,-0.00042567616446572077,0.006874408785767632,0.11863166192257578,0.012097569999555054,0.2141373307654059,-0.019530851950957526,0.01173847568719574,0.5916818787686612,2.8113636445087398,0.6596630597819713,57.16859358643077,57.15827613678159,57.15597488417219,57.1677287110708
960.0,32.768,0.4223567477404936,-0.3554095869938819,0.5205266021312211,0.21311898507704516,0.005527340479889646,-0.15831832457054518,-0.0002313579586584745,0.00845665490344303,0.11901181963911367,0.011895826475040791,0.21637958413708266,-0.01947111525308562,0.011550444028932327,0.595839667202898,2.8048717570353077,0.6528432522595066,57.233706096159274,57.222045541076106,57.21963816810587,57.23268025297346
961.0,32.8,0.4292663683386197,-0.35521947207082044,0.5161458875128071,0.2159256436914647,0.005941091345671891,-0.13689733182545413,-5.124023069135418e-05,0.009936314518546272,0.11938607680437287,0.01170157868823057,0.21914978276906977,-0.019475048716791458,0.011371487832668255,0.6003857183183439,2.7982595854774948,0.6459336316613804,57.29065580208945,57.27782198622353,57.27533326631864,57.28948744560681
962.0,32.832,0.4362820005457392,-0.3550160854560514,0.5124716258666783,0.2192385064724593,0.006355831711531822,-0.11482067644151306,0.00011371508106261565,0.011303790377493106,0.11975464450909536,0.011515759227213117,0.22241530380334137,-0.019538433551752343,0.011202372438704611,0.6053005059214978,2.791506411058081,0.638917999454261,57.33917598198687,57.32534186646802,57.32279631972757,57.33788398240044
963.0,32.864,0.44341865136039815,-0.35479937021789076,0.5095216777572448,0.2230203379581175,0.006772351192520631,-0.09218587841980697,0.00026272834651849776,0.012550946572397954,0.12011775959856937,0.011339205881683054,0.22613969786217594,-0.01965664038803871,0.011043756915348004,0.610562808181762,2.7845932536808737,0.631781348639602,57.37903757208027,57.36437746673315,57.3617991245386,57.37764102575105
964.0,32.896,0.45069002798872676,-0.3545692478921869,0.5073106955934306,0.22723051963524354,0.007191322678244572,-0.06909319261918641,0.0003952021788008766,0.013671124459849459,0.12047568374572283,0.011172653931950252,0.23028320329283242,-0.019824694503125566,0.010896189142878446,0.6161497982428507,2.7775030535527656,0.6245099720112735,57.41005033068886,57.39473818595637,57.39215037138143,57.40856837527022
965.0,32.928,0.4581084471887187,-0.35432562237197107,0.505850051354371,0.23182559999977306,0.007613297506745837,-0.0456451324706163,0.0005107194682736102,0.01465914295070628,0.12082870204888574,0.011016730137128337,0.23480328419232338,-0.020037343274732642,0.010760102634132695,0.6220371436845393,2.7702208248762865,0.6170915528112815,57.43206379705457,57.41627157169491,57.4136966977007,57.43051543307236
966.0,32.96,0.46568476274084936,-0.35406838388937695,0.5051477798794686,0.23675986100405708,0.008038702581065484,-0.021945983590698395,0.0006090396041093173,0.01551128373652217,0.12117712115836307,0.010871948474752877,0.23965518450416218,-0.020289124836437064,0.010635815087483161,0.6281991141891683,2.7627337800828498,0.6095152372591508,57.444968043322774,57.42886416253678,57.42632354960294,57.443371963938006
967.0,32.992,0.4734283113120084,-0.3537974130287215,0.5052085379704067,0.24198589284874708,0.008467839395484459,0.0018986903418153492,0.0006900929942463867,0.01622526218899071,0.12152126695378253,0.010738707645558739,0.24479249032835973,-0.02057443690772799,0.010523528629599897,0.634608696746903,2.7550314235155997,0.6017716886879918,57.44869421879653,57.43244213580233,57.429955850287044,57.447068649345084
968.0,33.024,0.481346876722361,-0.3535125847116646,0.5060335794790792,0.24745516907349024,0.008900884908026988,0.025782547146015078,0.0007539740148589084,0.01680018482419883,0.12186148181067476,0.010617290317968498,0.2501676925810147,-0.020887604787166482,0.010423331670125137,0.6412377177184277,2.7471056139141212,0.5938531232776392,57.4432148865223,57.42697175890457,57.424558473058084,57.44157743526718
969.0,33.056,0.4894466723725672,-0.3532137720982861,0.5076207464828981,0.25311861406897296,0.009337894168079038,0.049598968869345776,0.0008009325380889239,0.017236494361740507,0.12219812150925727,0.010507864049840708,0.2557327423024387,-0.02122294753799761,0.010335202259227514,0.6480569710616949,2.7389505954947033,0.5857533276274329,57.42854415321276,57.412459643484546,57.41013651767292,57.42691167456359
970.0,33.088,0.49773234134667155,-0.3529008503516454,0.5099644765767332,0.2589271554407311,0.009778804582519523,0.07324156543233677,0.000831364201340002,0.017535903527038404,0.12253155185040766,0.010410483790999308,0.26143959121168986,-0.021574841456196155,0.01025901281270701,0.6550363520191547,2.7305629978533656,0.5774676586533286,57.40473759422208,57.388952802168255,57.386735389507116,57.40312606547412
971.0,33.12,0.5062069734784639,-0.35257370021782186,0.513055826238017,0.26483225411853967,0.010223441681987426,0.09660467691513196,0.0008457995926125439,0.017701318842772765,0.12286214505297283,0.01032509584123671,0.2672407105560821,-0.021937779991483698,0.010194536048366348,0.6621449955522563,2.721941805339055,0.5689930265215363,57.37189197607328,57.356538508445176,57.35444068170427,57.37031638850386
972.0,33.152,0.5148721384603155,-0.35223221137846306,0.5168825101476417,0.270786405682834,0.010671526229961481,0.1195838721757587,0.0008448925339664257,0.017736755730252844,0.12319027601264121,0.010251543114278092,0.2730895818667228,-0.02230642938732464,0.010141451962040082,0.6693514187999844,2.7130882969466255,0.5603278615396846,57.330144779628824,57.315343960849034,57.31337786117486,57.328619044563595
973.0,33.184,0.5237279338869509,-0.35187628553837436,0.521428956273698,0.27674360708238654,0.0111226825027731,0.14207644143927373,0.0008294076491791506,0.017647246294101117,0.12351631850554583,0.010189571540163027,0.27894115391595653,-0.022675679415055786,0.010099355662006052,0.6766236668272747,2.7040059581590614,0.5514720661130492,57.27967352772327,57.265535753286805,57.26371176000891,57.27821039795801
974.0,33.216,0.5327730469652582,-0.35150583921653994,0.5266763764476443,0.28265978369706973,0.011576447557324227,0.16398188043580367,0.0008002074020830084,0.017438741192920274,0.12384064141964678,0.010138837426038804,0.2847522609328926,-0.02304068869430953,0.010067765876307352,0.6839294609170222,2.6947003665222646,0.542426953034742,57.22069492165273,57.20731915409481,57.205645874634605,57.21930592839146
975.0,33.248,0.5420048284873192,-0.351120806215056,0.5326028520831679,0.28849317256443974,0.012032281296375034,0.18520236361013354,0.0007582387891011838,0.017118007005879874,0.12416360509395515,0.010098915588741977,0.29048199797712315,-0.02339692421548379,0.010046133948450017,0.6912363486464378,2.68517905306006,0.5331951715126809,57.153463791681375,57.14093719716446,57.139421475856395,57.15215919693448
976.0,33.28,0.5514193775588766,-0.350721139746648,0.539183434607166,0.29420465848613475,0.012489577137748595,0.20564320387491664,0.0007045198634261053,0.016692520490491566,0.1244855578401185,0.01006930807121928,0.2960920502468779,-0.0237401948037689,0.010033853142483666,0.6985118549750192,2.6754513419289574,0.5237806224411236,57.07827186736342,57.06666958933153,57.06531653379785,57.077060631544676
977.0,33.312,0.5610116355002667,-0.3503068142076232,0.5463902600905269,0.2997580606684727,0.012947673094525252,0.22521329635505402,0.0006401262594622869,0.01617036109234167,0.12480683271319379,0.010049453258724392,0.30154697401462593,-0.024066678387594437,0.010030268087983634,0.7057236335585287,2.6655281709687113,0.5141883644997335,56.99544637433513,56.98483143912915,56.98364446271901,56.99433613860796
978.0,33.344,0.5707754872915245,-0.34987782658916056,0.5541926774846216,0.30512036847677293,0.01340586307695668,0.24382554356543232,0.0005661778750052617,0.015560103014098797,0.12512774458901474,0.010038735218680385,0.28096699066182657,-0.021121725751140408,0.010034684208253835,0.7128396174918219,2.6554218960233773,0.5044245127084757,58.76447968289539,55.45208520569533,55.035621473768764,58.348032155010536
979.0,33.376,0.5807044343251653,-0.34943414721023497,0.562593843339631,0.3102795948013085,0.013864980591426143,0.2625364329690722,0.0004800704268181643,-0.0010163959809743898,0.12544014037683013,0.010033436982043833,0.24973813490680347,-0.01681735736091159,0.0100582162844568,0.7198753210688088,2.645143886270237,0.4944955656748349,57.97287787659704,55.91383112853944,55.638105262624066,57.697052893472005
980.0,33.408,0.590623350392388,-0.34899685082823373,0.5715268760999425,0.30996612710067556,0.013665511937537216,0.279157273759701,-0.0018843803095048817,-0.034562730946789334,0.1258298720145297,0.011442750708595384,0.21013593234564326,-0.012105202514849818,0.009979601992832305,0.726753802765571,2.6348787290902687,0.48457664960761215,57.46397815650031,56.1296419985483,55.93727047646947,57.27745922928454
981.0,33.44,0.6001785451580715,-0.3485855509383967,0.580944978844537,0.2985998364276407,0.012853121557408087,0.2943157107686117,-0.0058210267598507994,-0.07910742981488514,0.12636224173193006,0.011249788903362312,0.15801411214805106,-0.006404571507675079,0.009692768724715322,0.733433340555986,2.6249865730379245,0.4750214548419287,57.28547991872032,56.07698788756256,55.89585160716562,57.11057171903796
982.0,33.472,0.6089032396789724,-0.34821817022624846,0.5907804095824516,0.27264670377812467,0.011480647254631762,0.30735721055979676,-0.011263515828384769,-0.13359391131235657,0.1271813810567573,0.010913667609954079,0.09224307123364017,0.0005108906214118004,0.0089718625804572,0.7398501317981943,2.615939953837011,0.46629676032102774,57.00673422988356,56.09275948548367,55.9406339532687,56.86237591778658
983.0,33.504,0.6162321535017459,-0.34791058728568514,0.600928660960296,0.22902855696169563,0.009611966892604882,0.3171328555576713,-0.018023619486088823,-0.19559115140229621,0.12843137177299024,0.010170013748395988,0.013289171273396322,0.008734081033688796,0.007582371239812679,0.7459004817311654,2.608309316807287,0.4589678464982543,56.60251620661825,56.19455145600281,56.095723896210146,56.5140392168599
984.0,33.536,0.6215317233024281,-0.34767598315886267,0.6112370834296477,0.16561155627130167,0.007331378963201322,0.32213820216720485,-0.025726655771276877,-0.2609545532841715,0.13018930915463292,0.008831651991759889,-0.07644835132582174,0.018194498119621053,0.005376695702272887,0.751430878634567,2.6027324569695987,0.45366827669757204,56.066253331053815,56.38256352256954,56.367014859523124,56.06452449316535
985.0,33.568,0.6241480455508588,-0.34752399938770695,0.6215031627391934,0.08176007026346742,0.0047494928486166805,0.3208149784233386,-0.033716857519320534,-0.3237854566101725,0.13237086120337696,0.006915646494039996,-0.17268609368840782,0.02861298525206333,0.0024297076790864734,0.756241748989191,2.599865830441837,0.45105195444914137,55.42514663833524,56.62889876114118,56.72845194663835,55.54264357909222
986.0,33.6,0.6234697693920863,-0.34746016672286445,0.6314897477219787,-0.021196129961637403,0.0019947707763279103,0.312080780712008,-0.04096551286406199,-0.37689422104626,0.13464525959231272,0.0047612031145782135,-0.26987697455748144,0.039440477797518886,-0.0008373499700931485,0.7601126872825428,2.6003207682275034,0.45173023060791384,54.75179495863082,56.874656818113884,57.11203801263945,55.01157036549508
987.0,33.632,0.6189975430948552,-0.34748638563374795,0.6409598159036454,-0.13975707178848717,-0.0008193409651095288,0.2959396306771146,-0.04610386767917362,-0.4128760091948384,0.136446437749521,0.0029726538631955814,-0.32525385118663075,0.04473153428736081,-0.003666337221352983,0.7615963608815557,2.604593578856408,0.45620245690514494,51.26307000125193,58.87167072235222,59.89294918012668,52.31090442336459
988.0,33.664,0.6103841981514885,-0.34760358204059477,0.6497782565601312,-0.2691670294801805,-0.003662387713962718,0.27557627051515193,-0.04863383845140336,-0.4161666756501153,0.13669935956851384,0.002357044192844139,-0.35643605907992415,0.04683594090133175,-0.004573987761566372,0.761021639887422,2.6130251816614805,0.4648158018485117,52.030861456278245,57.69563981911149,58.53269358427427,52.89563934925866
989.0,33.696,0.5976519311111426,-0.3477903001343827,0.6578049507672366,-0.3978833450108536,-0.005834940430874143,0.2508341939720693,-0.04694859204463391,-0.3778409970981428,0.13777155375896588,0.08809420338590071,-0.37586717989199736,0.04852169900933695,-0.006879604022512076,0.7589980301302851,2.6255860939619455,0.4775480688888576,53.131589602838766,56.50299903581638,56.8818986199093,53.89038441656535
990.0,33.728,0.581188719608358,-0.3480184277316888,0.6651114057817682,-0.5144753594619584,-0.007128987415813588,0.22832671920408829,-0.03869363943799773,-0.31028452739216683,0.13829764358800717,0.10588047147309247,-0.38700507868154543,0.04958719528716334,-0.008652001804065678,0.7561436361626231,2.641881049618982,0.4940112803916421,53.93377492641271,55.67229086239611,55.83196398056677,54.551577937692
991.0,33.76,0.561651908290447,-0.34828399319095715,0.6718827830828572,-0.6105253536847883,-0.008298920602137437,0.21160554065905487,-0.025091537116488368,-0.22706975486327752,0.14016063548528498,0.13912258341968056,-0.39311536041546885,0.050560383627279465,-0.012475627416457719,0.7529378250198457,2.6612519440477684,0.5135480917095532,54.65989286824068,55.04701464686722,54.91550232638989,55.13477339110792
992.0,33.792,0.5398612493079281,-0.3486152518029048,0.6783073938031665,-0.6809580932036382,-0.010351831623363221,0.20076908500964344,-0.007633364728528574,-0.1402202010556851,0.1438355665179513,0.15744292621158784,-0.39913872273051176,0.05211013082185678,-0.01893730705290576,0.7493165262694117,2.6828859423778777,0.535338750692072,55.337724965572235,54.46796782857312,53.98843559627761,55.563713666334706
993.0,33.824,0.5166878606784848,-0.3490702777352315,0.6845075089257866,-0.7241683946701827,-0.014219560385211367,0.19375359758189906,0.011431840650561171,-0.06031637799067942,0.14902639167042667,0.15679011404613052,-0.4020247374960614,0.05275026970625567,-0.0275289608318929,0.7456941700992751,2.705924581626545,0.5585121393215153,55.36861119915826,54.41973887831325,53.83462641580504,55.520775036162156
994.0,33.856,0.4929448134790866,-0.34972454353413374,0.6904805378563916,-0.7419702249811119,-0.020445806215691757,0.18665715408138625,0.028932676656598617,0.009169480166833055,0.1522920571300894,0.0582227419665212,-0.40387555326249686,0.05104221775981524,-0.03333910074152964,0.7422471647013142,2.729569334534869,0.5822551865209136,55.73782523064898,54.301015330758545,53.60485303398363,55.40791030470628
995.0,33.888,0.46933395276157586,-0.35064620312731754,0.6962330350775324,-0.7378393974222915,-0.02880186228699689,0.17976553816066965,0.042449025203069854,0.06583170576432,0.15466787150910133,0.010973710739174317,-0.405097127081224,0.04741606891127603,-0.03773876947495287,0.739083580001303,2.7531305816978655,0.6058660472384243,55.934690648553364,54.13625688244465,53.48656200433586,55.47984569130109
996.0,33.92,0.4464256441458758,-0.35188046960441516,0.7017389325487005,-0.715884644240546,-0.038570827409296404,0.1720592959739817,0.05162057693269306,0.1074678866111981,0.15622740739994537,-0.012675349116703333,-0.4060144372667065,0.042027363093301115,-0.04077619849027147,0.7362443625845064,2.7760457555672167,0.6287743558541243,56.00913915090182,54.05686578611848,53.475903401392344,55.540580163669944
997.0,33.952,0.424636782576669,-0.35345204390311386,0.7069629837966362,-0.6809019240377888,-0.04911169683433969,0.16325160149801143,0.05657846829009751,0.13317782651873014,0.15681588170222385,-0.02521509400596083,-0.40676563356392276,0.034822914509603446,-0.042202065208439915,0.7337337560734334,2.79790168477858,0.6505632174233311,55.953553770077654,54.073640047238165,53.59835788330522,55.54621949095462
998.0,33.984,0.4042234616321432,-0.3553695301055215,0.7118798332863586,-0.63791627951636,-0.059921443825232984,0.153651546553807,0.057917629039825,0.14370517022631446,0.1563801042267468,-0.03228917322699949,-0.4073621492489642,0.0257389348589099,-0.04192816014753322,0.7315381325059669,2.8184428167789184,0.670976538367857,55.79582692280702,54.160068614871214,53.829254613065494,55.50356886868344
999.0,34.016,0.38529011837449906,-0.35763092342026165,0.7164840094052974,-0.5916669768014439,-0.07066854108563664,0.14388050371685393,0.0566614171670967,0.1410940177581158,0.15505610988463608,-0.036216707200717096,-0.4077301374657054,0.014796294569362448,-0.040145647145819835,0.7296363488184485,2.837563205222733,0.6899098816255012,55.57540863251856,54.29357040526163,54.12471794064105,55.422271927678395
1000.0,34.048,0.36781092047136255,-0.3602302467593226,0.7207902300978161,-0.5462249344729548,-0.08122885434564506,0.13456939664119197,0.05404906806057356,0.12823396646571975,0.15311369783690537,-0.0378250542153865,-0.4077587271497996,0.0021198242150684762,-0.037242168921166684,0.7280028496782829,2.8552863308930734,0.7073890795286376,55.33258600315768,54.45877994299804,54.43702785389711,55.308502372879865
1001.0,34.08,0.3516588290282629,-0.363164354101012,0.7248269210883054,-0.5047528575969196,-0.09169085442780442,0.12614659345280488,0.051235814078164243,0.1084302797559599,0.15085406705380655,-0.03746141819364633,-0.40734911343970176,-0.012069675415591445,-0.03365320121985211,0.7266053899591945,2.8717371300526042,0.7235411709717372,55.10236249947954,54.6410979113589,54.72357846775196,55.169610187977426
1002.0,34.112,0.33663841669726574,-0.36643822551171923,0.7286270392830057,-0.46938788534360865,-0.10230848158458948,0.1187536935843703,0.049042522639652426,0.08501052900863668,0.1485309979653208,-0.03548928747411184,-0.406453215370793,-0.027459662671479458,-0.029747222038148544,0.7254005083172906,2.8871099659584667,0.7385615833027344,54.91060938661735,54.82279219187157,54.95217643870194,55.01702537170388
1003.0,34.144,0.32251884539333175,-0.3700673149131834,0.7322197310356591,-0.4412366032479857,-0.11340904379576779,0.11227161727043176,0.047831149126848514,0.06097633423585331,0.1463217969348237,-0.032411027848878504,-0.4050910721936052,-0.04364719149002538,-0.025782157944102418,0.7243308299941733,2.9016360215270556,0.7526811546066684,54.771554710164764,54.98448647065261,55.10430467450357,54.864857434396626
1004.0,34.176,0.3090636191431758,-0.3740763589521134,0.7356249437968588,-0.420475820317326,-0.1252826262165481,0.10641289878748061,0.04751196435822023,0.03873661911959965,0.14433664565175242,-0.0287722250592483,-0.4033403768825734,-0.06015675834758378,-0.02191754960672013,0.7233275985288066,2.915553473176363,0.7661363808568243,54.68683749491274,55.10940277649941,55.17672129371064,54.72673731031385
1005.0,34.208,0.29605434808870634,-0.3784950177446167,0.7388515898163267,-0.4065397204522158,-0.13808308726574348,0.10083268810838208,0.04765352974988028,0.0199642253121465,0.14264070268647644,-0.025013673727273082,-0.4013045856959081,-0.07648473710079862,-0.01824640196581717,0.7223189559667751,2.9290832720822757,0.7791456519112938,54.647458380214246,55.18693910759649,55.18004052564834,54.61349071122028
1006.0,34.24,0.28330696595426197,-0.38335148791627777,0.7418986858077559,-0.3983556917013421,-0.15176469286439165,0.09522174973215061,0.047653243184704715,0.005587322496922235,0.14126976934430044,-0.021388757842011212,-0.3990807623736357,-0.09215876344015692,-0.014819339096797971,0.7212409438311664,2.94241221917426,0.7918930340457382,54.638912788369986,55.21380617142736,55.13350916350637,54.532338105468135
1007.0,34.272,0.27068030881374644,-0.38866564442181734,0.7447582593796978,-0.39458303564115377,-0.16606739079812982,0.0893616741231938,0.046918401131624994,-0.004117723701377532,0.14023453145557613,-0.017979658443866293,-0.39674628455199057,-0.10679088488372473,-0.011653318113700883,0.7200466362274514,2.9556835918731617,0.8045196911862538,54.647058549989545,55.19302847791317,55.05815032444108,54.48687503519681
1008.0,34.304,0.25807812555466847,-0.3944432469423845,0.7474187241706467,-0.3938182268461425,-0.18055007876770285,0.08313952471714528,0.04501105662825956,-0.009387308168514562,0.13951895070119838,-0.01477128419253038,-0.3943645634451087,-0.120109519042935,-0.008731917691640194,0.7187102163590888,2.968994416432694,0.8171218744453317,54.66161329743326,55.13226206379565,54.97170862501113,54.47690239264517
1009.0,34.336,0.24544612253144163,-0.40067234040798616,0.7498677368709347,-0.3947500944758822,-0.19465917080007417,0.07653164688400739,0.04172867116281175,-0.010826476491571686,0.13908101576952833,-0.011722013475181259,-0.3919959687902305,-0.13196560646835626,-0.006008095493563931,0.7172256205337385,2.9823979096540723,0.8297538774685586,54.67656590714102,55.04234463609705,54.88676126229675,54.498126861414256
1010.0,34.368,0.23276565729528315,-0.4073223685887695,0.7520940405985698,-0.3962645386299083,-0.20781338064945684,0.06957199148858921,0.03711642075475044,-0.009274201105105717,0.1388604107441486,-0.008800066150013587,-0.3897029513389785,-0.14231637517427898,-0.0034155004627821946,0.7156015063184377,2.995909544145806,0.842434342704717,54.68896231666132,54.93590690395358,54.811017235454074,54.54253438541289
1011.0,34.4,0.22004549545382657,-0.4143459064831678,0.7540882652989324,-0.39750505754556187,-0.2194855591999711,0.062319521886337804,0.031425302633542346,-0.005679115808831154,0.13879192910879798,-0.005988221401140115,-0.3875482007812606,-0.15119543177639833,-0.000886713583639459,0.7138549206418714,3.009515334603716,0.8551545045461736,54.69757784282875,54.82572677122441,54.7483970800953,54.59984212042964
1012.0,34.432,0.20731282642160503,-0.421682444807974,0.7558429632746804,-0.3978959072568784,-0.22926682265016765,0.05483431174211917,0.02503918410325594,-0.0009880504318247913,0.13881959823930776,-0.003273889269849948,-0.38558996037126647,-0.1586796671403941,0.001628387737415671,0.7120055408321359,3.0231811142399194,0.8678871735783951,54.702063166873906,54.72304769749271,54.7001326983653,54.659539059717424
1013.0,34.464,0.1946045296638568,-0.4292633983489532,0.757352262045229,-0.397134273679676,-0.23690479815562632,0.047165586579649484,0.018393993048075593,0.003946086702386706,0.13890626762045064,-0.0006404818941653477,-0.38387798005073753,-0.164861353149175,0.00415112313507343,0.7100714757505331,3.036861743165688,0.8805954703361434,54.70253286637144,54.6363348738827,54.665667630420444,54.71269920279222
1014.0,34.496,0.1819594641152725,-0.4370174613110576,0.7586114546907291,-0.39515829839321515,-0.24231446756573544,0.03934977017187428,0.011906224295479759,0.008430390104809152,0.13903605478659187,0.0019323512462918447,-0.38245110644906377,-0.1698295497788002,0.006672630539050815,0.708066853782132,3.050509393562856,0.8932405358847276,54.69940061312197,54.57072279339156,54.64335580458158,54.75307250714095
1015.0,34.528,0.1694123080364688,-0.4448755483871526,0.7596167047398379,-0.3920986274626585,-0.2455652211279951,0.031414064034653015,0.005920112169753261,0.011968883184832281,0.13921036877313622,0.004461253417516305,-0.38133604454376524,-0.1736609469868668,0.009161290110671887,0.7060009676570433,3.064080300054106,0.9057876919635314,54.693297977509644,54.52809695898166,54.63101020805149,54.77741107980684
1016.0,34.56,0.15698922185106778,-0.45277477051411075,0.7603649037012922,-0.38822144329373864,-0.24685069146741456,0.02338121754544372,0.0006764438964144175,0.014271688902310255,0.13944040975819624,0.006950799065197134,-0.38054669682481407,-0.1764179122328215,0.011574675043742193,0.703878563054369,3.0775396281194616,0.9182107781489324,54.684996185624804,54.507601673045066,54.62633841886423,54.785237427529786
1017.0,34.592,0.14470537199180128,-0.46066113587429364,0.7608536351013017,-0.3838703081021205,-0.24644891750574244,0.015272856250298245,-0.003698024935240444,0.015241333563715587,0.13973944713715275,0.009389692718302919,-0.38008391171453054,-0.17815088529165585,0.013871296067044781,0.7017008469627407,3.0908643662467115,0.9304946280081989,54.675324474816236,54.50636310716423,54.62726651502928,54.778301469286305
1018.0,34.624,0.1325641647054412,-0.4684908946926784,0.7610811778741512,-0.3794127276987103,-0.24467996307449663,0.007110711651547068,-0.007183844966223829,0.014942817296598283,0.1401172215775281,0.01175319404107123,-0.37993580732257215,-0.17890273123728656,0.01601884162906714,0.6994668579016273,3.1040443601179475,0.942635835294559,54.665112709924756,54.52026975993117,54.63213529235239,54.75991565199398
1019.0,34.656,0.12055790773339889,-0.4762306340194031,0.7610465039912832,-0.3751955303763632,-0.2418668539601726,-0.0010835588396264167,-0.009849391960748957,0.01356423576714793,0.14057734456377188,0.014009980204593899,-0.38007888247675997,-0.17871350075491088,0.017997750474310074,0.6971749221524857,3.1170817630926284,0.9546420922666012,54.65517670955286,54.544705683631975,54.63976575947656,54.73428570431858
1020.0,34.688,0.10866954448192401,-0.4838563626951538,0.7607492611809049,-0.3715113516085485,-0.23830402111718368,-0.009288837824318956,-0.011823790987849412,0.011373868442218637,0.14111731792143278,0.016130144016220344,-0.3804799688115901,-0.1776247570984852,0.019800753236426785,0.6948239905739081,3.1299892730323458,0.9665304555180761,54.64633670307752,54.57517220019359,54.649418175043024,54.70590024104612
1021.0,34.72,0.0968750811459522,-0.4913519031109229,0.7601897585156683,-0.36857697924915966,-0.23423563799281044,-0.01748445828864671,-0.013267386628466429,0.008678386239985193,0.14173013679342414,0.018091407209636572,-0.3810988613687377,-0.1756830323966983,0.021429965819829422,0.6924147059611567,3.142787566549932,0.9783249188540479,54.639439718226605,54.6077629183258,54.66068828436999,54.679010849830014
1022.0,34.752,0.0851463410217086,-0.4987069279851541,0.759368980324674,-0.36652312888257155,-0.2298445273196985,-0.025649318468567207,-0.014344266142122686,0.005785601947373771,0.14240637930529018,0.019882036666993376,-0.3816649999975897,-0.17283966163472642,0.022893203076704675,0.6899507348411834,3.1555023374322033,0.9900536589782916,54.62755175367481,54.660588097282584,54.68140283567902,54.63632182643239
1023.0,34.784,0.0734537217934253,-0.5059149545407265,0.758288682653479,-0.36539435088389327,-0.22525082986166403,-0.033759302224847354,-0.015303988547975796,0.003203472238745678,0.14313278035368723,0.021501193023224327,-0.3800112140366926,-0.16822582616213044,0.024205232916962513,0.6874468420096245,3.168161306962558,1.001746278206575,54.55125177204963,54.89024491590737,54.77457157475106,54.42476227131838
1024.0,34.816,0.061770769452210536,-0.5129702147250701,0.7569520783263232,-0.36509226066292044,-0.2204768807607112,-0.04176888522361648,-0.017223471285049554,0.003353966714752429,0.1438616864371011,0.022851676021200532,-0.3791323145557203,-0.16332128950422023,0.02542947152459224,0.6849120017393993,3.180789254838031,1.0134292305477897,54.648807471803,54.668611470933065,54.70017059825245,54.67005541710882
1025.0,34.848,0.050096139261490494,-0.519853823105657,0.7553629410953105,-0.3648321934600415,-0.21511276189336373,-0.04966053846914972,-0.018933220467951612,0.0037034822485844244,0.14463113746019948,0.024238723463874262,-0.37821012543062554,-0.15782165398950493,0.026505459165282616,0.6823548366012067,3.193384092381892,1.0251038607385097,54.6638340932935,54.681518464289965,54.713738716791624,54.686987402989516
1026.0,34.88,0.03843067680118662,-0.5265486108709606,0.7535261900010719,-0.36454570188445523,-0.20921211766571512,-0.057398471694951145,-0.020422972547359627,0.0042302456470796,0.14543561614724695,0.02545881050171376,-0.3771827222228753,-0.1517913545444372,0.027434727765207716,0.6797844154736061,3.20594184658955,1.0367693231988135,54.6816792065825,54.69821127528715,54.730278033678985,54.70584229592036
1027.0,34.912,0.026777227950852196,-0.5330392503204567,0.7514477827100466,-0.3641702765729909,-0.20283248279677632,-0.06495022784454664,-0.021689232111635964,0.004920459855837591,0.14627000700698253,0.02652279951215483,-0.3759948043524765,-0.14529779851670463,0.028219282769114697,0.6772100618955058,3.218456883762049,1.048422772049148,54.70253883334075,54.71779959431532,54.7494732132201,54.7274265192177
1028.0,34.944,0.015140518618027064,-0.539312302477833,0.7491347064971046,-0.3636471666507447,-0.19603287991798682,-0.07228363165443184,-0.02273057685588793,0.005759545113874265,0.14712957218940573,0.02743673926908596,-0.3745952661554223,-0.13840933452252918,0.028861631320998903,0.674641311731341,3.230922052273103,1.060059481381973,54.726331640203846,54.740225283437944,54.771270963551295,54.751677752109536
1029.0,34.976,0.0035270254307035297,-0.54535624737103,0.746594962601162,-0.3629216621039004,-0.1888732779124248,-0.0793669967482144,-0.023547567912956178,0.00673226752401097,0.14800987120887762,0.028204760163537547,-0.37293741316569745,-0.13119470406270706,0.029364879869825937,0.6720878673454095,3.2433288286577096,1.0716729745692966,54.75296424353626,54.76541696516842,54.79560924188157,54.77851604142425
1030.0,35.008,-0.008055161614850086,-0.5511614977849985,0.7438375440333654,-0.36194334517350996,-0.18141407543649565,-0.08616933024363234,-0.024142664266684304,0.007822898571140137,0.14890671963887966,0.02883042896438573,-0.3709791491788107,-0.12372250100084972,0.02973276880531579,0.6695595488079247,3.255667465906499,1.0832551616148502,54.78233105726883,54.793288337826716,54.822415073146324,54.80784843322473
1031.0,35.04,-0.01959648328383192,-0.5567203971446129,0.7408724070218056,-0.3606663021557221,-0.17371560498796912,-0.09266053161125616,-0.02452012427472736,0.009015372252533713,0.14981616575344758,0.029317394747721222,-0.3686831215816445,-0.11606064482661121,0.029969674287781804,0.6670662427276165,3.267927142678653,1.0947964832838322,54.81431408349961,54.823739081973514,54.85160397890847,54.83956986227432
1032.0,35.072,-0.031086060754462286,-0.5620272022515366,0.7377104363560196,-0.35904929595715873,-0.1658376595913476,-0.09881158330579957,-0.024685895795972704,0.010293438337195383,0.15073447514440097,0.02966968912229713,-0.3660168243482386,-0.10827587460316587,0.030080591998334225,0.6646178493369254,3.280096112286759,1.1062860607544625,54.84878311385793,54.85665555103828,54.8830798453288,54.87356379664431
1033.0,35.104,-0.04251184955162995,-0.5670780516570295,0.7343634049622921,-0.35705589991152875,-0.15783904392167178,-0.10459473105399575,-0.02464749639959211,0.01164081056849894,0.15165811893436826,0.029891856641665198,-0.36295265935535614,-0.10043326803740715,0.030071109731209016,0.6622242284682665,3.292161850441898,1.11771184955163,54.88559617351326,54.891911400503794,54.916735050740634,54.90970281139193
1034.0,35.136,-0.053860796541597755,-0.5718709205036574,0.7308439280963465,-0.3546545934364543,-0.14977715145710463,-0.10998365206078987,-0.024413885088311067,0.01304130876896711,0.1525837638631408,0.029989000555027047,-0.35946795725523456,-0.09259578880197791,0.029947372038106497,0.6598951450551388,3.304111200871928,1.129060796541598,54.924600120849306,54.929368232079455,54.95245076359646,54.94784916643398
1035.0,35.168,-0.06511899878770981,-0.5764055627139345,0.7271654125832097,-0.3518188201910405,-0.14170756907117518,-0.11495360978553779,-0.023995326941286046,0.01447899392629807,0.15350826374719492,0.029966785040669658,-0.3555449594479052,-0.0848238645241535,0.02971603841953264,0.6576402147715669,3.315930518038042,1.14031899878771,54.96563135609143,54.96887628528932,54.99009736367096,54.98785542095761
1036.0,35.2,-0.076271863090331,-0.5806834414440242,0.7233420015649744,-0.3485270094568732,-0.13368371031528717,-0.11948159431983806,-0.023403252059773887,0.01593829544537878,0.15442865233134606,0.029831413767872402,-0.35117076283733395,-0.0771749974318881,0.029384235817056212,0.6554688503897821,3.3276058062730054,1.1514718630903311,55.008516611435475,55.01027518731866,55.02953495967214,55.029565095592226
1037.0,35.232,-0.08730426506015401,-0.5847076487564057,0.7193885152363828,-0.3447625615570071,-0.12575647851193608,-0.12354644776850124,-0.022650110176469472,0.017404129849308822,0.1553421377261592,0.029589594374399834,-0.3463372291614315,-0.0697034093792615,0.028959505892613476,0.6533902093911833,3.3391228547486946,1.1625042650601543,55.05307380452273,55.053394761216914,55.07061398598446,55.072813383217415
1038.0,35.264,-0.09820070660299239,-0.5884828154972807,0.715320388056399,-0.34051379821366123,-0.11797396065232958,-0.1271289743744807,-0.021749222265130617,0.0188620103064691,0.15624609863222913,0.029248493554890127,-0.3410408607544804,-0.06245972277298897,0.0284497475399405,0.651413143312091,3.350467367750901,1.1734007066029926,55.09911294156672,55.09805588741529,55.11317586597948,55.11742790419071
1039.0,35.296,-0.10894547072680366,-0.592015012392636,0.7111536029222887,-0.3357738788691392,-0.11038115297986631,-0.13021203544096074,-0.020714630460153607,0.020298146453681006,0.1571380824816153,0.02881568517100319,-0.33528264469670194,-0.05549067875747377,0.027863155136064886,0.6495461492457683,3.3616250897969047,1.1841454707268038,55.146437058774396,55.14407141099991,55.157053731566265,55.163229499480494
1040.0,35.328,-0.11952277261855153,-0.5953116434012942,0.7069046227824309,-0.33054068411708387,-0.10301971902055658,-0.13278062937053983,-0.019560947565704607,0.02169953407799584,0.15801580552319386,0.028299092773208082,-0.32906786739565774,-0.04883889385200296,0.02720815314512068,0.6477973238583151,3.372581925177344,1.1947227726185516,55.194843191989364,55.19124708626157,55.202073190000036,55.21003305424017
1041.0,35.36,-0.1299169059802104,-0.5983813323837999,0.7025903201465653,-0.3248166675518759,-0.09592778070331377,-0.1348219573708158,-0.01830320740029839,0.02305403431321595,0.1588771547666906,0.027706927510272643,-0.3224059017723125,-0.04254265606264479,0.026493327799976468,0.6461743202103387,3.3833240515401894,1.2051169059802105,55.244123365456176,55.23938254976335,55.24805312973612,55.25764834427014
1042.0,35.392,-0.14011238366027062,-0.6012338041623092,0.698227904928939,-0.31860867750184596,-0.08913974307840676,-0.13632547555080532,-0.016956717184647165,0.02435044210113255,0.1597201915931617,0.02704762227473524,-0.3153099693460101,-0.03663576129382361,0.02572735669158428,0.6446843076112394,3.3938380271631097,1.2153123836602708,55.29406559137049,55.28827231349167,55.29480655787906,55.3058808980905
1043.0,35.424,-0.15009407166996325,-0.6038797610583561,0.6938348510324224,-0.31192775030292885,-0.08268615300147325,-0.1372829342661612,-0.015536913137275466,0.025578543762330586,0.16054315674547467,0.026329762932154197,-0.30779687966289976,-0.031147390660645653,0.024918937181679854,0.6433339346701731,3.4041108915832297,1.2252940716699634,55.34445487271444,55.337706770105996,55.342141462362335,55.35453286797268
1044.0,35.456,-0.15984731573240937,-0.6063307560019969,0.689428822051656,-0.30478887695140733,-0.07659359198876867,-0.13768840564893345,-0.014059220392799361,0.026729163615762677,0.16134447633554008,0.02556201753010916,-0.29988674964327444,-0.026102029042897594,0.02407671461586262,0.6421292956492866,3.4141302592722247,1.2350473157324096,55.39507420265287,55.38747320306832,55.38986169272919,55.403403903970734
1045.0,35.488,-0.16935805957818748,-0.6085990633068608,0.6850275964421967,-0.2972107451805984,-0.07088460327700237,-0.13753830029561906,-0.0125389183010197,0.02779419968022882,0.16212276844827128,0.024753064440007504,-0.29160270556660983,-0.021519424930052794,0.0232092113481825,0.6410759001718055,3.423884406061945,1.2445580595781875,55.445705554651596,55.43735679515116,55.43776785398933,55.45229202585706
1046.0,35.52,-0.17861295427242072,-0.6106975482005436,0.6806489924718259,-0.2892154591947564,-0.06557765292758035,-0.1368313740740728,-0.010991012100188696,0.028766648582478013,0.16287684988674841,0.023911520430826887,-0.28297057052164565,-0.017414591281359262,0.022324757593973104,0.6401786462914473,3.4333623480429276,1.2538129542724208,55.49613085829064,55.487141629738176,55.48565820876826,55.50099448866813
1047.0,35.552,-0.18759945793625993,-0.6126395361880964,0.676310793240961,-0.28082823949500635,-0.06068712461103328,-0.13556872596454211,-0.00943011188451324,0.029640619885701474,0.16360574258898172,0.023045869698973574,-0.2740185402537188,-0.013797846774996972,0.021431425104991672,0.6394417968909369,3.4425539126770603,1.26279945793626,55.546132956630565,55.53661168010836,55.533329583546255,55.549308638444394
1048.0,35.584,-0.19630592530925164,-0.6144386833076294,0.67203067203254,-0.2720771054059607,-0.05622334748539982,-0.13375378776314217,-0.007870319703881454,0.03041134013664937,0.1643086792532686,0.02216439487783672,-0.2647768503993918,-0.010674896448928398,0.020536964611285652,0.6388689593469548,3.4514498018873963,1.2715059258976873,55.59549654175082,55.58555178279521,55.58057827546135,55.59703275548317
1049.0,35.616,-0.20472168668804108,-0.6161088483109409,0.6678261182287325,-0.2629925430871989,-0.05219265635349071,-0.13139230636899774,-0.006325125543142836,0.03107514700934325,0.16498510773493033,0.021275111023218052,-0.2552774381415828,-0.008046950355019497,0.019648747899856638,0.6384630683764823,3.460041646913966,1.279922827445823,55.644009065869085,55.63374859181097,55.62720095662374,55.64396688317531
1050.0,35.648,-0.21283711587051124,-0.6176639677683293,0.6637143640130357,-0.25360716195216404,-0.04859748304338202,-0.1284923192405094,-0.0048073128296084065,0.03162947399645357,0.16563469382006824,0.020385703516846283,-0.24555360130872736,-0.0059108784644896425,0.018773715304198996,0.638226371965461,3.4683220547549714,1.2880412514145725,55.691461626069504,55.68099151129565,55.67299557342667,55.6899136410511
1051.0,35.68,-0.22064368683200544,-0.6191179350552221,0.6597123120621612,-0.2439553425467207,-0.045436477715402886,-0.12506412346484352,-0.0033288740117293544,0.03207282616601856,0.16625732203927618,0.019503470752082027,-0.23563965791317937,-0.004259399689089977,0.01791832926481357,0.6381604202741609,3.4762846460486028,1.2958522753823256,55.73764982128024,55.72707360467639,55.71776223864224,55.73467902119516
1052.0,35.712,-0.2281340189607927,-0.6204844841289575,0.6558364644228163,-0.23407287902457527,-0.042704658554228246,-0.12112023872951451,-0.001900936640483796,0.032404747559727255,0.16685309425299383,0.01863527236624112,-0.225570609044332,-0.0030813025269317146,0.017088534492954006,0.6382660574143508,3.48392408429196,1.3033482212853202,55.782374580551675,55.771792478979776,55.7613041144341,55.77807316749913
1053.0,35.744,-0.23530191078238005,-0.6217770789471159,0.6521028527639819,-0.22399661942462978,-0.04039358806745303,-0.11667536433858616,-0.0005337002694833575,0.032625780860019576,0.1674223258171427,0.017787483666729123,-0.21538180793591027,-0.0023616945156808775,0.016289725132559496,0.638543416000031,3.4912360963401725,1.310522674148777,55.82544296207336,55.81495114323719,55.80342828452287,55.81991113749573
1054.0,35.776,-0.2421423622055351,-0.623008809314482,0.6485269701953218,-0.21376410697357096,-0.038491573980187065,-0.11174633027061716,0.0007636156279884994,0.03273741999563815,0.16796553921953997,0.016965956767286815,-0.2051086378864881,-0.002082277385937817,0.015526719173029528,0.6389919143853736,3.4982174841804974,1.3173704911144295,55.866668922539034,55.856358840228935,55.84394661387273,55.86001364655985
1055.0,35.808,-0.24865158542577523,-0.6241922938744573,0.6451237048464651,-0.20341322563252678,-0.03698389249923222,-0.1063520421517839,0.0019828126449121393,0.03274205638993169,0.1684834551610192,0.01617598881096898,-0.19478620156211213,-0.0022216445623353537,0.014803740222641706,0.6396102565191022,3.504866128032261,1.323887800855368,55.905874056621,55.895831850864326,55.88267659417187,55.898207794281845
1056.0,35.84,-0.25482700472339337,-0.6253395908830596,0.6419072754094391,-0.19298185305054527,-0.03585303151881715,-0.10051341990704925,0.0031167433658099426,0.032642919582395485,0.16897698113707427,0.015422297512066412,-0.18444902402507513,-0.002755597463553555,0.014124406613152089,0.6403964343628217,3.511180980883481,1.3300719935184602,55.942888306255256,55.933194270555234,55.9194421733212,55.93432777261687
1057.0,35.872,-0.2606672454915933,-0.6264621173202456,0.6388911688567003,-0.18250752400626838,-0.03507895116206706,-0.09425332977310016,0.00415933038061126,0.03244401297288372,0.16944719765329033,0.014709004105063456,-0.1741307716459487,-0.0036574769095404185,0.01349172767427783,0.6413477328401842,3.5171620546377356,1.3359217013925422,55.977550639382,55.96827875676743,55.954074566881474,55.96821555521919
1058.0,35.904,-0.26617211292478826,-0.6275705768049508,0.6360880805591316,-0.1720271072873229,-0.034639358897032714,-0.08759650929901211,0.0051055746438600615,0.03215004544908542,0.16989534227830919,0.014039623648621677,-0.1638639888439293,-0.004898505855818837,0.012908106895638262,0.642460737303206,3.522810398109566,1.341436770565682,56.00970969753856,56.00092724679332,55.986413049227984,55.999721566985166
1059.0,35.936,-0.27134256088639325,-0.6286748966878793,0.6335098570410737,-0.16157649880017358,-0.03450999634152205,-0.08056948493931888,0.005951553536591652,0.031766359662635996,0.17032279179949308,0.013417062500688217,-0.1536798543927491,-0.006448139641803557,0.012375351586069876,0.6437313435200321,3.52812806717215,1.3466182239053266,56.039224411493656,56.03099164444989,56.016305721787596,56.02870533248984
1060.0,35.968,-0.27618065155839117,-0.6297841746006846,0.6311674416219395,-0.15119033349991803,-0.03466493477515987,-0.07320048184793426,0.0066944090804657505,0.03129885771714515,0.17073104279715978,0.012843622660183962,-0.14360795880372357,-0.008274419960219364,0.011894688548131404,0.6451547702041135,3.5331180874261108,1.3514682157692524,56.06596458374422,56.05833447413512,56.04361025545607,56.05503610151338
1061.0,36.0,-0.28068950655053415,-0.630906634642839,0.62907082320525,-0.14090171850448382,-0.035076876317330065,-0.06551932552155443,0.007332326836691497,0.03075392502387459,0.17112169099212923,0.012321012564236986,-0.13367610407975564,-0.010344328826371586,0.011466785210517815,0.646725574116879,3.5377844098219464,1.3559899789309224,56.089811436413896,56.082829500252515,56.06819460388401,56.07859344946027
1062.0,36.032000000000004,-0.2848732502143052,-0.6320495932893373,0.627228988485085,-0.13074198949283086,-0.035717457703066974,-0.05755733500514887,0.0078645060951019,0.030138353067256266,0.17149640974770838,0.011850363839428233,-0.12391012690295844,-0.012624138944364652,0.011091775603788878,0.6484376677840065,3.5421318597295564,1.3601877642780733,56.11065812268536,56.104362309701536,56.08993768404412,56.09926784997051
1063.0,36.064,-0.2887369459648838,-0.6332194350045816,0.6256498778461165,-0.12074049220559453,-0.03655755360138707,-0.04934720746777229,0.008291122020979957,0.029459261804236418,0.17185692812099904,0.01143225343257138,-0.1143337460961821,-0.015079757029060645,0.010769290525429869,0.6502843398684898,3.5461660800054893,1.364066773916111,56.128410199625186,56.12283085471564,56.10873002012756,56.11696121666568
1064.0,36.096000000000004,-0.2922865264626291,-0.6344215974515616,0.6243403452358465,-0.11092439055452778,-0.03756757646812127,-0.040922894070933025,0.008613280478695544,0.028724022397894466,0.17220500885983558,0.011066730491648741,-0.10496843496528141,-0.01767705684139787,0.010498491218378368,0.6522582782417061,3.549893468660925,1.3676330883761696,56.14298605989573,56.13814595306586,56.12447434661691,56.131587410539865
1065.0,36.128,-0.29552871854346496,-0.6356605660919575,0.6233061222858093,-0.10131850252613211,-0.03871777001237819,-0.03231946718866572,0.008832966291894869,0.027940180958161673,0.17254242673146486,0.010753347330903855,-0.09583331890363171,-0.020382198926814803,0.01027810588180586,0.654351595786265,3.553321111779947,1.3708935886896403,56.154317319659285,56.150231742326,56.13708616613579,56.143072709265454
1066.0,36.160000000000004,-0.2984709638146188,-0.6369398778832305,0.6225517869518794,-0.09194516472354695,-0.03997849347727494,-0.02357297918530607,0.008952985730137619,0.027115383929988603,0.17287094754832016,0.010491193795038262,-0.08694509840552603,-0.02316193430520323,0.010106468342761203,0.6565558589518086,3.5564567123775306,1.3738558741448736,56.162349159727334,56.15902608475721,56.14649425761478,56.15135623439402
1067.0,36.192,-0.3011213358481968,-0.6382621336942484,0.6220807369321766,-0.08282412604932117,-0.041320494094316096,-0.014720313115714851,0.008976904031887665,0.026257305733142576,0.17319230822624895,0.010278934335025818,-0.07831799740769337,-0.025983889642517445,0.009981558240542482,0.658862119067269,3.559308515919156,1.3765281765860833,56.167040616962105,56.16448091920845,56.152641130235345,56.156390332366946
1068.0,36.224000000000004,-0.303488454910008,-0.6396290189825832,0.6218951681042876,-0.07397247068159159,-0.04271516526045551,-0.005799025871530739,0.008908978784130796,0.025373579217184018,0.17350819817289115,0.01011484712076143,-0.06996373664366794,-0.028816831732192055,0.009901042110376512,0.661260946390965,3.561885233248399,1.3789192721479273,56.168364822843245,56.16656255647108,56.155483418737475,56.15814090515117
1069.0,36.256,-0.30558140115498145,-0.641041332205265,0.6219960582017012,-0.06540457015542815,-0.04413478820881334,0.003152815544176999,0.008754089980239908,0.02447172945124234,0.17382024226025414,0.009996864541649745,-0.06189153146955903,-0.03163090942620339,0.009862314797027538,0.6637424668538857,3.564195961684801,1.3810383913408002,56.16630918624468,56.16525191456335,56.154992215797215,56.15658768645704
1070.0,36.288000000000004,-0.3074096272037319,-0.642499020371366,0.6223831559227241,-0.05713206402344475,-0.045552755190648754,0.01209680378196288,0.008517667570634541,0.023559111320262584,0.1741299855876565,0.00992261448348556,-0.054108113390596194,-0.03439787147449926,0.009862540680121962,0.6662964014224098,3.566250105061553,1.382895128410782,56.160875517552476,56.16054469066594,56.15115333750486,56.15172445960484
1071.0,36.32,-0.30898287098776606,-0.64400122109002,0.6230549756340977,-0.049163868251073314,-0.04694377245794374,0.020994365980428704,0.008205617305986384,0.022642851348701438,0.17443888019088505,0.009889461816251867,-0.0466177743003328,-0.037091259056149586,0.009898694249083755,0.6689121079753735,3.5680572934707766,1.3844993508940173,56.15208009156834,56.15245146667377,56.14396751829531,56.14355921345856
1072.0,36.352000000000004,-0.3103110697140791,-0.6455463104219733,0.6240087977966022,-0.04150621019727873,-0.04828404162353515,0.029806942578262382,0.00782424565084322,0.021729794118612655,0.17474827380232544,0.00989454958035179,-0.03942243222993659,-0.03968657210914039,0.009967599624530426,0.6715786255578052,3.569627303473618,1.385861110267964,56.139953646903294,56.1409977457684,56.133450532195425,56.1321142331536
1073.0,36.384,-0.3114042757542204,-0.6471319558069193,0.6252406752017348,-0.03416268875441915,-0.04955141827956759,0.03849616891039583,0.0073801845172458335,0.02082645359309989,0.17505940071659723,0.009934839416633359,-0.03252171720756299,-0.042161408888433845,0.010065968682832311,0.6742847208407505,3.5709699795130665,1.3869905545715993,56.124541320042965,56.126223917843745,56.11963323774988,56.1174261228843
1074.0,36.416000000000004,-0.3122725752091844,-0.6487551733129846,0.626745445067818,-0.027134357967621096,-0.05072554706453529,0.047024058315097164,0.0068803165338065745,0.01993896959779748,0.1753733747682711,0.010007150845498412,-0.025913075641163647,-0.04449557849644595,0.010190437499568522,0.6770189365843718,3.5720951572397723,1.3878978438238787,56.105902512666766,56.10818515221461,56.10256154465193,56.0995457584878
1075.0,36.448,-0.3129260098406979,-0.6504123884388912,0.6285167470013903,-0.020419832234799637,-0.05178797268458547,0.05535318542413805,0.006331701526440074,0.019073069653927785,0.17569118438383557,0.0101081990612082,-0.019591891474548657,-0.04667118643759025,0.01033760088429183,0.679769641870879,3.57301258942565,1.3885930690153006,56.08411069140359,56.08695121660117,56.08229630073166,56.07853816824174
1076.0,36.480000000000004,-0.3133745029927098,-0.6520994996934553,0.6305470467862628,-0.014015411000370223,-0.05272222670512257,0.06344686827726068,0.005741504843052905,0.018234036296302877,0.17601368963021935,0.010234630966989938,-0.013551622221834994,-0.04867269354145533,0.010504044832145254,0.6825250838456138,3.5737318750972946,1.3890861753824304,56.05925311969996,56.06260622208184,56.05891309871542,56.05448234087292
1077.0,36.512,-0.3136277900552963,-0.6538119441809666,0.6328276659190073,-0.00791522070582845,-0.053513890234733665,0.07126934789827241,0.005116928106620013,0.017426679950060423,0.17634162114767774,0.010383059233454573,-0.00778394786962286,-0.050486948879558714,0.010686376766464145,0.6852734406796192,3.57426239247201,1.3893868906010312,56.03143052214614,56.035248294342935,56.032502002865655,56.02747096053682
1078.0,36.544000000000004,-0.31369535394796927,-0.6555447644342165,0.635348816766631,-0.002111371646030507,-0.05415063291405472,0.07878596398823247,0.004465142929754492,0.016655317380740716,0.17667558082623677,0.010550094215987016,-0.0022789305459201626,-0.052103197560468176,0.010881253489919017,0.6880028754457718,3.5746132362243013,1.3895046584515658,56.00075668213507,56.00498917228844,56.00316719640272,55.997610069153616
1079.0,36.576,-0.31358636602173195,-0.6572926757589775,0.6380996431805525,0.0034058726949164346,-0.05462222889878859,0.08596332543505436,0.0037932280697307416,0.015923755675252962,0.1770160440625031,0.010732373615182601,0.0029748172026629917,-0.05351306453012375,0.011085406799549346,0.6907015905836935,3.574793159551012,1.3894485784229704,55.96735797440839,55.97195373571421,55.971026551309095,55.9650186572658
1080.0,36.608000000000004,-0.31330963270037676,-0.6590501333838953,0.6410682663613674,0.008647916292348835,-0.05492055077867343,0.09276947440045594,0.0031081104465198535,0.01523528165612234,0.17736336341752432,0.010926589807446522,0.00798995771177037,-0.05471051572067676,0.01129566675312005,0.6933578826163529,3.5748105214397756,1.3892273516285718,55.93137283455369,55.93627946445637,55.93621112287621,55.929828185190836
1081.0,36.64,-0.3128735481026449,-0.6608113987472519,0.6442418357318848,0.013627643679122352,-0.05503954260490089,0.0991740428286791,0.0024165103883619964,0.014592656579819376,0.17771777348643453,0.011129514810321418,0.012780249258623349,-0.055691798085265656,0.011508982600613987,0.6959601967739144,3.57467323947913,1.3888492333136604,55.89295116815026,55.8981158320057,55.89886457199307,55.89218203697645
1082.0,36.672000000000004,-0.31228605280909494,-0.6625706042960087,0.6476065845420065,0.018359227923434057,-0.054975173398642226,0.105148400316292,0.001724891410365625,0.013998115921648086,0.1780793967864803,0.011338022878668233,0.01736036502384019,-0.0564553602205353,0.011722441415682752,0.6984971811778476,3.5743887484805343,1.3883219921394336,55.85225370270279,55.85762363720101,55.85914251884855,55.85223491020226
1083.0,36.704,-0.311554598861915,-0.6643218162219757,0.6511478898986135,0.0228579358493756,-0.054725372686476516,0.11066579239398144,0.0010394147722033761,0.013453374006128994,0.17844825047124283,0.011549110753737608,0.021745712031879548,-0.05700175541756271,0.011933284477905098,0.7009577402406914,3.573963965113554,1.387652876334558,55.80945128604593,55.81497427808742,55.8172118322467,55.81015214530855
1084.0,36.736000000000004,-0.31068612101342263,-0.6660590946138848,0.6548503368869956,0.027139932765383405,-0.054289949747152344,0.1157014683869267,0.0003658990018293969,0.012959633202570837,0.17882425368482116,0.011759915607766059,0.025952252050613547,-0.05733352908821164,0.012138921468323753,0.7033310869437568,3.573405258686708,1.3868485867152036,55.764724135238396,55.77034897252044,55.77324985927852,55.766108998554245
1085.0,36.768,-0.30968701417049155,-0.6677765505615177,0.6586977864277015,0.031222088841599865,-0.05367049836353563,0.12023279814707347,-0.000290215486100062,0.012517597371925572,0.1792072353797303,0.011967730742269459,0.029996326308573826,-0.057455092593378304,0.012336942548573308,0.705606793666367,3.572718428138666,1.385915256488616,55.718261040392655,55.72393793043103,55.727443600476654,55.720289863213075
1086.0,36.800000000000004,-0.308563116918361,-0.6694683998078388,0.6626734464940778,0.03512178912907493,-0.05287028894752665,0.12423937707424501,-0.0009238966051530645,0.012127489222344839,0.1795969424355179,0.012170019109429168,0.03389448574429593,-0.057372585545733275,0.012525128398665408,0.7077748412552998,3.57190868523863,1.3848584376754955,55.670258528093775,55.675939483011284,55.67998883597004,55.67288744389558
1087.0,36.832,-0.3073197009488426,-0.6711290126062672,0.6667599463011967,0.03885674904745539,-0.051894149950894475,0.1277031189724812,-0.0015305456280360842,0.011789071208222375,0.17999304793084853,0.012364424733578726,0.03766332833931612,-0.05709372867925795,0.012701458290835209,0.7098256660417271,3.570980643931525,1.3836830939138338,55.62091998935811,55.62655917426364,55.63108920837974,55.624101889245175
1088.0,36.864000000000004,-0.3059614661653217,-0.672752959501841,0.6709394130662554,0.04244483698502253,-0.050748340486674606,0.13060833640806813,-0.002106017068082235,0.011501669589982133,0.18039515943922507,0.01254878211404164,0.0413193449085507,-0.056627669365859674,0.012864116277485599,0.7117502045343063,3.569938315703684,1.3823935993423022,55.570454777158965,55.576008820548104,55.580955268427864,55.57413988838494
1089.0,36.896,-0.30449254119051555,-0.674335052816127,0.6751935509336908,0.045903905462697646,-0.049440416071444455,0.1329418083573724,-0.0026466334946629753,0.011264201260348257,0.1808028272368956,0.012721123692789198,0.044878774534057496,-0.05598482182325104,0.01301149557077587,0.7135399355409082,3.568785110788771,1.3809937432055275,55.51907727871359,55.52450554379592,55.52980348929919,55.52321373670491
1090.0,36.928,-0.3029164889629138,-0.6758703836754927,0.679503721654981,0.04925163211256059,-0.0479790893551814,0.13469283504033172,-0.0031491954110185907,0.011075202936169162,0.18121555233010445,0.012879685470595927,0.048357470633403975,-0.05517670399402552,0.013142201190385946,0.7151869194969085,3.567523844982045,1.3794867397770383,55.46700596768069,55.47227078411147,55.477855255876676,55.471540376566736
1091.0,36.96,-0.3012363170743009,-0.6773543544799959,0.6838510266131093,0.05250537151914767,-0.04637408764072115,0.13585327994149402,-0.00361098636419117,0.01093286231378454,0.1816327942270797,0.013022910854573789,0.05177077845779894,-0.054215772991984795,0.013255050954901404,0.7166838348047322,3.566156751784254,1.3778752431584866,55.41446244146709,55.419529297386866,55.42533583489968,55.41934041857858
1092.0,36.992,-0.2994544924737151,-0.6787827067650046,0.6882163897846614,0.055682018768312094,-0.04463600890652694,0.13641759911101867,-0.004029773493647853,0.010835050789133015,0.18205397839746493,0.013149452818611471,0.05513342461993841,-0.05311526090493403,0.01334907489150075,0.7180240110166551,3.564685499554643,1.3761613664859786,55.3616704487038,55.36650814348739,55.37247333204561,55.366837148970454
1093.0,37.024,-0.29757296014252127,-0.6801515444591602,0.6925806412381671,0.0587978853498001,-0.04277617794235529,0.13638285792203844,-0.004403803757627925,0.010779357351771265,0.18247850337786767,0.013258174456621948,0.058459419061828555,-0.05188901262139399,0.013423513138461367,0.719201458720365,3.563111213316009,1.3743467050556148,55.30885491187922,55.31343567037723,55.3194976417596,55.31425552853423
1094.0,37.056,-0.29559316533073887,-0.6814573525899774,0.6969246007752591,0.06186858786820676,-0.04080650408804404,0.13574873553413966,-0.004731796104099989,0.010763123273663393,0.18290574749647204,0.013348148007330413,0.061761969691809526,-0.05055132721238227,0.013477812415631356,0.7202108960140287,3.56143450082352,1.3724323628703323,55.256240949952726,55.26054049937494,55.26663939548648,55.26182118843107
1095.0,37.088,-0.2935160789360716,-0.6826970115318746,0.7012291613311624,0.06490894983334428,-0.038739341934281545,0.1345175173719642,-0.005012929876426862,0.010783477228748697,0.18333507520202008,0.013418652428440666,0.06505340974866876,-0.04911680425139979,0.013511621139522324,0.7210477714840349,3.5596554824831173,1.3704189821081434,55.20405290556461,55.20805051650852,55.21412891373987,55.20975942795164
1096.0,37.12,-0.2913422256038613,-0.6838678069304802,0.7054753717626198,0.06793291663157992,-0.03658735620643062,0.13269407598305658,-0.005246829762454761,0.010837370497679103,0.183765842992771,0.013469169597973316,0.06834513779418692,-0.047600196302329735,0.013524783262078392,0.7217082836241127,3.5577738246847637,1.3683067750172422,55.152513381302754,55.15619187465866,55.16219516716235,55.15829421915004
1097.0,37.152,-0.28907171412800164,-0.6849674354715272,0.7096445186642943,0.07095348362060644,-0.0343633919077133,0.13028584067731608,-0.005433547609869792,0.010921611932620536,0.18419740494925854,0.013499379221308274,0.07164757009150316,-0.04601626864462131,0.013517330915394137,0.722189396658578,3.555788776100392,1.3660955577553076,55.101842289198174,55.10518801095226,55.11106475149434,55.10764722296392
1098.0,37.184,-0.2867042697392336,-0.6859940066924282,0.7137182068686834,0.07398263714901032,-0.03208035065315965,0.12730275638717106,-0.005573541440469574,0.011032902379990729,0.18462911788082675,0.013509152523924966,0.07497010500094534,-0.04437966714589828,0.013489475948563872,0.7224888527551443,3.553699206485994,1.3637847857078589,55.05225591745571,55.0552586835411,55.06096088103318,55.058036821249246
1099.0,37.216,-0.28423926787769793,-0.6869460410597695,0.7176784382993638,0.07703130817298022,-0.029751073979414483,0.1237572322087509,-0.005667652001699918,0.011167868283073494,0.1850603461001418,0.013498544812125325,0.07832109891317417,-0.04270479503161671,0.01344160044725759,0.7226051806335687,3.55150364752171,1.361373589842736,55.003966018115115,55.00661903166591,55.01210240491144,55.0096771688201
1100.0,37.248,-0.2816757690606294,-0.6878224645565374,0.7215076888627445,0.08010933803340012,-0.02738823427399877,0.11966408010565949,-0.005717077195692013,0.011323094212108614,0.18549046584232345,0.013467786986941921,0.08170785314739387,-0.041005699147198635,0.013374246331334666,0.7225377005956237,3.549200335222724,1.3588608136838116,54.95717891916469,54.9594786625734,54.964702850173865,54.96277726938757
1101.0,37.28,-0.27901255447311724,-0.6886226000390739,0.7251889830792229,0.08322545585974615,-0.02500423382926426,0.11504044426493515,-0.005723344724373613,0.011495154095341156,0.18591886934622623,0.01341727609981124,0.0851366111639224,-0.03929596615722637,0.013288104130576855,0.722286526019124,3.5467872534569858,1.3562450505160069,54.912094664320584,54.91404076862592,54.91896949538083,54.917540078952435
1102.0,37.312,-0.27624816192941504,-0.689346155635757,0.7287059661705662,0.08638726699070323,-0.022611112396346965,0.10990572160449008,-0.005688283284376463,0.011680640951192265,0.18634496861497246,0.013347565042364803,0.08861256538156073,-0.037588628985629494,0.013184001043215226,0.7218525613743086,3.5442621781129806,1.3535246804646652,54.868906183517154,54.87050127762308,54.875102478122216,54.8741616400129
1103.0,37.344,-0.27338092187385626,-0.6899932104674708,0.7320429733363292,0.08960125173620162,-0.02022046349105365,0.10428147393008262,-0.005613992637738664,0.011876194947889607,0.18676819887135396,0.013259351466425907,0.09213987284344041,-0.035896083667002705,0.013062888386104997,0.7212374968345291,3.541622721471732,1.3506979071246539,54.827798496860915,54.82904803914928,54.8332939395925,54.832830249625424
1104.0,37.376,-0.27040899311354266,-0.690564197974384,0.7351850959680671,0.0928727737598103,-0.01784335959103949,0.09819133224182221,-0.0055028128741622245,0.012078529643215256,0.18718802172145324,0.013153466034076794,0.0957216789465348,-0.03423001665814269,0.01292582854894122,0.7204437995652838,3.538866376351446,1.3477627934473944,54.788947954648,54.789860049462156,54.793727209051745,54.79372566417815
1105.0,37.408,-0.2673303979991735,-0.6910598871346924,0.7381182445659381,0.09620609732402494,-0.015490286259635737,0.0916608936834576,-0.005357293168170613,0.012284456282271731,0.18760392803704182,0.013030860101009269,0.09936014843122964,-0.03260134254674675,0.012773981567620007,0.7194747017859995,3.5359905596106787,1.3447172966268128,54.75252151577543,54.75310671726281,54.75657603079162,54.75701834343781
1106.0,37.44,-0.26414305679525685,-0.6914813618591633,0.7408292081379454,0.09960441262240695,-0.013171085139718965,0.084717611625237,-0.005180160320251706,0.012490906056046521,0.18801544056424668,0.012892592939319174,0.10305650282479892,-0.03102015199616924,0.012608591433565755,0.7183341857079696,3.5329926546160633,1.3415593017573715,54.71867606674345,54.718947172416655,54.72200383592469,54.7228687362745
1107.0,37.472,-0.2608448210061171,-0.691829998840876,0.7433057098775296,0.10306986841060523,-0.010894905678521418,0.07739067936199906,-0.004974287355294608,0.012694950246945034,0.18842211626286884,0.012739818608014512,0.10681106353672921,-0.029495669676820886,0.012430972256430584,0.717026965459413,3.529870052303388,1.3382866540684646,54.687557783202195,54.687529619551455,54.69016306114054,54.691426610197624
1108.0,37.504,-0.25743350544924837,-0.6921074441328393,0.7455364589304582,0.10660361115215998,-0.008670165373853272,0.06971090790402414,-0.004742662434640985,0.012893818210140837,0.18882354837778043,0.012573772580980183,0.11062329982191023,-0.02803622186068868,0.012242494396951333,0.7155584661150879,3.5266201904857892,1.3348971895691484,54.65930153588438,54.65899073821571,54.66119451629946,54.66283042670425
1109.0,37.536,-0.25390691889236694,-0.6923155887175217,0.7475111980769875,0.11020582990253229,-0.00650451827132536,0.0617105983290352,-0.004488358320136796,0.013084913160497421,0.1892193682412024,0.012395758242504301,0.1144918808492051,-0.026649213291030496,0.01204457068485503,0.7139347999532102,3.5232405910897886,1.331388763965191,54.63403034254468,54.633455131167786,54.63522680258898,54.63720676419647
1110.0,37.568,-0.2502628930947445,-0.6924565433220793,0.7492207471701063,0.11387580617571452,-0.00440483139242366,0.0534234091599691,-0.004214502609976957,0.013265825754807132,0.18960924680249788,0.012207133359879151,0.11841473114587858,-0.025341112888146746,0.0118386428335432,0.712162740066948,3.5197288950286207,1.327759279736535,54.61185486743409,54.611034822147445,54.61237578272197,54.61466979011395
1111.0,37.6,-0.24649931011684015,-0.6925326127215193,0.7506570421853256,0.1176119680594971,-0.002377168732501251,0.04488421922559643,-0.003924248947092086,0.013434345477163954,0.18999289588052215,0.012009296640899687,0.12238908872173504,-0.024117447809931893,0.011626168158865146,0.7102496914614259,3.516082894452523,1.3240067112873797,54.59287296963693,54.59182880439424,54.59274410453638,54.59532078370721
1112.0,37.632,-0.24261412778473618,-0.6925462697594884,0.7518131697520132,0.12141194787826244,-0.0004267824365335652,0.03612898645899124,-0.003620749381557887,0.013588469852347082,0.1903700691325998,0.01180367448128412,0.1264115652193948,-0.02298280535536927,0.011408606703696235,0.7082036597703103,3.5123005621471335,1.3201291281031444,54.57716930151963,54.575922640977254,54.5764207791303,54.57924771078304
1113.0,37.664,-0.23860540321728668,-0.6925001293030736,0.7526833970507015,0.1252726427327827,0.0014418892629630472,0.02719460308400799,-0.003307128049203361,0.013726411527192887,0.19074056273390685,0.011591708003120062,0.1304782074770959,-0.02194084217615275,0.011187408863337515,0.7060332177286053,3.5083800778837295,1.3161247158685587,54.564814958355214,54.56338811793286,54.563480814570184,54.56652485155166
1114.0,37.696,-0.23447131434412224,-0.6923969223342087,0.7532631969751831,0.1291902772864029,0.003225217777028466,0.018118747640050083,-0.002986456309400145,0.013846603274034992,0.19110421576140726,0.011374840480557624,0.13458455993783736,-0.020994300248591058,0.010964003599085519,0.7037474695405432,3.504319851558415,1.3119917955191143,54.55586718011758,54.55428295101908,54.553984905997346,54.55721248262173
1115.0,37.728,-0.23021017936165758,-0.6922394703661733,0.7535492684725867,0.1331604682020059,0.004920374001105847,0.00893973429386377,-0.002661729466091883,0.01394770098246896,0.19146091027751544,0.011154505242982192,0.1387257273808735,-0.02014502905050496,0.01073978731881408,0.7013560132833733,3.5001185429914328,1.3077288402141791,54.55036910626461,54.54865054684005,54.547979182878706,54.55135661399993
1116.0,37.76,-0.22582047409199738,-0.6920306603594576,0.7535395519890556,0.1371782896768965,0.0065253127098659465,-0.0003036401103468146,-0.002335845177573936,0.014028584716953424,0.191810571110284,0.010932114139178977,0.14289643749974176,-0.019394013388475247,0.010516113494217277,0.6988689014896428,3.4957750782922283,1.3033344902343418,54.54834958426178,54.54651981891116,54.54549501394292,54.54898878187338
1117.0,37.792,-0.22130084722612497,-0.6917734202970829,0.7532332399631548,0.1412383395584967,0.008038751949208738,-0.009572250809399312,-0.002011583642466897,0.01408835792720186,0.19215316532906382,0.01070904663833287,0.1470911028918969,-0.01874140632531096,0.010294283074669773,0.6962966000522196,3.4912886627306094,1.2988075658181737,54.54982303242822,54.54790505918663,54.54654887027387,54.5501258977701
1118.0,37.824,-0.2166501334480109,-0.6914706955654405,0.7526307823237827,0.1453348055660808,0.009460147863825723,-0.018826801230382294,-0.0016915896318118408,0.014126344906953494,0.19248870141719607,0.010486639635571325,0.15130388207094353,-0.018186566667888118,0.010075535747601255,0.6936499455979459,3.4866587900890607,1.294147077964705,54.55478935761638,54.552805865386325,54.55114224683064,54.55477015461258
1119.0,37.856,-0.21186736445033294,-0.6911254262729422,0.7517338869641705,0.14946153117741956,0.010789665390571926,-0.028027979987875817,-0.0013783564203415667,0.014142086603679974,0.1928172281462508,0.010266178020927514,0.15552873914941245,-0.017728100488205487,0.009861042085065656,0.6909401014774719,3.4818852485057663,1.289352237237711,54.56323392806743,54.56120712441073,54.559261642598344,54.562908989998505
1120.0,37.888,-0.20695177786541025,-0.6907405256253321,0.7505455151785746,0.15361208077885108,0.012028145237816888,-0.03713661829987731,-0.0010742116537608907,0.014135334888093641,0.19313883315953725,0.01004888606159574,0.15975950188158258,-0.017363906167073187,0.0096518966059554,0.6881785125205362,3.476968122852001,1.2844224606165155,54.5751276017064,54.573079051941335,54.570878599368015,54.57451510695563
1121.0,37.92,-0.20190282414678493,-0.690318859463443,0.7490698720635167,0.15777980370702363,0.013177067559032914,-0.046113847345553544,-0.000781305173377097,0.014106045397118907,0.19345364127596776,0.009835919637918258,0.16398991778733785,-0.0170912224671141,0.009449111773226864,0.685376858707789,3.4719077937209613,1.2793573764456607,54.59042680996687,54.58837728827007,54.58594979907767,54.589546552233244
1122.0,37.952,-0.19672017144770912,-0.6898632270565211,0.7473123919009442,0.16195789684613682,0.01423851271630823,-0.05492125508039633,-0.0005015988046516336,0.014054369068279395,0.19376181252875116,0.009628359364183294,0.16821370811408673,-0.01690667916153507,0.009253612935719607,0.682547007912173,3.4667049331376583,1.274156827542573,54.609073697147586,54.60704305019981,54.604417219433905,54.60794685209553
1123.0,37.984,-0.19140370855268718,-0.6893763432320025,0.7452797185564684,0.16613946546941702,0.015215119516206705,-0.06352104201486405,-0.0002368581022478612,0.013980642486387264,0.194063539956723,0.009427204615980128,0.1724246194191006,-0.01680634976422444,0.009066234214789809,0.6797009678649594,3.461360497130856,1.2688208725284527,54.6309963151195,54.62900333879513,54.62620834746106,54.62964520539019
1124.0,38.016,-0.18595354592725927,-0.6888608219107989,0.742979680941921,0.170317582044641,0.016110041287613727,-0.07187617545461211,1.1353969108874739e-05,0.013885377165989282,0.19435904716928856,0.009233368476570952,0.17661647258495417,-0.01678580592714355,0.008887715327161498,0.6768508375036906,3.455875715338016,1.2633497854531546,54.65610887310232,54.65417120254683,54.6512364504022,54.65455673355533
1125.0,38.048,-0.18037001495946633,-0.6883191611057303,0.7404212636078353,0.1744853427435096,0.016926900158390816,-0.07995054169016864,0.00024168145110677535,0.013769247894369292,0.1946485857088821,0.00904767360600234,0.1807832091000419,-0.016840173089806166,0.008718699327202277,0.6740087578616117,3.45025207784251,1.2577440537899154,54.68431204203465,54.68244605543944,54.67940090331507,54.68258278702548
1126.0,38.08,-0.17465366547397776,-0.6877537294296907,0.7376145725481124,0.17863592142153767,0.01766973987624002,-0.08770909561635268,0.0004529779505255097,0.013633080261006174,0.1949324322374372,0.008870849028111357,0.18491893446129595,-0.016964186984827653,0.0085597312443611,0.67118686266052,3.4444913194687,1.2520043748805283,54.71549331294719,54.71371404918017,54.71058757247131,54.71361130737334
1127.0,38.112,-0.16880526160675158,-0.6871667541494416,0.7345707963160576,0.18276262085079772,0.01834297750778205,-0.09511800725170068,0.0006443073959311314,0.013477837499366705,0.19521088557557947,0.008703527822678988,0.1890179585702834,-0.017152250620828896,0.008411257584775227,0.6683972287714521,3.4385954017845832,1.2461316509160372,54.74952740854196,54.747848498760014,54.74466925357486,54.74751724430843
1128.0,38.144,-0.16282577613438848,-0.6865603108105417,0.7313021625681467,0.18685892101136745,0.018951354340624595,-0.10214480462222579,0.0008149430583918408,0.013304606766740421,0.19548426362500881,0.008546245702544378,0.19307483301493364,-0.017398491380857365,0.008273626660145588,0.6656518267100606,3.4325664930832995,1.2401269825422836,54.786276747049605,54.784710360270886,54.78150616356793,54.78416302651625
1129.0,38.176,-0.15671638335807542,-0.6859363144488225,0.7278218901692635,0.19091852425976177,0.019499886303721885,-0.1087585124650899,0.0009643649116600247,0.013114584986600128,0.19575290020583497,0.008399440448799325,0.19708438513926693,-0.017696817889534467,0.008147089701856491,0.6629624713360275,3.426406946633637,1.233991661183722,54.82559195721839,54.82414875980221,54.82094648468875,54.82339908509269
1130.0,38.208,-0.15047845064722576,-0.6852965123939694,0.7241441370107128,0.1949353972140733,0.019993814214162974,-0.11492978620472136,0.0010922554159585075,0.012909064376651453,0.1960171418414049,0.00826345217104353,0.20104174882193182,-0.01804097631663063,0.008031802714026391,0.6603407729281912,3.420119277505388,1.2277271601828366,54.86731244314204,54.86600157197864,54.86282695918547,54.86506442817692
1131.0,38.24,-0.14411352875262953,-0.6846424786611394,0.7202839437099892,0.1989038092061098,0.02043855415093575,-0.12063104064759976,0.0011984938174608916,0.012689417783413393,0.1962773445234339,0.008138524354375837,0.20494239189214636,-0.01842460579743063,0.007927829015658455,0.657798088809365,3.413706138287906,1.2213351248562578,54.91126699740333,54.91009604658714,54.90697353297516,54.90898726514621
1132.0,38.272,-0.1376233410031387,-0.6839756099171231,0.7162571733790134,0.20281836717161106,0.020839648250509317,-0.12583657284300634,0.0012831490627469792,0.012457083941776172,0.19653387049000706,0.008024805650089442,0.208782140129008,-0.018841292662821772,0.007835142419309786,0.6553454756968087,3.4071702940291204,1.214817361572247,54.957274460851096,54.95624948146855,54.95320204626658,54.95498567857224
1133.0,38.304,-0.1310097715036235,-0.6832971229983212,0.7120804476652665,0.20667404685982665,0.021202716212557052,-0.13052267855457736,0.0013464714339837408,0.012213552774598067,0.19678708504828069,0.007922352363121402,0.21255719779722465,-0.019284623183034685,0.007753630991653408,0.6529936429561563,3.4005145967274637,1.2081758259575757,55.00514442708665,55.0042699397241,55.00131896904047,55.002868341888885
1134.0,38.336,-0.1242748524551352,-0.6826080539487516,0.7077710792878652,0.21046622026528264,0.021533407799054508,-0.1346677617938041,0.0013888830162662041,0.011960350843961501,0.19703735347250442,0.00783113158607276,0.216264164690169,-0.0197482345403957,0.0076831013399209,0.6507529069379656,3.3937419597104412,1.201412610344899,55.05467798956754,55.05395700900608,55.05112217900387,55.05243528054993
1135.0,38.368,-0.11742075072087038,-0.6819092585374453,0.7033470013080457,0.21419067919575155,0.021837356603317593,-0.1382524368693431,0.0014109671134954576,0.01169902706127661,0.19728503800634417,0.007751024926996913,0.21990004965897356,-0.020225863756976364,0.0076232833674212,0.6486331465771353,3.386855332230844,1.194529930574487,55.10566852898706,55.105102600530365,55.102401779504056,55.103478674199046
1136.0,38.4,-0.11044975376362408,-0.6812014142059322,0.6988266933906475,0.21784365491397098,0.022120135359788788,-0.14125962241870976,0.0014134567333116681,0.011431138758926481,0.19753049499646008,0.007681832776283381,0.22346228062599938,-0.02071139431461201,0.0075738354410574355,0.6466437604358588,3.379857674604717,1.187530112266487,55.15790253841371,55.157491785162875,55.15494095460707,55.155783697198814
1137.0,38.432,-0.10336425508189982,-0.6804850233880986,0.6942291053299091,0.22142183380385821,0.022387213057297177,-0.14367462689805893,0.001397222264964803,0.011158238220667615,0.19777407218192214,0.007623279056489613,0.2269487110906252,-0.021198900216118814,0.007534349913965437,0.6447936253707802,3.3727519342042127,1.1804155766817714,55.211160483423235,55.210903663799066,55.208516858414704,55.20912939460896
1138.0,38.464,-0.09616673927267405,-0.6797604181365583,0.6895735781290805,0.22492236903833013,0.02264391411063618,-0.14548522502591052,0.0013632584765311576,0.010881859762457053,0.1980161061614119,0.0075750163982774826,0.23035762315751496,-0.021682687249799694,0.007504358946960932,0.6430910570041736,3.365541022603324,1.1731888262906711,55.26521769428072,55.26511226897151,55.26290153541497,55.26328959052945
1139.0,38.496,-0.08885976684893947,-0.6790277659818521,0.6848797629388964,0.2283428882416802,0.022895379834565955,-0.14668172469323612,0.0013126709595889755,0.01060350744885964,0.1982569200572832,0.007536631685118383,0.23368772712954874,-0.022157331232849284,0.007483340573399149,0.6415437721775401,3.358227794155364,1.1658524301695359,55.31984528698166,55.3198874944909,55.3178628685356,55.318033825473236
1140.0,38.528,-0.0814459589395326,-0.6782870769433563,0.6801675381747121,0.23168149716899,0.023146532452995635,-0.14725702388077602,0.0012466621503041107,0.010324643523626187,0.19849682139254346,0.007507651909668156,0.23693815773267307,-0.022617713025636962,0.00747072495320012,0.6401588535635813,3.3508150262580765,1.1584090093449368,55.3748111097925,55.374996049651585,55.37316555130032,55.37312831926711
1141.0,38.56,-0.07392798199733715,-0.6775382116037879,0.6754569251459341,0.2349367794435817,0.023402041861510393,-0.1472066571492946,0.0011665170558340834,0.010046677625528277,0.1987361001936953,0.007487550284993991,0.2401084670543361,-0.023059050125822336,0.0074659007631682865,0.6389427166093333,3.3433054015356287,1.1508612222043966,55.42988071169139,55.43020243441287,55.42857208037454,55.42833695574037
1142.0,38.592,-0.06630853263970629,-0.6767808901527248,0.6707680025441494,0.23810779242599048,0.023666295345724755,-0.14652883130579028,0.0010735888140260804,0.009770956853033771,0.19897502732922603,0.00747575255472687,0.2431986143048281,-0.023476924671692934,0.007468221672261016,0.6379010789789104,3.335701492136822,1.1432117500907268,55.484818328956905,55.48526993170901,55.483843764534285,55.48342228531203
1143.0,38.624,-0.058590322741828675,-0.6760147022986902,0.6661208201479182,0.2411940593086485,0.0239433704385784,-0.1452244498822083,0.0009692842125427452,0.00949875673301914,0.19921385309040418,0.007471643447194999,0.2462089525270206,-0.02386730770554602,0.007477012852105508,0.6370389326590948,3.3280057463159243,1.135463283194299,55.53938788592869,55.5399616129403,55.53874174599822,55.53814654136697
1144.0,38.656,-0.050776064899748556,-0.6752391179441584,0.6615353121124102,0.2441955575650306,0.024237011079122798,-0.1432971261096391,0.0008550492907764488,0.009231273140418,0.1994528060179866,0.00747457321985461,0.24914021240929488,-0.024226579573044436,0.007491577474801952,0.6363605188845114,3.32022047742714,1.127618506853868,55.593354005834705,55.59404135246297,55.59302802983712,55.592272666189054
1145.0,38.688,-0.042868458374824524,-0.6744534985134063,0.6570312102207833,0.24711270390384835,0.024550607210999137,-0.14075318411332727,0.0007323551442452633,0.008969615206621418,0.1996920919755089,0.007483864241830968,0.2519934833732675,-0.024551546360613605,0.007511203151857648,0.635869306031639,3.3123478554262467,1.1196800883718334,55.646483027381414,55.647274846821325,55.64646651710678,55.64556534202675
1146.0,38.72,-0.034870175625571834,-0.6736571088195424,0.6526279574812941,0.2499463359141741,0.024887177933248482,-0.13760164810905143,0.0006026840465601575,0.008714799245561858,0.19993189346706117,0.007498817563948367,0.2547701921374369,-0.024839452302832955,0.007535168269968645,0.6355679706220502,3.304389900933999,1.1116506644441138,55.69854402270554,55.69943063426458,55.69882403716098,55.69779202277787
1147.0,38.752,-0.026783849526090524,-0.6728491293543549,0.6483446224594587,0.2526976906087627,0.025249358287106984,-0.13385421943234194,0.0004675159985821425,0.008467743716888701,0.2001723691948904,0.007518719427498615,0.25747207897374835,-0.02508798812224445,0.007562748181283997,0.6354583815653516,3.2963484818760636,1.1035328292980793,55.749309812122064,55.750281110049755,55.74987137456776,55.74872396162493
1148.0,38.784,-0.01861206136266396,-0.6720286688829143,0.6441998147380115,0.2553683801071082,0.025639389732520827,-0.1295252412952395,0.00032831580803386316,0.008229265236463834,0.2004136538498237,0.007542847664813955,0.26010117190206383,-0.025295295297963295,0.007593221207787709,0.6355415877609641,3.288225312674144,1.0953291236243363,55.798557971047,55.799603532874315,55.79938428590593,55.798137229906715
1149.0,38.816,-0.010357329691660986,-0.6711947772241857,0.6402116018988457,0.2579603647188141,0.026059114335265917,-0.12463165122391505,0.00018652079565977079,0.00800007563475747,0.20065585812542272,0.0075704779467931,0.26265975908058653,-0.025459966293389296,0.0076258744214902805,0.6358178091654682,3.2800219559232247,1.0870420243795706,55.84607182435102,55.84718101778139,55.847144501729396,55.84581372240023
1150.0,38.848,-0.0020221001326507625,-0.6703464580993003,0.6363974284204311,0.26047592371909817,0.02650997265267408,-0.11919292120046993,4.3529216087814034e-05,0.007780780054599041,0.2008990689449418,0.007600889834715803,0.2651503596748899,-0.025581040809828565,0.007660009164291535,0.6362864314184306,3.2717398264512214,1.0786739355282744,55.8916414233948,55.89280351077349,55.8929407088911,55.891542144194105
1151.0,38.88,0.006391263839283609,-0.6694826819306399,0.6327740368813176,0.2629176241229197,0.026993005270634533,-0.11323098559728444,-9.931052709923927e-05,0.007571876070330885,0.20114334988860672,0.0076333725959916625,0.2675756934965555,-0.02565799816864104,0.007694946273645708,0.6369460041047768,3.26338019762034,1.070227179781069,55.935064500924206,55.936268740419116,55.93656950847909,55.93511897427356
1152.0,38.912,0.014880489048575495,-0.6686023984775096,0.6293573918551701,0.26528828779040065,0.027508857910324678,-0.10677015706712016,-0.0002407098018641522,0.007373753801726048,0.2013887418074309,0.007667230745905225,0.2699386497217859,-0.025690745961755523,0.007730030982576136,0.6377942427156065,3.254944209694855,1.0617039913765904,55.97614739905591,55.9773831416858,55.977836344579806,55.97634940100324
1153.0,38.944,0.023443399679122585,-0.6677045491979097,0.6261626068752743,0.2675909572045666,0.02805778998749389,-0.09983703062173548,-0.00037944874338211596,0.007186696987259298,0.201635263608756,0.007701789280079229,0.27224225500237453,-0.02567960514570306,0.007764637465155276,0.6388280343522497,3.2464328800683964,1.0531065099427135,56.014705965568226,56.015962747337326,56.016556399200525,56.01504822469113
1154.0,38.976,0.03207792320813706,-0.6667880792307584,0.623203874836572,0.269828860281732,0.028639686473478882,-0.0924603762094548,-0.0005143842747400261,0.007010884973468093,0.20188291319791785,0.007736398565185752,0.27448964129396874,-0.0256252917901285,0.007798173001317487,0.6400434472000917,3.2378471151157453,1.0444367754613286,56.05056641382832,56.051834042244025,56.05255544870664,56.051040722546404
1155.0,39.008,0.04078209519454678,-0.6658519488988107,0.6204944021910181,0.27200537457527335,0.02925407287336318,-0.08467102017354923,-0.0006444571131306819,0.006846395569386522,0.20213166855989473,0.007770438858345057,0.27668401372094276,-0.02552889572417006,0.00783008173781069,0.6414357437796689,3.229187723410146,1.0356967243491648,56.08356614173264,56.084834776119244,56.08567067730811,56.08416347140365
1156.0,39.04,0.049554062914371394,-0.664895144639412,0.6180463472773831,0.2741239912445494,0.029900133106212746,-0.07650171605110496,-0.0007686977328285468,0.006693208708387808,0.20238148896446204,0.007803324428909211,0.2788286188019882,-0.02539185635569225,0.007859848025239346,0.6429993979625707,3.220455430027629,1.0268881866553985,56.113554505221344,56.11481473027128,56.115751443217675,56.11426512378243
1157.0,39.072,0.058392087847239836,-0.6639166892780561,0.6158707631096122,0.2761882791521079,0.030576730042367793,-0.0679870052428318,-0.0008862312671476983,0.006551210853390281,0.20263231627824588,0.00783450725964635,0.280926713346503,-0.02521593596575915,0.007886999314497989,0.6447281157191845,3.2116508916452813,1.0180128843651808,56.140393542038204,56.141636434186985,56.142659993342825,56.14120713297465
1158.0,39.104,0.06729454702977508,-0.6629156515683687,0.6139775449285251,0.2782018494542571,0.03128242842773477,-0.059163068158979,-0.0009962813424773801,0.006420200076253427,0.20288407636710806,0.00786348030789706,0.28298153432850837,-0.025003190805680163,0.007911108599447153,0.6466148595441971,3.202774712130948,1.0090724307869174,56.16395864165999,56.1651758279058,56.16627212252962,56.16486442311762
1159.0,39.136,0.07625993330280013,-0.6618911549315287,0.6123753828000883,0.28016832103200157,0.032015519901246764,-0.05006756651364375,-0.001098172848214872,0.006299891737461616,0.2031366805724907,0.007889780311083353,0.28499627002243333,-0.024755940343864087,0.00793179639641064,0.6486518764843892,3.1938274583178368,1.0000683309903062,56.184139157494414,56.18532286643158,56.186477773674426,56.18512600039597
1160.0,39.168,0.08528685449006744,-0.6608423853381328,0.6110717195198229,0.2820912871021344,0.032774049793627,-0.04073947750829925,-0.0011913336568772977,0.006189924688823163,0.20339002724567146,0.00791299012482494,0.28697403267387,-0.02447673502636994,0.007948732254977109,0.6508307296716281,3.184809675658892,0.9910019832519331,56.200838957765605,56.20198206263775,56.203181575240414,56.201895501847666
1161.0,39.2,0.0943740315563431,-0.6597685982859756,0.6100727140572413,0.2839742833210824,0.03355584537990924,-0.031218920705670925,-0.0012752953187111014,0.006089867919027261,0.2036440033243174,0.00793274058604491,0.2889178329483988,-0.024168322925526432,0.007961635798609284,0.653142333242422,3.175721903462687,0.9818746814557712,56.21397691174284,56.21507296546705,56.216303313069226,56.21509167849475
1162.0,39.232,0.1035202958020527,-0.6586691248380191,0.6093832107467049,0.28582075767845666,0.03435854524864338,-0.02154697845426519,-0.0013496927646430394,0.005999227560415024,0.2038984859362507,0.007948711897579612,0.290830556383524,-0.02383361565789297,0.00797027729768437,0.6555769905040019,3.1665646894247934,0.972687618387391,56.223487308350045,56.22453057049785,56.225778333658496,56.22464880991028
1163.0,39.264,0.11272458516019877,-0.6575433766958126,0.6090067144019266,0.2876340424420326,0.03517962944394765,-0.011765510774321213,-0.0014142630603079986,0.0059174541743609544,0.20415334401593968,0.007960634535166083,0.2927149420324514,-0.02347565395317488,0.00797447778175106,0.658124435185984,3.1573386031858806,0.9634418898531267,56.22932020448571,56.23030566034502,56.231557876477986,56.23051704763234
1164.0,39.296,0.12198593966878193,-0.6563908502946422,0.6089453715007154,0.2894173283932557,0.03601645003658124,-0.0019169656628496182,-0.0014688432620360455,0.005843950233082284,0.20440843991989185,0.007968289681922033,0.29457356346528807,-0.02309757325200877,0.007974108701933085,0.6607738755963154,3.1480442486699522,0.9541384995489881,56.23144170081852,56.2323650726879,56.2336093332281,56.23266268527868
1165.0,39.328,0.13130349619841114,-0.6552111299175936,0.6091999575546876,0.2911736415508801,0.03686626178276493,0.007955814186630881,-0.0015133674330211936,0.00577807771661484,0.20466363102782745,0.007971509199715154,0.29640881225255933,-0.022702569700553593,0.007969091158500802,0.6635140414807397,3.138682274982633,0.9447783645988163,56.22983414316239,56.23069189415628,56.231916432386186,56.23106835355715
1166.0,39.36,0.14067648252009857,-0.6540038898363533,0.6097698707457888,0.2929058225527643,0.03772625253876324,0.01780978722191519,-0.0015478628843290326,0.005719165745926448,0.20491877131726596,0.007970175151110467,0.29822288402974934,-0.022293866896068167,0.007959394712574697,0.6663332333665569,3.129253385679809,0.9353623216771018,56.224496248012805,56.22528557867289,56.226479347756744,56.225733138850806
1167.0,39.392,0.15010421080235187,-0.6527688954967995,0.61065313187784,0.29461650882038265,0.038593573111050786,0.027601910376596032,-0.0015724457108767982,0.005666518175789962,0.20517371289992917,0.00796421888955076,0.300017767198856,-0.0218746837177737,0.007945035804692701,0.6692193741542518,3.1197583462507166,0.9258911336290374,56.21544315119745,56.216161989318664,56.21731473021053,56.21667262442875
1168.0,39.424,0.15958607062956817,-0.6515060037771299,0.61184639065719,0.29630811960054215,0.03946536623968076,0.03728933685469346,-0.0015873156970052853,0.00561942107488129,0.20542830750916924,0.00795361973942264,0.301795234296107,-0.021448203554630604,0.007926075806478637,0.6721600627047856,3.110197989695961,0.9163654964987883,56.20270637910294,56.20335336318491,56.20445566219416,56.203918853843966
1169.0,39.456,0.16912152163539057,-0.6502151623552991,0.6133449382822158,0.2979828439319166,0.040338794432207344,0.04682961328205008,-0.0015927506697113562,0.005577150024691242,0.20568240792845402,0.007938403291158342,0.3035568360125975,-0.021017545213610878,0.007902618734849704,0.6751426291561803,3.100573220119443,0.9067860468765843,56.18633374232801,56.186908199160875,56.18795153507468,56.18752021646706
1170.0,39.488,0.17871008584511938,-0.6488964082307966,0.615142726287114,0.29964263155405835,0.04121106639070583,0.056180875153073684,-0.0015891003800200477,0.005538977174003939,0.20593586935178665,0.007918639339963125,0.30530389782953754,-0.020585735762021162,0.007874808661029459,0.6781541916906448,3.090885014292872,0.897153369476062,56.166389152135906,56.166891069015776,56.16786784979129,56.16754125562716
1171.0,39.52,0.18835133982050978,-0.6475498654531884,0.6172323915514794,0.30128918673091615,0.042079461800253466,0.06530203951141085,-0.001576779994358354,0.005504177990965659,0.2061885506677991,0.007894439499635605,0.30703751919006117,-0.02015568552350664,0.007842826849058309,0.6811817144630106,3.081134421191848,0.8874680048552296,56.142952360469906,56.14338235262106,56.14428594176624,56.14406240021741
1172.0,39.552,0.19804490669838284,-0.6461757421162957,0.6196052873538126,0.3029239649335667,0.04294135427790115,0.07415299382292195,-0.0015562632781573702,0.0054720376608926,0.20644031566013912,0.007865954525490191,0.30875857510839366,-0.019730165412343827,0.007806888660457472,0.6842120663928517,3.0713225595425366,0.8777304571974305,56.116118624815165,56.11647789856581,56.11730263143088,56.11717962114036
1173.0,39.584,0.20779044821150067,-0.6447743266823449,0.6222515203146348,0.3045481722848979,0.04379423231095701,0.0826947800256853,-0.0015280755532990297,0.005441857084006697,0.20669103411766762,0.007833371382521525,0.3104677200820808,-0.019311786753377816,0.0077672402631943456,0.6872320805163645,3.061450613457038,0.8679412020726585,56.08599829956558,56.08628861189026,56.08702980218481,56.08700401433743
1174.0,39.616,0.2175876567761888,-0.6433459837048321,0.6251599930435555,0.3061627676465378,0.04463571804728053,0.09088977277878178,-0.0014927865094873235,0.005412958433988846,0.20694058284889538,0.007796910096513719,0.3121653941575249,-0.018902983697618413,0.007724155184074399,0.690228613590081,3.0515198262729664,0.8581006941044139,56.05271635605449,56.05293997104981,56.05359390798837,56.0536613126428
1175.0,39.648,0.22743624772633367,-0.6418911490222142,0.6283184522746926,0.30776846719199275,0.04546358383180326,0.0987018509730237,-0.001451002947227249,0.005384690244653869,0.2071888465960161,0.007756820426949245,0.31385183097011465,-0.018505998305546584,0.00767793074415613,0.6931886056366813,3.041531492747692,0.8482093744728881,56.01641183375226,56.016571476663586,56.01713541321854,56.01729132903837
1176.0,39.68,0.2373359517677441,-0.6404103244968373,0.631713542246506,0.3093657512941103,0.04627576641803323,0.10609656161917949,-0.001403361526900816,0.005356431998928786,0.20743571884482806,0.007713378401130235,0.3155270675716413,-0.018122868333392085,0.007628884416740505,0.6960991391237554,3.031486949789636,0.838267678191504,55.9772372255965,55.97733603495364,55.97780816776378,55.9780473343442
1177.0,39.712,0.24728650772056793,-0.6389040723747748,0.6353308630555904,0.31095487352570955,0.04707037881444998,0.11304127528387453,-0.001350521594534487,0.005327598200729261,0.20768110252778266,0.007666882749048547,0.3171909558358144,-0.017755417721347345,0.007577350146935879,0.6989474974691401,3.0213875659373035,0.8282760411005945,55.93535780072062,55.935399279176885,55.935778720717444,55.93609537266962
1178.0,39.744,0.2572876556106173,-0.6373730093425036,0.6391550336894595,0.3125358715640768,0.04784571975847806,0.11950533230842203,-0.0012931581503375033,0.005297641917015243,0.20792491061834792,0.007617651278090095,0.31884317523151035,-0.017405249749082335,0.007523674670765995,0.7017212225715946,3.0112347298208064,0.8182349065291624,55.89095086825677,55.89093883265554,55.89122557632391,55.89161351835444
1179.0,39.776,0.26733913016321076,-0.6358178003556395,0.6431697594210092,0.314108579768511,0.04860028083949833,0.12546017911091428,-0.0012319550210473707,0.005266057783370202,0.20816706661581688,0.007566017225796894,0.3204832467388198,-0.017073742791454814,0.007468213870303791,0.7044081710728024,3.001029837860162,0.8081447315831045,55.8442049861319,55.84414351734968,55.84433839615944,55.84479107836364
1180.0,39.808,0.2774406547456127,-0.6342391523133504,0.6473579032273007,0.3156726432000952,0.04933275132154082,0.13087949394662413,-0.001167598291654311,0.005232384472633285,0.20840750492062604,0.00751232562750796,0.32211054768917924,-0.01676204857883179,0.007411329199413962,0.7069965690661304,2.990774281469176,0.7980059930258802,55.79531911912361,55.795212512158834,55.79531715176234,55.7958277444395
1181.0,39.84,0.28759193579646786,-0.6326378076496453,0.6517015608776671,0.3172275328391884,0.05004202074077863,0.13573930157393396,-0.0011007700462792609,0.005196206631538885,0.2086461711011701,0.007456929733999938,0.3237243273032277,-0.016471092839730778,0.007353384212406727,0.7094750649788825,2.9804694340430458,0.7878191927252731,55.74450175061674,55.74435446541096,55.744371232189074,55.74493269948122
1182.0,39.872,0.2977926577729138,-0.6310145379095724,0.6561821393209887,0.31877256176397095,0.05072717937728292,0.14001807635381588,-0.0010321424619565498,0.005157156295750375,0.20888302205398465,0.007400187512030171,0.32532372271303595,-0.016201578181338147,0.007294741225322337,0.7118327803680783,2.9701166380117887,0.7775848626474996,55.691969952779985,55.69178656617149,55.69171851113816,55.6923236828935
1183.0,39.904,0.3080424786384185,-0.6293701373745522,0.6607804379893624,0.3203069020469857,0.05138751671937677,0.14369683338666175,-0.0009623722929059218,0.005114913798255599,0.2091180260600309,0.007342458258267552,0.3269077752537614,-0.015953989043715443,0.007235758136698212,0.7140593583846239,2.9597171922401273,0.7673035693874092,55.637948419982976,55.637733579204564,55.63758437847356,55.638226019738255
1184.0,39.936,0.3183410259069451,-0.6277054167967121,0.6654767326253163,0.3218296021414911,0.05202251805750767,0.14675920737357523,-0.000892095776671385,0.005069208190593078,0.20935116274062746,0.007284099354367982,0.3284754468285139,-0.015728598548443683,0.00717678543160727,0.7161450096772478,2.9492723400476275,0.7569759182307758,55.58266847047691,55.58242684852019,55.58220074107276,55.582871618720525
1185.0,39.968,0.3286878932518825,-0.6260211972972805,0.6702508612321937,0.3233396045292591,0.052631859357233156,0.14919151896490285,-0.0008219239873398565,0.005019817199984233,0.20958242291733464,0.007225463187926452,0.33002563615341785,-0.01552547705006245,0.00711816338954222,0.7180805555252343,2.938783258110842,0.7466025567516732,55.526367021389206,55.52610327456598,55.52580499804256,55.52649794405933
1186.0,40.0,0.33908263768138835,-0.6243183044789338,0.675082311742308,0.32483576342209297,0.0532154005733396,0.1509828284410902,-0.000752438654996143,0.004966566748925785,0.20981180838080105,0.007166894261031318,0.33155719471292433,-0.015344502190837071,0.007060219513408388,0.7198574680079323,2.9282510464921794,0.7361841779545709,55.46928554220944,55.46900427015013,55.46863899536611,55.469346966415905
1187.0,40.032000000000004,0.3495247772754377,-0.6225975627965802,0.6799503109948976,0.3263168623140049,0.053773177573543614,0.15212497664340538,-0.0006841884647125428,0.00490933006636216,0.21003933157421453,0.007108726504863688,0.33306894226201733,-0.015185370254121935,0.007003266193547813,0.7214679070386913,2.917676720018565,0.7257215229770625,55.41166899189845,55.41137470023662,55.410947965092944,55.411664098000045
1188.0,40.064,0.3600137894740217,-0.6208597902254906,0.6848339146156934,0.3277816312057862,0.05430539284655396,0.15261261314988786,-0.0006176858427607879,0.00484802642200846,0.21026501519755594,0.007051280815538406,0.3345596817377416,-0.015047608610609421,0.006947598617401806,0.7229047541114112,2.9070612012071013,0.7152153833750129,55.3537647448083,55.35346181070892,55.352979454134584,55.35369711702651
1189.0,40.096000000000004,0.3705491099006373,-0.6191057932600523,0.6897120973919623,0.32922876333170037,0.054812405169941375,0.15244321175838405,-0.0005534042324245251,0.004782619516926854,0.21048889173934301,0.006994862823212618,0.3360282134510333,-0.014930589052831636,0.006893492932153761,0.724161642628711,2.8964053149053846,0.7046666030173636,55.2958215104871,55.29551415118833,55.2949822477125,55.29569508657549
1190.0,40.128,0.3811301317004875,-0.6173363622708006,0.6945638437410593,0.3306569312453555,0.05529471841412335,0.15161707340929856,-0.0004917758568385782,0.0047131155649181265,0.21071100294293485,0.006939760903190899,0.3374733484568455,-0.014833541818193144,0.006841204664576977,0.7252329847019792,2.885709784781412,0.6940760796228957,55.23808825243345,55.23778049688298,55.23720529239302,55.237907272897935
1191.0,40.160000000000004,0.39175620536869443,-0.6155522672418655,0.6993682378767015,0.33206480213142997,0.05575296965421445,0.15013731673880398,-0.0004331899617014916,0.004639561099876052,0.21093139921479062,0.006886244434763207,0.33889392100949106,-0.014755570107339654,0.006790967399315699,0.7261139943346713,2.87497523176282,0.683444765975887,55.18081311069423,55.1805087743753,55.17989662357097,55.1805820680317
1192.0,40.192,0.40242663904032017,-0.6137542539056083,0.704104553285183,0.33345105223834093,0.05618791675804294,0.14800985651506024,-0.00037799152654968454,0.004562040544802469,0.21115013898229065,0.0068345623105605345,0.3402888000371753,-0.014695664914029578,0.006742991714043794,0.7268007069213538,2.864202174488088,0.67277336095968,55.124242333131484,55.12394499609049,55.12330230209866,55.123965921525716
1193.0,40.224000000000004,0.41314069921109353,-0.6119430402860938,0.7087523411334471,0.3348143803366302,0.056600425609822695,0.1452433702582381,-0.00032648042954765914,0.004480673577934882,0.21136728800886573,0.006784941696402283,0.34165689957767725,-0.014652719993359146,0.0066974643673744505,0.7272899950155864,2.8533910317941107,0.6620593007889066,55.068619219967296,55.06833220807247,55.06766536463709,55.06830228584801
1194.0,40.256,0.4238976118554431,-0.610119313658186,0.7132915172421379,0.33615352013596145,0.05699145712212698,0.1418492533966035,-0.0002789110474500633,0.00439561233121707,0.2115829186742303,0.006737587039106572,0.34299718814306973,-0.014625546807801391,0.00665454773305591,0.7275795803399853,2.8425421272257947,0.651302388144557,55.014183086101255,55.01390945548337,55.01322479209786,55.013830579939935
1195.0,40.288000000000004,0.43469656390671346,-0.6082837279245163,0.7177024472692941,0.3374672516021607,0.05736205417716852,0.13784156334861586,-0.00023549226953339597,0.004307038455400404,0.21179710922748374,0.006692679317383049,0.3443086969875226,-0.014612889303705127,0.006614379471909387,0.7276680420311853,2.8316556955148253,0.6405034360932866,54.961168245441286,54.96091077008987,54.96021450038889,54.96078517512221
1196.0,40.32,0.44553670506326826,-0.6064369014083859,0.7219660297640639,0.33875441114237465,0.0577133286290826,0.13323695296156995,-0.0001963879018796783,0.004215160085223313,0.21200994302073004,0.006650375528834763,0.34559052727611134,-0.014613438385581767,0.006577072431151719,0.7275548211311577,2.8207318909371835,0.6296632949367319,54.90980302134167,54.90956418375728,54.90886235743743,54.90939440741256
1197.0,40.352000000000004,0.4564171498835235,-0.6045794150568443,0.726063776764526,0.34001390063293824,0.058046448485668284,0.12805459376442851,-0.00016171743639175294,0.004120208736629056,0.21222150773068654,0.006610808404273458,0.3468418561562945,-0.014625845969798962,0.006542714759192675,0.7272402213539383,2.8097707974229347,0.6187828501164767,54.860308786963834,54.860090771793544,54.85938923028446,54.85987962003508
1198.0,40.384,0.46733698013276553,-0.6027118110447628,0.7299778916292425,0.3412446952888512,0.058362625377554087,0.12231608952240376,-0.00013155715733770303,0.004022436166675432,0.21243189457549763,0.006574086338910905,0.3480619417550011,-0.014648738514611903,0.006511370222716233,0.7267254061735555,2.7987724402580265,0.6078630198672346,54.81289903920534,54.81270372972242,54.812008065784575,54.81245423973228
1199.0,40.416000000000004,0.4782952473448507,-0.6008345917676852,0.7336913438083774,0.3424458503776226,0.05866310240866919,0.116045380597952,-0.00010594155701621121,0.003922111224922425,0.2126411975336609,0.006540293528736797,0.3492501271251702,-0.014680729937971648,0.00648307871183157,0.726012392294371,2.787736799186775,0.5969047526551494,54.767778509553715,54.767607486872286,54.766923008252924,54.767322890201974
1200.0,40.448,0.4892909755625071,-0.5989482192086001,0.7371879402769537,0.3436165068018013,0.05894914247141528,0.1092686396430199,-8.486503130796099e-05,0.003819516723452071,0.2128495125716121,0.0065094902992709125,0.3504058431841215,-0.014720433849247504,0.006457856918299282,0.7251040395794587,2.7766638226959874,0.585909024437493,54.72514231503862,54.724996859893814,54.724328557131265,54.72468054579995
1201.0,40.480000000000004,0.5003231642209192,-0.5970531146615279,0.7404523933699333,0.3447558955753378,0.059222017095999675,0.10201415915560184,-6.828382537601109e-05,0.0037149463505672773,0.21305693688610347,0.00648171361299372,0.3515286106840761,-0.01476647503467407,0.006435699171305453,0.7240040375256664,2.765553443237708,0.574876835779081,54.68517515216578,54.685056249125054,54.68440876755133,54.684711728358806
1202.0,40.512,0.5113907911405204,-0.595149658792937,0.7434703847761859,0.3458633412375781,0.05948299589347106,0.09431223144540365,-5.611819959488505e-05,0.0036087016514054883,0.21326356816707337,0.006456977741224539,0.3526180412709372,-0.014817500149829813,0.006416578414922874,0.7227168883859442,2.7544055931277334,0.5638092088594797,54.648050536531734,54.647958880445664,54.647336496400534,54.64758974979181
1203.0,40.544000000000004,0.5224928155964096,-0.593238192020486,0.7462286254659305,0.34693826424649704,0.059733336639087704,0.08619502155450966,-4.825478588450738e-05,0.0035010890964729674,0.2134695038862235,0.006435275085706557,0.3536738376826354,-0.01487218758444836,0.006400447311288659,0.721247887050074,2.743220220841728,0.5527071844035906,54.613930090533614,54.613866095075,54.61327269630988,54.61347600286618
1204.0,40.576,0.5336281814334811,-0.5913190151874018,0.7487149113438076,0.3479801824085237,0.05997427603388722,0.07769643368366909,-4.454910496725872e-05,0.0033924172572300177,0.21367484061603512,0.006416577135019341,0.3546957931515366,-0.014929256476584031,0.00638723945356931,0.7196030978044197,2.731997307420116,0.541571818566519,54.582962881410886,54.58292668949783,54.58236575971605,54.58251930235489
1205.0,40.608000000000004,0.5447958201981989,-0.5893923905099365,0.7509181744372769,0.34898871139739296,0.0602070211707837,0.06885197167090788,-4.482821563824454e-05,0.003282994105615419,0.21387967338344382,0.006400835540839434,0.3556837900682346,-0.014987474863200956,0.006376870673007051,0.7177893280994854,2.720736882687187,0.5304041798018012,54.555284811584336,54.55527630752598,54.55475091497642,54.55485527850609
1206.0,40.64,0.5559946542598783,-0.5874585427747544,0.7528285294474749,0.34996356442751725,0.06043274172444809,0.05969859406869357,-4.889346789770197e-05,0.0031731244525426685,0.21408409506187884,0.0063879832991721435,0.35663779797500117,-0.01504566696373471,0.006369240424685323,0.7158140994612533,2.709439040989065,0.5192053457401219,54.53101806308966,54.53103688624468,54.53054967626004,54.53060582460297
1207.0,40.672000000000004,0.5672235998963621,-0.5855176607627764,0.754437315506957,0.3509045511400795,0.06065256287430419,0.050274564358810454,-5.652333271719915e-05,0.0030631075382238407,0.21428819580486066,0.006377936021961284,0.34422611879211673,-0.012201335973772605,0.006364233237116745,0.7136856156882855,2.6981039561593723,0.5079764001036381,55.54741578855344,53.843913393164286,53.472724157878645,55.17628136440716
1208.0,40.704,0.5784815880235403,-0.5835698946798051,0.755743071377916,0.3518121289743595,0.06086769009286026,0.040804870967471235,-0.00239515611778583,-0.009914473905247762,0.21472319619905994,0.01309682223762427,0.3054911472676658,-0.0036928033544509006,0.006038132936055724,0.7114204097213294,2.686732042883275,0.49671841197645983,56.73851435390126,53.05877330017922,52.23390437930086,55.94188019022916
1209.0,40.736000000000004,0.5896401770357407,-0.5816199095365201,0.7567507988509776,0.34870590663122186,0.060937035727650614,0.031491483533173326,-0.008552704173710228,-0.04947950420227512,0.21574687121652958,0.025212783183986492,0.259568797027257,0.006122712731880406,0.004877852017055317,0.7090413905840298,2.6754492423444276,0.4855598229642595,55.33628072608648,53.96427057346788,53.584150839143085,55.0375007164294
1210.0,40.768,0.6003103567078609,-0.579691678891199,0.757441364368803,0.33344311475379457,0.06025720766629117,0.021580172432046924,-0.018144766157039062,-0.10087007577925039,0.21755069045639777,0.03478254813896202,0.19994102373920383,0.018146228899284127,0.002582968726047102,0.7065374987883084,2.6646392969309036,0.47488964329213923,55.235381366424214,54.029149294739035,53.641232924310934,54.976263313647785
1211.0,40.800000000000004,0.6099865167546605,-0.577802490082564,0.7577592662402194,0.3023800014624539,0.05903715026983647,0.009934433481759429,-0.03038349304991316,-0.1622895391809222,0.21965272386497445,0.018550988425909045,0.12572404499093037,0.03306657373699162,-0.00022164740714395446,0.7038519621342694,2.6547972219358864,0.4652134832453396,55.04963717706927,54.13461553618559,53.8362052642814,54.82631744849729
1212.0,40.832,0.6180662348227555,-0.5759671619600429,0.7576196172583933,0.25249118962799444,0.05735400382878987,-0.004364030682064765,-0.04495267425318696,-0.23120623651721472,0.22259779861211387,0.009111182622327268,0.03790040765398382,0.05089115923880262,-0.004361712175224985,0.7008968171100193,2.6465111737935993,0.4571337651772447,54.71976012202138,54.34865100872931,54.160952610451425,54.585953302933696
1213.0,40.864000000000004,0.623880115363458,-0.5741970183360634,0.7568830051044725,0.18168376689693377,0.055316988249354326,-0.023019129810023856,-0.061265965826134215,-0.3032217434750696,0.22663436938609685,0.0020563604571271037,-0.060505298340429635,0.07141199804319262,-0.010257895946609169,0.6975241371297962,2.6404326349201837,0.45131988463654216,54.23492670322601,54.6575519749472,54.63245842929474,54.25909018318849
1214.0,40.896,0.6267393315224884,-0.5724978492104682,0.7553541822568219,0.08935050496970977,0.05309903517485589,-0.047775713989084825,-0.07815001772561649,-0.3720452861859281,0.2315721461383608,-0.004535004910909902,-0.16458921658554346,0.09408600189318539,-0.0177212072116043,0.6935315393728234,2.6372300964034077,0.44846066847751176,53.62606415124001,55.02246175861061,55.22435988213356,53.88070708396574
1215.0,40.928000000000004,0.6259985501584359,-0.5708685121740846,0.7528003360559312,-0.023149417626639097,0.050916782386980906,-0.07980769377782604,-0.09357412447573688,-0.4300289951874215,0.23661495914415373,-0.010823036370120387,-0.26839804639409137,0.11784456116043682,-0.025711095884314732,0.68869235772648,2.637528837827275,0.4492014498415643,52.98078364364908,55.375547198239865,55.8557777457824,53.52056642924838
1216.0,40.96,0.621125386535961,-0.5693019703724698,0.7489918666377408,-0.1522863632023545,0.04895443130046984,-0.11901466931846509,-0.10466489785128372,-0.4693817939030576,0.24039520112398696,-0.01582537712846699,-0.3662848544257158,0.14096805607801954,-0.032373514768248485,0.6828113067704298,2.6418457820461083,0.4540746134640391,52.439216035596004,55.64646604183832,56.39788138379224,53.25682392810904
1217.0,40.992,0.6117642427830854,-0.5677902006935388,0.7437579570454672,-0.2925357422773968,0.0472428024665978,-0.16355967475856628,-0.10842548603701062,-0.4837892643170755,0.24145708285214765,-0.018560777900295092,-0.3753036310209669,0.13328740393702368,-0.03570627737768395,0.6769693397233895,2.650530843301991,0.46343575721691477,46.15657286197413,58.60940847519217,63.10346010306709,50.7192064877586
1218.0,41.024,0.5977819248948927,-0.5663319092428851,0.7370427301931843,-0.43694743400597325,0.045571607832922446,-0.20985083913381633,-0.1038431931503495,-0.45818170009760484,0.23776042157360716,-0.017594388431139127,-0.37374359912670335,0.12420600442929013,-0.03285480739171792,0.6713009626762249,2.663725583938782,0.4774180751051075,52.16716249435656,56.310689975493005,57.61369878092927,53.53121297563514
1219.0,41.056,0.5793387839504326,-0.5649020021685216,0.7290860733886501,-0.5763481545144413,0.044684596073865025,-0.2486455251417236,-0.08909431082208646,-0.3987609982203452,0.23227547643288132,0.02365400622651702,-0.37250092997564455,0.11754042547834638,-0.027953714389431904,0.6659576868930972,2.6812890605534676,0.49586121604956757,53.8526794157533,55.837248520627725,56.37709479806159,54.59895657565096
1220.0,41.088,0.5569655556158127,-0.5634962290467899,0.7201744020317562,-0.6991633854567922,0.043930410054111795,-0.2784897299029019,-0.0666603393083959,-0.31890223908876103,0.22537426800198693,-0.007220010267731641,-0.37338161007032483,0.11176780958813526,-0.021446248478006916,0.6611655122022397,2.7027225935871666,0.5182344443841874,55.16720921793829,55.46999556348365,55.67149618820979,55.42561479550554
1221.0,41.12,0.5314096083050215,-0.562140033702085,0.7106466588255755,-0.7986233534623145,0.04238110452203218,-0.29774197519317847,-0.038998652415357556,-0.23155719014120862,0.21648628871249379,-0.12296446207450683,-0.3787453043282891,0.10555777768392756,-0.01241954503711253,0.6573190669026041,2.727318631766445,0.5437903916949787,56.40629490941172,55.23923026094223,55.26657682360655,55.99146180392646
1222.0,41.152,0.503518075590499,-0.5608962125460081,0.7008501437066991,-0.8716103973287304,0.03886941112739901,-0.3061410974648554,-0.007671683375926915,-0.14632427154407934,0.20638477400510874,-0.2480953069909382,-0.38335034763583575,0.099108198437382,-0.0018185023064995363,0.6542537682495311,2.7542732867633677,0.5716819244095012,57.02543597131768,55.50907735908241,55.36671257593228,55.89796396942978
1223.0,41.184,0.4741600129058543,-0.5598797621518309,0.6910639971785861,-0.9174394588952477,0.03176407481804078,-0.305817079003563,0.02206917275144055,-0.06516212570159545,0.1988549244889972,-0.2524758967216807,-0.3871849813557726,0.09283553646919362,0.00521468442664299,0.6518249114282755,2.7827637939549748,0.6010399870941459,57.45461957468864,55.48696952142027,55.29059370001597,56.22748142869104
1224.0,41.216,0.4441910241793796,-0.559217723401605,0.6814830387296537,-0.9365308977022292,0.020688710944555728,-0.29940495152910634,0.047796828988185706,0.006101746678623074,0.19570178631208127,-0.1763223685566909,-0.390183472962483,0.08705642554147823,0.0063042105943088116,0.6498941816919224,2.8119758249177536,0.6310089758206205,57.618976262812076,55.54456402800822,55.210548587184995,56.55445450538486
1225.0,41.248,0.4143802902348297,-0.5590291417970048,0.6722089295131145,-0.9315854357672875,0.005893175143757656,-0.28981591301688037,0.06803030189010349,0.06318887923568374,0.1966910981506628,-0.07243201838338506,-0.3924051350800814,0.08144071695817016,0.001906815125899558,0.6483259647913757,2.8411730949209346,0.6608197097651705,57.609046119777354,55.718197011268366,55.16777341261233,56.761267187084165
1226.0,41.28,0.38534988059909897,-0.5594055572054025,0.6632391764859934,-0.9072003011164836,-0.011762981512427538,-0.28030478209750326,0.08279868129656232,0.10591347513294748,0.19901986011996797,-0.0282855508310492,-0.39397201977267815,0.07477365004296192,-0.003960061144467969,0.6469779000317547,2.869755783093447,0.6898501194009012,57.679724213185274,55.861269468305615,55.11798502328924,56.839137809422574
1227.0,41.312,0.35756561059608455,-0.5604095192005842,0.6545471622137152,-0.8682584375942963,-0.03137381234943197,-0.27162544600872274,0.09116883085385057,0.13413003139648025,0.20113068556003424,-0.011360250331635895,-0.3950341202503905,0.06634369460276424,-0.009056629579317221,0.6457328053941824,2.897271354010265,0.7176343894039157,57.657008268017584,55.970297654940104,55.188159831352614,56.865655961420806
1228.0,41.344,0.3313325853451779,-0.5620666550887152,0.6461067432358153,-0.8197820390907411,-0.051785496504087626,-0.26376309305934337,0.09301139161715156,0.14860767692160073,0.2022594726195444,-0.006830229385015759,-0.3956246281741579,0.05590811846691673,-0.012288522889280567,0.6445042715687358,2.923418424162013,0.7438674146548223,57.518996090734994,56.05670086577957,55.38092481653319,56.86505321550566
1229.0,41.376,0.3068030281980717,-0.5643648578607929,0.6379070997604496,-0.766548660847153,-0.07181883662743624,-0.2562388586052071,0.08924948324142093,0.15106940582855577,0.20224480297545092,-0.007452302426682326,-0.39572906657209195,0.0436350710883429,-0.013436889781285925,0.6432414074355863,2.948039384289674,0.7683969718019285,57.30146291094349,56.13070629411626,55.65187740822579,56.84657237447144
1230.0,41.408,0.2839959235492621,-0.5672611526950261,0.629957066954853,-0.7127220202752197,-0.09050921356977576,-0.24843852517486548,0.08152829521827185,0.14387867288036937,0.20131674425872362,-0.009418221463634989,-0.39536357101603814,0.02999268125969659,-0.012855772566373491,0.6419305537624437,2.9711024878106858,0.791204076450738,57.054946911771445,56.20681474601938,55.94710251277788,56.80898488294091
1231.0,41.44,0.26282418330501917,-0.5706933219432234,0.6222817614108421,-0.6616168826326652,-0.10725528900617858,-0.23985329825036572,0.07167151369940757,0.12969554249476478,0.1998681794312608,-0.010796370606018076,-0.3946346244615099,0.015604607296718899,-0.0111430594503222,0.6405931461807143,2.9926772345403365,0.812375816694981,56.82478985274862,56.2962722919455,56.22190853301112,56.75181284919145
1232.0,41.472,0.24312495711291507,-0.5745921414544899,0.614915809161006,-0.6156008185031842,-0.12183810972706359,-0.23018600780735426,0.06121270308420802,0.11117050930038366,0.198274664979617,-0.010893193576645055,-0.393751471922816,0.0011177556740127464,-0.00887962735839896,0.6392798545050088,3.0129067152622344,0.8320750428870851,56.64150045819561,56.40061401394078,56.44963145988437,56.68246363926622
1233.0,41.504,0.22468935311739463,-0.5788907857192049,0.6078967889946971,-0.5761126248600772,-0.13433263327235997,-0.21934438019717548,0.051160867246520185,0.09069083097122,0.1968012068091931,-0.009800150483627888,-0.3929877334931052,-0.01288453112477611,-0.006492080495183216,0.6380618100751269,3.0319800239148136,0.8505106468826056,56.518360505599055,56.51315457683909,56.622381229713575,56.61435487851977
1234.0,41.536,0.2072886554311112,-0.583529841257287,0.6012607961056768,-0.5437718026962967,-0.14497048556504882,-0.2073747777818606,0.04199719748705345,0.07020928112048883,0.19558760840684708,-0.007960253710370053,-0.39261432136974106,-0.02592010397211167,-0.004228087891773652,0.6370202307924981,3.0501073345876244,0.867911344568889,56.45428314670771,56.62474607878194,56.746087405856414,56.560695810507795
1235.0,41.568,0.19069524641145558,-0.5884582010582038,0.595040418475263,-0.5185440318642951,-0.15401124377866604,-0.19438680095045363,0.03380709834445292,0.051177378094784114,0.19467743539868765,-0.0058340089367883395,-0.39283470819545685,-0.037613379274751196,-0.0021951874121323264,0.6362360016929773,3.067499447463123,0.8845047535885446,56.43935644730309,56.72808977645523,56.83327513782775,56.529986522577
1236.0,41.6,0.17469772067549194,-0.5936311396626375,0.5892644730141579,-0.4999226792488077,-0.16165433138853458,-0.180498295659516,0.026447587049858657,0.03456956674549875,0.19405673767311335,-0.003736971850728933,-0.3937459106620283,-0.0476881204069573,-0.00041497055445798844,0.6357806855584202,3.084352535616479,0.9005022793245082,56.460453317860434,56.81862586226715,56.89674265000057,56.52528210040878
1237.0,41.632,0.15911070618444956,-0.5990070660080123,0.583958599804082,-0.4870942028451281,-0.16799769829298322,-0.16580853781488722,0.019690769622938406,0.020956515697509524,0.1936841788511569,-0.0018220693658140327,-0.3953331700484777,-0.055959155019645754,0.0011338232401760016,0.635710053953311,3.100837857605823,0.9160892938155506,56.505196786089314,56.893477046849156,56.945848598824426,56.54574476764063
1238.0,41.664,0.1437804040119531,-0.6045441832130913,0.5791459960400746,-0.4790719428904605,-0.17303491265869905,-0.1503938676252174,0.013323495197062754,0.010584884932365165,0.19350881305412407,-0.00012883867050815729,-0.39749219974783084,-0.06232565618918688,0.002489214694879371,0.6360606816711102,3.1170956714350635,0.931419595988047,56.563811466611995,56.95052576847955,56.98553240537073,56.58834589004162
1239.0,41.696,0.12858685476030315,-0.6101978899770062,0.5748478928845588,-0.4747984141141133,-0.17667833637235872,-0.1343157236098807,0.007204154971085523,0.0034407362458973344,0.19347903590736723,0.0013609526455513263,-0.4000651669524925,-0.06676383078639649,0.0036923972612475926,0.6368495789951759,3.1332325197287543,0.946613145239697,56.629302700570854,56.988497543248776,57.017226314864494,56.64870569372378
1240.0,41.728,0.11344368158276208,-0.6159193924552843,0.571083658399681,-0.4732241617981056,-0.17879695244616978,-0.11763232765241925,0.001283920327293222,-0.0007036868738244046,0.1935473591189113,0.00268475360946699,-0.4028762083934009,-0.06931630929192838,0.0047803852842180136,0.6380763438081597,3.149321241216593,0.9617575185923493,56.69675794843637,57.0076776308087,57.04055671711724,56.72125450804592
1241.0,41.76,0.09829580778463294,-0.621655680336354,0.5678705895637314,-0.4733710561915877,-0.1792589962834486,-0.10040840112343695,-0.0043994828464709555,-0.002247632531748581,0.19367387510922648,0.003878472152859135,-0.4057570648163591,-0.07007752342440106,0.005780959501862392,0.6397269764741585,3.1654032496101223,0.9769311366033444,56.762480414619716,57.01044304375388,57.05493547491021,56.79936289638002
1242.0,41.792,0.08311554388106485,-0.6273507461284855,0.5652235428763953,-0.47438324698644985,-0.17797080600409027,-0.08272020897924272,-0.009746789778698065,-0.0017121029386648295,0.1938290646516537,0.0049679303941623865,-0.4085598251530356,-0.06917685961213361,0.006708943256354377,0.6417783771497225,3.1814926668004504,0.99216898253175,56.82337852548914,57.001072304196406,57.06053899083965,56.875881160683626
1243.0,41.824,0.06789748673108961,-0.6329477058507913,0.563154568388049,-0.4755642859367784,-0.174904991322075,-0.06465545276082928,-0.014631333183588223,0.00032087196960024354,0.19399525313660182,0.0059673814405248275,-0.41115879850437564,-0.06676275900042852,0.007564644127177933,0.6442026461379442,3.197581804981128,1.0074732605038168,56.8767367408486,56.98484246177816,57.05856731506198,56.944072543385815
1244.0,41.856,0.052652784613191034,-0.6383913471584888,0.5616726759557147,-0.4763969411842773,-0.17011379086552714,-0.046309138510442306,-0.018932686409013633,0.003274311808567478,0.19416591084193882,0.006881139380476534,-0.4134458955474962,-0.06299060924823159,0.00833541322719421,0.6469705656885909,3.2136473555236087,1.0228286231983326,56.920283847441745,56.96681383788634,57.05095345341689,56.99860636758542
1245.0,41.888,0.03740339425607221,-0.6436306129993333,0.5607837954984145,-0.4765434486600157,-0.16372705752641034,-0.02777751429063364,-0.022562250024425454,0.006636959067206315,0.19434277005994727,0.007705659916454668,-0.4153239699225591,-0.058015745644435346,0.009000196859617319,0.6500539494362894,3.22965656780963,1.0382081793310696,56.952386658031855,56.95077092350071,57.03980922176055,57.03624680851904
1246.0,41.92,0.02217692574775812,-0.6486206187921981,0.5604909196890269,-0.47582714088476213,-0.15593768102700734,-0.009152369043362672,-0.025476763979939386,0.010008087599633132,0.19453166290178464,0.00843117208894002,-0.4167014248687728,-0.05199113791678184,0.009535699040058215,0.6534268164198104,3.245572749635666,1.053578969825311,56.9722130093136,56.93861800607022,57.026869252028355,57.05604614746726
1247.0,41.952,0.00700253263469955,-0.6533239612681659,0.5607943622709918,-0.4741997847831325,-0.14697945237401056,0.009482580686404413,-0.027679493235363492,0.013120094691444813,0.19473843714191894,0.009043421005040901,-0.4174899311787963,-0.04506815770306967,0.00992220247580287,0.6570655429071022,3.2613595904246897,1.068906405653202,56.97977781823963,56.9302991019109,57.01309700568263,57.059060596128326
1248.0,41.984,-0.00809190589964356,-0.6577112564251784,0.5616920429926455,-0.4717012041981694,-0.13710297365662266,0.028052522551676503,-0.029211750847935,0.01583789414518308,0.19496609490193553,0.009526288347970745,-0.4176057537617027,-0.037398458486274114,0.01014745422366952,0.6609482680540385,3.2769840522879665,1.0841573771002115,56.97585546280356,56.92414717164322,56.99851717293982,57.04774080059736
1249.0,42.016,-0.02308129264298313,-0.6617609971945825,0.5631797213535638,-0.4684183357294131,-0.12655439904389268,0.04648994877869987,-0.03013901432771547,0.01813878237216785,0.19521365593895604,0.009865196255444771,-0.41697406513677543,-0.029135306540999925,0.010207966325918643,0.6650538904586756,3.292417829854224,1.0993019884566786,56.96178227743219,56.91749515985306,56.982273312450275,57.02518934974751
1250.0,42.048,-0.03794369021404531,-0.6654589201532255,0.5652511342555242,-0.46444992409564123,-0.11556009245758139,0.06473165318625668,-0.03053614664075732,0.02007947766125537,0.19547656732281352,0.010050298300528046,-0.41553480985207353,-0.020433375234243156,0.010108054188306886,0.6693609966421856,3.307637594384137,1.1143140887517111,56.939188037368666,56.90737269953205,56.96287318256509,56.994457496850586
1251.0,42.08,-0.0526598852858478,-0.668797106150364,0.5678980310671436,-0.45988109599387844,-0.10431831241059061,0.08271552536311685,-0.030475385161988347,0.021758283416958245,0.19574805376738758,0.010078318189557374,-0.4132483132762866,-0.011446775288296282,0.009857532311860777,0.6738470084333461,3.322624377375776,1.12917091974357,56.9097025591661,56.89113372839966,56.93855683020717,56.958008804484386
1252.0,42.112,-0.06721251296343968,-0.6717730195724002,0.5711101301902305,-0.45476961492469525,-0.09299729443862023,0.1003780975964526,-0.030019194530131434,0.023279944180801253,0.19602070943137873,0.009952532575360358,-0.41009902712949653,-0.002325732361100133,0.009469100159112048,0.6784877305685724,3.337362500872385,1.1438522689361144,56.87469191539357,56.866897398172256,56.907696733453335,56.91742498033963
1253.0,42.144,-0.08158509622650197,-0.6743886334570588,0.5748750371733679,-0.449143226970746,-0.0817379338955898,0.11765334322305551,-0.029218294846404393,0.0247289848259849,0.19628779137187724,0.009681265010762403,-0.4060965268135731,0.006787301234035925,0.0089562027375489,0.6832573465589071,3.35183843143756,1.158339499022546,56.83508071150414,56.83373830664386,56.86912807023186,56.87337072418499
1254.0,42.176,-0.0957612756812227,-0.6766497156248634,0.579178165554891,-0.44300560795997324,-0.07065881774388674,0.13447276192258295,-0.028113702548870204,0.026154558348455505,0.19654394458302427,0.009275784988292231,-0.40127383426845215,0.015761265270686595,0.008331748716795826,0.6881287880627089,3.3660398424812383,1.1726147433152856,56.79129950338378,56.79163006201357,56.82232807796656,56.82577366442277
1255.0,42.208,-0.10972439104583911,-0.6785652854935682,0.5840026921226467,-0.4363473551443111,-0.05986155839703099,0.15076645524238133,-0.026740844298049748,0.027566767429993276,0.19678534513419438,0.00874846982593256,-0.3956839239447652,0.02447923917677021,0.007607692606629473,0.6930743260750318,3.3799550455846337,1.1866604385239379,56.74335874404366,56.74121129684437,56.76741673288237,56.77412728895888
1256.0,42.24,-0.12345745879061956,-0.6801472064401836,0.5893295639641131,-0.42915836702434096,-0.04943502958172435,0.1664647450458066,-0.02513382174833407,0.02894191648008683,0.19700941967137212,0.008111675221091613,-0.38939558220653286,0.03284008789226479,0.006795239559353716,0.6980662165026047,3.3935728286701,1.2004592449013314,56.6910092817765,56.68348006622996,56.70501321053014,56.71780816872362
1257.0,42.272,-0.1369434967710227,-0.681409859183977,0.5951375607236626,-0.42143868688764413,-0.03945789824354955,0.1814998987359441,-0.023328507179775006,0.030232845149172044,0.19721436598218348,0.007377320637595086,-0.3824896109251065,0.0407591098615079,0.00590533938361153,0.7030772679362313,3.4068826440513504,1.2139943072321793,56.63392660515335,56.61951692661778,56.636022873249104,56.656320476800616
1258.0,42.304,-0.1501660914759562,-0.6823698438763725,0.601403405163761,-0.41320608452912577,-0.029999521637354254,0.19580763875305207,-0.02136395797525085,0.0313805374487127,0.19739867730917462,0.006556952430047337,-0.37505590867973576,0.04816797478325745,0.004949173473500706,0.7080812593594648,3.4198750362518715,1.2272497536425258,56.57186190961438,56.55029776318275,56.56143217296901,56.58942743522683
1259.0,42.336,-0.1631100876472051,-0.6830456737494305,0.608101909592127,-0.4044998803515732,-0.021119683533065807,0.20932826338645893,-0.01928230776642921,0.032324219578515195,0.19756079998602105,0.005662011032748465,-0.36719150052890215,0.055014258394544935,0.003938448477514989,0.7130531932875228,3.4325421871276625,1.2402113133225896,56.50472953297538,56.47660915439551,56.48216176961096,56.51717639841177
1260.0,42.368,-0.17576229385569905,-0.6834574421639235,0.6152061444679393,-0.3953814440153915,-0.012867762952904014,0.22200733986911123,-0.01712765122922911,0.03300853418436369,0.19769897036862583,0.004704097701845797,-0.35899929377640594,0.061260797113495816,0.002885433977838803,0.7179694090291345,3.4448784730017263,1.252866948628998,56.4326299682532,56.39904407365187,56.398992295879815,56.43985284537718
1261.0,42.4,-0.18811212715427922,-0.6836264611734875,0.6226876171626465,-0.3859322905806727,-0.005281844048875855,0.23379602170962654,-0.014944497575064077,0.03338757355962611,0.19781121250619854,0.0036951244860324367,-0.3505872447936665,0.06688497373674292,0.0018027755335056348,0.722807597672161,3.456880960291447,1.2652074270812965,56.355826926374476,56.318042490399975,56.31255039331822,56.357904225102814
1262.0,42.432,-0.20015215258245686,-0.6835748803104388,0.6305164518857882,-0.3762507946305092,0.0016119019702711818,0.24465108509814965,-0.012776238047491076,0.033426301601454066,0.19789544451106258,0.002647304311638621,-0.34206767030838775,0.07187795877389641,0.0007031624551180948,0.7275467598113005,3.4685497996876884,1.277226791592891,56.2747022186161,56.233945418887174,56.2233313457745,56.2718647129295
1263.0,42.464,-0.21187850095789956,-0.6833252991189975,0.6386615649542199,-0.3664483867326248,0.007799412232539936,0.2545347833885182,-0.010663881349284605,0.03310018516548004,0.19794963591475637,0.0015729912177523838,-0.3335565426906305,0.07624388758326282,-0.0004010630789925307,0.7321671367030672,3.479888506464381,1.288922714706618,56.1897076185026,56.147042612402,56.13173580772652,56.18229703101411
1264.0,42.496,-0.22329116769704432,-0.6829003874865863,0.6470908321316058,-0.3566458355982339,0.013278488512848725,0.2634145992932799,-0.008645143505907704,0.032393825559652284,0.19797196960577323,0.00048441356858141974,-0.32517271122833336,0.0799989443050491,-0.0014982863784076762,0.7366501322213825,3.490904133037787,1.3002967413913822,56.101324574570235,56.057605612711846,56.03810526495423,56.089755026600564
1265.0,42.528,-0.23439420645235853,-0.6823225258973247,0.655771246402137,-0.3469699611036073,0.018058174664428623,0.2712629459541309,-0.006753870223332134,0.03129919422801708,0.19796097913516675,-0.0006066444235540342,-0.31703706107573437,0.08317033407125098,-0.0025779466970899554,0.7409782309632524,3.501607349941894,1.3113544353445623,56.0100351975742,55.9659056265738,55.942748652536096,55.99476343263065
1266.0,42.56,-0.24519583597053982,-0.6816134748712629,0.664669065300018,-0.3375509224431273,0.022157844564428143,0.2780568405587499,-0.005019719308986846,0.02981385846531591,0.19791564786397242,-0.001689161736483568,-0.30927165354719366,0.08579514119493417,-0.0036307898583995686,0.7451349089856074,3.512012455041855,1.322105447705519,55.91630321093413,55.87221940753119,55.845958319053366,55.897808634943985
1267.0,42.592,-0.2557084790080698,-0.6807940800175016,0.6737499469925144,-0.3285200949228485,0.025606089180042108,0.28377755289054485,-0.0034680208351223095,0.027939402357205847,0.19783546749070663,-0.0027531628975629423,-0.30199889251182926,0.08791908448120168,-0.004649043649237172,0.7491045281942101,3.5221373304461814,1.3325635269498204,55.820561465213586,55.77682720643311,55.74801677320582,55.799334554992996
1268.0,42.624,-0.26594875028497056,-0.6798840167733644,0.6829790739510923,-0.32000847740311256,0.02843947637928516,0.28841021745552414,-0.002119743911757812,0.025680129051609712,0.19772045978607541,-0.0037899426948710775,-0.29470747178942064,0.0894030779314046,-0.005626522008386675,0.7528465491504887,3.532003364130493,1.342746486438789,55.6661993023373,55.70392324853314,55.697661911474874,55.66728428253311
1269.0,42.656,-0.27593744619923694,-0.6789015882439925,0.6923197035760701,-0.3121467473208587,0.03070089154287572,0.29189467578058953,-0.0007932402495922402,0.02369598579506913,0.19756984800735936,-0.004795491236821629,-0.286661073982336,0.09001576268236502,-0.006556818639224055,0.7562827631367742,3.541635384957177,1.352676182021327,55.46913011278113,55.63279389144914,55.666852209765636,55.51023374070725
1270.0,42.688,-0.2856926298853851,-0.6778642290809661,0.7017308213360479,-0.30484949019209523,0.03241747384457092,0.2940974299992742,0.0008354629587095076,0.023003279574821334,0.19738601162632124,-0.0057428661817518325,-0.2792693409696014,0.09020413822016624,-0.007438105190933025,0.7593968030127572,3.551054930916534,1.362371630080868,55.45406839225746,55.46391231684657,55.4518507118758,55.448787743323415
1271.0,42.72,-0.29521888247473876,-0.6767896715380964,0.7111707064694086,-0.2976953934173356,0.033579923214680875,0.29499641041755414,0.0023937136579470545,0.022362614069396578,0.19717157308996391,-0.006667148737736732,-0.27212640121511106,0.08987900517454284,-0.00826779783804548,0.7621733566013835,3.5602698880450143,1.3718383230388134,55.339364355242544,55.3486816316989,55.33534387687441,55.3324291968193
1272.0,42.752,-0.3045203904733984,-0.6756947126204371,0.7205974859762578,-0.29067212495808126,0.034217466176849815,0.2945868595890053,0.0038699533273261256,0.02177121648949498,0.19692844268392998,-0.007538060705729978,-0.2652141545171944,0.08906727864043891,-0.009042698229697289,0.7645987567535841,3.569287092935656,1.3810812422458316,55.22415076956406,55.233458431932746,55.219162364663646,55.21587325239082
1273.0,42.784,-0.3136009972958911,-0.6745951149919887,0.7299693038548732,-0.2837689632029274,0.034362425889018396,0.29286930870676375,0.005255192303634482,0.021230481261342925,0.1966585487828669,-0.008355051611895469,-0.2585154055414024,0.08779910229433244,-0.00976005028581336,0.7666610028673818,3.5781123735583416,1.3901049104146639,55.10930920445844,55.118540324359245,55.10344298767866,55.099831862473536
1274.0,42.816,-0.3224642076848894,-0.6735055277592671,0.7392445094767869,-0.27697532465616725,0.034049601022545166,0.28985017568476884,0.006541673289326735,0.02074130968930812,0.19636386943051387,-0.009116377595937105,-0.2520125786343463,0.08610697981212917,-0.010417607768904595,0.7683498045621432,3.5867505560090747,1.3989134000556045,54.99534435201728,55.0044306598412,54.98869094227697,54.98480955514493
1275.0,42.848,-0.3311131943196034,-0.6724394227499,0.7483818436803041,-0.2702808323348414,0.03331578154272561,0.2855416938599457,0.007722869779308285,0.020304111004509486,0.19604643509817363,-0.009820040191980064,-0.2456878971340803,0.08402532769863771,-0.01101365594240074,0.7696566171405248,3.5952054842472414,1.4075103463600358,54.882754420406116,54.89163051852779,54.87540681711744,54.87130518199746
1276.0,42.88,-0.3395508065382518,-0.6714090457533347,0.7573406216307511,-0.2636753818327335,0.03219928114266122,0.2799618109514366,0.008793477983450003,0.019918824688247322,0.1957083187870777,-0.01046421062907255,-0.23952355724554183,0.08159003991069573,-0.011547010195534101,0.770574668592721,3.6034800520531003,1.4158989638736021,54.77203076778244,54.780635243090984,54.764083444323916,54.759810167281216
1277.0,42.912,-0.3477795809184912,-0.670425382070433,0.7660809115564389,-0.25714919938250924,0.03073949009068161,0.2731340601777726,0.009749398350145995,0.01958494592148241,0.19535162098829623,-0.011047420329807227,-0.23350188909694505,0.07883806901258457,-0.012017002427049943,0.7710989780058548,3.6115762461261105,1.4240820661559863,54.66365595402393,54.67193202643055,54.65520398456332,54.65080624054567
1278.0,42.944,-0.355801753466277,-0.6694981356084986,0.7745637085374774,-0.25069289211827855,0.028976451935447626,0.26508740565742306,0.010587707678884724,0.01930155361101954,0.19497845309688133,-0.011568639676467752,-0.22760550376558555,0.07580702816566245,-0.012423460532546681,0.7712263653458804,3.619495199137002,1.4320620876802417,54.55810174245,54.565997667819595,54.549239973335155,54.544763331389866
1279.0,42.976,-0.36361927317363474,-0.6686357206716598,0.7827511025972275,-0.24429749085495575,0.02695046677621568,0.2558560643672191,0.011306622765667648,0.019067340515862997,0.19459092099539288,-0.012027302736489689,-0.2218174255945379,0.07253481699982456,-0.012766683734355078,0.7709554526775174,3.6272372514647406,1.4398411072936768,54.45582712257165,54.46329645070955,54.44664939067397,54.44213758652752
1280.0,43.008,-0.37123381671794137,-0.6678452655321618,0.7906064404212557,-0.23795448575955552,0.02470172310930775,0.2454793070008554,0.011905456496134677,0.018880645014878447,0.19419110961258618,-0.01242330540160459,-0.2161212095078843,0.06905927351126753,-0.013047415240261259,0.770286656976903,3.634802020292372,1.4474208726396878,54.35727638978637,54.36427812654947,54.347874790667724,54.34336949325924
1281.0,43.04,-0.3786468040890213,-0.6671326268244395,0.798094480104221,-0.23165585534627323,0.02226995961632473,0.23400124009269133,0.012384567282444593,0.018739484081207645,0.19378106881539656,-0.012756990126137653,-0.2105010433584405,0.06541785342325498,-0.013266813103861118,0.7692221747710588,3.6421884747021487,1.4548028250218885,54.262877303160856,54.269376001386014,54.25334151172955,54.2488821054153
1282.0,43.072,-0.3858594149451554,-0.666502413779087,0.8051815383994991,-0.2253940892541659,0.019694157667263113,0.2214705717274163,0.012745302721047451,0.018641587056794164,0.1933628007663056,-0.013029123689505394,-0.20494183559686396,0.06164733784960783,-0.013426419849238235,0.7677659589062937,3.6493950153989623,1.4619881242751216,54.17303933457472,54.1790051271198,54.16345598055306,54.15907937264691
1283.0,43.104,-0.3928726055145574,-0.6659580213060786,0.8118356300180668,-0.2191622052938358,0.017012264781514838,0.2079403630802626,0.012989938325449792,0.018584429851452935,0.1929382487605099,-0.013240871186817854,-0.1994292887716953,0.05778356959175027,-0.013528131258112513,0.765923687804379,3.656419557700279,1.4689776732895905,54.08815201814498,54.093560600883436,54.0786041181038,54.07434457565053
1284.0,43.136,-0.39968712587459565,-0.665501670943773,0.818026598591041,-0.21295376125117202,0.01426094882204916,0.1934677679054217,0.013121612159754185,0.018565269223127793,0.1925092874943054,-0.013393767904126663,-0.19394995953317562,0.05386121795716105,-0.013574164624076629,0.7637027276099715,3.6632596164586984,1.475772141912115,54.00858340599468,54.01341597613037,53.999149853239764,53.995038869983865
1285.0,43.168,-0.40630353745670894,-0.6651344587102496,0.8237262389733641,-0.2067628619410631,0.011475382297608404,0.1781137619476155,0.013144256165316974,0.018581176829415826,0.19207771468207047,-0.013489689981785642,-0.1884913059506999,0.04991357161236003,-0.013567026720809046,0.7611120876661345,3.669912391627846,1.4823719900205092,53.934678634561145,53.93892178838069,53.92543374757481,53.921499940711364
1286.0,43.2,-0.41272223064028746,-0.6648564089242526,0.8289084106237607,-0.2005841619868062,0.008689055812405031,0.16194286407487857,0.01306252493502897,0.01862907277339143,0.19164524392159182,-0.013530824395673316,-0.18304172304088678,0.04597235866666901,-0.013509481692367792,0.7581623697768405,3.6763748532416662,1.4887774896320471,53.86675860410842,53.87040419778946,53.857771733819625,53.85404076932536
1287.0,43.232,-0.41894344231354497,-0.6646665331023901,0.8335491418478361,-0.19441286478931857,0.005933619433202934,0.14502285075237153,0.012881722648449025,0.01870575839956982,0.19121349869992765,-0.013519638594695347,-0.17759056747016425,0.04206759292845589,-0.013404519045769968,0.7548657117273527,3.682643824649054,1.4949887459638964,53.80511877301724,53.808163749780746,53.79645396865652,53.792948513697326
1288.0,43.264,-0.4249672732933991,-0.6645628930852655,0.8376267247368218,-0.18824471812042112,0.003238750535143246,0.12742446528078671,0.012607728837310091,0.0188079481270113,0.19078400743109425,-0.013458850031018637,-0.17212817242066808,0.038227445073863955,-0.013255321904965757,0.751235725535818,3.6887160629283624,1.5010057174119078,53.750028067427934,53.75247425424777,53.74174380037175,53.73848350104771
1289.0,43.296,-0.4307937055094684,-0.6645426675960447,0.8411218006739885,-0.1820760067521846,0.0006320465381488146,0.10922112303647115,0.012246923605723365,0.018932300136671076,0.1903581994205983,-0.013351395761815887,-0.16664585361959725,0.03447813732213195,-0.013065235668935315,0.7472874309038307,3.694588335497501,1.5068282344540096,53.70172790612611,53.70358178306719,53.6938768506992,53.69087833338658
1290.0,43.328,-0.4364226188693801,-0.6646022214888755,0.8440174363142976,-0.1759035424972217,-0.001861059150960534,0.0904886137596507,0.011806112883629342,0.01907544575784837,0.18993740165884337,-0.013200402267126399,-0.16113590750980264,0.030843860111495487,-0.012837737203710413,0.7430371843209219,3.700257492033467,1.5124560175158621,53.66043133991812,53.66170378517869,53.653060209851546,53.650337104337325
1291.0,43.36,-0.4418538077336023,-0.6647371770000319,0.8462991899707574,-0.1697246520069615,-0.0042173597236375635,0.07130480176437576,0.01129245424645442,0.01923401742475106,0.18952283635474154,-0.013009155606649272,-0.15559160251046156,0.027346709216167366,-0.012576404687885475,0.7385026042595023,3.7057205309184726,1.5178886938597818,53.62632230436391,53.627028317984966,53.619471743249065,53.61703472595296
1292.0,43.392,-0.4470869969379273,-0.6649424863703034,0.8479551683636176,-0.16353716263513884,-0.0064159178209843605,0.051749324776876916,0.010713383789177494,0.019404675097682303,0.1891156191316228,-0.012781072024169822,-0.15000716426203975,0.024006641728154338,-0.012284888222995415,0.7337024928736634,3.7109746595368582,1.523125813573779,53.59955498438004,53.59971339359554,53.59325950826126,53.59111636384106
1293.0,43.424,-0.4521218573105445,-0.6652125052618091,0.8489760737065024,-0.1573393866443045,-0.008438090359553604,0.03190329196515328,0.010076544499644463,0.019584131065067772,0.18871675781908862,-0.012519669099019437,-0.14437775569478378,0.020841449346888433,-0.011966881313531913,0.7286567545889348,3.7160173478563645,1.5281668647466198,53.58025328909751,53.57988643818193,53.574541279056376,53.57269697883001
1294.0,43.456,-0.4569580206383606,-0.6655410664451226,0.8493552411174383,-0.1511301039942366,-0.010267536978545117,0.011848981591745862,0.009389716534388467,0.019769173061530698,0.18832715178621592,-0.012228537537675143,-0.13869945268648406,0.01786674746548437,-0.011626093315909941,0.7233863119415243,3.7208463748378953,1.5330112879178692,53.56851043523515,53.56764386270749,53.563404177684426,53.56186097332503
1295.0,43.488,-0.4615950940439075,-0.6659215532825478,0.8490886663531421,-0.1449085439233555,-0.011890213669538746,-0.008330461384258943,0.008660749760728196,0.019956685654498697,0.18794759177297976,-0.011911313694799409,-0.13296921600669526,0.015095978613302965,-0.011266222950997594,0.7179130189960414,3.7254598673285386,1.537658489889764,53.56438863731319,53.5630507432295,53.55990440948454,53.55866194059302
1296.0,43.52,-0.4660326737398675,-0.666346972579981,0.8481750238725622,-0.13867436549873563,-0.01329435304478686,-0.028551327518118726,0.007897498891704505,0.02014366986652339,0.18757876018752428,-0.011571652910681058,-0.12718486016323383,0.012540428901977678,-0.010890932970568777,0.7122595726410716,3.7298563312024675,1.5421078569813353,53.56791890307908,53.56614060913669,53.564067101103696,53.563122515285635
1297.0,43.552,-0.4702703581330337,-0.6668100264225989,0.8466156752412268,-0.13242763728645787,-0.014470432581811311,-0.04872964472923453,0.0071077615055555425,0.02032726101370975,0.18722123184661654,-0.011213203750781236,-0.12134501969455487,0.010209256224083285,-0.010503826063903971,0.7064494220332456,3.7340346746225324,1.5463587677953214,53.57910093271046,53.576915337748304,53.57588623950265,53.57523432371731
1298.0,43.584,-0.47430776025347804,-0.6673031826483402,0.844414667892134,-0.12616881626387164,-0.015411132054414186,-0.0687814796591419,0.00629921920894444,0.020504744751561728,0.1868754751450325,-0.010839583232396874,-0.11544911337108023,0.008109529063348744,-0.010108422086554885,0.7005066764333783,3.737994223401233,1.5504106055558553,53.597903120513266,53.595345153972104,53.59532471062208,53.59495803257987
1299.0,43.616,-0.4781445194879361,-0.6678187436476865,0.8415787242624174,-0.11989872607682843,-0.016111281229571863,-0.08862323842865412,0.00547938217292274,0.020673571329306813,0.1865418536465317,-0.01045435312305565,-0.1094973067000798,0.0062462748901305175,-0.009708136688742158,0.6944560116535383,3.7417347285426,1.5542627700604892,53.62426265809433,53.6213687338493,53.62231443653392,53.62222349504169
1300.0,43.648,-0.4817803125990202,-0.6683489132085906,0.8381172213284994,-0.11361853472136493,-0.016567798778252076,-0.10817196668492551,0.004655537242514677,0.020831368061563847,0.18622062809437384,-0.010060997394767502,-0.10349047305554837,0.004622537230677784,-0.00930626141585376,0.6883225753121607,3.745256366145763,1.5579146892745221,53.658085738184376,53.65489341112906,53.65675661024125,53.656929993380906
1301.0,43.68,-0.48521486401396224,-0.6688858611516862,0.8340421605665415,-0.10732973171695036,-0.01677962322174144,-0.12734564881120028,0.0038346997946298728,0.020975950033250146,0.18591195884295947,-0.009662900917197242,-0.09743015369510329,0.003239440611136492,-0.008905945347927035,0.6821318910759279,3.7485597299460474,1.5613658305794813,53.699247858556966,53.69579548615416,53.69852202744696,53.69894657757268
1302.0,43.712,-0.48844795536826724,-0.6694217855233708,0.8293681283703095,-0.1010341048220198,-0.016747636615141656,-0.1460635061322327,0.00302356949451983,0.021105329059089954,0.18561590871411837,-0.009263329471384063,-0.09131851686471172,0.002096262683079827,-0.008510178338727137,0.6759097620526091,3.751645816859729,1.564615711671573,53.74759422567604,53.74392063664483,53.74745151493765,53.748112499438236
1303.0,43.744,-0.49147943429104096,-0.6699489721333148,0.8241122469656523,-0.09473371633668927,-0.01647458156075172,-0.1642462938955543,0.0022284900778991885,0.021217720924176425,0.18533244628189774,-0.008865411163132634,-0.08515831614548008,0.0011905129351325854,-0.00812177590807665,0.6696821734884371,3.754516005983532,1.5676639110905002,53.80294025793021,53.79908443006196,53.80335645534141,53.804237742189436
1304.0,43.776,-0.4943092224199478,-0.6704598512388197,0.8182941158701292,-0.08843087902832852,-0.015964972047024673,-0.18181659673507633,0.0014554132639026636,0.021311550935967323,0.18506144958848778,-0.008472119311816932,-0.07895284815033546,0.000518017481637734,-0.007743365833392446,0.6634751949173184,3.75717203157896,1.5705100783446722,53.86507218844132,53.86107293748006,53.86601940828507,53.86710364533262
1305.0,43.808,-0.49693732263486784,-0.6709470511916887,0.8119357439583745,-0.08212813171626056,-0.015224998527159651,-0.19869912224235628,0.0007098668829042701,0.02138545782203208,0.18480271029131917,-0.008086256885785462,-0.07270590964705333,7.300949346403067e-05,-0.007377376478008807,0.657314881907003,3.759615950644029,1.5731539435859436,53.933747767576186,53.92964344891019,53.93519482800465,53.93646362503953
1306.0,43.84,-0.4993638255004502,-0.6714034488744148,0.8050614722089193,-0.07582821454944091,-0.014262427585188878,-0.2148209921704512,-3.0727173434693835e-06,0.021438296011021638,0.18455593823752015,-0.007710442549821867,-0.06642175415418836,-0.00015177510429459362,-0.007026026884817637,0.6512271775495765,3.761850105740168,1.575595326775943,54.00869706532206,54.00452529016558,54.01060987763193,54.01204399012838
1307.0,43.872,-0.5015889149090038,-0.671822216762071,0.7976978872267269,-0.06953404401730745,-0.013086496489256359,-0.2301120306935401,-0.000678803944113249,0.021469136337846594,0.18432076645704065,-0.007347098383178591,-0.06010504804128788,-0.00016499699811010904,-0.006691318654144213,0.6452378138498275,3.7638770837994153,1.5778341462770364,54.08962337371233,54.08542074125769,54.0919653402927,54.09354485383119
1308.0,43.904,-0.5036128729166072,-0.6721968664548933,0.7898737256578664,-0.06324868773759776,-0.011707802900695697,-0.24450504902686185,-0.00131321888778916,0.021477265217109118,0.18409675656002572,-0.0069984393185596695,-0.05376082615186036,2.339178330763511e-05,-0.006375029614647054,0.6393722131753887,3.765699671685764,1.5798704267942976,54.176204209394385,54.17200605633789,54.178936627197515,54.18064114143836
1309.0,43.936,-0.505436083767038,-0.6725212885347488,0.781619769638729,-0.0569753390759688,-0.010138189995485554,-0.25793612559807105,-0.0019027179032452294,0.02146218233254634,0.18388340451770147,-0.006666464343086804,-0.047394446968450334,0.000402257485162023,-0.00607870928553068,0.6336553899463533,3.7673208093239485,1.5817043065906278,54.26809241631995,54.26393258495796,54.27117488267995,54.2729836938117
1310.0,43.968,-0.5070590371001764,-0.6727897886070574,0.7729687334520504,-0.05071729166057069,-0.008390627259643074,-0.2703448808336765,-0.0024442198629717605,0.02142359689375325,0.18368014679932718,-0.006352949491888544,-0.04101154734244322,0.0009593982986057558,-0.005803676117553963,0.6281118527594839,3.7687435412384023,1.5833360438955322,54.36491736830021,54.36082799430777,54.36830818604113,54.37020046653625
1311.0,44.0,-0.5084823303439866,-0.6729971193988369,0.7639551415957624,-0.044477913869073224,-0.006479087243109491,-0.2816747455090319,-0.002935168121732188,0.02136142251582385,0.18348636683092623,-0.006059442653683235,-0.03461799682677236,0.001681661779959505,-0.005551016489365828,0.622765507162226,3.769970967363875,1.5847660224290532,54.46628627090545,54.46229759169656,54.46994284968451,54.47189782423613
1312.0,44.032000000000004,-0.5097066702920527,-0.6731385087938856,0.7546151985082581,-0.03826062337706273,-0.004418418595271622,-0.2918732214844767,-0.0033735322544742544,0.021275770781867112,0.18330140173475498,-0.005787260195420054,-0.028219851667158145,0.0025550656762024135,-0.005321585424701419,0.6176395593146211,3.7710061939966923,1.5859947559659746,54.57178556180167,54.56792574628076,54.57566481277848,54.577661929216525
1313.0,44.064,-0.5107328738719729,-0.673209683698171,0.7449866502348641,-0.03206886187250713,-0.0022242157589199793,-0.3008921335435953,-0.0037578056517577623,0.02116694355363652,0.18312454930202426,-0.005537485400400741,-0.02182330853495215,0.003564921770933082,-0.005116008985057468,0.6127564208017695,3.771852285751328,1.5870228918715996,54.68098240820221,54.67727740849837,54.685041129160695,54.687060223203176
1314.0,44.096000000000004,-0.5115618681136915,-0.6732068896426685,0.735108638364903,-0.025906070053705613,8.731423445372943e-05,-0.30868787093624883,-0.004086999080113486,0.021035424100759734,0.18295507514547477,-0.005310968700879155,-0.015434658113082346,0.004695962308519945,-0.004934688281762583,0.60813761488578,3.772512219370403,1.5878512135490206,54.79342629957822,54.78989972526069,54.79762154780462,54.79964300044568
1315.0,44.128,-0.5121946893310728,-0.673126906047525,0.7250215466163681,-0.019775663043167344,0.002499487348234517,-0.31522161714175184,-0.004360630338420478,0.020881867125255298,0.18279221997320338,-0.005108329672677877,-0.00906023868187779,0.005932468488540808,-0.004777805040975724,0.6038036845128879,3.772988840207201,1.5884806417487145,54.90865073321621,54.90532374826821,54.9129401835042,54.9149450699254
1316.0,44.160000000000004,-0.5126324815346518,-0.672967057090759,0.7147668404954876,-0.013681006361841575,0.004995279898937495,-0.3204595662774807,-0.0045787101654525,0.02070708776408585,0.18263520692081975,-0.0049299607457124,-0.0027063898864792208,0.0072584004498625065,-0.004645328645197371,0.5997741024186818,3.773284822158114,1.5889122347042215,55.02617498954464,55.023066232277515,55.03051727490926,55.03248750377432
1317.0,44.192,-0.5128764940985027,-0.6727252181469088,0.7043869005108262,-0.0076253926203405445,0.0075574669953200335,-0.32437312452070316,-0.004741724578020333,0.02051204965934517,0.18248324887572623,-0.004776032570833821,0.0036205930942722177,0.008657528086500227,-0.0045370245654716475,0.5960671837007376,3.77340263176827,1.589147187072386,55.14550599347531,55.14263151934237,55.14986102625721,55.151779468368716
1318.0,44.224000000000004,-0.5129280787094671,-0.6723998177861631,0.6939248494754711,-0.001612019092638542,0.010168761273301574,-0.3269390948548114,-0.004850613843382638,0.020297852192187937,0.18233555572516572,-0.004646500970316622,0.009914504721800117,0.010113561958322831,-0.004452464089672636,0.5927000012534996,3.7733444971671743,1.589186827672773,55.26614025723315,55.26351350440618,55.27046952851825,55.272320133822646
1319.0,44.256,-0.5127886856325178,-0.6719898353524959,0.6834243744856318,0.004356033654666838,0.012811951052101056,-0.3281398434325144,-0.004906748313529302,0.020065716983609882,0.18219134145876364,-0.004541115386613549,0.01616927332336501,0.01161028348211666,-0.004391035244202285,0.5896883044834773,3.773112382413139,1.5890326160380785,55.38756589938235,55.385197676732474,55.39183275479493,55.393600656875165
1320.0,44.288000000000004,-0.5124598593316911,-0.6714947941700241,0.6729295442189337,0.010275821900831527,0.015470036952241684,-0.3279634458342778,-0.004911901372247558,0.019816973771533054,0.18204983105664493,-0.004459428732248505,0.022379004047392872,0.013131673514734755,-0.004351954799138824,0.5870464417438666,3.7727079677362685,1.5886861378052126,55.509264733914215,55.50716323094375,55.51343462411564,55.51510623135365
1321.0,44.32,-0.5119432334917118,-0.6709147504599323,0.6624846222500453,0.01614455749935667,0.018126365940370533,-0.326403811527797,-0.004868219768182048,0.01955304578012216,0.18191026709584426,-0.004400808532577213,0.028538020199715304,0.014662038374243878,-0.004334281240424947,0.5847872869450628,3.7721326360709724,1.5881490989948253,55.63071442245031,55.628885240503934,55.63475512683894,55.636318199616696
1322.0,44.352000000000004,-0.5112405254910268,-0.6702502780854869,0.6521338771342421,0.021959625021402182,0.020764761701417868,-0.32346078486881535,-0.004778191628033186,0.019275434702671863,0.18177191601064166,-0.004364449243258038,0.034640902591949,0.016186132288773827,-0.004336928587132638,0.5829221708113842,3.77138746616159,1.5874233192448926,55.751390681744006,55.74983688573786,55.75527250415431,55.75671621753596
1323.0,44.384,-0.5103535303823502,-0.6695024492793956,0.6419213900602613,0.027718597146147578,0.0233696501903543,-0.31914022106193557,-0.004644612463182186,0.018985705424547368,0.18163407394656955,-0.004349385615387667,0.04068252652040457,0.017689275220750634,-0.004358680927207735,0.5814608172632557,3.77047323241032,1.5865107240811591,55.87076953785612,55.869491727551576,55.8744654732438,55.875780464795625
1324.0,44.416000000000004,-0.509284114441856,-0.668672811545489,0.6318908609214859,0.03341924814044176,0.02592617918457997,-0.31345403558669416,-0.0044705494999979205,0.018685470616319286,0.18149607215308433,-0.004354506973678208,0.04665809598950253,0.01915746498707291,-0.004398207541427462,0.5804112854083805,3.7693904115169943,1.5854133363232585,55.98832961753309,55.987326017301775,55.9918154889581,55.99299389146042
1325.0,44.448,-0.5080342083527312,-0.6677633609647265,0.6220854136982887,0.03905956528515386,0.028420330648828644,-0.3064202257249464,-0.004259304678445097,0.018376375330225316,0.18135728186614156,-0.004378572266825459,0.05256317479884406,0.020577482588145478,-0.004454078482609419,0.5797799176237647,3.768139195837324,1.5841332667398131,56.103554466566905,56.10282103239322,56.106809031994516,56.107844491031344
1326.0,44.480000000000004,-0.5066058000927679,-0.6667765121731486,0.6125474020834385,0.04463775812384704,0.030839024736807625,-0.2980628629640366,-0.004014376674998149,0.01806008173422336,0.18121711863902917,-0.00442022574431589,0.05839371412757261,0.02193698967009551,-0.004524780475412304,0.579571294203272,3.7667195132621036,1.5826727040783088,56.215934884148105,56.21546542655002,56.21893991292762,56.219827589450084
1327.0,44.512,-0.5050009275989336,-0.6657150653158046,0.6033182163160421,0.0501522654323287,0.033170214292003494,-0.2884120552311692,-0.0037394223139262245,0.01773825411803808,0.18107504608762104,-0.004478013110496,0.06414607627488735,0.023224617078908716,-0.004608733001369797,0.5797881950315558,3.765131053296848,1.5810339046057473,56.32497126158666,56.32475758295346,56.32771158068602,56.32844813888273
1328.0,44.544000000000004,-0.5032216712842856,-0.6645821703150976,0.5944380922168122,0.05560175983274145,0.03540296877209018,-0.27750387810090305,-0.003438217735389045,0.017412544303590523,0.1809305790245457,-0.004550398004767024,0.06981705424981086,0.024430043521039287,-0.004704304434119405,0.5804315687253314,3.763373298901699,1.579219181303663,56.43017591314179,56.430207957942606,56.43263942356031,56.43322300447691
1329.0,44.576,-0.5012701464841102,-0.6633812888235653,0.5859459234378457,0.06098515000548996,0.03752754661038857,-0.26538027434273315,-0.0031146196892611693,0.01708457758899784,0.1807832859654181,-0.004635778656147758,0.07540388694835419,0.025544063425039128,-0.004809828091112755,0.5815005096561313,3.761445563537532,1.5772308928658636,56.53107538623307,56.531341402392925,56.53325305023141,56.53368323181142
1330.0,44.608000000000004,-0.4991484959086715,-0.66211615425908,0.5778790779529575,0.06630158048245106,0.03953545514016098,-0.252088921402729,-0.002772527319925157,0.01675593934983757,0.18063279099906834,-0.0047325045614357766,0.0809042697084382,0.026558643200103794,-0.0049236180704419034,0.5829922432356839,3.7593470327583796,1.5750714326490634,56.62721273785354,56.62769944757672,56.62909853797723,56.62937628229007
1331.0,44.64,-0.49685888217941865,-0.6607907303440366,0.5702732198194245,0.0715504290391594,0.0414194973451115,-0.2376830666729319,-0.0024158447993467428,0.016428162414642133,0.18047877502242526,-0.0048388930384308075,0.08631636009491113,0.02746696521154874,-0.005043984744777568,0.5849021198052675,3.7570768095947353,1.5727432177253402,56.718149763753225,56.71884254194783,56.719740634827524,56.71986822345831
1332.0,44.672000000000004,-0.4944034805238555,-0.6594091685886254,0.5631621372383316,0.07673130173633914,0.04317380485659372,-0.2222213306591261,-0.0020484451534991013,0.01610271532261486,0.1803209763491825,-0.004953245509391113,0.09163877883297503,0.02826345893569313,-0.005169249788792279,0.5872236174247389,3.7546339628891463,1.5702486781811476,56.80346916673381,56.80435222520891,56.80476490232349,56.804745860966
1333.0,44.704,-0.4917844717015467,-0.6579757651711579,0.5565775779282649,0.08184402569715934,0.04479385679586619,-0.20576747843960827,-0.001674135610670782,0.0157809915614853,0.18015919070942407,-0.005073863374862463,0.09687060588191679,0.028943818917930658,-0.0052977606218294285,0.5899483538050881,3.752017577676657,1.567590246800492,56.88277665039485,56.883833225913115,56.883779785395525,56.883618798865136
1334.0,44.736000000000004,-0.4890040352299089,-0.656494917675143,0.550549092805667,0.08688863973867268,0.04627648425045881,-0.1883901600811634,-0.0012966247795016938,0.015464299871330914,0.1799932706648508,-0.005199063344373677,0.10201137171441486,0.02950500933175974,-0.005427904153964003,0.5930661075714273,3.749226806649711,1.5647703492601102,56.955702924699395,56.95691546902498,56.95641859600673,56.95612141491951
1335.0,44.768,-0.48606434297357376,-0.6549710821430528,0.5451038889346728,0.09186538301048242,0.04761986037782506,-0.17016262096858845,-0.0009194919399613709,0.01515385568730958,0.17982312447100574,-0.005327192097903679,0.10706104394479606,0.029945255122838646,-0.005558119730981674,0.5965648489811989,3.746260921711554,1.561791394952272,57.02190561000164,57.0232559800354,57.02234139733483,57.02191473783337
1336.0,44.800000000000004,-0.4829675531552707,-0.6534087309002488,0.5402666926697254,0.09677468182196045,0.048823476337620055,-0.1511623832795889,-0.0005461587022074123,0.014850773779755251,0.17964871442382346,-0.005456640160765014,0.11202000952280497,0.030264019913387886,-0.005686911182135003,0.6004307801563239,3.743119364604926,1.558655768536572,57.08107102647661,57.08254067267042,57.081236775663115,57.080688213554794
1337.0,44.832,-0.47971580483945736,-0.6518123115893243,0.5360596238658998,0.1016171348691774,0.049888103466395134,-0.13147090011956442,-0.0001798632567348407,0.01455606213524945,0.17947005473285874,-0.0055858548842183066,0.11688905278403368,0.03046197103756304,-0.005812857883810257,0.6046483848181776,3.739801795604702,1.5553658223061206,57.13291585645056,57.13448600768677,57.1328234875538,57.13216134831597
1338.0,44.864000000000004,-0.4763112129324438,-0.6501862078352489,0.5325020819749192,0.10639349709416271,0.05081574231484892,-0.11117318409313019,0.0001763625950703215,0.014270617106358453,0.17928720896762151,-0.005713352434851772,0.12166932971324385,0.030540932269575577,-0.0059346247623891174,0.6092004874419704,3.736308139284362,1.5519238694363622,57.17718866769645,57.178840510960676,57.17685197053827,57.17608521658419
1339.0,44.896,-0.472755863734641,-0.6485347019354547,0.5296106447797525,0.11110466243134848,0.05160955936857558,-0.09035741234896973,0.0005197134774243511,0.01399521984202038,0.17910028712653614,-0.005837728707471227,0.12636233884012368,0.03050382499247098,-0.00605097117056142,0.6140683216727392,3.732638626406742,1.5483321781667787,57.213671286593225,57.21538613980354,57.21310570623355,57.21224382287559
1340.0,44.928000000000004,-0.46905181107197547,-0.6468619399368043,0.5273989804479512,0.11575164570828539,0.052273812457819376,-0.06911451036878323,0.0008476274293425671,0.01373053399434753,0.1789094423801631,-0.005957669088547135,0.13096988923688926,0.03035459872818721,-0.006160758583066866,0.6192316077700148,3.728793831048984,1.5445929669474534,57.24218001086605,57.24393948740152,57.24140242570367,57.24045530714628
1341.0,44.96,-0.46520107302460884,-0.6451718994237993,0.525877773504155,0.12033556398022047,0.05281376603141304,-0.047537716993636646,0.0011577997714262837,0.013477104682207114,0.1787148675414853,-0.006071957010458071,0.1354940661326564,0.03009815210843994,-0.006262957070193009,0.6246686387729109,3.724774702149016,1.5407084005643361,57.262566652706866,57.264352816249996,57.26159514780754,57.260572984503355
1342.0,44.992000000000004,-0.4612056292620613,-0.6434683603001286,0.5250546652362064,0.12485761757959579,0.05323559761470393,-0.025722133373391638,0.0014481938147165776,0.013235358676615235,0.17851679131633486,-0.006179481250408869,0.13993719468873356,0.02974024550325799,-0.006356650520240186,0.6303563750031372,3.7205825887551844,1.536680587239485,57.2747194041161,57.27651491263414,57.273573042404905,57.27248621096619
1343.0,45.024,-0.457067418984834,-0.6417548787995397,0.5249342089578862,0.12931907116336824,0.05354629689340619,-0.003764258697504656,0.0017170484153750487,0.013005605759015158,0.17831547438647802,-0.006279241941925899,0.14430180250250096,0.02928740664016575,-0.006441040595426733,0.6362705464509787,3.7162192583700695,1.5325115766859911,57.27856351759637,57.280351755385894,57.27726211142458,57.276121068249054
1344.0,45.056,-0.4527883394638344,-0.6400347649129479,0.5255178404553308,0.1337212350312521,0.053753558956002125,0.018238484295144474,0.0019628824172604332,0.01278804119014663,0.17811120537657069,-0.006370355281183329,0.14859058141306256,0.02874683063542694,-0.006515449419188557,0.6423857625197499,3.7116869079022528,1.528203359082026,57.27406179654622,57.27582699349762,57.272625682106906,57.27144086170753
1345.0,45.088,-0.44837024516050156,-0.6383110633676503,0.5268038638446804,0.13806544697913586,0.05386567329054245,0.040188230917169804,0.0021844960611701394,0.012582749215676217,0.17790429675424313,-0.0064520569248242,0.15280634918154737,0.028126275921097125,-0.006579321006364464,0.6486756285384018,3.7069881668735887,1.5237578649148307,57.261214891146174,57.262942228503114,57.259664708024964,57.25844642699419
1346.0,45.12,-0.4438149474026558,-0.6365865382425024,0.5287874529664842,0.14235305493269518,0.05389141016087683,0.06198716005637722,0.0023809694740084433,0.012389707524233939,0.1776950807100656,-0.006523704090127858,0.15695201160162145,0.027433957583358665,-0.006632221461151538,0.6551128683908164,3.7021260926719135,1.5191769656336551,57.240061396878765,57.24173709899977,57.23841787492062,57.23717624228372
1347.0,45.152,-0.4391242145839134,-0.6348636612509464,0.5314606683389036,0.14658540058568478,0.053839905986120346,0.08353798038809626,0.0025516583828897117,0.01220879256503934,0.17748390506118888,-0.006584776382506902,0.1610305255705299,0.02667843963061801,-0.006673837980766872,0.66166945255462,3.6971041577874058,1.5144624750408906,57.210677754325076,57.21228916610754,57.20896150978797,57.207706344398545
1348.0,45.184,-0.4342997728481264,-0.6331446036728771,0.5348124895879182,0.15076380424336033,0.053720549314672746,0.10474441403171665,0.002696187227709433,0.012039785625346123,0.17727112921914673,-0.006634875388704665,0.1650448636160478,0.02586852768357129,-0.006703976715261732,0.6683167307929108,3.6919262291221835,1.5096161513429163,57.17317795035288,57.17471360015902,57.1714092931162,57.17015004861629
1349.0,45.216,-0.42934330721484,-0.6314312318674218,0.538828863169655,0.15488955104018232,0.053542868920471415,0.12551167442926056,0.002814439870620817,0.011882379562767997,0.17705712025875,-0.00667372308696974,0.16899798032691346,0.02501316352453685,-0.00672255954570532,0.6750255686997276,3.6865965396142366,1.5046396997766245,57.12771302225239,57.12916267038383,57.125911775662054,57.124657473365566
1350.0,45.248,-0.42425646309728104,-0.6297251062526977,0.5434927650987116,0.15896387867373443,0.0533164254601325,0.1457469352830359,0.0029065481218536935,0.011736186084472695,0.17684224912127583,-0.006701159137361035,0.17289278108540893,0.024121322863349563,-0.006729619853774876,0.6817664872650853,3.681119652565456,1.4995347757240793,57.07447036791273,57.07582504079736,57.07265570256231,57.071414872543336
1351.0,45.28,-0.419040848160957,-0.6280274835962694,0.5487842782980233,0.16298796676010843,0.05305070801338049,0.16535978747847396,0.0029728783181528265,0.01160074346352054,0.17662688698134785,-0.006717137126323317,0.17673209343830776,0.02320191757243409,-0.00672529736549618,0.6885098045983014,3.6755004192063883,1.4943029882262642,57.01367286647766,57.014924876949834,57.01186314904696,57.01064377953149
1352.0,45.312,-0.41369803446858205,-0.6263393224220472,0.5546806840914436,0.16696292788673517,0.05275503669444998,0.1842626810444019,0.0030140162027276645,0.011475524583147347,0.17641140180308246,-0.006721719849262488,0.1805186413837752,0.02226370351984912,-0.006709832160296132,0.6952257789297209,3.6697439301645347,1.4889459038072221,56.94557781540048,56.94672076953938,56.94379047336842,56.94259996847367
1353.0,45.344,-0.40822956085575773,-0.6246612913062888,0.5611565672707576,0.1708898004007409,0.05243847236744324,0.2023713493535406,0.0030307503639213566,0.011359945201436539,0.1761961551072966,-0.006715073723231341,0.1842550227822157,0.021315194987301903,-0.0066835579435214065,0.7018847520008011,3.663855461625774,1.483465050521912,56.87047569104054,56.87150448222587,56.868727093910906,56.86757223960673
1354.0,45.376,-0.40263693548159635,-0.6229937798076096,0.5681839340852212,0.17476954294256256,0.05210973433372961,0.21960521295201127,0.003024054493922841,0.01125337233249234,0.17598149896789206,-0.006697462428647455,0.1879436900372397,0.02036458650668918,-0.006646894686037991,0.7084572919513032,3.6578404170872907,1.4778619221446292,56.78868874128547,56.78959953218269,56.78699409866479,56.78588103679712
1355.0,45.408,-0.396921638499242,-0.6213369117537482,0.5757323424247366,0.1786030306985533,0.05177712668316448,0.23588776060983055,0.0029950687288963266,0.011155132644736733,0.1757677732519769,-0.006669239884243125,0.19158693412291902,0.019419682785341577,-0.006600340738372601,0.7149143348196854,3.651704265692953,1.4721379824195735,56.70056941972876,56.701359613078004,56.6989426964306,56.69787690649786
1356.0,45.44,-0.39108512479294544,-0.6196905605914008,0.5837690433981523,0.18239105332178773,0.0514484738233603,0.25114690541926793,0.002945080328126658,0.011064520783159499,0.17555530311489986,-0.006630842663021829,0.19518687197496315,0.018487837223395177,-0.006544464529055038,0.7212273237889887,3.6454524782164315,1.4662946693009682,56.60649867207498,56.607166871178094,56.60495252014732,56.603938808508346
1357.0,45.472,-0.38512882673090243,-0.6180543664947333,0.5922591334465188,0.1861343144388232,0.051131065520853246,0.26531531401142466,0.002875503942459516,0.01098080752904206,0.17534439675816194,-0.006582781959074971,0.1987454371990828,0.01757589935815875,-0.00647989595735392,0.7273683453348476,3.6390904618118722,1.460333399116699,56.50688408626517,56.50743004619094,56.50542979369839,56.50447228976574
1358.0,45.504,-0.3790541568863683,-0.6164277549230562,0.6011657160779244,0.18983343264171285,0.050831611614914805,0.27833070723145364,0.002787861711816048,0.010903247718684167,0.17513534345516282,-0.006525635215326538,0.2022643739999401,0.016690171406414232,-0.006407317589513034,0.7333102614648607,3.632623494685467,1.4542555705966234,56.40215791871375,56.402582489227136,56.40080537434226,56.399907533325624
1359.0,45.536,-0.3728625106835025,-0.6148099563183687,0.6104500722661417,0.1934889438395338,0.050556206396481264,0.29013613088175894,0.002683763418262628,0.010831087850765232,0.17492841184693098,-0.006460037521119675,0.20574523418005175,0.015836373917230064,-0.006327455764944245,0.7390268372783839,3.626056661852925,1.4480625687142088,56.29277500960603,56.293080070917995,56.29153268361422,56.29069729527755
1360.0,45.568,-0.3665552689288553,-0.6132000266386687,0.6200718385199557,0.19710130483274663,0.0503103024906297,0.3006801954317224,0.002564886905458349,0.010763573320997196,0.17472384850738915,-0.006386672885659037,0.20918937702066193,0.015019620400711663,-0.006241071714726598,0.7444928631228355,3.6193947931374644,1.4417552689288555,56.17921060083138,56.179398993218285,56.1780855400699,56.17731474299926
1361.0,45.6,-0.3601338001942598,-0.6115968684326542,0.6299891916038215,0.20067089795608806,0.050098693937948524,0.3099172838707705,0.0024329589577111606,0.010699955231473969,0.17452187677532188,-0.0063062654891945435,0.212597971815896,0.014244400662553544,-0.006148952789329964,0.7496842706755013,3.612642404530529,1.43533380019426,56.06195807040304,56.06203351880326,56.06095590766114,56.060251208461466
1362.0,45.632,-0.3535994630220126,-0.6099992521751779,0.6401590388733649,0.2041980366327463,0.04992550804613771,0.31780772717326616,0.0022897368128090415,0.010639496731414684,0.17432269584802504,-0.006219571008344824,0.21597200280868395,0.013514572454560912,-0.0060519038858635014,0.7545782423384643,3.60580364398367,1.4287994630220129,55.94152659755558,55.94149363217386,55.94065157377433,55.94001387066612
1363.0,45.664,-0.34695360792849117,-0.6084058376000114,0.6505372131810437,0.20768297167252198,0.04979420547394709,0.3243179471149276,0.0021369904627009484,0.010581478854687546,0.1741264801296486,-0.006127368105317637,0.21931227625076152,0.0128333609470547,-0.005950739157550455,0.7591533133970991,3.598882242626002,1.4221536079284913,55.81843877270249,55.8183026466848,55.81769377109677,55.817123381323384
1364.0,45.696,-0.3401975791876479,-0.6068151947865064,0.6610786713077167,0.21112589815137467,0.04970758792203898,0.3294205664585661,0.0019764858753988815,0.010525205828428606,0.1739333788254622,-0.0060304501633375385,0.22261942930102724,0.012203365443304276,-0.005846274079701369,0.7633894664593739,3.591881472308804,1.415397579187648,55.693228166497136,55.69299477163686,55.692614757435805,55.69211144796154
1365.0,45.728,-0.33333271638103656,-0.605225824779015,0.6717376948845454,0.214526962706581,0.04966781273409992,0.3330944867758591,0.0018099692505732766,0.010470009835109794,0.17374351577170183,-0.00592961734218027,0.22589394046436262,0.011626572687436998,-0.005739317937433452,0.767268217762279,3.584804110269073,1.4085327163810368,55.56643687196155,55.566112653409725,55.56595536747982,55.56551838841265
1366.0,45.76,-0.32636035570605987,-0.6036361795418188,0.6824680927860525,0.21788627109304576,0.04967641366238609,0.3353249344221336,0.001639152400587038,0.010415255218473512,0.17355698948927065,-0.005825669018950066,0.22913614127855664,0.011104376067578206,-0.005630666790938543,0.7707726950028604,3.57765241157952,1.40156035570606,55.43861303345068,55.438204904284106,55.43826255018939,55.43789067044392
1367.0,45.792,-0.31928183103890007,-0.602044681077232,0.6932234039986944,0.22120389584871908,0.04973432701833312,0.3361034753950233,0.0014656993284956493,0.010360342130729219,0.17337387344837016,-0.005719396670049264,0.2323462289569719,0.010637599982934905,-0.005521096964439703,0.7738877064227913,3.5704280899159437,1.3944818310389002,55.310308375704025,55.3098236322014,55.31008690513033,55.30977844981052
1368.0,45.824,-0.3120984747530274,-0.6004497395599241,0.7039570999992933,0.22447988393354623,0.049841922415876726,0.33542800001875334,0.0012912140551170992,0.01030470962524902,0.17319421653013606,-0.005611577240739268,0.23552427971137505,0.010226528628109362,-0.005411359095302826,0.7765998009470407,3.5631323070271335,1.3872984747530275,55.18207574581721,55.18152198416488,55.181980230535565,55.18173311960614
1369.0,45.856,-0.3048116182982216,-0.5988497703658294,0.7146227857133836,0.22771426421265442,0.049999037315452646,0.33330267856528184,0.0011172297289021142,0.010247838204662593,0.17301804367052134,-0.005502967039528878,0.23867026248872908,0.00987093844720037,-0.005302172770232955,0.7788973192472215,3.555765671140158,1.3800116182982218,55.05446668025767,55.053851715394536,55.05449309530854,55.05430488309448
1370.0,45.888,-0.297422592548641,-0.5972432098988009,0.725174398164168,0.2309070546744196,0.05020501459464808,0.32973788908704876,0.0009451990352155329,0.010189251839690293,0.172845356671023,-0.005394296185254075,0.24178405288084784,0.00957013352442962,-0.005194221766277862,0.7807704356686005,3.548328244378233,1.372622592548641,54.928029008456086,54.9273607956335,54.928172446479714,54.928040361626394
1371.0,45.92,-0.2899327279316016,-0.5956285301420272,0.7355664019675524,0.23405826928245607,0.05045874239917096,0.3247501188557278,0.0007764859059168821,0.010128519478289456,0.17267613516037264,-0.005286263625921986,0.24486544698142673,0.009322983203635206,-0.005088149905605355,0.7822111910248855,3.540819559112231,1.3651327279316017,54.80330450365675,54.80259106327574,54.80355926290929,54.80348024840903
1372.0,45.952,-0.28234335435137325,-0.5940042518838015,0.7457539808767836,0.23716792438216114,0.05075869556956038,0.318361840913509,0.0006123585159316829,0.010065256068686997,0.172510337690999,-0.005179532739966882,0.2479141749951205,0.009127961266064515,-0.004984557524843941,0.7832135163268582,3.5332386430133687,1.3575433543513733,54.68082659099868,54.68007593715282,54.68118626520554,54.6811570181909
1373.0,45.984,-0.2746558009244489,-0.5923689565882297,0.7556932246307548,0.24023604459135883,0.05110297798661037,0.3106013673115671,0.0004539835408886232,0.00999912312270016,0.17234790295392058,-0.005074727522741278,0.2509299144221546,0.008983186040812358,-0.004883998552281287,0.7837732475682587,3.5255840524263418,1.349855800924449,54.56111812186929,54.560338195010594,54.56157569102472,54.56159270200158
1374.0,46.016,-0.266871395544409,-0.5907212969006865,0.7653413104122387,0.24326266812627487,0.05148936523573106,0.3015026806714053,0.00030242163890938995,0.009929828848382125,0.17218875109572954,-0.004972429353868516,0.25391230267413406,0.00888646087447692,-0.0047869781794725895,0.7838881317453011,3.517853913541932,1.342071395544409,54.4446892228001,54.44388782681589,54.44523714402927,54.4452967353159
1375.0,46.048,-0.25899146429570297,-0.5890600057950884,0.7746566782753862,0.24624785152203515,0.05191534704993466,0.2911052457233256,0.00015862411024709453,0.00985712788256871,0.17203278512146875,-0.0048731743347261835,0.2568609489958964,0.008835314443337128,-0.004693951107874871,0.783557824333583,3.510045970718152,1.3341914642957031,54.332035226218615,54.331219970201765,54.33266552395012,54.33276388705956
1376.0,46.08,-0.2510173307364256,-0.5873839043852889,0.7835991999550609,0.24919167372744436,0.052378169056242284,0.27945380248986473,2.3430680678238096e-05,0.009780820655334919,0.1718798923674829,-0.00477745117957758,0.25977544559996874,0.008827040451468982,-0.004605320346024049,0.7827838784884024,3.5021576411814292,1.3262173307364258,54.22363468959259,54.22281293446563,54.22433904430064,54.22447227609339
1377.0,46.112,-0.2429503150705118,-0.585691908436041,0.7921303405232732,0.2520942395597791,0.05287487341398935,0.26659814275660637,-0.00010243165174900998,0.00970075241880702,0.1717299460287226,-0.004685699639109034,0.2626553779374808,0.008858736319418699,-0.004521436528525418,0.7815697262706193,3.4941860752359224,1.318150315070512,54.1199475085767,54.11912631873213,54.120717343484216,54.12088148088645
1378.0,46.144,-0.23479173322974867,-0.5839830336200458,0.8002133124095205,0.2549556825238757,0.05340233799985722,0.2525928714452557,-0.00021834877184994698,0.009616811973211714,0.17158280672548595,-0.004598309431065663,0.2655003340587294,0.00892734052972955,-0.00444259772471261,0.7799206522308454,3.4861282210211524,1.3099917332297488,54.02141312903532,54.020599229042084,54.02223969418083,54.02243074734864
1379.0,46.176,-0.22654289588564852,-0.582256399576649,0.8078132213516841,0.25777616700310074,0.05395731385614368,0.2374971544425846,-0.0003238186731008876,0.009528930122605883,0.17143832409518803,-0.004515619649419449,0.26830991303039087,0.00902966835531889,-0.004369049702233535,0.7778437597091659,3.4779808927868623,1.3017428958856487,53.92844886196407,53.92764859839997,53.92932331516259,53.92953729893796
1380.0,46.208,-0.21820510741058194,-0.5805112328348632,0.8148972038918029,0.26055588984585937,0.05453646068081287,0.22137445437873599,-0.0004184498251853443,0.009437077892397712,0.17129633839543446,-0.004437918621052009,0.27108373240210054,0.009162445754571466,-0.004300986608997103,0.7753479302266022,3.469740841599966,1.2934051074105821,53.84144830467793,53.840667613045504,53.842361788914,53.84259475249821
1381.0,46.24,-0.2097796648066878,-0.5787468686686864,0.8214345560761523,0.26329508137166224,0.0551363801930175,0.20429225576089827,-0.0005019587555992164,0.009341264539687017,0.1711566821054344,-0.00436544417717166,0.27382143472455406,0.009322341270810254,-0.0042385520358103,0.7724437763576142,3.4614048273621156,1.284979664806688,53.76077987089142,53.760024247593826,53.761723587803395,53.76197164253555
1382.0,46.272,-0.2012678566199953,-0.5769627519563117,0.8273968530612935,0.26599400583417004,0.05575364726171431,0.18632178078568204,-0.0005741669178917976,0.00924153538658367,0.17101918151359466,-0.004298384305655798,0.2765226931427233,0.009505995824192294,-0.004181840421584232,0.7691435884810388,3.452969690997715,1.2764678566199954,53.68678543177287,53.686059911032395,53.687750710888245,53.688010056092445
1383.0,46.304,-0.1926709618559592,-0.5751584371169346,0.8327580593668986,0.26865296137609823,0.056384838730529706,0.16753769705014074,-0.0006349969185494714,0.009137969505150577,0.17088365828000085,-0.004236878149941971,0.27918721609252195,0.009710050328933142,-0.004130898763143453,0.765461275809701,3.444432425671026,1.2678709618559594,53.61977906944348,53.61908820507385,53.62075743293833,53.62102437976078
1384.0,46.336,-0.18399024891126367,-0.5733335871996355,0.8374946295520669,0.27127227952176497,0.05702655991560449,0.14801781828652458,-0.0006844681732633666,0.009030677281422886,0.17074993096336727,-0.004181017320285708,0.2818147511463526,0.009931171109420898,-0.0040857285923279535,0.7614123020975019,3.435790245906781,1.2591902489112639,53.56004594397498,53.55939379583277,53.56102916672307,53.561300159953454
1385.0,46.368,-0.17522697453533165,-0.5714879721984307,0.8415855991244542,0.27385232424784506,0.057675468787641224,0.12784279913708896,-0.000722692061486279,0.008919797884205936,0.17061781650294447,-0.004130847483680756,0.28440508805312953,0.010166073123263134,-0.004046288184186164,0.7570136164170235,3.4270406535207916,1.2504269745353318,53.507841274471296,53.507231399447825,53.5088214392535,53.509093077078994
1386.0,46.4,-0.16638238283351967,-0.5696214666662155,0.8450126655208758,0.27639349068165486,0.05832829788173251,0.10709582488818842,-0.0007498666458861532,0.008805496663008616,0.17048713164677876,-0.004086370199692624,0.2869580610314583,0.010411541029329896,-0.004012494961531587,0.7522835793915954,3.418181499314559,1.2415823828335197,53.463389434533354,53.46282488187052,53.46435898226234,53.464628033972545
1387.0,46.432,-0.15745770432251605,-0.5677340466981592,0.8477602590241935,0.2788962034688319,0.05898187400175287,0.08586229697866721,-0.0007662710206709388,0.008687962497644964,0.17035769431862335,-0.004047544970758724,0.28947355037073935,0.010664448162645418,-0.00398422806289897,0.747241885253445,3.4092110395498123,1.2326577043225162,53.426883162078745,53.426366472833884,53.42783493699019,53.4280983586036
1388.0,46.464,-0.14845415504701914,-0.5658257863523198,0.849815603504425,0.2813609148593092,0.05963313580748632,0.06422951500724083,-0.0007722593498830972,0.008567405120673801,0.1702293249166903,-0.0040142914769817194,0.29195148340458027,0.010921773497543363,-0.0039613310429210515,0.7419094800849706,3.4001279862941685,1.2236541550470192,53.39848288332573,53.39801609374008,53.399410173064894,53.39966512091429
1389.0,46.496,-0.13937293576537604,-0.563896853571985,0.8511687668923476,0.2837881025513151,0.06027914938545548,0.04228635587257569,-0.0007682546537425104,0.008444052432068827,0.17010184753830027,-0.003986491967241823,0.29439183491365717,0.011180616694369774,-0.003943614676281021,0.7363084765835743,3.390931550816541,1.2145729357653763,53.378316150553616,53.37790079912453,53.37921272117457,53.37945656343982
1390.0,46.528,-0.13021523121053064,-0.5619475056706809,0.8518127013116805,0.2861782673389505,0.06091712191576259,0.020122950604157527,-0.0007547423980248637,0.008318147824230536,0.16997509112533393,-0.003963993780157828,0.29679462702202924,0.01143821133494146,-0.003930859838627371,0.7304620656727496,3.381621479309301,1.2054152312105308,53.36647719319653,53.36611433118894,53.367337319062585,53.367567645304064
1391.0,46.56,-0.12098220943137714,-0.5599780844370438,0.8517432728115563,0.28853193059851456,0.06154441355115189,-0.0021696406288828143,-0.0007322639383819442,0.008189947533798998,0.16984889052619254,-0.003946611970464187,0.29915992864112295,0.011691936457322277,-0.003922820440086944,0.7243944252635662,3.372198080322243,1.1961822094313772,53.36302658173901,53.3627167869208,53.36384507039499,53.3640596990917
1392.0,46.592,-0.11167502121845387,-0.557989010912963,0.850959280654805,0.2908496316538842,0.062158547627529696,-0.024499754898480504,-0.0007014098684812145,0.008059718035588071,0.16972308747075024,-0.003934132018189851,0.30148785452055094,0.011939326502373414,-0.003919226389250391,0.7181306264521087,3.36266224340995,1.186875021218454,53.36799100391161,53.367734397237186,53.36876321596539,53.368960200124064
1393.0,46.624,-0.10229479961684902,-0.5559807798946668,0.8494624661299783,0.29313192505011854,0.06275721932175174,-0.046775453900827255,-0.0006628133179285624,0.007927733492480653,0.16959753145551673,-0.0039263125999043965,0.30377856395332653,0.01217807978283584,-0.003919786567678924,0.7116965374201818,3.353015448617828,1.1774947996168492,53.38136315267746,53.38115941769501,53.38208501680422,53.382262647657775
1394.0,46.656,-0.09284265952823029,-0.5539539542028484,0.8472575108664664,0.295379377769368,0.06333830286932994,-0.06890485198475581,-0.0006171432431639803,0.00779427327415323,0.16947208053691634,-0.003922888403144028,0.30603225918689175,0.012406065581583213,-0.0039241917970410205,0.7051187252893123,3.343259766561639,1.1680426595282305,53.403101725584754,53.40295013028656,53.403769748732124,53.40392655760589
1395.0,46.688,-0.0833196974030537,-0.5519091587645797,0.8443520246429669,0.29759256641173504,0.06389985744589106,-0.09079644448434951,-0.0005650977519037026,0.007659619556197311,0.1693466020312474,-0.003923572966749946,0.30824918357872133,0.012621329978753842,-0.003932117782926726,0.6984243561621867,3.3333978489895144,1.1585196974030538,53.43313153510443,53.43303095599199,53.43374280804786,53.433877566425004
1396.0,46.72,-0.07372699102325446,-0.5498470745466961,0.8407565226904062,0.29977207436875924,0.06444013180886847,-0.11235943601753245,-0.0005073974992791133,0.007524055010407097,0.16922097312049217,-0.003928061531465559,0.310429619538686,0.012822100499229647,-0.003943228021156297,0.6916410935715717,3.3234329098528432,1.1489269910232547,53.47134372967859,53.47129267776,53.4718959280385,53.472007645915845
1397.0,46.752,-0.064065599375067,-0.5477684323776174,0.8364843925016586,0.30191848900582413,0.06495756778370257,-0.133504068398348,-0.0004447791915711375,0.007387860595860341,0.16909508136372273,-0.003936033886497599,0.31257388628732996,0.013006789661677516,-0.003957176653996275,0.684796995544938,3.3133686970516516,1.139265599375067,53.51759612526384,53.517592773756355,53.518087506166545,53.51817542874404
1398.0,46.784,-0.05433656261106027,-0.5456740066922026,0.8315518501725156,0.30403239887524397,0.06545080266922117,-0.15414194778573495,-0.0003779892313658944,0.007251313459772936,0.16896882511438058,-0.003947157198995644,0.31468233746281254,0.013173997499852833,-0.003973611265099014,0.6779204104836348,3.303209455159804,1.1295365626110605,53.57171364725277,53.57175586070908,53.57214304177594,53.572206644584035
1399.0,46.816,-0.044540902099996504,-0.5435646092322571,0.8259778863117724,0.3061143909707084,0.06591867062328724,-0.1741863706482077,-0.0003077775360599606,0.007114684956094127,0.16884211384420766,-0.003961088814449978,0.3167553585964086,0.013322513115216088,-0.003992175603193771,0.6710398720490057,3.292959879573942,1.1197409020999967,53.63348888269423,53.633574247328816,53.63385568430824,53.63389466682863
1400.0,46.848,-0.0346796205627215,-0.5414410827337075,0.8197842015734462,0.30816504803987776,0.06636020307968334,-0.19355264807271366,-0.0002348915598744776,0.006978238789270422,0.1687148683750727,-0.0039774790169155375,0.31879336448070805,0.013451315308788868,-0.004012512225565706,0.6641839932442722,3.2826250626659528,1.1098796205627217,53.70268274279137,53.7028085977291,53.702986891964784,53.703001169861636
1401.0,46.88,-0.024753702291958175,-0.5393042946302226,0.8129951318814131,0.3101849459613193,0.06677462823389702,-0.21215842787600997,-0.00016007054790743863,0.006842229289675635,0.16858702102037615,-0.003995973738608228,0.3207967964424025,0.01355957232871749,-0.0040342650531876734,0.6573813598807667,3.2722104326502963,1.0999537022919583,53.77902523564177,53.779188704870876,53.77926720085004,53.77925689687926
1402.0,46.912,-0.014764113453595743,-0.5371551308021713,0.8056375634365133,0.3121746511988604,0.06716136962661064,-0.22992401390314643,-8.404004919442005e-05,0.006706899826728227,0.16845851563812475,-0.004016217209059091,0.32276611953682444,0.013646640759992154,-0.004057081830002696,0.6506604236199305,3.2617216860028,1.089964113453596,53.862216349170616,53.86241437392862,53.86239710450348,53.86236253822924
1403.0,46.944,-0.004711802466829703,-0.5349944893992256,0.7977408376187357,0.3141347183364036,0.06752004384204544,-0.24677268180552117,-7.5067142643738385e-06,0.006572481364818939,0.16832930759815865,-0.004037854534284737,0.3247018196700377,0.013712063572827941,-0.004080616479336807,0.6440493947888022,3.251164714384786,1.07991180246683,53.95192704411448,53.95215641549604,53.952048043746736,53.951989720145384
1404.0,46.976,0.0054022995396958325,-0.5328232747646009,0.7893366459227289,0.31606568770395777,0.06785045733202819,-0.26263099050024186,6.884659880083271e-05,0.0064391911667022305,0.16819936366637736,-0.004060534196815592,0.326604400660835,0.013755567338578578,-0.004104531350741253,0.6375761351760207,3.2405455271335555,1.0697977004603043,54.04780035680024,54.04805774832498,54.04786350654895,54.0477821036399
1405.0,47.008,0.01557727819877508,-0.5306423914888253,0.780458915093785,0.3179680830961909,0.0681526023679796,-0.2774290884044671,0.00014436538728761843,0.00630723164809578,0.16806866180916352,-0.0040839104674333234,0.3225045893874093,0.013526670222308773,-0.0041284993507685825,0.6314769636569934,3.2298701704753667,1.059622721801225,54.54963402384187,53.78708855801404,53.81880912612788,54.581532947489045
1406.0,47.04,0.02581231532484099,-0.5284527269212002,0.7711565009081063,0.31984491018959493,0.06842701773829345,-0.2907004433024906,0.00047038914246168794,0.00017873507705837735,0.1679334249920629,-0.004167280315205771,0.31700735582082024,0.013222740910157536,-0.004146932953854253,0.6258375984971742,3.219144923638924,1.049387684675159,54.49085203482944,54.167949140204904,54.18088295560779,54.50370446078693
1407.0,47.072,0.03604981792808715,-0.5262672600731915,0.7614831038531596,0.3199219563514066,0.06829583900026386,-0.3022936579670484,0.0008984493818597781,-0.008495467008213724,0.1677941556913539,-0.004166642167028149,0.31164088218662434,0.012908033069788993,-0.00415909164715244,0.6206197070822569,3.208433846428069,1.039150182071913,54.447346045285805,54.51993580153108,54.51603986923012,54.44341991090534
1408.0,47.104,0.046207311329667815,-0.5241042088666996,0.7514902910688387,0.31742166879943085,0.06759535020287777,-0.3122753995100644,0.0012958836573860693,-0.01659564259354873,0.16765203282505664,-0.004163296144194497,0.3059520379834652,0.01256310321126234,-0.004164670880446175,0.6157678565996225,3.1978259274253236,1.0289926886703324,54.53785017474121,54.70711670201935,54.69911116303429,54.52985013470115
1409.0,47.136,0.05620697313877772,-0.5219807169669294,0.741225987070495,0.31248943153464953,0.06635912186781244,-0.32075949994820346,0.001630118678836539,-0.023354244867508093,0.16750876140769436,-0.004167363291351765,0.2998391608309846,0.012183237718609526,-0.004164186590496787,0.6112299978101688,3.1874048636061283,1.0189930268612224,54.651483852851946,54.85057638238755,54.84138018391295,54.64227494757392
1410.0,47.168,0.06598316956300229,-0.5199112484803325,0.7307347158339458,0.30550613825705153,0.06467089020615828,-0.3278522261422001,0.0018913730230338986,-0.02853110410108322,0.16736615352162615,-0.0041701565151888624,0.2933120716990678,0.011768417998032597,-0.004158547414810753,0.6069623409989432,3.1772413625036675,1.009216830436998,54.76827616381324,54.97418337697337,54.96483524644589,54.75888159688425
1411.0,47.2,0.07548500507353707,-0.5179070538013015,0.7200582816011567,0.2969323597041787,0.06263108371971214,-0.33363856977462136,0.0020780270604321147,-0.03206835512520705,0.16722567218912332,-0.004168637819187259,0.28644504338743687,0.011321461132962,-0.004148474667273394,0.602930771313981,3.1673905478440347,0.9997149949264631,54.884315317076194,55.08480547842577,55.07587035223248,54.875299538275236
1412.0,47.232,0.08467710940707036,-0.5159760167850984,0.7092364648359698,0.28725326042294697,0.06034490675635411,-0.3381817739121278,0.002192983266982853,-0.034005687427174754,0.1670882705533603,-0.0041621634332930065,0.27936345580150473,0.010847459076312425,-0.00413429854471129,0.5991110169275735,3.157891162640358,0.9905228905929298,54.998561215203615,55.18624151278028,55.178065283996425,54.990273526865444
1413.0,47.264,0.09353945586997492,-0.514122712426908,0.6983076318169591,0.27694832696573635,0.0579157611934442,-0.3415260318440464,0.0022419721770942044,-0.034442233279647426,0.16695439591376296,-0.004150871546398824,0.27223629676334316,0.010353377495831498,-0.004115963159608649,0.5954881266061902,3.1487657570612733,0.9816605441300252,55.1105313358349,55.28151958513842,55.27428846228616,55.10316057943549
1414.0,47.296,0.10206657374805707,-0.5123485963004648,0.6873092202287253,0.2664724336900965,0.05544112895135553,-0.3437003621323435,0.002232286774108651,-0.03350873640632897,0.16682408872662172,-0.004135000801865902,0.26526898436285906,0.009847616171730883,-0.00409314962473884,0.5920555101315264,3.1400214915774294,0.9731334262519431,55.21997419162418,55.37312096198858,55.36689808710042,55.213583912027495
1415.0,47.328,0.11026642540247406,-0.5106522669518383,0.6762780944455753,0.25624536420050215,0.0530102921445726,-0.34472268072339957,0.0021717860578476613,-0.03134573810721618,0.166697116668713,-0.0041146272616360245,0.2586958853539348,0.009339539050719922,-0.004065438871605642,0.5888137521335783,3.1316512812521293,0.964933574597526,55.326840573509664,55.4629494904705,55.45771160568942,55.321405935168464
1416.0,47.36,0.11815916358035622,-0.5090297545916628,0.6652507826882618,0.2466480680588448,0.050703511255490614,-0.34460349241608573,0.0020681839602207995,-0.028087879219433936,0.1665731002821549,-0.004089629094861729,0.25277290308986855,0.008839017039136345,-0.004032457943340911,0.5857693990861933,3.12363506355054,0.9570408364196439,55.431269081117065,55.55234962331724,55.54802135902848,55.426712132222235
1417.0,47.392,0.12577592634868784,-0.5074748022455784,0.6542636181574728,0.23802383651033648,0.04859226081513149,-0.3433488915871166,0.001928614311486587,-0.023854122615374514,0.16645160756180047,-0.0040597663219837455,0.24726542720925623,0.008338984455898459,-0.003993981567434584,0.5829629283505988,3.1159410311321283,0.9494240736513123,55.569579303383605,55.613659660980105,55.61231823327874,55.567974736664056
1418.0,47.424,0.13315772901655865,-0.5059791283354199,0.6433545621276995,0.23068133337098812,0.046739809692457626,-0.34090800093045387,0.001777032593730868,-0.019263711848311504,0.16633131770908774,-0.004023976277644647,0.23980597140010765,0.007765661703111874,-0.003948730076196766,0.5805954482018907,3.108526749799556,0.9420422709834415,55.8755789797849,55.55939234195747,55.56986173277148,55.88574738579312
1419.0,47.456,0.14034924214693548,-0.504533734281513,0.6325727513371235,0.2247347853242508,0.045168564184584564,-0.33693158720546046,0.0017090252179367312,-0.017228825586864633,0.16620713904939383,-0.003990772812294105,0.23374987771666172,0.0072372060072922045,-0.003890211927330361,0.5786778293727526,3.1013453397795727,0.9348507578530647,55.84687780443926,55.86046645136672,55.85946852680016,55.84547763633283
1420.0,47.488,0.1473699650223583,-0.5031347051881626,0.6219661616250404,0.21939758985698743,0.043719659167205896,-0.33145592850263556,0.0016312149519966499,-0.015082176535279069,0.1660847689520136,-0.003935599684760098,0.22830663009845517,0.006726510017071925,-0.0038266389175484576,0.577218131210772,3.0943749098243267,0.9278300349776418,55.97623902006772,55.98797147521326,55.987086193664055,55.974917895449664
1421.0,47.52,0.15424071148604007,-0.5017778015887925,0.6115822264790624,0.2147108269900313,0.0424032374803118,-0.32449797331177677,0.001544359972393655,-0.012838450655427446,0.16596429829922069,-0.003875668679550419,0.2235177486727329,0.0062369765942476285,-0.0037584297764188873,0.5762227392556527,3.087591570448971,0.9209592885139601,56.10369716664802,56.1123439793442,56.111616568996894,56.10250080068819
1422.0,47.552,0.1609834775879676,-0.5004584882117616,0.601467538886511,0.21071144068525863,0.041228543032218276,-0.31608398726726283,0.0014495942806595661,-0.010522418298781719,0.1658458043968035,-0.0038110254368156895,0.2194205820155966,0.005771825040311297,-0.0036860373347097184,0.5756961805014675,3.0809696138233575,0.9142165224120326,56.22808478847435,56.23369865716154,56.233130702499366,56.22701688140374
1423.0,47.584,0.16762120034189837,-0.49917198523219203,0.5916676332738993,0.20742883606031315,0.040203218111545966,-0.30624705039408423,0.0013480799257173618,-0.008158543138006444,0.16572936363279756,-0.0037419477835680588,0.21604488599160857,0.005333954511590307,-0.0036099611840798625,0.5756410644528887,3.0744818155674225,0.9075787996581017,56.34884927790081,56.35151289340314,56.3511039760958,56.347912414195505
1424.0,47.616,0.1741775128692035,-0.4979133206238394,0.5822267713284585,0.20488476647830772,0.03933326901102342,-0.2950269357950576,0.0012409941868263986,-0.005770734005238349,0.1656150490817342,-0.003668839768324022,0.21341270930656547,0.004925923834849064,-0.0035307389081399797,0.5760580362994652,3.068099750642373,0.9010224871307967,56.465453538162855,56.46527287113603,56.46502094623202,56.46464920981811
1425.0,47.648,0.18067649870584923,-0.49667738302258435,0.5731877331391868,0.20309330739515657,0.03862305003921649,-0.28246994341470755,0.0011295182082482406,-0.003382147540020889,0.16550292912072598,-0.003592183624941831,0.21153836640385512,0.0045499349981228815,-0.003448938462680545,0.5769457426128217,3.061794119181147,0.8945235012941509,56.577376464129195,56.57447881245567,56.57438035901918,56.57670503004365
1426.0,47.68,0.1871424476993462,-0.4954589745801066,0.5645916149683736,0.20206090604680282,0.038075263827433106,-0.26862869283794155,0.0010148259347230743,-0.0010150040194672502,0.16539306641922333,-0.0035125136234260817,0.21042848673313688,0.004207820327632408,-0.0033651508912074576,0.5783008097590765,3.055535078296225,0.888057552300654,56.68411568105488,56.678647636563966,56.678697780420904,56.68357637398293
1427.0,47.712,0.1935996159326553,-0.49425286328111345,0.5564776348635385,0.20178650729088615,0.037690978093532446,-0.2535618782760687,0.0008980734479586883,0.0013095822499616212,0.1652855169897167,-0.0034304000801751258,0.21008214070948233,0.0039010336247807392,-0.0032799830169149722,0.5801178350650733,3.049292575771466,0.8816003840673449,56.78519018716151,56.77731550582103,56.777508134558026,56.78478114764547
1428.0,47.744,0.20007199208766194,-0.49305383419945265,0.5488829472125295,0.20226175484398004,0.03746965880190436,-0.2373339890940578,0.0007803888011960068,0.0035717566138027137,0.16518032917916514,-0.003346437984513956,0.21049104160325613,0.003630645440351195,-0.0031940500196905863,0.5823893906334339,3.043036681489693,0.8751280079123382,56.880142868112145,56.87004025809628,56.870368136861316,56.87986119501788
1429.0,47.776,0.20658307259914432,-0.4918567391782155,0.5418424672345459,0.2034712659838018,0.03740921941365707,-0.22001499931196372,0.0006628624425704078,0.005753060643349501,0.16507754257667975,-0.0032612376656568597,0.21163982142328183,0.003397342584593843,-0.0031079679374521217,0.5851060395718262,3.0367379124707603,0.8686169274008558,56.96854286548179,56.95640371349369,56.95685860480767,56.96838467788296
1430.0,47.808,0.21315564785090252,-0.4906565444366603,0.5353887062903286,0.2053929766174662,0.03750608567360394,-0.2016800295068108,0.0005465383115984064,0.007836550624365144,0.1649771868606092,-0.003175416353580732,0.21350637768051237,0.0032014319005337147,-0.003022346193324743,0.5882563642880664,3.030367547493506,0.8620443521490977,57.04998778513512,57.03601384411062,57.036586632313025,57.04994829269649
1431.0,47.84,0.21981160152966958,-0.48944837563239324,0.5295516187885393,0.20799855246144744,0.03775527513334113,-0.18240898443089681,0.00043240568600638073,0.009806897200716971,0.1648792806311961,-0.003089590173081314,0.21606228675699654,0.0030428482574716975,-0.002937780277012119,0.5918270064071325,3.023897927444878,0.8553883984703305,57.12410573438913,57.10850679691087,57.109187616609404,57.124179314503394
1432.0,47.872,0.22657172508137247,-0.4882275599404389,0.5243584613647437,0.21125386099073842,0.0381504903735765,-0.16228616949362906,0.0003213918479156779,0.011650465641800422,0.16478383028473514,-0.003004366436465076,0.21927327850957076,0.002921166651304659,-0.0028548447162814847,0.595802717789088,3.017302737774506,0.8486282749186277,57.190557179459105,57.17354876134338,57.17432712863899,57.190737459873986
1433.0,47.904,0.2334555490109967,-0.4869896647511259,0.5198336649161658,0.21511949780073286,0.03868422466602861,-0.14139988901804512,0.0002143556289596184,0.01335537643831194,0.16469082898724616,-0.0029203362514075943,0.2230997657171297,0.0028356182279716743,-0.002774086470786219,0.6001664220688658,3.01055726972572,0.8417444509890035,57.24903661689161,57.23083767500945,57.2317026199967,57.249316562756384
1434.0,47.936,0.2404811925353438,-0.48573053263542026,0.5159987199905455,0.21955136013587165,0.039347878615804584,-0.11984202892564787,0.00011208188321556183,0.014911546170177278,0.16460025580287108,-0.0028380675262082477,0.22749742108450177,0.002785109977887501,-0.0026960188695920595,0.6048992860984456,3.0036386573561185,0.8347188074646563,57.29927405471101,57.28010476213196,57.28104496107725,57.29964605902985
1435.0,47.968,0.2476652328417243,-0.4844463122786137,0.5128720759514586,0.22450125957436484,0.04013188615020135,-0.09770762622145507,1.5276924990789717e-05,0.016310708828176045,0.16451207502609208,-0.002758098476905585,0.23241779374581775,0.0027682477842423114,-0.0026211161981568253,0.6099808006480635,2.9965260877434576,0.8275347671582759,57.34103630063727,57.32111590094242,57.322119806541934,57.3414922771218
1436.0,48.0,0.2550225949300869,-0.48313348514011345,0.510469054275106,0.22991756526135662,0.04102584807813663,-0.07509442738602498,-7.543504430739243e-05,0.017546418003691968,0.164426235758417,-0.002680931741476637,0.23780895660847876,0.0027833624490256337,-0.0025498090216504064,0.6153888697130502,2.9892009821869605,0.8201774050699133,57.37412805619621,57.35367281715004,57.35472878533089,57.37465953349775
1437.0,48.032000000000004,0.26256646272670725,-0.4817888876573952,0.5088017762740897,0.23574586864435995,0.04201867133494083,-0.05210243753175331,-0.00015951450949856127,0.018614030584097736,0.16434267176012463,-0.002607029195122293,0.2436161754365854,0.002828538269132687,-0.002482480310562274,0.6210999077743847,2.981647146651144,0.8126335372732929,57.39839281660729,57.37761410156144,57.37871051339199,57.39899103289961
1438.0,48.064,0.27030821186010606,-0.4804097288747699,0.507879105490772,0.2419296604187395,0.04309871195704504,-0.028833461978683122,-0.00023650821830460906,0.019510672801522164,0.1642613015966429,-0.0025368075432315625,0.2497825903236811,0.0029016436931700376,-0.0024194624125363326,0.6270889443707363,2.9738508901506364,0.804891788139894,57.41371357725588,57.392816050523585,57.39394142793315,57.41436957414266
1439.0,48.096000000000004,0.2782573641902488,-0.478993603441262,0.5077066049548438,0.2484110103169335,0.0442539197971165,-0.005390641747755977,-0.0003060497784056777,0.020235189675764147,0.1641820290876986,-0.0024706347478737883,0.2562499001288604,0.003000363558682252,-0.0023610348921550613,0.6333297353548064,2.965801110232178,0.7969426358097513,57.42001334810986,57.399193328345376,57.400336442509555,57.420718062851165
1440.0,48.128,0.2864215638861768,-0.477538499985348,0.5082865094548139,0.255131240497777,0.04547198299731882,0.018122015624068896,-0.0003678593054069472,0.020788079065582814,0.16410474405606643,-0.0024088273216880734,0.2629590405720511,0.003122232390756839,-0.0023074232387835236,0.6397948802238945,2.9574893451669126,0.7887784361138234,57.41725547792348,57.39669945110828,57.397849422529056,57.41799983301264
1441.0,48.160000000000004,0.294806574560743,-0.47604280493634704,0.5096177129293022,0.26203158358016465,0.04674047028127394,0.041600108577755986,-0.00042174216497750915,0.02117141169302628,0.16402932336202775,-0.002351648500556832,0.26985084697248507,0.003264668236469939,-0.002258798422277103,0.6464559449311309,2.9489097929156642,0.7803934254392572,57.405443790252015,57.38532709147872,57.38647348097084,57.40621877943101
1442.0,48.192,0.30341629669945747,-0.47450530192171664,0.5116957710393311,0.26905381683485685,0.04804696920720541,0.06493931593840756,-0.00046758686405693183,0.021388738631557415,0.1639556321999451,-0.0022993072852583404,0.27686669308507006,0.0034250065158509257,-0.0022152772579650645,0.6532835895972267,2.9400592973663793,0.7717837033005427,57.38462253351899,57.36510820421675,57.36624109419925,57.38541930339231
1443.0,48.224000000000004,0.3122528043685113,-0.4729251669252988,0.5145129189354799,0.2761408646579023,0.049379218638052225,0.08803587175464145,-0.0005053621562416808,0.02144498784813463,0.16388352562499692,-0.0022519583224179162,0.28394909810133956,0.003600533387956552,-0.002176923526309321,0.6602477005509733,2.930937302761321,0.7629471956314888,57.35487614738364,57.336113972191264,57.33722403786924,57.35568607387717
1444.0,48.256,0.32131639995920797,-0.4713019594427132,0.5180581041823068,0.2832373622093011,0.05072523383080552,0.11078703896335278,-0.0005351134350449454,0.02134635146198488,0.16381285027137563,-0.002209702577469034,0.29104229464481624,0.003788518159718743,-0.0021437497793814816,0.6673175261287906,2.921545777627435,0.7538836000407922,57.31632884781219,57.29845457282079,57.2995331430228,57.317143606821844
1445.0,48.288000000000004,0.33060568552597686,-0.46963560991574627,0.5223170347457136,0.2902901739614953,0.05207342271771061,0.13309158010644634,-0.0005569584954798337,0.021100165427407943,0.1637434462182783,-0.002172588737521675,0.2980927514556281,0.003986244303742378,-0.0021157197559931503,0.6744618156585822,2.9118891098928503,0.7445943144740232,57.26914403329187,57.25227876508301,57.25331787269035,57.26995566497309
1446.0,48.32,0.3401176491058398,-0.46792640376704,0.5272722418862557,0.29724886187074984,0.05341269214707739,0.1548502231419575,-0.000571082749288918,0.02071478336566018,0.1636751489569044,-0.002140615269981577,0.3050496454323168,0.004191038698003899,-0.00209275132005427,0.6816489610411107,2.9019739752123375,0.7350823508941604,57.21352351490721,57.19777329754611,57.198765719606754,57.214324481168134
1447.0,48.352000000000004,0.3498477642708133,-0.4661749623891024,0.5329031577325558,0.30406609890538844,0.05473254306054357,0.17596612019686017,-0.0005777339820906368,0.02019944626176653,0.16360779141040624,-0.0021137330539299794,0.3118652787251137,0.004400298752978961,-0.002074719832477023,0.6888471403234311,2.8918091808318276,0.7253522357291868,57.14970657322359,57.13516213835731,57.13610142611834,57.150489808098804
1448.0,48.384,0.3597901010626261,-0.46438222146726327,0.5391862072342368,0.3106980247441835,0.056023153807478666,0.19634529692755334,-0.000577216741816898,0.01956414970818536,0.16354120595922159,-0.0020918484954877284,0.3184954376601456,0.004611517148995881,-0.0020614618655291073,0.696024462634993,2.881405487594244,0.7154098989373741,57.077968845457626,57.06470552874375,57.06558602795871,57.07872779815275
1449.0,48.416000000000004,0.36993744639184517,-0.4625494070344874,0.5460949141138813,0.31710454153806045,0.057275451024240046,0.2158970899888668,-0.0005698864471722468,0.018819510319557472,0.16347522642630744,-0.002074827035580682,0.3248996913603061,0.0048223039658472355,-0.0020527791697373342,0.7031491138291354,2.870775412923598,0.7052625536081549,56.99862104691746,56.986698862391,56.98751572436226,56.99934971742535
1450.0,48.448,0.38028143195078423,-0.46067800966690087,0.5536000203535882,0.3232495487168813,0.05848116773708499,0.2345345699908666,-0.0005561433026471768,0.017976632864354698,0.16340968998026817,-0.0020624969585896274,0.3310416290237111,0.0050304060468103,-0.0020484428069148406,0.7101895021431367,2.859933017819513,0.6949185680492159,56.91200753152703,56.901471394018664,56.902220577919316,56.912700498820975
1451.0,48.480000000000004,0.3908126676903902,-0.4587697572326182,0.5616696186652382,0.3291011168626494,0.05963288857132659,0.2521749472390341,-0.0005364261030421504,0.01704697956181216,0.16334443891899084,-0.0020546534127405722,0.33688903586711205,0.005233723497969918,-0.002048197368280285,0.7171144031605107,2.8488936810483163,0.6843873323096099,56.81850469703285,56.80938478158869,56.810063048673825,56.819157139940145
1452.0,48.512,0.40152087894395316,-0.45682658660326675,0.5702692973063521,0.33463160167387973,0.060724082167239624,0.2687399575348385,-0.000511206005746098,0.016042242879658834,0.16327932230188566,-0.002051062557804157,0.3320504632433617,0.005265968431957674,-0.0020517652035416333,0.7235560467836256,2.837673863827936,0.673679121056047,57.31406232704463,55.98210775377505,56.00371412209086,57.33567150594339
1453.0,48.544000000000004,0.4123947401429824,-0.4548506750510181,0.5793429152213092,0.33980816246962514,0.06174723600776286,0.28355055984237726,-0.0003079336836358931,0.004086207460652355,0.16321630719726185,-0.0021221851276258434,0.32717512749664224,0.0052875851605017135,-0.002061799155814769,0.7294840477742789,2.826291874776678,0.6628052598570178,56.60460387079136,56.384974900373955,56.38980823379003,56.609195660320175
1454.0,48.576,0.42331024891998376,-0.45286464075641686,0.5888303527391603,0.3411096492813304,0.06206357170629614,0.296482422432879,-6.585096647419912e-05,-0.009669411298699202,0.16315196125933318,-0.0020911896446650035,0.32184436855735826,0.005294021356554518,-0.002072377324380775,0.7349732612630283,2.814880241256726,0.6518897510800163,56.24908107848395,56.447711746594784,56.44560940869041,56.24690349129843
1455.0,48.608000000000004,0.43412638391618447,-0.45089427056307707,0.5986758056586196,0.33800421863123437,0.061574068541861475,0.30767040373306753,0.00015888841563861168,-0.021800611463368577,0.16308477179461192,-0.002081814015919764,0.31563879053804456,0.0052789362160877845,-0.00208003572882674,0.7401076287762828,2.803588216316974,0.6410736160838157,56.05970649369608,56.36746495790658,56.36321722034103,56.05545164298216
1456.0,48.64,0.4447200779141741,-0.44896216941420686,0.6088272332369252,0.33105293743721304,0.060378160902200814,0.31723211182208716,0.00034909737937249965,-0.03142142279684204,0.16301561497137074,-0.0020840468596008983,0.3085287008318039,0.005241090547935423,-0.0020847395031622193,0.7449575866213989,2.792546249889144,0.630479922085826,55.926660549507446,56.254214978788795,56.2492954389045,55.92174378019739
1457.0,48.672000000000004,0.45499479674270704,-0.4470861787494684,0.6192365782062468,0.32108496339161796,0.05862470827307096,0.3252920302912622,0.0004993682429181379,-0.03837624856066305,0.1629457939848188,-0.0020883878473033474,0.30059578677584087,0.0051808945987337485,-0.002087233405435118,0.7495765918142935,2.7818572343025387,0.6202052032572931,55.821482489850595,56.1325408102671,56.12760731304695,55.81654437486297
1458.0,48.704,0.4648816611709759,-0.4452791484041538,0.629859706413427,0.3089645133834359,0.05646969829108739,0.33197275647441954,0.0006095632349305106,-0.04280442016611059,0.16287635284684482,-0.0020915258523571,0.29197943835688267,0.005099869223663907,-0.002088113506590189,0.7540016974518264,2.7715953458095313,0.6103183388290243,55.73238040070767,56.009665439608185,56.005078030855245,55.72777934257165
1459.0,48.736000000000004,0.4743376598939088,-0.44354924135210516,0.6406560106351729,0.2954999600916201,0.05405959537651327,0.3373845069295192,0.0006824635906242816,-0.04498447790904678,0.16280790955819036,-0.0020927825950549797,0.2828647295017968,0.005000546922625193,-0.002087597293185489,0.7582552665499899,2.761807861104528,0.6008623401060913,55.6518669258263,55.888707436096325,55.884649437965635,55.64778818648814
1460.0,48.768,0.483342554616936,-0.44190048179991875,0.6515877779709064,0.28140296009463034,0.051523736005830906,0.3416177292417105,0.0007223525586035255,-0.04524774197394014,0.16274070237947055,-0.002092308022206321,0.2734760007529717,0.004886367223793389,-0.0020855760059967088,0.7623471751460136,2.75251831334255,0.5918574453830642,55.57454965806037,55.77123636659653,55.76776450142179,55.57105086482078
1461.0,48.800000000000004,0.49189534008976804,-0.44033338958285295,0.6626194507292923,0.2672745460259719,0.04897163178330083,0.34473977369952086,0.0007339808709241587,-0.04392191680426558,0.16267471234503644,-0.0020903086380645313,0.2640690680839076,0.00476150954838362,-0.0020817650822836597,0.7662772541655267,2.7437301025029455,0.5833046599102321,55.49674682316171,55.65783236913243,55.65491739448381,55.49379767428997
1462.0,48.832,0.500010805783935,-0.43884560047868326,0.6737169021827486,0.2536083029427446,0.046493409505307934,0.34679535792054783,0.0007218566757645645,-0.04129681570163478,0.16260978665517548,-0.002086801894217257,0.2549217319239065,0.004630687567317493,-0.0020758526649747254,0.7700377608204875,2.735429999144138,0.5751891942160652,55.41627568294739,55.54836602914644,55.545929918706584,55.413795775590565
1463.0,48.864000000000004,0.5077165217207968,-0.43743241258506965,0.6848468126490277,0.24080362302690642,0.04416212167542037,0.34780970207118267,0.0006898415845597261,-0.037608061171792044,0.16254572850492757,-0.0020816282340771547,0.24632404140887146,0.004498941681216513,-0.002067601791216617,0.7736156655690153,2.7275912119831625,0.5674834782792033,55.332143662750035,55.442281547970204,55.440227474643656,55.33003348365204
1464.0,48.896,0.5150503942186738,-0.4360872311734079,0.6959761863187216,0.22918351555868088,0.042036919114433795,0.347792927177973,0.0006409965542242849,-0.03303386517852324,0.16248234712653578,-0.002074555004471201,0.23657396396435812,0.0043348858569006166,-0.0020568998161687277,0.7768731117362981,2.720175872146683,0.5601496057813263,55.34915216725857,55.188793290328185,55.19169913600468,55.35198739218186
1465.0,48.928000000000004,0.5220590488430804,-0.43480186395527626,0.7070647054516314,0.21902045701268127,0.04016772556660991,0.3465162229033911,0.0006151860145874584,-0.029745553208997404,0.16241826600513284,-0.0020660934301997115,0.22637266012166796,0.004151422039467695,-0.002042075792433012,0.7796856226971426,2.713136604289337,0.5531409511569197,55.21872708172788,55.05049543842249,55.05358026724518,55.22171583999949
1466.0,48.96,0.5287763278060269,-0.43357045192767635,0.718064847645671,0.20991496759210104,0.038481625862501416,0.3437544435637774,0.0006136899880273612,-0.027802892668313154,0.16235369435263203,-0.002054330817241997,0.21722993956890446,0.003976371482483518,-0.0020235572597644136,0.7820451251992779,2.706438233646628,0.5464236721939733,54.990686284910645,55.01581933558858,55.01534812093062,54.990091976022775
1467.0,48.992000000000004,0.53522262867258,-0.43238958968127117,0.7289291136903167,0.20144690207976082,0.03690194520015771,0.339508313895138,0.0006078927419309996,-0.02565913497845359,0.16228977374674639,-0.0020377245006036613,0.20872488777538226,0.003802017985194271,-0.00200294491786539,0.7839445498884126,2.7000584452170715,0.5399773713274202,54.86059562359033,54.88288794982327,54.88244188689815,54.86001044233424
1468.0,49.024,0.5414200982004871,-0.4312555458830157,0.7396107414169195,0.19367092274711875,0.035438868695487985,0.33380086645637613,0.0005979400283383407,-0.023337317065174053,0.16222654691045868,-0.0020189924301342583,0.20091223591313934,0.003629696540803168,-0.001980326744752636,0.7853786341980209,2.693972372429452,0.5337799017995131,54.733052634218176,54.7517482487764,54.75134311161141,54.732492834311664
1469.0,49.056000000000004,0.5473923824124334,-0.43016430664858407,0.7500638534224205,0.1866338816233006,0.0341012260759839,0.32665975017187066,0.0005841049904678609,-0.02086636895213826,0.16216404943803164,-0.0019982072411128837,0.19383889841843555,0.003460680349496679,-0.0019558052158245797,0.786343896535053,2.688152894645125,0.5278076175875668,54.60821086452335,54.62331107232912,54.62294927082761,54.60767945492069
1470.0,49.088,0.5531643262493675,-0.4291116283021839,0.7602436218205774,0.18037324490421158,0.03289619832500862,0.3181177624424356,0.0005666815214038017,-0.018275072006480892,0.1621023139984183,-0.0019754585750291383,0.1875423946161146,0.0032961419913502474,-0.0019295012575164911,0.7868386355724857,2.6825709985816006,0.5220356737506326,54.486568056995075,54.498106951360036,54.49779035229606,54.486067628661054
1471.0,49.120000000000005,0.5587616825710396,-0.4280930886368864,0.770106429616292,0.17491738505223453,0.031829364540544074,0.30821274361604956,0.000545980249410372,-0.015591803569193796,0.16204137083298364,-0.0019508518605997635,0.18205114109593334,0.003137148912634443,-0.0019015528968756633,0.7868629252410101,2.677196141556394,0.5164383174289605,54.36861081935683,54.37665077557352,54.37638074976283,54.368143597691244
1472.0,49.152,0.5642108327507394,-0.4271041362662436,0.7796100285922215,0.1702859431156348,0.03090476158259033,0.29698746799782805,0.0005223249753523143,-0.012844320520366216,0.16198124809892817,-0.0019245087945835807,0.1740417758251364,0.0035309562851403124,-0.001872113620333471,0.7864186057930783,2.6719966128636243,0.5109891672492608,54.50330370209292,54.08075577605,54.01072684296449,54.43306518831041
1473.0,49.184,0.5695385186817727,-0.4261401381425844,0.7887138436564848,0.16649018534481172,0.0301249413643538,0.2844942207582587,-5.3486491291073405e-05,-0.01342296935738971,0.1619227473996681,-0.0018237503350462488,0.15214761918766737,0.006336299537692172,-0.0018424359133974498,0.7855094653685712,2.666939898026909,0.5056614813182274,55.2879969378657,53.32539739075929,53.00428285207485,54.966957141494674
1474.0,49.216,0.5747387622786032,-0.42519643704694315,0.7973855711272458,0.16250761240093392,0.02949065923878533,0.2709914834612528,-0.002978684867584551,-0.02924357170996719,0.16213133679091274,0.005767579077217996,0.12978451268847505,0.009326742342605818,-0.0021870756966513136,0.7841495408999103,2.662025689537004,0.500461237721397,54.31786437710693,53.84547428239554,53.74783226515346,54.25204097896032
1475.0,49.248,0.5796582337872342,-0.4242697741305146,0.805578421116277,0.15373348464473677,0.028958216138395897,0.2560265621572512,-0.0065848995847574395,-0.04893305432776031,0.16232138998899548,0.0029925473571674674,0.10306185330296133,0.013144357761128052,-0.002520773666141518,0.7823324505618945,2.6573982515565984,0.4955417662127659,54.17166976539437,53.77682049247781,53.69805690611531,54.1149594631251
1476.0,49.28,0.5841073481971217,-0.423356520374305,0.8132484112644669,0.13903482530896846,0.028539179881546733,0.2396871921309082,-0.01072432106730313,-0.0717991917742655,0.16252402973945182,0.00013664496995106586,0.07170744428223026,0.017844214358745884,-0.0029050610096955642,0.7800562148969854,2.6532372096641144,0.4910926518028784,54.00639995611313,53.731758435339884,53.67863471199372,53.96544305668556
1477.0,49.312,0.5878674444909477,-0.4224529985996385,0.8203485760912057,0.11750300918207575,0.02823505545833173,0.2218801508356122,-0.015242483308166759,-0.09685790818784998,0.1628042722824373,-0.001440947568911132,0.03588313378105335,0.023403265641108954,-0.0034514694447156376,0.7773152380663162,2.6497503332701293,0.4873325555090524,53.816144604003256,53.715721987206024,53.693197729647906,53.80166243394835
1478.0,49.344,0.5907006234671393,-0.421555467196534,0.826827066204411,0.08853684300597472,0.028047856347012522,0.20245281603764415,-0.019923598563228305,-0.12272999473745895,0.1631815254835369,-0.0024986577995807745,-0.003787655762643529,0.02973348230197675,-0.004209340552549512,0.7740982834786414,2.647163794018484,0.4844993765328609,53.60297029837377,53.726875386756355,53.741719907948855,53.624657550578156
1479.0,49.376,0.5923631437911789,-0.4206600779458282,0.832627408388883,0.05195376012624587,0.027980914084558023,0.18126069326477018,-0.024483290814028464,-0.14766237270519633,0.16363059873888067,-0.003395869520969718,-0.04621848183881657,0.036673808572586904,-0.005166011656481911,0.7703894876280883,2.6457090612866145,0.4828368562088212,53.37359597783927,53.76047993541813,53.81909724745336,53.43929385841655
1480.0,49.408,0.592622047529085,-0.41976286305329297,0.8376906560738435,0.00809074180956305,0.028037965391723346,0.15822649015499698,-0.02857253914886235,-0.169612831077992,0.16408201276010598,-0.004269982343729602,-0.08992011214634948,0.04398778116988866,-0.006245687216420642,0.7661716974346408,2.6456067973516775,0.4825779524709152,53.14035454136316,53.8083905922419,53.91470203306587,53.2545688016779
1481.0,49.44,0.5912740648489122,-0.41885979703780685,0.841959684760292,-0.04212445875540392,0.02822081298394437,0.13340714645153084,-0.031798189768027715,-0.186406222018733,0.1644303615732925,-0.005129675748535229,-0.13312146048700108,0.05137031496594807,-0.007319330994244365,0.7614321813619689,2.647048729868135,0.48392593515108795,52.92078314501149,53.85978272122467,54.0130599321784,53.082818976948055
1482.0,49.472,0.5881652800892613,-0.4179469608378818,0.8453852474107406,-0.09714952373908066,0.028526131247654588,0.10704883282650605,-0.03376524223067468,-0.19595147166200128,0.16455618351053683,-0.005918483508661199,-0.17392866038128985,0.058467164045480975,-0.008233377904326843,0.7561699312373508,2.6501789694037807,0.4870347199107389,52.73526423528987,53.902994358988146,54.09625195194068,52.93778140582507
1483.0,49.504,0.5832096719147323,-0.41702078670873644,0.847932639726479,-0.15486275545404837,0.02894294153579578,0.0796060098668343,-0.03413802241217436,-0.19648622111680789,0.1643602756780205,-0.006568434931950384,-0.2104827924260869,0.0649079459129571,-0.008856003398911022,0.7504028760870849,2.655076510567957,0.4919903280852679,52.60290381402846,53.92795400790802,54.14784521045622,52.8319452904445
1484.0,49.536,0.5764045955860607,-0.41607829818053005,0.8495872325779361,-0.21265863527096232,0.029452766506446286,0.05170602660802802,-0.032704246521645726,-0.1867988723269415,0.16380073650650562,-0.007040338427865128,-0.24107491650690266,0.07034733522683889,-0.009127614525709126,0.7441727642660326,2.6617406196246973,0.49879540441393944,52.53682460788763,53.92832424461209,54.157192900993,52.77404236865993
1485.0,49.568,0.5678415757259219,-0.41511722284931446,0.8503570225793511,-0.26759437062936864,0.030033604100490444,0.024055937544220515,-0.029416414676328283,-0.16637633339843014,0.1629174823217305,-0.007340437150659112,-0.26419470239853143,0.07450214154665255,-0.00909444546699072,0.7375456021288715,2.67008049749237,0.5073584242740783,52.54074120203757,53.90263477946808,54.12232681194404,52.767449267778865
1486.0,49.6,0.5577113359104013,-0.41413589233306647,0.8502708802069601,-0.316569994234981,0.030666578632746296,-0.002691949137219017,-0.024389711142173563,-0.13544356659664164,0.1618322597753126,-0.007514917900808375,-0.29621780227015043,0.08005987815143127,-0.008908622079342648,0.7306064745914421,2.6799101292642304,0.5174886640895988,53.92384657804104,52.907961367709504,52.734579410349454,53.75603943739512
1487.0,49.632,0.5463026771641181,-0.41313295407122375,0.8493721442731612,-0.35652058582139157,0.03134182068258854,-0.028085497931217326,-0.017689700302563918,-0.10885163916135136,0.16098660816421223,-0.008742588617079881,-0.3350164701210652,0.08677060121791963,-0.009162104086093508,0.7234489679595545,2.6909486964248863,0.5288973228358821,54.25026399511861,52.7016349223881,52.4303315612301,53.98063869583665
1488.0,49.664,0.53386776457648,-0.41212955743833857,0.8476966096538848,-0.3885910183636462,0.031356144777658315,-0.05236045685238122,-0.013131517329837611,-0.09424735518025608,0.16050518390743235,-0.007932645178808219,-0.36622727719795284,0.0916672112379733,-0.009995275216962174,0.7161456754974422,2.702955113795399,0.5413322354235202,53.35088423942958,53.38583598154866,53.36896514926101,53.342263927294546
1489.0,49.696,0.520546539957355,-0.41114553482822824,0.845264119026677,-0.4162882693477019,0.030750706565951025,-0.0760153321002537,-0.008678727476402448,-0.07940365171030495,0.1600530957469459,-0.009015603952153941,-0.393280020807076,0.09525518465557775,-0.010915571609762052,0.708739841380315,2.715798214483343,0.5546534600426452,53.38971464559277,53.412075487226495,53.391809914499724,53.377048943496426
1490.0,49.728,0.5064809289697926,-0.41019956118843715,0.842097829184088,-0.43955034336127663,0.029561676243468497,-0.09894655758089305,-0.004359237331113213,-0.06441551728724726,0.1596338724040027,-0.010013593392502365,-0.39857885732777204,0.09345964752511796,-0.011905301389422224,0.7014470689171667,2.7293452796782818,0.5687190710302076,52.08625044459185,54.33134897447669,54.83239676080074,52.59486506290357
1491.0,49.76,0.49181423194589424,-0.4093090538022118,0.838222779207976,-0.4583342819968734,0.02782835581954587,-0.12109531175351297,0.0006921310798844423,-0.03524749877460767,0.15866426765273756,-0.028594393172802112,-0.3956070768044101,0.08954415802194723,-0.01212653430732346,0.6943922136013344,2.7434624085685653,0.5833857680541059,52.998268570863026,53.9289614533652,54.143312530727776,53.146748212763704
1492.0,49.792,0.47682150527722056,-0.4084773021672294,0.8336953145803359,-0.4685227083960002,0.025992238593196833,-0.1414832696137404,0.007136469706365185,0.0014080049444605742,0.1581839327010993,-0.019495087049612267,-0.3921178181744428,0.08634534834999064,-0.013011313674629554,0.6875850679881852,2.7578853851686915,0.5983784947227796,53.96773361662719,53.46634389160078,53.342819276054165,53.818273907580654
1493.0,49.824,0.4618524924489292,-0.40770991953722896,0.8285527971262571,-0.46778165088415724,0.023980707187515885,-0.16070367043997982,0.012560604754156709,0.034297650319069825,0.15795851234218328,-0.017167027198613995,-0.3876244874697322,0.08353553324613626,-0.0142024678117905,0.6809558583723347,2.772275246193247,0.613347507551071,54.31384725090826,53.36871161710038,53.160511357577896,54.093788753838474
1494.0,49.856,0.44722257325702186,-0.4070088687724188,0.8228206095764506,-0.45718497474705244,0.021907836400314438,-0.17913086093143066,0.016327478080322665,0.059863392933035615,0.15784424602415068,-0.015106809346664973,-0.3817062614784057,0.08089079824337968,-0.015475369068723854,0.6744092948176403,2.786325471654301,0.6279774267429783,54.4226967592307,53.40655445233246,53.19131526924332,54.208931815029814
1495.0,49.888,0.4331775164368096,-0.4063715844326448,0.8165127101218892,-0.4389080256316823,0.01991513561793977,-0.197121857955067,0.018423168124141787,0.07748984045593335,0.1576775901312299,-0.014765699845472501,-0.37392451447679825,0.07822034838781369,-0.016586085496449115,0.6678457613761445,2.799796860465721,0.6420224835631906,54.415203040511464,53.50485793491196,53.317826113377855,54.23545276158128
1496.0,49.92,0.41988685072775195,-0.4057917362486114,0.8096385478326447,-0.4153333034080043,0.018120255751041522,-0.21481757153886766,0.01907913776308152,0.08797297993039206,0.15738292813412513,-0.01531774499445938,-0.3638900309091468,0.07540646323478745,-0.01742179853063107,0.661180932173457,2.812524742535032,0.6553131492722482,54.348440165467146,53.62900339145984,53.48600408783806,54.213857075990056
1497.0,49.952,0.4074512205716508,-0.40526022952120094,0.8022074408276733,-0.38861344237820417,0.01660958523157933,-0.23222209390538195,0.018639030105602108,0.09279537127507752,0.156954086351934,-0.01618616512752308,-0.35131567721474505,0.07239910928720349,-0.017973467435058246,0.6543588533218018,2.824412205363563,0.6677487794283494,54.259721745320206,53.76027125537915,53.665129733868994,54.171729433040184
1498.0,49.984,0.3959166186142229,-0.4047661997442581,0.7942308891881016,-0.3604563111695813,0.015438430529462345,-0.24926723873658685,0.017473208489176547,0.09367952938181467,0.15642298146316688,-0.017021112591789726,-0.3360790151771767,0.06920473159819529,-0.01829010988900675,0.647359324968316,2.8354163455904158,0.6792833813857773,54.17913624320496,53.88658574171148,53.83429189016676,54.13191838084911
1499.0,50.016,0.3852910665945004,-0.40429786784515337,0.78572358306924,-0.3320485006163642,0.014635371847024225,-0.26585331621445535,0.01591239160573847,0.09225139215434507,0.1558314262938138,-0.01765876531463278,-0.3137837536758793,0.06494630085746404,-0.01843753225511124,0.6403558733931058,2.8455319544895206,0.6899089334054997,53.810053205612654,54.25403882533107,54.35254958023851,53.911679028282
1500.0,50.048,0.3755612940244738,-0.4038431790287133,0.7767132616918172,-0.30405539281329746,0.014209025513750381,-0.28157254304442936,0.01514033974107163,0.09429519715903757,0.1552858736624836,-0.017963990197894814,-0.2866016740481164,0.06008781198300965,-0.018573393483143172,0.6335431042582033,2.8547754151297235,0.6996387059755264,53.93304782878766,54.350586717920244,54.44481080974196,54.029709533750356
1501.0,50.08,0.36674905954794107,-0.403392309640606,0.7672361471009934,-0.2753823273916782,0.014089668378354332,-0.29615983096327597,0.015121723949840293,0.0996126601102095,0.15478179546510762,-0.018190970045321123,-0.2587056221865442,0.05546576869591309,-0.01869620704466646,0.6269450426979916,2.8631289622675613,0.7084509404520591,54.37047782509888,54.24898717010455,54.23324604948473,54.35675765247644
1502.0,50.112,0.3589086666485821,-0.40293767940338887,0.7573270610057782,-0.24501227810493978,0.01420719491303423,-0.30965894047544146,0.014984623047851085,0.10396499153053745,0.1542539193495495,-0.01845623783355218,-0.2291201013316579,0.050840470783892255,-0.01871596261401031,0.6205810156118643,2.8705426540976027,0.716291333351418,54.488846854972685,54.36555093730508,54.350637357977895,54.47497217476732
1503.0,50.144,0.35208564436318657,-0.4024720173596012,0.7470234284499897,-0.2132194464186345,0.0145519388683664,-0.3219885173684254,0.014731731489776008,0.10733964282212566,0.15370603868756194,-0.018590802929343855,-0.19811323250492255,0.046249415764730344,-0.018639695626660627,0.6144713943212442,2.87697505103458,0.7231143556368136,54.60995067731347,54.4878109287854,54.47421635421096,54.59655167352829
1504.0,50.176,0.34631651989958656,-0.40198838960575617,0.7363651828728738,-0.18028513948748,0.015113367307655447,-0.33307017428483526,0.014370271049507196,0.10974683419606499,0.1531420718005791,-0.01861296319126133,-0.16596030586880225,0.041729478355844174,-0.01847495086718254,0.6086373461556769,2.882393373487306,0.7288834801004136,54.73463822657732,54.61469004873001,54.60244682621487,54.72184295476586
1505.0,50.208,0.34162881283205204,-0.4014802365472455,0.7253947443673214,-0.14649084586046984,0.015879783078459622,-0.3428262032985487,0.013908193807678094,0.11120460879640306,0.1525659903746672,-0.018535111683735672,-0.13293708955603487,0.03731543559996947,-0.018229648797081187,0.6031007105392971,2.8867734436902257,0.7335711871679481,54.862563218224196,54.74576535011913,54.734900414409495,54.85047643096793
1506.0,50.24,0.33804109308432667,-0.40094140632236275,0.7141569484081977,-0.11211624211640529,0.016838444527584654,-0.3511811237225787,0.013354061326090927,0.11173836053817646,0.15198183321174216,-0.018367284914432697,-0.09931786788953319,0.03303969903519124,-0.017912074511693365,0.5978838258827678,2.890099562676833,0.7371589069156734,54.99333633363843,54.8805778190306,54.8711090000651,54.982046673061966
1507.0,50.272,0.33556310076508933,-0.4003661844566599,0.7026989252524406,-0.07743725997617551,0.017975683303216274,-0.35806322361744747,0.012716929176793377,0.11138037251242813,0.15139366518904063,-0.01811861770601865,-0.06537353719636105,0.028932075853756303,-0.0175307928888757,0.5931337667768357,2.8923643259938934,0.7396368992349108,55.14724075272923,55.03933852247978,55.0312722235974,55.136823154578266
1508.0,50.304,0.33419676213399274,-0.3997492884995854,0.6910773598012939,-0.04269808222176354,0.019277998658575386,-0.363173920348293,0.01200619934772673,0.11016899344523008,0.15080551002756865,-0.01779786082772631,-0.03134415138756081,0.02501665757733698,-0.017094488745242095,0.5889537147636155,2.8935675758384667,0.7410032378660074,55.3165768704193,55.21422693619189,55.207552086565684,55.307088532463155
1509.0,50.336,0.3339361132861973,-0.39908589223693486,0.6793557311686671,-0.008145276493607754,0.020731133207831993,-0.36630089476962857,0.011231476925895592,0.10814788977850522,0.15022127134042904,-0.017413755208858354,0.0025276986134681175,0.021316038693230194,-0.016611854180796783,0.5852752689919817,2.8937162677118224,0.7412638867138028,55.47226349841837,55.376141253771806,55.370842120489954,55.46375676102427
1510.0,50.368,0.3347664202354451,-0.39837169231059216,0.6675937976589715,0.02594709216399067,0.022318747698206742,-0.36756042217794527,0.010402546966931334,0.10536636978662663,0.14964465989135697,-0.01697526952082822,0.03597222945897374,0.017853736932484418,-0.016091521012708842,0.5820382367129439,2.8928252411137945,0.740433579764555,55.61506029323811,55.525811061790144,55.52186625626039,55.60758049367589
1511.0,50.4,0.33666459091754986,-0.39760292893749327,0.6558477313130947,0.059317833815779604,0.024023855409342983,-0.36706457330869124,0.00952929671263303,0.10187914457240373,0.14907912509119925,-0.016491292425681026,0.068732031441093,0.014649666306950826,-0.015541937712672428,0.5791896483073906,2.8909168735398914,0.7385354090824503,55.745704733878846,55.66383109100722,55.66120222204527,55.739278446064866
1512.0,50.432,0.33959966647984957,-0.396776400327244,0.6441702056653765,0.09172111132185586,0.02582901907028738,-0.36492267649115223,0.008621547802079937,0.09774517405798963,0.1485277847687457,-0.015970556889650517,0.10056453333626639,0.011720097262229402,-0.014971244601694515,0.5766828905105038,2.888020658113759,0.7356003335201506,55.86483706694589,55.79075297349747,55.78939231732826,55.85947916162484
1513.0,50.464,0.34353337921893984,-0.39588947111310324,0.6326104484073618,0.12292852309658439,0.027716537941901223,-0.3612424143129999,0.007688953058932632,0.09302694051800312,0.14799337178622615,-0.015421546135671808,0.1312440821110338,0.00907769517989264,-0.014387173277814962,0.5744769436492434,2.884172717064164,0.7316666207810603,55.97304573046922,55.90707641399113,55.90692805695877,55.96875988200542
1514.0,50.496,0.3484207685393881,-0.3949400749961695,0.6212142695639817,0.15273091626399052,0.029668628654175796,-0.35613058885558724,0.006740905378939988,0.08778971614777786,0.14747819366901713,-0.01485239396559916,0.16056375871742354,0.006731611687333671,-0.013796964667543902,0.5725357104113342,2.8794152592856537,0.7267792314606121,56.070879479365615,56.013261997617775,56.014262946846614,56.06765871140223
1515.0,50.528,0.3542108459510535,-0.39392671183257827,0.610024074944231,0.18093991911456456,0.03166759886222977,-0.3496935818672473,0.005786458783093656,0.08210083130482683,0.14698410585372385,-0.014270795459449806,0.18833691789916715,0.0046876191438451585,-0.013207306320147827,0.571059399229325,2.873795990526354,0.7209891540489466,56.1974598348604,56.14834450086837,56.150425756145616,56.19528713358043
1516.0,50.56,0.3608484643005565,-0.39284835012235286,0.5990930316572142,0.20742557342194534,0.033698803444540175,-0.3415951027192394,0.004834262121521698,0.07602868809423269,0.14651251002523338,-0.013683529485064903,0.21443432205344015,0.002945761556157816,-0.012624270059165773,0.5700966588589588,2.8673659162259244,0.7143515356994437,56.32750021428158,56.286888148143866,56.28997022349362,56.32634525192773
1517.0,50.592,0.3682740733484456,-0.3917044728742617,0.588475688688727,0.23205028274655934,0.035746164002853124,-0.3317919677652601,0.0038924768830272943,0.06964180644117011,0.146064338181724,-0.013097291970514315,0.23871911472836002,0.0015057193871390734,-0.012053300965094332,0.5696563916417994,2.8601796964875144,0.7069259266515546,56.45413567408276,56.422056841316355,56.42606507766032,56.45396794640505
1518.0,50.624,0.37642417673030537,-0.3904950799216008,0.5782253370813208,0.2546907306830898,0.03779352977064797,-0.320323487731407,0.0029688050573509228,0.06300912041356027,0.14564006815226274,-0.012518207980327958,0.26106839613652194,0.00036508833077252,-0.011499223561556887,0.5697447986332014,2.8522952860229944,0.6987758232696948,56.57675306837434,56.55313088693614,56.55798495970513,56.57753120346825
1519.0,50.656,0.3852320154330121,-0.3892206720574065,0.5683936404410673,0.2752449594596159,0.039825245756076405,-0.30724052000795626,0.0020704308718090124,0.0561991133794668,0.14523974429585104,-0.01195173085139825,0.28138021503479277,-0.0004809579055610261,-0.010966247401239818,0.5703652259551636,2.843773325736321,0.689967984566988,56.6947400498985,56.67941459205953,56.685031038918154,56.69641456295649
1520.0,50.688,0.39462826992041133,-0.38788223129971366,0.5590302838047535,0.29363295273119294,0.041826273677896854,-0.29260489488477426,0.0012039846397467562,0.049279132496598585,0.14486300748449654,-0.011402665636850527,0.29957415980352703,-0.0010395235177421414,-0.010457984339574572,0.5715180533756951,2.8346765305886423,0.6805717300795888,56.80749635865576,56.80023809060315,56.806531672825734,56.81001121568924
1521.0,50.72,0.4045417729160716,-0.38648119747920867,0.5501826456552494,0.3097969686144166,0.04378230689078586,-0.27648869217203254,0.0003755182998791655,0.042314807526768604,0.14450913236374593,-0.010875188788006395,0.31559170205408255,-0.0013198418179091245,-0.009977474773988786,0.5732006262383511,2.8250690803292238,0.6706582270839285,56.914444196069425,56.91495896945948,56.92184329841196,56.91773766896584
1522.0,50.752,0.4149002252396575,-0.3850194413390707,0.5418954969759633,0.3237016351120248,0.04567987937930717,-0.2589733962276632,-0.0004095139782176131,0.035369503653928304,0.14417707009533065,-0.010372871582912249,0.32939630492626065,-0.0013331238858770439,-0.009527220482496102,0.5754072305703908,2.8150160188779596,0.6602997747603426,57.01503322594133,57.022967697131556,57.030355832428135,57.01903875683626
1523.0,50.784,0.4256309068409605,-0.3834992343896867,0.5342107303387791,0.3353338000407548,0.04750646716825474,-0.24014895741203282,-0.001146270761043894,0.02850381302604202,0.14386549507391957,-0.00989870913633904,0.3409732885595835,-0.0010924042552696162,-0.009109222182652331,0.5781291100583553,2.80458266803341,0.6495690931590397,57.10874508090889,57.12369252682389,57.13149755125076,57.11339215752102
1524.0,50.816,0.43666137507646113,-0.3819232158128125,0.5271671210968358,0.34470213235935626,0.04925058052731236,-0.22011278881070193,-0.001830534329388889,0.02177508957250837,0.1435728540893525,-0.009455154696875325,0.35032944995974435,-0.000612382683114282,-0.008725019984287907,0.5813545225431156,2.7938340609726966,0.638538624923539,57.19509733703611,57.21660379338939,57.22473936912336,57.20031237391972
1525.0,50.848,0.4479201423407178,-0.38029435675851403,0.5208001218389494,0.35183647700805987,0.0509018454468335,-0.1989687268089725,-0.0024587179240219514,0.015237031103531529,0.14329741645234897,-0.009044158042666972,0.35749243961261273,9.073923675537166e-05,-0.00837573504910911,0.5850688327848388,2.7828344007015327,0.6272798576592824,57.273646917702884,57.301217560935264,57.30959847154727,57.279354136340665
1526.0,50.88,0.4593373254017707,-0.3786159224221214,0.5151416903906714,0.35678697065786263,0.052451073012264204,-0.17682598275866912,-0.0030278693443927755,0.008939312078166967,0.1430373236941756,-0.008667206461943824,0.3625099023739183,0.0009994278913556809,-0.00806211096423699,0.5892546375106157,2.771646548207418,0.6158626745982294,57.34399290635561,57.37709859876652,57.3856412802258,57.35011520582407
1527.0,50.912,0.4708452591917956,-0.376891432325968,0.5102201508489906,0.3596229309383179,0.053890315504799245,-0.15379811067753976,-0.0035356708420343874,0.002927269748185105,0.14279063757603366,-0.008325366770517331,0.3654483952019881,0.00209499497215368,-0.007784553563698332,0.5938919182036037,2.7603315445744916,0.6043547408082046,57.40577876589563,57.44386268325363,57.452485745293316,57.41223857510805
1528.0,50.944,0.4823790683604292,-0.37512461926065216,0.5060600864398901,0.36043153651976007,0.05521290829111389,-0.13000201278437765,-0.003980435144116227,-0.0027583543407273133,0.14255538529391903,-0.00801932693655343,0.3663920989671682,0.003357782978813867,-0.007543168177716237,0.5989582167350653,2.748948170746763,0.592820931639571,57.45869397941989,57.50117824179476,57.50980297896987,57.46541408155966
1529.0,50.976,0.49387719059174456,-0.3733193873620644,0.5026822624108545,0.3593163197286444,0.05641349683087427,-0.10555700090737527,-0.004361097380414488,-0.008081616263553294,0.1423296009337532,-0.0077494360806717125,0.36544134573237447,0.00476735902201323,-0.00733779354408896,0.6044288287820421,2.737552547993169,0.5813228094082556,57.50247514220692,57.54876737150684,57.55731826132616,57.5093794618799
1530.0,51.008,0.5052818464954272,-0.37147976981289044,0.5001035767277572,0.3563954969900418,0.05748804841167932,-0.08058392759678068,-0.004677202671222964,-0.013011514586926667,0.1421113624149937,-0.007515741857831985,0.3627109863810152,0.006302716389235866,-0.007168031870670033,0.610277010007973,2.726197781451433,0.569918153504573,57.53690654749806,57.58640627926263,57.594811463083246,57.543920891370036
1531.0,51.04,0.5165394517836767,-0.36960988666047234,0.4983370360439594,0.3518001652578351,0.058433848513071894,-0.05520439636868668,-0.00492888916286496,-0.017522078499544114,0.14189882335412332,-0.007318024483576338,0.35832862621734296,0.007942482641178444,-0.007033274785545728,0.6164741901963398,2.7149336484279396,0.5586605482163235,57.561820318580125,57.613925200628294,57.62211694167568,57.56887306083538
1532.0,51.072,0.5276009684112738,-0.36771390323682046,0.4973917542484958,0.34567239461237176,0.05924948198911466,-0.029540056108234316,-0.005116866366591408,-0.0215924002467284,0.14169023947744822,-0.007155826925736587,0.35243275808851326,0.009665132326590838,-0.006932725144923351,0.6229901908967507,2.7038063324283534,0.5475990315887264,57.57709614645732,57.63120786303372,57.6391229750178,57.58411885131815
1533.0,51.104,0.5384221923601092,-0.36579598965151616,0.49727297087277506,0.3381632484011449,0.05993479954076592,-0.003711980491273643,-0.005242388758089603,-0.0252066136187495,0.14148398941001883,-0.007028481033161729,0.34517082370560426,0.011449201793826573,-0.006865414881159392,0.62979344264048,2.6928582032083614,0.5367778076398909,57.582660696169256,57.63819056290484,57.64577080227076,57.58958867092716
1534.0,51.136,0.548963976764957,-0.3638602818047524,0.4979820867283452,0.32943076265145577,0.06049087021136132,0.02215987048656479,-0.005307224718985141,-0.028353820897776195,0.1412785898583043,-0.006935129606163583,0.3366972341566771,0.013273503082494136,-0.006830219258338699,0.6368511983764228,2.68212764248421,0.5262360232350431,57.57848674539294,57.63486092768852,57.64205334256141,57.58525951887454
1535.0,51.168,0.5591923900797352,-0.36191084433654624,0.4995167143442363,0.3196379160868538,0.06091992088144855,0.04795711299660125,-0.005313621037958426,-0.031027971261669177,0.14107270538233768,-0.0068747446219459725,0.3271713802011254,0.01511733353324169,-0.0068258680545387525,0.6441297404340427,2.6716489143447206,0.516007609920265,57.56459211684975,57.62125643182851,57.6280136611513,57.57115383990292
1536.0,51.2,0.5690788099507061,-0.3599516358900981,0.501870741049999,0.30895062096780734,0.06122526395149772,0.07356333455507551,-0.005264263326625421,-0.033227694165698186,0.14086515311244885,-0.006846142005548661,0.29687342441465314,0.0197800650746199,-0.006850954303687084,0.6515945790024541,2.6614520788732507,0.506121190049294,58.99145946649592,56.50730658460186,56.1533222432089,58.63749437429551
1537.0,51.232,0.5785995560096123,-0.3579864705338844,0.5050462413338971,0.29752331434085094,0.061411417381685394,0.09923438387182734,-0.005160972057426172,-0.050999868936380255,0.14073851887239705,-0.006848962740214423,0.25150433589861826,0.026425200789892918,-0.007021035587178721,0.6592259537335424,2.6515625552725646,0.49660044399038783,58.86010057457705,56.56199214571399,56.218133668611344,58.516930388862264
1538.0,51.264,0.5875646530297671,-0.3560434549176702,0.5090152007594665,0.28015928187980615,0.06071923800668643,0.1240299820490301,-0.007940005327900478,-0.08795933981723515,0.1408206448407791,-0.005005891513029995,0.19977258381259064,0.03304423474287903,-0.007514132376034908,0.6669675555000477,2.6421762623147047,0.48763534697023303,57.99389571958275,57.141182669389664,56.9921537547045,57.854899768349625
1539.0,51.296,0.5955755047449924,-0.3541488401317387,0.5137293574230931,0.2503391161008185,0.059206712060366,0.1473173957383482,-0.011946063813386464,-0.1320713776873113,0.14106490669467617,-0.006119987614761567,0.137293181242161,0.040358563530506195,-0.008279806526885395,0.6747436453355999,2.633697202045447,0.4796244952550077,57.785868542343216,57.20479951319194,57.091544396100836,57.68125270090062
1540.0,51.328,0.6021586407469041,-0.3523265197159766,0.5191150892621653,0.20572300005971533,0.056947512992558624,0.16830411997098757,-0.01691526941848447,-0.1810580544930073,0.14154789771028103,-0.007182845258444398,0.06454586487662985,0.04840770622257401,-0.009446594460111406,0.6824547749639535,2.6266053595280443,0.4730413592530961,57.48226741760231,57.32191239942002,57.26354700839635,57.432957023385306
1541.0,51.36,0.6067933263639281,-0.350597556415916,0.5250644926780291,0.14483392553201815,0.05403010312690018,0.18591885674576447,-0.022416938077824685,-0.23141312190917337,0.142283827753592,-0.008437831140344342,-0.016540085929165515,0.05707177978251268,-0.011060271906441049,0.6899690949087885,2.6214295807815065,0.468406673636072,57.08210697239098,57.490809212357185,57.50940747992532,57.111195003023504
1542.0,51.392,0.608951934257021,-0.3489796881302339,0.5314372564270822,0.06745649665914422,0.050558383927560326,0.19914886715788538,-0.027805599478630934,-0.27841193314278345,0.14317647903708536,-0.00989132147869241,-0.10266294200912504,0.06604830417931858,-0.013013652102194866,0.697128670187697,2.6187069578105793,0.46624806574297917,56.611691516074984,57.68982264808572,57.80442282730321,56.73878101778649
1543.0,51.424,0.6081513804780677,-0.3474871252451978,0.5380738663523288,-0.025017305592292517,0.04664259015738248,0.20739406016397963,-0.03221753311920896,-0.3165151786340257,0.14399354958845859,-0.011329009913001026,-0.18955794843531773,0.07483588939962449,-0.015006674799359514,0.7037696942783631,2.6189305676086434,0.46704861952193244,56.126372449548064,57.879115659332676,58.09724299716296,56.35921044692379
1544.0,51.456,0.604009584833006,-0.34613101927836376,0.5448206896216924,-0.12943111390816284,0.042378311463559436,0.2108382271675889,-0.034666817581556875,-0.34016092588870206,0.14440893239311844,-0.0124267012418387,-0.27268436666226814,0.08275690066001967,-0.016600909124652233,0.7097556420416592,2.6224918095194387,0.4711904151669941,55.702989447932524,58.01033068010656,58.318041565098966,56.027397164456175
1545.0,51.488,0.596298429291034,-0.3449207457122977,0.5515616690602573,-0.2409736106866513,0.03782104893956875,0.21065560745517592,-0.03428477510084798,-0.34479754306472693,0.14413745856007804,-0.012980513063118268,-0.34793032820709124,0.08905927747162407,-0.01740354736332627,0.7150149917037313,2.6296263491833125,0.4789015707089661,55.416888055632576,58.04345267983664,58.4010820627722,55.79220957576897
1546.0,51.52,0.5849847640976709,-0.34386551686550937,0.5582460239624679,-0.35355203729256,0.032975901462131474,0.20888609069405922,-0.03063112132948951,-0.32782613928060833,0.14310950257502833,-0.013097470824405585,-0.36815305671443366,0.08318408568175234,-0.017308324951011526,0.7186471994224674,2.6403726355825436,0.4902152359023293,52.08140600956821,59.617646736984355,61.236487211979835,53.71708990107011
1547.0,51.552,0.5702382216843402,-0.3429759962626408,0.5649450387876243,-0.46082945041663265,0.027797518839645728,0.20934421328615854,-0.023714641271362986,-0.2733998045081603,0.14117617813391156,-0.011485180451880388,-0.3770568307566684,0.07684892762966081,-0.01608215644148052,0.7211738233799494,2.6545624718095855,0.5049617783156599,55.05512083294779,57.559510583978195,57.87846938727766,55.39246754020566
1548.0,51.584,0.5526368873240044,-0.3422395096785012,0.5717544685003269,-0.5500416987604335,0.02301520575436012,0.21279467852193235,-0.014089804771362109,-0.19430956862448312,0.1394391409631223,-0.006097068362020772,-0.38448212408452215,0.07132323717126354,-0.015227160875086047,0.7227655919569527,2.6716194078278748,0.5225631126759958,56.2888765675395,56.228252239927485,56.25297079767364,56.35011549533793
1549.0,51.616,0.5329989444159203,-0.34163884775083503,0.5788629530404636,-0.6136857158776948,0.01877068523956983,0.22214014187929929,-0.0018879404706709556,-0.10633534058497279,0.1386631160373463,-0.0020228783953174373,-0.38861271841325645,0.06712827902002187,-0.015761841719048698,0.7237978051721207,2.6907253472478283,0.5422010555840798,56.660476027069535,55.7167301445878,55.528691638557945,56.52739337433461
1550.0,51.648,0.5122607290445572,-0.34117183488197306,0.5863082896930163,-0.6480692303550247,0.014594152151934969,0.2326667703922442,0.010957495910790593,-0.020751742423811084,0.14116528658769412,0.06597158036356163,-0.38938674713208205,0.06496136640194489,-0.020865852741197552,0.7246600516389854,2.7109535763029156,0.5629392709554429,56.862078059237646,55.384493395812584,54.93512253296244,56.76005692880655
1551.0,51.68,0.4913263089874931,-0.34084698686622505,0.5940313860247872,-0.6542006267833265,0.010151500492126202,0.24134676036786812,0.024022639031832275,0.05375132651941671,0.1456295668449202,0.09883006513693945,-0.38829220077311766,0.06373137718128866,-0.028632978798456898,0.7255649109303425,2.7314133017927333,0.5838736910125071,57.14505238315811,55.03659731649781,54.40313958243987,57.02144682484177
1552.0,51.712,0.47097281496463606,-0.34068599157010276,0.6019500637270927,-0.6360466882142107,0.005031103003821014,0.24745867819701844,0.034697700093171274,0.10976009468764551,0.14895358707717707,0.05213105167843014,-0.38590681270859417,0.06162797421114734,-0.03466149840080188,0.7266559274466923,2.75134033408526,0.6042271850353641,57.325609057338546,54.901609649929064,54.20433150316159,56.975501110888
1553.0,51.744,0.4517792197927194,-0.3407097078747276,0.6099831279977596,-0.5997998491224615,-0.0007411345195260916,0.25103325845836694,0.04101778476833113,0.144786005752383,0.15054343162674558,0.00782118539886437,-0.38230705751198846,0.058087497015721246,-0.038077396099617515,0.728037521783125,2.7701652642330528,0.6234207802072808,57.252651634579806,54.91696773255016,54.31888463657096,56.83816286459454
1554.0,51.776,0.43410503297583836,-0.3409267970946573,0.6180747221517557,-0.5523183380274708,-0.006784038122802029,0.2528623173123525,0.04307236459055091,0.16019267178338714,0.1507342110384774,-0.014349752447065755,-0.3772443118520689,0.05312902573199989,-0.03932864949281998,0.7297953075524036,2.787533050937325,0.6410949670241618,56.99518121905917,55.05166463869987,54.62653807485531,56.669970243397636
1555.0,51.808,0.4181070030207231,-0.34133437931351,0.6261999364117999,-0.4999384360974061,-0.012736944339149252,0.2539129456264092,0.041930596767703644,0.15947851190370438,0.14985272992025978,-0.026222372142095662,-0.3703696639049282,0.04684215316154624,-0.03887011270157828,0.7319982383717382,2.803287172604248,0.657092996979277,56.66710564696263,55.26238742333482,55.02328729273942,56.47859647860515
1556.0,51.84,0.4037772242372533,-0.34192358161680425,0.6343667284374964,-0.44780558698338124,-0.01841257197794275,0.2552122508029864,0.03896088694858466,0.1471898207235215,0.14829907065534056,-0.032415913691973094,-0.3613115753887871,0.039371775666293775,-0.03727164806130371,0.7346948071508538,2.8174331573380726,0.6714227757627469,56.33544979395668,55.508097751267876,55.43449648904798,56.2812714692141
1557.0,51.872,0.39098998729065526,-0.3426854710897339,0.64260594229923,-0.3996011545812333,-0.023809046029054357,0.2574754331792015,0.03544744122086797,0.12811765754154927,0.14645252716217572,-0.03495231623537769,-0.3499067705335243,0.03090594231134648,-0.03508019838660841,0.7378974753654715,2.8300935266596747,0.6842100127093449,56.05235253969966,55.747162026326414,55.79233607521251,56.09803811719069
1558.0,51.904,0.37955024002936494,-0.3436157023999847,0.6509570326620336,-0.3574921019152826,-0.029069728445333405,0.26097157383758585,0.03232081418493402,0.1065654169334006,0.14458676015850083,-0.035056720764165064,-0.33641699383981444,0.021658653176918227,-0.032695735539185866,0.7415671353573342,2.8414607514716415,0.6956497599706353,55.85256152688255,55.93579172532458,56.04344497203074,55.95077083268879
1559.0,51.936,0.36923717986865373,-0.3447168080995837,0.6594552969418574,-0.3222831300222607,-0.03440955311247368,0.26557075874452324,0.03006238808276904,0.08572315233116973,0.14284841131049472,-0.033736005619411175,-0.3119364456381649,0.011493724174976044,-0.030337747797740858,0.7452707287693082,2.851754445595374,0.7059628201313464,55.04886786077623,56.57838943871198,56.74539304887388,55.20227843965144
1560.0,51.968,0.3598352605570795,-0.3459977966822146,0.6681049502234595,-0.29380997848666235,-0.04003089320721023,0.27030166505003395,0.029151247762333427,0.07733264702131015,0.14159488458627464,-0.03126391976681184,-0.28492590257037226,0.001657266611832471,-0.02851671913998477,0.7487247977738224,2.861190554082802,0.7153647394429207,55.335862621190415,56.21677943894042,56.253697399357804,55.361791779100486
1561.0,52.0,0.3512551271386843,-0.34746196159867393,0.6768748632811326,-0.26812916932487946,-0.0457551536393595,0.27405978305231304,0.028514572454068236,0.07611397744799295,0.14060639466698246,-0.029688741136683114,-0.26063457797610795,-0.007757074675246833,-0.02692997833868389,0.7519190036030708,2.8698593296727797,0.7239448728613158,55.7313959288518,55.67423570852264,55.65189877408019,55.69802394321734
1562.0,52.032000000000004,0.34348039844624256,-0.3491047481539043,0.6857279813821645,-0.24296027163877668,-0.05133707985094328,0.2766599406572176,0.027656099341631858,0.07447644237674474,0.13965574507220327,-0.02817493764958461,-0.23680766926585559,-0.016904547637332422,-0.0252636882893706,0.7548365868896377,2.8777773792016887,0.7317196015537576,55.62592874007488,55.56898841541212,55.54862887281739,55.59392420003928
1563.0,52.064,0.33649032916132865,-0.3509199437118117,0.6946278097047079,-0.21843966515358385,-0.05672486118461183,0.278119635079513,0.026590042510602922,0.07242498685822851,0.13874673776397828,-0.02658089359324963,-0.21357298825421706,-0.02571925502492066,-0.023528208592982016,0.7574635276148253,2.8849651038101873,0.7387096708386716,55.517341641322844,55.46449057674526,55.44672577597984,55.48736610055634
1564.0,52.096000000000004,0.33025989615308987,-0.35289981069601617,0.7035379237852257,-0.19470103150744003,-0.061870843256383465,0.27844106501614957,0.025335723871224774,0.06999553733681234,0.1378839686798741,-0.024913276234155998,-0.19105660126302795,-0.03414025525817685,-0.021735754054986733,0.7597875830940374,2.8914466194613766,0.7449401038469103,55.40816988602309,55.359663953645,55.34455998585625,55.380355829517654
1565.0,52.128,0.3247602463666967,-0.35503523799091746,0.7124220714580005,-0.17186405582480543,-0.06673210296567277,0.27762961477424275,0.023913123706503156,0.06722571056263471,0.13707180989109596,-0.023181399023703086,-0.16937180350506195,-0.04211381499597283,-0.019898889813053787,0.7617982065471325,2.897249319007921,0.7504397536333034,55.29890674719897,55.25494279852721,55.24252997183591,55.27336388366507
1566.0,52.160000000000004,0.3199591537266682,-0.3573158970880813,0.7212442683463247,-0.15003414500087325,-0.07127059678636236,0.27569365276010027,0.02234262664893612,0.06415427650760566,0.13631426505458558,-0.021396264198191888,-0.14861877482289912,-0.04959344364199034,-0.01803025065268113,0.7634864670884789,2.90240342911814,0.755240846273332,55.19002670643298,55.150756222573385,55.141037008149375,55.166843437826934
1567.0,52.192,0.3158214787650358,-0.35973040095711245,0.7299688895670163,-0.12930234255102738,-0.07545324590723135,0.2726444131466431,0.020644814334480528,0.06082075954383601,0.1356148662290955,-0.019569673426428555,-0.12888441701670578,-0.056539819856902915,-0.016142319854871266,0.7648449744099431,2.90694156862967,0.7593785212349644,55.08199413431247,55.04752284700402,55.04047484440869,55.0612367174309
1568.0,52.224000000000004,0.3123096263624708,-0.36226646384824507,0.7385607596648179,-0.10974538758014456,-0.07925196534788544,0.26849594055627,0.018840274107098754,0.05726505437061531,0.13497659827353364,-0.017713708079373003,-0.11024232706225273,-0.06292063809123773,-0.014247248191692732,0.7658678102023857,2.910898313267748,0.7628903736375294,54.9752626776314,54.945651148333134,54.941229456871206,54.95697514661874
1569.0,52.256,0.3093839973907906,-0.36491106035304544,0.7469852425124331,-0.09142590536501614,-0.08264364077502058,0.2632650889880043,0.01694942360899777,0.05352705913649365,0.1344018458600907,-0.01584039839145986,-0.09275289825005241,-0.0687103902546246,-0.012356706042286574,0.7665504677525008,2.914309771255427,0.7658160026092096,54.870274800247586,54.84553966771641,54.84367898026021,54.8544793433947
1570.0,52.288000000000004,0.3070034304492452,-0.3676505821772003,0.755208332589665,-0.07439271692328449,-0.08561005700483036,0.25697156491346734,0.01499235109029844,0.049646328259698225,0.13389236037237146,-0.013961495279923214,-0.07646354045519978,-0.07389009581339388,-0.010481764765927465,0.7668898005621866,2.9172131738984115,0.7681965695507549,54.7674613879873,54.747577101215484,54.748193652611604,54.75415901732744
1571.0,52.32,0.30512563029530504,-0.37047099121496746,0.7631967487067243,-0.05868125481063705,-0.08813778243023303,0.24963800365812905,0.012988671060192117,0.04566174707612586,0.13344924477881875,-0.012088304007194711,-0.061409009900447675,-0.07844699214066038,-0.008632804657605207,0.7668839802853322,2.9196464847481782,0.7700743697046951,54.667241340960366,54.65214227010292,54.6551356965462,54.65641277000528
1572.0,52.352000000000004,0.30370757997954884,-0.37335796765688517,0.7709180308782532,-0.04431407236737638,-0.09021801380991834,0.24129006786025106,0.010957394708745493,0.041611230080853566,0.1330729547800575,-0.010231559876324866,-0.047611838016050775,-0.08237419551796234,-0.006819447149775153,0.766532463777501,2.9216480304393575,0.7714924200204514,54.57002110485429,54.55960395778118,54.56485909014526,54.56162778631217
1573.0,52.384,0.3027059341000234,-0.37629705200893093,0.7783406407003305,-0.031301433735173696,-0.09184638600144018,0.23195655693994177,0.008916814390007438,0.03753144417136134,0.13276331449608061,-0.00840133577128723,-0.03508284836765023,-0.08567034175254923,-0.005050508927076541,0.7658359686203531,2.923256155768437,0.7724940658999768,54.47619411080424,54.47032059896427,54.47770919907216,54.470179403535276
1574.0,52.416000000000004,0.3020773909904765,-0.3792737800505191,0.7854340652451102,-0.01964197217333869,-0.09302275129961964,0.2216695170243402,0.006884401381973723,0.033457557947816415,0.13251954485660067,-0.006606975693659407,-0.023821750137890407,-0.08833921394288742,-0.003333975525662258,0.7647964561223415,2.9245089050389454,0.7731226090095237,54.38614010621351,54.38463981118691,54.394022254671505,54.38243054902613
1575.0,52.448,0.30177904204549155,-0.382273809908494,0.7921689241770796,-0.00932340453078001,-0.09375093306172684,0.21046434162406868,0.004876716123176948,0.029423017782232816,0.13234030276201608,-0.004857050360014621,-0.013817796349757218,-0.0903893635512938,-0.0016769919001005827,0.7634171205153296,2.925443731152775,0.7734209579545086,54.300224369061134,54.302897765162946,54.31412467289638,54.29873104295492
1576.0,52.480000000000004,0.3017686967601235,-0.38528304057255863,0.7985170795192564,-0.00032329016775089196,-0.09403845825200856,0.19837985444300307,0.0029093301586860494,0.02545935103830701,0.13222372902488697,-0.003159331746715106,-0.005050494922689085,-0.09183372966495978,-8.58674007942095e-05,0.7617023828637391,2.9260972333883397,0.7734313032398766,54.21879680652145,54.22541839753336,54.23833221728292,54.219416768887314
1577.0,52.512,0.3020051824185844,-0.3882877213223561,0.8044517472627666,0.007390176826902373,-0.0938962734311817,0.18545836698471252,0.0009967590969223344,0.021595996513145265,0.13216750309278671,-0.0015207838237347954,0.002509639225175544,-0.09268926019124761,0.001433907373854748,0.7596578880772303,2.926504924284185,0.7731948175814158,54.142190945780584,54.152512476139265,54.16694901610816,54.14480872095913
1578.0,52.544000000000004,0.30244861770248477,-0.39127455167577124,0.8099476098228259,0.0138573526218858,-0.09333844854421225,0.17174570500183375,-0.0008475940306905544,0.017860161884823363,0.13216890259304215,5.243310649396594e-05,0.008900302480136582,-0.09297653775427428,0.0028776343047261952,0.7572905033646464,2.9267010255518526,0.7727513822975154,54.070722830658724,54.08447653383233,54.100266449642305,54.07521194167576
1579.0,52.576,0.3030606598010486,-0.3942307716001543,0.814980928199815,0.019126315580122687,-0.09238187263698056,0.1572911992809289,-0.0026114855153596306,0.014276707690373761,0.13222486582379836,0.0015549469258138641,0.014166602151657411,-0.09271941225771296,0.004241374378030288,0.7546083164799627,2.9267182924841526,0.7721393401989516,54.00468984231479,54.021591691601316,54.03856192793809,54.01091436884269
1580.0,52.608000000000004,0.3038047248909825,-0.3971442418515243,0.8195296526057583,0.02325203406043034,-0.09104594535530261,0.14214763768570995,-0.004283868231817816,0.010868057129404947,0.13233205543775423,0.0029821494059484293,0.01836024759418222,-0.09194464144199262,0.0055219093505418215,0.7516206321816465,2.9265878659134317,0.7713952751090176,53.94436946572184,53.964122395515425,53.98209758308712,53.95218561351515
1581.0,52.64,0.30464618211024697,-0.40000351442005255,0.8235735302623884,0.026295538102018064,-0.0893522677665176,0.12637117676970666,-0.00585491973684478,0.007654130791613323,0.13248692171795123,0.004330165285176737,0.02153874214148025,-0.09068154029206922,0.006716700381232637,0.7483379654464926,2.926339150416566,0.7705538178897532,53.890018026008235,53.91231509446706,53.93111890217489,53.89927569333183
1582.0,52.672000000000004,0.3055525213764485,-0.4027978931622357,0.827094209064152,0.028323102068794924,-0.08732433569321318,0.11002121255509843,-0.007316061457058554,0.00465230524180197,0.1326857640222929,0.00559581671839335,0.023764584165927943,-0.08896163981671901,0.00782384531842552,0.7447720301375157,2.925999717165379,0.7696474786235517,53.841869420018895,53.86639688716238,53.8858533285275,53.8524137469839
1583.0,52.704,0.30649349559624245,-0.4055174847904177,0.8300753358240123,0.02940544436856399,-0.08498723838069772,0.0931602112456442,-0.008659969167819382,0.0018773942640226092,0.1329247891684244,0.006776584897766385,0.02510448449593701,-0.0868183555101419,0.008842036077402476,0.7409357220134617,2.9255952295871297,0.7687065044037578,53.80013386884067,53.82657416714299,53.84650885914997,53.811806756129094
1584.0,52.736000000000004,0.3074412379770447,-0.4081532404683314,0.8325026478771024,0.02961694940006707,-0.0823673649347935,0.07585350165905722,-0.009880574937928455,-0.0006583485349934378,0.13320016573697427,0.007870570415868241,0.0256286063028518,-0.08428666568745809,0.009770517281149653,0.7368430951750236,2.925149389831825,0.7677587620229555,53.76499671647744,53.79303129414126,53.813272665810345,53.77763830068541
1585.0,52.768,0.3083703552872276,-0.41069698832703055,0.8343640569020423,0.029034915943219268,-0.07949212058435727,0.05816903202937889,-0.010973060710111643,-0.0029452071352205453,0.13350807348308316,0.008876453704493062,0.02540983244257318,-0.08140279984349308,0.01060904707394781,0.7325093312612851,2.924683903941556,0.7668296447127725,53.73661729865053,53.76592931868646,53.78630976593216,53.750067372418414
1586.0,52.800000000000004,0.3092579980172389,-0.41314145726922524,0.8356497239267671,0.027738835312849878,-0.07638965444357547,0.04017709452264451,-0.011933843703200117,-0.004975961944274852,0.13384474725815276,0.009793456637039339,0.024523064141945203,-0.07820393718664176,0.011357860760458333,0.7279507009307981,2.9242184635799764,0.7659420019827612,53.715127903800116,53.74540478495556,53.76576176766124,53.72922727001211
1587.0,52.832,0.31008390847373596,-0.4154802924721338,0.8363521246097116,0.02580970176553558,-0.07308860009090062,0.021950021342020596,-0.012760553855402005,-0.006745831512060451,0.13420651505074926,0.010621306136284554,0.023044553888063448,-0.07472791553675243,0.012017637677814457,0.7231845173781215,2.9237707422035957,0.7651160915262643,53.7006328460665,53.73156863430685,53.75174571107625,53.715224596669785
1588.0,52.864000000000004,0.31083044789438335,-0.41770806303029584,0.8364661040230438,0.023329356895228522,-0.06961782994255579,0.0035618566666287444,-0.013452003575203061,-0.008252398565804434,0.1345898299529879,0.011360200389136892,0.021051274435572094,-0.0710129508216806,0.012589471480270275,0.7182290818423288,2.9233564036354522,0.7643695521056169,53.693207667314844,53.72450522913105,53.74435302487725,53.70813837869651
1589.0,52.896,0.3114826037053158,-0.4198202622013171,0.8359889203075357,0.020379869091640367,-0.06600622409442083,-0.014911991109629435,-0.014008150122894714,-0.009495521800597028,0.1349912960423208,0.012010778040301798,0.018620325014205512,-0.06709736745858313,0.013074843809845837,0.7131036212541566,2.922989121128921,0.7637173962946844,53.69289848240157,53.724271513485355,53.74364861489064,53.70801932072866
1590.0,52.928000000000004,0.31202797805959626,-0.421813300730354,0.8349202767142473,0.01704294857126313,-0.06228245403239703,-0.03339511229025872,-0.014430051007088301,-0.010477234837272082,0.13540768833488123,0.012574090522842642,0.015828375109717307,-0.06301933994500436,0.013475601145934867,0.7078282183392278,2.9226806051770446,0.7631720219404039,53.69972147884135,53.73089632381774,53.74967009774034,53.71488921027157
1591.0,52.96,0.31245675879661555,-0.4236844937345128,0.8332623416925926,0.01339939803185449,-0.05847478137996824,-0.05181046942671437,-0.014719812842624833,-0.011201633727070616,0.13583596711240953,0.01305157748977976,0.01275114561463243,-0.058816646015335844,0.013793934475048201,0.702423734643529,2.9224406385219885,0.7627432412033845,53.7136625790509,53.74437985978866,53.76242718989213,53.728740481213286
1592.0,52.992000000000004,0.31276167395263266,-0.4254320416275023,0.8310197568242363,0.00952859862553346,-0.05461087165591675,-0.07008077713612552,-0.014880534175297272,-0.01167475434487729,0.13627328704799332,0.013445045140353223,0.009462926702432244,-0.054526431729778314,0.014032361300893319,0.6969117270723465,2.9222771170408333,0.7624383260473675,53.73467727038377,53.76469332211566,53.78190125933848,53.74953594296443
1593.0,53.024,0.3129379309348093,-0.42705500555911874,0.8281996325348512,0.005508030693021203,-0.05071762286301896,-0.08812888404329601,-0.014916242831714293,-0.011904440971826207,0.13671700165483588,0.013756647090696197,0.006036131466827955,-0.05018498886425413,0.01419370942600665,0.6913143586344257,2.922196095418562,0.7622620690651909,53.76269060541443,53.7917787213028,53.808045044254136,53.77720867902453
1594.0,53.056000000000004,0.3129831414482219,-0.42855327783469044,0.8248115316388198,0.0014128285441438405,-0.046821008611610364,-0.10587815300096831,-0.014831828397108133,-0.011900207326742782,0.13716466365616947,0.013988867323247377,0.0025408841782983355,-0.04582754495587953,0.014281101879460271,0.6856543041593072,2.922201836757686,0.7622168585517782,53.797597372330316,53.82554885841806,53.84078254035768,53.811662116045085
1595.0,53.088,0.31289723324025087,-0.4299275477676441,0.8208674408837934,-0.0026846314990956925,-0.042945935404806054,-0.12325283609458987,-0.014632970458467504,-0.01167309126517384,0.13761402192319475,0.014144504663932491,-0.0009553580688601805,-0.041488066340540204,0.014297942340037567,0.6799546518082438,2.9222968655078554,0.7623027667597493,53.83926243298629,53.86588747649793,53.880009056219635,53.852770262003574
1596.0,53.120000000000005,0.3126823497019173,-0.43117926340492935,0.8163817307614086,-0.006715110572924217,-0.039116113665160206,-0.1401784413245076,-0.014326063274330501,-0.011235504326673501,0.13806301565217538,0.014226658181077427,-0.004388151528794344,-0.037199074494520354,0.01424790040917908,0.6742388012292468,2.922482023320164,0.7625176502980828,53.88752122410705,53.91264957902368,53.92559143369067,53.900378109861634
1597.0,53.152,0.3123427383432347,-0.43231058955110324,0.8113711039366795,-0.010612854958830718,-0.03535394206793809,-0.156582088272801,-0.013918137545948048,-0.01060107727553168,0.13850976645285942,0.014238712875293897,-0.007696380910247339,-0.032991475971673866,0.014134896120559372,0.6685303592161717,2.9227565276328296,0.7628572616567655,53.942180415387334,53.965661909937346,53.97736842870031,53.95430220116925
1598.0,53.184000000000005,0.31188462914111603,-0.43332436250322304,0.8058545327212719,-0.014315912566207616,-0.03168040475374007,-0.1723928504814684,-0.013416779967954531,-0.009784502748312232,0.1389525690001211,0.014184325033561849,-0.010822544374592173,-0.02889440620926094,0.013963083130319109,0.6628530337226224,2.923118032971695,0.7633153708588841,54.00301871676941,54.024723588170055,54.035151246217744,54.01433134243006
1599.0,53.216,0.31131610374502006,-0.43422404189597175,0.7998531860750873,-0.0177664186280012,-0.02811498102340025,-0.1875420826932919,-0.012830051231300875,-0.008801376092538981,0.1393898808615014,0.014067406651839191,-0.013713009185465065,-0.024935087467295183,0.01373683011012567,0.6572305270558355,2.9235626950961655,0.7638838962549801,54.06978782603871,54.08960688831798,54.09872422185439,54.08022746574198
1600.0,53.248000000000005,0.3106469565180881,-0.435013660045132,0.7933903466666873,-0.02091085084162123,-0.024675567161254477,-0.20196373151247674,-0.012166403138432024,-0.007668035454947771,0.1398203120579415,0.01389210838584645,-0.01631823854580803,-0.021138701164952447,0.0134606999603452,0.6516864290363564,2.924085238235468,0.7645530434819121,54.142213507000385,54.16005815823967,54.16784564173776,54.15172662420047
1601.0,53.28,0.3098885483903084,-0.4356977691679592,0.7864913185567416,-0.02370025399311884,-0.021378410088353502,-0.21559462843582664,-0.011434595472169882,-0.006401402153428648,0.14024261484650208,0.01366280056626212,-0.01859298992738152,-0.017528274887518548,0.013139426568378541,0.6462441108583957,2.924679025739693,0.7653114516096917,54.21999678792254,54.235798863614136,54.24224869155468,54.22854011185463
1602.0,53.312,0.30905365450514893,-0.43628138685136214,0.7791833260907759,-0.026090433911235653,-0.01823805260634345,-0.22837476456145314,-0.010643613237082893,-0.005018822343972997,0.1406556741354385,0.013384051908222873,-0.02049648497280468,-0.014124584353500384,0.012777888953259058,0.6409266203261927,2.925336134514403,0.7661463454948512,54.30281526958694,54.316526749206666,54.32164252536227,54.31035569756241
1603.0,53.344,0.3081563066516126,-0.43676994013310366,0.7714954045991608,-0.028042120423007657,-0.015267290054420844,-0.24024754661294573,-0.00980258486681647,-0.0035379109707984052,0.14105849885693958,0.013060605652318,-0.021992550846989877,-0.010946070654382762,0.01238108275753816,0.6357565790755949,2.926047433617255,0.7670436933483875,54.39032453219919,54.4019171063798,54.4057134445401,54.3968389619386
1604.0,53.376,0.30721163148895303,-0.43716920855739533,0.7634582835048006,-0.02952109883311445,-0.012477138259115922,-0.25116003419878286,-0.008920701964182579,-0.0019763989640165618,0.14145021453434997,0.012697352990282977,-0.023049732741559827,-0.008008773102832609,0.01195408916708622,0.6307560823202156,2.926802667371933,0.7679883685110471,54.48215963050214,54.49162413654936,54.49412617739469,54.48763472664025
1605.0,53.408,0.3062356855902068,-0.43748526656404346,0.7551042624337952,-0.03049830933581603,-0.009876812707753096,-0.2610631584688882,-0.008007141113742938,-0.00035198462294308905,0.1418300571918851,0.012299303749508952,-0.02364137710349933,-0.005326278045876837,0.011502041454755384,0.6259466015900416,2.9275905433014406,0.7689643144097933,54.57793666674156,54.585282400526204,54.586525250136795,54.58236856553116
1606.0,53.44,0.3052452883518664,-0.4377244255694004,0.7464670809130032,-0.03094991369814199,-0.007473718917404758,-0.2699119225247819,-0.007070988279778229,0.0013178099061353756,0.1421973686686066,0.01187155443166481,-0.023745685073543115,-0.002909684011963217,0.011030089451282893,0.6213488908593989,2.9283988251030237,0.7699547116481338,54.67725443155198,54.68250834412817,54.68253644035314,54.680648387698476
1607.0,53.472,0.30425785383887516,-0.43789317609736517,0.7375817822225392,-0.030857328530971995,-0.005273453998898732,-0.27766558407696734,-0.006121166276170527,0.0030157761823271065,0.14255159331737877,0.011419253818189451,-0.02334573558382642,-0.0007675835592624645,0.01054336234319672,0.6169828963930637,2.929214430784958,0.770942146161125,54.77969610340052,54.78290189105302,54.78176830465075,54.782066082898204
1608.0,53.504,0.3032912226549791,-0.43799813031909274,0.7284845719524561,-0.03020722449675522,-0.0032798194289869608,-0.2842878209401296,-0.005166365768729472,0.004725150215819626,0.14289227599597618,0.010947566465358475,-0.02242947758304187,0.0010939378271273082,0.010046930280136118,0.6128676705753389,2.930023535965709,0.7719087773450211,54.884830997875106,54.886048094596156,54.88381377268427,54.88619922070411
1609.0,53.536,0.30236349494655584,-0.43804596536038237,0.719212671792815,-0.028991490888223437,-0.0014948450403009094,-0.28974687998875126,-0.0042149802444599585,0.006429735613983082,0.1432190611934114,0.01046163451059831,-0.020989690927382697,0.002671285484596708,0.00954576534075801,0.6090212899293167,2.9308116822036028,0.7728365050534443,54.992216358804626,54.991518840596726,54.988251800505154,54.992612795392404
1610.0,53.568,0.3014928656615941,-0.43804336773537245,0.7098041690666612,-0.02720716515505714,8.11757815601894e-05,-0.2940157101923383,-0.0032750453555472543,0.008114018385451213,0.14353169308143887,0.009966538296697247,-0.019023915599696677,0.003963321734023592,0.009044702455683012,0.6054607774829868,2.9315638900850916,0.7737071343384061,55.10139918394748,55.09887459465443,55.09464907674909,55.10086100940619
1611.0,53.6,0.30069746319278073,-0.43799697926360226,0.7002978624975731,-0.024856327150415268,0.001449639742818175,-0.2970720802839708,-0.0023541830176086373,0.00976327271630888,0.14383001624022423,0.009467256389194982,-0.01653434909054342,0.004971314315725171,0.008548400916682726,0.6022020295970816,2.9322647766569094,0.7745025368072194,55.21191807870939,55.20766618748249,55.202561775908976,55.21048908902593
1612.0,53.632,0.2999951925330405,-0.43791334482415695,0.6907331046888435,-0.021945958116884035,0.0026135762326663058,-0.2988986815228318,-0.0014595506111556925,0.011363657096138388,0.1441139767790348,0.00896862561262693,-0.0135277119935583,0.005698867091675378,0.008061307113107652,0.5992597473366417,2.9328986766465897,0.7752048074669596,55.323305132071155,55.317436632876095,55.311537353452565,55.32103512664571
1613.0,53.664,0.29940358406187134,-0.43779886229495335,0.6811496417811617,-0.018487764724034822,0.0035775790376119964,-0.29948321586502463,-0.0005977956013570971,0.012902300241562222,0.14438362355781245,0.008475301762241419,-0.010015082124645762,0.006151833162103995,0.007587619129462957,0.5966473724453846,2.9334497667812975,0.7757964159381288,55.43508780954193,55.427722973491534,55.421116378148064,55.43203194472958
1614.0,53.696,0.2989396490601224,-0.43765973501676114,0.6715874507508893,-0.014497968804656619,0.004347727443506984,-0.2988184696960435,0.0002249841466467868,0.014367376341663417,0.1446391092134644,0.007991721658621227,-0.0060116977682979035,0.006338210728123466,0.007131253812756754,0.594377027968472,2.9339021923905397,0.7762603509398778,55.54679085853559,55.538058150085334,55.53083439729777,55.543008977131464
1615.0,53.728,0.2986197430183907,-0.4375019271098514,0.6620865748123951,-0.009997063804113087,0.004931497090928317,-0.29690237307791195,0.001003274122019714,0.01574816923214916,0.14488069070511225,0.007522067203572345,-0.0015367309749034774,0.0062680222380308865,0.006695816875905053,0.5924594635656968,2.9342401953674067,0.7765802569816094,55.65793822201363,55.6479728903667,55.64022383095828,55.65349416391588
1616.0,53.76,0.2984594377591411,-0.43733112195586077,0.6526869573958778,-0.005009539351552083,0.00533766106220839,-0.2937380442661977,0.0017321708044753332,0.017035125193648682,0.1451087291144195,0.007070232067100532,0.0033869678233060404,0.005953177578723957,0.006284576545748754,0.5909040055621458,2.934448242468187,0.7767405622408591,55.76805495659484,55.756997613818385,55.74881589130257,55.763015856164444
1617.0,53.792,0.2984734033344362,-0.43715268413827185,0.6434282751868254,0.0004364242279733738,0.005576181799653025,-0.28933381903285355,0.0024074030469896537,0.01821989416266535,0.14532368846917598,0.0066397915887112385,0.008733152253014052,0.005407322308383311,0.005900441193181755,0.5897185117969115,2.93451115285365,0.7767265966655639,55.87666915151466,55.86466434905586,55.85614252336657,55.871104727407484
1618.0,53.824,0.29867530058956726,-0.43697162511166526,0.6343497707345465,0.0063092892228455025,0.005658094581456536,-0.28370326413374936,0.003025347126147228,0.019295359241481166,0.14552613339897133,0.006233976413374072,0.014472487507372333,0.004645672165337263,0.0055459413009093066,0.5889093313504633,2.934414223718353,0.7765246994104329,55.9833138448947,55.9705086601901,55.96173836319593,55.9772956883504
1619.0,53.856,0.29907768519796657,-0.4367925728425058,0.6254900851645908,0.012574519012476993,0.005595383411233291,-0.2768651740610829,0.0035830354419089253,0.020255654494031664,0.14571672547917627,0.00585565030563964,0.020572880566843334,0.0036848353228941533,0.005223216034163352,0.5884812692571575,2.934143352817968,0.7761223148020335,56.087528933665155,56.07407157854652,56.06514270918045,56.081129801384975
1620.0,53.888,0.2996919238749811,-0.43661974563273426,0.6168870915625434,0.019194958656706635,0.005400850305360595,-0.26884355006401134,0.0040781589122460896,0.021096171118234086,0.14589621817157064,0.005507292497199411,0.026999830424135007,0.002542624083046828,0.004934004584154661,0.5884375563386041,2.933685156688996,0.775508076125019,56.18886307326604,56.17490153567008,56.165901501834036,56.182156191082164
1621.0,53.92,0.30052812336810564,-0.43645693030198535,0.608577729633528,0.026131234160138423,0.005087979085902902,-0.2596675602817033,0.0045090631736321145,0.021813552189528775,0.14606545032466559,0.005190984826465093,0.03371679526551952,0.0012378579056533537,0.004679642356116015,0.5887798243251082,2.933027083360261,0.7746718766318945,56.286875562844315,56.27255629311941,56.26356930676026,56.279933946366555
1622.0,53.952,0.30159507270018676,-0.43630746486511957,0.6005978422814565,0.0333421666275388,0.004670794902056173,-0.24937147975226018,0.0048747387644656115,0.022405676275073345,0.14622533825193978,0.0049084038271661875,0.04068557324729806,-0.0002098401532355269,0.00446106197642096,0.5895080864634523,2.9321575183805484,0.7736049272998133,56.381138211184144,56.36660486384958,56.357711294761764,56.374034009499304
1623.0,53.984,0.3029001990112673,-0.4361742257993275,0.5929820147930135,0.04078519722126231,0.004163720806000962,-0.23799460901381797,0.005174805533665372,0.02287163032098968,0.1463768664597338,0.0046608178190994,0.04786669322549779,-0.0017802513760599445,0.004278798999289007,0.5906207238385587,2.931065883030679,0.7722998009887329,56.471237177961115,56.456629419305045,56.447905212315945,56.46404104625127
1624.0,54.016,0.3044495372058083,-0.436059619949836,0.5857634173518568,0.048416818579411755,0.0035814327966104736,-0.2255811700361722,0.0054094915794169664,0.023211672315748177,0.14652107714648396,0.004449088951757872,0.055219811558202644,-0.003452771367411337,0.004133002105618067,0.5921144776614166,2.929742723649961,0.7707504627941919,56.55677478424718,56.54222717544748,56.53374333470255,56.549555290886815
1625.0,54.048,0.30624771346692187,-0.43596558107582456,0.5789736516466901,0.05619300815979246,0.0029387148128570866,-0.21218017828643407,0.00557960708188698,0.023427184328925696,0.14665905863957004,0.004273680053431332,0.06270411090926341,-0.005206619698380076,0.004023447506834276,0.593984447794819,2.9281797910847565,0.7689522865330782,56.63737128540641,56.623012250124,56.614834393228854,56.63019435869766
1626.0,54.08,0.30829794255012344,-0.4358935709892463,0.5726426023708546,0.06406965885005615,0.0022503152055707415,-0.19784528986988112,0.005686513447293774,0.023520616615557998,0.14679193297382997,0.004134666047231834,0.07027869684906458,-0.007021046803356855,0.003949557197244963,0.596224097799612,2.9263701093592926,0.7669020574498767,56.712666598786626,56.698617483218385,56.690805467035844,56.70559501800402
1627.0,54.112,0.3106020386183059,-0.43584458518961466,0.5667982944390422,0.0720030021306931,0.0015308062384885809,-0.18263462286911875,0.005732088227817135,0.02349542355984759,0.14692084284560014,0.004031749614002928,0.07790298797584477,-0.008875535746234346,0.003910420640723471,0.5988252667864488,2.924308032774011,0.7645979613816942,56.782321977813616,56.76869621020936,56.761303829167254,56.77541491266462
1628.0,54.144,0.3131604392296297,-0.43581916284830935,0.5614667567669215,0.07995001910387883,0.000794448165791166,-0.1666105522537899,0.005718686321460023,0.02335599230749015,0.14704693819717757,0.00396428071185517,0.08553709527905756,-0.010749996543036692,0.0039048194326578686,0.6017781883497313,2.921989290752995,0.7620395607703705,56.84602162342646,56.83292397888405,56.82599873574336,56.839334225402574
1629.0,54.176,0.3159722419433782,-0.4358174009474523,0.5566718934703141,0.08786883480463013,5.505940178263885e-05,-0.1498394780189641,0.0056490979873968445,0.023107565001166504,0.14717136269844328,0.003931279505039331,0.0931421865336253,-0.01262495084077382,0.003931254446496257,0.605071516841287,2.9194110198874608,0.759227758056622,56.90347422312234,56.89100019829167,56.88458314646767,56.897057271532496
1630.0,54.208,0.31903525286813017,-0.43583897233180857,0.5524353633407236,0.09571909139850975,-0.0006741057611334194,-0.13239156654971662,0.005526504235083119,0.02275615558840922,0.1472952403949876,0.003931462211465498,0.10068083165865815,-0.01448170490526823,0.003987974955962764,0.6086923612104274,2.9165717827553146,0.75616474713187,56.95441440741837,56.94264970838857,56.93677536412359,56.94831401217539
1631.0,54.24,0.32234604634440855,-0.43588314738837286,0.5487764684424588,0.10346229613368793,-0.0013804705176338593,-0.11434046557076455,0.00535443015924951,0.022308462213192694,0.14741966278574903,0.003963269349306223,0.10811732519037938,-0.01630250905900074,0.0040730092186882835,0.6126263265948942,2.913471573235575,0.7528539536555916,56.998604113127946,56.9876242584623,56.982320580426965,56.99286147561509
1632.0,54.272,0.3259000348327127,-0.43594881902817834,0.5457120526525735,0.1110621402595162,-0.002052238743921343,-0.09576299343392478,0.00513669679791063,0.02177177623213363,0.14754567657856368,0.004024895848343656,0.11541798231247717,-0.018070701929946396,0.004184196013780034,0.6168575637938097,2.9101118081794053,0.7492999651672875,57.035833842716414,57.025703882162716,57.02099231541888,57.030485075310835
1633.0,54.304,0.3296915479698106,-0.4360345306092205,0.5432564109280092,0.11848478553429652,-0.002678486907566799,-0.07673880389262423,0.004877372086965508,0.021153888911650678,0.147674272350036,0.0041143224904528165,0.12255140524597301,-0.019770838117186284,0.004319216643580048,0.6213688266903536,2.906495305445091,0.7455084520301896,57.065923808955375,57.05669815701843,57.05259373771699,57.06099981304142
1634.0,54.336,0.3337139196633947,-0.4361385064089539,0.541421210034667,0.1256991154245171,-0.003249243741669874,-0.05735002791695053,0.00458072147333357,0.020462996864239077,0.14780637430794466,0.004229348155019546,0.12948871722846209,-0.02138879814440669,0.004475626937091797,0.6261415376193805,2.902626248450912,0.7414860803366055,57.08872495437084,57.08044733651672,57.076958853228426,57.08425135595426
1635.0,54.368,0.3379595820194325,-0.4362586842302266,0.5402154214110512,0.13267694862616622,-0.003755556914771942,-0.03768089448799161,0.004251158729499016,0.019707607269218882,0.14794283132131222,0.00436762236765099,0.1362037617912357,-0.022911879850804007,0.004650888827641909,0.6311558605954355,2.898510137546133,0.7372404179805676,57.10411983535796,57.09682334335024,57.0939535505359,57.100116976703674
1636.0,54.4,0.342420164839173,-0.436392749706267,0.5396452667653358,0.1393932131169056,-0.004189546126262659,-0.01781733267860868,0.003893197486580639,0.018896443896909483,0.1480844093467068,0.004526677682618789,0.14267326557353927,-0.024328870656110613,0.004842401118561084,0.636390782231203,2.894153728644787,0.7327798351608272,57.11202336154956,57.10573061312445,57.10347649194165,57.108506346623
1637.0,54.432,0.3470865993848094,-0.4365381718588015,0.5397141769202956,0.14582607955112187,-0.004544442266702342,0.00215344234249352,0.003511403971461306,0.01803835491483446,0.14823178534077822,0.004703961469244118,0.14887696347308324,-0.025630100424722652,0.005047529096219222,0.6418242000876122,2.8895649597082316,0.7281134006151908,57.11238338182743,57.107106778815634,57.105459840227496,57.10936217273138
1638.0,54.464,0.35194922509483384,-0.43669223945876845,0.5404227643268724,0.1519570534382804,-0.00481461249896756,0.022143356455529502,0.0031103513969549974,0.01714222340184502,0.14838554270988638,0.00489686671811973,0.15479768552051984,-0.02680747493983956,0.005263632697915976,0.6474330181066262,2.884752865799194,0.7232507749051663,57.10518110949189,57.10092318741696,57.099869812410994,57.10266067056673
1639.0,54.496,0.3569978979322974,-0.4368520977414647,0.5417688095658254,0.15777102617071906,-0.004995571334257816,0.04206391371727612,0.002694576413379449,0.016216881431207048,0.1485461683093175,0.005102761532604205,0.16042140545635247,-0.02785449027468199,0.005488092991266902,0.653193248688536,2.879727483560908,0.7182021020677027,57.09043138027699,57.087185241614314,57.08670705324908,57.08841186607712
1640.0,54.528,0.36222209907120917,-0.43701478503720315,0.5437472620497342,0.16325628559101032,-0.005083977991826449,0.061826640122157474,0.0022685379861022235,0.015271028508836071,0.14871405096821416,0.005319017022673883,0.16573725158165897,-0.028766228611802523,0.005718336770392729,0.6590801208894809,2.8744997460985435,0.712977900928791,57.068182738357905,57.0659325608449,57.06600682281578,57.0666597213379
1641.0,54.56,0.36761104266742745,-0.4371772688944107,0.5463502550265096,0.16840448738180228,-0.005077620537736111,0.08134353052422069,0.0018365790174810737,0.014313155068683072,0.14888948148304265,0.005543033370303085,0.17073748102051192,-0.029539336306512034,0.005951859121125219,0.6650681941340789,2.8690813693551656,0.7075889573325727,57.03851734693727,57.03723895778893,57.03783899423408,57.03748208037912
1642.0,54.592,0.3731537815194635,-0.4373364812941382,0.5495671348724848,0.17321058912614545,-0.004975387491484705,0.1005274951867356,0.0014028909839283803,0.013351471636280747,0.1490726539930148,0.005772263886382031,0.1754174190743129,-0.030171985215400907,0.006186243851590034,0.6711314767644019,2.8634847311794807,0.7020462184805367,57.001550721671165,57.001212228085066,57.00230785943562,57.00099043316088
1643.0,54.624,0.3788393095000916,-0.4374893525826267,0.5533845045501004,0.1776727493946083,-0.004777227765265395,0.11929280242547383,0.0009714818103419903,0.012393844174636485,0.14926366862605245,0.006004236928107317,0.1797753658381061,-0.03066381850963806,0.006419181725068035,0.6772435486817074,2.857722744376338,0.6963606904999086,56.95743128677117,56.957993752901814,56.959551742709294,56.957329497390816
1644.0,54.656,0.38465665972967156,-0.4376328437812123,0.5577862809940554,0.18179219467439392,-0.004484099955800119,0.13755551387360915,0.0005461471555336463,0.011447736026707775,0.14946253528401712,0.006236575590740056,0.18381247269228135,-0.03101588236579039,0.0066484864684727245,0.683377687282871,2.851808725111871,0.6905433402703286,56.9063397553672,56.90775791581015,56.90974242365607,56.906676619702196
1645.0,54.688,0.3905949975644939,-0.4377639769696683,0.5627537660823847,0.1855730573381773,-0.004097912139248871,0.15523390901027442,0.00013044523420753553,0.010520156766699932,0.14966917842126215,0.006467015129041129,0.18753259165376318,-0.031230545068753737,0.006872108561741674,0.6895069958502593,2.845756258112082,0.6846050024355063,56.84848833728636,56.85071133722945,56.85308437303194,56.84924099935804
1646.0,54.72,0.39664370758589146,-0.43787986347923596,0.5682657307468597,0.18902218816869468,-0.003621453423990253,0.17224889576486305,-0.0002723247459439091,0.009617618171058875,0.1498834426610837,0.006693418100186645,0.19094210087963812,-0.03131140517401587,0.00708814684083171,0.695604533522824,2.839579060145132,0.6785562924141086,56.784119779082005,56.78709193144786,56.789813806724425,56.78526273939599
1647.0,54.752,0.4027924738958318,-0.43797772967418236,0.5742985116818399,0.1921489471856136,-0.003058318592074482,0.18852440421810904,-0.0006591404988065741,0.00874609742027056,0.15010509909017436,0.006913787251713702,0.19404970984050374,-0.03126319045569067,0.007294857969893131,0.7016434459575985,2.833290843312479,0.6724075261041684,56.71350624258076,56.7171677928835,56.72019756480255,56.7150117316271
1648.0,54.784,0.4090313531496316,-0.43805494014482016,0.5808261200234275,0.19496497668126664,-0.0024128272074315387,0.20398776067463525,-0.0010272709360949635,0.007911007546873617,0.15033385207137692,0.007126276204887617,0.19686624783680193,-0.031091649415516745,0.007490663856782049,0.7075970957849405,2.826905179691146,0.6661686468503685,56.636948029702545,56.641235919764675,56.64453182411943,56.638786383449734
1649.0,54.816,0.41535083988375987,-0.43810901817961806,0.5878203612924706,0.1974839604414855,-0.001689938587434178,0.21857003965757346,-0.0013742868559925474,0.007117175054145199,0.15056934641941672,0.00732919800589772,0.19940443960006551,-0.030803437143544558,0.007674157100701217,0.7134391919671346,2.820435368867823,0.6598491601162403,56.55477216249561,56.55962078479213,56.56314065435262,56.55691219567689
1650.0,54.848,0.4217419238239097,-0.4381376634284237,0.5952509658263262,0.1997213731297036,-0.0008951640251762414,0.23220639168301238,-0.0016980681326477381,0.00636882454581448,0.15081117479229142,0.007521031634821868,0.2016786717239495,-0.030405997307721023,0.007844104571838628,0.7191439171882295,2.813894309884477,0.6534580761760904,56.46733082853345,56.47267276354148,56.476374428582304,56.46974020182621
1651.0,54.88,0.4281961389832651,-0.4381387667120853,0.6030857288658198,0.20169422372983378,-3.447761442488709e-05,0.24483634498414752,-0.00199680752946787,0.005669570130183536,0.15105888516197652,0.007700426575769075,0.2037047535913141,-0.029907442005440123,0.007999449230870582,0.724686052431962,2.807294379074126,0.647003861016735,56.3749997026896,56.380766432394374,56.384608100550814,56.37764528022564
1652.0,54.912,0.4347056044809764,-0.4381104219751196,0.6112906594157372,0.2034207968035008,0.0008857730301772425,0.2564040796849484,-0.0022690112900867346,0.00502241329383545,0.15131198824138964,0.007866205561296835,0.20549967632974317,-0.02931643114066557,0.00813931030158722,0.7300410979438007,2.800647315204219,0.6404943955190238,56.27817615717425,56.284298748607746,56.28823936157945,56.281024351184804
1653.0,54.944,0.4412630571243517,-0.4380509354168643,0.6198301369594829,0.2049203951054557,0.0018589549454788026,0.26685867324202084,-0.002513496688017368,0.004429746880509891,0.15156996475947163,0.008017365610813653,0.20708137312516217,-0.028642052895003257,0.008262981913160154,0.7351853898208068,2.7939641132637423,0.6339369428756485,56.17727737223587,56.183687125773965,56.18768669076653,56.180294472019064
1654.0,54.976,0.44786187590349,-0.43795883187218965,0.6286670750810432,0.20621308684809508,0.002878235771083091,0.27615431629879256,-0.0027293867391966114,0.003893364760880667,0.15183227249212208,0.008153077486580826,0.20846848398123485,-0.027893706746257872,0.00836993033015521,0.7400962115284491,2.787254928129273,0.6273381240965101,56.072738360447765,56.07936741835949,56.08338731252831,56.0758908432423
1655.0,55.008,0.4544960986426462,-0.43783285854487086,0.6377630910297526,0.20731946059860643,0.003936666478711579,0.28425049839713523,-0.002916102300761038,0.0034144767382848222,0.1520983529729753,0.008272683692684054,0.20968012771852376,-0.027080990353863528,0.008459789888675505,0.7447518997047368,2.780528989225564,0.620703901357354,55.96500991767222,55.97179182927346,55.975795075804214,55.968264739419
1656.0,55.04,0.4611604311374593,-0.4376719862247837,0.6470786802550559,0.20826039046293324,0.0050272600027242275,0.29111216329075984,-0.0030733517944386865,0.0029937282046099676,0.15236763782405016,0.00837569514237076,0.21073568369333096,-0.026213591484041524,0.00853235775637478,0.749131943678321,2.773794527159219,0.6140395688625409,55.85455651397908,55.86142675448963,55.86537826931368,55.857881378347116
1657.0,55.072,0.4678502491805406,-0.4374754081439518,0.6565733949388971,0.20905681384626645,0.006143065025996173,0.29670983387000494,-0.0032011188039278134,0.0026312240385680005,0.15263955466169515,0.008461786617822998,0.21165458536927545,-0.025301185989005333,0.008587587632762461,0.7532170781965143,2.767058713151266,0.6073497508194596,55.74185413765608,55.74875057867021,55.7526173871656,55.74521774209171
1658.0,55.104,0.4745615939393533,-0.4372425366460237,0.6662060255618004,0.2097295237129213,0.007277234310254271,0.30101970696576175,-0.003299647802649877,0.0023265562258081318,0.1529135325475836,0.008530791144301133,0.21245612752642165,-0.02435334269133685,0.008625582504455009,0.7569893689308533,2.760327611928148,0.6006384060606469,55.62738810534208,55.63425143549914,55.63800285886509,55.63076036326741
1659.0,55.136,0.48129116119968535,-0.43697299785897736,0.6759347845544051,0.21029897688535226,0.00842308709519689,0.3040237185188636,-0.003369428271488869,0.0020788346754319464,0.1531890069674824,0.008582693397535028,0.21315928852994745,-0.02337943585716795,0.008646586567982176,0.7604322903999476,2.7536061485532297,0.5939088388003149,55.511650850916034,55.51842494607954,55.52203275739185,55.515003089546546
1660.0,55.168,0.4880362850254252,-0.4366666245718232,0.6857174911083311,0.21078511955439289,0.009574165223568562,0.3057095798102209,-0.003411177465759621,0.0018867207105783541,0.1534654243319286,0.008617622260034308,0.2137825687332136,-0.02238856577675546,0.008650976430499979,0.76353079602147,2.7468980894952124,0.587163714974575,55.39513970543701,55.40177194826281,55.405210498515466,55.39844483900779
1661.0,55.2,0.49479491641118684,-0.4363234475229769,0.6955117562479802,0.21120723080502823,0.010724282776445306,0.3060707856139999,-0.003425822086983145,0.0017484627203125259,0.15374224600264957,0.008635842638290874,0.21434384574366622,-0.021389487808883306,0.008639251696378058,0.7662713800755104,2.7402060380389273,0.5804050835888133,55.27835467983537,55.284796229216646,55.28804254392889,55.28158735831526
1662.0,55.232,0.5015655975191649,-0.4359436853110452,0.7052751672973756,0.2115837846243363,0.011867569122866935,0.3051065952936391,-0.003414479108369001,0.0016619334760514424,0.15401895185651865,0.00863774664904565,0.2148602469631237,-0.020390550091959888,0.0086120250451084,0.7686421314299606,2.7335314439510134,0.5736344024808353,55.16179626155091,55.16800227287737,55.17103612009465,55.16493299518395
1663.0,55.264,0.5083474320962059,-0.4355277331383171,0.7149654709126089,0.21193233053250965,0.012998505397751882,0.3028219879760056,-0.003378435993592065,0.0016246686365506276,0.15429504340506975,0.008623844279010974,0.2153480395090257,-0.019399639979611864,0.008570011903306751,0.7706327789435972,2.726874627121381,0.5668525679037942,55.04596323558725,55.05189303323674,55.05469696397466,55.048982495828
1664.0,55.296,0.5151400526623676,-0.4350761505936368,0.7245407538901059,0.2122693926925765,0.014111954521261141,0.2992275930468139,-0.0033191305368646187,0.001633905990979908,0.15457004649215839,0.008594753618396572,0.21582253735732024,-0.0184241391268381,0.00851401981073267,0.7722347285241987,2.7202348147143636,0.5600599473376325,54.93135053984111,54.93696774364519,54.9395271060205,54.93423283744708
1665.0,55.328,0.5219435850492101,-0.43458964867493655,0.7339596210030054,0.21261038708880445,0.015203184959381269,0.29433959727807707,-0.003238130538815467,0.001686625018212297,0.15484351359541076,0.008551190764696535,0.2162980253006439,-0.017470887033367882,0.00844493757715027,0.7734410918760901,2.713610191184369,0.55325641495079,54.81844716376945,54.823719771549435,54.82602270000697,54.82117510497717
1666.0,55.36,0.5287586108458258,-0.43406907624293706,0.7431813691617577,0.2129695561442621,0.01626788849998581,0.2881796299610417,-0.00313711351771574,0.0017795863720630701,0.1551150257587703,0.00849395948913187,0.21678769911257512,-0.016546152747537395,0.008363724323487136,0.7742467070243104,2.7069979603426404,0.5464413891541744,54.70773409879587,54.71263452726956,54.71467190845294,54.71029242064182
1667.0,55.392,0.535586128284276,-0.4335154060867964,0.7521661572399553,0.21335991995154568,0.017302192379393753,0.28077462744364295,-0.0030178466394842323,0.0019093709353086186,0.15538419418395114,0.008423940754021916,0.21730362112755897,-0.015655614345118692,0.008271398497033077,0.7746481507501218,2.700394418507225,0.5396138717157242,54.599682348044695,54.60418743464405,54.60595285156812,54.60205793399673
1668.0,55.424,0.542427512064807,-0.43292972077021313,0.7608751709517987,0.21379324314161752,0.018302666143228955,0.27215667849513636,-0.002882167033053296,0.002072418119916805,0.15565066150811083,0.00834208216509162,0.21785669030998786,-0.01480434572546692,0.00816902694635283,0.7746437431153683,2.6937950376298465,0.5327724879351932,54.494751002325884,54.49884197056328,54.50033162683238,54.49693287946994
1669.0,55.456,0.5492844725860716,-0.4323131984130697,0.7692707822129483,0.21428001628949508,0.019266323660730163,0.2623628519108965,-0.002731962640408066,0.0022650631255907707,0.1559141027937868,0.008249387438423256,0.21845662577099056,-0.013996810210135817,0.008057714137116052,0.7742335442904426,2.687194557173114,0.5259155274139286,54.393385388505976,54.397047779668696,54.39826040554402,54.39536470758654
1670.0,55.488,0.5561590150076572,-0.43166709854951146,0.7773167024613287,0.21482945067457312,0.0201906207361971,0.2514350077619138,-0.002569153733254478,0.002483572903644196,0.15617422625528063,0.008146905957109023,0.2191119626193245,-0.013236860387991406,0.007938591585196702,0.7734193439330468,2.6805870834109164,0.519040984992343,54.2960152957684,54.29923886973036,54.30017561188873,54.297785295414414
1671.0,55.52,0.5630533985325143,-0.43099274818874767,0.7849781294583149,0.21544948515176218,0.021073448773866327,0.2394195936557933,-0.0023956752110858848,0.002724180607105675,0.15643077374342923,0.008035722488131355,0.2198300589782586,-0.012527743623303188,0.007812807578141711,0.7722046433919021,2.6739661947451103,0.5121466014674858,54.2030532845359,54.20583189253945,54.20649618938094,54.20460924101735
1672.0,55.552,0.5699700962563198,-0.4302915281901472,0.7922218871332757,0.21614680386894355,0.02191312495626664,0.22636742734254903,-0.002213459778674806,0.0029831183410814863,0.15668352100823096,0.007916947124929548,0.19769408736939803,-0.008250769321434738,0.007681517250504989,0.7705946310318996,2.667325051573307,0.5052299037436804,55.81082940300838,52.88402796834972,52.42168563806718,55.34942879222353
1673.0,55.584,0.5769118454409792,-0.42956476875456,0.7990509849548492,0.21692966202058184,0.022711232362097416,0.21340930692414745,-0.0020244664999379655,-0.011841992514033756,0.1569643049641878,0.007792933526943716,0.17375327047323286,-0.003723101868221057,0.007500995150590894,0.7686406819041558,2.660657936034957,0.498288154559021,54.545263389583674,53.6798571888364,53.52384736279043,54.3904213170431
1674.0,55.616,0.5837386568315136,-0.42883658867042124,0.8054020714847049,0.21333785595422433,0.0227556276293392,0.19847145405801314,-0.003057048351098429,-0.033456810090751986,0.15727428412267727,0.0079686468827409,0.14448383731144712,0.0009069326345114564,0.007270158827199324,0.7663021683959533,2.6541005843333325,0.49146134316848655,54.419173818962484,53.63911725786213,53.49202202407154,54.27487253739405
1675.0,55.648,0.5902457150643455,-0.42812958703438553,0.8112425407595166,0.20334556977597507,0.022093801126113432,0.18251466483784656,-0.005236385484967745,-0.061188999024305905,0.157641762982451,0.007877973987748133,0.10874395834663085,0.0058728075466625805,0.006943535304969039,0.7635831140603521,2.6478533999211593,0.4849542849356546,54.29141798995365,53.60837237408419,53.473513346713624,54.16029671731419
1676.0,55.68,0.5961703651697846,-0.42746471943614595,0.8165339622130658,0.18514531579499158,0.02077711244498924,0.16535692042343123,-0.0084692621765023,-0.09427473042337213,0.1581133023880615,0.007606861257167874,0.06602976848506052,0.011316655767351282,0.006444152406162129,0.7604795290498048,2.6421730757239836,0.47902963483021554,54.123168306831715,53.61710154736488,53.50688054982825,54.01759814469911
1677.0,55.712,0.6012001522087097,-0.4268611413282528,0.8212278923178152,0.15718084496639156,0.018861815871658277,0.146685315773402,-0.012571718273093797,-0.13132811406197145,0.15873508866304026,0.007126555384989304,0.016519357354979954,0.017289125175198792,0.005690184034501477,0.7569749547403493,2.6373644184672163,0.47399984779129045,53.907628241910054,53.66993914839424,53.59874915203377,53.842183730951525
1678.0,55.744,0.6049868919006133,-0.42633600409244604,0.8252626659553087,0.1183356153719997,0.016410538618963428,0.12608667617168556,-0.017249767899439956,-0.17025510085744217,0.15952957776602184,0.0064079239250307675,-0.038818677763411656,0.023733505734623232,0.004628774893367926,0.753037810723126,2.6337662921087115,0.4702131080993869,53.644374234652894,53.76637855593844,53.749575659499435,53.63468793434054
1679.0,55.776,0.6071673510959547,-0.42590423377777187,0.8285628472976075,0.06813934985441043,0.013492822333566416,0.10313066694682638,-0.02208210208109639,-0.2082567623759329,0.16046861252054576,0.005464890911792858,-0.09822178296458534,0.030474315443767643,0.0032754609101635357,0.7486225005594067,2.6317312591930997,0.4680326489040455,53.3433579477824,53.89828931810673,53.95001381482226,53.40384016450445
1680.0,55.808,0.6073900425766006,-0.4255783866714568,0.8310430925423344,0.006959108770185424,0.010182722072346686,0.07750766389772408,-0.026515725113986435,-0.2419717066801489,0.16145319064814,0.004386117598841589,-0.15927577506370333,0.037213549814632756,0.0017449494595175473,0.7436760916035469,2.6315995784673487,0.4678099574233996,53.02779748281743,54.04895290239657,54.17844193714648,53.167851190124644
1681.0,55.84,0.6053462515367243,-0.425368724383251,0.8326173417325056,-0.06386846999612679,0.006551946506430264,0.04919528719284227,-0.029895376320394663,-0.26778655836306636,0.16231597746940746,0.0033307831104432695,-0.21919917789946256,0.04354238028234515,0.00025060818321623877,0.7381510859629433,2.6336695182480065,0.4698537484632759,52.733454836033054,54.19520009102158,54.40200457496007,52.95258001968045
1682.0,55.872,0.600802128009019,-0.42528362031238304,0.8332125082451057,-0.1420038602408056,0.0026595022146246885,0.0185989535187572,-0.03154849765961654,-0.2822913338921645,0.16286131730119935,0.0024705212077641672,-0.2752008318548764,0.04897976355538921,-0.0009482864173795735,0.7320224756552033,2.6381670356779945,0.47439787199098116,52.50238714371032,54.312855193383186,54.58287553331169,52.78608271413941
1683.0,55.904,0.593628013960028,-0.425330251721524,0.8327836730107362,-0.224191064030945,-0.001457231535654916,-0.013401101074046627,-0.030924372619614896,-0.2827888810692952,0.16294078472451662,0.0018981335254491197,-0.324792310876093,0.053043230293584445,-0.0016492671200928287,0.7253046960328764,2.6452182876854,0.4815719860399722,52.371661270232714,54.38346649822859,54.68905719547653,52.69144157006283
1684.0,55.936,0.5838214050106758,-0.42551529566079366,0.8313262379851605,-0.30645652966728837,-0.005782623102177446,-0.045544844549246115,-0.02773932015812594,-0.26772022598214285,0.1625336630751089,0.0015718109875255456,-0.36594450040504706,0.05533604045735314,-0.0018170771684120012,0.7180626099787382,2.654828027583627,0.49137859498932435,52.36115967522435,54.39914107524557,54.705530108741264,52.6811042613438
1685.0,55.968,0.5715209384946764,-0.4258452148982196,0.8288805462000489,-0.3843895786249371,-0.010309976169558975,-0.07642786828472767,-0.022046702693177947,-0.23687690303539186,0.16178531850999708,0.0013515745074536602,-0.3970518022360157,0.05561216481821685,-0.0016364204920740976,0.7104114282677422,2.6668659831319843,0.5036790615053237,52.4668153090288,54.36366917350426,54.63964418958088,52.754742305103534
1686.0,56.0,0.5570101412060477,-0.426325883348562,0.825526391844716,-0.4534624152696967,-0.015020889073201402,-0.10481732360416554,-0.014179715982373057,-0.1913419299161341,0.1609768899648493,0.0010886901369890935,-0.40538205427253426,0.05292946199061315,-0.0014700700685857325,0.7028156005935592,2.6810622672733655,0.5181898587939524,52.04775865529401,54.90099773933958,55.236651083024135,52.39364703980086
1687.0,56.032000000000004,0.5407066608602482,-0.426962094955782,0.8213902341193922,-0.5094837608061785,-0.019881612725624328,-0.12925492891635523,-0.0037485024531959546,-0.12364898073459615,0.16043138004057245,0.002124569767363922,-0.40363176560948755,0.049937931465667044,-0.0017294087919862754,0.6957712147180485,2.6970174838239047,0.5344933391397519,53.30067402262173,54.33646985168391,54.29948424498418,53.27910433015939
1688.0,56.064,0.5232456133975295,-0.4277496997398428,0.8165975807487655,-0.5456577332100196,-0.0246126495019014,-0.14977041783209838,0.007585963369936316,-0.04680663931261924,0.15935172492470037,-0.038251890198421186,-0.4019039327033092,0.04673058701298377,-0.0012458494098347593,0.6892434698769204,2.7141158477044254,0.5519543866024706,54.60731922487049,53.543396072319204,53.365709148943814,54.281608138340765
1689.0,56.096000000000004,0.505358157858219,-0.42867865215690076,0.8112263183350493,-0.55898298560339,-0.029029763033058695,-0.16785195042861295,0.019301966282097228,0.025000443664039244,0.15719303839682003,-0.09767397234812814,-0.3995234452621779,0.04277614582334033,0.0007986981632412959,0.6830946962081447,2.731642558745698,0.5698418421417811,55.26851465135518,53.23416350272017,53.07013845504857,54.7105989216381
1690.0,56.128,0.48773536541481066,-0.4297523251487586,0.8053572352500877,-0.550712263856572,-0.03355228099556131,-0.1834088464050699,0.029596141618776432,0.08375030394250509,0.15575279655503266,-0.08984348325985077,-0.39612623706987565,0.038210095494498456,0.00194408279432684,0.677180687126495,2.748923610041836,0.5874646345851895,55.560953436176774,53.13286041151852,52.95134733922035,55.01229009966188
1691.0,56.160000000000004,0.47095117620816057,-0.43098240845601227,0.7990224732467963,-0.5245059127077566,-0.03844010335167257,-0.19796131260283462,0.03721486932793559,0.12480739931389667,0.15587838912299914,-0.03895664590147195,-0.39094320334121213,0.032867215218377446,0.0010529057707358235,0.6713173630032087,2.7653986823275156,0.6042488237918395,55.54105647124445,53.22563360966203,52.99761510917744,55.15299976407103
1692.0,56.192,0.45540740559987103,-0.4323806511293609,0.7922013147040153,-0.4857428315091017,-0.043695083542150084,-0.21316120446192913,0.04248197197242145,0.14825159933955798,0.15630676071163246,-0.01593544030300797,-0.38295599075438447,0.025924137211732312,-7.264255919141592e-05,0.6652939840626502,2.7806747004324084,0.6197925944001291,55.32499316680451,53.44335112279014,53.24271194019283,55.06090279323194
1693.0,56.224000000000004,0.4413346473423394,-0.43396209134782743,0.7848732891324084,-0.4397736955478141,-0.049420006827072975,-0.2290007991126914,0.045894756495743996,0.15712464626691955,0.1564957695447955,-0.006416604983716669,-0.37122481766615845,0.016837025200197947,-0.0006520010800383446,0.6589342158790295,2.7945283813537545,0.6338653526576608,55.00845608494721,53.68296659919828,53.571391586739594,54.87382265687381
1694.0,56.256,0.4288220855750267,-0.43574590448902006,0.7770282157340836,-0.3910175552285647,-0.05574416066227602,-0.2451585436976752,0.048283571313882376,0.1556520977728684,0.1563300784293324,-0.0029428838191003052,-0.3548361213433716,0.005320214237929111,-0.0005110038045540999,0.6521232400032897,2.806877517131637,0.6463779144249735,54.65932153737136,53.918174705499304,53.91514808681722,54.646567398631085
1695.0,56.288000000000004,0.417859125820114,-0.43775730546135483,0.7686664906000673,-0.3425924923409847,-0.06285628038545436,-0.2613039104379814,0.05057258495536031,0.14838468408357028,0.15591351731500158,-0.0016308545859830721,-0.33315398325267037,-0.008692433892538168,0.000213391926526435,0.6448291275504225,2.817740197824771,0.6573408741798862,54.350918395268266,54.13003534047682,54.21457374641457,54.42807981515597
1696.0,56.32,0.4083802189528881,-0.44002948523532975,0.7597958825723015,-0.29621583960084064,-0.07100561793672423,-0.27720650086771326,0.05349023655242582,0.13940823414516967,0.15541881983045613,-0.0006899150087087726,-0.2920295742166328,-0.023940833327827864,0.0012880229409277355,0.6376621200623585,2.827190707977333,0.666819781047112,53.414659879631195,55.36456704429997,55.34483505751452,53.38701614104719
1697.0,56.352000000000004,0.4003054026212817,-0.44260439985574485,0.7504317177402936,-0.25233801036267156,-0.08046608188796261,-0.2926301510002129,0.05707516467543558,0.14372611051014486,0.15578152793511374,0.0037484187020553564,-0.2507411654910639,-0.039752638437713865,0.0014155317708009873,0.6307176952259,2.8353195709617482,0.6748945973787184,54.482884137922326,54.601318537243074,54.501869042120234,54.39276619052451
1698.0,56.384,0.39368993707569777,-0.44551146400500197,0.7406276033533951,-0.20673329829952133,-0.09084575466429505,-0.30637857459061324,0.06027869789997828,0.14939746323653535,0.15572932856652408,-0.012004347253081016,-0.207903842851165,-0.056838872412329905,0.002394397189503816,0.6240385367639861,2.8420830346689545,0.6815100629243024,54.76942994127995,54.556969826569855,54.49435709665008,54.649222233589825
1699.0,56.416000000000004,0.3886005159269373,-0.44877501685420423,0.7304265708001371,-0.1590444108987474,-0.10198602653755943,-0.3187822672892766,0.06278548629304105,0.15359957558473028,0.15585395969125682,-0.00423223139594279,-0.1631686212910886,-0.07494935189838475,0.003412507803749437,0.6176485207925223,2.847424954468187,0.6865994840730629,54.88795997541,54.691310997162844,54.61684436292042,54.78291438436881
1700.0,56.448,0.3850881154634603,-0.4524145193366867,0.7198659216595383,-0.10976251448366851,-0.11373445257758939,-0.33002028564374675,0.06458772085506892,0.15635474050492165,0.1560292606760479,-7.811154118983043e-05,-0.11698861999551641,-0.09389950269513563,0.004660042966118888,0.6115612422012427,2.851303905452172,0.6901118845365399,55.01259522075771,54.82665061469621,54.74819147659952,54.91518346463179
1701.0,56.480000000000004,0.38318941828307584,-0.4564448871221667,0.7089867218108962,-0.05933428688700693,-0.1259489932962357,-0.33997499527002956,0.06568921246649183,0.1577018957150726,0.15619992009272934,0.0025160207969264245,-0.06977406849839707,-0.11349411494484846,0.006225611179631624,0.6057935295765626,2.853692043570723,0.6920105817169243,55.141508387716385,54.9637468388629,54.885840565181454,55.048763752504115
1702.0,56.512,0.3829269912420525,-0.4608764946158871,0.6978338541173382,-0.008200845031980932,-0.13848773417877783,-0.3485271154237241,0.06610579734478579,0.15768778589042762,0.1563469797443493,0.004557775920832702,-0.021930219573181375,-0.1335275726665377,0.00814463509971598,0.6003651248989923,2.8545748601408363,0.6922730087579476,55.27349707162412,55.1033108264659,55.02846062084433,55.18429942928702
1703.0,56.544000000000004,0.38430954468395984,-0.4657152273697266,0.686455953159308,0.04320479505959993,-0.15121039855746754,-0.35555940493840593,0.06586216009990736,0.1563677863800426,0.1564708592210443,0.00653514771710737,0.02614404965583888,-0.15379368500732432,0.010423199071877286,0.5953173099111132,2.8539508410216228,0.6908904553160403,55.41098050789918,55.248624229222685,55.17827409566034,55.325078168917756
1704.0,56.576,0.3873324643798926,-0.470962621018486,0.6749063580984443,0.09446624049790943,-0.16398105152375006,-0.36092484565202776,0.06498969333082484,0.1538056598240961,0.1565826259524463,0.008678100456611573,0.07406366504184797,-0.1740936792311716,0.013050378153125578,0.5908752327217797,2.851830849006083,0.6878675356201076,55.583657210040734,55.429747000190524,55.36477371269371,55.50119481175788
1705.0,56.608000000000004,0.3919800030317639,-0.47661643007253224,0.6632536877561779,0.14523558287096142,-0.17668153293892466,-0.3641459481957864,0.06352469447368617,0.15007237058178036,0.15669931611943624,0.011088562537550754,0.1198593326468516,-0.19162737100041663,0.016005204112651317,0.5869662047951661,2.8482358395789373,0.6832199969682362,56.014657766909345,55.65949831313626,55.26411165738569,55.59960454485837
1706.0,56.64,0.3982228343139446,-0.48267004823553383,0.6515639139764929,0.19508847756816922,-0.18917556759382068,-0.36530543061519466,0.058779216094857936,0.14355010950099806,0.15675327831719316,0.014121417896198593,0.15643665109677501,-0.1992376390105719,0.019383034601592835,0.5841558253449817,2.8431989748080335,0.6769771656860555,57.188091320139165,55.94445503758509,54.60230782572232,55.82489764145481
1707.0,56.672000000000004,0.4060007918222703,-0.48908877928366046,0.6399246063088811,0.24306117213514972,-0.20058534525393457,-0.36372836461282765,0.043792665946854215,0.12795913869998304,0.15566002534695145,-0.008829615238789317,0.18763737004055328,-0.20439095301780136,0.024687436680122993,0.5825103620817556,2.836778138510019,0.6691992081777298,56.8608981714008,55.9217877878773,55.515781823223726,56.32082399907157
1708.0,56.704,0.41515038552754446,-0.49575019476638554,0.6284793011211797,0.28592480328984976,-0.20816923383518188,-0.35766578711571073,0.02504028456606341,0.10523056283942375,0.15521661689601304,0.010686440692594036,0.21363827200120003,-0.20705776789934185,0.02933666443611466,0.5818539942900073,2.8291152479829202,0.6600496144724557,56.719442019153526,56.15544302364828,56.07682952871888,56.566227629250044
1709.0,56.736000000000004,0.4254208673857581,-0.50250018542829,0.6173437189601916,0.32095255806913936,-0.21093720818449074,-0.34798694253083884,0.005420323028465195,0.0781795526583679,0.15548324434260882,0.021173048856364125,0.23467522697525284,-0.207473133669517,0.03315663346425556,0.581976335534416,2.8204294884108108,0.6497791326142421,56.5806007761011,56.39585020913348,56.562736526862075,56.69955275539814
1710.0,56.768,0.43650894393676093,-0.5091795315340825,0.6066130397521639,0.3465023922188774,-0.20872956580603738,-0.3353337252509034,-0.012973182066751823,0.0498095715367496,0.1564812443412455,0.02777950050924087,0.251447839602339,-0.20620480459520268,0.036018430643669816,0.5826712653688516,2.810987427461318,0.6386910560632393,56.41809257405995,56.61358969905569,56.991007994587015,56.76255514905355
1711.0,56.800000000000004,0.44809371707462625,-0.5156421761328774,0.5963562960966472,0.3620241605582508,-0.2019576437123204,-0.32052323923485954,-0.02838286080225466,0.023194092138135225,0.15807472578099366,0.03255947877616272,0.2647128220206221,-0.20369371747077578,0.038015289830108295,0.5837522902727298,2.8010722559298813,0.627106282925374,56.2906788042802,56.79459523252688,57.30812746457034,56.78238779210786
1712.0,56.832,0.4598732544466175,-0.5217700231589671,0.5866169278347254,0.36811054287476624,-0.1914952195653244,-0.3043552581850894,-0.039663141948157614,0.0008334987033950044,0.15999622256708682,0.03624143388977313,0.27522398627899175,-0.20025496789256708,0.039437060859581284,0.5850631385664111,2.7909512697012056,0.6153267455533826,56.2286718301843,56.92964424951147,57.49626118786003,56.78250626065363
1713.0,56.864000000000004,0.4715945745917695,-0.5274817296413336,0.5774182685939541,0.3662912545359602,-0.17849082757393026,-0.28745810127407234,-0.04633789579266632,-0.015684825308992418,0.16195615678840503,0.03900153342512429,0.28369818131011315,-0.19613325330235495,0.040624468980048165,0.5864849505539028,2.780848957223494,0.6036054254082306,56.23717177932137,57.01883223829398,57.565631203891115,56.7774790026988
1714.0,56.896,0.4830725982712146,-0.5327352174722847,0.5687711418221287,0.35868823998269933,-0.16417149471724127,-0.27022271161957134,-0.04853057066942925,-0.0257243918145636,0.1637452233582612,0.0409578247044065,0.29080719223966195,-0.19157035766294694,0.041829637988358453,0.5879410728628398,2.770929768735507,0.5921274017287855,56.30385072614656,57.069445511939,57.54401745097899,56.774935412050745
1715.0,56.928000000000004,0.49419750406936486,-0.5375249570484592,0.5606808319961751,0.3476533061921558,-0.149679361755435,-0.25282218206102175,-0.04681223236833019,-0.02943233983891385,0.16527903607759717,0.04233733568263169,0.29718755535000435,-0.1868473994485335,0.04315396162739669,0.5893997413266424,2.7612911546876644,0.5810024959306352,56.4088619291674,57.091923515769665,57.46585586787056,56.779527777489236
1716.0,56.96,0.504932601050792,-0.5418757382322666,0.5531519778015306,0.335471780669634,-0.13596191199399918,-0.23527669358266817,-0.042008572163128984,-0.027490199544850675,0.16658409118810263,0.04342087850420855,0.3034499889377314,-0.18228807905369654,0.04456542746563341,0.5908745495726649,2.751965046677518,0.5702673989492082,56.53372043015451,57.097134988095696,57.36338648185717,56.79539372807027
1717.0,56.992000000000004,0.5153058919198751,-0.5458347954750469,0.546191302293113,0.32416533965881117,-0.12372053883686829,-0.21752110963802607,-0.035016634177560776,-0.020877800209896557,0.16775239997150843,0.04442859497880649,0.3016623242826111,-0.1733424855126366,0.04595816922706181,0.5926757469134346,2.742925004335658,0.5598941080801251,57.56483373827301,56.906165966502755,56.44759645623651,57.100145931013756
1718.0,57.024,0.5253980660720284,-0.549463586473321,0.5398182426998587,0.3153804422548271,-0.11339971869608056,-0.1991581122892186,-0.03154797149035378,-0.01939648888030322,0.16885514736790178,0.03597524261682262,0.2946213048612907,-0.1621789316750594,0.047268602448356206,0.5950216257525327,2.7340961200592067,0.5498019339279717,57.67546498099932,56.94237039973268,56.53511963064037,57.22304077258087
1719.0,57.056000000000004,0.5352294833427049,-0.5527950292160707,0.5340744506879985,0.30723178970860593,-0.10410758571091513,-0.17949350037060957,-0.031653646494588766,-0.023791179616698546,0.17037316477248574,0.043064276354439525,0.28798918125303946,-0.1522258746174589,0.04783983059088393,0.5979006372467494,2.7254564090428772,0.5399705166572952,57.135905953764755,57.18487668882077,57.224481332043375,57.156408380041576
1720.0,57.088,0.5447524096916458,-0.5558355486700783,0.5289887787453562,0.29759144840443646,-0.09501623293774886,-0.15892724820758974,-0.031513238167912704,-0.027697924536603323,0.17196193553187517,0.04575273353821155,0.27989616799391637,-0.1422172521892563,0.04815020952374082,0.6012860582946459,2.717046111110836,0.5304475903083543,57.20381185047787,57.26187879928063,57.29696673198996,57.22930987924507
1721.0,57.120000000000005,0.5539245530992187,-0.5585935558681674,0.5245873850563155,0.2866294814866206,-0.08618772494027323,-0.13754355278250613,-0.031123152922940937,-0.03108154327664704,0.17357678592121745,0.0471066426225466,0.27050525464356767,-0.13222148187538474,0.048259759623409657,0.6051508844035047,2.7089009602449767,0.5212754469007814,57.26665173391584,57.327884904746746,57.35871997363137,57.29287433479703
1722.0,57.152,0.5627095610021874,-0.5610794092781501,0.5208931629212994,0.2745314969678007,-0.07768291906196956,-0.1154444417192669,-0.030496857842579567,-0.033936622593024386,0.1751947015557683,0.047760758215555026,0.259989729637487,-0.12231643984671581,0.04819973079995271,0.6094671257043495,2.7010518617178954,0.5124904389978128,57.321195870895615,57.38392276217467,57.41137662148994,57.346893839873296
1723.0,57.184000000000005,0.5710771427004483,-0.5633052298445773,0.5179257102665643,0.26148692807062407,-0.06955689270084135,-0.0927328954604609,-0.029649679083285856,-0.03626258473301526,0.17680275462507405,0.04801246190544598,0.2218268552164699,-0.10780943557450107,0.04798879474477041,0.6142058861092948,2.6935248663894797,0.5041228572995519,59.37749531878578,56.02911823836886,55.44400756901599,58.792479318075614
1724.0,57.216,0.5790036973764434,-0.5652850222981601,0.5156872385545093,0.2477048336248749,-0.06186851417446988,-0.06995224100172788,-0.028615114099481778,-0.05403569758878308,0.1788638005778457,0.048138764699452954,0.18098636631581075,-0.09321719799480276,0.04698126468846664,0.6193192456935753,2.6863415640594073,0.49619630262355674,57.99806669903652,57.08140691978428,56.890623090231095,57.81191286952727
1725.0,57.248000000000005,0.5863006946235243,-0.5670642151762929,0.5141972364033596,0.2280311639712521,-0.055599777441642954,-0.04656256722342273,-0.029188591793234898,-0.07946478402556734,0.18113765695784362,0.04791076189756234,0.13485947687195304,-0.07893362313759116,0.04551356890101511,0.6247873825567611,2.6796907216873023,0.48889930537647586,57.85508128978858,57.23404845092127,57.082651902438194,57.71327351329169
1726.0,57.28,0.592696027054529,-0.5686874137723502,0.5134464758168157,0.1998541384689174,-0.05072495612679643,-0.023461268329499022,-0.031032273075980773,-0.11010862953114721,0.18356903596946317,0.04678190949197305,0.08237294289061896,-0.06466142869274709,0.043653209114878716,0.6305557066061167,2.6738449064926813,0.4825039729454712,57.74328243990832,57.34333398253725,57.22363989086711,57.63610314974657
1727.0,57.312000000000005,0.5978606236044866,-0.570197373101441,0.5134085273127154,0.16139364218615695,-0.0471862290340827,-0.0011858907531350832,-0.033881706789389864,-0.1441362339261944,0.1861391587154593,0.04512707319460262,0.023727133980287654,-0.05030713298904698,0.041408782312171884,0.6365539295596219,2.6691336204109817,0.4773393763955136,57.56110921987324,57.48048944079657,57.41385351954536,57.50934646215176
1728.0,57.344,0.6014293874505926,-0.5716345198022312,0.5140372907941674,0.11152387019082631,-0.04491083439969882,0.019648858795377838,-0.0372865828344777,-0.1788948552722894,0.18878885277830232,0.0430384495523745,-0.03991385244114389,-0.035948855320019985,0.038839817113101,0.6426947567785675,2.6659229272086247,0.47377061254940755,57.312127107229934,57.64107899308602,57.64950295040527,57.33734559430629
1729.0,57.376,0.6030311260720091,-0.5730365338140944,0.5152687555046607,0.05005433191927265,-0.04381293787072759,0.038483272202919576,-0.040591501731428586,-0.21097940318917727,0.19139059680873846,0.0406790511883815,-0.10644887369296122,-0.02186514031982026,0.03609935402454556,0.6488782066340418,2.6645860455501644,0.472168873927991,57.01509239086969,57.811288199250136,57.91254570441725,57.13466868469214
1730.0,57.408,0.6023261082077874,-0.5744381596233751,0.5170286197203673,-0.022031808256926414,-0.04380080654001746,0.05499575674082569,-0.042961179003193496,-0.23650626971846786,0.19374298489754857,0.038305379874144216,-0.17304982355884954,-0.008541485852980375,0.033446322613505164,0.6550029908862023,2.665466171672244,0.47287389179221273,56.70539659729509,57.968848226961796,58.169675130885295,56.925659730261145
1731.0,57.44,0.5990476762208996,-0.5758714251709502,0.5192458696469768,-0.10245099959025565,-0.04478954836172896,0.06928906020655587,-0.04348134022995491,-0.2515946444110528,0.1956106464490664,0.03621028521702309,-0.23652315501540017,0.003365798916310059,0.03119504740567054,0.6609842367850159,2.6688350690768523,0.47615232377910055,56.430494047506684,58.08780679477495,58.37711274642278,56.739860950399915
1732.0,57.472,0.5930426451187052,-0.5773662900749698,0.5218695957689258,-0.18765722194355441,-0.04671452825060448,0.08199144131089532,-0.04134457128125968,-0.2529762287992217,0.1968153451870753,0.03459174937083709,-0.29370791827520015,0.013123321344899845,0.029593091696555936,0.6667732686792297,2.674852772859408,0.48215735488129496,56.23765998940731,58.145911294665815,58.492564568091616,56.604307893530226
1733.0,57.504,0.5843046968985054,-0.5789514098878428,0.5248836759673248,-0.27306088188127375,-0.04953499415228717,0.09419000619997893,-0.03606666956341969,-0.23857032691411015,0.19734410926481247,0.03343647885062467,-0.34176517786043026,0.020058162131143246,0.028674201689315875,0.6723722547055315,2.6835343399662697,0.49089530310149476,56.15775717157235,58.13096195380859,58.49045962609387,56.536303952502884
1734.0,57.536,0.57299586076642,-0.5806544261071243,0.5283131882080657,-0.35340112912763055,-0.053219256852540406,0.10717225752314272,-0.027617801511945223,-0.2078391377847197,0.19740832801885227,0.032533501963516204,-0.3782739185025569,0.02368391571137652,0.028177812313917985,0.6778363965574936,2.6947286575606504,0.5022041392335802,56.19342085086407,58.04336631218018,58.37218782300863,56.53966512029092
1735.0,57.568,0.5594530962077643,-0.5825013347754456,0.5322184860340153,-0.4232113924580361,-0.05771589588504944,0.12204055706093896,-0.016374855115730863,-0.16180722431651476,0.19740711434882066,0.031607912544319564,-0.40242288691483025,0.02547897599794377,0.027599912219861238,0.6831270990063002,2.708112298711847,0.5157469037922359,56.48816803666424,57.903221024454204,57.95125205560333,56.55223106911121
1736.0,57.6,0.5441807764878855,-0.5845149729701706,0.536668426645474,-0.4772599912461574,-0.06292619358514916,0.13906064410806715,-0.004749036930276169,-0.10409480536867546,0.1977457592611967,0.029547090896397347,-0.4020228394377351,0.027349573175351596,0.02644439296159292,0.6878226114822301,2.7231980119044708,0.5310192235121146,56.11600065634728,58.342271359702664,58.02231308014119,55.808453168525034
1737.0,57.632,0.5278106672641868,-0.5866968536656901,0.5416924622408621,-0.5115659132406422,-0.06818377173499189,0.15700111235589573,0.0042254396636393025,-0.028013887646811404,0.19856203762509342,0.026094497572927897,-0.40035556281304563,0.02695437185435416,0.02459144157675708,0.6921900798120194,2.739372179012867,0.5473893327358134,57.48646502302106,56.52482658319243,56.40815741150856,57.375808075321864
1738.0,57.664,0.5111563646319004,-0.5889819218537314,0.5473402623857352,-0.5204469572588918,-0.07140838087628282,0.17649375452726443,0.010620548279831056,0.05054680901464736,0.1999164776391196,0.024122376096424,-0.3966609569034835,0.02568181665560828,0.02201389706173085,0.696520509403403,2.7558286052100778,0.5640436353680998,58.05191188346847,55.85810605251552,55.65638894549421,57.858628692585945
1739.0,57.696,0.4950531907403253,-0.591271000868788,0.5536039498585253,-0.5032241841117778,-0.07153371922052645,0.195740233524714,0.014486121562849357,0.11570603003007154,0.2014956341524994,0.02363072646688497,-0.39039043384210664,0.023981291089238244,0.019191472844480615,0.7010615862849761,2.771735462226521,0.5801468092596749,58.34859132572864,55.4623413267932,55.241144674100745,58.14515168752579
1740.0,57.728,0.4801771049789845,-0.5934658242047597,0.5603287513857028,-0.4648776800418465,-0.06858822924910644,0.21015004772427245,0.016621329520302174,0.15702026844513703,0.20287618461729132,0.022662683217296753,-0.38167742240218594,0.021955307466691484,0.016739430092868324,0.7059338872108887,2.7864227221515083,0.5950228950210157,58.32568385347903,55.42711018306144,55.23003715064528,58.15230383356059
1741.0,57.76,0.46695560493471383,-0.5954996922464052,0.5674492764344763,-0.4131718763835047,-0.06355837630142933,0.22251640777419557,0.017181169523754054,0.17436140013209914,0.20384442205705916,0.020681140295052934,-0.36868301665629677,0.019301447951112202,0.014967726179132845,0.7113283443238775,2.799464222917694,0.6082443950652863,57.94747139394071,55.78714356045895,55.659699439171966,57.84288092911739
1742.0,57.792,0.45556788579194185,-0.5973400838752481,0.5749414985729064,-0.3558662232115845,-0.05751223840133304,0.23413194182591596,0.016717914327102915,0.17380345041928358,0.2044233057014191,0.01810965731702866,-0.3477558008083679,0.015768761624201308,0.013845170953124996,0.7173682634693578,2.8106812034851965,0.6196321142080583,57.340599514446055,56.39979957325744,56.37155122371452,57.32940911035874
1743.0,57.824,0.4460099046978796,-0.5989820191776527,0.5828221556035523,-0.29868690918947827,-0.05131047820015065,0.2462705322077111,0.0160554210378844,0.1654146948789111,0.20479594398322695,0.015771987210876085,-0.2913037808135446,0.01042124914464753,0.013110683875525614,0.723185024365709,2.8200781128034196,0.6291900953021206,54.99647491539282,58.368527831827755,58.53139752747246,55.16998982437892
1744.0,57.856,0.43819442414412013,-0.6004357534884122,0.5911063943621739,-0.24423376730495605,-0.04542919721122798,0.25888246120689634,0.01524024533415601,0.16503543497436143,0.2052227948680067,0.013341269411040354,-0.23755489504380425,0.005283154447206041,0.012393972522817286,0.7288249565564537,2.8277443441351164,0.63700557585588,56.75603709095784,56.59879939416357,56.58506891285207,56.746095797199224
1745.0,57.888,0.4321041062810796,-0.6016942091277928,0.5997249781881014,-0.19032243322003783,-0.03932673873064968,0.26933074456026423,0.014321507909223445,0.1633479463517335,0.20561332845422853,0.01281815580393611,-0.184293137905368,0.00041534130582067397,0.011815531872301223,0.7342196789932456,2.833700188609547,0.6430958937189206,56.65130619069902,56.49943444853949,56.487139353855426,56.64302159174149
1746.0,57.92,0.4277136822784135,-0.6027515409982452,0.6086438731343146,-0.13720075008330007,-0.03304162095163465,0.27871546706912875,0.013312467420325928,0.16039767315850967,0.2059697213850234,0.012264479962702442,-0.1317644494164449,-0.004162764067558493,0.011366214049835946,0.7393545582432367,2.837972401952903,0.6474863177215866,56.54123916860646,56.39902349824546,56.3885139763317,56.53432271034416
1747.0,57.952,0.424984901037969,-0.603603785358211,0.6178300186286729,-0.08527441376390037,-0.0266326362489336,0.28706704669873057,0.012227236463500274,0.15626770094813638,0.20629771850441914,0.01176895322379913,-0.08037122149837637,-0.008419382498011847,0.011031760374131548,0.7442179795979487,2.840600561099698,0.6502150989620312,56.42794544282015,56.29635193886363,56.28777312439123,56.42231539974643
1748.0,57.984,0.42386755790949276,-0.6042488118186881,0.6272512195514505,-0.03491697276487805,-0.020157076889905194,0.29441252883676516,0.01108032204251284,0.15104969274089694,0.20660415141869265,0.011362851422393436,-0.030484635859124545,-0.01232858721299782,0.010796313051842664,0.7488008451247723,2.8416360489160515,0.6513324420905073,56.31201442806389,56.191689308112956,56.185046102774336,56.30763737620747
1749.0,58.016,0.42430059453117214,-0.6046862576070651,0.6368759806227428,0.013532394427481878,-0.013670180886783102,0.3007737834779171,0.009886034838156544,0.1448404532718884,0.20689590057885338,0.011051228144678737,0.01755759182111937,-0.01587053294288942,0.010643901141869926,0.7530960573421882,2.841140964319986,0.650899405468828,56.19386926477088,56.08536558424122,56.08060493067438,56.190737919215294
1750.0,58.048,0.4262132336901784,-0.6049174480456537,0.6466733040419715,0.05976997371893851,-0.007224701205894742,0.30616635685086535,0.008658247995602168,0.13774078397303918,0.2071793873413598,0.010827502633137122,0.06345237445554473,-0.019031240339099635,0.010559179821166569,0.757098017338588,2.8391869919543122,0.6489867663098218,56.073909657781314,55.977665981555035,55.97470413304666,56.072021100520814
1751.0,58.08,0.4295261374341382,-0.6049453047755161,0.6566124664640561,0.10352824199875567,-0.0008705228081996434,0.31059882569017766,0.0074102343011576205,0.12985437009041645,0.20746031355799435,0.010680302286619214,0.10693205855332132,-0.021802194719858545,0.01052781962722768,0.7608021564107732,2.835854241971738,0.645673862565862,55.9525119462351,55.86884390551399,55.86758003147309,55.95185800283178
1752.0,58.112,0.4341525773420457,-0.6047742433052005,0.6666627904556189,0.1445762471220935,0.005345670947363391,0.3140726247363025,0.006154554905036368,0.12128670195401364,0.20774353227923895,0.010596692718028433,0.14776488511154495,-0.024179853736730324,0.010536709781633857,0.7642045167897348,2.831230070390382,0.6410474226579544,55.83003248226786,55.759131353799425,55.75945474296734,55.830595803181346
1753.0,58.144,0.43999960633088037,-0.604410061473487,0.6767934242610312,0.18271965590110317,0.011380682241047968,0.3165823064191673,0.004902985455613543,0.1121440392482287,0.208032994076853,0.01056371557910244,0.185755116838528,-0.02616511831243082,0.010574054248968727,0.7673013934526728,2.8254078905731883,0.6352003936691197,55.706812798394715,55.64874784874454,55.650541999259055,55.70856559422976
1754.0,58.176,0.44696922176861276,-0.6038598204102318,0.6869731420322776,0.21780048242911282,0.01719503322672263,0.3181161803514137,0.003666470624564485,0.10253242576394314,0.20833174120223927,0.01056912139831724,0.2207428417054685,-0.027762801186158,0.010629400220757739,0.7700890454110035,2.818485986532086,0.6282307782313874,55.583185416887794,55.53790844664902,55.54105357438157,55.58608942933059
1755.0,58.208,0.45495951004046725,-0.6031317195691793,0.6971701747318086,0.24969650849548047,0.022753151282891855,0.3186572718603818,0.0024551003314305384,0.09255676101274853,0.20864193444729517,0.010601709870487096,0.2526034633745083,-0.02898111571657208,0.010693620834921256,0.7725634813406108,2.8105663388876803,0.6202404899595328,55.459479630107026,55.426830932593674,55.43120562409709,55.4634866777527
1756.0,58.24,0.4638657631241063,-0.6022349673914804,0.7073520797967873,0.2783204088636898,0.028023505553087857,0.3181845332805464,0.001278102193543237,0.08231993410541763,0.20896490342369126,0.010651471477694482,0.27974928972313123,-0.029672352533877868,0.010758865588571054,0.7746502008635272,2.801753474361187,0.6113342368758938,55.43018962734794,55.218539596108826,55.20372428975645,55.41494474455206
1757.0,58.272,0.47358121972901934,-0.6011797154348418,0.7174814754692405,0.3036080189035653,0.032976623644959284,0.31654361476419707,-1.9350749889670182e-05,0.07038598197968268,0.20930133237848939,0.010717680959710834,0.2937307813671806,-0.02905307266936242,0.010818317700979756,0.7759375453252525,2.792153639452389,0.6016187802709808,55.834822684633615,54.52714559420948,54.40754711441232,55.71482165787139
1758.0,58.304,0.4839816380770902,-0.5999787723024843,0.7274982006483891,0.3250130733771784,0.03752947288616842,0.3130226618483601,-0.002274858056016593,0.04799472102505428,0.2096846950403225,0.011157159081313112,0.30535102901183697,-0.02832991579356369,0.010818528200323628,0.7765742470517979,2.7818898237456855,0.5912183619229099,54.987597967595924,54.89975502122255,54.913880836417114,55.00307830631444
1759.0,58.336,0.49484168324532524,-0.5986570015974793,0.737352766870347,0.3393764115073818,0.041305334531412496,0.30795519443621844,-0.004413098287298678,0.024897907027318877,0.21011326423228402,0.010971013331954417,0.31381721369717763,-0.027374129548920205,0.010750058142569638,0.7767486783738887,2.771185655943925,0.5803583167546749,54.6576356268798,54.92586307178211,54.96929769492963,54.70195407078486
1760.0,58.368,0.5059323765485256,-0.5972416173364556,0.7470040839581586,0.3465841657249735,0.0442307581569829,0.30160365899408,-0.006204961376147742,0.003931124429600643,0.21057279641580898,0.01088082930642675,0.3196606057814416,-0.026209428596127682,0.01062139434616472,0.7766237441803696,2.760268264125949,0.5692676234514745,54.44613425289778,54.91065674220302,54.96463900580767,54.50115425634348
1761.0,58.4,0.5170480499662995,-0.5957586696433992,0.7564163799221513,0.3473647943054715,0.04634211540801941,0.2941342488748019,-0.007567254185411217,-0.01335229364101382,0.21103752338235096,0.010803460359160985,0.32348799981104315,-0.024859547804370684,0.010458788101184578,0.7763269741385403,2.7493412657502962,0.5581519500337007,54.30500351435017,54.8828340948129,54.9387847383885,54.36233284695766
1762.0,58.432,0.5280205853554487,-0.5942307238158551,0.7655589843040957,0.3428917309108747,0.047748307110748386,0.28570638693573286,-0.008482490753976035,-0.0260612525325022,0.21148196215712659,0.010698722832258744,0.32583791529756356,-0.023337909471639835,0.010290208648136737,0.7759508618045403,2.7385704721316224,0.5471794146445514,54.22218843879116,54.842338390102334,54.89390734966381,54.27539145508913
1763.0,58.464,0.538727249123524,-0.5926752349650608,0.774406607446533,0.3345832427523892,0.04860902658732605,0.2764882232011947,-0.008983003766679622,-0.03386707072269461,0.21188822210782415,0.010559359103994467,0.32719425909257405,-0.021652825065275424,0.010135268993877478,0.7755552638644736,2.72807602270468,0.5364727508764762,54.18491855947498,54.79002868058251,54.83274161098119,54.22932785031412
1764.0,58.496,0.549093220862729,-0.5911035720255993,0.7829393361962509,0.3239366168501219,0.04911446685816756,0.26664777342865414,-0.009137481833257155,-0.03689337590003274,0.2122485783288883,0.010396801099962147,0.3280170874774262,-0.019811820309726162,0.010001519697543836,0.7751700436915439,2.7179298424602454,0.5261067791372711,54.17868460474428,54.72851234922108,54.759835581028554,54.21158896216143
1765.0,58.528,0.559089932242029,-0.5895206069578485,0.7911419312437303,0.3123972306031568,0.049467658367217844,0.25633109523376085,-0.009036046533100132,-0.03558013846122046,0.21256417677471967,0.010228475898593778,0.3181816072724468,-0.01724957327968902,0.00988596151369222,0.7744446514375318,2.7081572838009165,0.5161100677579712,54.84348186361221,53.96224255216663,53.90810398723852,54.79071335622372
1766.0,58.56,0.5687312680982993,-0.5879247724131638,0.7989819226427389,0.3012917455084151,0.049869829521391434,0.24499973121899116,-0.009359751569581218,-0.04122564732954874,0.21294155551270594,0.010161244663172106,0.2890936062402303,-0.010680304421440419,0.009639589228493266,0.7733363992184619,2.6987400105123482,0.5064687319017008,55.727816939168875,53.33585479549296,52.82990909079213,55.223957856206766
1767.0,58.592,0.5779639805910614,-0.586324696835221,0.8064372543659649,0.2885222653988452,0.050002361810715754,0.2329791163508378,-0.013253369051978395,-0.06525709061643882,0.21411781827640838,0.02821522717296123,0.24416680027654078,-0.0011242526115254337,0.008228199196529583,0.7718627399118232,2.6897275432432566,0.4972360194089388,55.5000082301658,53.36413115523012,52.8351598233053,55.05098501014671
1768.0,58.624,0.5865562735721503,-0.5847333304987833,0.8134515342693813,0.26850915565900085,0.04973019801367411,0.21919624698173826,-0.021022428016578637,-0.10638926837153238,0.21547356478115443,0.02018327742598986,0.19224678316426863,0.00962938009631583,0.006498505726347797,0.7699946209124982,2.68134250116342,0.4886437264278498,54.51764352178569,53.85493507070941,53.65313489363657,54.37058243151143
1769.0,58.656,0.5941105965046974,-0.5831627266591594,0.8199566860356444,0.2360725916421228,0.04908136998825321,0.20328599269574413,-0.030334711042376204,-0.15301659136835186,0.2172039508673132,0.016198421873018277,0.13035329428386086,0.022300317139946825,0.004137158145681152,0.7676913686009547,2.673967638600377,0.4810894034953027,54.26380591607453,53.88318299020732,53.74044991494864,54.169317895725214
1770.0,58.688,0.6001801397582298,-0.581622850002524,0.8258606631955082,0.1896732266728654,0.04812114551984939,0.1844992862457229,-0.04070836462684124,-0.20280393181573467,0.21932377969547906,0.009912101168555182,0.05963660729653792,0.03682417010218156,0.0010762713595069084,0.7648861923003323,2.668031304418919,0.47501986024177034,53.9372933570413,53.961569495851236,53.91073425983551,53.921801440261774
1771.0,58.72,0.6042930465974214,-0.5801217053054091,0.8310475266666612,0.12852833872475267,0.04691077178484677,0.1620894834735471,-0.05152438670016416,-0.2525241016218826,0.22185067326565686,0.005226969514861252,-0.017616866146251176,0.052893007712603884,-0.002759831254799344,0.7614894211965094,2.663983877612326,0.4709069534025787,53.538191893332254,54.090143912693506,54.15682714809478,53.636822331812155
1772.0,58.752,0.605984878179635,-0.5786648813043856,0.8353796256317061,0.05286973694416696,0.045525750031976994,0.1353780926576392,-0.06185785919425499,-0.2980447903354941,0.22457177730562175,0.001107466182229109,-0.098175608689834,0.0699711884292325,-0.007123914783387691,0.7573940734727619,2.662266394962792,0.4692151218203652,53.09460131243219,54.246252596457055,54.45523297256908,53.33650721240669
1773.0,58.784,0.6048375827621579,-0.5772554725727962,0.8387106764151006,-0.03585298179616162,0.04404402286217537,0.10409533698108842,-0.0704599986323087,-0.33471055017307216,0.22703956460341246,-0.00261559599331055,-0.17830200708817304,0.08726167717132008,-0.011434740979032772,0.7524948533935019,2.663273856400216,0.4703624172378422,52.65853908920706,54.398736818142844,54.759542632801534,53.05462148380864
1774.0,58.816,0.6005207000505054,-0.5758949053566657,0.8409073578091545,-0.13490258473912667,0.042517725504074524,0.06864629356417776,-0.07589872197109614,-0.3579774116208668,0.22865948257387173,-0.005670613776551598,-0.25434205002692367,0.10373203630569852,-0.014893833115208836,0.7467158832945179,2.6673173674885984,0.47467929994949476,52.29842995816357,54.51624433430517,55.00875786643945,52.82783636765248
1775.0,58.848,0.5928292083628378,-0.5745847557978189,0.8418750654671147,-0.2403591152396385,0.04094217371396654,0.030240864311258664,-0.07689952495940208,-0.36416828475508556,0.22889934440471663,-0.0077742868227177325,-0.3232431388357539,0.11825370194141831,-0.016772828145873386,0.7400404851344742,2.674590128426489,0.48237079163716234,52.079918476018264,54.577721113558624,55.146190045996846,52.68438157374912
1776.0,58.88,0.5817129274471473,-0.573328894895311,0.8415802513744464,-0.3473837786152893,0.039245653203365725,-0.009212940395883159,-0.07278364819264006,-0.35112079894963877,0.2275485687810174,-0.00894351300111601,-0.3827707768741608,0.12984457306876157,-0.01677198179483789,0.7325329683154338,2.6851412449350405,0.49348707255285285,52.040992492087646,54.57673653915585,55.14280795601545,52.63837778412212
1777.0,58.912,0.567294152721339,-0.5721346513785764,0.8400613758169484,-0.45058671018155977,0.037320109897959836,-0.047464861171816704,-0.06373459069796353,-0.3185148719759411,0.22486709097335286,-0.009465529571933376,-0.3978994066582618,0.1272057023758232,-0.015226823582904668,0.7244967952642979,2.6988594486246305,0.5079058472786612,49.74620528799256,55.63249567096194,57.491717029255376,51.62847182232989
1778.0,58.944,0.5498684395039295,-0.5710120501993524,0.8374349866223288,-0.5445535380439855,0.035081286850746865,-0.08207466233185173,-0.04985355349063041,-0.25142400155362693,0.22065132306431098,-0.007242607383284132,-0.39800131220788,0.11814137495122143,-0.01180231687522776,0.7165844207101439,2.715471702751547,0.5253315604960707,52.045918424935685,54.42205939937839,55.43480021497549,53.076898078500555
1779.0,58.976,0.530049530575636,-0.5699438357387223,0.8339007518637098,-0.6193409040092408,0.033381701894694346,-0.11044483620685672,-0.030920005424207874,-0.1635059748845068,0.21806529982684933,0.031910631567479,-0.3977841879290058,0.1122043431648369,-0.01085806018132024,0.7091534988598553,2.7343941422730524,0.5451504694243642,54.12272619003203,53.76206893458613,53.59787733127825,54.12960935371934
1780.0,59.008,0.5086657517584416,-0.5689230383631881,0.8296439034203319,-0.6682430880372481,0.031899917985439466,-0.1330265138555453,-0.0074513574932098476,-0.06916232047864392,0.21780290529490798,0.04845385094093388,-0.39700119826860475,0.10911993536495046,-0.013270769464956544,0.702266625678779,2.754833564287279,0.5665342482415585,54.88575091173167,53.57932566025645,53.09941151424935,54.652735247348126
1781.0,59.04,0.48662419827093945,-0.5679751509286347,0.8248401354434302,-0.6887985464845195,0.02962148232979793,-0.15011774927819593,0.017992536511362792,0.01963325386089293,0.21700151548686583,-0.039698014644229465,-0.3960876895800743,0.10646410294204721,-0.014919364892516117,0.6958920244350559,2.7759235533601765,0.5885758017290608,55.586325911753356,53.44687225729813,52.83016032833276,54.870499383781116
1782.0,59.072,0.46480301706097715,-0.5671548792384591,0.8195514352943929,-0.6819119128112453,0.02563349031798533,-0.16527187965739595,0.0408454156861242,0.09473001229398244,0.21558023017520114,-0.11342429442274973,-0.39464582810353066,0.10318111788745328,-0.015572653725946102,0.6898792331396364,2.796823046479519,0.610396982939023,56.14690958926828,53.2820947581282,52.624352617728086,55.097760886080955
1783.0,59.104,0.44395595531829546,-0.5665242315521253,0.8138053970086976,-0.6514706794588747,0.01970774019793365,-0.17956369642799822,0.058286555897868915,0.1498312757293409,0.2153584497881623,-0.092211601293326,-0.3921433295725028,0.09938647987304176,-0.017675483720198202,0.6840480132018286,2.8168100604752637,0.6312440446817047,56.29447563759622,53.27795405829559,52.58658874425164,55.30496585325977
1784.0,59.136,0.4246405335880401,-0.5661365069775764,0.8075814963713334,-0.6036069290704124,0.012116392954649616,-0.19449689491761016,0.0693184012489401,0.18222370339845018,0.21594663370436146,-0.046453956819921635,-0.38792520452928597,0.09440740608127053,-0.020608886774978033,0.6781819158648447,2.8353490543771516,0.65055946641196,56.124597669073204,53.46160744526001,52.76326561561779,55.32287555925121
1785.0,59.168,0.4071837868340364,-0.5660295655648562,0.8008381899528723,-0.5455233360626762,0.003341919147508928,-0.2107283255769327,0.07434947079517162,0.1939872121125991,0.21589992562379373,-0.027814742845479155,-0.3811800692819986,0.08717842173684476,-0.02230915767290416,0.6720573780762625,2.852125704919644,0.6680162131659637,55.74307181980641,53.719905963236705,53.156829673405305,55.1579731892847
1786.0,59.2,0.3917062303415048,-0.566227470204714,0.7935575212678692,-0.4836736403915576,-0.006184519995555695,-0.22752089640632142,0.07466322499562035,0.18987984275753575,0.2148674810082933,-0.022029191440413196,-0.37097415084149976,0.07712270278412224,-0.022271365094202748,0.6654964603176633,2.8670266310795975,0.6834937696584953,55.2608062188877,53.95462434532494,53.63257220335927,54.939722771537184
1787.0,59.232,0.37816974125125763,-0.5667435338941074,0.7857456684039432,-0.42301528407027106,-0.016126990293545113,-0.24412040199771248,0.07230976306649033,0.17547307678248455,0.2130996133843677,-0.021126172553437,-0.35640631640692555,0.06406720579789205,-0.020851681309984164,0.6583966578066897,2.880093372742892,0.6970302587487425,54.77192246036088,54.16208550899996,54.09357218614493,54.70231117253204
1788.0,59.264,0.3664338931856418,-0.5675876523164395,0.777423419932839,-0.36674525205045394,-0.02637870069787575,-0.26007026472197675,0.06938386959223831,0.15626194188943435,0.21103833883522521,-0.020875881278837924,-0.33700204511634707,0.048127521231084894,-0.018684495752004374,0.6507532839575478,2.891468261978451,0.7087661068143584,54.37155411346326,54.33935891026911,54.46044995460207,54.48387961568888
1789.0,59.296,0.3563118108944138,-0.5687739522013189,0.7686166266228293,-0.31631507160090866,-0.037071871402485135,-0.2752122909378358,0.06741987452925997,0.13682564885894818,0.20905330626132707,-0.0197116655137732,-0.30513179381442296,0.02887182173252103,-0.016303654405443655,0.6429569800131177,2.901340739291532,0.7188881891055863,53.62904584838487,54.98005161993195,55.28901977862041,53.92438196264002
1790.0,59.328,0.3476194169295279,-0.570326246145625,0.7593703466215758,-0.2716373114026544,-0.04850918575956069,-0.2889462500391393,0.06797338866060379,0.12808766589656848,0.2079094884536031,-0.016879010556286333,-0.26438275991750404,0.008402871818614772,-0.014790230699853295,0.6355287067182547,2.9099003964205097,0.7275805830704722,53.842150303915886,55.19407169776578,55.3223568389476,53.96208032567196
1791.0,59.36,0.34028134002765,-0.5722705502846329,0.7497393739911802,-0.22931490318371064,-0.06075950434400432,-0.30096789469989516,0.06961140888451192,0.13006271105435757,0.2075503909591029,-0.01534466708566673,-0.22603659717076865,-0.012101378497707559,-0.014062923934380044,0.6284952233558915,2.917231056019291,0.7349186599723502,54.820302669939565,54.68499057753391,54.59933035718426,54.72951547698476
1792.0,59.392,0.3343252941784457,-0.5746208347030154,0.7397625207791374,-0.18612643278761304,-0.07344638807444415,-0.31177666287630196,0.07060546163389218,0.13106213624640883,0.20706883426070172,-0.0170717521513613,-0.18692811095233602,-0.033195901507996985,-0.01284465370189252,0.6218593995878533,2.92331271028552,0.7408747058215545,54.954129160846485,54.81199379519784,54.732842471963686,54.85806944381445
1793.0,59.424,0.3297693806142427,-0.5773873572162174,0.7294858565908366,-0.14237229888135894,-0.08645382853757122,-0.32114575588443395,0.07090232893928469,0.1309949672754375,0.20658629889430166,-0.014764176367181246,-0.1473217486573951,-0.05467470395886789,-0.011300329351520932,0.6156331441400229,2.928134266280264,0.7454306193857574,55.08186238603254,54.94692932163669,54.869839080880965,54.99091675721418
1794.0,59.456,0.32662013438775966,-0.5805758304563747,0.7189566347973415,-0.09841394457758426,-0.09963978875490646,-0.3290381810466862,0.07052761895610125,0.1299047219240848,0.2060921351358626,-0.012865880661824869,-0.10753611466004888,-0.07632815905406057,-0.00941226736018716,0.609828462929783,2.9316950857473194,0.7485798656122404,55.211615477064996,55.0833291989651,55.010301519957906,55.12477334485125
1795.0,59.488,0.3248730383423596,-0.5841875776271469,0.7082247218826133,-0.054596751418758395,-0.11286709908664283,-0.33537227858529295,0.069513171744319,0.12784167195277357,0.2055913524049124,-0.010971114142102273,-0.0678762884133855,-0.09795244961828174,-0.00718695328998682,0.6044592961256183,2.9340044796957807,0.7503269616576406,55.34268992381421,55.22113317362665,55.15337738156288,55.259797488341995
1796.0,59.52,0.32451288894734887,-0.5882196485173139,0.6973423731930494,-0.011254668594083823,-0.12600221531770447,-0.3400733965488353,0.06789629717014524,0.12486196600885648,0.20509705875721154,-0.008894937146290844,-0.028638821969604725,-0.11935074175632493,-0.004644378844787883,0.5995409956897602,2.9350812818119048,0.7506871110526513,55.47453193209067,55.36011751850832,55.29835961218981,55.395771792566165
1797.0,59.552,0.32551423015753395,-0.5926649690067135,0.6863639359740765,0.031291912818287214,-0.138916265293753,-0.34307616309293926,0.06571860556850606,0.12102735358323503,0.20462647467662523,-0.0065625214823766265,0.009889824002507045,-0.14033611409263583,-0.001812391044597955,0.5950897715861282,2.9349533495267157,0.7496857698424662,55.6066380827105,55.499890190614444,55.44457815480663,55.53232552515157
1798.0,59.584,0.32784185388826326,-0.597512522212937,0.6753454885832593,0.07273824158528283,-0.15148603769446875,-0.34432648096300067,0.06302506574008439,0.11640466138979957,0.20419867652398402,-0.003954447273897266,0.04743511822828444,-0.16073345236085546,0.0012765304952070066,0.5911221219201007,2.933656998043921,0.7473581461117369,55.73850212061406,55.63995145564523,55.5913604791816,55.66898723307402
1799.0,59.616,0.3314513646605601,-0.6027475597363322,0.664344426226684,0.11279721163428805,-0.16359492260611672,-0.3437831986430152,0.059863214109448594,0.11106516360354025,0.2038332123305342,-0.001079496372183463,0.08373643616389875,-0.18038071283002735,0.004587270521202946,0.5876542623285134,2.93123637395282,0.74374863533944,55.86959596548781,55.77972668148772,55.738012990471184,55.805215206897735
1800.0,59.648,0.336289805600112,-0.6083518415496832,0.6534190045736654,0.15120127936098107,-0.17513380666720046,-0.34141942665679226,0.05628246038654679,0.10508388366188355,0.20354917466908087,0.0020390659602539294,0.11854910620435663,-0.19912976129500162,0.00808343330396613,0.5847015694033768,2.927742775507656,0.7389101943998881,55.999364420403886,55.918586902530855,55.88381659516278,55.94041664366096
1801.0,59.68,0.34229634243768275,-0.6143039029086942,0.6426278532537729,0.18770427617410634,-0.18600191746911238,-0.3372234787466778,0.052333466078214146,0.09853884964623097,0.2033645330685085,0.005370585188623527,0.14994650407265206,-0.21441604086995875,0.011728335441311893,0.5824344916944001,2.9232339270679515,0.7329036575623173,56.41718087882942,56.12859452173404,55.79014177502314,56.05329713110776
1802.0,59.712,0.34940404023169597,-0.6205796516943102,0.6320391388654223,0.22211555606288802,-0.19611714955047763,-0.3308973246359201,0.04553207543021705,0.08974321828123917,0.2032251947151658,0.009114708484267812,0.17428366717116206,-0.22245907237072132,0.015584632312310108,0.5811887719262349,2.9177721041100857,0.725822267026203,57.12984564205714,56.364070675127884,55.50420194932543,56.244097220942514
1803.0,59.744,0.35751839659485696,-0.6271308760662453,0.6217438637899645,0.25357363634880886,-0.2047257616229949,-0.32172734610809167,0.03160332235340304,0.07479112982711891,0.2031061128640582,0.014311011042021524,0.1954290556861837,-0.2290604419364046,0.019660296715430053,0.5808440202587517,2.9114399235835777,0.7177945103381548,56.72601899161697,56.42803242776189,56.28156258787065,56.558152009032085
1804.0,59.776,0.36646455038128567,-0.6338482433523215,0.61182857478058,0.279567305825866,-0.20991772768985753,-0.30985278154323226,0.016410322966942493,0.057476957328608115,0.20324738770409742,0.017392983521237516,0.21321930521786758,-0.2336681357402094,0.023554676190249122,0.5812345147984852,2.9043835485940135,0.7090022367494566,56.629441238411026,56.58029542354077,56.68710952096249,56.7116085651567
1805.0,59.808,0.3760371630325929,-0.6406127046068317,0.6023658388191254,0.2991441453533833,-0.21138941420346846,-0.29571049879548655,0.0020168325694595248,0.03985646531537004,0.2037517303627804,0.020815958972626454,0.22805870190455402,-0.23664213656711752,0.027050477804859422,0.582198772536529,2.896774526868951,0.6996540419944118,56.55529671114868,56.721036701065394,57.00136428532536,56.810686220079724
1806.0,59.84,0.38602621013568683,-0.6473128731985841,0.5934106974647029,0.31215772197165104,-0.20938026849223831,-0.27984816732567325,-0.010158230889785238,0.023705287109149504,0.20459907760375562,0.024412709699138186,0.24046738723984518,-0.2383969403052631,0.03010376720997016,0.5835947577930691,2.88878855855695,0.6899592523172124,56.501884750377435,56.83880811068972,57.23386228981004,56.874174699454436
1807.0,59.872,0.39623927653880425,-0.6538566387260066,0.5850017158985354,0.31915832509745456,-0.20449267273197655,-0.26278067394276106,-0.019165629388688595,0.010431899400444202,0.20568744313426363,0.027922307210002772,0.25099950400001914,-0.23931405791522864,0.03279455259001001,0.5853090177133781,2.880586747464222,0.6801062346005255,56.48395876923825,56.9316568586892,57.3814997115966,56.91431264062562
1808.0,59.904,0.40651920248787154,-0.6601785511894094,0.5771644872615489,0.3212476859083169,-0.19755976448131368,-0.24491339490580225,-0.024539451055133867,0.0009407652128245978,0.20689172147333446,0.03114369410522655,0.26020059828104014,-0.2397389486158455,0.035250101593567285,0.5872624823402302,2.872300646697714,0.6702459882091483,56.507704650820365,57.00151378672981,57.45134605835812,56.9411112924953
1809.0,59.936,0.4167553025801495,-0.6662429624423784,0.5699161202885304,0.31987812788372066,-0.1895128516553012,-0.2265114679068515,-0.026263183536157513,-0.004398378487322554,0.2081153525659596,0.03398851309241758,0.2685781058400075,-0.2399927748493453,0.03757580746512719,0.5894136945013276,2.864022689417732,0.6604824844877573,56.570657489514716,57.052855747957494,57.45936263432523,56.962815198391624
1810.0,59.968,0.4268877932070568,-0.6720433900265241,0.5632694548021134,0.3166403320908176,-0.18126336200453547,-0.20770829645050845,-0.024682243781541883,-0.005689297652935136,0.20931597269896768,0.03647926466092342,0.2754482237791762,-0.23939353552475345,0.03982005969496555,0.5917945615721599,2.855802349357687,0.6508697856641421,56.80672364285432,57.08784197253864,57.29621761234823,57.001736102527744
1811.0,60.0,0.4369062640284958,-0.677598970809704,0.557238339645693,0.31307721317000414,-0.1736118994743897,-0.1884723486381585,-0.021430371209668227,-0.0045981392197057295,0.2105230063738486,0.03849545995831985,0.2732785947956493,-0.23159791748203795,0.04194834899017879,0.5946866489668757,2.8476472469245286,0.6414148449263287,57.926897105935865,57.083444418544076,56.33411272035811,57.163753851622474
1812.0,60.032000000000004,0.4468288981548165,-0.6829410074987876,0.5518391117850597,0.31008231644748774,-0.16693864653384438,-0.16872587064477154,-0.02376739298368191,-0.00977097296890708,0.21126441462876963,0.019509755553569687,0.2715779056415487,-0.2247318658629969,0.0446374626895009,0.5980496758050371,2.8395405343907436,0.6320981817273951,57.181809355159565,57.179860297703975,57.26228637794748,57.163724606859354
1813.0,60.064,0.4565957238526285,-0.6880559036960568,0.5471109203202853,0.30521330305665717,-0.15984050616468123,-0.14775598327421732,-0.02584386673345264,-0.014531143988538227,0.21245948059528882,0.03364209559253208,0.2680716591986611,-0.2171876427374803,0.0465856291634708,0.6018777004794469,2.8315297489202353,0.6229738699312328,57.22661888288696,57.255311272587115,57.317371145647066,57.23690462166315
1814.0,60.096000000000004,0.4661514635131932,-0.692932330617842,0.5430758846331952,0.29861686439261415,-0.1523883413057685,-0.12609486522155064,-0.027624878631966148,-0.01883109584970565,0.2138849702594649,0.04093259576002026,0.26294623037571674,-0.2089946878986515,0.04809183597845862,0.6061434623539784,2.8236591450138064,0.6140907479754043,57.27290091839743,57.315114845176176,57.36589979404577,57.29504890639328
1815.0,60.128,0.475446120838847,-0.6975612376197969,0.5397526805301897,0.2904580414267139,-0.14465334381110817,-0.10385012821893558,-0.0291064242081647,-0.022656839389129255,0.21543350621903026,0.044971194277579826,0.25637582442043333,-0.200218567683002,0.04929425507889204,0.6108185154516419,2.815968726213302,0.6054919545388754,57.31346709159419,57.362737314027,57.4078236104059,57.34126114476784
1816.0,60.160000000000004,0.48443524423973616,-0.7019358622941626,0.5371565541415683,0.28091010627775426,-0.13670702107391183,-0.08112894964440934,-0.03028748646037913,-0.025997972954782764,0.21705114611301116,0.04741387653769047,0.24852850777281588,-0.19094245574366545,0.05025774752589192,0.6158733890444233,2.808494140467456,0.597214805439439,57.34659973231,57.39964339008998,57.44142409583961,57.37700495410682
1817.0,60.192,0.4930801273890653,-0.7060517061807858,0.5352993435689584,0.27015259841656575,-0.12862012145699,-0.05803783039406583,-0.031169996747297132,-0.02884829623435413,0.21870887578439382,0.04902353597406793,0.2395716327007339,-0.18125807947718428,0.05101386493243404,0.6212777389929436,2.8012666152222394,0.5892907443142308,57.37147038895602,57.42647440373721,57.46589082075749,57.40292549014284
1818.0,60.224000000000004,0.5013479437355002,-0.709906481961988,0.5341895059967207,0.2583692608260606,-0.120461743162555,-0.03468242413242437,-0.03175866567588137,-0.031206065865186473,0.2203895029813035,0.05015207221514137,0.22967323854454233,-0.17126093150008523,0.05157926728506242,0.6270004879906591,2.7943129335964048,0.5817453657535661,57.38767577667477,57.44351601188302,57.48085605115571,57.41930703566777
1819.0,60.256,0.509211813947787,-0.71350003599366,0.5338321483432203,0.24574594413399112,-0.11229856348976054,-0.01116742667188598,-0.03206078645626936,-0.03307399620492505,0.22208164210670311,0.05096282359092801,0.21900164727760676,-0.1610474982193823,0.0519641897648054,0.6330099535546221,2.787655450908832,0.574598506684989,57.39502609502946,57.45091036421368,57.48617638937318,57.42628665549346
1820.0,60.288000000000004,0.51665080720287,-0.7168342491568677,0.5342290601677812,0.23246853922131822,-0.10419416135022896,0.012403494517523872,-0.03208603336678682,-0.03445911585313937,0.22377695240286963,0.051532981388407555,0.2077242924226436,-0.1507134451055127,0.05217633067087429,0.63927396357177,2.7813121492656303,0.5678643994605199,57.39344720494049,57.44875310894785,57.48183150834614,57.423952207208906
1821.0,60.32,0.5236498785289195,-0.7199129187337332,0.535378748148649,0.2187209789390706,-0.09620842427705853,0.035927749402125744,-0.03184625567687893,-0.03537253891747885,0.22546886149226303,0.0519006564750864,0.19600626251267775,-0.14035226964820718,0.05222263559183832,0.6457599600082076,2.7752967271533335,0.5615518787382651,57.38293540368073,57.43713742226002,57.46787693336334,57.41238699831703
1822.0,60.352000000000004,0.5301997453822859,-0.7227416239634789,0.5372764720157368,0.20468333916767514,-0.08839703842954179,0.05930387084648564,-0.03135526410558088,-0.03582918283018134,0.2271519623122441,0.0520864739682853,0.1840087841949721,-0.13005420353914046,0.052110114914749914,0.652435092051416,2.769618720627666,0.5556646335843386,57.363536489960865,57.41617375001276,57.44442175534833,57.39168993151057
1823.0,60.384,0.5362967074081496,-0.7253275779582615,0.5399142823403332,0.19053006330826283,-0.08081106233696748,0.08243157264364731,-0.030628608438642485,-0.035847450688018874,0.22882171227887269,0.052103466005273553,0.17188775269552087,-0.1199052714488837,0.051846215187868284,0.6592663004735072,2.7642836525494165,0.5502014961066753,57.335336057757225,57.3859984718844,57.41161786220642,57.36198445134887
1824.0,60.416000000000004,0.5419424139668116,-0.7276794686831118,0.5432810610317177,0.17642832995816882,-0.07349658515156408,0.10521183410575274,-0.029683346937456494,-0.035448889187027106,0.23047426631469356,0.05196159563863457,0.15979236332404584,-0.10998647080617249,0.05143898146042969,0.6662203953681787,2.7592932063096303,0.5451567582696482,57.298454996502905,57.34677755217502,57.36965451585238,57.323422416893074
1825.0,60.448,0.5471435845252872,-0.7298072917007536,0.5473625657511516,0.16253657995237966,-0.06649446930131375,0.12754702248232389,-0.028537809605401074,-0.034657829813852875,0.23210636844944374,0.051669818369277046,0.14786387243234506,-0.10037306170945554,0.05089711790027394,0.673264129621988,2.754645420558488,0.5405205092331886,57.253047415357656,57.298707946547424,57.318755431507554,57.276185702193786
1826.0,60.480000000000004,0.5519116874266444,-0.7317221773400732,0.5521414797158317,0.14900321566739605,-0.059840176228728274,0.1493410613962367,-0.027211358173319062,-0.03350101925935255,0.2337152692529526,0.05123701243160529,0.1362345039243518,-0.09113396578354341,0.05022999483242427,0.6803642705361599,2.7503349015784626,0.5362789865095272,57.19929969574183,57.242018015473235,57.259177041139054,57.22048679180436
1827.0,60.512,0.5562625828609399,-0.7334362148649312,0.5575974685233925,0.13596548232174793,-0.05356367265181815,0.17049965023629438,-0.025724145985600085,-0.032007244137896004,0.23529865565999608,0.05067238612696221,0.12502651089577344,-0.08233127560225068,0.04944762365038877,0.6874876719294666,2.746353050104584,0.5324149353242537,57.13743005616047,57.17696749534167,57.191207319100016,57.15656892982511
1828.0,60.544000000000004,0.5602161360732191,-0.734962276100237,0.5637072456810872,0.12354853788371095,-0.04768941360330258,0.19093053617793718,-0.024096880972431227,-0.03020695458362985,0.23685458834690012,0.04998563960008006,0.11435139799112519,-0.07401987604644295,0.048560609248243285,0.6946013488420679,2.7426882995799278,0.5289079716958587,57.06768832332984,57.103847255780785,57.11516486465242,57.08470605360883
1829.0,60.576,0.5637958069571464,-0.7363138408189479,0.5704446484773715,0.11186471512274043,-0.042236397459720146,0.21054383738390817,-0.02235059470100449,-0.028131890935553218,0.23838144549213922,0.04918700739375686,0.1043093071650757,-0.06624717747085038,0.04758008461890226,0.7016725566456898,2.7393263630330646,0.525734945809236,56.99035574536697,57.022978923710625,57.03139807991458,57.005202592670344
1830.0,60.608000000000004,0.5670282221992865,-0.7375048260120033,0.5777807256960378,0.10101297631686774,-0.03721828728297655,0.2292524130832946,-0.020506420189662877,-0.025814717414119927,0.23987787315771708,0.048287239443827325,0.09498856706591656,-0.05905295865373707,0.04651763033906282,0.7086688759706458,2.736250485968739,0.5228703031733429,56.90574474844628,56.934714387748414,56.940284347811655,56.91839314492857
1831.0,60.64,0.5699427360617858,-0.7385494209586085,0.5856838384565074,0.09107855820311321,-0.03264359208141761,0.24697227376470288,-0.01858538079900913,-0.023288666384732246,0.24134274289559562,0.04729754717507171,0.08646540396913119,-0.052469315615651574,0.04538518109545289,0.715558304410802,2.733441702868241,0.5202864417671176,56.81419857049265,56.83943516790306,56.84222914620119,56.82464201310924
1832.0,60.672000000000004,0.5725709857244258,-0.7394619297923211,0.5941197751832311,0.08213280195748987,-0.02851590105351312,0.2636230227100866,-0.016608192120440034,-0.02058719647849892,0.24277511708877603,0.046229527535577006,0.0788038099757568,-0.046520710695829914,0.044194921403637566,0.7223093554889667,2.7308790950980577,0.5179540638657206,56.716090723034675,56.737551625241075,56.73766505120448,56.72434257352585
1833.0,60.704,0.5749464468564148,-0.740256623024594,0.6030518813788348,0.07423316037466611,-0.02483416350853372,0.2791283186126462,-0.014595078391558687,-0.01774366749089279,0.24417422225262803,0.04509507177741315,0.07205556205959153,-0.04122411485598573,0.04295917285915185,0.728891164882639,2.728540048222248,0.5158425215043219,56.61182424421705,56.62950198510363,56.62705059370309,56.61791644848955
1834.0,60.736000000000004,0.5771039947610569,-0.7409475992471469,0.6124412045169582,0.06742337202005699,-0.02159300695477492,0.2934163480663219,-0.012565604597015832,-0.014791034606092027,0.24553943018117133,0.0439062632588767,0.06626038352518357,-0.03658923505740409,0.0416902754692203,0.7352736034458877,2.726400506904371,0.5139201546059562,56.501830715528484,56.51575115107167,56.51086894176399,56.50581245737942
1835.0,60.768,0.5790794760412662,-0.7415486579928524,0.6222466539987896,0.06173379000654747,-0.018783085803298474,0.30642029630726764,-0.010538525073747402,-0.011761564102934037,0.2468702464911796,0.042675267542047826,0.061446237587521775,-0.032618817729852784,0.04040046576434535,0.7414273961378418,2.7244352257682807,0.5121546207176814,56.38656902386417,56.39678929295067,56.38962638995062,56.388505327974926
1836.0,60.800000000000004,0.5809092952808218,-0.742073184496482,0.6324251757483802,0.05718185123610635,-0.016391453238421668,0.31807880467466915,-0.008531649137122278,-0.00868657229530375,0.248166305827566,0.04141421769180155,0.05263816607953147,-0.029332003891652313,0.039101754451205714,0.7473242455976732,2.722618014763828,0.510513215119114,56.583970178042385,55.952746815679895,55.946404325690416,56.58687754101528
1837.0,60.832,0.5826300172538026,-0.7425340448335661,0.6429322718325662,0.05377256165565553,-0.01440188553388114,0.32834675263084817,-0.006541195593557846,-0.010804108204649582,0.24946677118773425,0.0401378041761716,0.04455788242748525,-0.026703463522771802,0.03775064704365069,0.7529373871585895,2.7209219759401937,0.5089631827038177,56.22033027527587,56.06587980113646,56.05587918913966,56.21987829180914
1838.0,60.864000000000004,0.5842259377845563,-0.7429569883476025,0.6537207952557507,0.04987251658604902,-0.013216984813635332,0.33714135697447734,-0.004594227296692772,-0.014219568689598443,0.2507282204218558,0.03882241667014895,0.03614571485510199,-0.02471545346889727,0.03641835467998596,0.7582398461558827,2.7193735150624687,0.5075257914838812,56.05470487271955,55.97239263642073,55.96016124518203,56.0520897294415
1839.0,60.896,0.5856685452935749,-0.7433704467588814,0.6647423926056545,0.045081484656835896,-0.01292057535246808,0.3444249171845324,-0.0027082259659203098,-0.018343773668605682,0.25194345532331713,0.03750033166867336,0.027129493990512937,-0.02334570726907604,0.035124916123055856,0.763206329462961,2.7180114832239295,0.506235539333396,55.908607187127544,55.852843405259236,55.83889439730859,55.90415984135936
1840.0,60.928000000000004,0.5869225129789869,-0.7438038534682996,0.6759474275072336,0.039186490169119736,-0.013543959669315996,0.3501573406743074,-0.0008972049707394374,-0.022959171602896813,0.2531103240173556,0.0361969202814579,0.017457094049536923,-0.022567140878159468,0.03388284625711158,0.7678129248246811,2.716880872079257,0.5051339046470756,55.75622255950818,55.734462301450925,55.719040658492396,55.75005721264704
1841.0,60.96,0.5879479173894528,-0.744286944924607,0.6872851618905315,0.03204388782706436,-0.015096608009608766,0.3543041994780978,0.0008264456841778435,-0.027788399311615312,0.2542285992880962,0.034929632745267,0.007167478182080059,-0.022348728086221133,0.032701464632721035,0.7720371697593487,2.716030411460823,0.5042670031542452,55.598389787090255,55.61762494042648,55.600942999787804,55.59062051890176
1842.0,60.992000000000004,0.5887030017167371,-0.7448489296721751,0.6987040008396452,0.023596385227629132,-0.017562023361500485,0.3568387171597655,0.0024517653648257415,-0.0324986409908795,0.25530012496251486,0.03371129682806719,-0.0036044119087921566,-0.02265592112025415,0.031586660100555865,0.7757887093882269,2.7155096196705015,0.5036826903827859,55.424856290756345,55.490713148756406,55.47293909434649,55.415580783256466
1843.0,61.024,0.5891475523199212,-0.7455174926536676,0.7101476092209353,0.013892206349506445,-0.0208925931716441,0.3576127619153552,0.003968927655021828,-0.03671329290853309,0.2563288481252151,0.032551097430132,-0.014624066999090572,-0.02345061637899687,0.030540820616552663,0.7790900642616396,2.7153651904627223,0.5034270342120897,55.25581676801213,55.37175419379536,55.353000668735454,55.24510435020654
1844.0,61.056000000000004,0.5892463137887622,-0.7463178094828051,0.7215620308156018,0.003086295901281665,-0.0250099009105442,0.35670067483328616,0.005368805807429674,-0.040029790187988044,0.25732063389255655,0.03145408938796884,-0.02557328202419517,-0.02469184894616563,0.029563078933490458,0.7819952565502428,2.7156374253521016,0.503540756643424,55.098208908453294,55.265002997492296,55.2453211701938,55.08609112297271
1845.0,61.088,0.5889726610827607,-0.7472715058538454,0.7328979126935035,-0.00855164706254932,-0.029803011595011343,0.35424630868446677,0.006642527465629,-0.042041131749991294,0.2582828875451003,0.03042207506770408,-0.03605991399493521,-0.02633629791819312,0.02864983923600697,0.7845103209938962,2.7163565046844154,0.5040554157812497,54.94596517480401,55.16114575640126,55.14053078500135,54.93243914673088
1846.0,61.120000000000005,0.5883124175271094,-0.7483955463280199,0.7441079538689407,-0.02063261111410105,-0.03512626481794826,0.35031378673237407,0.007781143731833692,-0.04236192013311493,0.25922397103543615,0.02945421378802705,-0.0456301912676164,-0.028337632918649835,0.027795580936119654,0.7865595848679726,2.717538558922353,0.5049894299904113,54.787477372774696,55.04496702434698,55.023377310410716,54.77252219024606
1847.0,61.152,0.5872675033632038,-0.7497011233550505,0.7551423043820459,-0.032653567622054194,-0.040799282094710815,0.34482345353457533,0.008775513243026412,-0.04065745268489896,0.2601524332914533,0.02854753845327965,-0.053787888197648424,-0.030645755865520666,0.02699390474667135,0.7881344772230032,2.719181798181689,0.5063442655499872,54.635799867102094,54.925909093009224,54.90329537879782,54.61940068771712
1848.0,61.184000000000005,0.5858586831033132,-0.7511928330435202,0.7659527665358239,-0.04402563312157416,-0.046615927764675685,0.337826942305525,0.00961637315991556,-0.03667181330753093,0.2610761245574283,0.027697269544509528,-0.06003067895902504,-0.033209038634235126,0.02623876243966332,0.7892295981729106,2.72126376721754,0.5081015681871649,54.4930535869898,54.8030743864136,54.77941022234948,54.47522345134506
1849.0,61.216,0.5841276616321068,-0.7528679942510556,0.7764929937427324,-0.05409442097520616,-0.05234878773548398,0.329382100215927,0.010294638993080894,-0.03025118843495666,0.26200134656644264,0.026898231612456157,-0.06387168846880015,-0.03597444808899333,0.025525623294881426,0.7898425953963325,2.7237392416414177,0.5102209589403606,54.36098574482032,54.67584001908107,54.65116189132225,54.341798050331796
1850.0,61.248000000000005,0.5821381934827041,-0.7547162263810466,0.7867184661540058,-0.062170879668827624,-0.05775725406221474,0.3195460128522568,0.010801943618537013,-0.0213618061348122,0.26293213519267766,0.02614592349275488,-0.06699181979734439,-0.03891899616752506,0.02485245218256883,0.7899737667065134,2.726539150985598,0.5126388479543046,54.37475394116025,54.40616783276448,54.384497918900934,54.35825791253744
1851.0,61.28,0.5799760674367932,-0.7567193306365979,0.7965861529229962,-0.06756643893472394,-0.0625970079859844,0.3083652115309844,0.011161446478230324,-0.0122447616493404,0.26384692837979606,0.025453099657869124,-0.073398560493732,-0.04207229840169112,0.024252347731362433,0.789625304978937,2.72957065960414,0.5152684108852561,54.56846586673313,53.9575727314079,53.94634367973553,54.56203982276677
1852.0,61.312000000000005,0.5777279927653979,-0.7588571876637861,0.8060542708001578,-0.07025233348109579,-0.06680803209962256,0.2958786836612675,0.011452565772858121,-0.007956116768565842,0.2646899442278858,0.024825943208096165,-0.07706782278676065,-0.045319934545442336,0.0238055514476201,0.788800758328163,2.732739164931198,0.5180215024974876,54.150395142959056,54.14785241426408,54.12948944948985,54.13611374522674
1853.0,61.344,0.575434943084658,-0.7611212049392613,0.815081114853132,-0.07165780252312805,-0.07075053985860795,0.28208887665547355,0.01161646306482344,-0.0037032826053115604,0.2655161221647561,0.024283046696692175,-0.07945438691318825,-0.04863826893388501,0.02343651014321496,0.7875033548902431,2.7359968282867997,0.5208572012485033,54.03889495693519,54.0336043275985,54.01615783699652,54.0248346125471
1854.0,61.376000000000005,0.5731368708807942,-0.763501734280032,0.8236270006595395,-0.07181475637073569,-0.07439154189907635,0.2670589314502071,0.011657761149016078,0.0004949883243994061,0.2663277095802664,0.023833704142732073,-0.08058027278725609,-0.051990776519916286,0.02314280624287165,0.7857385534234707,2.739296323783165,0.523735346130354,53.933823036810914,53.92391740436262,53.9074405538852,53.92010977793293
1855.0,61.408,0.5708725792002574,-0.7659881715862624,0.8316541238263407,-0.07075911501678525,-0.07770116581970975,0.2508475989625654,0.011581761902317248,0.004605120682468382,0.26712649491945545,0.023467899893450113,-0.08047199757696565,-0.05534269411818285,0.022922072284228556,0.7835135937058356,2.7425910815297616,0.5266166738106447,53.83453839027224,53.82031540070922,53.8048825851596,53.82128888515952
1856.0,61.44,0.5686794610295062,-0.7685691006832605,0.8391267145148422,-0.06853494283598208,-0.08065403428119733,0.23351845901569696,0.011394488720168109,0.008595817910497332,0.2679141561175928,0.023179656105543046,-0.07916488983930196,-0.05866123370942057,0.022771546095315936,0.7808374824874373,2.7458356815115708,0.5294630940910282,53.74145801068241,53.723236699563486,53.70891836304082,53.72877211420065
1857.0,61.472,0.566593267020643,-0.7712324345318318,0.8460111878495886,-0.06519356277696514,-0.08322918276784426,0.21513979171080092,0.011102602823125841,0.012438255196732563,0.2686923397739546,0.02296474692935869,-0.07670224071901628,-0.061915718964745264,0.02268800451654992,0.7777209757878542,2.7489862178566082,0.532237936784965,53.65497886802572,53.63309294217939,53.61995085752487,53.642943753022436
1858.0,61.504,0.564647901693068,-0.7739655526850285,0.8522762890863755,-0.06079266648672716,-0.08540994228740839,0.19578441364961277,0.010713319156223599,0.016106185376148507,0.26946269624874697,0.022819520288712612,-0.0731344401059778,-0.06507769661488029,0.02266775957638213,0.7741765565226175,2.752000631633762,0.5349061699861855,53.57547344021051,53.55026996416881,53.53835502812512,53.564165547016124
1859.0,61.536,0.5628752474269705,-0.7767554341627682,0.8578932323940659,-0.055395445815541226,-0.08718379617935336,0.17552947836530405,0.010234322520418537,0.019576018959435344,0.2702268914946654,0.022740348061758786,-0.0685181246652595,-0.06812102320869866,0.022706687257679135,0.7702184065383838,2.7548390112844223,0.5374345905328359,53.5032885261815,53.4751255508336,53.464476835015084,53.492774453579294
1860.0,61.568,0.5613050153544208,-0.7795887850571773,0.8628358321091002,-0.04906975226718332,-0.08854221545029632,0.15445624109483894,0.009673684317038314,0.022826879526876332,0.27098660566503685,0.022723384402516256,-0.06291534526654705,-0.07102192835754728,0.022800274185176893,0.7658623722524784,2.757463860135308,0.5397919876698306,53.43874381443009,53.40798752107974,53.39863198919904,53.42908072341874
1861.0,61.6,0.5599646220875952,-0.7824521603141804,0.8670806253544044,-0.04188728958829396,-0.08948047678133644,0.13264978891574283,0.009039780345761847,0.025840635658528986,0.27174352370632565,0.02276447643395797,-0.056392759913822095,-0.07375905577868083,0.02294367444621118,0.7611259232314679,2.759840330742315,0.5419492810575559,53.3821303625269,53.34915202413017,53.341104624626674,53.373366170974386
1862.0,61.632,0.5588790910973404,-0.7853320792588052,0.8706069849718376,-0.03392284344546871,-0.08999746701953504,0.11019873804479947,0.008341210116878764,0.02860191066716821,0.27249932083580264,0.022859151176254144,-0.04902085701503338,-0.07631348356719894,0.02313177209519572,0.7560281031977797,2.761936426078607,0.5438796343767683,53.33370908083136,53.298881996804646,53.29214598419279,53.32588258454374
1863.0,61.664,0.5580709774662173,-0.7882151345413891,0.8733972217950697,-0.025253550972593967,-0.09009547758073753,0.08719490072599322,0.007586718141478579,0.031098071461503216,0.27325564470508534,0.02300264108837148,-0.040873212658312674,-0.07866872518090161,0.023359246532831866,0.7505894731152913,2.7637231678063543,0.5455585458430534,53.293709275896404,53.25740576537048,53.25197317342523,53.28685026217332
1864.0,61.696,0.5575603146851471,-0.7910880942784598,0.87543667538348,-0.015958211908443886,-0.08977999178346896,0.06373292463782856,0.006785117657661105,0.03331919790337586,0.27401409552164097,0.02318992928717462,-0.03202578448934033,-0.08081071265299272,0.023620638781643808,0.744832046168087,2.765174732063115,0.5469639169749811,53.26232728985296,53.22491579248232,53.22076801616497,53.25645667555774
1865.0,61.728,0.557364582138133,-0.7939379972451718,0.87671379244308,-0.006116642094190087,-0.08905946770973841,0.03990990811249509,0.005945217238585008,0.035258034039180104,0.27477620513665346,0.023415804611453112,-0.022556243811212264,-0.08272776356108127,0.02391041712826689,0.7387792146052514,2.7662685533543323,0.5480761009631618,53.2397252615021,53.20156757669608,53.1986760360727,53.23485527081148
1866.0,61.76,0.5574986919212195,-0.7967522410458762,0.8772201922736331,0.004190930721452896,-0.08794511877202174,0.015824994704786648,0.0050757507086209176,0.036909922587405254,0.2755434159612684,0.02367492116270593,-0.012543346669533082,-0.08441053329255117,0.02422304087617001,0.7324556685743516,2.766985397276701,0.5488779319675131,53.226030028500645,53.18747871411236,53.185805581461224,53.22216441699565
1867.0,61.792,0.5579749936656003,-0.7995186632461043,0.8769507186984755,0.014884429511899805,-0.08645069375712026,-0.008421049223674317,0.004185310766259962,0.0382727240534761,0.2763170604736862,0.023961859172269645,-0.0020663439401148558,-0.08585195414756615,0.02455302114876343,0.7258873072033312,2.7673094029076424,0.5493547366316637,53.22133218560707,53.18272813154043,53.18222710678249,53.21846651294315
1868.0,61.824,0.5588032960762179,-0.8022256154936871,0.8759034780518793,0.025884450331802804,-0.08459225773697095,-0.03272627020613566,0.0032822866764968908,0.039346721823260815,0.2770983419941684,0.024271185175099116,0.008795570184943393,-0.08704716281845594,0.02489497784824396,0.7191011423125343,2.7672280957882776,0.5494943290507454,53.22568531055855,53.18735549913023,53.187972620797744,53.22380726153349
1869.0,61.856,0.5599909039519358,-0.8048620306898926,0.8740798629154631,0.03711274611618091,-0.08238797488141264,-0.05698797301299852,0.0023748063516175672,0.040134514559351776,0.27788831731948205,0.02459751007774283,0.019963772418215425,-0.08799341776453663,0.025243692030585005,0.7121251952437019,2.7667323725057678,0.549286990365857,53.23910536622127,53.201360828598396,53.20303530882413,53.238195118635616
1870.0,61.888,0.5615426695171645,-0.8074174832945284,0.8714845614079351,0.048492673913399856,-0.07985789389487927,-0.08110317211026111,0.0014706830888253917,0.04064089719231232,0.27868788171756265,0.02493554406486234,0.03136068878808315,-0.08869000797019465,0.02559415310964408,0.7049883873802764,2.7658164579500966,0.54872543408895,53.26157028509105,53.22470426102428,53.22736933399322,53.26160092188085
1871.0,61.92,0.5634610569636339,-0.8098822428632642,0.8681255519396125,0.05994960770216324,-0.07702373652298226,-0.10496904588506861,0.0005773671776356611,0.04087273176369064,0.27949775668659,0.02528014752750155,0.042910238983110985,-0.08913815451823763,0.025941600455163596,0.6977204250030771,2.7644778363846636,0.5478047581892928,53.293019739865045,53.25730604619493,53.26088982038202,53.2939577023415
1872.0,61.952,0.5657462191711138,-0.8122473209224289,0.8640140834433993,0.07141131898375393,-0.07390868934890656,-0.12848339050667804,-0.00029809746847621034,0.04083880934119546,0.2803184807818591,0.02562637738025441,0.05453824851897565,-0.08934090633786944,0.026281559099140216,0.690351679177754,2.762717157533313,0.546522384900225,53.33335510170549,53.29904671343216,53.30347301885371,53.335160680251505
1873.0,61.984,0.56839608564391,-0.8145045112877544,0.8591646411862992,0.08280832727487172,-0.07053719891641262,-0.15154507053435945,-0.0011491115608400462,0.04054970418977485,0.2811504037112805,0.02596952829265672,0.06617283065738161,-0.08930303138705875,0.02660986941008313,0.6829130614064193,2.7605381189521574,0.5448779891355184,53.38243958591293,53.34976743211973,53.3549566547778,53.3850674441013
1874.0,62.016,0.5714064607630112,-0.8166464239304929,0.8535948983495538,0.09407422247192233,-0.06693477008558714,-0.17405446364831242,-0.00196955352708009,0.04001762134748668,0.28199368379894013,0.026305168505367144,0.07774473995122731,-0.08903090441368111,0.0269227107319692,0.6754358957965638,2.7579473260257408,0.5428734163408669,53.440098583068526,53.40927055846554,53.41514045516268,53.44349831085926
1875.0,62.048,0.5747711315093412,-0.8186665124885734,0.8473256536408396,0.10514596082280284,-0.06312776744000688,-0.19591389714729873,-0.002753807461724553,0.03925623872232506,0.28284828881867846,0.026629170038477652,0.08918769914783978,-0.08853239230120537,0.027216619111239137,0.6679517885075049,2.7549541310060786,0.5405125905500128,53.50612017225476,53.47732036374071,53.4837868514585,53.510236863681506
1876.0,62.08,0.5784819838597635,-0.8205590955134358,0.8403807552686525,0.11596413595070756,-0.0591432195269563,-0.21702807413086878,-0.0034967860011322865,0.038280544797090796,0.2837140001086469,0.02693773322810208,0.10043870096909152,-0.08781673785789931,0.02748849934828975,0.6604924952295357,2.751570452601529,0.5378014133685504,53.58025581174954,53.55364393798742,53.56062185303112,53.585030662312505
1877.0,62.112,0.5825291270928258,-0.8223193715362987,0.8327870116672316,0.12647322603318342,-0.05500862571446242,-0.23730448754437827,-0.004193948230126449,0.037106673003776805,0.28459041979542055,0.027227405647276045,0.1114382860114668,-0.08689444274806485,0.027735631707426586,0.6530897874356999,2.7478105777212583,0.5347476545728523,53.66222120157662,53.637932262330516,53.64533608540889,53.667592120414405
1878.0,62.144,0.5869010252648255,-0.8239434280321338,0.8245740894105118,0.13662181787500496,-0.050751765494851844,-0.256653820522521,-0.00484131276246431,0.035751733807720905,0.2854769808841972,0.027495095576254153,0.12213079769157792,-0.08577715010658288,0.027955673699560733,0.6457753181220286,2.7436909470902853,0.5313608349877519,53.75169731149179,53.72984144219304,53.737585986501024,53.75759954330653
1879.0,62.176,0.5915846351281944,-0.825428244356696,0.8157743987961554,0.14636280823026204,-0.04640051014256388,-0.2749903316986058,-0.005435466164200127,0.03423364552420406,0.2863729599111159,0.027738080283665874,0.13246461481014052,-0.08447752722042014,0.028146657414127342,0.6385804877212965,2.7392299265690485,0.5276521022950248,53.84833156736329,53.828994093251794,53.836995153427196,53.85469831901683
1880.0,62.208,0.5965655497635537,-0.8267716887325625,0.8064229676163129,0.15565358235499602,-0.04198263674583026,-0.29223222437011015,-0.005973566908250015,0.03257096487660488,0.2872774918055488,0.027954009462006744,0.14239236194396385,-0.0830091485192511,0.028306982920433564,0.6315363108390172,2.7344475661384275,0.5236341004253502,53.951739188452876,53.934980871488406,53.94315583200712,53.95850225513789
1881.0,62.24,0.6018281471846099,-0.8279725093650688,0.7965573036611197,0.1644561694079869,-0.037525644765819925,-0.30830199859975554,-0.006453345060593791,0.03078271829431949,0.2881895865746892,0.028140904227478614,0.15187109750560776,-0.08138637898853962,0.028435408284178506,0.6246732844206089,2.729365348643772,0.5193208331988695,54.061504667802225,54.04736213854804,54.05563054068968,54.068595053717075
1882.0,62.272,0.6073557431523613,-0.8290303197789185,0.7862172465248412,0.17273737399225123,-0.0330565754328058,-0.3231267855087388,-0.006873097904522341,0.028888234940309242,0.2891081473998001,0.028297152144206195,0.16086247896024497,-0.07962425801768569,0.028531036753022442,0.6180212579162981,2.724005930526338,0.5147275229028659,54.177183387754816,54.16566975341326,54.173953820370805,54.18453191627709
1883.0,62.304,0.613130747403231,-0.8299455784814779,0.7754448093038722,0.18046888283965923,-0.028601834454977233,-0.3366386631552432,-0.007231681710341729,0.02690698245050292,0.29003198972269556,0.028421498766410848,0.16224203040297575,-0.07878426537170248,0.02859330165708359,0.6116093059674022,2.7183928769035,0.5098704645282484,54.68452169254712,53.769546573677886,53.91141577154859,54.82570367885515
1884.0,62.336,0.6191348390923179,-0.8307195528197994,0.7642847121188889,0.18762786528398592,-0.024186698072549306,-0.3487530370307644,-0.006477953032421031,0.01771866913609349,0.2909974691528054,0.028195080833985472,0.15269725684101682,-0.07950986925845085,0.028569295585212703,0.6054665112565709,2.7125503960999024,0.5047668570002473,55.0558813077097,53.5476250583111,53.79524058096425,55.301999971357944
1885.0,62.368,0.6252856587532067,-0.8313839339114707,0.7527855713898595,0.19221311440275404,-0.020761909114726702,-0.35934814778213064,-0.003782507937202236,-0.00337618494424637,0.29198505874778435,0.027480687866694567,0.139182719379324,-0.08085665827237429,0.0284890784530339,0.5998065299057824,2.706572575615948,0.4995046967098844,54.821655116247506,54.22847425579629,54.355395300914005,54.94454259901985
1886.0,62.4,0.6313942756365197,-0.8320224335840278,0.7410053630164922,0.19089427760355193,-0.019953114767412686,-0.3681315116677668,-0.00010553441801661268,-0.029154402390887693,0.29292611231139887,0.027840341008824484,0.11877974187538956,-0.08330632709022767,0.02845995124456828,0.5948257463170885,2.7006705432088296,0.49429044556498175,54.98044269664596,54.46251622966813,54.585124117674575,55.10057214370942
1887.0,62.432,0.6372281348262108,-0.8327427167777238,0.7290097230927105,0.18230809967782452,-0.02250884980299723,-0.3748637476181368,0.0045329456470716775,-0.05904040970636693,0.2937573004189493,0.028019904852552353,0.09098952274378495,-0.08699785362431542,0.028586300865412563,0.590442656759038,2.695103753600845,0.48938011468968096,55.10225740427761,54.71710450876161,54.82521427176506,55.208101583229634
1888.0,62.464,0.6425159022334398,-0.8336750783295337,0.71685047265317,0.1652427314759253,-0.02913629849406159,-0.37997657623568154,0.010032157525904811,-0.0919890510096207,0.294422349176861,0.028224972827548177,0.055801038399982586,-0.09199646340286273,0.02896721554703646,0.5865855379479534,2.690174470761164,0.4850743122826497,55.185279079124555,55.003188310853645,55.08239628839688,55.26151808578983
1889.0,62.496,0.6469571258914082,-0.8349685573322781,0.704563554211109,0.13878823931149684,-0.040421218835759776,-0.3839662013143626,0.01617584798780088,-0.12638160138716836,0.2948893534874398,0.028592755625955167,0.013814270239057135,-0.09826154855738704,0.02967177610548943,0.5831912733941991,2.686217622471968,0.4817078447652995,55.23292361539286,55.326222708838515,55.358977461756126,55.26136228639233
1890.0,62.528,0.6502372816606512,-0.8367840733272482,0.692168888453859,0.10250486778885533,-0.05673487484282175,-0.3873333049141055,0.02260001064771721,-0.16000669516778573,0.2951743032605683,0.029186457398213725,-0.03370324101748481,-0.10561912075292218,0.03070500383826213,0.5802043205868952,2.6835846841178843,0.47963318072042077,55.254030429007756,55.684543510186245,55.65203125410673,55.21544398716806
1891.0,62.56,0.6520481571911222,-0.839284322204604,0.6796734250061451,0.0565898603272121,-0.07813277741735944,-0.3904832327410159,0.02877077477200538,-0.19014216022799585,0.29536244337071665,0.029976355498789874,-0.0848588611818229,-0.1137411904651053,0.03197606141649876,0.5775758021164678,2.682621485775214,0.47919770496734804,55.26324333179523,56.06607706885571,55.95195833903879,55.14112577830746
1892.0,62.592,0.6521125616363728,-0.84262062479053,0.6670781464714562,0.0020126389140807384,-0.10425945581019859,-0.3936024542090712,0.033993873289250326,-0.21376834267566114,0.29561300618304553,0.030835232057433208,-0.13433719103580066,-0.11951644080237259,0.03328891409165004,0.5752627058624916,2.6836408487645675,0.4807157518543324,55.258437869484446,56.803140010299224,56.263696115523395,54.70917924657176
1893.0,62.624,0.6502111053258998,-0.8469176321138182,0.6543895940286725,-0.059420509702274735,-0.13428147885274103,-0.3965172638369486,0.03475166194530064,-0.22486036867020504,0.2962098729188241,0.030107103536168696,-0.1747103524824929,-0.12072495332771768,0.03426802168092068,0.5732271811589926,2.686892329910564,0.4844378286634215,55.089611395866214,57.62805707464943,56.73891484983314,54.183825498470895
1894.0,62.656,0.6462292022882292,-0.8522218817277079,0.6416406037733376,-0.12443446992721816,-0.16575780043406965,-0.3984059454792571,0.028108688693593734,-0.21529460453801166,0.2973965139597209,0.026776851845821577,-0.20660606322357405,-0.11994753277387665,0.0345716970166326,0.571627577392909,2.6925008600284173,0.4904846508485062,55.158823485061944,57.54701680809782,57.03266628539808,54.613293581678946
1895.0,62.688,0.6402264999940311,-0.8584486414547289,0.6289174069830427,-0.18758444669366905,-0.19458624146938525,-0.39759989969667386,0.017091838299051375,-0.18616714378549457,0.29898103593890984,0.027944030631805134,-0.22991447783351543,-0.11713150639994588,0.03443084650461657,0.5708098747353827,2.7003826108176674,0.4987601478700374,55.51178890405454,57.39844119943679,57.132883918744,55.220284359870504
1896.0,62.72,0.6324376506279004,-0.8654118416371758,0.6163629652182707,-0.24340154269161365,-0.21760000570148938,-0.39232630514916633,0.003858793851722988,-0.14151397285654665,0.3004355555407483,0.03023485210917419,-0.24579876173537454,-0.11295369011181666,0.034526086236265026,0.5705146948382522,2.71025205562333,0.5089650701802512,55.95330162679164,57.032910849915,57.02804624049527,55.931272080863565
1897.0,62.752,0.6232520333296002,-0.8728500200843665,0.6041147745478576,-0.2870505405718473,-0.23244307647468482,-0.38275595845036847,-0.009383535106449245,-0.08794108072979132,0.3013357255485775,0.03258174257304301,-0.26771464280634266,-0.10882200230747331,0.03538325156083744,0.5709484613019495,2.721649842485981,0.5206278685002546,57.21411543149876,55.82894207432981,56.13937117872377,57.51333849994155
1898.0,62.784,0.6131598283467113,-0.8804671607209155,0.5922427011931868,-0.3153814057153121,-0.23803564489218082,-0.3710022923335026,-0.02243132278767229,-0.040888499968314375,0.30202286993659333,0.0448264006384405,-0.285353615446804,-0.1042386498969226,0.0364585833248002,0.5719500943085483,2.7340093068530558,0.5331724432446693,57.15321515042672,56.12202435275,56.488834933703345,57.55349700063462
1899.0,62.816,0.6025840670586528,-0.8879863143383516,0.5808973891847916,-0.3304925402517941,-0.23497355054485367,-0.3545410002623094,-0.03232806067300555,-0.0024855598964030833,0.30222472658167593,0.03916389331762053,-0.2979222857400905,-0.09903355445004497,0.03806840279543363,0.5732945596972757,2.7468290363248813,0.546090918678624,57.21476545977369,56.18635573056639,56.63571411914893,57.668505810444984
1900.0,62.848,0.5918809495587541,-0.8951856185455159,0.5701209157272757,-0.3344724218718683,-0.22497825647390926,-0.33676479554740796,-0.03852619333724128,0.027400448511881222,0.30236319941164735,0.037407161161878345,-0.30634906970380604,-0.09289990184966254,0.03957529720033352,0.5747761659226075,2.7596905863920167,0.5589614191528927,57.33942817530661,56.231538239335094,56.62932439474669,57.72854178656438
1901.0,62.88,0.581333883484847,-0.9019069217114113,0.5599279175616034,-0.3295958148095599,-0.21004072393420664,-0.3185311926772243,-0.04148702467570311,0.048164881886630234,0.30273496460035715,0.03755458682487427,-0.31170658124080536,-0.08593643539702117,0.040537538489180486,0.5762406805027981,2.7722659297997554,0.5714577596583411,57.407438865136314,56.28129634226782,56.613636507418576,57.72784722362984
1902.0,62.912,0.5711441570092628,-0.9080538497573376,0.5503182354361427,-0.3184289523620428,-0.19209150143521847,-0.30030256642068187,-0.04174157994530089,0.05967005652450774,0.30348453094370287,0.038327763277048676,-0.3148519225837765,-0.07820231777935813,0.040743383385114025,0.5775845270036462,2.784325830101312,0.5833565602017413,57.411273070683706,56.37512035896144,56.616468387226604,57.6429586185166
1903.0,62.944,0.5614272418983373,-0.913586945682268,0.5412864148674819,-0.3036535972163891,-0.17290924765405385,-0.2822443927706187,-0.04002199709365758,0.06265034636332263,0.3046164113957956,0.03908211678339349,-0.3166213998211822,-0.06977423848666933,0.04019031213461387,0.5787568993511044,2.795741645351695,0.5945378671153538,57.37168091674743,56.49561288429799,56.63535269557131,57.50698794661586
1904.0,62.976,0.5522180025957067,-0.9185138321330805,0.5328276185728942,-0.28778872820723517,-0.15396520158790813,-0.26433738420589403,-0.03715062846608972,0.058407035182549846,0.30604482552735435,0.0394077589826278,-0.3090126918676694,-0.059037716989590136,0.039011068232119125,0.5800756825327431,2.8064769714471693,0.6049755304999136,56.905501921196326,57.34896211131126,57.17587618894485,56.73400276183194
1905.0,63.008,0.543482495664002,-0.9228757307237586,0.5249597187815962,-0.2729845916157436,-0.13630933095867687,-0.24587186847803447,-0.035713704593412825,0.05782470333092269,0.307316958610633,0.038997883222697635,-0.2898914684499855,-0.0464681489772254,0.03785634695676768,0.5820014414058287,2.8165707976993413,0.6147200833410758,56.664189647245074,57.88479575963539,57.63485004269112,56.41881007536454
1906.0,63.04,0.5352206223790756,-0.9266863285666177,0.5177256185886338,-0.25818354015397643,-0.11908118258935958,-0.2260656310301013,-0.036350247740477654,0.06733910724316067,0.3081801268925631,0.037615013044115006,-0.2708572414865153,-0.03445982223792314,0.03708872589311063,0.5845167701850014,2.826020158600915,0.6237791911129279,57.28563693567877,57.175253154667075,57.217173221613876,57.329662151229584
1907.0,63.072,0.5275285645856855,-0.929905902899137,0.5111553095202365,-0.2403768060434139,-0.10061169789121664,-0.20532215838739215,-0.03662948377685552,0.07592769623542109,0.3090634672043727,0.03730704495094553,-0.24861064276400494,-0.022215887947336282,0.03610656429382546,0.5875896461490439,2.8347147797194836,0.6320506118444752,57.38178336908009,57.263240775286086,57.30379985841487,57.42714437483735
1908.0,63.104,0.5204945845688567,-0.9325011268496298,0.5052765331558368,-0.2198118755259263,-0.0811007484529099,-0.18371176138751108,-0.036550950877477804,0.08350949666970559,0.30996131357290724,0.036617547689895766,-0.22344285347422976,-0.009860660945837263,0.03491841451986094,0.5911889757893254,2.842554504369907,0.6394422763718722,57.46646741836837,57.34606768702129,57.38358540966321,57.51078167369043
1909.0,63.136,0.5141980082423392,-0.9344455173385354,0.5001138047091175,-0.19676801020364917,-0.06076220277829322,-0.16133526395995937,-0.036131269509549986,0.09005896349495524,0.310868022535657,0.035645891454305384,-0.19567974998774965,0.0024793247137108523,0.033534224698052645,0.5952832205556488,2.8494505198322355,0.6458733373692969,57.54124978307103,57.42011201865147,57.45446765773216,57.584052089176716
1910.0,63.168,0.5087087860106458,-0.9357194561453377,0.4956886117501395,-0.171538194740436,-0.0398105877125752,-0.13828727996807694,-0.03538974521948465,0.09556146768190947,0.3117778756035227,0.03444039096170404,-0.1656609662491494,0.014682697809604212,0.03196534630691128,0.599840707653701,2.8553258176896397,0.6512745108052886,57.60598140722356,57.48523128798042,57.516274938359025,57.64692523622134
1911.0,63.2,0.5040871720319428,-0.936310136265221,0.4920195866262072,-0.14442543683445533,-0.018458753746350438,-0.11465703512287158,-0.03434804912818194,0.10001276753973577,0.3126844908733327,0.033028710195177294,-0.1337357197596526,0.026634467691186794,0.030225233712503848,0.6048298695049845,2.860115503218237,0.655588283986196,57.66056442571526,57.54130413499718,57.56889399816948,57.699368194818256
1912.0,63.232,0.5003835186141584,-0.9362114378215345,0.4891226463124128,-0.11573916930577326,0.003084326365202984,-0.09052938480608477,-0.03302991930058736,0.1034186120156386,0.3135806894330137,0.03143062437118036,-0.10025877783179324,0.038227252465080706,0.028329513245045023,0.61021941232353,2.863766961677331,0.6587689950093,57.70494161765663,57.588220966942814,57.61224471381341,57.74136980903177
1913.0,63.264,0.49763818298752394,-0.9354237372767067,0.4870110945683082,-0.08579173833231796,0.02461564202586588,-0.06598599200326138,-0.03146081560715893,0.10579426582705077,0.3144585879555054,0.02966366711122105,-0.06558651604968607,0.04936241590838064,0.026295742488982043,0.6159784156916451,2.8662398884559726,0.6607827875829221,57.73908612295936,57.62588625573614,57.64626972023421,57.77294128594638
1914.0,63.296,0.49588154255757694,-0.9339536544457634,0.4856956837011207,-0.054895013435849745,0.045940088466983116,-0.041106589599614066,-0.029667545751130498,0.10716395868227284,0.3153098015981522,0.027745470232756312,-0.03007309837360265,0.059951036620624475,0.024143022231075634,0.6220763679269422,2.867506190886402,0.661607446453795,57.762995084260005,57.6542186300074,57.670928290134945,57.79411453639427
1915.0,63.328,0.49513411373961064,-0.9318137424189037,0.48518463559634467,-0.02335715056144427,0.06687225083935823,-0.01597025327424931,-0.02767787792744001,0.10756026485005299,0.3161256968436459,0.025694566251799576,0.005933187657816646,0.06991466538482415,0.02189154542213375,0.6284831445113517,2.86754977010107,0.6612321198183172,57.776685690041454,57.67315047501243,57.686192801177576,57.80494009952526
1916.0,63.36,0.4954067686090381,-0.929022125979198,0.4854836238727494,0.008520464669608993,0.08723801374081314,0.009343383637648918,-0.025520153651843555,0.10702342121630266,0.316897660101732,0.023530481840216375,0.0420934065954403,0.07918584865101817,0.019562130561134903,0.6351689388211079,2.8663661916489658,0.6596569360830249,57.78019289720244,57.68262785652236,57.69204702462059,57.80548547041701
1917.0,63.392,0.49670104285429256,-0.9256020944849568,0.48659572097141157,0.04044607016419759,0.10687598419502534,0.03475303433318887,-0.023222912514363835,0.10560059314043078,0.3176173607782559,0.02127351320705482,0.07808122837731821,0.08770841260588551,0.017175768652174194,0.6421041558134853,2.863962253768898,0.6568925231957623,57.77356846825978,57.682611109620396,57.688485845398674,57.79583418225759
1918.0,63.424,0.4990095278693201,-0.9215816554907204,0.48852131563481926,0.07214015671961925,0.1256387185699023,0.06017483323149702,-0.020814538698269137,0.1033450981803954,0.3182769944995928,0.018944371276758173,0.11358592754887706,0.09543751547163147,0.01475320296631093,0.6492592801765945,2.8603554623051544,0.6529594395092208,57.75688110110411,57.6730761921017,57.67551617206168,57.77608575430588
1919.0,63.456,0.5023163392538844,-0.9169930556165587,0.49125800752775395,0.1033378557676225,0.14339374606753405,0.0855216216541993,-0.018322937003018482,0.10031559821724753,0.31886949658680186,0.016563789624627748,0.14831509885140698,0.10233948607122234,0.012314554593179124,0.6566047307431337,2.855573421296659,0.6478875257768407,57.73021747661038,57.65401677358311,57.65315884235879,57.74635648551187
1920.0,63.488,0.506597653489994,-0.9118722753474396,0.49480048666979226,0.1337910698784384,0.16002438340998973,0.11070247318870947,-0.015775243884001474,0.0965752707283858,0.3193887191470998,0.014152142958158745,0.18199706243950833,0.10839147439187496,0.00987900216500097,0.6641107127397723,2.849653148313317,0.6417151884263518,57.69368405737229,57.62544695903072,57.62145133606932,57.70678099758353
1921.0,63.52,0.5118223041270313,-0.9062585045532775,0.49914040588050845,0.16327033240739938,0.17543033731754734,0.13562247533486582,-0.013197576800525416,0.09219096995463874,0.3198295678658512,0.01172910155212677,0.21438293552616394,0.11358094486145545,0.007464520365177883,0.6717470787415412,2.842640323677919,0.634488624710649,57.64740946498369,57.58740450331246,57.58045109894805,57.65751438536709
1922.0,63.552,0.5179524284389002,-0.9001936055626906,0.5042662545897,0.19156638474592355,0.18952809345586247,0.16018277216225288,-0.010614823085687829,0.08723238849351618,0.3201880969314158,0.009313335132537796,0.24524835154748298,0.11790504543507588,0.005087678619461655,0.6794832080910737,2.8345884828103953,0.6262610006948109,57.591547255904445,57.53995434951361,57.5302392732051,57.59873480564825
1923.0,63.584,0.5249441552221025,-0.8937215705937133,0.5101632421579113,0.21849146197504607,0.2022510927805181,0.1842808615065835,-0.00805046773854097,0.08177122944254019,0.32046156254307234,0.00692227269358665,0.2743948129422835,0.12136988561665839,0.0027634986527981017,0.6872879131025853,2.8255581610633578,0.617091593291609,57.52627891203816,57.483192312553236,57.47092462650891,57.53064632215699
1924.0,63.616,0.53274832419692,-0.8868879802357839,0.5168131983217717,0.2438802804630739,0.21354969868531753,0.20781113012066157,-0.005526458076462611,0.07588039863136513,0.3206484371244919,0.004571920151129585,0.3016506692752984,0.12398975462002815,0.0005053673917793766,0.6951293786847623,2.815616000573534,0.6070449076918009,57.45181686421364,57.41724872822981,57.40264747517149,57.453481822192714
1925.0,63.648,0.541311227369956,-0.8797394694825057,0.5241944975694938,0.2675907241573446,0.22339096103991746,0.23066560149128723,-0.003063102118923444,0.0696332257411558,0.32074838767562325,0.002276734512342328,0.32687171853181224,0.12578630748037423,-0.0016749999834771547,0.7029751401730643,2.804833828815162,0.5961897815340956,57.36840737500317,57.342291894587774,57.32558340831099,57.367505826709674
1926.0,63.68,0.5505753627304099,-0.8723232075288161,0.5322820132177312,0.2895042300142161,0.23175818605282575,0.2527348640074465,-0.0006789969082014615,0.0631027222413734,0.320762222644254,4.9550911738915036e-05,0.32801432226741967,0.11884330119909081,-0.00376755319042823,0.7101355585832735,2.7932877186860505,0.5845984870081362,58.06043935335919,55.24076340003254,56.237329543433624,59.07227391316895
1927.0,63.712,0.5604808466807107,-0.864686171389498,0.5410580830113182,0.30954637344686803,0.23865737935366388,0.2742521810495639,0.002694636425467589,0.0414435250450465,0.31944393516098885,-0.04046050068698842,0.3268101302278117,0.11241645626412648,-0.0040168404488261965,0.7166389309125952,2.7810557957537063,0.5723451531921445,57.22375372949654,56.54179845240085,56.744768547321065,57.28094918346411
1928.0,63.744,0.5708136748855993,-0.8569379668447362,0.5504148327072552,0.32290088140280326,0.24213139202383205,0.2923984279980643,0.007514059448180714,0.014393342422959117,0.3182671728351139,-0.032447432759084856,0.32462486327105483,0.10739803232126614,-0.0044685924973897,0.7225818138815533,2.76838648007075,0.5596697511243469,56.73827710868543,56.904337362296864,56.84351623301722,56.565540618359
1929.0,63.776,0.5813156519799153,-0.8492175607659672,0.5602827489767951,0.3281867841973381,0.24126268996150438,0.3083723834230863,0.011381851752877948,-0.010832233684003878,0.31748809593445093,-0.0168988968618497,0.32058772376352557,0.1030454298579348,-0.005455767106936716,0.7281103434845803,2.7555766343676353,0.5468647328757844,56.450719979758766,56.91394976026803,56.77569405673848,56.26669175720955
1930.0,63.808,0.5917469033668015,-0.8416461687156411,0.5706022243591113,0.32597660584022853,0.23660600157271627,0.3224836056974185,0.013930663808329444,-0.03206762725390879,0.3168760014736203,-0.010724246605640978,0.3145922563232995,0.09924292527243896,-0.006634127722565763,0.7333516930791225,2.742899203245826,0.5341982008956663,56.254889812086624,56.82440645875996,56.67647954150744,56.090602419301796
1931.0,63.84,0.601905270022653,-0.8343174084006499,0.5813163182344276,0.317448957995326,0.22902375984344905,0.3348154336035969,0.015202807036495677,-0.048571153817095626,0.3163575209896172,-0.008675699578647422,0.3067081688205201,0.09592484730684193,-0.007886102602945042,0.7384032500014652,2.7305821296628445,0.5218922953464519,56.1167362890387,56.69798404393097,56.5624206107221,55.978014467927025
1932.0,63.872,0.6116329519491428,-0.8272960089643656,0.5923725557701145,0.30399006020283853,0.21941873238390935,0.34550742299025217,0.015353774567126601,-0.060310537013418174,0.3159075422258407,-0.008434831848681885,0.2944852173480129,0.09328315846162091,-0.009168026630776692,0.7434425508804772,2.7188015879752805,0.5101167696435212,56.21589143007971,56.42141376826157,56.27747364406025,56.07488408500676
1933.0,63.904,0.6208162093630958,-0.8206200110062102,0.6037303829640709,0.2869767941859986,0.20862493619233394,0.3549320998110976,0.014343274823171681,-0.07038454950424448,0.3154718157904922,-0.008911689462912847,0.2636657202197919,0.09197809928847295,-0.010401128776107637,0.7491016967456082,2.707682764693465,0.49899030264421335,57.25637799520826,55.47796918343001,55.26747457365648,57.051841142687515
1934.0,63.936,0.6293523289360986,-0.8143116908857726,0.6153870084465721,0.26675373665636753,0.19713500376369616,0.3642695463282038,0.012127935975438849,-0.09439536075781776,0.31480058452380144,-0.010973144153878213,0.2224317993543526,0.09033985277714467,-0.011238717631324434,0.7553795246803263,2.697334209571271,0.48861521665408014,56.8468025419305,55.69458831721214,55.71668309442016,56.86995961304832
1935.0,63.968,0.6369971271996839,-0.8084260129115214,0.6273321107576203,0.23889994573701478,0.18392743669532982,0.3732844472202136,0.010116977796963125,-0.12781920640294336,0.314066438792045,-0.011184178177660199,0.16265967656428676,0.08680793984928972,-0.01193119017350973,0.7611299817186872,2.6880095162619364,0.4792367383838514,56.86068568189044,55.087253560798366,55.365807076645076,57.14222724572054
1936.0,64.0,0.643423018602703,-0.8030460377943288,0.639467624665027,0.20080910634436835,0.16812422241228633,0.37923480960650263,0.010433797037109538,-0.17568902148450696,0.31315402689635025,-0.012817830926239449,0.08614007748064373,0.08075490090717458,-0.012324476364269409,0.7661903839124448,2.6800517095531045,0.47118859200967633,56.43497711877199,54.99691278911812,55.417899658764306,56.8539905701703
1937.0,64.032,0.6481773977118147,-0.798319732216409,0.6516500738901331,0.14857434715975684,0.14769704931001204,0.38070153828460535,0.014252425391225908,-0.2352099155339549,0.31194521032942957,-0.01402993780319728,0.001285334780917597,0.07552437077761687,-0.012247096932312717,0.7706435378429514,2.673941417942274,0.46494598693130945,55.746468137841845,55.81191892891074,55.788047245838214,55.715465091285765
1938.0,64.06400000000001,0.6507128542201872,-0.7944618091327738,0.6637115252276992,0.07923301588661423,0.12056009636355959,0.3769203542988143,0.01889885099943968,-0.2948782330279641,0.3096760419516501,-0.037541245319058864,-0.09118443577590013,0.07017917201761843,-0.0106038113631016,0.7745623133017973,2.6702671277942867,0.46109824554042667,55.29836927022828,56.056792224015496,56.02989260169461,55.163719912083565
1939.0,64.096,0.6504994167213003,-0.7916847207011951,0.6754318425187404,-0.006669921840216821,0.08678401348684221,0.3662599153450804,0.02285952082598704,-0.3479987932311715,0.3077324272562445,-0.022969446890946443,-0.1866253539556716,0.06472203988670744,-0.009306473529100799,0.7780108357055816,2.6695967370082143,0.46021783715037456,54.84042200325649,56.43376725775677,56.288330637383964,54.6403334894363
1940.0,64.128,0.6470698422823618,-0.7901723905462158,0.6866119670962103,-0.10717420121684128,0.047260317343108746,0.3493788930459717,0.025358276859128212,-0.38806694161680644,0.306141437254703,-0.016196398735715743,-0.2626878516467027,0.05576573223334523,-0.008368520687699797,0.7799086923670246,2.6724255978281706,0.46280813003410104,52.897389073008966,57.48171266890658,57.74813014927933,53.13249504118964
1941.0,64.16,0.6400666778206787,-0.7900587615884481,0.697113094121412,-0.21884888942761882,0.003550904930240242,0.32816021953758845,0.026142267227008523,-0.3996110557550353,0.3054645519435401,-0.010238546647488298,-0.3132074530700597,0.04682552831380838,-0.008559673127305333,0.7796025093247047,2.6791262713441752,0.4692515408537306,52.212268599007864,57.79501385303305,57.75462735339719,52.16516660529127
1942.0,64.19200000000001,0.6294183728192613,-0.7913697462804358,0.706814597648838,-0.33275953129418406,-0.040968271624600344,0.30317198523196276,0.025303209330583804,-0.371430722670798,0.3065924487439701,0.01000084147917165,-0.3460546638188006,0.0405551917431457,-0.011121201974697728,0.7775962107880184,2.689764438871547,0.4796243845244621,52.897635920573606,56.82362085330327,56.530748523872674,52.6892517649585
1943.0,64.224,0.6154363101557444,-0.7939976486474881,0.7156508035525435,-0.4369394582349503,-0.08212194897039493,0.27613143449082683,0.023042865326324543,-0.31131011042928197,0.30920092092425483,0.0313985883365461,-0.3664568912137538,0.03687053345882253,-0.015602751320897277,0.7744590404778943,2.704000057586418,0.4935969670681857,53.64874695722006,55.71100661165004,55.42423808457027,53.54998378877006
1944.0,64.256,0.598659043087798,-0.7977559552838617,0.7237855169201916,-0.5242895958733813,-0.1174470823866865,0.2542097927390292,0.02024178947565805,-0.2333033108940497,0.3122441431278084,0.03886443911626136,-0.37778863015520464,0.03469607536106792,-0.02054978022682176,0.7707883431836879,2.7212565283274297,0.5105983646202314,54.14178059519188,54.95236848998844,54.737800613386675,54.16486959596245
1945.0,64.288,0.579798704057252,-0.8023939569795892,0.7313541561238537,-0.5893855947046296,-0.14493755299149966,0.23651997511446765,0.01750037973449626,-0.14927757767187486,0.31468303573888007,0.02530000122520245,-0.38967610704537914,0.028974702536116018,-0.02452394133543314,0.7664573326538149,2.7407748204036784,0.5298718447724865,54.65463387985172,53.60764573174033,53.98791819421036,55.2342021125643
1946.0,64.32000000000001,0.5596176703159077,-0.8076405792782183,0.7384801043276215,-0.6306573044167981,-0.16395694683210635,0.22268588136766856,0.017014960872445473,-0.07231259994303377,0.3147731969228423,-0.038723904233189284,-0.3962618697363274,0.024161679733538666,-0.02510273565075529,0.7619360911495182,2.761743859708951,0.5506060843854321,54.85054192509702,53.884954648454325,53.77235625083415,54.683458853147116
1947.0,64.352,0.5388238781823184,-0.8132595923152487,0.745195544950804,-0.6498060041747384,-0.17559415740721887,0.20985751947447695,0.015505667411838477,-0.0027340885319898558,0.31490881630679707,-0.031130858257778428,-0.40007873934369353,0.02055863282970863,-0.025649295735944832,0.7574981471808823,2.7834145041719665,0.5720528660114933,55.02397619271379,53.62399043435292,53.517826010798714,54.89588551907224
1948.0,64.384,0.5180513474823416,-0.8190290562113048,0.751515251386923,-0.6491415843743451,-0.18029574675177448,0.19749082612874083,0.013131162759944937,0.055918274034470535,0.31485901646139947,-0.027806880589007838,-0.40232694243004213,0.01780294666358774,-0.02585585422200135,0.7533020812280827,2.8051127992361344,0.5935382646874353,55.210257242815686,53.38968040615609,53.31399403956421,55.126766770755765
1949.0,64.416,0.4978308385992868,-0.8247519956104928,0.7574237575445179,-0.6318909025955328,-0.17884185622464466,0.18464081742485977,0.010146072541339686,0.10027743891440447,0.31452927547025933,-0.026410869417436884,-0.4037129721935464,0.01573141397404787,-0.025608487650002586,0.7494214771877706,2.826270551682688,0.6144941908544619,55.31169205869203,53.28341601400008,53.23900093550756,55.26406745312977
1950.0,64.44800000000001,0.4785598180708131,-0.8302690611326133,0.7628937439212071,-0.6022193915146015,-0.1724082975662081,0.1709370742714827,0.0067863712632786856,0.12868085440981278,0.3139418386414779,-0.02575355305953263,-0.40463132260145485,0.01429672149816974,-0.024957758085379454,0.7458768344950046,2.846457932322872,0.6344911017869119,55.30952674689739,53.31159477828807,53.29744043395257,55.292189222665286
1951.0,64.48,0.4604887797188621,-0.8354654834909203,0.767903986368095,-0.5647199484985311,-0.1623881986971108,0.1565700764652628,0.003286759253905573,0.14135463292803843,0.31319079523306614,-0.025251491261665995,-0.4053069951220614,0.013540332620915307,-0.024054399976070215,0.742657524377406,2.865398995705865,0.6532532681361802,55.22511304279355,53.44581733029604,53.45532321935406,55.22983056670918
1952.0,64.512,0.44372469967218575,-0.8402720842676856,0.7724502979952445,-0.5238775014586935,-0.15020627427393257,0.14207223834843655,-0.00015991589633370347,0.14001645260665033,0.31239223479878375,-0.024643092052198157,-0.40587298063462984,0.01355918065262067,-0.0230785845189269,0.7397353427476248,2.8829690397087795,0.6706558382475559,55.087079910914014,53.65095596060927,53.67208356652233,55.10194948669398
1953.0,64.544,0.42824716573282556,-0.8446615442275934,0.7765474074140688,-0.48367293560505914,-0.13717062374713399,0.1280346693382751,-0.0034534032805793617,0.12737004029401713,0.31164458059000544,-0.02387015871293107,-0.4064215605379571,0.014472476216916969,-0.022183913378518882,0.7370705133707919,2.899178239534709,0.6867083431242162,54.92064721181954,53.89237659903468,53.91168662836007,54.93321225980729
1954.0,64.57600000000001,0.4139325431001387,-0.8486411768649484,0.7802236720666451,-0.4473319572713146,-0.12436351991730261,0.11488327039297135,-0.006603503078063998,0.10663106545164477,0.3110082798242269,-0.02300830222376527,-0.40703713632839533,0.016392168647427624,-0.02146901552408037,0.734611936397894,2.914146322344574,0.7015294566116851,54.74508997781433,54.13778451024454,54.145625222855415,54.746773543626475
1955.0,64.608,0.40058243938568855,-0.8522434023544645,0.7835122764200513,-0.4171907410766137,-0.11256954654738906,0.10276888604395401,-0.009701106934568016,0.08111923724044168,0.3105039441023001,-0.022191540566696043,-0.4078062840093998,0.01939567403942656,-0.020975411559387744,0.7322948269958061,2.9280722851835272,0.715316948724656,54.57371313636079,54.358954997259495,54.3532043493665,54.56309797243855
1956.0,64.64,0.38795340148650004,-0.8555152264232474,0.7864424948012668,-0.3946574343496844,-0.10224450214947696,0.09156932441299583,-0.012856242164381868,0.05393022472177348,0.31012059322756597,-0.02153617263301396,-0.3936482350250934,0.022628386121755523,-0.020699769662836542,0.7298946195732091,2.94120259614349,0.7283161673212465,53.36640639294737,55.42273694026699,55.521075289456945,53.46139913025661
1957.0,64.672,0.37578522825063493,-0.8585081181807984,0.789034159542048,-0.38025541362082654,-0.09352786742347965,0.08098952314942166,-0.01608680557510529,0.0402354988291047,0.30964879135418744,-0.020919416493682806,-0.37748939911272866,0.026297545010308454,-0.02036098234443413,0.727344205396265,2.9538009241046406,0.7407899812382639,53.83509171728811,54.899966248385994,54.98811006569544,53.92100179800056
1958.0,64.70400000000001,0.3639411519142946,-0.8612334559445998,0.7912733828093496,-0.37012738551051155,-0.08516680511876375,0.06997572710314934,-0.0186362241064502,0.03495691336435193,0.3090873851143092,-0.020392728444173336,-0.36545723016516535,0.03089671522669457,-0.019970465548023883,0.7246436818691738,2.96600020629683,0.7528717712557429,54.35068484326719,54.37568129124682,54.41535694556359,54.38867144599935
1959.0,64.736,0.3523647339078994,-0.8636837471090552,0.7931505934754475,-0.36176306269988967,-0.07657159888923928,0.05866283331556637,-0.020878473690942794,0.029882330069735983,0.30854198367959673,-0.02016451952097397,-0.3550167881497976,0.03626234205909812,-0.019686405849742305,0.721798719826727,2.9778513864137097,0.7646131103238876,54.32547879230958,54.350943737443814,54.391390546159684,54.36401314634054
1960.0,64.768,0.34100249756193945,-0.8658536197622889,0.7946581816206474,-0.3550698858112876,-0.06780852041356253,0.047112129537502434,-0.022808676319068372,0.025016294257388175,0.30801093519192635,-0.019906470252511375,-0.3461018605616195,0.04230079655307091,-0.01951533127023468,0.7188168474404628,2.9894034346880125,0.7760637186970178,54.302621198957404,54.332145845863614,54.37273830790469,54.341649105069386
1961.0,64.8,0.3298039229563604,-0.8677398764409688,0.7957896750477449,-0.3499554564243838,-0.058945521208754015,0.035359169596801,-0.024424653683622913,0.020389352538315617,0.30748969371987106,-0.019694575362842484,-0.3386468175615157,0.048916286407712936,-0.019458227423719575,0.7157061619550397,3.000703357416403,0.7872714936203222,54.28414960927926,54.31745782046645,54.35770551897631,54.32345191603263
1962.0,64.83200000000001,0.31872170554849993,-0.8693414237463741,0.7965398142369035,-0.34631929399552414,-0.050048353293898694,0.023441849661197195,-0.02572695809142166,0.016028756232859934,0.3069726989823622,-0.0195650648333675,-0.33257772931189,0.05601272359135252,-0.019513187536626897,0.7124753582307033,3.0117959468925366,0.798282243018144,54.27019072016425,54.306905158576626,54.34641223231077,54.30949028471143
1963.0,64.864,0.3077119778586704,-0.8706591884015171,0.796904624501674,-0.3440539903072114,-0.041180145473223115,0.011400320774080382,-0.02671870726202685,0.011958293616498104,0.30645411635842545,-0.01953380362136205,-0.32781334682983626,0.06349468413380839,-0.01967647514558378,0.7091337502322997,3.022723558184054,0.8091394414874451,54.26083088542558,54.300528847767765,54.338956877602556,54.29982960135726
1964.0,64.896,0.29673449363130017,-0.8716960215695942,0.796881483290002,-0.34304638210535704,-0.032401036502413647,-0.000723162864750628,-0.027405439754752303,0.008198264421929084,0.3059282412338979,-0.01960621061342575,-0.32426610430234926,0.07126818014854404,-0.019943125292330128,0.7056912836519216,3.0335259130677246,0.8198840084557192,54.25613083827338,54.298366577613905,54.335417596708325,54.294529516083415
1965.0,64.928,0.28575277516307424,-0.8724565928161362,0.7964691808606776,-0.34317870213209817,-0.023767851454438278,-0.012884450916386712,-0.0277949690948461,0.004765480145847112,0.3053897292937814,-0.019782186350284687,-0.3218431008982073,0.07924132466879415,-0.020307310526902576,0.7021585384407908,3.0442399302977163,0.8305541077489155,54.25612909514017,54.300446818399166,54.335855468041785,54.29363824148926
1966.0,64.96000000000001,0.27473422470224856,-0.8729472750824013,0.7956679727877972,-0.34432970190068724,-0.015333820820780539,-0.025037752277504814,-0.027897231299072674,0.0016732890984938295,0.3048337308131435,-0.020058597959035942,-0.3204470571181764,0.08732492522355474,-0.020762580903264247,0.698546720460384,3.0548995813896282,0.8411849682891186,54.26084317605289,54.306785382817054,54.340315443911464,54.29718916892422
1967.0,64.992,0.26365020100971187,-0.8731760220123418,0.7944796229944131,-0.3463757403918098,-0.007148341560640158,-0.03713593104325764,-0.027724123860314306,-0.0010683748240916384,0.3042559676814145,-0.02043056252816777,-0.31997724240570624,0.09543302275012654,-0.021302031954474783,0.6948676418793517,3.0655357711388325,0.8518087260704185,54.27026985275194,54.31738325777974,54.34882623450001,54.30519870717744
1968.0,65.024,0.2524760623323748,-0.8731522389395611,0.7929074362823234,-0.34919183366682205,0.0007432210243977485,-0.04913083475280841,-0.027289335868889566,-0.003452920884185574,0.30365277296670024,-0.02089213377240092,-0.3203303719092292,0.1034833831932789,-0.0219184279859574,0.691133690331521,3.076176242148461,0.8624542879292552,54.28438501471114,54.33222514364527,54.36139976251824,54.31766481043835
1969.0,65.056,0.24119117717313995,-0.8728866487961414,0.7909562795985463,-0.35265266122612765,0.008299691981864891,-0.06097364636804109,-0.026608169808824942,-0.005477009114507396,0.30302110377022773,-0.021436687494065892,-0.3214014711526517,0.1113979446533043,-0.022604295204371003,0.6873577872024217,3.086845502713024,0.8731472179185505,54.3031434485704,54.35127843616697,54.37803050219819,54.334565945442854
1970.0,65.08800000000001,0.2297789043511073,-0.8723911541542265,0.788632591551816,-0.3566335256884017,0.015484207559835308,-0.07261525146029864,-0.025697356076793073,-0.0071404382013329805,0.3023585338284963,-0.022057150923390334,-0.32308470791629906,0.11910322075440637,-0.023351993058890408,0.6835533357206381,3.0975647774800503,0.8839096472999965,54.32647867979972,54.374492528082,54.3986948622607,54.35586038252042
1971.0,65.12,0.21822654393390006,-0.8716786965558967,0.7859443799567291,-0.36101126303776554,0.022264299947809634,-0.08400661234647551,-0.024574861603607293,-0.008446015064374259,0.30166323030678627,-0.02274614786490687,-0.3252741909267092,0.12653065987921844,-0.024153769235090015,0.6797341597910238,3.1083519803854656,0.894760209275858,54.35430295095175,54.401798372931665,54.42335069440986,54.38148575791068
1972.0,65.152,0.20652526069463395,-0.8707631142290243,0.7829012074323086,-0.3656651012271063,0.028611947714765287,-0.09509914138814905,-0.02325969418471437,-0.009399407575265781,0.30093391828225985,-0.02349609600203793,-0.32786473500067637,0.13361695950270525,-0.025001802317714372,0.6759144347166871,3.1192217094205237,0.9057139995851061,54.3865073717212,54.433108282911924,54.451936968173094,54.411358882245075
1973.0,65.184,0.19466998180275857,-0.8696589992280357,0.7795141653101884,-0.3704774653711463,0.03450359378089801,-0.10584506631626994,-0.021771704275495362,-0.010008981876334156,0.30016983594931224,-0.024299275405103675,-0.3307525921714183,0.14030433480195886,-0.025888235405502846,0.6721086111144553,3.130185262831679,0.9167825639885026,54.422962254493946,54.468315944106955,54.484373630400036,54.445375780788616
1974.0,65.21600000000001,0.18265927050425312,-0.8683815549800945,0.775795836310942,-0.37533472807817,0.03992013274814867,-0.11619778122641122,-0.020131386090927347,-0.010285625790469348,0.2993706833092776,-0.02514787884490719,-0.3338361480557978,0.14654074086200733,-0.026805203521830877,0.668331333434977,3.1412506763739807,0.9279739134689655,54.46351763635986,54.50729663595978,54.5205616546185,54.48341195372628
1975.0,65.248,0.1704951775855417,-0.8669464551600918,0.7717602466219939,-0.380127903709774,0.044846869375088444,-0.12611217777963937,-0.018359679873474366,-0.01024255985103115,0.2985365668956012,-0.026034050352190048,-0.3370165823953173,0.15228004807175433,-0.027744857330649294,0.6645973545554392,3.152422781229168,0.9392925676879942,54.50800398060786,54.54990764155256,54.56038327700754,54.525322843976674
1976.0,65.28,0.15818307244956945,-0.8653697047625993,0.767422808154837,-0.3847532854991752,0.04927344992164602,-0.13554495209866965,-0.016477777163535615,-0.009895137526602038,0.29766794287268183,-0.026949916350984312,-0.3401984923302966,0.1574821706375121,-0.028699385352397785,0.6609214479233388,3.163703282159356,0.9507396268814392,54.5562330453487,54.5959888337344,54.603702410162335,54.57094449778227
1977.0,65.312,0.14573145566368015,-0.8636675041859216,0.7628002518717628,-0.38911302455908336,0.05319376802118375,-0.14445488384608388,-0.014506930830125837,-0.009260636264611847,0.2967655606073005,-0.027887612546345683,-0.3432904766272981,0.16211314850811787,-0.029661036544787238,0.6573183186976715,3.1750908553954913,0.9623128719671976,54.60799890326168,54.64536342015406,54.65036522177221,54.620094400873604
1978.0,65.34400000000001,0.1331517548685338,-0.8618561170926212,0.7579105531527623,-0.39311564984819175,0.05660584666561924,-0.1528030849687136,-0.012468271503776735,-0.008358041026910427,0.2958304085402026,-0.02883930904012279,-0.34620567877035374,0.16614518335813028,-0.030622144759785738,0.6538025152643792,3.186581265658143,0.9740068921942145,54.66307909392403,54.69783882863765,54.70020086260123,54.672572470766276
1979.0,65.376,0.12045810596590174,-0.8599517427622108,0.7527728502223303,-0.3966765282072958,0.05951169782533353,-0.16055321657601865,-0.010382631908020017,-0.007207822034081082,0.29486366388577456,-0.029797235633407755,-0.3488622866173291,0.16955662960991952,-0.03157515621470743,0.6503883424009902,3.1981675015796176,0.9858132392078007,54.72123588861758,54.7532077130405,54.75302232618984,54.728162184092106
1980.0,65.408,0.10766712153075243,-0.8579703936047542,0.747407356675071,-0.39971826359845997,0.061917161170522865,-0.16767167335187308,-0.008270380419838103,-0.005831708470465535,0.293866647368386,-0.03075370883692541,-0.3472737555142761,0.1704131252088194,-0.03251266073198421,0.6471671388007127,3.209839928645577,0.9977206059612896,54.42266991386129,54.951355489998356,55.19392263001935,54.67227286146251
1981.0,65.44,0.09479760934153966,-0.8559277479556678,0.7418401676353708,-0.40217225591294337,0.0638326765339572,-0.17397465749065089,-0.004203215916077116,-0.00027737326690693186,0.2928277047860713,-0.03138383033110603,-0.3451970640766905,0.1705518526907412,-0.033409133691034903,0.6441562064820386,3.221586580977831,1.009715059133695,54.78977676680087,54.92413677500055,54.974888957890315,54.84863016313035
1982.0,65.47200000000001,0.08191349974072475,-0.8538461701715165,0.7360981483602829,-0.4026284250253317,0.06504930575470642,-0.17943810234643645,0.00029842816717638455,0.006315913249902126,0.29177614563143583,-0.032459002268482105,-0.34324975343665703,0.17034138418093148,-0.034288618618366684,0.6413319748644801,3.2333534589691517,1.021739957135438,55.04628491451965,54.933009555640375,54.859781179480414,54.98037500375924
1983.0,65.504,0.06909010027990532,-0.8517494418070581,0.730206563454914,-0.4007312331506511,0.06552276138933222,-0.1841120282927983,0.004244196701747131,0.011977481879518755,0.2907192868924261,-0.03342742009299222,-0.3413188633827096,0.16977280414587848,-0.035142900021987264,0.6386639025641235,3.2450754876113983,1.033727182500732,55.17201457996996,54.97971464093572,54.86499543357592,55.06415729232615
1984.0,65.536,0.05639259174156063,-0.84965899218587,0.7241883889985844,-0.3967971418233153,0.06532655066213516,-0.18806795176031985,0.007300816558377848,0.016076851598485545,0.2896451748344715,-0.034301740260763616,-0.3393826826970933,0.16886564113440503,-0.03593935275092292,0.6361248747892411,3.256696254267436,1.0456171998043022,55.246430711992275,55.036622914630826,54.91202329439912,55.1283815417212
1985.0,65.568,0.04386897347356097,-0.8475924541130025,0.718064763061807,-0.39136307087503264,0.06457931477711638,-0.1913633105243148,0.009387254741314605,0.018473446215008987,0.2885409728103769,-0.03512491898072279,-0.33746609411412154,0.16765766100524632,-0.03664797958886303,0.6336951961568256,3.26817451912198,1.0573657867225152,55.295869322175854,55.096141618388636,54.97681966731809,55.18263961353788
1986.0,65.6,0.03154837434419391,-0.8455632032138841,0.7118556795747542,-0.38501872279276306,0.06341409059745788,-0.19403385897042283,0.010543036134968518,0.019247855990573413,0.2873998701214668,-0.03589251485688034,-0.3356248162184338,0.16620193761582383,-0.0372513268915383,0.6313641372771484,3.2794858270747405,1.0689458088481896,55.33188140304491,55.156330476483056,55.05046343940008,55.231449614100576
1987.0,65.632,0.019441833440123464,-0.8435804185935147,0.7055806261593394,-0.378329403252075,0.0619620193865225,-0.19609541923164667,0.010872621226890896,0.01859458588933236,0.2862218908394179,-0.03658456716803386,-0.3320491605945444,0.16363376785406183,-0.03774536891053821,0.6291763672927881,3.29062186416762,1.0803466899678875,55.18908677653512,55.28579200387928,55.31634377467708,55.22428175430295
1988.0,65.664,0.007544433496767542,-0.8416494639024132,0.699261860611488,-0.3717937482299135,0.06034233409692834,-0.19746142337037736,0.011465266771686184,0.01869849095897696,0.2850321320359025,-0.03720745196894685,-0.32648300776033884,0.1598820468292293,-0.03816452986544641,0.6271952630856992,3.301588588010616,1.0915725937972576,55.16778233806779,55.388321031014975,55.4799906732277,55.263280291866515
1989.0,65.696,-0.004140679092175449,-0.839776133303599,0.6929250439706199,-0.3651597684045087,0.058541581212951034,-0.19802552002714832,0.012808259256555082,0.020558236069898202,0.28384870246471455,-0.03767769167238195,-0.3208648450672968,0.15594767318837316,-0.03853238562903914,0.6254292218240597,3.312384105470092,1.1026199268134238,55.40794094249175,55.402405313977525,55.38270181820178,55.39165622254262
1990.0,65.728,-0.015591299597984725,-0.8379685554103496,0.686595473302812,-0.3578318908065793,0.056486809164048975,-0.1977990833690195,0.014005896019808903,0.022360154207902442,0.2826519080863896,-0.038142809036710516,-0.31465345583195786,0.15159177150088723,-0.03881661956784897,0.6238851594600058,3.322988458213114,1.1134669093632426,55.48127616567057,55.472776878857324,55.45247526643359,55.463669795371395
1991.0,65.76,-0.02678609887558029,-0.836233710974131,0.6802985178890592,-0.3498374774247446,0.05421388863181408,-0.1967798566797111,0.015050319139376976,0.024083160739820145,0.28144417472144473,-0.038509757809344396,-0.30786292340287014,0.1468589454088375,-0.0390165261124346,0.6225692527209338,3.3333820061238946,1.1240923260300175,55.55354081974972,55.54309448803725,55.522798671364306,55.53527207628914
1992.0,65.792,-0.03770485671655554,-0.8345774022383393,0.6740594832146052,-0.34121118253051413,0.05175964799349635,-0.19496983357670802,0.015938747831394165,0.02571408358201884,0.2802277731919878,-0.0387858937232759,-0.3005142208984045,0.1417965442219887,-0.039131844525529286,0.6214868518799119,3.3435456650237936,1.134475785797,55.62508203850593,55.61287524718583,55.59275888436178,55.6063494788909
1993.0,65.824,-0.04832860581173436,-0.8330042480627101,0.6679035176292214,-0.33199215922437464,0.04916106798841788,-0.19237392454326438,0.016669906881879772,0.02724111871179402,0.27900489819507507,-0.038974395897756,-0.29263279805385156,0.13645311417377842,-0.03916286754221308,0.6206424592028537,3.353461066999715,1.144597896795343,55.69561602261244,55.681831981689484,55.66206623894513,55.67660416644591
1994.0,65.856,-0.05863976004616357,-0.8315176890032303,0.6618555183407769,-0.32222356982594846,0.046454970608749126,-0.18899997776391023,0.017243967120008374,0.028653856750028128,0.2777777375336842,-0.039076880542252876,-0.2842482081943493,0.13087795339919037,-0.03911053109887916,0.6200397091296466,3.3631107097840727,1.154440423902267,55.76485794742156,55.74968223221302,55.73043172757882,55.745742045013856
1995.0,65.888,-0.06862222673604385,-0.8301200020577552,0.6559400368245402,-0.3119520840586544,0.043677717046083905,-0.18485879738233751,0.01766248744998756,0.029943320959015456,0.276548500154668,-0.03909460316034324,-0.2753937232264783,0.1251206613782588,-0.03897644141835771,0.6196813500879284,3.3724780943244608,1.1639864284703667,55.832526482202326,55.81614737093905,55.79756688065453,55.813473344949855
1996.0,65.92,-0.07826150227991675,-0.8288123247696529,0.6501811837515865,-0.30122736074606155,0.04086491525319875,-0.17996415852982142,0.017928345800967332,0.031101991699052468,0.27531942273228693,-0.03902902330226983,-0.26610592867469335,0.11923068991588454,-0.03876286747826918,0.6195692278773263,3.381547849569648,1.1732203894643878,55.8983453067036,55.88095300145874,55.86318545688315,55.879513138832
1997.0,65.952,-0.08754475084273404,-0.8275946883031913,0.6446025335982228,-0.2901015175880722,0.03805113957693135,-0.174332817292634,0.01804566021334577,0.03212381725533137,0.2740927645517544,-0.03888205828964222,-0.2564243005174303,0.11325690338486391,-0.03847271291663335,0.6197042706452426,3.390305843648207,1.1821283055290686,55.962044332750935,55.94382967296016,55.927004867629606,55.943582145928346
1998.0,65.984,-0.09646086584281802,-0.8264660590295476,0.6392270291630151,-0.278628593752655,0.03526966480136812,-0.1679845136002602,0.0180197012513948,0.033004211223399894,0.27287079555379723,-0.038656183260565156,-0.24639076675441382,0.1072471540934461,-0.03810947457772021,0.6200864755562524,3.3987392807723906,1.1906977777504526,56.023360790537566,56.00451375438932,55.98874747902583,56.00540768044269
1999.0,66.016,-0.10500051416564715,-0.8254243880910956,0.6340768862860882,-0.26686401008832134,0.03255221682661342,-0.16094196490391327,0.017856796919896854,0.03374003679554899,0.2716557800990178,-0.03835445360943631,-0.23604925727340345,0.10124787763150725,-0.037677191674081255,0.6207148973330983,3.4068367833587034,1.1989180731001094,56.08204025209154,56.06274839521931,56.048141864197596,56.06472467332839
2000.0,66.048,-0.11315616318336663,-0.8244666683442995,0.629173499134181,-0.2548640318037618,0.029928742087382935,-0.15323084849711657,0.017564231280144907,0.03432957842578468,0.2704499579464321,-0.037980486829447276,-0.22544524598814716,0.09530371243294922,-0.03718038804405049,0.6215876389147917,3.41458845901557,1.2067801687652837,56.137837626104144,56.118284536484694,56.10492403823389,56.12127673271175
2001.0,66.08,-0.12092209081337982,-0.8235889980188217,0.6245373464818282,-0.2426852384379388,0.027427197671184535,-0.14487977038603883,0.01715013798553958,0.03477250147324863,0.26925552345946624,-0.037538422044008896,-0.21462528946856538,0.08945714731410319,-0.03662400930240226,0.6227018445344389,3.4219859522053655,1.214276777766869,56.190518139084865,56.170881952790516,56.15883868873217,56.174817224060085
2002.0,66.112,-0.12829437900172122,-0.8227866503731925,0.620187899481469,-0.23038400588569422,0.02507336392591346,-0.13592021876124055,0.016623389976681172,0.03506980053686483,0.2680746038392209,-0.0370328665736953,-0.20363656645739744,0.08374820031038985,-0.036013356374047734,0.6240536955636886,3.4290224805410743,1.2214023564503624,56.23985830792197,56.2203103132671,56.20964040440246,56.22511035825874
2003.0,66.144,-0.13527089116548038,-0.8220541485765327,0.6161435314709065,-0.21801600511740105,0.022890681145612535,-0.1263865003300364,0.015993486583612264,0.03522373729746146,0.26690923708714637,-0.03646883463232741,-0.19252642275238188,0.0782141316769497,-0.03535401675467903,0.6256384095010803,3.4356928558254913,1.2281530946018078,56.28564690342674,56.26635025222376,56.25709489866455,56.27193227835693
2004.0,66.176,-0.14185123427164023,-0.8213853450023205,0.6124214304133003,-0.20563572206751787,0.02090011169413272,-0.11631565805020579,0.015270439275376977,0.03523776877811785,0.26576135034499115,-0.03585168122493595,-0.1813419259650093,0.07288919343895592,-0.03465179475713053,0.6274502424966327,3.441993490081902,1.234526889090656,56.32768590126253,56.30879444077412,56.30098022181606,56.31507213643326
2005.0,66.208,-0.14803670636558128,-0.8207735040849437,0.6090375146010235,-0.193296002935679,0.019120028668029334,-0.10574736913366216,0.01446465727300801,0.03511646701690554,0.26463273921522923,-0.03518703335212539,-0.1701294346154937,0.06780441736221934,-0.033912641930911314,0.6294824958047052,3.44792238695853,1.2405233020739328,56.36579141452383,56.3474486504267,56.34108795335081,56.354333151763086
2006.0,66.24,-0.1538302304894655,-0.8202113878635916,0.6060063522789114,-0.18104762887140213,0.017566131917253473,-0.09472382256601328,0.013586834201458228,0.03486543121810228,0.263525048615278,-0.03448072014377468,-0.15893418591125139,0.06298744268054202,-0.033142588764163136,0.6317275265412589,3.453479119013979,1.2461435049107814,56.39979460085534,56.38213279892441,56.377224364597275,56.389533641009756
2007.0,66.272,-0.15923627604705726,-0.8196913433216247,0.6033410858537407,-0.16893892367468574,0.016251391936458873,-0.08328957578655755,0.012647836899789395,0.034491193506087835,0.2624397556582285,-0.03373870328112452,-0.14779990635508122,0.05846238436431542,-0.03234767868456089,0.6341767630911571,3.458664791506634,1.2513902090330273,56.42954253594604,56.41268196800414,56.40921154103313,56.420508010588776
2008.0,66.304,-0.16426076877565005,-0.8192053906234491,0.6010533613546994,-0.15701539776854195,0.015186021817990426,-0.07149139059504674,0.011658597438712157,0.034001119450197764,0.2613781549807463,-0.03296700889260044,-0.1367684490652197,0.05424974216609976,-0.03153390526716266,0.6368207254668453,3.463481993417126,1.2562675850957667,56.45489904463148,56.4389473821601,56.4368884530605,56.44710770103013
2009.0,66.336,-0.1689109905761379,-0.8187453113555065,0.5991532637940832,-0.1453194312652614,0.014377477123206557,-0.05937804876926482,0.010630009312311619,0.03340330455683755,0.26034134685688026,-0.03217166196728544,-0.12587946134107225,0.050366350136740484,-0.03070715343498735,0.6396490508634872,3.4679347365289908,1.2607811717920436,56.47574548040298,56.460797337244486,56.46011196390032,56.469202072929605
2010.0,66.368,-0.17319547052754866,-0.81830273589344,0.5976492590488333,-0.1338899984816011,0.013830483189579548,-0.047000148289065194,0.009572828678822077,0.03270646793744541,0.2593302283475304,-0.0313586241953053,-0.11517008560133336,0.04682536578815258,-0.02987314530574404,0.6426505245890803,3.4720283834783077,1.2649377757575786,56.491981444079954,56.47811806764604,56.478757763322875,56.48667922419854
2011.0,66.4,-0.17712386847138833,-0.8178692290437815,0.5965481428425713,-0.12276243574494879,0.013547089051826527,-0.03440988144567492,0.008497581425960396,0.03191984435629831,0.2583454876425407,-0.03053373600730868,-0.10467469634296316,0.0436362975889122,-0.029037391199922068,0.6458131164736522,3.475769565758107,1.2687453640154962,56.503525432489155,56.49081454106782,56.49272121637448,56.49944672856627
2012.0,66.432,-0.18070685259301197,-0.8174363731453826,0.5958549973555695,-0.11196825380075105,0.013526746824964289,-0.021660796468809695,0.007414476732047746,0.031053075841791775,0.25738760165924257,-0.029702663443857268,-0.09442467525056698,0.04080506903160304,-0.02820514618580294,0.6491240227815126,3.479166092727493,1.272212950417546,56.51031540846071,56.49881117036935,56.50191811684722,56.507432285906376
2013.0,66.464,-0.1839559724512888,-0.8169958478628037,0.595573155928021,-0.10153499557116222,0.013766415080594802,-0.008807544610891642,0.0063333276871313255,0.030116104008240385,0.25645683687099524,-0.028870850341952015,-0.08444822601986957,0.03833411710617201,-0.02738137240005232,0.652569713567329,3.4822268527286218,1.27535047752804,56.51230928400182,56.50205243273643,56.50628533616777,56.51058427566556
2014.0,66.496,-0.18688352891372514,-0.8165395059602879,0.5957041762516573,-0.09148613945114561,0.014260684453618932,0.004094385113635503,0.005263479430702733,0.02911906418432369,0.25555325325485,-0.028043476182950448,-0.07477022987530019,0.036222522662014825,-0.02657070725222957,0.6561359853328749,3.484961707456822,1.2781686953705256,56.509485309393874,56.50050338737561,56.505781359417746,56.50887220571314
2015.0,66.528,-0.18950244244192024,-0.8160594444099061,0.5962478223679831,-0.08184104775606953,0.015001923449427093,0.016988941135177033,0.004213745156168676,0.028072182379433708,0.2546767111713882,-0.027225419807700844,-0.06541214215928347,0.03446616984048656,-0.025777437501027133,0.6598080187591477,3.4873813807601635,1.280679038416055,56.50184236187241,56.49415008414301,56.50038670149649,56.502287049999204
2016.0,66.56,-0.19182612114207453,-0.8155480702598561,0.5972020557100418,-0.0726149593798296,0.015980442189063675,0.029819791939337214,0.003192350228535747,0.026985676042893158,0.25382688092409006,-0.02642122907417826,-0.05639192977936663,0.03305793151634494,-0.02500547908193555,0.6635704412103073,3.4894973430647247,1.2828935021371006,56.48940012874745,56.48299985679026,56.49010419777069,56.49084146975892
2017.0,66.592,-0.19386832994788689,-0.8149981607675311,0.5985630353405892,-0.063819025181643,0.017184671635159056,0.0425306134546102,0.0022068845620564965,0.025869659484084727,0.25300325469173846,-0.025635096413396966,-0.04772404871914969,0.031987877496515146,-0.02425836247222231,0.6674073936335869,3.4913216926307595,1.2848245203840234,56.4721991809768,56.46708149599132,56.474959165082396,56.47456991430319
2018.0,66.624,-0.19564306223954372,-0.8144029173854441,0.6003251274547018,-0.055460384114282314,0.018601355690218944,0.05506537856602485,0.0012642633098380479,0.024734054726869997,0.2522051604862474,-0.024870840132989513,-0.039419460274523976,0.031243502091284358,-0.023539223300807946,0.6713026014146689,3.49286703484296,1.2864848447630737,56.45030093456577,56.44644529878115,56.45499943048112,56.453528598937005
2019.0,66.656,-0.19716441512389182,-0.813756013274971,0.6024809241309423,-0.0475422776358622,0.020215753452276962,0.06736864613249473,0.0003706958283665817,0.023588508470403727,0.25143177776032494,-0.02413189122675641,-0.03148568416903663,0.03080996759072018,-0.02285079784839783,0.6752394486923299,3.4941463607253502,1.2878874271078409,56.42378749840623,56.42116299261015,56.43029522663677,56.42779535891941
2020.0,66.688,-0.1984464695088532,-0.8130516341116288,0.6050212712338571,-0.04006419953004732,0.022011848854446358,0.07938584696609408,-0.0004683372029407188,0.02244231572360693,0.25068215427435003,-0.023421285373362945,-0.02392688625153686,0.030670360149872483,-0.022195423036957374,0.6792010555904981,3.4951729258481894,1.2890453060414855,56.39276140856,56.391327533695254,56.40093895437136,56.39746937989049
2021.0,66.72,-0.19950317600146852,-0.8122845120347244,0.6079353052932157,-0.033022077894232636,0.023972564903266273,0.0910635643549675,-0.0012480987033352464,0.02130435057313196,0.24995522382920865,-0.02274165974860151,-0.016743998084322607,0.030805954603538962,-0.02157504047673259,0.6831703577908,3.4959601307609725,1.28997149852679,56.35734525018803,56.3570527808608,56.36704481426038,56.362670806500134
2022.0,66.752,-0.20034824754562658,-0.8114499526821807,0.6112104991132087,-0.026408485754942118,0.0260799797669944,0.10234980687479164,-0.001964602419161534,0.020183004437503278,0.24924982448058614,-0.022095254233218536,-0.009934865403915548,0.031196484795575463,-0.02099120412241513,0.6871301878445828,3.496521404042624,1.2906788971966534,56.31768116960746,56.31847304741829,56.32874831060317,56.323540232349124
2023.0,66.784,-0.20099505959466396,-0.8105438553367412,0.6148327157987603,-0.020212876532411432,0.028315542044973337,0.11319427142345054,-0.0026146127874118285,0.019086132054136198,0.2485647168690811,-0.02148391657115514,-0.003494422176304855,0.03182041611180128,-0.02044509108631749,0.6910633576100582,3.496870089007647,1.2911801741508382,56.27393027998652,56.275742534948,56.28620563236711,56.280238075466265
2024.0,66.816,-0.20145655848780497,-0.8095627262912307,0.6187862708268929,-0.014421840410658159,0.03066028267220679,0.12354859462915577,-0.0031956378183562247,0.018021005343681683,0.24789860232795533,-0.02090911102007553,0.002585113218279907,0.03265521704966776,-0.01993751516386576,0.6949527411974048,3.4970193350460255,1.2914876917970812,56.226271965272254,56.22903465395422,56.23959291680519,56.23294384469839
2025.0,66.848,-0.20174517857008337,-0.8085036856168911,0.6230540017391539,-0.009019377571200861,0.033095021073115995,0.1333665910081731,-0.003705915429866748,0.016994275198000494,0.24725014046469826,-0.02037193003579156,0.008314023255108962,0.03367762683480614,-0.019468942643478374,0.6987813578115508,3.4969819945055547,1.291613421207539,56.17490308774149,56.17854123740535,56.18910540247368,56.18185530324056
2026.0,66.88,-0.20187276846514973,-0.8073644675889666,0.6276173449867175,-0.003987184220824365,0.03560056337264434,0.14260447648637753,-0.00414439370771882,0.016011941146180535,0.2466179659521231,-0.01987310854264557,0.013704861623023895,0.03486391630351925,-0.019039509997070072,0.7025324538982807,3.4967705259487962,1.2915688683562854,56.12003710538341,56.12447165398478,56.1349564791737,56.12718753639003
2027.0,66.912,-0.20185052678134716,-0.8061434150867914,0.6324564194229045,0.0006950526188302771,0.038157890692961965,0.1512210761307942,-0.004510705600858777,0.015079328767442704,0.24600070430765383,-0.019413040361490948,0.01877221229188621,0.036190139503344154,-0.018649043077056032,0.7061895840229201,3.4963969045337717,1.2913650085013386,56.06190310583638,56.06705182859493,56.077376643041575,56.06917193114528
2028.0,66.944,-0.20168894740563692,-0.8048394683409393,0.6375501159083528,0.0050493554909454225,0.040748335807882695,0.15917801517027436,-0.004805138588364198,0.014201074642256143,0.2453969864841488,-0.01899179639311958,0.023532440837571417,0.03763237372083798,-0.018297077479031625,0.7097366899412838,3.495872540178623,1.291012228876495,56.00074476415039,56.006523178145365,56.01661236548026,56.00805507582893
2029.0,66.976,-0.2013977744192108,-0.8034521484470271,0.6428761924715699,0.009099155825817055,0.04335374668476338,0.16643989260055433,-0.00502859987567018,0.013381118563022829,0.24480546214043622,-0.018609144186704143,0.02800344144762066,0.039166945917897794,-0.0179828797645439,0.7131581773582937,3.4952082040767696,1.290520279764917,55.9368192318964,55.94314147106582,55.952924885014106,55.94409758815605
2030.0,67.008,-0.20098596655458006,-0.8019815361042075,0.6484113744516556,0.01286899576971211,0.04595663571311546,0.17297443687769826,-0.005182577691668452,0.012622702664603696,0.2442248115033137,-0.018264568557301658,0.03220438285893321,0.04077064384483674,-0.017705469274058167,0.7164389899097571,3.4944139640314753,1.2898982339386555,55.870395965427974,55.87717561918507,55.88658893132413,55.87757288043406
2031.0,67.04,-0.20046167100799359,-0.8004282460661367,0.6541314590400285,0.01638423583082198,0.04854031368969658,0.17875264338659058,-0.005269099265647748,0.011928377082020002,0.2436537557738563,-0.01795729295287303,0.03615545626792768,0.042420910390599205,-0.017463640295054622,0.7195646799456268,3.493499128978269,1.2891544543666402,55.80175550110405,55.808906410746424,55.81789139082455,55.80876587055091
2032.0,67.072,-0.1998322063243847,-0.7987933978133047,0.6600114236334179,0.019670771362779914,0.051089007901005616,0.18374889354344098,-0.005290686063894336,0.011300011698841005,0.2430910660684903,-0.01768630130763461,0.0398776280106478,0.04409602002825305,-0.01725598438312311,0.7225214757378919,3.4924722029613937,1.2882965700185514,55.731188185360224,55.73862519327848,55.74712992305821,55.737971647441896
2033.0,67.104,-0.19910405398559122,-0.7970785829683256,0.6660255374105365,0.022754760587298604,0.05358796390560438,0.1879410555349763,-0.00525030686039799,0.010738813513932483,0.2425355709186377,-0.01745036015377828,0.04339239954219733,0.04577523650769391,-0.017080912664133807,0.725296344781644,3.491340848727446,1.2873314595237035,55.658992867339144,55.666632514959964,55.67461153707526,55.66549409949585
2034.0,67.136,-0.19828285825700032,-0.7952858299804606,0.6721474755490773,0.02566236651846866,0.05602353087078633,0.19131056682942055,-0.0051513292048132354,0.010245349127087204,0.24198616238127768,-0.017248040796887746,0.046721576959621175,0.04743895123742342,-0.016936677972493333,0.7278770529032929,3.4901118609967865,1.286265242382822,55.585475561703404,55.593236732889636,55.600651136694324,55.59164451421053
2035.0,67.168,-0.19737343378344435,-0.7934175666028171,0.6783504355073644,0.02841951479861439,0.058383230551338414,0.1938424986964079,-0.004997469834021251,0.009819571824348197,0.24144180083619268,-0.01707774139057107,0.049887052014919275,0.04906880207410902,-0.016821396703816847,0.7302522189341095,3.4887911493721795,1.285103277376484,55.51094808894208,55.51875259643872,55.525570043272246,55.516740157028586
2036.0,67.2,-0.19637978037228507,-0.7914765806759412,0.6846072548055123,0.031051669098731055,0.06065581021488078,0.19552560306714403,-0.004792744551777452,0.009460852732091811,0.24090151856384157,-0.01693770877295264,0.05291059626361211,0.05064777250360905,-0.016733070279911152,0.7324113647500647,3.4873837307456323,1.2838501677670615,55.43572670030202,55.44349981351146,55.44969450421204,55.44110283703045
2037.0,67.232,-0.19530510436010687,-0.7894659797156051,0.6908905297537912,0.033583625380572434,0.0628312800105106,0.19635234213373567,-0.004541418074580139,0.009168015503664388,0.24036442221083076,-0.01682605995089764,0.05581366969272943,0.052160271441982514,-0.01666960613986003,0.7343449605193922,3.4858937309695532,1.2825097728512134,55.36013069409757,55.367801607225054,55.37335419508137,55.365057466709736
2038.0,67.264,-0.19415184592903176,-0.7873891497812526,0.697172734590563,0.03603932597110117,0.06490093544852062,0.19631890114913964,-0.004247954311620646,0.008939374003939675,0.23982969425807235,-0.016740803137458276,0.05861724487787097,0.0535921941112428,-0.01662883818342543,0.7360444650374909,3.4843243954681764,1.2810852253872422,55.28448102991235,55.29198327011546,55.29688072275905,55.28893062273982
2039.0,67.296,-0.19292171171891448,-0.7852497140755983,0.7034263405082308,0.03844169406615212,0.06685736580167566,0.19542518492705604,-0.003916967513127541,0.008772772464124756,0.23929659361030897,-0.01667985826408995,0.06134164743345463,0.05493096464472902,-0.01660854660227185,0.737502361063953,3.482678108380706,1.2795789543957903,55.20909894679644,55.216370722622095,55.220606136628454,55.21304911415552
2040.0,67.328,-0.19161571207197237,-0.783051491696109,0.7096239340627806,0.04081248896694553,0.06869444935904821,0.19367479857970074,-0.0035531746852497785,0.008665627591817928,0.2387644554252515,-0.016641076901562774,0.06400641325097067,0.05616556125484719,-0.016606477041116872,0.7387121856090546,3.4809564197495826,1.277992712813239,55.13430459131812,55.141289082177856,55.1448614543585,55.13773856405697
2041.0,67.36,-0.19023420224600826,-0.7807984569263421,0.7157383344803988,0.043172182061383055,0.07040733655522351,0.19107501305059096,-0.0031613496315105465,0.008614972138085684,0.2382326902966735,-0.016622261533124003,0.06663016276655973,0.05728652494472209,-0.016620359035293016,0.7396685551464766,3.4791600801965767,1.2763276094645368,55.06041566092971,55.06706124888593,55.06997520842206,55.06332201047453
2042.0,67.392,-0.1887769269404579,-0.778494699420165,0.7217427093931063,0.0455398532984541,0.07199242206804111,0.1876367160221283,-0.00274627894147565,0.008617499444483352,0.23770078289905908,-0.016621184130116488,0.0692304922680472,0.058285952870049035,-0.016647923673882847,0.7403671857558647,3.4772890824666502,1.2745841448157271,54.98774606786737,54.994006513357796,54.99627201904497,54.9901185317296
2043.0,67.424,-0.18724306749511851,-0.7761443855955008,0.7276106885541654,0.04793310766683946,0.07344730702073231,0.18337434878303843,-0.0023127202072411525,0.008669608516981096,0.2371682901924507,-0.016635603984892097,0.07182388203998642,0.05915747755200192,-0.01668692043909764,0.7408049082226712,3.4753427091652522,1.2727622499658569,54.91660462842163,54.92243919196485,54.92407119891276,54.91844190118636
2044.0,67.456,-0.18563129114362914,-0.7737517215171396,0.7333164751030843,0.0503680109840485,0.07477075244879731,0.17830582965373357,-0.001865362708280473,0.00876744920101563,0.23663483927560214,-0.016663284758757606,0.07442562095995167,0.05989623321365634,-0.016735133173371056,0.7409796781442298,3.473319585969432,1.2708613283428634,54.84729378221051,54.85266729437166,54.85368539453217,54.84859927602947
2045.0,67.488,-0.1839398017315848,-0.7713209175109796,0.7388349539692532,0.052859044126391246,0.0759626251925057,0.17245246456779909,-0.001408790765632704,0.008906967060770534,0.23610012496403376,-0.016702010704189623,0.07704974699592815,0.06049881055580063,-0.016790395126213005,0.7408905811099484,3.471217739557026,1.268880299577995,54.78010834573934,54.78499122793841,54.785419268823865,54.78088992431288
2046.0,67.52,-0.18216639134159088,-0.7688561547153938,0.7441417970225555,0.05541907468731639,0.07702383736206563,0.16583884541571206,-0.0009474499278781866,0.009083947596669554,0.2355639071576574,-0.016749602021548248,0.0797090029186683,0.06096320131098226,-0.016850603033600496,0.7405378330404913,3.4690346594714776,1.266817645047953,54.71533430434415,54.719702543234696,54.71956822913797,54.71560399429564
2047.0,67.552,-0.18030849230362747,-0.766361553739767,0.7492135645986491,0.05805934493633706,0.07795628048831194,0.15849273675287276,-0.00048561611424060625,0.00929405946654211,0.23502600805078594,-0.016803929310882502,0.08241480642815548,0.061288733912269064,-0.016913730183894558,0.7399227757855992,3.466767363122531,1.2646714545926672,54.65324764629544,54.657082724662345,54.656417204604935,54.65302132973008
2048.0,67.584,-0.17836322910786878,-0.7638411455660576,0.7540278030460051,0.06078947486746575,0.07876275542842599,0.15044495147989367,-2.736780484474495e-05,0.009532896408438836,0.23448630922600402,-0.01686292707995299,0.08517723380576817,0.06147600159496466,-0.016977838426235486,0.7390478680934442,3.4644124631150315,1.2624394739390252,54.594113242682695,54.59740202986532,54.59623947638116,54.59341033458365
2049.0,67.616,-0.1763274697777094,-0.7612988447968497,0.7585631379611905,0.06361747906748733,0.07944689903775615,0.1417292160995568,0.0004234386650764248,0.009796017595204144,0.23394474866289705,-0.016924606270475,0.08800501613590517,0.061526784210985105,-0.017041089080256276,0.7379166720759217,3.4619662360990957,1.2601191523863307,54.538183776411216,54.540918381397006,54.539295564114184,54.537026890367514
2050.0,67.648,-0.1741978763023757,-0.7587384253230686,0.762799362798299,0.06654979610418552,0.0800131085556701,0.13238202615965533,0.0008631906811686648,0.0100789861831879,0.23340131768329714,-0.01698706576586239,0.09090554709783576,0.06144396498580472,-0.017101752709879927,0.7365338353046073,3.459424692344743,1.2577076903373177,54.48569872349363,54.48787631382599,54.48583217163589,54.48411332907959
2051.0,67.68,-0.1719709537704094,-0.7561634984565409,0.7667175225578583,0.06959132912392353,0.08046646457896425,0.12244249248618838,0.0012885377987939411,0.010377405848671738,0.2328560578467022,-0.017048502845988297,0.09388490130132497,0.06123144338227968,-0.01715821772897108,0.7349050686809933,3.4567836452621448,1.2552020862885909,54.436883389547035,54.43850597928132,54.436081194691766,54.43489746448941
2052.0,67.712,-0.16964309788684767,-0.7535774935470263,0.7702999922799606,0.07274549636131243,0.08081265342233858,0.11195217881570918,0.001696407093364697,0.010686955136347836,0.23230905780298472,-0.01710722255743299,0.09694786213433942,0.06089404516439664,-0.017208997812678494,0.7330371202326161,3.4540387801145496,1.25259918292587,54.391948004277694,54.39302221416138,54.390258793217924,54.389591684355224
2053.0,67.744,-0.16721064059751814,-0.7509836410803072,0.7735305500857881,0.07601429029155624,0.08105788958497954,0.10095493143211996,0.0020840154642624985,0.011003419473286521,0.23176045010447618,-0.017161645971646277,0.10009795809814294,0.06043743067251715,-0.01725273809534527,0.7309377449935759,3.451185721204032,1.2498957120018814,54.351086876480224,54.35162366957242,54.348564530505286,54.34839210590788
2054.0,67.776,-0.16466989358304213,-0.7483849582334157,0.7763944445311125,0.07939834420238417,0.08120883896537068,0.08949670141639804,0.0024488789653518126,0.011322720729992145,0.23121040797600081,-0.017210317308260385,0.10333750662968644,0.05986800223873792,-0.017288220143780102,0.7286156711341429,3.4482200968498753,1.247088337707652,54.31447761194577,54.31449200780434,54.31118058131842,54.31147779680193
2055.0,67.808,-0.16201718942249818,-0.7457842368450674,0.7788784560547366,0.0828970050169706,0.08127254338585457,0.0776253601132271,0.002788819253566438,0.011640944236360098,0.23065914203935234,-0.01725190990664106,0.10666766444282037,0.05919281158186698,-0.01731436570328754,0.7260805625094098,3.44513760152494,1.2441736982808578,54.28228039642877,54.28179116700928,54.278271010887245,54.27901006349331
2056.0,67.84,-0.15924892026194074,-0.7431840337437786,0.78097095232421,0.08650841126742972,0.08125634691528501,0.06539050842105056,0.0031019672631417868,0.011954363185447743,0.23010689698798215,-0.017285231035122493,0.11008848346549496,0.05841946793571568,-0.017330239223006264,0.7233429778016778,3.4419340545661576,1.2411484456273514,54.25463734570043,54.253666695993076,54.249981126426064,54.25113180888495
2057.0,67.872,-0.156361573855867,-0.740586663362853,0.7826619373004775,0.0902295751898144,0.08116782440393605,0.05284328050836575,0.0033867642269250053,0.012259460380917492,0.2295539482081225,-0.01730922553484292,0.11359897149867551,0.0575560475761783,-0.017335049176553034,0.7204143264352778,3.438605454930496,1.2380092827636595,54.23167192448152,54.230245160898065,54.226436902700215,54.227966960850495
2058.0,67.904,-0.1533517668801374,-0.7379941925602932,0.7839430938624078,0.09405646799155987,0.08101471258000124,0.04003614256032583,0.003641960177954679,0.012552947305695642,0.2290005983440649,-0.01732297830263068,0.11719715678107633,0.05661100533069632,-0.017328148203565794,0.7173068214461056,3.4351480315267886,1.2347529989187873,54.213488435917746,54.211633625311414,54.20774448291433,54.20961997312441
2059.0,67.936,-0.15021627544270452,-0.7354084375525424,0.7848078198513974,0.09798410741974496,0.08080484399218624,0.02702268715591496,0.0038666100742960575,0.012831780508973134,0.22844717380763985,-0.017325715625739146,0.12088015570000105,0.05559308857169965,-0.017309032107227187,0.714033429491139,3.431558288715915,1.231376502162835,54.200171583033026,54.19791920521277,54.19398975607736,54.196175399823574
2060.0,67.968,-0.14695206274378367,-0.7328309628636158,0.7852512574154622,0.10200664684128793,0.08054608402896359,0.013857423877027819,0.00406006769814382,0.01309317532710828,0.22789402123491362,-0.017316805389486534,0.12464424295175569,0.05451125412231256,-0.017277337752059006,0.7106078181858794,3.4278330466363376,1.2278768494575052,54.191786103476225,54.18916869992824,54.18523801175386,54.18769754475213
2061.0,68.0,-0.14355630385985207,-0.7302630821854399,0.7852703155514194,0.10611746512287398,0.08024627119300655,0.000595566748661024,0.004221977486572764,0.013334616970381727,0.22734150389652927,-0.01729575618739461,0.1284849235132015,0.05337458843186274,-0.0172328399150162,0.7070443009599199,3.4239694760782187,1.2242512740494245,54.188376478654874,54.18542830014242,54.18153367300246,54.18423018642541
2062.0,68.032,-0.14002640764618793,-0.7277058610408749,0.7848636857629523,0.11030925667701673,0.07991316076766583,-0.01270718088959706,0.004352264456211339,0.01355386902287539,0.226789998071775,-0.017262215371653556,0.1323970058478904,0.052192231317079896,-0.017175447151009035,0.7033577796228753,3.4199651276967304,1.2204972101512044,54.18996671822006,54.186723373779415,54.18290010806592,54.18579637962398
2063.0,68.06400000000001,-0.13636003577069047,-0.725160121137763,0.7840318507715668,0.11457412110925717,0.07955437197222062,-0.02599484348078835,0.004451122387685493,0.013748979416248475,0.2262398894001715,-0.01721596608984966,0.13637467582329565,0.05097330350642405,-0.01710519674128917,0.6995636848346793,3.4158179554229853,1.216612314877311,54.196560220652565,54.19305833045893,54.189339521280864,54.19239833408026
2064.0,68.096,-0.13255511890762964,-0.7226264463002143,0.7827770862367154,0.11890365197066424,0.07917733867340332,-0.03921139171411071,0.004519000438048248,0.013918283950878354,0.2256915692279711,-0.01715692336151697,0.14041157087133718,0.04972683817657374,-0.017022248799550214,0.6956779146759217,3.4115263339987942,1.2125944874220551,54.20813971057925,54.20441656498483,54.20083292343558,54.20401737078212
2065.0,68.128,-0.12860987013394576,-0.7201051898620423,0.7811034554607414,0.1232890241776348,0.07878926369288448,-0.052300961749191174,0.0045565883507179125,0.014060407448859192,0.22514543097028605,-0.017085129255059443,0.1445008539700321,0.048461716625261074,-0.016926879615995687,0.6917167715154798,3.4070890706285826,1.2084418854854702,54.224667253233996,54.22076048021841,54.21734018170769,54.22061395616702
2066.0,68.16,-0.12452279558296966,-0.7175964834066079,0.7790167970738132,0.12772107971801702,0.07839707673233487,-0.06520807459151438,0.00456480043281409,0.014174262633715072,0.22460186651249084,-0.017000747232132397,0.14863528707093188,0.04718660818920119,-0.016819474323970917,0.6876968973742702,3.402505410807714,1.2041529389695094,54.2460843463453,54.24203158944081,54.2388001490784,54.242127814350226
2067.0,68.19200000000001,-0.12029270242117561,-0.7151002467371849,0.7765247057137356,0.13219041130602005,0.07800739591944277,-0.07787785500240099,0.004544758469291747,0.014259046840630568,0.2240612626769566,-0.016904055731967904,0.15280730363141104,0.0459099144831403,-0.016700518976991006,0.6836352079856041,3.3977750384507326,1.1997263609820432,54.27231208952166,54.268150698209865,54.265130873030145,54.26847811732205
2068.0,68.224,-0.11591870422303664,-0.7126161989621661,0.7736365057355018,0.13668744369185779,0.07762649296934482,-0.09025624931981469,0.004497773742040098,0.01431423666953958,0.22352399778298795,-0.016795441073119068,0.15700907994725727,0.04463971801234102,-0.016570592126105115,0.6795488257543914,3.3928980705050136,1.1951611561996742,54.303251431074344,54.2990181654541,54.29622988308577,54.29956375291796
2069.0,68.256,-0.11140022382743582,-0.710143870579891,0.7703632180057288,0.14120251236254122,0.0772602619461044,-0.10229024155541683,0.004425328320191111,0.014339580700651696,0.22299043832899162,-0.01667538975369124,0.16123260500540884,0.04338373518920614,-0.016430355988550915,0.6754550118194296,3.387875046294672,1.190456626652538,54.338783491998306,54.3345142434376,54.33197455664911,54.33526367014925
2070.0,68.288,-0.10673699376660584,-0.7076826164484811,0.7667175198577694,0.14572593940095305,0.07691419160656979,-0.11392806712374545,0.0043290557853585265,0.014335090398911834,0.2224609358263591,-0.01654448023422683,0.16546974860301905,0.042149273770581946,-0.01628054729857688,0.6713710974251621,3.3827069118956326,1.1856123750052192,54.37876996668111,54.37449949596171,54.372222562352995,54.37543730132979
2071.0,68.32000000000001,-0.10192905436541089,-0.7052316295267609,0.7627136983043524,0.150248106287292,0.07659334130373031,-0.12511942354423766,0.004210721552428973,0.01430102933967947,0.2219358238142938,-0.01640337428914162,0.16971232749234172,0.04094319471863519,-0.01612196793022509,0.6673144148118025,3.377394999895234,1.1806283054177948,54.42305359968473,54.41881529405595,54.416812380018634,54.419925060211746
2072.0,68.352,-0.09697674961512129,-0.7027899552730577,0.758367596626127,0.15475952344656702,0.07630232042823434,-0.1358156774445608,0.004072202942912664,0.014237900893542073,0.2214154150838567,-0.01625280801366033,0.173952169328344,0.03977187848095655,-0.01595547537983443,0.6633022278354439,3.3719410049379204,1.1755046220800003,54.471458737787536,54.467284388122,54.465563896055436,54.46854891518566
2073.0,68.384,-0.09188072093180712,-0.70035650658939,0.7536965544764928,0.1592508963535854,0.07604527136462345,-0.14597006717608507,0.003915469163747648,0.01414643451269146,0.22089999913787453,-0.016093582573091483,0.17818117420205426,0.038641195677859584,-0.01578197319313768,0.6593516625328858,3.3663469555022334,1.1702418255197338,54.52379195622705,54.51971155535832,54.518279073005665,54.52111303635457
2074.0,68.416,-0.08664189891521534,-0.6979300791992684,0.7487193416656355,0.16371318801851095,0.07582585594130695,-0.1555379003393071,0.0037425613398654003,0.0140275707656211,0.2203898399110936,-0.015926554780441846,0.1823913735536484,0.03755648218136634,-0.015602401418171449,0.6554796378491979,3.360615182392712,1.1648407067946887,54.579842757898476,54.57588432099183,54.57474269165017,54.57740451510773
2075.0,68.44800000000001,-0.08126149322958577,-0.6955093673480446,0.7434560858097329,0.16813767767586796,0.07564724535071954,-0.1644767454969011,0.0035555727437743077,0.013882445270179447,0.21988517377214256,-0.01575262758651852,0.1865749862587096,0.03652251856522932,-0.015417727160932563,0.6517027967497546,3.354748284463251,1.159302339682968,54.639384344003105,54.63557375169465,54.634723163955044,54.63719415456116
2076.0,68.48,-0.07574098073336866,-0.6930929797154987,0.7379281940548735,0.17251601550680382,0.07551211351706845,-0.17274661733937366,0.00335662935990456,0.01371237167814552,0.21938620782555257,-0.015572740564086007,0.19072447168829423,0.03554351390281521,-0.015228935315877377,0.6480374379422724,3.3487490921152774,1.1536280709951507,54.702174454437156,54.698535319233784,54.6979734148198,54.700237329030344
2077.0,68.512,-0.07008209199026155,-0.6906794554311866,0.7321582691092916,0.17684027322211648,0.07542263388476063,-0.1803101545494551,0.0031478709154810444,0.013518823866490814,0.21889311852836893,-0.015387860464388645,0.1948325795414267,0.0346230938847762,-0.01503701953811658,0.6444994484384995,3.342620629134576,1.1478195091365493,54.7679562759221,54.76450983222328,54.764231830422474,54.7662749104162
2078.0,68.544,-0.06428679629938744,-0.6882672800840438,0.7261700198420342,0.181102990339836,0.07538047959822003,-0.18713278960181387,0.0029314325032497963,0.013303417492213136,0.21840605063186264,-0.015198971920408462,0.19889239625544472,0.033764293224332,-0.014842973518600071,0.6411042371892212,3.3363660734441707,1.1418785110543312,54.83645941564015,54.833224433501854,54.83322327061934,54.835034259150405
2079.0,68.57600000000001,-0.05835728538776177,-0.6858549016189279,0.7199881667310639,0.1852972159882403,0.07538682703484617,-0.19318290971775748,0.002709426914449485,0.013067891068190441,0.21792511645460982,-0.015007068366761914,0.20289738779693428,0.03296955231022892,-0.014647782617831442,0.6378666700304793,3.3299887173571556,1.1358071677098376,54.90740093782968,54.904393660465374,54.904660142676946,54.90623027704554
2080.0,68.608,-0.05229595591338864,-0.6834407460142583,0.7136383424689793,0.18941654607418112,0.07544236264593397,-0.1984320081901667,0.002483927793018179,0.012814086717767122,0.21745039548886524,-0.014813143241270687,0.20684143864518922,0.032240718059825126,-0.014452415907816268,0.6348010061828059,3.323491927912451,1.129607788221758,54.98048646053935,54.97772056530714,54.97824353324553,54.979566519143944
2081.0,68.64,-0.04610539093230271,-0.6810232326367618,0.707146988059886,0.19345515565895663,0.07554729304677446,-0.20285482528418858,0.0022569537141055216,0.012543930764740339,0.21698193433778473,-0.014618181527991946,0.2107188867821194,0.03157904891276888,-0.014257818666086676,0.6319208365491089,3.3168791078679085,1.1232828828308643,55.055411309401485,55.05289789189616,55.05366439527264,55.05473636133035
2082.0,68.672,-0.0397883404875323,-0.6786007891716408,0.7005412447663427,0.19740782639909712,0.07570135828503939,-0.20642947792324906,0.0020304532815484185,0.012259414313905355,0.21651974697678092,-0.014423151696046608,0.2145245545170374,0.0309852238930787,-0.014064905359886857,0.6292390240600501,3.3101536579089883,1.1168351448416203,55.13186172499862,55.12960930563643,55.13060478617772,55.131424220195264
2083.0,68.70400000000001,-0.03334770148217617,-0.6761718660293304,0.6938488422905655,0.20126996891731186,0.07590384819717332,-0.2091375773679671,0.0018062913300496157,0.011962573974463113,0.21606381532818925,-0.01422899808292919,0.2182537749812273,0.030459355649816396,-0.013874553152984796,0.6267676463186586,3.3033189406072774,1.1102674317002015,55.20951612004735,55.20753067241778,55.20873915338684,55.209306821296614
2084.0,68.736,-0.026786497002426905,-0.673734950133479,0.6870979835990264,0.20503763999218702,0.07615362174536738,-0.21096433411062104,0.0015862363083801144,0.011655472875240129,0.21561409013456925,-0.014036633765287205,0.22190241414876233,0.030001007368243342,-0.013687595962152575,0.624517940797847,3.296378246631592,1.1035827453721005,55.2880463823264,55.28633138236225,55.28773566292976,55.28805451168138
2085.0,68.768,-0.02010785525928814,-0.6712885779989455,0.6803172268240151,0.20870755447310937,0.07644912920417936,-0.21189864921912746,0.0013719489100126254,0.011340182115846755,0.21517049211245268,-0.013846933954475362,0.22546688825529984,0.029609213420389413,-0.01350481908519923,0.6225002528457215,3.289334763675531,1.096784212185535,55.36711921890877,55.36567571382143,55.36725756656385,55.36733261217408
2086.0,68.8,-0.013314988319771313,-0.6688313480135147,0.6735353646994175,0.21227709185992422,0.07678843704471915,-0.21193319139369604,0.001164972007232674,0.011018762792457502,0.21473291336521247,-0.013660729948574061,0.22894417651657667,0.02928250360033091,-0.013326954417523788,0.6207239867534421,3.282191548519391,1.0898750623091442,55.44639753694933,55.44522423267929,55.44696460249805,55.4468028046439
2087.0,68.83200000000001,-0.006411170799366484,-0.666361931842724,0.666781302010651,0.21574429751257887,0.07716925533718587,-0.21106445902388415,0.0009667219339737194,0.010693248729993929,0.2143012190310424,-0.013478803667024324,0.23233182907024236,0.029018930761713524,-0.013154676269548625,0.6191975601392514,3.2749515025919775,1.082858609033887,55.52554185591598,55.52463522177489,55.52651442456176,55.52612454911294
2088.0,68.864,0.0006002813125831124,-0.6638790848837182,0.6600839315601267,0.21910787849844904,0.07758896746893987,-0.20929282657890805,0.0007784811514447825,0.010365630045023099,0.2138752491398245,-0.01330188278868775,0.23562797010291478,0.02881610164722874,-0.012988597793049173,0.6179283618994207,3.26761735133947,1.07573822802948,55.60421174585869,55.603566134862504,55.605564054275334,55.604956525288955
2089.0,68.896,0.007716031524449086,-0.6613816557013913,0.6534720091695025,0.22236719412083616,0.07804466194772332,-0.20662257470702702,0.0006013923191177881,0.010037837654723979,0.21345482065094887,-0.013130636509084791,0.2388312961554177,0.028671210669419425,-0.012829268020330702,0.6169227139725519,3.2601916276450926,1.0685173367450598,55.682067285954496,55.68167506929432,55.683771350059665,55.682958092764814
2090.0,68.928,0.01493274324357849,-0.6588685943882358,0.6469740282580566,0.22552224122281875,0.07853316603611928,-0.20306190348270778,0.0004364537819065812,0.009711728837738307,0.2130397296429508,-0.012965671927446286,0.2419410696449149,0.028581076372500375,-0.012677169516376796,0.61618583715728,3.252676659475591,1.0611993741218724,55.75877053729197,55.758622251249214,55.76079648746887,55.759790763867365
2091.0,68.96000000000001,0.022247099544428016,-0.6563389597982666,0.6406180945524631,0.22857363440147133,0.07905108093650898,-0.1986229282997308,0.0002845164724532003,0.009389073941827485,0.21262975362514558,-0.012807531069657277,0.24495710767826973,0.028542180273823235,-0.012532716640503072,0.6157218212153271,3.2450745618595986,1.0537877807826217,55.83398702353573,55.8340715271363,55.836303444148726,55.83511968283153
2092.0,68.992,0.029655822146780347,-0.6537919256150606,0.6344318014967942,0.23152258132353584,0.07959481822519657,-0.1933216579896734,0.00014628221548202084,0.009071544321973291,0.21222465394124054,-0.012656688548568676,0.2478797662819784,0.028550707755127837,-0.012396254410623185,0.6155335994813769,3.2373872332298603,1.046285979857528,55.907387212885254,55.90769185447631,55.9099614829064,55.90861510476357
2093.0,69.024,0.03715568945491991,-0.6512267852242732,0.6284421069424114,0.23437085337938726,0.08016063721211408,-0.18717795482448335,2.230340926991582e-05,0.008760701580025702,0.21182417823518626,-0.012513549858861855,0.25070992021476307,0.028602590645434856,-0.012268057959976602,0.6156229281887228,3.2296163560872606,1.0386973586011308,55.97864799446331,55.97915878541124,55.981446626136794,55.979953867593316
2094.0,69.056,0.04474355351796157,-0.648642955371875,0.6226752117052683,0.23712075197007784,0.08074468288745405,-0.18021547616074274,-8.701595246334808e-05,0.008457988164208322,0.21142806295023997,-0.01237845029948968,0.25344893858237105,0.02869355111320771,-0.012148332573014316,0.6159903707045443,3.221763401870834,1.0310252509463531,56.04745414209881,56.048155935740276,56.05044311460677,56.04882085005941
2095.0,69.08800000000001,0.05241635578246526,-0.6460399786006571,0.617156440582755,0.2397750707656602,0.08134302410053228,-0.17246159757848337,-0.00018141796636707752,0.008164719373030115,0.2110360358333206,-0.01225165451284817,0.2560986565134444,0.028819146462866443,-0.01203721428406908,0.6166352868514268,3.2138296398457977,1.0232729211333362,56.1134997582603,56.114376432297405,56.11664484352764,56.11491040857541
2096.0,69.12,0.0601711415209666,-0.6434175244691644,0.6119101264233281,0.24233705432819366,0.08195169160915422,-0.1639473174821084,-0.0002607872720941459,0.007882076794452216,0.21064781841818722,-0.012133356625869878,0.2586613432073776,0.028974814414087877,-0.011934771019427047,0.6175558274718271,3.2058161497523825,1.01544354854003,56.17648969081222,56.17752433130711,56.1797567686738,56.17792778575314
2097.0,69.152,0.06800507283401001,-0.6407753895689686,0.6069594978395639,0.2448103535326336,0.08256671563112862,-0.15470714324264706,-0.00032514634130223236,0.007611103196735049,0.21026312846271333,-0.012023680974735785,0.26113966670244615,0.02915591842888013,-0.01184100426043459,0.6187489343700422,3.197723837893145,1.0075402138296115,56.23614091513949,56.23731600035241,56.23949627531408,56.23759048324395
2098.0,69.184,0.0759154401385474,-0.6381134963679302,0.6023265711487573,0.24719897826682044,0.0831841625324585,-0.14477895908772268,-0.00037464968226496914,0.007352698873277874,0.2098816823175104,-0.011922683391131724,0.2635366557593551,0.029357792645138048,-0.011755851202327888,0.6202103457414792,3.1895534562768035,0.9995658865164864,56.29218387419632,56.29348145651661,56.29559450265341,56.293629591577904
2099.0,69.21600000000001,0.08389967207199217,-0.6354318909186479,0.5980320471146127,0.24950724792006587,0.08380017029004418,-0.1342038760669756,-0.00040957704819907136,0.0071076194293081185,0.20950319720530625,-0.011830353024702533,0.26585565928346955,0.02957578597326274,-0.011679187380537925,0.6219346071722283,3.1813056243835374,0.9915234140381103,56.34436376901123,56.345765653362115,56.347797616592864,56.34579106966533
2100.0,69.248,0.0919553437585892,-0.6327307394824757,0.5940952130488175,0.2517397402061849,0.08441098238039124,-0.1230260645561119,-0.00043032574529699275,0.006876474984549338,0.20912739339276834,-0.011746614672846307,0.26810030374665844,0.02980530491838862,-0.011610829733335637,0.6239150882627407,3.1729808530713006,0.9834155124042252,56.392441792309626,56.393929709438964,56.395868023647424,56.39383696676005
2101.0,69.28,0.10008018340284626,-0.6300103241301309,0.5905338508122936,0.25390123888306104,0.08501297976078424,-0.11129256989138488,-0.0004374021432512339,0.0066597307522223885,0.2087539962388051,-0.01167133158585673,0.27027444908844744,0.030041854701896117,-0.01155054006684234,0.6261440048984046,3.164579570105871,0.9752447584785651,56.43619629800385,56.43775207122688,56.439585519076104,56.437546579777006
2102.0,69.312,0.10827207719331469,-0.6272710373898461,0.5873641512326612,0.2559966809521667,0.08560271063390897,-0.09905311186352414,-0.00043141249666281124,0.006457708941977992,0.20838273810575414,-0.011604308712271354,0.2723821436015642,0.030281078275048508,-0.011498028885688119,0.6286124471568426,3.1561021467698964,0.9670135839308268,56.475423899550385,56.47702960357632,56.47874836244015,56.47671753910789
2103.0,69.34400000000001,0.11652907251873511,-0.6245133760230688,0.5846006354269707,0.25803110391930184,0.0861769177117635,-0.08635986892779782,-0.00041305319005856213,0.006270591921961093,0.20801336012220617,-0.011545296346349,0.27442757831004577,0.030518792841750096,-0.011452959549982026,0.6313104128074605,3.1475489249888016,0.9587242708789492,56.509940490383144,56.51157860104155,56.51317427413345,56.51116681628959
2104.0,69.376,0.12484937951719108,-0.6217379340157393,0.5822560834871371,0.26000959370177773,0.08673256272905602,-0.07326724811980893,-0.00038310052223249216,0.006098426564201051,0.20764561378850205,-0.011493994136793362,0.2764150413587788,0.030751023539443936,-0.011414952716829279,0.6342268463230996,3.138920244404381,0.9503789492237712,56.5395821800147,56.541235713780345,56.54270134670569,56.54073164726018
2105.0,69.408,0.1332313709971534,-0.6189453948800435,0.5803414709499074,0.26193723374885153,0.08726684799050245,-0.05983164178843432,-0.00034240014723214404,0.005941129687148235,0.2072792624181271,-0.011450055413407897,0.27834887292269883,0.03097403396357057,-0.01138359102243313,0.6373496832872105,3.13021646883057,0.9419795956601811,56.56420613973104,56.56585878213858,56.56718886523984,56.565270365268404
2106.0,69.44,0.14167358078686057,-0.6161365233671264,0.5788659134338034,0.263819055928378,0.08777723477866868,-0.04611117237825363,-0.00029185628951846417,0.0057984945004018245,0.20691408241030124,-0.01141309178605721,0.28023342113910343,0.03118435326423448,-0.01135842395892257,0.6406659000429006,3.1214380115402065,0.9335280343312198,56.5836913523094,56.585327574451824,56.58651803145125,56.58466313800028
2107.0,69.47200000000001,0.1501747005850911,-0.6133121566954811,0.5778366197825645,0.2656599936946156,0.0882614584888867,-0.03216542660120608,-0.0002324208496282559,0.005670197948824365,0.206549864350996,-0.011382677968384028,0.2820729995382468,0.03137879958961111,-0.011338972898508999,0.6441615683931513,3.1125853588564447,0.9250252994149091,56.59793926063694,56.59954442315169,56.60059258672364,56.59881260392938
2108.0,69.504,0.15873357540177777,-0.6104731954025296,0.5772588540084894,0.26746483802148746,0.0887175404047432,-0.01805518043984854,-0.00016508251410212756,0.005555808847249799,0.20618641394140022,-0.011358356777283021,0.28387184642745467,0.03155449970191116,-0.011324736216453853,0.6478219151246465,3.103659091557361,0.9164664245982224,56.60687431073311,56.60843475478173,56.60933932980375,56.60764440351182
2109.0,69.536,0.16734919769085346,-0.6076205939282464,0.5771359062800966,0.26923819653364517,0.08914379607136087,-0.0038421165122763737,-9.085597955038073e-05,0.005454796692034734,0.2058235527544806,-0.011339644257998115,0.2856340866430779,0.031708904644229124,-0.011315194463673406,0.6516313860915967,3.0946599036467313,0.9078508023091467,56.61044438523318,56.611947510183526,56.61270852552117,56.61110760139353
2110.0,69.568,0.17602070028999375,-0.6047553510395416,0.5774690731470993,0.2709844562231639,0.08953884027203556,0.010411464593835138,-1.0771395602893386e-05,0.005366541032648984,0.2054611188217685,-0.011326034884057931,0.2873636960515909,0.03183980139214198,-0.011309815539682027,0.655573714561015,3.085588618097017,0.8991792997100064,56.60862112410833,56.61005545173477,56.61067420150709,56.60917499650315
2111.0,69.60000000000001,0.1847473482923527,-0.6018785002025351,0.5782576471422801,0.27270775007362613,0.0899015886564233,0.02464293734939306,7.413587479448436e-05,0.005290341284585827,0.20509896705382213,-0.011317006781314604,0.2890644691263926,0.031945320478332644,-0.011308059816988575,0.659631993487638,3.076446199231453,0.8904526517076474,56.60140013003157,56.602755355251524,56.60323433060345,56.60184331752618
2112.0,69.632,0.19352852998383807,-0.5989911000068645,0.5794989158449199,0.27441192785894797,0.09023125611471541,0.038789646957496204,0.0001628350865801618,0.005225426864919779,0.20473696949899658,-0.011312026925662268,0.290739989883842,0.03202393963411209,-0.011309385169067576,0.6637887513554248,3.067233761479482,0.8816714700161621,56.588801056596374,56.59006808485179,56.59041089732269,56.5891333020409
2113.0,69.664,0.2023637469858393,-0.5960942247418564,0.5811881704345083,0.2761005313125691,0.09052735203151457,0.05278920592464527,0.00025430945232930285,0.005170967532926959,0.20437501544619568,-0.011310556265200977,0.2923936064010466,0.032074483544080726,-0.011313251855614192,0.6680260311937806,3.0579525743125506,0.8728362530141609,56.57086757828709,56.57203854986133,56.57224984748758,56.571089658274985
2114.0,69.696,0.21125260374755025,-0.593188955218849,0.5833187237070607,0.27777677380349763,0.09078967259399136,0.06657978976726997,0.0003475649165617705,0.0051260838210728365,0.20401301137819985,-0.011312054719131739,0.2940284090891202,0.0320961198615585,-0.0113191272209757,0.672325472350728,3.0486040632438858,0.8639473962524499,56.547667241938946,56.54873554357891,56.54882092090039,56.54778090926781
2115.0,69.728,0.22019479653410515,-0.5902763699273114,0.5858819374700273,0.27944352457987115,0.09101829036055986,0.08010043009271295,0.00044163830018178763,0.0050898574455008685,0.20365088078296806,-0.01131598600798765,0.29564721282897444,0.032088351678219454,-0.011326490164400377,0.6766683945824977,3.0391898068550165,0.855005203465895,56.51929120013517,56.52025146451669,56.520217367674604,56.51929911991874
2116.0,69.76,0.22919010205669837,-0.5873575366047961,0.5888672591760488,0.2811032975809445,0.09121354132857272,0.09329130331314085,0.0005356047605991369,0.005061341590651545,0.20328856383101163,-0.011321822272458745,0.2972525430253874,0.032051006684507125,-0.011334835344030646,0.6810358839997995,3.0297115298918724,0.8460098979433017,56.48585382783925,56.48670192146976,56.48655554958333,56.48575950823911
2117.0,69.792,0.23823836588875866,-0.5844335042923444,0.5922622676012206,0.28275824475191497,0.09137600976412384,0.10609401328663104,0.0006285845233465452,0.0050395709688348415,0.20292601692754939,-0.01132904844149371,0.29884662557571223,0.03198422329441185,-0.011343677080348656,0.6854088803956139,3.020171092552711,0.8369616341112415,56.447492224288894,56.44822522455971,56.44797442855703,56.44729994284165
2118.0,69.824,0.2473394908082016,-0.5815052959379091,0.5960527273205908,0.2844101537326236,0.09150651107611327,0.11845186623033174,0.0007197488513696383,0.0050235715629600415,0.2025632121486702,-0.011337166314010083,0.30043138069199754,0.03188843403914727,-0.011352552928979891,0.6897682654678765,3.0105704761674668,0.8278605091917985,56.404365602940395,56.40498176512195,56.404634945171374,56.40408032944969
2119.0,69.856,0.25649342519993745,-0.5785739016008299,0.600222651682838,0.2860604497417765,0.09160607303373601,0.13031013632023836,0.0008083252284696307,0.005012369968843684,0.2022001365711837,-0.011345698322814762,0.3020084204705327,0.03176434656035654,-0.011361026897338727,0.694094951443226,3.0009117655417046,0.8187065748000627,56.35665457301943,56.35715328802589,56.35671929067414,56.35628188996579
2120.0,69.888,0.2657001516453334,-0.5756402723005791,0.6047543739379094,0.28771020141852705,0.0916759156328057,0.14161632047093645,0.0008936017434784325,0.005005002262120339,0.20183679150620268,-0.011354190953885207,0.30357905004594604,0.03161292255111512,-0.011368692284430017,0.6983699696049115,2.9911971283069394,0.8094998483546667,56.30456031686392,56.304942060714986,56.3044300767858,56.30410633825692
2121.0,69.92,0.27495967581642117,-0.5727053145430564,0.6096286261262778,0.2893601303465248,0.09171742992259532,0.15232038088652752,0.0009749306714974137,0.005000522324300066,0.20147319164681038,-0.011362217798888012,0.3051442721320459,0.03143535500596742,-0.011375174128162656,0.702574558229315,2.9814287916810813,0.8002403241835789,56.24830366797725,56.248569943869846,56.24798940811275,56.24777495753724
2122.0,69.952,0.2842720157825191,-0.5697698855478197,0.6148246252967715,0.29101062394059224,0.09173215610115662,0.16237497407794715,0.0010517312577935486,0.00499800957192274,0.20110936414039673,-0.011369382223930939,0.3067047947068191,0.031233044146035123,-0.011380131249663743,0.7066902494410368,2.971609017097193,0.790927984217481,56.18812409524485,56.18827736921791,56.187637862625685,56.187527584755564
2123.0,69.984,0.29363719182583087,-0.5668347891899613,0.6203201665819859,0.2926617513535252,0.09172176118308448,0.17173566516296718,0.001123491718640434,0.004996576042722776,0.2007453475964129,-0.011375319642536155,0.3082610415754119,0.03100757238526121,-0.01138325788921981,0.7106989545063556,2.961740073204322,0.7815628081741692,56.12427859939632,56.12432223053604,56.123633386169075,56.123621508016086
2124.0,70.016,0.3030552168507344,-0.5639007726610074,0.6260917226263593,0.2943132820281367,0.09168801652978112,0.18036112638660867,0.00118977048137449,0.004995372802307085,0.20038119104039134,-0.011379699385955133,0.3098131655101101,0.03076067869607283,-0.01138428493353582,0.714583047098575,2.9518242077801005,0.7721447831492658,56.05704052820774,56.056978694392875,56.05625010746339,56.056330283468576
2125.0,70.048,0.3125260874591153,-0.5609685238443839,0.6321145488323194,0.2959647065119364,0.09163277551949327,0.18821331893627619,0.0012501966931638948,0.004993595644741785,0.20001695282509974,-0.011382226169015273,0.31136106365530836,0.030494232721118716,-0.011382980738883691,0.7183254440864865,2.9418636191203213,0.7626739125408848,55.98669831745132,55.98653593757391,55.98577708045321,55.98594247861009
2126.0,70.08,0.3220497757514763,-0.5580386693927527,0.638362793864632,0.297615259136314,0.09155795161348466,0.19525765725978972,0.0013044700343981131,0.004990490069646628,0.19965269950964853,-0.011382641154420264,0.31290439486543375,0.030210208959680122,-0.011379151559352735,0.7219096834183122,2.9318604274853093,0.7531502242485238,55.913554164890364,55.913296818509615,55.912516961229535,55.91276034923002
2127.0,70.112,0.3316262219008822,-0.5551117734869817,0.6448096148323058,0.2992639421689671,0.09146549705535378,0.20146315523982825,0.0013523598781301405,0.004985355527583264,0.19928850471724488,-0.011380722623177188,0.3144425986455301,0.029910661336360805,-0.01137264159372387,0.7253199986981117,2.9218166471862994,0.743573778099118,55.83792264498714,55.83757649029679,55.83678462702253,55.837098457595054
2128.0,70.144,0.3412553275343028,-0.5521883372497502,0.6514272965511776,0.3009095510442939,0.09135738241345256,0.20680255371467413,0.0013937038416491966,0.004977548933844851,0.19892444798207984,-0.01137628626299577,0.31597491535411887,0.029597698433292387,-0.0113633326684139,0.7285413900789428,2.9117341598871187,0.7339446724656973,55.76012927213563,55.759700963136694,55.75890574499584,55.75928223961644
2129.0,70.176,0.3509369499437815,-0.5492687987808553,0.658187374278577,0.30255070029624187,0.09123557715297637,0.21125242898125432,0.0014284057800128486,0.004966487458922159,0.19856061359555566,-0.011369185090494848,0.31750040734141843,0.029273459639612413,-0.011351143577425903,0.731559691127152,2.901614689677426,0.7242630500562186,55.68050902046703,55.68000562413884,55.67921529869943,55.679646528975354
2130.0,70.208,0.36067089713826167,-0.5463535337762196,0.6650607593041982,0.304185849827539,0.09110203139487506,0.21479328205068557,0.0014564332742183009,0.004951650611005908,0.19819708946169498,-0.011359309026488233,0.3190179806985192,0.028940092440667677,-0.011336029103244903,0.734361631344198,2.8914597804439697,0.7145291028617384,55.599404808288845,55.59883372254394,55.598056080146414,55.59853404619836
2131.0,70.24,0.3704569237360013,-0.5434428566884195,0.672017866778334,0.3058133311793974,0.09095865899376404,0.21740960856676783,0.0014778146686998971,0.0049325816326372335,0.19783396597114117,-0.011346584146663386,0.3205264073164492,0.028599731038400057,-0.011317978745129248,0.7369348940664013,2.881270776026288,0.7047430762639988,55.51716595530976,55.51653482841392,55.51577715547649,55.516293860766204
2132.0,70.272,0.38029472768741807,-0.5405370223832541,0.6790287451598015,0.307431373481671,0.09080732203638982,0.2190899494207869,0.0014926357140094394,0.004908888239238273,0.19747133490264163,-0.011330971632579583,0.3220243469627799,0.028254476460722204,-0.011297015183219144,0.7392681694980169,2.871048803593913,0.6949052723125821,55.43414662067803,55.43346327280778,55.43273231214584,55.43327983421866
2133.0,70.304,0.39018394780903853,-0.5376362282444442,0.6860632066709629,0.30903812880067366,0.09064981683781738,0.21982692222381742,0.0015010358709385812,0.004880242732527755,0.1971092883603363,-0.0113124664497672,0.32351036911389214,0.027906378286015915,-0.011273192508359724,0.741351202669113,2.860794760624287,0.6850160521909616,55.35070422983209,55.34997657732656,55.349278495451685,55.34984905219157
2134.0,70.336,0.40012416210104806,-0.534740616676952,0.6930909581559834,0.310631696625332,0.09048786148414073,0.21961723390691637,0.0015032043320336319,0.00484638152589674,0.19674791775452394,-0.011291095781409953,0.324982974297702,0.027557418076115336,-0.011246594248465984,0.7431748361460221,2.8505093057955095,0.6750758378989521,55.267197897928035,55.26643388077256,55.26577424206892,55.266360253092635
2135.0,70.368,0.41011488681380215,-0.5318502779585973,0.7000817317505639,0.3122101472735995,0.0903230849485961,0.218461674830663,0.0014993758154829991,0.0048071041224822956,0.19638731283288968,-0.011266917247034002,0.32644061473672714,0.027209494581279033,-0.01121733122271777,0.7447310473586519,2.840192854036835,0.665085113186198,55.18398685746477,55.18319437043163,55.18257811804579,55.18317226098166
2136.0,70.4,0.42015557622259053,-0.5289652533895699,0.7070054147865329,0.3137715440245322,0.09015701778207597,0.2163650948739596,0.001489826184822234,0.004762271589207533,0.19602756076843728,-0.011240016936128071,0.327881714098807,0.026864410750504837,-0.011185539254852578,0.7460129804447423,2.829845575904096,0.6550444237774096,55.10142889738817,55.1006157252477,55.10004716847262,55.10064242988799
2137.0,70.432,0.43024562306494374,-0.5260855386900181,0.7138321783725455,0.3153139638235724,0.08999108436100486,0.21333636206291853,0.001474867945854699,0.004711804572282581,0.19566874530958694,-0.01121050728687036,0.3293046861997348,0.026523862554524533,-0.011151376776367804,0.7470149725464216,2.8194674013681564,0.6449543769350564,55.01987882073233,55.019052577831374,55.018535385717996,55.01912510657695
2138.0,70.464,0.44038435959081995,-0.5232110875970712,0.7205326041123616,0.31683551643366653,0.08982659665459793,0.2093883043692764,0.0014548456697185367,0.004655680900775268,0.1953109459971063,-0.011178524839580815,0.33070795252221874,0.026189429603391587,-0.011115022349611385,0.7477325745282839,2.8090580280238124,0.6348156404091803,54.93968692744995,54.93885500193917,54.938392202826954,54.938970118377846
2139.0,70.496,0.45057105917307333,-0.5203418156143522,0.7270778084444194,0.3183343619454531,0.08966474945997938,0.20453763537682695,0.001430131388199195,0.0045939328257086215,0.1949542374517195,-0.011144227894029083,0.33208995845215405,0.025862567519476777,-0.01107667213954805,0.7481625661188768,2.798616933645606,0.6246289408269268,54.86119752878777,54.86036703167373,54.859961018297454,54.86052129239356
2140.0,70.528,0.4608049384236261,-0.517477603869167,0.7334395641103286,0.3198087265796665,0.08950661703700924,0.1988048645595974,0.0014011200042917955,0.004526643942021713,0.1945986887354194,-0.011107794098550854,0.333449188149407,0.025544602006685124,-0.011036537361505533,0.7483029655080958,2.788143392937368,0.614395061576374,54.784747499105784,54.783925218298656,54.78357775810101,54.78411501195996
2141.0,70.56,0.47108515975968684,-0.5146183030350563,0.7395904182851267,0.3212569167519344,0.08935315106596854,0.19221419296246192,0.0013682247577039262,0.004453945840496423,0.1942443627886977,-0.011069417997628882,0.33478417800454907,0.025236724541239743,-0.010994841730488486,0.74815303346187,2.7776364982453403,0.6041148402403134,54.710664870707824,54.70985723013296,54.709569480390066,54.710078815896374
2142.0,70.592,0.4814108343640961,-0.5117637372801739,0.7455038069283454,0.3226773313878247,0.08920517984008514,0.1847933951006036,0.00133187278154484,0.004376014535646209,0.1938913159451057,-0.011029308563070743,0.3360935286482391,0.024939989595325424,-0.010951818935720217,0.7477132720419932,2.7670951839318634,0.593789165635904,54.63926747677912,54.63848050061467,54.63825302796631,54.63873004562135
2143.0,70.624,0.4917810254843567,-0.5089137082049447,0.7511541649418032,0.32406847250817966,0.0890634086009202,0.1765736879205761,0.0012925007829101246,0.004293066714386918,0.19353959752378797,-0.010987686732111064,0.33737591551055646,0.024655313295158424,-0.010907710162014922,0.7469854180433494,2.756518254038984,0.5834189745156435,54.57086164716915,54.57010092918249,54.56993373314779,54.57037454485406
2144.0,70.656,0.5021947520160333,-0.5060679987355879,0.7565170317472729,0.32542895411478345,0.08892842091737047,0.16758958767087256,0.001250550876529662,0.004205355848443465,0.19318924949989644,-0.010944782973920094,0.33863009793631366,0.02438347340642351,-0.010862761677432818,0.7459724312824473,2.74590441281023,0.5730052479839669,54.50574096128327,54.505011639247535,54.50490417930171,54.50530541615151
2145.0,70.688,0.5126509923178907,-0.503226376943294,0.7615691519244989,0.3267575094330808,0.08880068100919632,0.15787875553833003,0.0012064665971150167,0.004113168211677722,0.1928403062520954,-0.010900834903937156,0.33985492688853564,0.02412511053550019,-0.01081722250446172,0.7446784778905989,2.7352522975850135,0.5625490076821095,54.444185062001175,54.443491797085905,54.44344302287204,54.443801838189394
2146.0,70.72,0.5231486882082961,-0.5003885997620702,0.7662885705772166,0.32805299657520454,0.0886805369132535,0.14748183289744227,0.0011606891125919678,0.004016818841143358,0.19249279438572015,-0.010856084963507198,0.34104935127857267,0.02388073043146137,-0.010771342189761189,0.7431089087817748,2.7245605135346413,0.5520513117917041,54.38645853408879,54.38580549512875,54.38581387938153,54.38612794724659
2147.0,70.752,0.5336867490949434,-0.49755441658145727,0.7706547231216346,0.32931440270776524,0.088568224394163,0.13644226701307996,0.001113653657053947,0.003916647478448582,0.1921467326295613,-0.010810778180213063,0.3422124229828714,0.02365070727376066,-0.010725368685325115,0.7412702334795916,2.713827669672279,0.5415132509050568,54.33280985023845,54.33220070271054,54.33226427647557,54.332531786023935
2148.0,70.784,0.5442640561927896,-0.49472357269342837,0.7746485192181057,0.3305408468075837,0.08846387150087358,0.12480612801468029,0.0010657861990670525,0.003813014525315598,0.19180213180370742,-0.01076516002219781,0.3433433006056502,0.023435287831014492,-0.010679546351802531,0.7391700894996476,2.7030524155420212,0.5309359438072105,54.28347038745406,54.2829082870158,54.28302467675677,54.283244322513454
2149.0,70.816,0.554879466788135,-0.49189581257577675,0.7782524205922748,0.3317315811045813,0.08836750367662295,0.11262191794279694,0.0010175003579013713,0.0037062970448487873,0.19145899485540255,-0.010719474357969081,0.34444125206375836,0.023234596379668945,-0.010634114092688711,0.7368172074930535,2.6922334779747277,0.5203205332118651,54.23865351620709,54.238141106578674,54.2383075727769,54.238478541344186
2150.0,70.848,0.5655318185099641,-0.4890708829971435,0.7814505125167501,0.33288599130719604,0.08827904933229812,0.09994037263986376,0.0009691945774014816,0.003596884837210946,0.19111731695945902,-0.01067396153110778,0.3377940024731636,0.02454068121964776,-0.01058930362618692,0.734221372364283,2.6813696972907164,0.509668181490036,54.786583560804736,53.800718239984185,53.610276859894036,54.5958035490949
2151.0,70.88,0.576219936640781,-0.48624853615304475,0.7842293944378828,0.3340036915880626,0.08819833887809617,0.0868400600354041,-0.0005769517508438017,-0.004265264615217099,0.19079043002303236,-0.01016711231254906,0.3016104009571133,0.03154965776589923,-0.010564019573256622,0.7313944486052566,2.6704600913374597,0.4989800633592192,56.52588169279863,52.5649976554057,51.79978023038888,55.762251896824644
2152.0,70.912,0.586866661704423,-0.48342852380543144,0.7865951645558159,0.33271015823870326,0.0881253858628865,0.07393031618538633,-0.003620170310233,-0.03497854440468035,0.19057452531138575,-0.00876084898920345,0.25997154105692405,0.0395656690214162,-0.01070045521441088,0.7283720999010901,2.659579214496887,0.4883333382955771,54.96275085348981,53.589970063693514,53.3014590577815,54.68199827247862
2153.0,70.944,0.5971770090175739,-0.4806379939243434,0.7885138211936823,0.3221983535359991,0.08720405878401029,0.059958019933331275,-0.008908721630882084,-0.07650245227877221,0.19055209454349936,-0.008830039556446956,0.20711463479131795,0.04883495093281177,-0.011128371308858957,0.7251338407496488,2.6490191903545104,0.4780229909824263,54.895869981312664,53.59723983064543,53.316453517122746,54.62427699479964
2154.0,70.976,0.6067511414782968,-0.47790242033763136,0.7899536184398098,0.2991916393976241,0.08548667458476125,0.044993663941490195,-0.01641310625898754,-0.12825080593760935,0.19091584456609212,-0.00916795712296393,0.14176571761212017,0.059661897761655175,-0.012142807661367019,0.721664565380227,2.6391750373946756,0.46844885852170337,54.749145537612975,53.66853626980658,53.41924196575991,54.511750635719906
2155.0,71.008,0.6150916795392739,-0.4752450054476343,0.7908549957904826,0.2606418144055637,0.0830442153124168,0.028168042208526527,-0.02595406640027652,-0.18851236587263556,0.19188136475747639,-0.010099870956627307,0.06396775334209243,0.07219087285793285,-0.014081443773424334,0.7179150061622829,2.630536246184123,0.46010832046072625,54.49231527680166,53.82445712415425,53.638366768627435,54.32215121254204
2156.0,71.04,0.621623057997807,-0.4726857960425193,0.7911181414281867,0.20410557682909222,0.07997529390981716,0.008223301178251376,-0.037134781126864226,-0.2540546918427834,0.1936098930469565,-0.01192031755708996,-0.024552943550493207,0.08637153419961693,-0.017214909195426634,0.7137897492131765,2.623667206251033,0.4535769420021931,54.107775536263134,54.072064552175675,53.98980920359298,54.0466985542338
2157.0,71.072,0.6257263172534915,-0.4702404321024482,0.7905964411303011,0.128226851740153,0.0764176231272306,-0.016303134308925653,-0.04921883926661439,-0.31993590962686297,0.19608555011879492,-0.014725567470572,-0.12028789794831232,0.10190980735238794,-0.021571786802910418,0.7091443024889001,2.6191728305230355,0.4494736827465087,53.60377544784621,54.3961958124354,54.46487147385941,53.699835986599574
2158.0,71.104,0.6267892044745917,-0.46791895691888036,0.7891028903045532,0.03321522565938683,0.07254609948650315,-0.04667346330462952,-0.06097084728171319,-0.37969471294776647,0.19897246281201397,-0.018204960044460476,-0.2183412179433599,0.11818895170848773,-0.026733659340960617,0.7037992841152788,2.617649988921529,0.4484107955254084,53.03040921928052,54.752793104271795,55.015633387095455,53.327364299290174
2159.0,71.136,0.6242667388576694,-0.4657256447338111,0.7864346416960709,-0.07882705052883293,0.06854100578342132,-0.08338276901507946,-0.07057596609752267,-0.42609129431945225,0.2015427755242425,-0.021561939507534593,-0.3133558904771968,0.13419036428321074,-0.03172766662102774,0.6975763657848372,2.6196299139847765,0.4509332611423308,52.48494462848947,55.07755238491673,55.55104520011986,52.999100352146584
2160.0,71.168,0.6177431597554429,-0.46366098042999476,0.7824142586277573,-0.2038618469445085,0.06452075949423954,-0.12563697088475956,-0.07587651770269518,-0.4523641100132335,0.2028270906467937,-0.02383937207589827,-0.37818727457475254,0.14019976462853145,-0.03522928448799365,0.6906439257632612,2.625520396287101,0.45745684024455724,50.17328161347433,56.26466864323385,57.97346868917417,51.92764130906302
2161.0,71.2,0.6069827637085055,-0.46172609789827546,0.7769417105460227,-0.33626237646683266,0.060465079116234985,-0.17101712755422463,-0.07609095487084067,-0.44351376292754263,0.20123263977510927,-0.023786649397123657,-0.37769033118159645,0.12612920995218727,-0.03502019444935253,0.6838526374407555,2.635559258618911,0.4682172362914947,47.872962666270354,57.59526273150966,60.71584853554195,51.038482650511554
2162.0,71.232,0.5920522321602677,-0.4598971762483228,0.7700689267031462,-0.46657911088248133,0.057153801561026,-0.21477449508991378,-0.07091752575227597,-0.3845329967735053,0.19573952987060503,-0.021403771471208408,-0.37587747451581166,0.1153803783829524,-0.029665495052674528,0.6772845985534981,2.6496916639066055,0.48314776783973246,53.180040233162316,55.44290763241108,55.89845764956796,53.668637144645075
2163.0,71.264,0.573472747186177,-0.45809959367834097,0.7620104992960999,-0.5806089054403976,0.05617445531193929,-0.25182585647022526,-0.06162448844556358,-0.2904288787144387,0.18839826131913712,-0.02135104879243395,-0.37306192672648947,0.10814853826595763,-0.02201156010481816,0.6709958123631324,2.6674136898310152,0.5017272528138231,54.50498308310675,54.91421406074247,55.052765430258574,54.64617649787239
2164.0,71.296,0.552095771548884,-0.45623534296363316,0.7530591518678427,-0.6680304886651837,0.05825783483459944,-0.27972960713294426,-0.04915942507126853,-0.17618284621320573,0.18111355718316854,-0.02362848136079744,-0.3728990754629402,0.10351620964645308,-0.014683656588710707,0.6653183737733146,2.6878930180063167,0.5231042284511161,55.752662343083315,54.26413708054115,54.33178160202867,55.78452756548249
2165.0,71.328,0.5289845855348597,-0.45421014159164896,0.7434813735331236,-0.7222245629383385,0.06328754287451314,-0.2993055729600038,-0.034255352016688084,-0.056225229059981244,0.17453942118750843,-0.04775813392265753,-0.3741758397413861,0.10131362400099723,-0.00853891383615744,0.6603872238388078,2.7100847129975643,0.5462154144651404,56.62086412521483,54.07000360265342,54.01944591368257,56.41342955589797
2166.0,71.36,0.5052803704272544,-0.45195283349293963,0.7335182229573733,-0.7407567221127486,0.0705408780846744,-0.31134845549222984,-0.018138873809845073,0.058882919114332334,0.16757684257650027,-0.12354355828186037,-0.3733814605086123,0.10133072490229106,-0.001967666834828313,0.6559715400725021,2.732865612637906,0.5699196295727458,57.19792511461702,54.160626978957055,53.97474466755233,56.525739237424176
2167.0,71.392,0.48211827564160414,-0.4494224643890648,0.7233495059769961,-0.7238154620516495,0.07907403449609715,-0.3177724056368239,-0.0011934559245160915,0.16167317480736515,0.15955129350611932,-0.21852637641279393,-0.3702957543086138,0.10289621932528795,0.006052831517951089,0.6518365194397036,2.7551174348034233,0.593081724358396,57.99071369036741,53.8369085514237,53.63769922669592,56.89318753391665
2168.0,71.424,0.46053983886135214,-0.44662519452626603,0.712981946735254,-0.6743261493826501,0.0874146832124323,-0.32398622630433405,0.016592086126416654,0.24178669335396066,0.1498571556628966,-0.31633134289042864,-0.36348993036317634,0.10524730724879792,0.016456976562210623,0.6476595947829583,2.775815504774603,0.614660161138648,58.45997966771558,53.723355698594936,53.53680421065908,56.942274901969164
2169.0,71.456,0.4413669768266309,-0.44363345606452537,0.7023318754345406,-0.5991519385851047,0.09349182692940615,-0.3328147281473298,0.03259238325707644,0.29392249205699417,0.14147086220661786,-0.2928211208816562,-0.3507940679400129,0.10851511310956959,0.02517246044326077,0.643073386822226,2.7941600565361546,0.6338330231733693,58.337347691600435,53.91872469657647,53.69254524689588,56.83919391662017
2170.0,71.488,0.4251558947050784,-0.44055461016777236,0.6913640614869158,-0.5065963162985707,0.09621393427354191,-0.3427441858633129,0.043454907403215774,0.31563523411799815,0.1381765456724845,-0.12393466226452372,-0.3294506833122464,0.11310875447123633,0.026987228469819602,0.6377445613887978,2.8096191508147776,0.6500441052949217,57.67279133466246,54.47129056147591,53.98580636984754,56.58361958009671
2171.0,71.52,0.41212828863319134,-0.4374789267711426,0.6800053051096858,-0.407112689746516,0.09611510614469122,-0.3549611367884747,0.04854828876716052,0.313785828723154,0.13688372288321266,-0.03571831213883111,-0.295883420735767,0.11662429976891737,0.026276766924524773,0.6313897501654325,2.8219881505683366,0.6630717113668088,56.638690397467265,55.240754681536735,54.72812455909219,55.878079958769284
2172.0,71.552,0.40226664420144786,-0.4344641804815155,0.6682404484229362,-0.3081763884918807,0.09421082155081408,-0.3676517714608037,0.04849940271645956,0.30128236454451296,0.136599384790696,0.010493809739868229,-0.24714513475184996,0.11738855756317765,0.024446175152107855,0.6239355887765021,2.8312945443039164,0.6729333557985523,55.704287351522744,55.708020528769374,55.421837948589165,55.362295309693586
2173.0,71.584,0.39544212008391416,-0.4315269921541316,0.6560788913232775,-0.21326637867295173,0.091787135230758,-0.3800486593643767,0.04587382503703614,0.288815284283248,0.1368121358600184,0.024731386973785043,-0.18182041254204687,0.11412865135845959,0.02219964537567169,0.6160593181233219,2.8376700970992403,0.6797578799160859,55.034436440105864,56.07334528460764,56.123679845447555,55.09489796733823
2174.0,71.616,0.39153443354688783,-0.42865687647616907,0.6435663105976734,-0.12211520428208637,0.08969111493633881,-0.39101814767516857,0.04380769899085743,0.2846789966050448,0.13740306200897753,0.02348882470391594,-0.09984198477217901,0.10415404020676355,0.019681599658226717,0.6091281999485233,2.8412342218355766,0.6836655664531124,54.781924898041844,56.30298329565087,56.87930450882698,55.37347501140072
2175.0,71.648,0.39052784867497414,-0.42583733332250123,0.6308051683307763,-0.03145577724730612,0.08811072355212958,-0.3987856958405806,0.04664064345880465,0.2927907190380598,0.13857365259565257,0.023571048767200883,-0.011436209577551011,0.09037812535725537,0.016594696654451183,0.6030288159547005,2.842001176409982,0.684672151325026,55.73270034205955,56.046779829241295,56.38412995658539,56.09795587785465
2176.0,71.68,0.3925288065036958,-0.4230832190684538,0.6178497382076534,0.06252993214753137,0.08606607043895326,-0.4048571913474534,0.052350614779283246,0.3033431181025827,0.1397903212549441,0.019985183626246066,0.08011562253316311,0.07548318381730093,0.013696502012024526,0.5976613580401364,2.8398691251585193,0.6826711934963043,56.523110518955754,56.13576499395321,56.02983613804167,56.4423363895011
2177.0,71.712,0.39767169279542486,-0.4204355234589022,0.6047415881923712,0.1607151966165503,0.08274048779849603,-0.409629687977614,0.05723130879252808,0.3106365346365615,0.14076795465778957,0.016597519445338695,0.16606371404963247,0.055418353400016676,0.011412944316011408,0.5929379950753201,2.8347124814966542,0.6775283072045752,57.13123108987696,55.53948993976647,55.836847009399165,57.44932646002697
2178.0,71.744,0.4060571500497709,-0.4179322899044006,0.5915254920720703,0.2620455391983423,0.07822604857818377,-0.41300300375945004,0.06422772609480214,0.3050075429125164,0.14105262724321205,0.01913853536980068,0.2337104975359112,0.03421287071613122,0.01040416969116707,0.5888953440275835,2.8264383923055036,0.6691428499502292,58.38874647470603,55.09238229217063,55.00131492945433,58.33261657470427
2179.0,71.776,0.41765781686715686,-0.4156542722398942,0.5782744398954531,0.3625208380433516,0.07118805201583332,-0.4140953805193316,0.07089793599833388,0.27353262774655224,0.13790332491928164,-0.027714342439825013,0.28231328216646184,0.015575384624067205,0.01454607469048228,0.5868797671140618,2.8150857870669705,0.6575421831328433,59.01409432905825,55.76889997355275,55.34980428523289,58.425956972217165
2180.0,71.808,0.43222041172723136,-0.41373092132873446,0.5652609586592932,0.455081089377176,0.060104715973722085,-0.40667128862986335,0.07320928261128783,0.2158729512862183,0.1336122122490983,-6.448509256837265e-05,0.3166335313778835,-0.0006432249139046303,0.020678392146252847,0.5865607219501114,2.8009152780112485,0.6429795882727688,58.80957255680501,56.84204782311441,56.22792087624691,58.11247410098221
2181.0,71.84,0.44918060802147664,-0.4122842810843615,0.5527484705049505,0.5300061341952234,0.04520750763666015,-0.3910152548232522,0.07076038733345077,0.1416646427565281,0.12917113576241968,0.03055373590147757,0.33977698927942,-0.0146970812293305,0.02743778494716256,0.5875187065163349,2.7844896929097014,0.6260193919785235,58.300849030140725,57.80069660006073,57.211974129073056,57.72459036297032
2182.0,71.872,0.46776533254690755,-0.4114051397648946,0.5409736971302173,0.5807726414197801,0.0274731662333427,-0.3679616679604532,0.06423543234465844,0.0626175309657983,0.12515376564654215,0.04199359240037551,0.355182304874329,-0.027274836579599355,0.03401732554140223,0.5893678993380228,2.7665704151587605,0.6074346674530926,57.77974845691457,58.480641464107215,58.059286250329514,57.39029831057277
2183.0,71.904,0.48711947781594694,-0.41114061657553563,0.5301054305882097,0.6048170396575476,0.00826634966746933,-0.3396333294377738,0.054712598126317395,-0.010715473211753961,0.12196500456446974,0.03676908551468579,0.3652404024070026,-0.039123691798219895,0.03981848826488643,0.5917869193090565,2.747993119986645,0.5880805221840533,57.24416842194186,58.9813935563489,58.79718903011584,57.047766284708
2184.0,71.936,0.5064298622275513,-0.41148928142215047,0.520206959879356,0.6034495128624334,-0.01089577645670987,-0.3093272096515763,0.043806753151031615,-0.0694437358509836,0.12027588725664876,0.037692936970260466,0.3712801436602565,-0.05094864117875764,0.04384702674588175,0.594504499217849,2.7295482484030207,0.5687701377724489,56.88901365651173,59.20006860115851,59.22488817722536,56.889216873476094
2185.0,71.968,0.5250380393321542,-0.4124101087430664,0.5112727452748149,0.581505534518906,-0.028775853778625602,-0.27919420639193776,0.03301289282374477,-0.10865608712606215,0.12008990897980637,0.0412762843419099,0.37435344876117155,-0.06315697836577897,0.046031804912186614,0.597315060387378,2.7118707710560424,0.550161960667846,56.744477256128796,59.14774724745657,59.35678310689918,56.93449103329029
2186.0,72.0,0.5425013776376025,-0.41383630357053974,0.503267371233503,0.5457293220453203,-0.044568588358547385,-0.2501679387910264,0.02381765713390999,-0.12757229047822594,0.12100467564937294,0.04517296421889155,0.37534268179129765,-0.0759081790196173,0.0468699790984463,0.6000883055395952,2.695380724181226,0.5326986223623976,56.7803279214519,58.907978024999665,59.259446581624104,57.125008418558124
2187.0,72.032,0.5586032920020052,-0.41569275801571554,0.4961576783395563,0.5031848238876389,-0.058014201411749906,-0.22217790293585696,0.01748764159566666,-0.1285555572244149,0.12253203443793881,0.047963797838398714,0.37508247585290483,-0.08928747967735975,0.04698931668681961,0.6027783592521628,2.6802742070611942,0.516596707997995,56.93934062446194,58.58811122532054,59.01930675313189,57.374434076879616
2188.0,72.06400000000001,0.5733270281728088,-0.41791305894622927,0.48992799795520164,0.4601167553374582,-0.06938440407853089,-0.19467751201101857,0.014779407634872743,-0.11568595371764094,0.12432638201083913,0.049161408161604615,0.3686649636892716,-0.1065694410042412,0.04683659169627,0.60497271156815,2.6665510208750693,0.5018729718271914,57.2548902064958,57.63351428699896,58.47644086715344,58.107116052511614
2189.0,72.096,0.5868141123569108,-0.42045134640336623,0.48455207424687696,0.4214713807532355,-0.07932148303553896,-0.1679976158851648,0.019193639698786905,-0.09968112643526825,0.1261648631243884,0.04861789030727463,0.3230966663202123,-0.11870175788437835,0.046709575489423644,0.6071387918478595,2.654059733018797,0.4883858876430893,60.27258728991057,55.67771448583466,55.37401064383159,59.97651670717891
2190.0,72.128,0.5992443362010051,-0.42333602061740044,0.48004979645494256,0.38844449512799006,-0.09014606918857901,-0.1406961809979657,0.030757441096741445,-0.0966608622282677,0.12765831648183704,0.04407500611448949,0.2370754106766759,-0.11891437585445289,0.047181062408794994,0.6101755749363545,2.6426206790529188,0.475955663798995,61.80743791927755,55.66546169601747,54.04069050228513,60.170242500367976
2191.0,72.16,0.610666666474985,-0.4266906054162919,0.4764291010658103,0.3569478210619104,-0.10483077496536926,-0.11314673091039476,0.04957255280674511,-0.12271978899235024,0.12774949312630862,0.03553275558324891,0.1515898426610603,-0.1225403443221124,0.04979879235456508,0.6139887483476635,2.632200495628222,0.46453333352501514,59.00381528249869,57.41778746226841,57.02645703816066,58.55542071130567
2192.0,72.19200000000001,0.6208239057885422,-0.4307575107368901,0.47367214130289303,0.3174137285485554,-0.12709079126865205,-0.08615499259113649,0.07018275008626877,-0.16716968611278704,0.1275071686309791,0.07565995663820618,0.058827609307755685,-0.13271597033395144,0.05317067899331254,0.6184619657840024,2.6230904116817175,0.45437609421145797,58.86246071874546,57.70778756047698,57.22158363552925,58.466213904377305
2193.0,72.224,0.6292617068344436,-0.4358255128707714,0.47173102025095137,0.2636812826844483,-0.1583750666838084,-0.06066003287318366,0.0878221249137234,-0.2219444253985338,0.12552934657829312,0.07465083934149032,-0.04342289115414218,-0.15072820945742862,0.059369934610513965,0.6234539747938327,2.615788425677837,0.44593829316555655,58.61060023740731,57.944138592401444,57.58224757892157,58.30983284285135
2194.0,72.256,0.6354135539376304,-0.4421602873995912,0.47049756397363307,0.1922452219746098,-0.1979617040256391,-0.038545508666201156,0.10333436242163985,-0.28246832212648276,0.12174441886854728,0.06648901832464284,-0.15324374650745434,-0.17667631273677428,0.06858191985772795,0.6287625104961552,2.6109072127669966,0.4397864460623697,58.20938026061497,58.27465790729277,58.07746914005603,58.0038198872459
2195.0,72.288,0.6386559089792224,-0.4500021536499948,0.4697999247535576,0.1013235950497606,-0.24505832032514002,-0.021801225627361323,0.11774712613726031,-0.34232899125704896,0.11705123798432199,0.06765084419647664,-0.26646183866770756,-0.21070071694387407,0.07960917861515904,0.6341272298696173,2.609119875101696,0.43654409102077774,57.65518658492046,58.75109306144205,58.675340157872384,57.531600343676075
2196.0,72.32000000000001,0.6383811396345289,-0.4595684882578596,0.469424041545231,-0.008586542021669133,-0.2989479564956759,-0.011746350260202312,0.13149100177434722,-0.3927558763619851,0.11284679040214873,0.07421276984731459,-0.3489763430816774,-0.23347682884116588,0.09053833089279545,0.6392994750749382,2.611086780823721,0.43681886036547124,56.47397572028572,62.323615139664696,59.869911251546725,53.954969587985815
2197.0,72.352,0.6340893016586406,-0.4710532935193486,0.4691590167426932,-0.1341199367465235,-0.3589001644215703,-0.008282025079305946,0.14335104752245997,-0.41773150428667544,0.11191110172886343,0.08030439545114916,-0.3561032778607456,-0.2226176565844633,0.09750802943218732,0.6440425654692982,2.617361423837409,0.4411106983413595,55.06740766551008,66.75784469902575,61.26560636149039,49.50635479205055
2198.0,72.384,0.6255448512090566,-0.4846119842224296,0.4688915228931283,-0.2670140765495317,-0.4237090844713286,-0.008359182798904857,0.15179321050506628,-0.40130236248156764,0.11760370619714974,0.0859257210079816,-0.35768003102595547,-0.22009498330730906,0.09584080862323253,0.6482511861701336,2.628226263292024,0.4496551487909436,56.58962838087559,60.769800273204616,59.70947573461948,55.48964349182946
2199.0,72.416,0.6129439770005533,-0.5003387895739798,0.46867168489449734,-0.3937773190157718,-0.4914626672359975,-0.006869937457218138,0.14925221637867536,-0.3498171735052571,0.1287942061614383,0.08044327337338619,-0.35553542198431215,-0.2235680707494932,0.08714723254588586,0.6520122719815991,2.643519659953292,0.4622560229994469,57.32532277926246,59.84439033194665,58.950899437071946,56.405016047697764
