step,time,x,y,z,vx,vy,vz,roll,pitch,yaw,yaw_rate,desired_vx_body,desired_vy_body,desired_yaw_rate,desired_altitude,goal_distance,signed_clearance,motor_m1,motor_m2,motor_m3,motor_m4
0.0,2.048,2.3536965528320397e-17,-0.11428571428571434,0.014980235460620729,0.0,0.0,0.0,0.0,0.0,0.0,1.8915818965587712e-17,0.0,0.0,0.0,0.49428571428571433,3.295245170914211,0.906771454728458,127.76122473128376,127.76122473128376,127.76122473128376,127.76122473128376
1.0,2.08,2.423664634702167e-17,-0.11428571428571434,0.014980269287273022,2.1865025584414762e-17,0.0,1.0570828841709344e-06,0.0,0.0,0.0,-2.1271569674591135e-17,0.0,0.0,0.0,0.49428571428571433,3.2952451636476487,0.9067714402517104,52.94642691238175,52.94642691238175,52.94642691238175,52.94642691238175
2.0,2.112,2.4620645745395425e-17,-0.11428571428571434,0.014980302343911206,1.1999981199179834e-17,0.0,1.0330199432407447e-06,0.0,0.0,0.0,-2.376274917612845e-17,0.0,0.0,0.0,0.49428571428571433,3.295245156546499,0.9067714261045057,53.023115568040765,53.023115568040765,53.023115568040765,53.023115568040765
3.0,2.144,2.5243810856548258e-17,-0.11428571428571434,0.014980337144079897,1.9473909723526006e-17,0.0,1.0875052715991751e-06,0.0,0.0,0.0,-2.547736480260522e-17,0.0,0.0,0.0,0.49428571428571433,3.2952451490708086,0.9067714112111254,53.09980380795511,53.09980380795511,53.09980380795511,53.09980380795511
4.0,2.176,2.5228767997877486e-17,-0.11428571428571434,0.014980375698565387,-4.700893334616195e-19,0.0,1.2048276715496606e-06,0.0,0.0,0.0,-3.480856596132069e-17,0.0,0.0,0.0,0.49428571428571433,3.2952451407886247,0.9067713947110161,53.176491689972195,53.176491689972195,53.176491689972195,53.176491689972195
5.0,2.208,2.552675285987807e-17,-0.11428571428571434,0.014980419615957424,9.312026937518203e-18,0.0,1.372418501164196e-06,0.0,0.0,0.0,1.2195374783329543e-17,0.0,0.0,0.0,0.49428571428571433,3.295245131354395,0.9067713759157523,53.253179259991285,53.253179259991285,53.253179259991285,53.253179259991285
6.0,2.24,2.5465176631413447e-17,-0.11428571428571434,0.014980470183096384,-1.924257139519438e-18,0.0,1.5802230925155375e-06,0.0,0.0,0.0,4.3098922239540997e-17,0.0,0.0,0.0,0.49428571428571433,3.295245120491683,0.9067713542746074,53.32986655435335,53.32986655435335,53.32986655435335,53.32986655435335
7.0,2.2720000000000002,2.5864836886227917e-17,-0.11428571428571434,0.014980528429429422,1.2489382962952169e-17,0.0,1.8201979074374316e-06,0.0,0.0,0.0,6.913120729157245e-17,0.0,0.0,0.0,0.49428571428571433,3.295245107979345,0.9067713293470112,53.40655360175296,53.40655360175296,53.40655360175296,53.40655360175296
8.0,2.3040000000000003,2.6120680011133888e-17,-0.11428571428571434,0.014980595178494158,7.995097653311594e-18,0.0,2.085908272985661e-06,0.0,0.0,0.0,-3.857055245396889e-17,0.0,0.0,0.0,0.49428571428571433,3.2952450936404727,0.9067713007805163,53.483240424767644,53.483240424767644,53.483240424767644,53.483240424767644
9.0,2.336,2.6246354238194708e-17,-0.11428571428571434,0.014980671089104596,3.927319595650674e-18,0.0,2.3722065761928656e-06,0.0,0.0,0.0,-8.8692836987086e-17,0.0,0.0,0.0,0.49428571428571433,3.2952450773335404,0.9067712682931723,53.55992704108147,53.55992704108147,53.55992704108147,53.55992704108147
10.0,2.368,2.6627543526831918e-17,-0.11428571428571434,0.014980756688299075,1.1912165269912807e-17,0.0,2.6749748274724666e-06,0.0,0.0,0.0,3.940753706912957e-19,0.0,0.0,0.0,0.49428571428571433,3.295245058945332,0.906771231659425,53.63661346446386,53.63661346446386,53.63661346446386,53.63661346446386
11.0,2.4,2.655874991252472e-17,-0.11428571428571434,0.01498085239769796,-2.1498004470999792e-18,0.0,2.9909187151694996e-06,0.0,0.0,0.0,-2.934909824134026e-17,0.0,0.0,0.0,0.49428571428571433,3.2952450383852776,0.9067711906988358,53.71329970555251,53.71329970555251,53.71329970555251,53.71329970555251
12.0,2.432,2.7352221619981796e-17,-0.11428571428571434,0.014980958554589315,2.4795990858033642e-17,0.0,3.3174028548060117e-06,0.0,0.0,0.0,4.336388104072762e-17,0.0,0.0,0.0,0.49428571428571433,3.2952450155809214,0.9067711452670582,53.78998577247989,53.78998577247989,53.78998577247989,53.78998577247989
13.0,2.464,2.771318668731267e-17,-0.11428571428571434,0.014981075428797001,1.1280158354089816e-17,0.0,3.652318990212535e-06,0.0,0.0,0.0,3.9453984741716157e-17,0.0,0.0,0.0,0.49428571428571433,3.2952449904743024,0.9067710952486183,53.866671671374235,53.866671671374235,53.866671671374235,53.866671671374235
14.0,2.496,2.8470994311929125e-17,-0.11428571428571434,0.014981203236174833,2.3681488269264202e-17,0.0,3.9939805572520235e-06,0.0,0.0,0.0,6.09758532866418e-17,0.0,0.0,0.0,0.49428571428571433,3.295244963019052,0.90677104055114,53.94335740676055,53.94335740676055,53.94335740676055,53.94335740676055
15.0,2.528,2.7671170927145594e-17,-0.11428571428571434,0.014981342149401642,-2.4994480774485343e-17,0.0,4.34103833776974e-06,0.0,0.0,0.0,2.5336398285680142e-17,0.0,0.0,0.0,0.49428571428571433,3.2952449331780773,0.9067709811007252,54.02004298188118,54.0200429818812,54.0200429818812,54.02004298188118
16.0,2.56,2.8128710291102436e-17,-0.11428571428571434,0.01498149230661713,1.4298105123651314e-17,0.0,4.692412984000009e-06,0.0,0.0,0.0,3.763210958748666e-17,0.0,0.0,0.0,0.49428571428571433,3.2952449009217046,0.9067709168382574,54.09672839895247,54.09672839895246,54.09672839895246,54.09672839895247
17.0,2.592,2.838470217673038e-17,-0.11428571428571434,0.014981653818330352,7.999746425873263e-18,0.0,5.047241038200023e-06,0.0,0.0,0.0,-3.907970469943135e-17,0.0,0.0,0.0,0.49428571428571433,3.2952448662261964,0.906770847716446,54.173413659369835,54.173413659369835,54.173413659369835,54.173413659369835
18.0,2.624,2.803104550503534e-17,-0.11428571428571434,0.014981826772946396,-1.1051770990470044e-17,0.0,5.4048317513709835e-06,0.0,0.0,0.0,3.029960805111168e-17,0.0,0.0,0.0,0.49428571428571433,3.2952448290725633,0.90677077369746,54.250098763872145,54.250098763872145,54.250098763872145,54.250098763872145
19.0,2.656,2.8074453843801175e-17,-0.11428571428571434,0.014982011241187606,1.3565105864323628e-18,0.0,5.76463253781217e-06,0.0,0.0,0.0,4.2297118489964383e-17,0.0,0.0,0.0,0.49428571428571433,3.2952447894456145,0.9067706947510363,54.326783712672935,54.326783712672935,54.326783712672935,54.326783712672935
20.0,2.688,2.813922670621233e-17,-0.11428571428571434,0.014982207279630476,2.0241519503485634e-18,0.0,6.126201339674923e-06,0.0,0.0,0.0,1.5920279070939026e-16,0.0,0.0,0.0,0.49428571428571433,3.2952447473331983,0.9067706108529665,54.40346850556547,54.40346850556547,54.40346850556547,54.40346850556547
21.0,2.72,2.8381485278997104e-17,-0.11428571428571434,0.01498241493353509,7.570580399524224e-18,0.0,6.489184519212985e-06,0.0,0.0,0.0,-1.4100001668549017e-16,0.0,0.0,0.0,0.49428571428571433,3.2952447027255936,0.9067705219838853,54.48015314200687,54.48015314200687,54.48015314200687,54.48015314200687
22.0,2.7520000000000002,2.963494093882001e-17,-0.11428571428571434,0.014982634239108637,3.917048936946574e-17,0.0,6.853299173330875e-06,0.0,0.0,0.0,-5.283848457202698e-17,0.0,0.0,0.0,0.49428571428571433,3.2952446556150257,0.906770428128302,54.55683762118532,54.55683762118532,54.55683762118532,54.55683762118532
23.0,2.7840000000000003,2.9369930988843404e-17,-0.11428571428571434,0.014982865225316161,-8.281560936768911e-18,0.0,7.218318985125007e-06,0.0,0.0,0.0,8.67355830267901e-17,0.0,0.0,0.0,0.49428571428571433,3.295244605995274,0.9067703292738256,54.63352194207384,54.633521942073855,54.633521942073855,54.63352194207384
24.0,2.816,2.856811528999278e-17,-0.11428571428571434,0.01498310791532913,-2.5056740589082407e-17,0.0,7.584062905246798e-06,0.0,0.0,0.0,-8.472345068095548e-17,0.0,0.0,0.0,0.49428571428571433,3.2952445538613624,0.9067702254105448,54.71020610347338,54.71020610347338,54.71020610347338,54.71020610347338
25.0,2.848,2.922208245940963e-17,-0.11428571428571434,0.014983362327684263,2.0436474044276594e-17,0.0,7.950386097946634e-06,0.0,0.0,0.0,-4.357404013809416e-17,0.0,0.0,0.0,0.49428571428571433,3.2952444992093124,0.9067701165305322,54.78689010404716,54.786890104047146,54.786890104047146,54.78689010404716
26.0,2.88,2.816684679774783e-17,-0.11428571428571434,0.014983628477210577,-3.297611442693119e-17,0.0,8.317172697303373e-06,0.0,0.0,0.0,-4.2413630917604566e-17,0.0,0.0,0.0,0.49428571428571433,3.295244442035941,0.9067700026274474,54.863573942348246,54.86357394234826,54.86357394234826,54.863573942348246
27.0,2.912,2.847244297921098e-17,-0.11428571428571434,0.014983906375770994,9.549880670723471e-18,0.0,8.684330013030038e-06,0.0,0.0,0.0,-1.6386498210434442e-17,0.0,0.0,0.0,0.49428571428571433,3.2952443823387028,0.9067698836962199,54.94025761684166,54.94025761684165,54.94025761684165,54.94025761684166
28.0,2.944,2.747264017063438e-17,-0.11428571428571434,0.014984196032855621,-3.124383776801871e-17,0.0,9.051783894588493e-06,0.0,0.0,0.0,6.476934117809362e-19,0.0,0.0,0.0,0.49428571428571433,3.295244320115561,0.9067697597327946,55.01694112592187,55.01694112592188,55.01694112592188,55.01694112592187
29.0,2.976,2.7148717358156915e-17,-0.11428571428571434,0.014984497456056357,-1.01225878899208e-17,0.0,9.419475023001054e-06,0.0,0.0,0.0,2.5024293142770123e-18,0.0,0.0,0.0,0.49428571428571433,3.295244255364888,0.9067696307339295,55.093624467926965,55.093624467926965,55.093624467926965,55.093624467926965
30.0,3.008,2.7150614646591656e-17,-0.11428571428571434,0.014984810651446573,5.929026358565527e-20,0.0,9.787355944256516e-06,0.0,0.0,0.0,2.5896800774075713e-17,0.0,0.0,0.0,0.49428571428571433,3.295244188085383,0.9067694966970321,55.17030764114993,55.17030764114993,55.17030764114993,55.17030764114993
31.0,3.04,2.7320921304026335e-17,-0.11428571428571434,0.014985135623884848,5.322083044833697e-18,0.0,1.015538869610001e-05,0.0,0.0,0.0,5.1215230503590744e-17,0.0,0.0,0.0,0.49428571428571433,3.2952441182760053,0.9067693576200306,55.24699064384768,55.24699064384768,55.24699064384768,55.24699064384768
32.0,3.072,2.7442379635937612e-17,-0.11428571428571434,0.01498547237725795,3.7955728722274274e-18,0.0,1.0523542909432374e-05,0.0,0.0,0.0,-1.0473604444815945e-17,0.0,0.0,0.0,0.49428571428571433,3.2952440459359225,0.9067692135012693,55.323673474248245,55.323673474248245,55.323673474248245,55.323673474248245
33.0,3.104,2.814371918358196e-17,-0.11428571428571434,0.014985820914675218,2.1916860863885847e-17,0.0,1.0891794289613958e-05,0.0,0.0,0.0,1.2325301035527443e-17,0.0,0.0,0.0,0.49428571428571433,3.2952439710644708,0.9067690643394255,55.40035613055654,55.40035613055654,55.40035613055654,55.40035613055654
34.0,3.136,2.8724231820952567e-17,-0.11428571428571434,0.01498618123862406,1.814101991783144e-17,0.0,1.1260123401290828e-05,0.0,0.0,0.0,-1.99723630077008e-17,0.0,0.0,0.0,0.49428571428571433,3.2952438936611186,0.9067689101334426,55.47703861095902,55.47703861095902,55.47703861095902,55.47703861095902
35.0,3.168,2.881933209718008e-17,-0.11428571428571434,0.014986553351094356,2.971883632109838e-18,0.0,1.1628514696786989e-05,0.0,0.0,0.0,4.879724928448161e-18,0.0,0.0,0.0,0.49428571428571433,3.2952438137254436,0.9067687508824778,55.55372091362739,55.55372091362739,55.55372091362739,55.55372091362739
36.0,3.2,2.876697644092327e-17,-0.11428571428571434,0.014986937253677972,-1.6361142580253359e-18,0.0,1.1996955737972489e-05,0.0,0.0,0.0,-1.2631174633790425e-17,0.0,0.0,0.0,0.49428571428571433,3.2952437312571066,0.9067685865858586,55.63040303672147,55.63040303672147,55.63040303672147,55.63040303672147
37.0,3.232,2.8390442838425523e-17,-0.11428571428571434,0.014987332947648367,-1.17666750780546e-17,0.0,1.236543657485294e-05,0.0,0.0,0.0,1.1461706573801764e-18,0.0,0.0,0.0,0.49428571428571433,3.295243646255838,0.9067684172430488,55.70708497839166,55.70708497839166,55.70708497839166,55.70708497839166
38.0,3.2640000000000002,2.9100544822172375e-17,-0.11428571428571434,0.014987740434024285,2.21906869920891e-17,0.0,1.2733949247432831e-05,0.0,0.0,0.0,-6.702856716137899e-18,0.0,0.0,0.0,0.49428571428571433,3.295243558721423,0.9067682428536219,55.78376673678082,55.78376673678082,55.78376673678082,55.78376673678082
39.0,3.2960000000000003,2.874508673747019e-17,-0.11428571428571434,0.0149881597136207,-1.1108065146943309e-17,0.0,1.3102487387975965e-05,0.0,0.0,0.0,-3.0636407700443544e-17,0.0,0.0,0.0,0.49428571428571433,3.295243468653691,0.9067680634172388,55.860448310025674,55.86044831002569,55.86044831002569,55.860448310025674
40.0,3.3280000000000003,2.862192392431874e-17,-0.11428571428571434,0.014988590787089579,-3.848837910982847e-18,0.0,1.3471045902466854e-05,0.0,0.0,0.0,-2.70864479364095e-18,0.0,0.0,0.0,0.49428571428571433,3.295243376052506,0.9067678789336302,55.937129696258204,55.937129696258204,55.937129696258204,55.937129696258204
41.0,3.36,2.853082070901514e-17,-0.11428571428571434,0.014989033654952478,-2.846975478237487e-18,0.0,1.3839620715606563e-05,0.0,0.0,0.0,-2.6770951325220124e-17,0.0,0.0,0.0,0.49428571428571433,3.2952432809177608,0.9067676894025831,56.01381089360643,56.01381089360643,56.01381089360643,56.01381089360643
42.0,3.392,2.8457938677942024e-17,-0.11428571428571434,0.014989488317626634,-2.2775634710348616e-18,0.0,1.4208208567361216e-05,0.0,0.0,0.0,-7.225819615777767e-17,0.0,0.0,0.0,0.49428571428571433,3.29524318324937,0.9067674948239293,56.09049190019532,56.09049190019532,56.09049190019532,56.09049190019532
43.0,3.424,2.8625627110426e-17,-0.11428571428571434,0.014989954775445827,5.2402635151241844e-18,0.0,1.4576806849791478e-05,0.0,0.0,0.0,3.6814258317436897e-17,0.0,0.0,0.0,0.49428571428571433,3.2952430830472665,0.9067672951975367,56.167172714147355,56.167172714147355,56.167172714147355,56.167172714147355
44.0,3.456,2.833260754902264e-17,-0.11428571428571434,0.014990433028677079,-9.156861293854901e-18,0.0,1.4945413476621133e-05,0.0,0.0,0.0,-3.9549347398532116e-17,0.0,0.0,0.0,0.49428571428571433,3.2952429803113974,0.9067670905233021,56.24385333358305,56.24385333358305,56.24385333358305,56.24385333358305
45.0,3.488,2.813847085016085e-17,-0.11428571428571434,0.014990923077533996,-6.066771839430968e-18,0.0,1.5314026778666723e-05,0.0,0.0,0.0,8.324790871696062e-18,0.0,0.0,0.0,0.49428571428571433,3.2952428750417226,0.9067668808011453,56.320533756621266,56.320533756621266,56.320533756621266,56.320533756621266
46.0,3.52,2.8155091012756856e-17,-0.11428571428571434,0.014991424922187463,5.193800811252111e-19,0.0,1.5682645420841694e-05,0.0,0.0,0.0,3.7035464837187315e-17,0.0,0.0,0.0,0.49428571428571433,3.29524276723821,0.9067666660310048,56.39721398137969,56.39721398137969,56.39721398137969,56.39721398137969
47.0,3.552,2.809723156767592e-17,-0.11428571428571434,0.014991938562774183,-1.808107658779198e-18,0.0,1.6051268334990064e-05,0.0,0.0,0.0,2.2465435586891782e-17,0.0,0.0,0.0,0.49428571428571433,3.295242656900835,0.9067664462128338,56.47389400597492,56.47389400597492,56.47389400597492,56.47389400597492
48.0,3.584,2.809565162776256e-17,-0.11428571428571434,0.014992463999403516,-4.937312229261482e-20,0.0,1.6419894666652103e-05,0.0,0.0,0.0,2.950940250513911e-17,0.0,0.0,0.0,0.49428571428571433,3.2952425440295796,0.9067662213465977,56.550573828522786,56.550573828522786,56.550573828522786,56.550573828522786
49.0,3.616,2.81037221949914e-17,-0.11428571428571434,0.01499300123216295,2.522052259012253e-19,0.0,1.678852373229255e-05,0.0,0.0,0.0,-1.606760360722496e-17,0.0,0.0,0.0,0.49428571428571433,3.2952424286244306,0.9067659914322712,56.62725344713842,56.62725344713842,56.62725344713842,56.62725344713842
50.0,3.648,2.82785400815927e-17,-0.11428571428571434,0.014993550261122469,5.4630589562907424e-18,0.0,1.715715498498562e-05,0.0,0.0,0.0,-1.7004052755577257e-17,0.0,0.0,0.0,0.49428571428571433,3.295242310685378,0.9067657564698375,56.7039328599365,56.7039328599365,56.7039328599365,56.7039328599365
51.0,3.68,2.839598675480963e-17,-0.11428571428571434,0.014994111086338063,3.670208538029059e-18,0.0,1.752578798730994e-05,0.0,0.0,0.0,-1.4959092513430656e-17,0.0,0.0,0.0,0.49428571428571433,3.295242190212416,0.9067655164592849,56.780612065031235,56.780612065031235,56.780612065031235,56.780612065031235
52.0,3.712,2.845596362077882e-17,-0.11428571428571434,0.01499468370785452,1.874277061537104e-18,0.0,1.789442238928506e-05,0.0,0.0,0.0,-8.955826318857898e-18,0.0,0.0,0.0,0.49428571428571433,3.2952420672055402,0.906765271400608,56.857291060536525,56.857291060536525,56.857291060536525,56.857291060536525
53.0,3.744,2.857553491154311e-17,-0.11428571428571434,0.014995268125707673,3.736602836384003e-18,0.0,1.8263057911024183e-05,0.0,0.0,0.0,3.215996172397993e-18,0.0,0.0,0.0,0.49428571428571433,3.295241941664749,0.9067650212938048,56.93396984456598,56.93396984456598,56.93396984456598,56.93396984456598
54.0,3.7760000000000002,2.871308999261476e-17,-0.11428571428571434,0.014995864339926182,4.298596283489108e-18,0.0,1.863169432842272e-05,0.0,0.0,0.0,-5.9165257321170874e-18,0.0,0.0,0.0,0.49428571428571433,3.2952418135900428,0.9067647661388767,57.010648415233035,57.010648415233035,57.010648415233035,57.010648415233035
55.0,3.8080000000000003,2.8793430729990373e-17,-0.11428571428571434,0.014996472350532981,2.510648042987958e-18,0.0,1.9000331462478895e-05,0.0,0.0,0.0,-2.7799584588415175e-18,0.0,0.0,0.0,0.49428571428571433,3.295241682981422,0.9067645059358282,57.08732677065092,57.08732677065092,57.08732677065092,57.08732677065092
56.0,3.84,2.886725099615415e-17,-0.11428571428571434,0.014997092157546413,2.306883317617964e-18,0.0,1.9368969169753025e-05,0.0,0.0,0.0,3.038395571355869e-19,0.0,0.0,0.0,0.49428571428571433,3.2952415498388885,0.9067642406846654,57.16400490893275,57.16400490893275,57.16400490893275,57.16400490893275
57.0,3.872,2.879927515159588e-17,-0.11428571428571434,0.01512581321767986,-2.1242451424457606e-18,0.0,0.004022533129170211,0.0,0.0,0.0,3.038395571355859e-19,0.0,0.0,0.0,0.49428571428571433,3.2952139013061665,0.9067091590633836,57.219367461702305,57.219367461702305,57.219367461702305,57.219367461702305
58.0,3.904,2.8606313198055936e-17,-0.11428571428571434,0.015736215358133323,-6.030061048123325e-18,0.0,0.019075066889170687,0.0,0.0,0.0,3.0383955713558524e-19,0.0,0.0,0.0,0.49428571428571433,3.295082855789096,0.9064481093248933,57.21456869132619,57.21456869132619,57.21456869132619,57.21456869132619
59.0,3.936,2.829724424518389e-17,-0.11428571428571434,0.01702780481195418,-9.658404777251349e-18,0.0,0.040362170431901795,0.0,0.0,0.0,3.0383955713558476e-19,0.0,0.0,0.0,0.49428571428571433,3.2948059237007383,0.9058965559619603,57.17157854459011,57.17157854459011,57.17157854459011,57.17157854459011
60.0,3.968,2.788889785811779e-17,-0.11428571428571434,0.018984467989675718,-1.2760824595815724e-17,0.0,0.06114572430379795,0.0,0.0,0.0,3.038395571355839e-19,0.0,0.0,0.0,0.49428571428571433,3.294387312207423,0.9050631141192658,57.12414234286079,57.12414234286079,57.12414234286079,57.12414234286079
61.0,4.0,2.7426043452093425e-17,-0.11428571428571434,0.02158843888493069,-1.446420018826138e-17,0.0,0.08137409047671779,0.0,0.0,0.0,3.0383955713558167e-19,0.0,0.0,0.0,0.49428571428571433,3.2938319349321743,0.9039579223475598,57.072592367107774,57.072592367107774,57.072592367107774,57.072592367107774
62.0,4.032,2.7008878804845368e-17,-0.11428571428571434,0.024820427503993974,-1.3036395226501746e-17,0.0,0.10099964434572756,0.0,0.0,0.0,3.0383955713557667e-19,0.0,0.0,0.0,0.49428571428571433,3.2931453469880703,0.9025925081141137,57.01725915745716,57.01725915745716,57.01725915745716,57.01725915745716
63.0,4.064,2.6823025279037717e-17,-0.11428571428571434,0.028659747547161323,-5.8079226814890896e-18,0.0,0.11997875134897953,0.0,0.0,0.0,3.0383955713556603e-19,0.0,0.0,0.0,0.49428571428571433,3.292333677509515,0.9009796487894974,56.958470576687404,56.958470576687404,56.958470576687404,56.958470576687404
64.0,4.096,2.716673448917221e-17,-0.11428571428571434,0.03308444290977127,1.0740912816702903e-17,0.0,0.13827173008156077,0.0,0.0,0.0,3.038395571355448e-19,0.0,0.0,0.0,0.49428571428571433,3.2914035604891803,0.8991332293886869,56.89655093281855,56.89655093281855,56.89655093281855,56.89655093281855
65.0,4.128,2.846570019480913e-17,-0.11428571428571434,0.03807141260276213,4.059267830115362e-17,0.0,0.15584280290596422,0.0,0.0,0.0,3.0383955713554316e-19,0.0,0.0,0.0,0.49428571428571433,3.290362064692606,0.8970680982698456,56.83182016003588,56.83182016003588,56.83182016003588,56.83182016003588
66.0,4.16,3.126029076742048e-17,-0.11428571428571434,0.043596533724513074,8.733095539410462e-17,0.0,0.17266003505471683,0.0,0.0,0.0,3.038395571353918e-19,0.0,0.0,0.0,0.49428571428571433,3.2892166233812263,0.8947999219253804,56.764593056964415,56.764593056964415,56.764593056964415,56.764593056964415
67.0,4.192,3.6204630811044974e-17,-0.11428571428571434,0.04963478214713096,1.5451062636326537e-16,0.0,0.18869526320680885,0.0,0.0,0.0,3.038395571354082e-19,0.0,0.0,0.0,0.49428571428571433,3.2879749645287943,0.8923450399368504,56.69517858111994,56.69517858111994,56.69517858111994,56.69517858111994
68.0,4.224,4.392878814667516e-17,-0.11428571428571434,0.05616035061112281,2.41379916738443e-16,0.0,0.20392401449974504,0.0,0.0,0.0,3.038395571353254e-19,0.0,0.0,0.0,0.49428571428571433,3.286645042166753,0.8897203211074631,56.623879198203284,56.623879198203284,56.623879198203284,56.623879198203284
69.0,4.256,5.464747451528499e-17,-0.11428571428571434,0.06314676395237412,3.3495894901905705e-16,0.0,0.2183254169141032,0.0,0.0,0.0,3.0383955713527117e-19,0.0,0.0,0.0,0.49428571428571433,3.2852349694417353,0.8869430217324614,56.550990284772304,56.550990284772304,56.550990284772304,56.550990284772304
70.0,4.288,6.801856643792775e-17,-0.11428571428571434,0.07056699121439641,4.178466225825858e-16,0.0,0.2318821019381965,0.0,0.0,0.0,3.0383955713512764e-19,0.0,0.0,0.0,0.49428571428571433,3.2837529539139028,0.8840306469177173,56.47679958272303,56.47679958272303,56.47679958272303,56.47679958272303
71.0,4.32,8.329732730252934e-17,-0.11428571428571434,0.07839355442679834,4.774612770187991e-16,0.0,0.24458010038755992,0.0,0.0,0.0,3.038395571353202e-19,0.0,0.0,0.0,0.49428571428571433,3.2822072355688756,0.8810008158091804,56.401586703929624,56.401586703929624,56.401586703929624,56.401586703929624
72.0,4.352,9.974008976022193e-17,-0.11428571428571434,0.08659863385778008,5.138363268028932e-16,0.0,0.25640873221817917,0.0,0.0,0.0,3.0383955713542413e-19,0.0,0.0,0.0,0.49428571428571433,3.2806060279592026,0.8778711315493095,56.325622683335176,56.325622683335176,56.325622683335176,56.325622683335176
73.0,4.384,1.1661753223273305e-16,-0.11428571428571432,0.09515416957407834,5.274200772659718e-16,4.336808689942014e-16,0.26736049113432037,0.0,0.0,0.0,3.038395571353832e-19,0.0,0.0,0.0,0.49428571428571433,3.278957462834272,0.8746590567299606,56.249169578745324,56.249169578745324,56.24916957874538,56.24916957874538
74.0,4.416,1.3308285794047152e-16,-0.11428571428571431,0.10403195916614497,5.145414283668268e-16,4.336808689942014e-16,0.2774309247520819,0.0,0.0,0.0,3.0383955713505686e-19,0.0,0.0,0.0,0.49428571428571433,3.277269538560776,0.8713817950632372,56.17248011555504,56.17248011555504,56.172480115555,56.172480115555
75.0,4.448,1.4828166977738595e-16,-0.11428571428571431,0.11320375151939048,4.749628699035757e-16,0.0,0.28661851103892205,0.0,0.0,0.0,3.0383955713584818e-19,0.0,0.0,0.0,0.49428571428571433,3.275550072579839,0.8680561799412996,56.09579737463099,56.09579737463099,56.09579737463093,56.09579737463093
76.0,4.48,1.614770980982488e-16,-0.11428571428571431,0.12264133653404384,4.1235713502696384e-16,0.0,0.29492453170791727,0.0,0.0,0.0,3.0383955713750106e-19,0.0,0.0,0.0,0.49428571428571433,3.2738066580921137,0.8646985705020838,56.0193545215797,56.0193545215797,56.01935452157974,56.01935452157974
77.0,4.5120000000000005,1.7190101306987118e-16,-0.11428571428571431,0.1323166307165653,3.257473428631988e-16,0.0,0.30235294320379524,0.0,0.0,0.0,3.0383955713595545e-19,0.0,0.0,0.0,0.49428571428571433,3.2720466251090343,0.8613247557593486,55.94337457564618,55.94337457564618,55.94337457564618,55.94337457564618
78.0,4.5440000000000005,1.7882814775407987e-16,-0.11428571428571431,0.14220175858460649,2.164729588815215e-16,0.0,0.30891024587628685,0.0,0.0,0.0,3.0383955713597163e-19,0.0,0.0,0.0,0.49428571428571433,3.2702770059572708,0.8579498672918007,55.86807021651549,55.86807021651549,55.86807021651549,55.86807021651549
79.0,4.5760000000000005,1.8147789210234727e-16,-0.11428571428571431,0.152269129845258,8.280451088335626e-17,0.0,0.3146053518953597,0.0,0.0,0.0,3.038395571357674e-19,0.0,0.0,0.0,0.49428571428571433,3.268504505274701,0.8545883009167701,55.79364362732409,55.79364362732409,55.79364362732409,55.79364362732409
80.0,4.6080000000000005,1.7904439102388776e-16,-0.11428571428571431,0.16249151232278616,-7.604690870185984e-17,0.0,0.31944945242275463,0.0,0.0,0.0,3.0383955713603148e-19,0.0,0.0,0.0,0.49428571428571433,3.266735474490142,0.8512536476988786,55.72028637222589,55.72028637222589,55.72028637222589,55.72028637222589
81.0,4.64,1.7078957852033798e-16,-0.11428571428571431,0.17284210062727282,-2.5796289073593763e-16,0.0,0.32345588451521656,0.0,0.0,0.0,3.0383955713605165e-19,0.0,0.0,0.0,0.49428571428571433,3.264975890735993,0.8479586345634784,55.64817930690406,55.648179306904076,55.648179306904076,55.64817930690406
82.0,4.672,1.5593887310168949e-16,-0.11428571428571431,0.18329458056957548,-4.640845443327649e-16,0.0,0.32663999819695805,0.0,0.0,0.0,3.038395571359194e-19,0.0,0.0,0.0,0.49428571428571433,3.2632313401030104,0.8447150746987979,55.577492520466905,55.57749252046692,55.57749252046692,55.577492520466905
83.0,4.704,1.3524328254925643e-16,-0.11428571428571431,0.19382318934086779,-6.467372047635325e-16,0.0,0.32901902410288414,0.0,0.0,0.0,3.038395571361822e-19,0.0,0.0,0.0,0.49428571428571433,3.261507005109942,0.8415338278404638,55.50838530721553,55.50838530721553,55.50838530721553,55.50838530721553
84.0,4.736,1.1104866904458028e-16,-0.11428571428571431,0.20440277148675287,-7.560816720211291e-16,0.0,0.33061194205890865,0.0,0.0,0.0,3.038395571363452e-19,0.0,0.0,0.0,0.49428571428571433,3.259807656227777,0.8384247704384449,55.441006166824394,55.441006166824394,55.441006166824394,55.441006166824394
85.0,4.768,8.570013916954752e-17,-0.11428571428571431,0.21500883071662136,-7.921415585947731e-16,0.0,0.3314393509333899,0.0,0.0,0.0,3.038395571363552e-19,0.0,0.0,0.0,0.49428571428571433,3.258137647269087,0.8353967756107723,55.37549283152437,55.37549283152437,55.37549283152437,55.37549283152437
86.0,4.8,6.156220731678254e-17,-0.11428571428571431,0.2256175775986058,-7.543103703989049e-16,0.0,0.3315233400620132,0.0,0.0,0.0,3.0383955713637237e-19,0.0,0.0,0.0,0.49428571428571433,3.256500914427426,0.8324577026921902,55.31197231893134,55.31197231893134,55.31197231893134,55.31197231893134
87.0,4.832,4.103791612275363e-17,-0.11428571428571431,0.23620597319922598,-6.413840998134027e-16,0.0,0.3308873625193807,0.0,0.0,0.0,3.0383955713687547e-19,0.0,0.0,0.0,0.49428571428571433,3.254900978730011,0.8296143960908897,55.25056100921214,55.25056100921213,55.25056100921213,55.25056100921214
88.0,4.864,2.658710223491221e-17,-0.1142857142857143,0.24675176873468346,-4.51587933995044e-16,4.336808689942014e-16,0.32955611048304595,0.0,0.0,0.0,3.0383955713748936e-19,0.0,0.0,0.0,0.49428571428571433,3.2533409516490046,0.8268726930744443,55.19136474532738,55.19136474532736,55.19136474532742,55.191364745327434
89.0,4.896,1.963863310025921e-17,-0.11428571428571428,0.2572335413078069,-2.17139660457906e-16,4.336808689942014e-16,0.32755539291010716,0.0,0.0,0.0,3.0383955714364997e-19,0.0,0.0,0.0,0.49428571428571433,3.2518235436025646,0.8242374400188606,55.134478955137354,55.13447895513734,55.1344789551373,55.13447895513731
90.0,4.928,2.047903353053294e-17,-0.11428571428571428,0.2676307258109341,2.6262513446054005e-17,0.0,0.32491201572272504,0.0,0.0,0.0,3.038395571382166e-19,0.0,0.0,0.0,0.49428571428571433,3.250351075066337,0.8217125165740589,55.07998879419896,55.07998879419895,55.07998879419889,55.079988794198904
91.0,4.96,2.8415564850158286e-17,-0.11428571428571428,0.2779236430805981,2.4801660373829183e-16,0.0,0.3216536646769988,0.0,0.0,0.0,4.443930494071949e-16,0.0,0.0,0.0,0.49428571428571433,3.2489254900092073,0.8193008671267381,55.027969308123716,55.027969308123716,55.02796930812376,55.02796930812376
92.0,4.992,4.184405221483092e-17,-0.11428571428571428,0.28809352439481895,4.196402301460195e-16,0.0,0.3178087910694017,0.0,0.0,0.0,4.443930494071974e-16,0.0,0.0,0.0,0.49428571428571433,3.247548371363638,0.8170045388789859,54.97848561340206,54.97848561340206,54.97848561340206,54.97848561340206
93.0,5.024,5.917679548980957e-17,-0.11428571428571428,0.29812253240814796,5.416482273430823e-16,0.0,0.3134065004165313,0.0,0.0,0.0,4.443930494071976e-16,0.0,0.0,0.0,0.49428571428571433,3.2462209582407393,0.814824725809338,54.93159309563353,54.93159309563353,54.93159309563353,54.93159309563353
94.0,5.056,7.878649925769782e-17,-0.11428571428571428,0.30799377862341243,6.128032427465073e-16,0.0,0.30847644422701453,0.0,0.0,0.0,4.443930494071971e-16,0.0,0.0,0.0,0.49428571428571433,3.2449441646030666,0.8127618177432685,54.88733762413444,54.88733762413444,54.88733762413444,54.88733762413444
95.0,5.088,9.901550522492988e-17,-0.11428571428571428,0.3176913375024238,6.321564364760013e-16,0.0,0.3030487149691047,0.0,0.0,0.0,4.443930494071973e-16,0.0,0.0,0.0,0.49428571428571433,3.243718599113817,0.8108154537328596,54.8457557819192,54.8457557819192,54.8457557819192,54.8457557819192
96.0,5.12,1.1822829735596407e-16,-0.11428571428571428,0.3272002573207788,6.003997540948177e-16,0.0,0.2971537443235935,0.0,0.0,0.0,4.443930494071972e-16,0.0,0.0,0.0,0.49428571428571433,3.2425445858893753,0.8089845789309675,54.8068751100776,54.8068751100776,54.8068751100776,54.8068751100776
97.0,5.152,1.3484444484529427e-16,-0.11428571428571428,0.3365065678743517,5.192546090415684e-16,0.0,0.29082220479915266,0.0,0.0,0.0,4.44393049407197e-16,0.0,0.0,0.0,0.49428571428571433,3.241422185892745,0.8072675041434785,54.77071436558989,54.77071436558989,54.77071436558989,54.77071436558989
98.0,5.184,1.4734533172547296e-16,-0.11428571428571427,0.3455972851471817,3.906527150055838e-16,4.336808689942014e-16,0.28408491477593745,0.0,0.0,0.0,4.443930494071969e-16,0.0,0.0,0.0,0.49428571428571433,3.2403512187180428,0.805661967253819,54.7372837916398,54.73728379163981,54.73728379163987,54.737283791639854
99.0,5.216,1.542719364080764e-16,-0.11428571428571425,0.35446041305224146,2.1645639633135708e-16,4.336808689942014e-16,0.27697274703311775,0.0,0.0,0.0,4.443930494071939e-16,0.0,0.0,0.0,0.49428571428571433,3.2393312845306688,0.8041651957360787,54.7065853995007,54.70658539950072,54.706585399500675,54.70658539950066
100.0,5.248,1.5539379329099078e-16,-0.11428571428571424,0.36308494235806477,3.505802759107458e-17,4.336808689942014e-16,0.26951654080697796,0.0,0.0,0.0,8.884822592572592e-16,0.0,0.0,0.0,0.49428571428571433,3.238361785943645,0.8027739695059022,54.67861326108158,54.67861326108158,54.67861326108158,54.67861326108158
101.0,5.28,1.5141044480341056e-16,-0.11428571428571423,0.3714608469154421,-1.244796402368819e-16,4.336808689942014e-16,0.2617470174180421,0.0,0.0,0.0,8.884822592572592e-16,0.0,0.0,0.0,0.49428571428571433,3.2374419496277786,0.8014846834005587,54.653353811231725,54.653353811231725,54.653353811231725,54.653353811231725
102.0,5.312,1.4293011973430045e-16,-0.11428571428571421,0.3795790772993899,-2.6501015840969084e-16,4.336808689942014e-16,0.2536946994983675,0.0,0.0,0.0,8.884822592572592e-16,0.0,0.0,0.0,0.49428571428571433,3.236570847471323,0.8002934086299476,54.630786158908435,54.630786158908435,54.630786158908435,54.630786158908435
103.0,5.344,1.3055859079201968e-16,-0.1142857142857142,0.3874315519823858,-3.866102794462736e-16,4.336808689942014e-16,0.24538983384362278,0.0,0.0,0.0,8.88482259257259e-16,0.0,0.0,0.0,0.49428571428571433,3.2357474171235685,0.799195952597263,54.61088240632073,54.61088240632073,54.61088240632073,54.61088240632073
104.0,5.376,1.1485262792423505e-16,-0.11428571428571419,0.39501114615546085,-4.908113396182693e-16,4.336808689942014e-16,0.23686231790859422,0.0,0.0,0.0,8.88482259257259e-16,0.0,0.0,0.0,0.49428571428571433,3.234970481775913,0.7981879165501407,54.593607975165966,54.593607975165966,54.593607975165966,54.593607975165966
105.0,5.408,9.636580192072646e-17,-0.11428571428571419,0.40231167831416154,-5.777133126096429e-16,0.0,0.22814162995939635,0.0,0.0,0.0,8.884822592572586e-16,0.0,0.0,0.0,0.49428571428571433,3.234238769053275,0.7972647505888006,54.57892193908042,54.57892193908042,54.57892193908037,54.57892193908037
106.0,5.44,7.568413196341896e-17,-0.11428571428571419,0.4093278947266638,-6.46302186165859e-16,0.0,0.21925676289069587,0.0,0.0,0.0,8.884822592572596e-16,0.0,0.0,0.0,0.49428571428571433,3.233550928907944,0.796421805625525,54.5667773614283,54.5667773614283,54.56677736142834,54.56677736142834
107.0,5.472,5.3928427610479016e-17,-0.1142857142857142,0.4160554519014393,-6.798657610293726e-16,-4.336808689942014e-16,0.21023616171173315,0.0,0.0,0.0,8.88482259257259e-16,0.0,0.0,0.0,0.49428571428571433,3.2329055504269597,0.7956543819583861,54.55712163755689,54.55712163755689,54.55712163755683,54.55712163755683
108.0,5.5040000000000004,3.224457885442674e-17,-0.11428571428571421,0.42249089717185695,-6.77620273626633e-16,-4.336808689942014e-16,0.20110766470055208,0.0,0.0,0.0,8.884822592572588e-16,0.0,0.0,0.0,0.49428571428571433,3.2323011774825745,0.7949577741901561,54.54989684064679,54.54989684064679,54.54989684064683,54.54989684064683
109.0,5.5360000000000005,1.181301702693825e-17,-0.11428571428571424,0.42863164751495625,-6.384863071090147e-16,-8.673617379884028e-16,0.19189844822185292,0.0,0.0,0.0,8.884822592572594e-16,0.0,0.0,0.0,0.49428571428571433,3.2317363231732754,0.7943273122897172,54.545040070292664,54.545040070292664,54.54504007029261,54.54504007029261
110.0,5.5680000000000005,-6.301856041913957e-18,-0.11428571428571427,0.4344759667213525,-5.66089783401631e-16,-8.673617379884028e-16,0.18263497519988345,0.0,0.0,0.0,8.884822592572573e-16,0.0,0.0,0.0,0.49428571428571433,3.231209483019884,0.7937583986569909,54.542483802948794,54.542483802948794,54.54248380294884,54.54248380294884
111.0,5.6000000000000005,-2.0963390675602428e-17,-0.1142857142857143,0.4400229410328381,-4.581729573027643e-16,-8.673617379884028e-16,0.17334294723392477,0.0,0.0,0.0,8.884822592572594e-16,0.0,0.0,0.0,0.49428571428571433,3.230719146897445,0.7932465411126663,54.54215624338421,54.54215624338421,54.54215624338421,54.54215624338421
112.0,5.632,-3.101178298430044e-17,-0.11428571428571432,0.4452724533637221,-3.140122596468214e-16,-8.673617379884268e-16,0.16404726034012937,0.0,0.0,0.0,8.884822592572594e-16,0.0,0.0,0.0,0.49428571428571433,3.2302638096987257,0.7927873817901243,54.54398167629187,54.54398167629187,54.54398167629187,54.54398167629187
113.0,5.664,-3.5255387482921344e-17,-0.11428571428571435,0.4502251562213074,-1.3261264058190304e-16,-8.673617379884028e-16,0.15477196429953913,0.0,0.0,0.0,8.8848225925726e-16,0.0,0.0,0.0,0.49428571428571433,3.2298419807391765,0.7923767219584741,54.54788081720928,54.54788081720927,54.54788081720927,54.54788081720928
114.0,5.696,-3.245666117572755e-17,-0.11428571428571438,0.45488244344013434,8.746019709980602e-17,-8.673617379884028e-16,0.14554022558834256,0.0,0.0,0.0,8.8848225925726e-16,0.0,0.0,0.0,0.49428571428571433,3.229452191926024,0.7920105428521413,54.55377116191229,54.55377116191227,54.55377116191227,54.55377116191229
115.0,5.728,-2.2570836750851696e-17,-0.1142857142857144,0.4592464208437228,3.089320132773701e-16,-4.336808689942014e-16,0.13637429386213923,0.0,0.0,0.0,8.8848225925726e-16,0.0,0.0,0.0,0.49428571428571433,3.2290930047257236,0.7916850226238279,54.5615673334581,54.5615673334581,54.56156733345816,54.56156733345816
116.0,5.76,-6.3687995232375826e-18,-0.11428571428571441,0.46331987594651347,5.063136633629406e-16,-4.336808689942014e-16,0.12729547196220828,0.0,0.0,0.0,8.884822592572644e-16,0.0,0.0,0.0,0.49428571428571433,3.2287630159743226,0.7913965495737558,54.57118142606417,54.57118142606417,54.57118142606413,54.57118142606413
117.0,5.792,1.544161011692761e-17,-0.11428571428571442,0.46710624680754437,6.815753012551617e-16,-4.336808689942014e-16,0.11832408940721541,0.0,0.0,0.0,8.88482259257261e-16,0.0,0.0,0.0,0.49428571428571433,3.2284608625842655,0.791141731838956,54.582523345025315,54.582523345025315,54.582523345025315,54.582523345025315
118.0,5.824,4.214691333812107e-17,-0.11428571428571443,0.4706095901460898,8.345407256622949e-16,-4.336808689942014e-16,0.10947947932954384,0.0,0.0,0.0,8.88482259257261e-16,0.0,0.0,0.0,0.49428571428571433,3.228185225208876,0.7909174037520905,54.59550114189056,54.59550114189056,54.59550114189056,54.59550114189056
119.0,5.856,7.316695610281238e-17,-0.11428571428571445,0.4738345488280355,9.693763363966026e-16,-4.336808689942014e-16,0.10077995881080373,0.0,0.0,0.0,8.88482259257261e-16,0.0,0.0,0.0,0.49428571428571433,3.2279348309321785,0.7907206291000368,54.61002134413803,54.61002134413803,54.61002134413803,54.61002134413803
120.0,5.888,1.0806338547501526e-16,-0.11428571428571446,0.476786318830161,1.0905134178813391e-15,-4.336808689942014e-16,0.09224281256642138,0.0,0.0,0.0,8.88482259257261e-16,0.0,0.0,0.0,0.49428571428571433,3.2277084550568507,0.7905487015284984,54.62598927861158,54.62598927861158,54.62598927861158,54.62598927861158
121.0,5.92,1.464168190305541e-16,-0.11428571428571448,0.47947061578773925,1.1985447986105874e-15,-4.336808689942014e-16,0.08388427992432085,0.0,0.0,0.0,8.88482259257261e-16,0.0,0.0,0.0,0.49428571428571433,3.2275049220670557,0.7903991423504912,54.643309388005974,54.643309388005974,54.643309388005974,54.643309388005974
122.0,5.952,1.878398434638602e-16,-0.1142857142857145,0.4818936412289473,1.2944695135408146e-15,-8.673617379884028e-16,0.07571954503775111,0.0,0.0,0.0,8.884822592572608e-16,0.0,0.0,0.0,0.49428571428571433,3.22732310584563,0.7902696960239983,54.661885539715854,54.661885539715854,54.6618855397158,54.6618855397158
123.0,5.984,2.3199445731958917e-16,-0.11428571428571453,0.48406204859749985,1.3798316829915292e-15,-8.673617379884028e-16,0.06776273026726747,0.0,0.0,0.0,8.884822592572586e-16,0.0,0.0,0.0,0.49428571428571433,3.2271619292267677,0.7901583235677241,54.68162132639281,54.68162132639281,54.68162132639285,54.68162132639285
124.0,6.016,2.785789058785597e-16,-0.11428571428571456,0.4859829091626739,1.4557640174678276e-15,-8.673617379884028e-16,0.060026892661688785,0.0,0.0,0.0,8.884822592572602e-16,0.049045593867312,0.029133101588813035,0.7503948746561225,0.5242608824755078,3.22702036296589,0.7900631941840603,60.440982970708305,61.47769322139608,60.44098297070835,56.40269322139608
125.0,6.048,3.273277613090048e-16,-0.11428571428571459,0.4880032698379331,1.5234017322014086e-15,-8.673617379884028e-16,0.06313627110184934,0.0,0.0,0.0,8.884822592572614e-16,0.04922230155003023,0.030382903283554346,0.774218618197364,0.5507693412750563,3.226872690714693,0.7899667152339018,60.086705110588625,57.08450891385223,60.238314954402995,60.14363667834992
126.0,6.08,3.778077383827728e-16,-0.11428571428571462,0.4904762173345011,1.5774992835552482e-15,-8.673617379884028e-16,0.07727960926775031,0.0,0.0,0.0,8.884822592572626e-16,0.050025323160620985,0.036083276841443336,0.8748303726009561,0.57468951843461,3.226693650620542,0.7898536182889571,60.257590824562165,58.69172917799816,59.77427420469103,57.84081436085122
127.0,6.112,4.294432266404993e-16,-0.11428571428571464,0.49376087816136155,1.6136090080539517e-15,-8.673617379884028e-16,0.1026456508393894,0.0,0.0,0.0,8.884822592572636e-16,0.05146537994388043,0.046300575991899476,1.025666572321845,0.5968023404669061,3.2264587582837194,0.7897119019673526,60.2443538828025,58.44999670580036,59.62892800031085,57.42328517731299
128.0,6.144,4.812130993470118e-16,-0.1142857142857147,0.4981112330903834,1.6178085220785148e-15,-1.7347234759768055e-15,0.135948591531933,-0.0043045045442177575,0.004327498366410115,0.005327579109536965,0.16677830231205507,0.05367493378886885,0.059406021095978756,1.1704505609188371,0.6176573178677426,3.2261527775920733,0.7895391465706827,60.020249176379025,58.23351458012506,59.495274049042834,57.2820086452968
129.0,6.176,4.848003657485461e-05,-0.11423697482349308,0.5036787071945519,0.0015150011429491672,0.001523108194425442,0.17398356575526447,-0.012445173677896494,0.012790223487957468,0.02647029137367967,0.6629134495526503,0.05892230522519032,0.07481139118561168,1.2,0.6375559328964453,3.225716434873641,0.7893019911605346,59.19699208608782,58.420553443615745,59.04295478741891,57.671047228101585
130.0,6.208,0.0002370418995206069,-0.11404451000855345,0.5104459644619808,0.005892558217054754,0.006014525466863525,0.2114767896071524,-0.02415376321566909,0.023999897891640937,0.057372438512220195,0.971887380898877,0.06839591180500758,0.09163009271149672,1.2,0.6565121482303133,3.2250561511558513,0.7889423123316317,58.61112583129896,58.42840369046624,58.63196137649524,57.90223304092346
131.0,6.24,0.0006777476653941263,-0.1135672627868698,0.5183347987864347,0.01377205518354747,0.014913975677614287,0.2465260726391865,-0.037745869873963826,0.03773708253288967,0.09226051379908845,1.1026612131429292,0.08244847533044902,0.11012602393226235,1.2,0.6744395586537641,3.2240581799390537,0.7883932234984277,58.29605115189511,58.296844961520286,58.26421907172274,57.87407011466927
132.0,6.272,0.0014963227869424518,-0.11263465602117535,0.52725525160022,0.025580472548385146,0.029143961427951254,0.2787641504307899,-0.05302426788302509,0.05329588865008156,0.1286865943646512,1.1582259269264907,0.10129920575510239,0.13040602055904543,1.2,0.6912420536671281,3.222593282617549,0.7875806162514516,58.00408961725249,58.01469447540474,57.981250955883056,57.80354980543676
133.0,6.304,0.0028206044149802533,-0.11104851382826693,0.5371037172935135,0.04138380087618126,0.04956694352838821,0.3077645529154201,-0.0690755340693491,0.06976641735137899,0.16563720129960152,1.1819967305989854,0.12481664925306268,0.15237643103822954,1.2,0.7068241571585822,3.220528237407272,0.7864338953964289,57.70602502132842,57.634762063017696,57.72938086573901,57.72863074644568
134.0,6.336,0.004769025129700595,-0.1085946193481265,0.5477635599642378,0.060888147335010634,0.07668420250438823,0.3331200834601336,-0.0844417969372713,0.08600227569888894,0.20275715336356823,1.1922033068092301,0.15349505941891922,0.17551629667234714,1.1931220355744088,0.7211033856505463,3.2177382878989045,0.7848956514857153,57.36506310368848,57.3026758460769,57.503326419963976,57.56203876251484
135.0,6.368,0.007440048562924356,-0.10506147300662644,0.5591084698743418,0.08346948228824244,0.11041082317187693,0.3545284346907516,-0.09796745662214351,0.10172524103117057,0.23980095676251437,1.192692428969783,0.18893570227308631,0.1984971871932746,1.1341011203681888,0.7340119894695863,3.2141194104200492,0.7829298202897659,56.84400606733172,57.07682307596859,57.35020266344142,57.35175088921092
136.0,6.4,0.010913284005388626,-0.10025430141268098,0.5710062484819315,0.10853860757700834,0.15022411231079552,0.3718055814871769,-0.10816447913336699,0.11822037787467221,0.2756195570293369,1.1598831111642636,0.21624971810783492,0.21047130428074168,1.0806005822159883,0.744942720695686,3.2095886242562974,0.7805194253941701,56.6746012197684,55.09276840962651,56.72368714053186,58.62265006646685
137.0,6.432,0.01527380451448965,-0.0940033673811106,0.5833550237635284,0.1362662659094069,0.1953416884865739,0.38589922754990424,-0.10945730080658635,0.12514222122972288,0.3076970757619914,1.0127084846535317,0.23619966712368828,0.21464285949231562,1.0326680797580239,0.7537591559579976,3.2040593440863487,0.7776438537731487,56.554262504221995,54.49796640412822,56.22473867678927,58.201196396465065
138.0,6.464,0.020526513985347654,-0.08626801138671406,0.5959911816416782,0.16414717096431244,0.241729874824892,0.39487993369217955,-0.09982600525089344,0.11771991700514221,0.3385161801743315,0.926632829923101,0.2540170894033442,0.21582007590095564,0.9859894248840082,0.7607832920888943,3.1975413200361382,0.7743438305116432,56.066574873549264,55.069117096215585,56.081812807582985,56.84184420507302
139.0,6.496,0.02657526883469579,-0.07716200663687003,0.6087795630782639,0.1890235890421291,0.2845626484326254,0.3996369198933019,-0.08142205838674282,0.10118198227840838,0.36916200333592325,0.9014035054475407,0.26930066877859415,0.21366782038767868,0.9389999038737585,0.7663665385503186,3.190158483834942,0.7707352316444245,55.75328802629836,55.3302753392096,55.76005651069098,56.03268360407487
140.0,6.5280000000000005,0.03328214161232225,-0.06691218706543356,0.6216330239952927,0.20958977430082665,0.3203068616073896,0.40167065365715215,-0.05932671604339024,0.08052670964223788,0.39920394521118463,0.8873959115314739,0.2822575587159394,0.20857926934510687,0.8909643155954617,0.7708350722161573,3.182084047284206,0.7669532429904875,55.50419159765249,55.19562353385834,55.45245797476029,55.746752422298485
141.0,6.5600000000000005,0.04050269415629579,-0.05579672495084076,0.6344749916083371,0.22564226699917286,0.34735819108102467,0.4013114879076355,-0.03540019069549212,0.057199776924674955,0.42885904723363805,0.8891569262257899,0.293518834321977,0.2010980152147427,0.8409449543138962,0.7744509955613715,3.173499626127386,0.763121136593796,55.44505310328067,55.280070599664555,55.005458085388696,55.3632884766524
142.0,6.5920000000000005,0.04809607841017038,-0.04412118110625276,0.647260109758765,0.23729325793358072,0.3648607451433747,0.39953494220087254,-0.013134955634630418,0.03157008507245089,0.4571298288956691,0.8630749290442106,0.3031725580292449,0.191898472261977,0.79003186442451,0.7774289571937912,3.1645812521911094,0.7593422012728903,55.33580056037937,55.26050217862273,54.72896176551278,55.09643240574823
143.0,6.6240000000000006,0.05591359000173106,-0.03218974259932139,0.6599445074076067,0.2442972372362711,0.3728574533416049,0.39638742652630155,0.00583815555544719,0.004048637545715729,0.4835883720449759,0.8237166060051303,0.31128723513356876,0.18164380560397592,0.7395041557249037,0.7799377234757893,3.1555084759235483,0.7557116393882137,54.947019099453485,55.477811389973425,54.8151412666615,54.621198777262464
144.0,6.656000000000001,0.06379346068537692,-0.020290838582652636,0.6724833598675279,0.24624595886393288,0.37184075052089827,0.39183913937253895,0.020762096807883688,-0.020619389801877108,0.508148241874391,0.777773872197202,0.31787276349587,0.17084512510687433,0.690434673137529,0.7821125676631465,3.146468083941987,0.7523228117895475,54.63823331963408,55.59243402852874,54.886606946927714,54.281763034271734
145.0,6.688,0.07159537016143855,-0.008669634265881285,0.6848315460919102,0.2438096711269325,0.3631626348991145,0.3858808195119564,0.031445383789764005,-0.03905584526032916,0.5310318862054051,0.7296634560534185,0.323135239050572,0.15972609649994104,0.6427093194797961,0.7840559313537113,3.137617694350425,0.749240724421951,54.47330590236617,55.54392289503118,54.86320538513335,54.140404938762835
146.0,6.72,0.07922307917989597,0.002491020783601647,0.6969471223934852,0.23836590682679437,0.3487704702963413,0.37861175942421854,0.0381419154463549,-0.050302099830524624,0.5524894810128795,0.6817421527820381,0.3273487226635461,0.14836908205974708,0.595768549435787,0.7858396565455185,3.1290625224608966,0.74648883476171,54.37913124370864,55.41667804086897,54.803953268994505,54.11030088521919
147.0,6.752,0.08662783606195894,0.013075325678781564,0.7087949688875186,0.23139865256446737,0.33075952797437214,0.37024520293854235,0.041410688230474495,-0.05459589981660674,0.5726686407180838,0.6345935167322302,0.3307645214940626,0.13683542294448853,0.5491581881580209,0.7875094233346782,3.120852855596193,0.7440529670281189,54.32894240898643,55.249982995858765,54.72489924861588,54.145599976040366
148.0,6.784,0.09380398313317982,0.023030809907797392,0.7203481209152179,0.22425459597565242,0.3111088821567443,0.3610360008656045,0.04195982684038635,-0.052852775822146106,0.5916028041084892,0.588073561164071,0.33361887084352776,0.1252070286605504,0.5026466299328913,0.7890881614488282,3.112990031514883,0.7418905105401254,54.30650658737379,55.06793093651281,54.633505959403166,54.21378933518888
149.0,6.816,0.10078099630718224,0.032359615413791024,0.7315867323143233,0.21803166168757523,0.2915251720623007,0.35120660622204075,0.040519563205786244,-0.04634242959575242,0.6092473908193093,0.5418764066739025,0.33615142597545333,0.11359739696406994,0.4562410922187308,0.7905785644439473,3.1054361552293104,0.7399404662306874,54.29964134897187,54.88671666900428,54.53455687129732,54.290022809085606
150.0,6.848,0.10761415263595224,0.04110721458881243,0.7424955561657467,0.21353613527406246,0.2733624742194188,0.34090074535698234,0.03774596826610253,-0.0364566492940565,0.625525893665249,0.495809555400562,0.3386096107525486,0.10214906713271574,0.4101861542504949,0.7919656288936521,3.0981250342390734,0.738132414631572,54.2987187118345,54.71636512157661,54.4316638834921,54.35651107835026
151.0,6.88,0.11437512058847155,0.049350407502885926,0.7530610086007095,0.21128024851622812,0.25759977856479643,0.3301703885925861,0.034162894082790905,-0.024545538626766006,0.6403670874808131,0.4499089333437679,0.34123270198174915,0.09102475681413635,0.3649558430970862,0.793220083303899,3.090972879910485,0.736393750797754,54.29646951813963,54.561439642810086,54.327747572717826,54.40258980903411
152.0,6.912,0.1211432538671075,0.05718592513794032,0.7632686619753382,0.21150416495737348,0.24485992609544951,0.3189891679571466,0.03014416283069657,-0.01181599330649483,0.6537278487365482,0.4044658015010229,0.3442208322596345,0.08039478309188292,0.3212201073517448,0.7943030986871995,3.083887959195764,0.7346551895083453,54.28809505678575,54.422155991324885,54.225212596621375,54.424134438679346
153.0,6.944,0.1279980253343017,0.06472044725838139,0.7731016447029154,0.21421160834981887,0.2354538162637832,0.3072807102367893,0.02592892338283475,0.0007146879035664027,0.6656035705425608,0.3599997982291576,0.34770146283429487,0.07042203225291685,0.2797658383258415,0.7951720611374239,3.0767788003678342,0.7328548139935054,54.271067318343405,54.29620521127257,54.126238966884905,54.42203691356901
154.0,6.976,0.1350127865189336,0.07206236198563654,0.7825400762839351,0.21921128701974585,0.22943483522672323,0.29495098690686367,0.021657436040725904,0.012225188264660186,0.6760304245353408,0.3171914664400516,0.35170738279101604,0.06124613670714024,0.24137481732287355,0.7957867011930363,3.0695608414345554,0.7309409837566896,54.244476456561515,54.18089621954077,54.033249024684864,54.400095858174325
155.0,7.008,0.14224987702992906,0.07931523022603502,0.7915614200870569,0.22615907846860822,0.22665213251245256,0.2819169938475562,0.017413720827978384,0.022077802157481296,0.6850828030591752,0.2767827245670372,0.35617554392231143,0.052969080975339894,0.20668785533400091,0.7961146623164487,3.0621615739502857,0.7288743392345751,54.20824174465818,54.074902981998676,53.949269444556265,54.362987684147924
156.0,7.04,0.14975704856324884,0.08657273209875795,0.8001415023342066,0.23459911041624304,0.2267969335225911,0.2681275702234272,0.013264060933843993,0.029806833540669233,0.6928675283730931,0.23946110001878304,0.36096768531502427,0.045644615884707196,0.1760963658825151,0.7961356461691539,3.0545242779865576,0.7266290125262873,54.16262123999743,53.97904410652003,53.87785021669415,54.31488628671661
157.0,7.072,0.15756519020847318,0.0939148605665347,0.8082558943184195,0.2440044264132603,0.22944151461802328,0.2535747495066539,0.00928425271108259,0.03511794937018641,0.6995153612478582,0.20575291470635396,0.3659056951169033,0.039273599450169505,0.14969252316110904,0.7958435286225124,3.0466103967998936,0.7241930283046147,54.10823390646977,53.89596431223337,53.822428107635965,54.258939268053346
158.0,7.104,0.1656873893572036,0.10140522399097879,0.8158813565678081,0.2538187233978252,0.23407385701387765,0.23829569529339503,0.005572333069451363,0.0378967269044071,0.7051703329666329,0.17595117757930273,0.37081019851110186,0.03380650772374244,0.12728514590671658,0.7952462407573505,3.038400527749722,0.7215678050288932,54.04645974072653,53.82902516450807,53.78535757136912,54.19745627427794
159.0,7.136,0.1741193716115251,0.10908943511512939,0.8229970865300158,0.26349944544754705,0.24013159762970612,0.22236656131898924,0.0022469252410049004,0.03821595271039014,0.7099780471535098,0.15009265791158538,0.37553137801004927,0.029152713195159885,0.1084652518189644,0.7943636760760683,3.0298939803788065,0.7187666778468615,53.979842990516254,53.78095743124006,53.76706532323072,54.1324605068774
160.0,7.168,0.1828412962745573,0.11699462765525637,0.829585592833397,0.2725601457197562,0.2470372668789678,0.20589082198066067,-0.000565629216199146,0.03632942032518563,0.7140747120921995,0.12798175359631508,0.3799657169704527,0.02519423078544636,0.09269353972227665,0.7932242804968236,3.0211069143615585,0.7158124665074861,53.91213642001866,53.75282674747583,53.76575435833528,54.06621688637427
161.0,7.2,0.19182074951019076,0.12513012305878865,0.8356331277298169,0.28060791361354526,0.25423423136038364,0.18898546551312356,-0.0027499525655483147,0.03264491986785929,0.7175787608708092,0.10924575258411447,0.38405844252886306,0.021800507961922483,0.07938373634960445,0.7918611612354071,3.012069210613792,0.7127342716794953,53.84786997041272,53.74364531200399,53.77779300478201,54.00146572812878
162.0,7.232,0.20101662207388785,0.13348918178144237,0.8411297175194777,0.2873710176155336,0.26122058508292845,0.1717684309269009,-0.004220095254263342,0.027677334471670076,0.7205863141465094,0.09340210748027461,0.38779585496731067,0.018841110499736496,0.06796573207602347,0.7903084691143035,3.002820397001626,0.7095638405727089,53.791615873861346,53.750640359492664,53.798578772498985,53.941299788484685
163.0,7.264,0.2103834404331699,0.14205165614906076,0.8460689067941842,0.2927130737275637,0.2675773239880746,0.15434966483457768,-0.004933000551286081,0.021989688222156717,0.7231706594964242,0.07992199248728313,0.39119304733279553,0.01619452013084463,0.05792380483132615,0.7885985499718304,2.9934050816801774,0.7063319369726515,53.74725216134593,53.76993793093056,53.823500394729486,53.8888073757687
164.0,7.296,0.21987567758149587,0.15078726051170557,0.850447358069412,0.29663241088518655,0.2729876363326501,0.1368266023508666,-0.004894587498757135,0.01613281403716971,0.7253848490281591,0.06828098537253827,0.39428140551599244,0.013752856224069548,0.04881334890463775,0.7867600644721863,2.9838683980512624,0.7030651496219347,53.717457237118566,53.79734854760352,53.84869139010557,53.84667062549222
165.0,7.328,0.22945160868809655,0.15965911919783082,0.854264427948998,0.29924784708127106,0.2772455839414138,0.11928343373706479,-0.004158430236956493,0.01059309327127582,0.7272659000692216,0.0579936293611074,0.39709830116530076,0.011423460088213488,0.04026316554020046,0.7848170462541019,2.974251927138008,0.6997834828168936,53.70351274212318,53.829024723283695,53.871450517924615,53.816860392047715
166.0,7.36,0.23907637676553442,0.16862725228741893,0.8575217949907434,0.3007740024199331,0.280254159049628,0.10179272005454353,-0.0028185550690825226,0.005754321791629243,0.7288390849297914,0.04863274970195038,0.39967973302469895,0.009128715298125284,0.031970547194950225,0.7827887404628154,2.9645904566115955,0.6964989281843259,53.70537131897247,53.86189442288813,53.89035519979315,53.80048090590549
167.0,7.392,0.2487240643894077,0.17765170504520353,0.8602231668228936,0.30149023824603954,0.2820141486807685,0.08441786975469164,-0.0009985214195522185,0.0018760989159828376,0.7301212743105063,0.03983684636493134,0.4020557382548398,0.006805355489136855,0.023694694663765347,0.7806900216451963,2.95490979403743,0.6932150588393331,53.72189827182671,53.893875009160986,53.90516036136787,53.79775223083826
168.0,7.424,0.2583787013340882,0.18669510289089136,0.8623740611587696,0.3017074045212652,0.28260618267774457,0.0672154479961252,0.0011610078270656785,-0.0009117227395690242,0.7311229633194674,0.03130990692527855,0.4042480671330361,0.004404083342050086,0.015251706218627658,0.7785321970517886,2.9452257064459104,0.6899275509571992,53.7511975588224,53.92391495697467,53.91657886391303,53.80809426858737
169.0,7.456,0.2680342552638074,0.19572450365742783,0.863981642139935,0.30173606030372563,0.2821687739542643,0.05023690566141946,0.003514289989819378,-0.0026008046392393693,0.7318491866153084,0.022817795821548588,0.40615309978348835,0.0018892679284275848,0.006512214296905094,0.7763227448652003,2.935543931383174,0.6866254433126957,53.79814767444048,53.944220099063706,53.918394276654105,53.83754417812944
170.0,7.488,0.27769374266762187,0.20471250968753166,0.8650545173726834,0.30185898136920125,0.2808751884407444,0.03352735102338589,0.005921244143539196,-0.0034019391047041105,0.7322993052806962,0.014184111049131488,0.40691988401090073,-0.0007551419162423467,-0.0025980481924936295,0.7740593537865043,2.9258611045251945,0.6832928730177241,53.90047359531265,53.91315397678771,53.8695110643682,53.92395931985962
171.0,7.5200000000000005,0.28736683517103545,0.21363694147942153,0.8656021509382817,0.3022841407316742,0.2788884934965582,0.017113548924949776,0.008250419476884869,-0.004364587146675275,0.732461838621999,0.0052921648501589365,0.4081102930234801,-0.003524050565471587,-0.012088761927227697,0.7717571961743735,2.916167198412735,0.6799112382932033,53.86397750589566,54.02971231511023,53.969806888920644,53.87359578681561
172.0,7.5520000000000005,0.2970615835039756,0.22247508207162897,0.8656358474460272,0.30296088540437943,0.2761918935064824,0.001053015867044648,0.010383775083131453,-0.004299432012423132,0.732336640184709,-0.003931217131128346,0.409646784714215,-0.006417619769570698,-0.021930924599264556,0.7694291139843987,2.9064539173868167,0.6764637667106059,53.89885425389161,54.079959875821245,54.008174750883825,53.899067958826734
173.0,7.5840000000000005,0.30679208416109244,0.23121208424375853,0.8651685910101243,0.30407814553490087,0.27303131787904833,-0.014601763621963764,0.012237484708838505,-0.0030942707781980256,0.7319184358671963,-0.0134939318940683,0.41179971365613877,-0.009429878613506137,-0.03205325984185698,0.7670890178282389,2.896707021017261,0.6729335230772129,53.93747785118049,54.13146951641657,54.05238308526957,53.93262873182465
174.0,7.6160000000000005,0.31657876336031354,0.23984229324137737,0.8642150790818811,0.30583372497565925,0.26969403117558877,-0.029797247757600676,0.013762024260297509,-0.0006553187541739719,0.7312024114272605,-0.023364636273873557,0.41384059749912816,-0.012522195843465866,-0.042348978992229086,0.7647448440409523,2.886906151302613,0.6693044678613411,54.04650661165878,54.119247676636355,54.03354116448545,54.03673747038129
175.0,7.648000000000001,0.3264487709788352,0.2483702176099128,0.8627912652228573,0.30843773807880087,0.26649763651673153,-0.044494183094493475,0.014911334151867139,0.0020612092762630633,0.7301706140136406,-0.033457406983131,0.4148218978393158,-0.015611647604814927,-0.05266355684191761,0.7624007588366044,2.8770245422065317,0.6655621738368698,54.18897963669855,54.08069646214912,53.987091171751985,54.17219894573657
176.0,7.68,0.33642891763924354,0.2568047547724424,0.86091408450193,0.3118795831377697,0.26357928632905775,-0.058661897528981315,0.01562677862853298,0.003631179300793529,0.7287975183996361,-0.043653179842293624,0.41562612991936665,-0.0186580401248376,-0.06280579740266934,0.7600707249282813,2.8670361322413505,0.6616968135382901,54.21318262379485,54.16015947219674,54.067736484793656,54.19737010663326
177.0,7.712,0.34653512236618617,0.265150491515038,0.8586019554390615,0.31581889771695676,0.26080427320611194,-0.07225403321464006,0.015915811692872057,0.004488643356436297,0.7270879961551674,-0.05383809077935755,0.4162665035344948,-0.021610513780115165,-0.0726159378654967,0.7577692910270958,2.856926056074691,0.6577068055633399,54.2591828686398,54.22418942540118,54.135292090606086,54.24539692218927
178.0,7.744,0.35677551509859884,0.2734104361729859,0.855874825404761,0.32001227288789574,0.2581232705608711,-0.08522281357188972,0.015799725447706605,0.004780353846818479,0.7250495644104613,-0.06383687420172106,0.4167607555713235,-0.024424203057215682,-0.08195305740469713,0.7555108884359718,2.846687498131095,0.653597339621184,54.311387367014525,54.28694511368712,54.20480409699794,54.301711083137256
179.0,7.776,0.36715158275199505,0.2815868300530331,0.8527540947135135,0.3242521141686314,0.25551230875147496,-0.0975228341014849,0.015321027168970007,0.004598724746560721,0.7226945551145277,-0.0734960426532963,0.417129301521594,-0.027063476897659783,-0.09070529826959205,0.7533091624589475,2.836320504809067,0.6493795283564106,54.36561288007655,54.35205366535991,54.2796618022744,54.36205803945621
180.0,7.808,0.3776590652173355,0.28968146866627353,0.8492624872255164,0.3283588270418886,0.2529574566637637,-0.10911273399990738,0.014542179163219903,0.00404267545647158,0.7200400315758605,-0.08268444716205607,0.41739324869512895,-0.029504310090002317,-0.0987975783692774,0.7511764402528468,2.8258310459465137,0.6450695292543647,54.421171768196466,54.41981595100784,54.35954801097713,54.42535635299463
181.0,7.84,0.38828903212962296,0.2976959249202875,0.8454238760366153,0.3321864660089828,0.2504517579379366,-0.11995659965316127,0.013541586671448507,0.0032246849229663806,0.717106638764077,-0.09130003792342455,0.417572689893972,-0.031735172977953,-0.10619468000813992,0.7491233888602732,2.8152298959268576,0.6406875063608912,54.47840991535225,54.489595764650296,54.44297766785625,54.49137038689705
182.0,7.872,0.39902917033648133,0.3056317412191717,0.8412630820083655,0.3356293189643239,0.2479942593401304,-0.13002481338280486,0.012407935050508589,0.002262132187188511,0.713917054126914,-0.0992755999452944,0.41768548572981246,-0.03375670187894805,-0.11290047675576462,0.7471588738167555,2.80453130608977,0.6362564611477568,54.53788561838637,54.560620586047094,54.52820347482036,54.559968014401505
183.0,7.904,0.4098651869233908,0.3134905690454697,0.8368056644957379,0.33862551834092064,0.24558836957181188,-0.1392942972696132,0.011233597158916853,0.0012657461083019311,0.7104944310147279,-0.10658141381977172,0.41774658239889995,-0.03558051905974996,-0.11895440276358395,0.7452899911224962,2.7937515639627866,0.631801007409466,54.60006727132462,54.63224570143102,54.61359122651467,54.63090475218351
184.0,7.936,0.42078220283446455,0.32127422442214193,0.8320777202979157,0.34115674722105427,0.24323923052100757,-0.1477482561819432,0.01010788822671487,0.0003297195358389589,0.706861049203385,-0.11322471425409424,0.4177677925178529,-0.03722752267863763,-0.12442613775419063,0.7435222240818291,2.7829075634984153,0.6273461722013818,54.66521441925972,54.70402341108207,54.697791224691834,54.70378792686987
185.0,7.968,0.4317660200764384,0.32898464197580674,0.8271057009823508,0.3432442888116821,0.24095054855202497,-0.15537560361140304,0.009110896382285405,-0.0004749356750777624,0.7030372573041133,-0.11924652059364212,0.41775791319191335,-0.038725878810779824,-0.1294092298081651,0.7418596703135146,2.7720155019228914,0.6229162961710764,54.7333382292614,54.775694549984316,54.779808046297056,54.778102562432245
186.0,8.0,0.44280417031753283,0.336623729832361,0.8219162525659905,0.34494219503420115,0.23872149551732044,-0.16217026301125814,0.008308454125690467,-0.0011034686502033413,0.6990407053200123,-0.12471658580583092,0.41772305115032893,-0.04010886408422204,-0.13401413586370725,0.7403052888265339,2.7610897939477597,0.6185340907232924,54.80420555246966,54.84714730390895,54.85900730350841,54.85325575230062
187.0,8.032,0.4538866846970338,0.3441931448474893,0.8165360766290697,0.3463285743594051,0.2365442192227595,-0.16813049802877678,0.007748600397361799,-0.001537200778121804,0.6948858231249201,-0.12972714737081187,0.41766704711954816,-0.04141265161974686,-0.13836099626434967,0.7388611279540518,2.75014226257325,0.6142198907440146,54.877370248267795,54.91836359319919,54.935080619957716,54.928622670600475
188.0,8.064,0.4650065579882625,0.3516940198581307,0.8109918089712668,0.3474960403508969,0.23440234408254337,-0.17325836430634092,0.007459669017005388,-0.0017806971455267674,0.6905834953364922,-0.134386019884114,0.41759192331763484,-0.042674110887625294,-0.1425723956449484,0.7375285084851991,2.739181633207884,0.6099911229668731,54.95222085322368,54.989363842117655,55.00798502030055,55.00358753444992
189.0,8.096,0.47615991088889453,0.35912668092312494,0.8053099108617802,0.34854227814475025,0.23227065828106977,-0.17755931592145624,0.007449962249253995,-0.0018570873445978033,0.6861409004504745,-0.13880943535494275,0.4174983087169465,-0.0439286967500499,-0.1467663786979049,0.73630814987736,2.728213328153984,0.6058619933575071,55.02803559602492,55.060156724604624,55.07787040407089,55.077577048863034
190.0,8.128,0.4873458794880421,0.36649039312088755,0.7995165683106499,0.3495615187233608,0.23011600618008124,-0.1810419547228213,0.007708843571713343,-0.0018023613655801139,0.6815615054580867,-0.14311495678111236,0.41738582149595355,-0.045208520283320175,-0.15105004338009173,0.735200239177866,2.7172395341271924,0.6018433831230987,55.104037356040216,55.13069820407963,55.14500612862529,55.150085626981785
191.0,8.16,0.4985662794303319,0.3737831691706112,0.7936375959749388,0.35063749819655576,0.2278992515538645,-0.18371788549097195,0.008209010784570652,-0.0016594096057120412,0.6768452230723733,-0.14741476792979122,0.41725340496210517,-0.0465407087796256,-0.15551407851545346,0.7342044511252976,2.70625949767983,0.5979429324213534,55.17944314945918,55.200862679997364,55.20971460138967,55.22069231319414
192.0,8.192,0.5098251035687792,0.38100166703079613,0.787698343746259,0.35183825432647814,0.22557805813077836,-0.18560163214624195,0.008909678009259797,-0.0014724534309724611,0.6719887403501364,-0.15180965408987182,0.417099621997312,-0.04794616288153308,-0.16022861029863944,0.7333199333117372,2.6952699924716734,0.5941652833435489,55.25350494224278,55.270427815152125,55.272316530565895,55.289069482491605
193.0,8.224,0.5211279163951897,0.3881411919534815,0.7817236053476752,0.35321290082532925,0.22311015383391794,-0.1867105749557457,0.00976038695198699,-0.0012823504832012978,0.6669860151301449,-0.15638399977962905,0.41692291479375665,-0.049438799474661926,-0.1652406549648113,0.7325452722777853,2.6842658978031837,0.590512448820141,55.325540618411715,55.33907340859242,55.333089608877124,55.354983439437156
194.0,8.256,0.5324812072214673,0.3951958065489253,0.7757375291865345,0.3547903383211735,0.22045670610761745,-0.18706488003564556,0.01070516975619961,-0.0011230811042964633,0.6618289156846061,-0.16120210850494981,0.41672183338205726,-0.051025330806382385,-0.17057334649970873,0.7318784554655133,2.6732408287360445,0.5869842712517017,55.39495541978965,55.40639341985572,55.39224029534064,55.4182872472536
195.0,8.288,0.5438917581871316,0.4021585405534304,0.7697635322089916,0.35657971767701047,0.21758543764078558,-0.18668740554821425,0.011686789583782897,-0.0010195490700931472,0.6565079569087715,-0.16630607960893856,0.41649523099047325,-0.052705579780819384,-0.1762269400635218,0.7313168409059022,2.6621877632944164,0.5835789335380479,55.46125497500971,55.471918994434404,55.44988716142478,55.47890658381843
196.0,8.32,0.5553660739729438,0.4090216814243018,0.7638242176321516,0.35857236830662936,0.21447315221472996,-0.18560358052625137,0.012650789993541477,-0.0009866766403983668,0.6510130702779732,-0.17171535925262482,0.41624241948438545,-0.05447327791342968,-0.18218141474040428,0.7308571423680598,2.651099620471394,0.5802934855993287,55.52405123743362,55.53514924209927,55.50605387221301,55.536820089498484
197.0,8.352,0.5669099088186526,0.4157771186766061,0.7579412973004762,0.3607448389283983,0.21110741413450979,-0.18384126036485507,0.01354909533389279,-0.0010296510239626987,0.6453343391525774,-0.17742793336444498,0.4159632762197285,-0.056317245537294225,-0.18840034450612597,0.7304954334095135,2.6399697529665294,0.577124351466159,55.58306248893201,55.59558577109147,55.560670002340395,55.59203636474765
198.0,8.384,0.578527914155069,0.4224167098296294,0.7521355191548434,0.36306266676301335,0.20748722353197846,-0.1814305670510238,0.0143429290678594,-0.0011450923124139353,0.6394626369220078,-0.18342297534411484,0.4156582955554363,-0.05822282085972144,-0.1948355977197267,0.7302271700941659,2.6287923298063833,0.574067785654711,55.63810830318132,55.65276673526348,55.61357822089078,55.64457027831106
199.0,8.416,0.5902234178100724,0.42893263439835555,0.7464266000368004,0.36548448921885535,0.20362264277269132,-0.17840372243884528,0.015004860842644874,-0.0013228632584688293,0.6333901209971918,-0.18966462643336982,0.41532858356023716,-0.0601733892249289,-0.20143237527211733,0.7300472295429801,2.617562595442391,0.5711202528851917,55.68910019107664,55.706296463597745,55.66454667052705,55.69442139336095
200.0,8.448,0.6019983341511406,0.4353177045904948,0.7408331638672918,0.3679661356583809,0.19953344350435112,-0.174794880297143,0.015519857440874068,-0.0015482270639175107,0.6271105568304703,-0.19610649235115526,0.4149758015697999,-0.0621518667234873,-0.20813410634483362,0.7299499601056474,2.606277002878351,0.5682787121385076,55.736028650821545,55.75586755230696,55.713285491574176,55.741557046063484
201.0,8.48,0.613853194377955,0.44156560688117397,0.7353726851843266,0.3704643820879521,0.19524694658372405,-0.1706399588426616,0.015885293542956546,-0.0018040760064493675,0.6206194683799001,-0.20269639732796488,0.4146020711512866,-0.06414201056920962,-0.21488678011211246,0.7299292387000297,2.5949332282397353,0.5655407942426629,55.778947492679634,55.801273456696194,55.75946640017324,55.78590196729327
202.0,8.512,0.6257872780382236,0.44767105669806745,0.7300614380971181,0.3729401143833935,0.19079530677792114,-0.16597647147526665,0.016109967282720537,-0.0020729947231557682,0.6139141307829326,-0.20938094776312793,0.41420985782117303,-0.06612945826963323,-0.22164238814094667,0.7299785315152709,2.583530082430819,0.5629048710783839,55.81795651988631,55.84241092561655,55.80274409606649,55.82733545184753
203.0,8.544,0.6377988211092815,0.453629858054473,0.7249144508776646,0.3753607209705589,0.18621254238767265,-0.16084335060792182,0.01621225244806478,-0.0023389795727750727,0.6069934349349682,-0.21610951610139006,0.41380185231423655,-0.06810243387251594,-0.2283612707560371,0.7300909554970946,2.572067341713015,0.5603700233642361,55.8531838258108,55.87927288167411,55.842778147975665,55.86569611073095
204.0,8.576,0.649885272879391,0.45943886997450256,0.7199454666079357,0.3777016178159207,0.1815316225009243,-0.15528075842902847,0.01621759343056808,-0.002588701634578812,0.5998576613126397,-0.22283734964891705,0.41338086601103347,-0.07005209809935761,-0.23501328731050147,0.7302593395020855,2.560545522898588,0.557935922024932,55.884769035919525,55.91193340988752,55.87925396212446,55.90079333880279
205.0,8.608,0.6620435733782086,0.46509589082625197,0.715166910476389,0.3799468905880499,0.17678190161716878,-0.14932987911083273,0.01615560210066251,-0.0028122678222872056,0.5925082022503708,-0.2295276249493471,0.4148508949007067,0.057188185777130474,0.19178459096566045,0.7307178597266223,2.5489656302802235,0.5556026446033047,57.56752118662559,56.971405261686535,55.2043547248794,54.11522178615842
206.0,8.64,0.6742705433419849,0.470599214423,0.7106075486718956,0.3820928113680077,0.17197886239837623,-0.14248005639042036,0.0015851766560762192,-0.0019330003550532015,0.5861910813381362,-0.19765136732737285,0.41426474517740786,0.0589057698303124,0.1977453262644482,0.731297518943656,2.537328672031259,0.5533736236345377,56.52152055736967,55.537103333855384,56.277283228357646,55.68011367750465
207.0,8.672,0.6864899580770265,0.47607791801974403,0.7063045940840182,0.3818567104700504,0.17120948739825037,-0.13446733087116639,-0.015392006556485928,-0.0015693031440311056,0.5846884118533181,-0.04688046919309908,0.4136804772939051,0.05985661086829627,0.20117382881942691,0.7320090532831017,2.5257209228332305,0.5514003684938757,56.19504037185704,55.703584053138194,56.37867754876306,55.8779166754318
208.0,8.704,0.6986084888488474,0.4816797845701995,0.7022454868603166,0.3787040866194028,0.17505832970173327,-0.12684710074067548,-0.030919555357922353,-0.0010645572726985953,0.5875500681849374,0.08977068772580105,0.4131635739088468,0.05988790955865589,0.20152593194424262,0.7328397626751284,2.5142490275027214,0.5498488812308246,55.955127287085396,55.75904970889261,56.41461892914848,56.16367553046749
209.0,8.736,0.7105413340425054,0.4875406755375765,0.6984391003753654,0.3729014123018123,0.1831528427305317,-0.11894957765472616,-0.04293152649108323,-0.00025258861509218654,0.5923681345164666,0.1514016740943052,0.41264976794805863,0.05939101485956216,0.2001220765075162,0.7337805006554116,2.503011338604707,0.5488746367701474,55.863072875467076,55.75823106162722,56.442264097521296,56.35222430170831
210.0,8.768,0.7222248583546443,0.49376737144535726,0.6948922886157061,0.3651101347543411,0.19458424711814806,-0.1108378674893536,-0.050166305657398075,0.0005440009218738574,0.598041527674264,0.17826148819394244,0.40887622266066403,0.08410073488836159,0.2840016153101554,0.7344159348191396,2.492083580810483,0.5485969545128455,57.307737890418586,56.643305152334555,55.03140647290143,55.27287870252061
211.0,8.8,0.7336219645512837,0.5004244359124699,0.6915958018791897,0.3561595686449797,0.2080332645972691,-0.10301521051613712,-0.06794621126280112,0.0010724388155622436,0.6049210191901176,0.2155933030770505,0.4085572667893759,0.08279737598061884,0.2799299505578435,0.7351809666215247,2.4815120275315974,0.5490825871676766,54.82801098121775,54.98980122734478,57.48577673867516,57.066639902624964
212.0,8.832,0.7446301517882951,0.507663414667214,0.6885377635322278,0.3440058511566046,0.22621808608575317,-0.09556369834255721,-0.08064423739573322,0.0013396512825591025,0.6130101277335197,0.2527134232201455,0.4085125273545599,0.08013316606434498,0.27117860711373,0.7360391315991034,2.4714188734424014,0.5505016455480092,55.53801229260862,55.48257630001853,56.73214599989431,56.71372125691007
213.0,8.864,0.7551713055058483,0.5155903028850765,0.6857208287099542,0.32941105367353923,0.247715256808202,-0.08802921319605089,-0.08346328959341083,0.0014687664280650192,0.6214388802658306,0.26284456891545804,0.40889313104155756,0.07554843741140166,0.2557840227271638,0.7369416350177808,2.46189891861195,0.552973782281307,55.47002160985596,55.48638964881086,56.778375556699004,56.79024970249728
214.0,8.896,0.7652235759778812,0.5242258678678403,0.6831481699457391,0.3141334522510257,0.26986140571137024,-0.08039558638172135,-0.07563899792428028,0.0015651590197369024,0.6297439703235085,0.25895582330884614,0.40976680479242644,0.06881644748442475,0.23294297466213654,0.7378253326669304,2.4529827934535726,0.5565172871091943,55.72605731105492,55.798194935831496,56.48884599980057,56.52075976961083
215.0,8.928,0.7748293402484326,0.5335015199518135,0.6808260743624902,0.3001801334547337,0.28986412762416175,-0.0725654869765286,-0.06176118098227474,0.0017513592538007925,0.6375778751643746,0.2446382669329498,0.4136752697141829,0.06387608412874882,0.21448173286393277,0.7374795900195706,2.4446271086339335,0.5570188907551631,55.558772681986426,55.97828659808468,56.242998355041394,55.9441105752192
216.0,8.96,0.7840728828780011,0.5432962445506445,0.6786899263946631,0.2888607071740154,0.306085143713469,-0.06675462399459772,-0.04523447902716595,0.0047854718755256645,0.6447326412189691,0.22834438800662019,0.41523813966796264,0.05440705536038143,0.18239755661258922,0.7370643998863411,2.4367409152490156,0.5516079097536436,55.85168007218943,55.69174946022435,55.89179838924402,56.23551632678524
217.0,8.992,0.7930771299680037,0.5534907147265816,0.676743726903836,0.28138272156258043,0.3185771929980344,-0.06081873408834629,-0.026341959487411724,0.005713963078447162,0.6511963608834296,0.20290704785429026,0.4165793224418012,0.04491861853333265,0.15037720100554056,0.736579689274835,2.4291926008304734,0.5467345189753975,55.7955199546353,55.74888169424347,55.902085712909916,56.15884336069674
218.0,9.024000000000001,0.8019644166332783,0.5639351535980787,0.6749883159396317,0.27772770828983123,0.32638871473428227,-0.05485659263138385,-0.00536004443144651,0.005362566608589314,0.6567686012350974,0.17394390780941435,0.4176472704313817,0.03573345772898026,0.11949151040876728,0.7360393289988708,2.4218453525663404,0.5422434840557429,55.78262961284365,55.79811757323503,55.877956356828776,56.080277986039974
219.0,9.056000000000001,0.8108616740138229,0.5744565415105222,0.6734210065677737,0.27803929314201814,0.3287933722638592,-0.04897841787056263,0.017146214038223938,0.004228361973002937,0.6613693051180672,0.14398609488657393,0.41845452966497176,0.02684980425461253,0.0897069194937971,0.7354644989849417,2.414552211823166,0.5379611243681601,56.05688291481218,56.119660890791124,55.57419946288579,55.728538188477955
220.0,9.088000000000001,0.8199007696293569,0.584866094742153,0.672035154197733,0.2824717379854358,0.3252985384884635,-0.043307886563773115,0.036105533257683425,0.0027381443279933864,0.6649859310183561,0.11422389649399456,0.4190289979164107,0.01812231543706086,0.06050999136343461,0.7348777906164946,2.407156228848459,0.533696599876742,56.136349197691715,56.23609542350641,55.4715389453618,55.58664834006933
221.0,9.120000000000001,0.8291896158733536,0.5950024796573918,0.670821394733601,0.29027644512489753,0.31676202860121305,-0.037929983254122966,0.04973536617687836,0.0012269156284533587,0.6676352066339293,0.08474182899423638,0.4193900260816895,0.009497893604758945,0.03170027335295115,0.7342978951800206,2.399525226324049,0.5292852743670581,56.132633328169874,56.25481951973293,55.45793928270331,55.54791931370539
222.0,9.152000000000001,0.8388028954925489,0.6047475917461986,0.6697704056197294,0.300414988099854,0.3045347527752121,-0.03284340980848688,0.05776539696022418,-9.82146702864198e-05,0.66934548008604,0.05559407190848761,0.41955238122154037,0.0010316037173914716,0.0034423408338592584,0.7337380442003292,2.391564022506146,0.5246052358351007,56.09339152849834,56.22404416915986,55.48465129682571,55.56260558046271
223.0,9.184000000000001,0.8487814242311099,0.6140294434713401,0.6688751106252723,0.31182902308003024,0.29005786641067194,-0.02797796857678667,0.060649132412452414,-0.001149236024388276,0.6701462816485292,0.026924719244277508,0.4195339140084733,-0.007173182428945629,-0.02393483966367722,0.7332065960438021,2.3832164677374883,0.5195812709191036,56.03670772578693,56.165515022250425,55.53200392588489,55.6066348650532
224.0,9.216000000000001,0.8591353575088337,0.6228187260743026,0.6681314843077281,0.3235604149288693,0.2746650813425751,-0.023238322423256554,0.05922509789062427,-0.0019223082206726244,0.6700669798242253,-0.0010266050716471794,0.3880187210248461,0.1600259085127426,0.5476317125643088,0.7326060124417443,2.374462697908157,0.5141826097942341,58.62739913728548,55.06336757781382,54.0948396825231,55.46423797145094
225.0,9.248,0.8698459943680812,0.6311265694212214,0.6674423198618029,0.334707401851501,0.2596201045912269,-0.021536388935162114,0.048999134494248885,-0.013751200204111568,0.6734414462573743,0.12529123503372303,0.39053188677076245,0.15384243158804842,0.5253684047393377,0.7320553478374906,2.3653200912338863,0.5084232019640638,55.315227025245626,56.66680854027643,57.13187601642077,54.179985822567495
226.0,9.28,0.8807570559306658,0.6389604354407723,0.6668110771336008,0.3409706738307681,0.24480831311096662,-0.019726335256316906,0.02999143072449461,-0.02109115108496027,0.6810462357466754,0.24649888518195734,0.3932304702845113,0.14684537633017075,0.5003550607743624,0.7315547170060154,2.3559389066904277,0.5024363037778806,55.910132322720926,56.018874881596304,56.26539395061758,55.14122668937259
227.0,9.312,0.8916936826689622,0.646420716880281,0.6663432863687717,0.3417695855717631,0.2331337949846473,-0.014618461400908016,0.008792421939673105,-0.023495983509964076,0.6933381187283256,0.38543712492018956,0.39592387228141945,0.1394107441051138,0.47398089839217833,0.7311180959683932,2.3465016297343118,0.4964119975446998,55.75877725437916,56.12561094045008,56.076399870359516,55.35539109040064
228.0,9.344,0.9025031532102032,0.6536585761462855,0.6660405514880122,0.3377959544137822,0.22618310206264072,-0.009460465023734118,-0.014249405557067595,-0.021423500204856758,0.7072142292042348,0.4337293791658139,0.398212589376869,0.1327074377127206,0.45035555847308734,0.7307432947259159,2.3371818433954163,0.4905480173810818,55.76384817208421,56.07298285111162,55.914496037137866,55.53885664088136
229.0,9.376,0.9130518259313054,0.6608649330267542,0.6659001461147119,0.3296460225344422,0.22519865251464566,-0.004387667915634049,-0.03882013538151202,-0.016489644310490423,0.7212556085014437,0.44269178832930645,0.4000543124466451,0.12701720737456845,0.43040681393340546,0.7304243978790399,2.3281438366965905,0.48504910825655057,55.54618224648456,55.719807146136645,56.0581597389686,55.93367473690013
230.0,9.408,0.9232125767845557,0.6682577510159888,0.6659134122990944,0.31752346416407157,0.23102556216358214,0.00041456826195204705,-0.060419691109082116,-0.010308558819256552,0.734920690697519,0.43608423274948027,0.40168222179826885,0.12174805296939006,0.412011922042308,0.7301516309569044,2.319553323617871,0.48013373963229,55.29197702933289,55.356760427673926,56.27001909104343,56.30152493553107
231.0,9.44,0.932882222541194,0.67603732963088,0.6660674644467154,0.302176429894947,0.24311183171534986,0.004814129613155828,-0.07420558422554492,-0.004018025104093059,0.7480604691184024,0.4229178093476668,0.39323042088728993,0.11244116070457666,0.3899144672933815,0.7298958299735765,2.311552252719947,0.47599703488317857,55.620947917449776,54.33094445927194,55.89672039694728,57.31873722334226
232.0,9.472,0.9420073145910739,0.6843436158640718,0.6663518874354899,0.285159126558746,0.25957144478724165,0.008888218399203526,-0.07531522909517155,-0.008292525155266454,0.7611728999648251,0.398640918193601,0.38429269739024163,0.10043128104961713,0.3578726960862932,0.7296443261290011,2.3042248366771854,0.4727654295705568,55.250258877132865,54.88424853858504,56.22201668887274,56.75109991584981
233.0,9.504,0.9505421708072406,0.6931472203507097,0.6667577680543355,0.2667142567552084,0.2751126402074364,0.012683769338925333,-0.06495592246871762,-0.016313345450516062,0.7737576838868586,0.3747262426865752,0.37716756454867406,0.08642314497749226,0.3153483849755682,0.7293917125694418,2.297615792833348,0.47046917844119296,55.13956858261997,55.46802130219986,56.264058395525296,56.173117106789434
234.0,9.536,0.9584961873185726,0.7023080009464854,0.6672846891790436,0.2485630159791243,0.2862743936179882,0.01646628514712782,-0.04717975350085599,-0.02278259110014712,0.7851043631275819,0.3426494237689799,0.3712086421036028,0.07182557322980165,0.2675809538621571,0.7291357110134928,2.2916923833444245,0.46902653528579596,55.34336424657457,55.85818971596108,55.99413147359915,55.779579883839936
235.0,9.568,0.9659468445258257,0.7116446613742318,0.6679346346947559,0.23283303772666014,0.29177063836707445,0.020310797366009086,-0.0270517389892037,-0.0264144330094303,0.7949048722917481,0.3017695029238764,0.36568695399800655,0.05818163039835997,0.22089176731529112,0.7288773678608472,2.2863441848587702,0.4682691156259998,55.36210072772486,55.836439314060605,55.9259354911348,55.77510784723341
236.0,9.6,0.9730128929778082,0.7209823189426608,0.6687073512421801,0.22081401412445462,0.2918017990134085,0.024147392107005235,-0.004847757969591706,-0.027596485142788545,0.8031722750538454,0.25765785239709615,0.3598015624705406,0.046318593866522956,0.17924139560965435,0.7286196621726861,2.2814189136875336,0.4679923812289424,55.73349529045315,56.05732024388385,55.519860241076316,55.50970111479539
237.0,9.632,0.9798486368960595,0.7301523197697537,0.669598897265848,0.21361699744535162,0.2865625258466513,0.027860813239622532,0.014320534700977687,-0.027443273669413296,0.8100412669946268,0.21456052809927742,0.35298450412685045,0.036595807388810686,0.1446288427159781,0.7283656545923881,2.276728333866615,0.46796272849568366,55.96269699783985,56.124039814799126,55.2675438141441,55.38592773871803
238.0,9.664,0.9865975559634124,0.7390200620870723,0.6706013562029852,0.21090372085477685,0.27711694741620513,0.03132684178553874,0.02773202820728668,-0.02709094722535713,0.8156916114508619,0.17624165090551014,0.3452573599446196,0.02885591675266777,0.11673787719958555,0.7281178167108225,2.272100097699037,0.4679735828132707,56.0278263252926,56.10599924153423,55.183937386429285,55.34377956501137
239.0,9.696,0.9933630678524783,0.747494618011336,0.6717048952356188,0.21142224653331024,0.26482987263324087,0.03448559476980012,0.034684393878100704,-0.027026393134141312,0.8202978692123342,0.14376100264169364,0.3371051142201871,0.022733673910077856,0.0942703766144648,0.7278781237761455,2.2674091777384704,0.46787611694998077,55.964652846223636,56.05291994631241,55.229205720702446,55.33890112472259
240.0,9.728,1.000199026667248,0.7555287726838771,0.6729003163352003,0.21362371296155377,0.25106733351690896,0.03735690936192134,0.035807405101814266,-0.027005623054249285,0.8240369186144052,0.11670739843936524,0.3290921215405406,0.017802911208744776,0.07566211194460712,0.727648212476588,2.262587909740948,0.46758757515553995,55.83576616348658,55.97579986785149,55.338339376340556,55.362486817954675
241.0,9.76,1.0071155322803815,0.7631155220198375,0.6741803726301802,0.21614080041042186,0.23708591674876148,0.04000175921812021,0.032466261651434014,-0.026481739012395766,0.8270714959179558,0.09418284376596,0.3216133761799794,0.013648580788170245,0.05937736395024633,0.7274293508490365,2.257620230367868,0.4670849290082101,55.695241921998196,55.87525546141453,55.45540906970634,55.41461744955287
242.0,9.792,1.0140925547419595,0.7702821978406142,0.6755396722889687,0.2180319519243105,0.22395861939927453,0.04247811433714246,0.026314868105247097,-0.02504088414166169,0.8295176348194869,0.07506071021659609,0.31483636133685,0.00992458247409464,0.044117572250093384,0.7272222716957712,2.2525276601626265,0.46639095930004926,55.57579868901076,55.75895947033798,55.54670631398553,55.487318084524325
243.0,9.824,1.0210949652979235,0.7770819885688636,0.6769738106638524,0.2188253298738769,0.21249346025779112,0.04481682421511586,0.018964417071710645,-0.02260398911694863,0.8314332018727467,0.058105669848738196,0.30876880211500246,0.006389153453026347,0.028965162466368,0.7270271020637201,2.247353168696882,0.4655577265914397,55.48960364918152,55.64259112155685,55.60027213469196,55.56384669184612
244.0,9.856,1.0280850796457779,0.7835834783250306,0.6784784400112911,0.21844107337044819,0.20317155488021996,0.04701966710745835,0.011754906482727987,-0.01939245397458394,0.8328330542741408,0.042189476481893855,0.303364849798501,0.0029034824408370463,0.013398886881418014,0.7268435571260123,2.242146798471336,0.4646506914747265,55.43448951277424,55.54272794010851,55.619403746495685,55.62632767756332
245.0,9.888,1.0350312134055784,0.7898599011622512,0.6800486950792884,0.21706667999376436,0.19613821366314452,0.04907047087491716,0.005638060380423798,-0.01576708517058868,0.8337121899499566,0.02648263875714207,0.29860479906042425,-0.0005946445264115308,-0.002787970049744093,0.7266713762781558,2.236954885462067,0.463735536855985,55.4019271519011,55.47022458257339,55.61411984902649,55.66290485358176
246.0,9.92,1.0419124364125603,0.7959800371332231,0.6816790622604149,0.2150382189681844,0.1912542490928695,0.05094897441020036,0.0011608426957030677,-0.0120616604297897,0.8340610476384166,0.01050709197513502,0.2945234266196494,-0.004118671991563599,-0.01957659201359687,0.7265108094904339,2.2318131856189116,0.4628687091915257,55.383722368105836,55.427824487820175,55.59407032063393,55.670302936874535
247.0,9.952,1.0487204936537757,0.8020020649444288,0.6833635609894416,0.21275178878798326,0.18818836910017966,0.05264058528208627,-0.0014863490399924398,-0.00848669779610337,0.8338709927750501,-0.0059207332255594766,0.2911961825295857,-0.00765040837375347,-0.03677283257860464,0.7263629193049974,2.226743351211616,0.46209183871720116,55.37507908311508,55.411484046039405,55.56533412076311,55.65233755525098
248.0,9.984,1.055459874721452,0.8079707390520728,0.6850960350594852,0.21060565836488584,0.1865210658638752,0.05413981468886312,-0.002393762245095423,-0.005117452889280114,0.8331358960695314,-0.02276696699118748,0.2887072518063182,-0.011150020370650354,-0.05404185155386007,0.7262295664241701,2.2217519688699015,0.4614296459692616,55.37404512177827,55.41326569460953,55.53091931632256,55.616798281741985
249.0,10.016,1.062146667213167,0.813917450986626,0.6868703945152164,0.20896226536609006,0.18583474795478752,0.055448732991597534,-0.001848703369176,-0.0019376303816895813,0.8318544064976575,-0.03983548164994897,0.28712110130435314,-0.014567012800878326,-0.07096777916051068,0.7261131152578153,2.2168314966458973,0.46089067211242063,55.37935894881393,55.424203151750746,55.49282472433234,55.57250971143776
250.0,10.048,1.0688065267775413,0.8198622762263666,0.6886807406015462,0.20812061138669716,0.18577578874189368,0.05657331519780604,-0.0002506153678436634,0.0011016406384724783,0.8300330923234944,-0.05681643740116885,0.2864686325959591,-0.017854636264365287,-0.08714461523030435,0.7260160178941759,2.211962593105417,0.4604700469843067,55.38883955382114,55.43648913884576,55.453553019708735,55.527216146000654
251.0,10.08,1.0754720136563263,0.8258169967336934,0.6905213875040004,0.20829646496203066,0.18608501585395937,0.057520215701694445,0.001970492213190262,0.004037550825765338,0.8276883771555947,-0.07335113498062763,0.2867480797625268,-0.020983669060247068,-0.10226700063856473,0.7259404496521836,2.20711735857458,0.4601534413497488,55.39924129456356,55.44475479176773,55.41624454578302,55.4863945112106
252.0,10.112,1.0821796219687214,0.8317882317997367,0.6923868339184027,0.20961275976234797,0.18660109581385473,0.05829520045007303,0.004423457417555373,0.0068772181289529725,0.8248458809856952,-0.0891101437916133,0.28793397671022436,-0.02395032544760828,-0.11618442594943587,0.7258880964166048,2.202262950927602,0.4599213529107309,55.40720032668413,55.44637162464893,55.38383793368291,55.45296376434939
253.0,10.144,1.0889669071302552,0.8377800882895584,0.6942717346215012,0.21210266129793162,0.18724551530692798,0.058903146971826054,0.006803639948969149,0.009600443311904619,0.8215374722712282,-0.10386061510276144,0.2899865894286586,-0.026776321806533276,-0.1289054590934722,0.7258600990379951,2.197365021072002,0.4597529959386145,55.41033703871074,55.44096958896035,55.35814215305495,55.427688978768195
254.0,10.176,1.0958700892775817,0.8437960416139219,0.6961708967786807,0.21572444210395095,0.18799854138635744,0.0593488174118611,0.00891426243834694,0.012171908653995351,0.81779732603328,-0.11750086171439593,0.2928575408444333,-0.029502863892550107,-0.14056365112790137,0.7258570992893792,2.192390512983437,0.4596292979772535,55.407807550634374,55.42960381702758,55.339447151945976,55.4099020432068
255.0,10.208,1.1029223702446154,0.8498399983620646,0.6980793001577758,0.22038378021980284,0.1888736483794602,0.05963760559671982,0.010663923176864267,0.01455274200741044,0.8136582323616762,-0.13005756967635954,0.2964914364346641,-0.03218190528548881,-0.1513668375436173,0.7258793211323632,2.1873095717156725,0.4595347881749572,55.40016560364068,55.41398589457845,55.326762383548164,55.39817916407943
256.0,10.24,1.1101530149506291,0.8559166396822249,0.6999921274137153,0.22595764706292967,0.1898950412550086,0.05977585174811098,0.01204765536899099,0.01670706612519835,0.8091488629916499,-0.14165633902935698,0.3008255122215955,-0.03486755039901687,-0.16154786771367713,0.7259266427276405,2.1820965248482533,0.4594584100273651,55.38881314454829,55.39596933519916,55.318400463771404,55.390810387857805
257.0,10.272,1.1175870904740202,0.8620312140077875,0.7019047905779753,0.23231486010596972,0.1910804476738316,0.05977072388312418,0.013120077780023023,0.018604061243438042,0.8042922086766355,-0.15248113630929278,0.3057893258679767,-0.037609219308856995,-0.17132646015364145,0.725998642549081,2.176730076649736,0.4593934572289451,55.375400472853435,55.37726508138237,55.31256553524643,55.38608222209488
258.0,10.304,1.1252456687483292,0.8681889676710665,0.7038129463660089,0.2393305710721575,0.1924298019774678,0.05962986837605011,0.013967708362378506,0.020217995685051445,0.7991051043783104,-0.16273511372888602,0.311305421756052,-0.040447111410645525,-0.1808850864410086,0.7260946213288335,2.1711929469283557,0.45933690738193866,55.361398041950316,55.35928869640666,55.30774724377974,55.38245648017189
259.0,10.336,1.1331462824808876,0.8743943951286283,0.705712499398315,0.24689417914244816,0.1939196080488063,0.05936103225956732,0.014685079313170049,0.021528182984297064,0.7935986118007871,-0.17260979035324472,0.31729088982576426,-0.043409867823622716,-0.19035789970448602,0.7262136082438502,2.1654712033538215,0.4592884333903362,55.34788932374157,55.343072575775324,55.302887124629905,55.378696310001104
260.0,10.368,1.1413034557970851,0.8806504677806006,0.7075995958681617,0.25491166613117433,0.19550227037413628,0.0589717646827074,0.015357005953210838,0.02251951294478623,0.7877789687475301,-0.18226509889949297,0.32365930116660757,-0.046514043675478234,-0.19982994829553152,0.7263543596870979,2.1595535018214074,0.4592493326638204,55.33553179528631,55.32922664615652,55.29737988772646,55.373944434440396
261.0,10.4,1.1497291843610546,0.8869579660348929,0.7094706107559365,0.26330401762404676,0.19710932044663174,0.05846921524296426,0.016047631780813733,0.02318325963956631,0.7816488169523952,-0.19181993063907776,0.33032255495714946,-0.04976491058033697,-0.20934335008377655,0.7265153571223494,2.153430391123803,0.4592215524762808,55.32460922146756,55.31795215045371,55.290991658133244,55.36774240692589
262.0,10.432,1.158433294425717,0.8933149974119825,0.7113221309125459,0.2720034395206972,0.1986572305340514,0.05786000489404331,0.016795720910514247,0.023517619742777978,0.7752084674766361,-0.20135122267013505,0.3371924179929237,-0.05315811376067206,-0.2189072202517755,0.726694809057912,2.1470937758106583,0.4592069223665042,55.31511783800149,55.309106871059235,55.28375491274746,55.35998987001627
263.0,10.464,1.1674236559381654,0.8997167399716411,0.713150935516876,0.2809487972640146,0.20005445498933236,0.057150143885315675,0.01761499361170888,0.023527649846814783,0.7684570332333416,-0.21089895271035652,0.34418175061669365,-0.05668175357384303,-0.22850865331219095,0.7268906610631175,2.140536576168507,0.4592066421656631,55.306857036839936,55.30230611140558,55.27586959991165,55.350859327753334
264.0,10.496,1.1767062580133025,0.9061554115347279,0.71495397505981,0.29008131484803384,0.2012084863464608,0.05634498571668515,0.01849798830039561,0.023224597355809215,0.7613933309859892,-0.22047436963302905,0.3512055074332095,-0.06031852758038325,-0.23812277020066216,0.7271006164004716,2.1337525818126557,0.4592210236612462,55.299513794736306,55.29703586723651,55.267619556183824,55.34069108595414
265.0,10.528,1.1862851760120225,0.9126204358886175,0.7167283500024357,0.2993411874600002,0.20203201105905064,0.05544921695705552,0.01942189487123327,0.022624832052552044,0.7540165177179595,-0.23006916963668392,0.35818159939849126,-0.06404765378458302,-0.2477206163425313,0.7273221680875479,2.1267364667166495,0.4592494483361158,55.292736929476284,55.2927560307972,55.25930543272812,55.329892118230596
266.0,10.56,1.1961624697094067,0.919098759548473,0.7184712902847308,0.308665428043253,0.20244761437048284,0.054466883821720165,0.020354970476712496,0.02174863461451547,0.7463264735081622,-0.23966393155288243,0.3650316628104529,-0.06784639627227126,-0.2572744240308635,0.7275526413706744,2.119483917922043,0.45929048365709657,55.28619759943503,55.28897895478262,55.251194693708314,55.31885530827263
267.0,10.592,1.2063380536032462,0.9255752662447836,0.7201801367212831,0.31798699668248553,0.2023908342597065,0.05340145114226045,0.02126245590779828,0.020619039470682894,0.7383239739058508,-0.2492347922740275,0.3716817445373183,-0.07169112097169325,-0.2667603392914788,0.7277892441602875,2.111991825884686,0.4593420944858738,55.27963208002851,55.28531771417229,55.243489943049205,55.30790649697523
268.0,10.624,1.2168095755077202,0.9320332388792159,0.7218523250075659,0.3272350595148116,0.20181164482600805,0.05225588394633727,0.022111290231071834,0.019260839133347106,0.7300107101458486,-0.25875795767597265,0.37806289770585655,-0.0755579048747417,-0.2761591004198318,0.7280291222282138,2.1042584888787523,0.45940189126664865,55.27286449128048,55.28150574789748,55.236315907520044,55.297279221878476
269.0,10.656,1.2275723306150599,0.9384548271940975,0.7234853726927275,0.3363360971043655,0.2006746348400498,0.051032740161299724,0.02287330320317588,0.017699785102288795,0.7213892176929635,-0.2682121273665871,0.3841116836331864,-0.07942279112355463,-0.2854553314666207,0.7282694158964762,2.0962837940670402,0.45946736883322303,55.26581046197458,55.27739396387496,55.2297229405562,55.28711225505596
270.0,10.688,1.238619227615606,0.9448214908011914,0.7250768691814942,0.3452155312670676,0.198958237721685,0.0497342652739582,0.023526889398193494,0.015961980491051304,0.7124627660385343,-0.2775792240934424,0.3897705828247833,-0.08326181705351013,-0.2946361134457141,0.728507315355296,2.0880693506462604,0.45953610506576514,55.258465988070355,55.27293300789404,55.22370240455524,55.27746294214063
271.0,10.72,1.2499408133511793,0.9511143989895473,0.7266244686737117,0.35379955423666504,0.19665338088612258,0.04836248413179682,0.02405739718501607,0.014073443479293136,0.703235249426623,-0.286843960750766,0.39498832218086555,-0.0870509442975898,-0.30368937954058584,0.7287401123824557,2.079618563169195,0.4596059039131578,55.25088756883025,55.26814805927083,55.21820802313373,55.26832920785243
272.0,10.752,1.2615253543229652,0.9573147790923663,0.7281258859248283,0.3620169053683075,0.193761878213093,0.04691928909739472,0.024456588449397524,0.012059815250943497,0.6937111030598422,-0.29599278090240433,0.39972012491571995,-0.09076599804882629,-0.3126025118052654,0.7289652468963629,2.0709366437712915,0.45967488016800917,55.24316968920766,55.263112124248764,55.21317763424952,55.259674122819874
273.0,10.784,1.273358967908615,0.9634042131116478,0.7295788947573102,0.36980042455155676,0.1902948131025475,0.045406526015059165,0.024721552695391804,0.009946182734163471,0.6838952553039003,-0.305012620229542,0.4039278860635191,-0.09438268786162246,-0.32136134624517326,0.7291803473481445,2.062030569541077,0.45974149261305675,55.23542432555231,55.25792202677828,55.20855129130353,55.25144849414007
274.0,10.816,1.2854257933923994,0.9693648874163192,0.7309813293069403,0.3770882963682606,0.18627107202098103,0.0438260796759397,0.024853417104761917,0.007756983245721221,0.6737931153747292,-0.3138898048150403,0.40758027291370663,-0.09787674528781576,-0.3299496516793054,0.7293832644064306,2.0529089954695925,0.4598045374823252,55.22776518705586,55.25267955252556,55.20428361043151,55.243608632418876
275.0,10.848,1.2977081924107183,0.9751798027973747,0.7323310880039083,0.38382496932246707,0.1817161056579841,0.04217995928025225,0.024856111800767966,0.005515956793020896,0.66341058877935,-0.32260926635701653,0.4071847812210883,-0.10036934216762858,-0.3383490483792145,0.7295638894394968,2.0435821347140055,0.4598631160272435,55.495118433579535,55.07915839246603,54.922797262848974,55.40171643205126
276.0,10.88,1.3101869632068925,0.980832957618215,0.7336258225504849,0.38996158738044373,0.17666108815125853,0.04046045458051813,0.02387971398814669,-0.00030854463550104085,0.6526730605228437,-0.33101676966387006,0.4065992668087368,-0.10271688099603696,-0.34642597228814853,0.7297225918791568,2.0340616231027355,0.4599165746670525,55.23478766868687,55.22958658101981,55.17016374714223,55.2370016453064
277.0,10.912,1.3228081659660735,0.9862947137614128,0.734863282368972,0.3944125862244057,0.1706798794749302,0.03867061932772208,0.022688529224016457,-0.0064190365945140425,0.6416678004379762,-0.33937856686480966,0.4060249150130943,-0.10497876383998556,-0.3542164535436603,0.7298594530245562,2.0243858095898464,0.45996397279700174,55.11615277248446,55.29429150819987,55.27740102445507,55.15861383545505
278.0,10.944,1.335513651208912,0.9915365655522878,0.7360412873839381,0.39704641383870415,0.1638078684648435,0.03681265671769126,0.021607823484204026,-0.011336679452040243,0.6304381791722566,-0.3474271984897576,0.40546809518620885,-0.10713468070653531,-0.3616496137053138,0.729974880221963,2.014596477397756,0.4600031350663475,55.07543703344873,55.3131451231263,55.30803641712695,55.12721798831161
279.0,10.976,1.3482549059994942,0.9965373971848156,0.7371576130461773,0.39816421220568965,0.15627598851649507,0.034885176944974394,0.02071697893601102,-0.014573835854456905,0.6190020221505388,-0.3551336543070647,0.404935881848538,-0.1091613230477163,-0.36864429880290583,0.7300699304982301,2.0047284418471416,0.4600311850300238,55.069799936054196,55.30978686756001,55.30531049969717,55.11936614617471
280.0,11.008000000000001,1.3609976864092737,1.0012853510450863,0.738210260334703,0.39821188780560896,0.1483735581334597,0.03289522776642875,0.02000551463577663,-0.01610054211997813,0.6073687866287741,-0.3624533863992168,0.404432556438317,-0.11104731936625255,-0.37516027374712096,0.7301461706211421,1.9948062646765852,0.4600457130971317,55.08123838623599,55.293652393278514,55.28739223065261,55.125805773001694
281.0,11.040000000000001,1.3737224843309772,1.0057775980149304,0.7391976691098693,0.3976499350532358,0.14038271780762712,0.03085652422394472,0.01944313403874708,-0.016124669258686296,0.5955457525510666,-0.36933945292424347,0.40360947568224315,-0.11269841773252261,-0.3812076698634342,0.7302046469551852,1.9848440762078707,0.4600458304992787,55.12926769563242,55.25392804023794,55.23441969756496,55.15723222071621
282.0,11.072000000000001,1.3864229311011318,1.0100189101476207,0.7401187285221775,0.3968889615673304,0.13254100414657177,0.02878310663463263,0.018910530144470705,-0.015336137898494077,0.5835324342088253,-0.37577781705436897,0.3999538113045663,-0.11340998884318329,-0.3868266003823535,0.7302408610273131,1.9748468076378114,0.4600327296692893,55.36248821566834,55.10829512728247,54.99575743939412,55.29414566109194
283.0,11.104000000000001,1.3990996535543199,1.0140183983279152,0.7409724449280007,0.3961475766621269,0.12498400563420292,0.026678637681975374,0.017666835509323044,-0.016760267920122814,0.5712881786970923,-0.38171083020573693,0.3965608376734628,-0.11403825848367068,-0.39201784980319493,0.7302582463238262,1.9648147913472498,0.46000959995928725,55.168131423049665,55.204429443420544,55.186603290881244,55.19153334890019
284.0,11.136000000000001,1.4117310293309446,1.0177791492719965,0.7417578452373242,0.39473049301952357,0.11752346700254201,0.024543759666359445,0.016449333126246392,-0.018057006962819387,0.558868858207242,-0.38730245521330153,0.39273730750282654,-0.11441354829363942,-0.39686875179221315,0.7302579227859315,1.954766475674681,0.4599806260827932,55.162972428699575,55.198697292891325,55.18966404854335,55.19220437066724
285.0,11.168000000000001,1.4242966872038207,1.021305198529333,0.7424742643372068,0.3926768085273782,0.11018903929176778,0.022388096871328568,0.015316291281534966,-0.019218897008364304,0.5462870678312228,-0.3924917527730987,0.3885189750293443,-0.11453905937726022,-0.40136324392580114,0.730241087296026,1.9447194955988285,0.45994955370694457,55.1610399272575,55.195595927860445,55.19080309533583,55.1917330593437
286.0,11.200000000000001,1.4367779019628628,1.0246010371143286,0.7431212710808078,0.39003796122006434,0.10299495578110902,0.02021896073753358,0.014290229760548816,-0.02024398373435682,0.5335544717766076,-0.3973039003960553,0.3839493140769222,-0.11441864585080014,-0.4054751544709591,0.7302090294791783,1.9346901404556007,0.4599192293744925,55.16083686410686,55.19475216267529,55.19162780828909,55.19039752602027
287.0,11.232000000000001,1.4491577363338188,1.0276713744067179,0.7436986743974054,0.38686982409237536,0.09594804038716423,0.0180438536436754,0.013372891889426433,-0.02112602473335438,0.5206829131420689,-0.4017361103594407,0.379074720806899,-0.11405832644512498,-0.4091773855688255,0.7301631080120349,1.9246931508972083,0.45989147816381304,55.16195222448389,55.1954487724792,55.1925932089461,55.18886176178834
288.0,11.264,1.4614211062031432,1.0305210930604627,0.7442065310283624,0.38323030841640887,0.08905370792953103,0.015870519717406557,0.012554236895192649,-0.021856569135058807,0.5076848194710702,-0.4057723612857812,0.3739434745509725,-0.11346760868253941,-0.41244749878770837,0.7301047264958583,1.9147416616100623,0.4598671922413561,55.16407669258003,55.19711416855852,55.19400324981165,55.18766632384088
289.0,11.296,1.4735548073066715,1.033155311936529,0.7446451521180183,0.37917815948525885,0.08231933987707517,0.013706909051745807,0.01181935580839049,-0.022426955246976313,0.49457329148473367,-0.4093931123059137,0.36860496081015487,-0.11266001863077862,-0.4152708622014322,0.7300353101323115,1.90484722381936,0.4598465365170995,55.166974813298815,55.19933093386897,55.1960517226596,55.18720660167151
290.0,11.328,1.4855475259114503,1.035579489436438,0.7450151069052513,0.37477245639933704,0.0757555468721554,0.011561087101031448,0.011153461231614911,-0.022829835835707146,0.4813619978933126,-0.41258144553071135,0.36310907226795497,-0.11165301783487674,-0.4176419003131516,0.7299562837587051,1.8950198604711797,0.4598291980190975,55.17048153031439,55.201830759116916,55.19883624061005,55.187728830937274
291.0,11.36,1.497389845937418,1.0377995174754533,0.7453172225533949,0.37007250081148824,0.06937587621922559,0.00944111400448879,0.01054502170426614,-0.023060171312924364,0.4680649638409108,-0.4153265577841162,0.3575057575094302,-0.1104674920668603,-0.419563933333728,0.7298690515653324,1.8852681219837755,0.4598146255937987,55.17449556609502,55.204477379624606,55.202373404037004,55.189341092705874
292.0,11.392,1.5090742573141303,1.0398217744452836,0.7455525797495681,0.36513785552225836,0.06319553030719594,0.007354912380411881,0.009987236789907318,-0.023115720751006354,0.4546963176180251,-0.4176252771300844,0.35184467787963725,-0.10912698434118194,-0.4210480756593872,0.7297749787219572,1.8755991239638463,0.45980222604594045,55.178967792850074,55.20723877561532,55.20661721131775,55.1920374226697
293.0,11.424,1.5205951649643,1.0416531222129348,0.7457225041466942,0.3600283640678017,0.0572296177391018,0.005310137410188816,0.009478178004930502,-0.022997121702454087,0.4412700410271748,-0.4194821628800405,0.34617493238194286,-0.10765682248454181,-0.4221116253997004,0.7296753751090359,1.8660185597209715,0.4597915003922446,55.18388602970762,55.21015383643484,55.21147938920558,55.19572943255699
294.0,11.456,1.531948894532942,1.0433008459320978,0.7458285540351083,0.3548040490200657,0.0514913662238436,0.003314059012941153,0.009019995752577992,-0.022707678514596166,0.42779975182291613,-0.42090867747637944,0.340544814925935,-0.10608325887452397,-0.4227763077283519,0.7295714813286472,1.856530689133427,0.4597821180944006,55.18925890456781,55.213299142595986,55.21684914887756,55.20027943185727
295.0,11.488,1.5431336895888876,1.0447725452779146,0.7458725048260615,0.3495248454982999,0.04599060455677535,0.0013734622172877063,0.00861760036060948,-0.02225298149496361,0.4142985322197743,-0.42192185158404705,0.3350015750202949,-0.10443270213946743,-0.4230666442119787,0.729464457133643,1.8471383111112196,0.4597739371484115,55.19510130007849,55.216760301831684,55.222610067023425,55.205530235781964
296.0,11.52,1.5541496951064553,1.0460759914498556,0.7458563310186014,0.34425017242398875,0.040732692873156305,-0.0005054314831283431,0.00827717687362286,-0.021640464515631563,0.4007788061950906,-0.4225427847490973,0.32959116106871017,-0.10273108409831883,-0.42300862302354747,0.7293553723555319,1.8378427296973234,0.4597669836506225,55.201423079229095,55.2206105010579,55.22865267517782,55.21132860644682
297.0,11.552,1.5649989230874826,1.0472189663199722,0.7457821863250362,0.3390383744071021,0.03571796469114399,-0.002317021673910872,0.00800480926575336,-0.02087898386800683,0.3872522605302543,-0.42279523471860864,0.32435793420732123,-0.10100337487183814,-0.42262875412109097,0.7292452003375693,1.8286437242352187,0.4597614064392197,55.2082217827392,55.22489721458294,55.23488236686195,55.21754101262813
298.0,11.584,1.5756851977098687,1.0482090992302138,0.7456523825768929,0.33394608194956654,0.03094165344504765,-0.004056367129478402,0.007805392115133533,-0.019978472121811284,0.37372980007668805,-0.4227044575478564,0.31934434942153744,-0.09927323732293254,-0.4219535177739835,0.7291348137982268,1.8195395326993224,0.45975742149613474,55.21547915303529,55.229636627103986,55.241223053709845,55.22406182054566
299.0,11.616,1.5862140789790617,1.049053714134213,0.7454693679527044,0.32902753966228243,0.026394215749972447,-0.0057192070058928405,0.007681914397870139,-0.018949691934339867,0.3602215260793924,-0.4222963771872796,0.31459060854608134,-0.0975627990219401,-0.42100915866973004,0.7290249829697492,1.810526854960042,0.4597552580020846,55.223160812313,55.23481438928992,55.247617483048614,55.2308150320015
300.0,11.648,1.59659276523967,1.0497596959966977,0.745235704985359,0.3243339456440103,0.022061933202650853,-0.007301967729543551,0.007635122788687317,-0.01780408983617415,0.3467367268467061,-0.4215970942178403,0.3101342957561592,-0.09589251458696733,-0.4198217423519129,0.7289163757836205,1.8016008800735002,0.45975511423822335,55.23121819742873,55.240390826180146,55.25402529037996,55.23775125416482
301.0,11.68,1.6068299759417741,1.0503333814246127,0.7449540487348063,0.3199128344407509,0.017927669622344582,-0.008801757829770404,0.007663516589809742,-0.016553731596110188,0.3332838719125089,-0.42063269251392715,0.3060100097364305,-0.09428109163183494,-0.41841737471960694,0.7288095598153284,1.7927553391258202,0.4597571277269572,55.23959184925749,55.2463086118011,55.26041979617516,55.244841762454286
302.0,11.712,1.6169358167304906,1.0507804750071152,0.7446271254565363,0.31580752464738904,0.013971674453203119,-0.010216352445937401,0.0077635941407575,-0.015211290120579382,0.3198706034613297,-0.4194292707567969,0.3022490078358897,-0.09274545762775582,-0.41682248594868015,0.7287050056599994,1.7839825830242342,0.4597613606784863,55.2482152745324,55.25250112196879,55.26678437176443,55.252071385095576
303.0,11.744,1.6269216292911017,1.051105990145842,0.7442577120550201,0.3120566425190982,0.010172348085209218,-0.011544168797381061,0.007930258821025568,-0.013790053800629996,0.306503721646763,-0.41801311164032035,0.29887887662216,-0.09130075089254591,-0.41506409357694424,0.7286030913921437,1.775273683052438,0.4597677992940643,55.25701877244321,55.258900076762224,55.27310897277507,55.25943159620255
304.0,11.776,1.6367998285219476,1.0513142114002225,0.7438486165781336,0.3086937259639333,0.006506914199393137,-0.012784233652703135,0.008157297030219297,-0.012303926382345743,0.2931891631105987,-0.41641090253797103,0.29592324103668727,-0.08996032515427418,-0.41316998112055314,0.7285041077686133,1.7666185510106194,0.4597763638909892,55.265932803953355,55.265441575706554,55.27938721712592,55.26691475970306
305.0,11.808,1.646583729612062,1.0514086745176519,0.7434026599769414,0.3057469090660747,0.002951972419666657,-0.01393614378725551,0.008437855466979307,-0.010767396673527326,0.27993197420222304,-0.41464993361534974,0.2934015215403171,-0.08873576260751889,-0.41116875386040963,0.7284082638628786,1.7580060752727953,0.45978692610836713,55.27489065745723,55.272070115175886,55.28561419060646,55.27451001386803
306.0,11.84,1.6562873675428242,1.0513921602098006,0.7429226593202085,0.3032386853363195,-0.0005160721203503744,-0.015000020522903931,0.008764865391835039,-0.009195465433983136,0.26673628192496823,-0.4127582187035179,0.29132874578754425,-0.08763689443847505,-0.4090897582098923,0.7283156928670641,1.749424269001862,0.4597993294658336,55.283830318294314,55.27874058613555,55.29178500690666,55.28220089709091
307.0,11.872,1.6659253114614494,1.051266698159324,0.7424114126121982,0.3011857474570359,-0.0039206890773968404,-0.015976459625321307,0.009131382896737183,-0.007603525689500771,0.2536052664385553,-0.4107645065595149,0.2897154188141874,-0.08667183019560754,-0.4069628721270874,0.7282264578599571,1.7408604269391055,0.45981341006406107,55.29269557321482,55.28541854002828,55.29789403585635,55.28996453131318
308.0,11.904,1.6755124763137732,1.0510335784706442,0.7418716853156394,0.2995989016351186,-0.007284990271243235,-0.016866478017463202,0.009530833240070697,-0.006007200128142062,0.2405411390722654,-0.4086981717989205,0.28856745359946057,-0.08584699821859149,-0.4048181893626758,0.7281405574073979,1.732301287512282,0.4598290150134621,55.30143646748044,55.29207917126993,55.30393464576534,55.297772012230865
309.0,11.936,1.685063934079776,1.0506933686152402,0.7413061986308875,0.29848305518758556,-0.010631557981373432,-0.017671458898495928,0.009957162075488777,-0.004422144506346034,0.22754512938016816,-0.4065889930362133,0.28788616216531954,-0.08516719894122252,-0.40268562921772827,0.7280579309289114,1.7237331973905325,0.45984601706122785,55.31000927892157,55.298705510609466,55.30989928125739,55.30558959429554
310.0,11.968,1.694594726919579,1.0502459347140811,0.7407176195299979,0.2978372762438422,-0.013982309411221515,-0.01839309690280023,0.01040490616295569,-0.0028638289854196514,0.21461748397129823,-0.40446683895128965,0.2876683060343765,-0.08463567170822064,-0.40059450632512533,0.7279784638246908,1.7151422759905637,0.45986432470980787,55.31837618250203,55.30528628315526,55.31577970990113,55.31338027874323
311.0,12.0,1.7041196844952928,1.0496904666502922,0.7401085524937763,0.29765492424105977,-0.0173583769934038,-0.019033344881926716,0.010869201132191662,-0.0013473102824636126,0.20175747885725456,-0.4023612905684735,0.2879062038004029,-0.08425417425928607,-0.39857309296113197,0.7279019924049469,1.7065145777708643,0.4598838877898417,55.32650475904903,55.31181379200764,55.32156730760785,55.32110548421987
312.0,12.032,1.7136532476689674,1.049025506968258,0.7394815328538706,0.2979238491773309,-0.020779990063571323,-0.019594363747051074,0.011345744943549401,0.00011299310562775903,0.18896344604058524,-0.4003012303896079,0.28858789270365975,-0.0840230726345997,-0.39664820114536326,0.7278283086957543,1.6978362504275146,0.4599046989262523,55.33436746412061,55.31828207369046,55.32725330089226,55.32872657434542
313.0,12.064,1.7232093006759548,1.0482489837871032,0.7388390216031466,0.29862665646835485,-0.024266349411085332,-0.020078476585125276,0.011830734038481283,0.001503512059658561,0.1762328141437169,-0.3983144272276632,0.2896973403969325,-0.08394143822129638,-0.39484480493519747,0.7277571652104311,1.6890936873313454,0.45992679161736294,55.34194112977668,55.3246854593697,55.33282893093489,55.336206112172015
314.0,12.096,1.732801013728967,1.0473582480612567,0.7381834015077975,0.2997410329066347,-0.027835491432703894,-0.020488127979660636,0.012320785988119873,0.002811716158800469,0.16356216212772356,-0.39642714102349735,0.2912147025021621,-0.08400714813274195,-0.3931857162566812,0.7276882797737331,1.6802736727358558,0.45995023576095573,55.34920653272265,55.33101758126166,55.33828554129647,55.343508793690205
315.0,12.128,1.742440697820377,1.0463501154981325,0.7375169743349532,0.3012401278565596,-0.031504142597629764,-0.02082584915138323,0.012812858756201818,0.004026275484566259,0.15094728460596438,-0.39466376598884545,0.2931166210687482,-0.08421698511235243,-0.3916913213201101,0.7276213404701378,1.6713635184545796,0.4599751314500655,55.35614803301939,55.33727079463693,55.343614613663654,55.35060207337117
316.0,12.16,1.752139673264378,1.045220913336384,0.7368419590002399,0.30309298262502754,-0.03528756755464404,-0.02109422920979277,0.013304173230306568,0.005137191667119242,0.13838326691673625,-0.39304652427544007,0.2953765586379506,-0.0845667336108035,-0.3903793796803408,0.7275560107610075,1.6623511908692479,0.46000160177040617,55.3627532701051,55.34343594355947,55.34880778436016,55.35745653252539
317.0,12.192,1.7619081532664198,1.0439665320370974,0.73616049044035,0.3052650000638088,-0.0391994156027017,-0.021295892496556845,0.01379214287839122,0.0061358970570875426,0.1258645679547006,-0.39159521684890375,0.29796516228579106,-0.08505126947439057,-0.3892648844629495,0.7274919347829958,1.6532254272948708,0.46002978520148463,55.36901289622215,55.34950238017746,55.35385687149422,55.364046057995104
318.0,12.224,1.77175514353709,1.0425824817753795,0.7354746190251766,0.307718445958442,-0.043251570678685916,-0.02143348172416874,0.01427431242116157,0.007015322592288014,0.11338510873391153,-0.3903270338005364,0.30085065176129355,-0.08566464165729729,-0.38835998005091854,0.7274287428062886,1.6439758408978569,0.46005982808634016,55.374920328599025,55.35545814764692,55.35875393290774,55.370347898861375
319.0,12.256,1.7816883586935819,1.0410639534613604,0.7347863103409423,0.3104129736403724,-0.04745400981309707,-0.021509646382322063,0.014748306238143324,0.0077699361351984434,0.10093836472458537,-0.38925642309072306,0.3039992256637505,-0.08640014539109464,-0.38767393232374286,0.7273660568001862,1.6345930135370634,0.4600918775111984,55.38047150749838,55.36129024939378,55.36349136286825,55.376342657904935
320.0,12.288,1.7917141559246976,1.0394058838783338,0.7340974451982827,0.3133061634723666,-0.05181467446958155,-0.02152703570811388,0.015211786684791383,0.008395753807128108,0.08851746013475624,-0.38839501458580616,0.3073754795229637,-0.08725038719362083,-0.38721314603088963,0.7273034960281652,1.6250685760707002,0.4601260748366295,55.3856646545985,55.3669849465911,55.36806202393072,55.38201425771845
321.0,12.32,1.8018374861427648,1.0376030244046166,0.7334098197455584,0.31635406931460025,-0.05633935855366141,-0.02148829539763348,0.015662422372386145,0.008890327208156544,0.07611526246845728,-0.3877515950000996,0.3109428296693751,-0.08820734289091618,-0.3869812237731926,0.7272406825767584,1.6153952758385453,0.46016255004814155,55.390500032805015,55.372528046282405,55.37245940178763,55.387349903402615
322.0,12.352,1.8120618626125635,1.0356500126829373,0.7327251455959587,0.31951176468120845,-0.06103161630247733,-0.02139606717499116,0.016097866537218574,0.00925270948160837,0.06372447586499531,-0.3873321287250698,0.3146639369128612,-0.08926241040829236,-0.3869790611460085,0.7271772467130336,1.605567031183687,0.460201417042993,55.394979713304004,55.37790516111688,55.376677765992106,55.39234004786298
323.0,12.384,1.8223893468350307,1.0335414465126913,0.7320450499055217,0.3227338819521,-0.065892692820188,-0.02125299032615725,0.016515745723400036,0.00948340305752903,0.051337731898332586,-0.38713981928355856,0.3185011242895876,-0.0904064594391559,-0.38720497274163707,0.7271128319638658,1.5955789730169736,0.4602427699348105,55.39910735795027,55.383101935965314,55.38071231816632,55.3969783539836
324.0,12.416,1.832820551271541,1.0312719591621782,0.7313710753665672,0.32597513864094485,-0.07092147970353534,-0.021061704342326803,0.016913659004520753,0.00958429168142585,0.038947676686655636,-0.3871752061136537,0.32241678347969954,-0.0916298802281919,-0.38765484386510757,0.7270470998156232,1.585427473548664,0.4602866804311365,55.40288802498956,55.38810424587937,55.38455931112906,55.401261641245064
325.0,12.448,1.8433546583208602,1.0288362952273178,0.7307046801059836,0.32919084529122566,-0.07611449796438706,-0.02082485189323911,0.017289187815404894,0.009558559073743486,0.026547053328712655,-0.3874362914573013,0.32637376493205095,-0.09292263363279107,-0.3883223029851341,0.7269797339439865,1.575110162415426,0.46033319631502645,55.40632800420816,55.392898374318875,55.38821612631327,55.405189802313885
326.0,12.48,1.8539894548028129,1.0262293860998668,0.730047237499406,0.3323373900610199,-0.0814659102328432,-0.020545081455547436,0.017639916151567,0.009410596321608924,0.01412877884590369,-0.38791869225350806,0.3303357472404348,-0.09427430438991052,-0.38919891014421004,0.7269104438988864,1.5646259305186763,0.4603823410360022,55.40943468446416,55.39747118099268,55.391681302024665,55.40876567705895
327.0,12.512,1.864721381057775,1.023446424053569,0.7294000359299211,0.33537269546756565,-0.08696756394680613,-0.020225049046404524,0.017963460457954928,0.00914589990457724,0.00168601496805895,-0.3886158121046249,0.33426758187973155,-0.09567415915674693,-0.3902743568139061,0.7268389681875261,1.5539749219652006,0.4604341143860279,55.41221645299814,55.40181026651395,55.39495451054076,55.411994875862064
328.0,12.544,1.875545593637521,1.0204829339144905,0.7287642785331744,0.3382566431170614,-0.09260906684620254,-0.019867418648334533,0.018257508030395976,0.008770962110325764,-0.010787767743710737,-0.3895190286060703,0.33813561001190046,-0.09711121045580329,-0.39153667301982803,0.7267650767178037,1.5431585145666653,0.46048849420283355,55.41468262252522,55.40590413743617,55.39803648709538,55.414885549839454
329.0,12.576,1.8864560404398871,1.01733484125655,0.7281410829795587,0.3409514625739432,-0.09837789556064311,-0.0194748610504898,0.018519862262382506,0.008293155500766718,-0.023298732792803027,-0.3906178916172811,0.34190794869273977,-0.09857428717764183,-0.39297243797545733,0.7266885725840164,1.5321792894145112,0.46054543900762734,55.416843379438944,55.40974237141087,55.40092891786412,55.4174481113249
330.0,12.608,1.8974455470274276,1.013998536059669,0.727531481348653,0.3434220808606403,-0.10425953740252754,-0.0190500509658041,0.018748492649978295,0.0077206130327662935,-0.03585262787286652,-0.3919003284104384,0.3455547444348929,-0.10005211181196828,-0.3945669909411074,0.7266092931955671,1.5210409901039337,0.4606048914497215,55.41870974476812,55.41331577884078,55.403634296901345,55.41969491295137
331.0,12.64,1.9085059127699153,1.0104709307901172,0.7269364201516171,0.34563642945274026,-0.11023766467349584,-0.018595662407371715,0.018941587168756893,0.007062105405400373,-0.04845474229948832,-0.39335285205801995,0.34904839269616805,-0.1015333841165261,-0.39630463953767975,0.7265271107667282,1.5097484722374612,0.46066678239986536,55.420293539014516,55.41661655516004,55.40615576341167,55.42163989718478
332.0,12.672,1.9196280153641205,1.0067495119133114,0.7263567605543004,0.3475657060689124,-0.11629433990018025,-0.018114362416145318,0.019097604488299245,0.006326917182411809,-0.061109871700331476,-0.3949607698941742,0.352363722453692,-0.10300687051391438,-0.39816886326466555,0.7264419322007837,1.4983076438963039,0.46073103550988315,55.42160734252087,55.41963841678165,55.40849693092022,55.4232982301414
333.0,12.704,1.9308019222141013,1.0028323839297213,0.72579327884799,0.34918458906189853,-0.12241024948719109,-0.01760880332219923,0.019215323501765448,0.005524723210872718,-0.07382228980712643,-0.39670838938395403,0.3554781455827556,-0.1044614981422649,-0.40014251046832666,0.7263536984146515,1.4867253978264827,0.4607975720406252,55.422664444420924,55.42237671381779,55.41066171900918,55.42468593394981
334.0,12.736,1.9420170071037155,0.9987183051339071,0.7252466672066521,0.3504714028004435,-0.12856496236919232,-0.017081613791811154,0.019293887811808616,0.004665466814682785,-0.0865957271002437,-0.39857921923206796,0.35837177127764924,-0.1058864521852435,-0.40220798745396275,0.7262623831601328,1.4750095361460727,0.46086631575442594,55.42347877523935,55.42482851371472,55.41265419658256,55.425819530994765
335.0,12.768,1.9532620705624208,0.9944067144326606,0.7247175347598599,0.3514082330845419,-0.13473720941395417,-0.0165353889622563,0.019332843106300197,0.0037592411777005595,-0.09943335598160503,-0.400556164033008,0.3610274862225136,-0.10727127487395458,-0.40434743881907126,0.726167991405154,1.46316868843838,0.46093719767246255,55.42406482043826,55.426992651498495,55.41447844352872,55.42671571161273
336.0,12.8,1.9645254623174542,0.9898977487167098,0.7242064090000011,0.3519809923447911,-0.1409051786234633,-0.015972679995587116,0.019332165747121526,0.00281617524245927,-0.1123377820948708,-0.40262171118652396,0.36343100163978387,-0.10860596438929476,-0.40654291839257234,0.7260705573427716,1.4512122241515815,0.46101016051097354,55.424437514500596,55.428869744287866,55.41613843531533,55.427391034352254
337.0,12.832,1.9757952042412907,0.9851922504563377,0.7237137375313853,0.35217943511989225,-0.14704682063662586,-0.015395983394242405,0.01929228134634751,0.0018463253360102585,-0.12531104137275434,-0.40475810916216876,0.365570868707706,-0.10988107179683336,-0.4087765503985991,0.7259701420974806,1.4391501602761452,0.46108516263191934,55.42461211711623,55.430462169639505,55.417637952894175,55.427861665316634
338.0,12.864,1.987059112243259,0.9802917653785905,0.7232398901580607,0.35199712506150915,-0.1531401586796001,-0.014807730416396117,0.019214072582131144,0.0008595735964222439,-0.13835460236876923,-0.406947536487264,0.36743846414531733,-0.11108779411489741,-0.4110306806267626,0.7258668311977262,1.4269930653149934,0.4611621813715616,55.42460407466569,55.4317740090815,55.41898051834443,55.42814316048662
339.0,12.896,1.9983049156179136,0.9751985302762235,0.7227851612969136,0.3514313554579537,-0.15916359694896964,-0.014210276910845547,0.019098875979911775,-0.00013446588458264255,-0.1514693734228671,-0.409172261053928,0.3690279480125097,-0.11221806164667647,-0.4132880174947224,0.7257607318808194,1.4147519605957497,0.46124121564260745,55.42442887127726,55.43281095960616,55.42016935518626,55.42825029262055
340.0,12.928,2.00952037244903,0.9699154511898698,0.7223497726933232,0.35048302597238923,-0.1650962214485538,-0.01360589386219939,0.018948467828451623,-0.0011265324605510012,-0.16465571421496314,-0.4114147894983741,0.3703361959644531,-0.11326461779398923,-0.4155317629451762,0.7256519702920576,1.402438219997755,0.461322287739952,55.42410187439715,55.433580217056345,55.42120737114142,55.42819692226942
341.0,12.96,2.0206933797749955,0.9644460723891894,0.7219338764085236,0.3491564789364212,-0.17091808752126,-0.012996758899989207,0.018765039795183274,-0.0021077953109635604,-0.17791345127465433,-0.4136580065083465,0.3713627083365427,-0.11422108970908718,-0.41774573314201385,0.7255406886341763,1.390063469177352,0.4614054443147857,55.423638179930116,55.43409033598926,55.4220971604633,55.42799591093884
342.0,12.992,2.0318120773463666,0.9587945367506374,0.721537558041081,0.3474592991053457,-0.17661048870475077,-0.012384948982580708,0.018551165140214,-0.0030699204299697433,-0.19124189703680794,-0.41588530397434137,0.37210949851993996,-0.11508204832487792,-0.41991446893103773,0.725427042316691,1.3776394853722809,0.461490756515219,55.42305246185582,55.4343510710989,55.42284102255856,55.427659073142266
343.0,13.024000000000001,2.0428649439464786,0.952965538284424,0.721160840139618,0.34540208125349825,-0.18215620206916955,-0.01177243442071831,0.018309756695677828,-0.004005128033074921,-0.2046398720584655,-0.41808069992810143,0.3725809631240381,-0.11584305652713012,-0.4220233360211291,0.7253111971476405,1.3651780988492963,0.4615783193223181,55.42235883068549,55.434373205318614,55.4234409936143,55.42719716335329
344.0,13.056000000000001,2.053840885397808,0.9469642676975673,0.7208036857601645,0.34299817035404717,-0.18753970583927274,-0.011161074357921703,0.018044017976457813,-0.00490624036746205,-0.2181057300402255,-0.42022894722026394,0.3727837364139204,-0.11650070448638657,-0.42405861482992496,0.7251933266030424,1.3526910970282329,0.4616682501374797,55.42157070450719,55.434168369735076,55.423898888039574,55.42661989325032
345.0,13.088000000000001,2.0647293135367755,0.9407963519909074,0.7204660021192795,0.34026337934273093,-0.19274736583312063,-0.01055261377765764,0.017757388920527636,-0.005766720074383653,-0.231637385322784,-0.4223156318865267,0.37272653146546253,-0.11705263144522016,-0.42600757993098565,0.7250736092023271,1.340190132271012,0.4617606866997519,55.42070069556059,55.43374886014892,55.42421634684728,55.425935974436804
346.0,13.120000000000001,2.075520215604144,0.934467789173771,0.7201476442933182,0.3372156896052633,-0.19776758803551048,-0.009948682061288591,0.017453487827520965,-0.006580699397872064,-0.24523234255488835,-0.4243272611473912,0.3724199704024085,-0.1174975335490904,-0.4278585690407642,0.724952226011379,1.3276866342661777,0.46185578442961106,55.419760514513584,55.43312745481751,55.42439489043505,55.42515318170463
347.0,13.152000000000001,2.086204213663536,0.9279848792397207,0.7198484189148335,0.33387493935600726,-0.20259093543907228,-0.009350793077646932,0.017136051078109334,-0.007343000659369359,-0.25888772825126755,-0.4262513409852437,0.37187484315890934,-0.11783467103070812,-0.4296010710095943,0.7248293581314752,1.3151917278694962,0.46195371330870594,55.41889177523711,55.43224847922898,55.42430498083545,55.42434719694099
348.0,13.184000000000001,2.0967726138235445,0.9213541525805794,0.7195680878074026,0.3302625050002614,-0.20721020809816632,-0.00876034710721798,0.016808383446631495,-0.008050757780191856,-0.27260035167160834,-0.4280764597657909,0.3710917130845162,-0.11806092806433834,-0.4312269320331799,0.7247051831564902,1.3027161571802177,0.4620546544128482,55.418966422799826,55.4306462968366,55.423082915030136,55.42400493006291
349.0,13.216000000000001,2.107217430919034,0.9145823061261729,0.7193063713867598,0.3264005342340501,-0.21162020170020412,-0.008178638145086424,0.016470292274484682,-0.008714246669286089,-0.28636693755060355,-0.42979298547091194,0.370100030778994,-0.11818261427384524,-0.4327281822879499,0.7245798762076265,1.2902702334738492,0.4621587957968242,55.41686835588991,55.43000315012173,55.4238564123606,55.42246240539692
350.0,13.248000000000001,2.1175312933676036,0.9076762091707637,0.7190629516175813,0.32230820151779555,-0.2158155298565346,-0.007606867786828779,0.01612950649341983,-0.009318256081898063,-0.3001835084402749,-0.4313921830335571,0.3689114512775262,-0.1182008722638664,-0.43409770150210303,0.724453606807137,1.2778639206732643,0.46226632158553005,55.415742199735874,55.42873607026584,55.4234914725304,55.421319675874614
351.0,13.280000000000001,2.12770757058755,0.9006427622069391,0.7188374754393789,0.3180086631233284,-0.21979521761952123,-0.007046130568823244,0.015789420511714863,-0.009860191274159427,-0.31404605562277255,-0.4328662102374757,0.36754241144219274,-0.11811880802176088,-0.435329150700272,0.7243265377022479,1.2655066532405181,0.4623774032625001,55.41459979244548,55.42734579672693,55.42298639741774,55.42009215498748
352.0,13.312000000000001,2.1377403857768007,0.8934888293699891,0.7186295579443823,0.3135254746640806,-0.22356040115468678,-0.0064974217186437805,0.015453072959293442,-0.01033811136423207,-0.32795035905623926,-0.4342080416168263,0.32491535564803126,0.1330050545356053,0.5439604224440534,0.733832068242795,1.2532072894651263,0.45122735344928777,60.56492051016129,56.12052434503098,55.43776255345269,55.96948486233949
353.0,13.344,2.147621621409624,0.8862188799405936,0.7186418998706375,0.3087886135257514,-0.2271859196686223,0.0003856851954753482,0.010738798640676861,-0.01401587085238094,-0.3431006625698901,-0.47187748293836257,0.31514056558909614,0.14246515646909502,0.594401988639015,0.7425239603455155,1.2409746936542672,0.43963364481678224,57.84582276061955,56.38993814094139,58.05866355679206,55.51454817647022
354.0,13.376,2.1573275566552526,0.8788926387073637,0.7190353089768123,0.30331047642588566,-0.2289450385384339,0.012294034567962565,-0.0015125544064068391,-0.01811281827342204,-0.35010942893497426,-0.21840827237331648,0.303457982415064,0.1512002577585476,0.647153848198711,0.7505755156377842,1.2288604912183407,0.42824212402697914,58.01209733923005,56.00837251009308,57.46758026218782,56.009056609036676
355.0,13.408,2.166858790456264,0.8716472452403732,0.7199731854096801,0.29785105628160585,-0.22641854584345264,0.029308638527118763,-0.016808286422271862,-0.024841880606412445,-0.3420391232384429,0.25021199437369057,0.29016466517995115,0.15892768171783125,0.7015226071968337,0.7581163967043718,1.216936967164891,0.4172008009062069,57.4008924808726,56.399788453051556,57.06481629021927,56.26067786674774
356.0,13.44,2.176202381779483,0.8646571591798666,0.721426465634527,0.2919872288505984,-0.21844018939082951,0.04541500702646274,-0.034315509943434165,-0.032153420910298935,-0.3257714764717702,0.5021844437711349,0.276978862399106,0.16684752972357791,0.7590384464573521,0.7651429012156324,1.2053085358508788,0.40664229343643876,56.962051112524925,56.610948162551075,56.91839182487421,56.24207876410319
357.0,13.472,2.1853410969354585,0.858117560328962,0.7233513133214854,0.28558484862423156,-0.2043624640907687,0.06015149021745125,-0.05368454396047066,-0.03784903276970461,-0.3048423897752161,0.6452262492533362,0.2633632398186314,0.17605598465824923,0.8249704634023761,0.7716505695516215,1.1940943286790455,0.39671306387602545,56.78000729415806,56.55959766959368,56.74382710445871,56.245259872426935
358.0,13.504,2.1942706426683167,0.8522339174624999,0.7256990650007784,0.2790483041518186,-0.1838638395769419,0.0733672399779068,-0.07461549180777227,-0.0420837602421755,-0.28065969083341263,0.745144641928294,0.24879296741107074,0.1869264143699333,0.9020953281816539,0.7776420817037303,1.1834080094245083,0.38755723526881714,56.69680705423215,56.40814566996727,56.5774809583274,56.23833959757884
359.0,13.536,2.2029946360795574,0.84722050183213,0.7284161925327495,0.2726247941012697,-0.15666923844905714,0.08491023537409569,-0.09684423310863066,-0.04572716095850425,-0.25359258435276205,0.8322782885115413,0.23289876504906923,0.19905704309929528,0.9900975507214241,0.7831339897121246,1.173361527648557,0.3793187195298786,56.64108025994597,56.23498156962105,56.43639396027981,56.2112156017652
360.0,13.568,2.2115125585505733,0.8433009648732207,0.7314446508748634,0.2661850772192468,-0.12248552996591683,0.09463932319106116,-0.12012983523391556,-0.04962712721066863,-0.22353089625801345,0.9197745313303652,0.21570646771443702,0.21086297597694398,1.083661782346932,0.7881750857635,1.1640762732737941,0.37214960207798886,56.57254236461777,56.09386536128287,56.33730471183295,56.16043271110157
361.0,13.6,2.219807674191172,0.8407081662245314,0.7347233922287751,0.25922236376871277,-0.08102495777154155,0.10246066730974075,-0.14423561422506553,-0.05415666024163998,-0.19026866019261224,1.0104950146450398,0.19855995215587952,0.21835988530613298,1.1659948882186029,0.7928873384244353,1.1556942454789905,0.36621849435834297,55.68939574493589,55.34843709459496,57.06998226485252,56.7889414208992
362.0,13.632,2.22783945806068,0.8396825860023066,0.7381942796100613,0.2509932459221207,-0.032049381944523864,0.10846523066519374,-0.15691978798325937,-0.05843488925716488,-0.15408242319254248,1.096336915343879,0.17126707483426715,0.19474408009252578,1.1892345923584862,0.796453469129877,1.1483850372606037,0.36171660681142015,54.94559532663575,53.40741637468118,57.29091735251797,58.457505596414116
363.0,13.664,2.2355306034654023,0.8403415883550819,0.7417928275428515,0.24034829389757406,0.020593823524227266,0.11245462289969148,-0.14641216112429398,-0.0669891457451651,-0.11688983545134406,1.1064442033844915,0.1491443516939382,0.13730465163448302,1.0417246195136067,0.7983139540602922,1.142288275965417,0.3587685513665714,55.31671093872535,55.71368416654067,56.014984492054666,55.87688959972287
364.0,13.696,2.242721619116244,0.8425660850204912,0.7454710754523843,0.22471923908880234,0.06951552079404241,0.11494524717290182,-0.1257542163211492,-0.07779759055076993,-0.08178328177557793,1.038463795372573,0.1553285414453764,0.07869284914657887,0.6565035789923653,0.7992313324491382,1.137489659998213,0.3573810073835414,53.19660589159105,57.56024550048204,57.14296712902312,54.30716838565296
365.0,13.728,2.2492302259527053,0.8461359263114255,0.7492383553476732,0.20339396363941423,0.11155754034169661,0.11772749672777835,-0.09519083632039031,-0.07605041043155249,-0.05113040741230784,0.955470555108616,0.1831574759271891,0.03129260721635657,0.2369037645813805,0.7997289536130626,1.1340392587927763,0.3575120298359301,54.088867176876946,56.552223753662815,55.369259883924,55.78017046924707
366.0,13.76,2.2550213737171028,0.8507085973825487,0.7530363202942225,0.18097336763742128,0.14289597097259785,0.11868640457966459,-0.05845520487649034,-0.06374277536096068,-0.030336763684605302,0.6759798953744408,0.21821555220412286,0.003968621095363471,0.02545857539003413,0.8001887579041195,1.131790635982913,0.35890961925654397,54.502729576500045,56.140592272638614,55.01840714102191,55.98262972482097
367.0,13.792,2.260189619710235,0.8558893953108755,0.7568322180123926,0.16150768728538642,0.16189993526021296,0.11862180369281636,-0.018820508892733182,-0.04848510933879549,-0.0197204872959267,0.34949105091424776,0.246210645698332,-0.005840249933701218,-0.03320253228135244,0.8006373860343057,1.130453753156807,0.36120946865383985,54.78839477800439,55.85690664109586,55.21262313369891,55.67488560338985
368.0,13.824,2.2648746200178524,0.8612689241484739,0.7606205784136215,0.14640625961304096,0.16811027617494992,0.1183862625384022,0.022054835582257605,-0.03087345734842624,-0.015170260232657176,0.1412279433609795,0.2588255353092673,-0.006986714107426349,-0.03778230369830232,0.8007949470680633,1.1296865380543621,0.3640161017928135,54.95837322232425,55.58719434885143,55.301648116181916,55.388867977891856
369.0,13.856,2.2692469455204924,0.8664321073666694,0.7643804733805886,0.13663517195749975,0.16134947556861026,0.11749671771772013,0.06357525079738786,-0.011016295547194814,-0.0129118684982447,0.04394655091879055,0.2528600583903959,-0.006713752031971813,-0.037163026499825405,0.8002794960205595,1.1291110135650162,0.36690447544951665,55.64194570262884,55.596800871167794,54.53843691492664,54.90802005606215
370.0,13.888,2.2735014358095413,0.870963031179576,0.7680490486852292,0.13295282153277788,0.14159136915332923,0.11464297827001858,0.09794844889922845,0.007256517365412795,-0.01141966758463626,0.00041297978025656157,0.22820439652815538,-0.007157714639358808,-0.04389712239237687,0.7987603486010971,1.1283212613882716,0.369419151606872,57.28315544610901,54.421503939484566,52.591781561669436,55.6306734769844
371.0,13.92,2.2778167075558984,0.8745194961752114,0.7715810675915002,0.13485224207365742,0.11113953111360754,0.11037559082097127,0.12421679460899092,0.009540623031439713,-0.011370084930484302,-0.006373291085209463,0.19138590254426102,-0.004074102691664687,-0.029797818815745034,0.7961637921004192,1.1269627108940314,0.37117624287088447,56.77371588501339,55.14226942958709,52.734270771963736,54.45941533831217
372.0,13.952,2.282211411852426,0.8768535945333255,0.7748492610576797,0.13733450926649282,0.07294057369106384,0.10213104581810799,0.13254966120970071,-0.002104981815384221,-0.014085899194225319,-0.03757779098670348,0.15115063313708263,0.009112503211195753,0.0843005533604294,0.7927379151982474,1.1248594754871137,0.37191711387641047,55.33846175052261,54.819595073936384,54.155256437129594,54.1866097363273
373.0,13.984,2.2865675023156435,0.8778954415002219,0.7777671346650992,0.13612782697554326,0.032557717715514495,0.09118355023185815,0.12997242974193096,-0.019909032833860262,-0.015393825738861326,0.03230273279572403,0.12212756267002149,0.03235440192520256,0.36256331184851254,0.7890314000190491,1.1220497799973868,0.3716031603784292,55.24302766095259,54.36369085454635,54.56034727958355,54.118641769778634
374.0,14.016,2.2907115046388316,0.8776755687533577,0.7803143542623573,0.12950007259962526,-0.006871023339505977,0.07960061241431622,0.12358572066733535,-0.04017938435831438,-0.011210547074508099,0.20972342640198272,0.11512439645287673,0.05884005071918978,0.6614831031284316,0.785652227046708,1.1186791692616622,0.3703246854589328,54.272677044880226,55.405149612218736,55.87500017672052,52.93548890247622
375.0,14.048,2.294452933212071,0.8762568389621962,0.7824952139354189,0.11691964291372915,-0.04433530597379785,0.0681518647831745,0.11332998439975943,-0.04775492124680814,0.0003041243485592512,0.3849553315897037,0.1344843510067848,0.07650698268633992,0.7241238785812023,0.7831338215920332,1.1149298545304172,0.3682147466112923,53.85217893802883,56.080906940323956,56.36001240157955,52.77461021131842
376.0,14.08,2.297728177169562,0.8737256475337881,0.7843923129187145,0.1023513736715941,-0.07909973213775227,0.05928434322798737,0.09981262536858351,-0.032946186666862554,0.02007654643999234,0.5647048936387968,0.17747909865541883,0.0731278453546657,0.5471750353683603,0.7819418425041117,1.1109027795775832,0.36539398888787966,55.007174904085666,55.33262621616874,54.932237368204134,54.6769054892028
377.0,14.112,2.3007003764134084,0.8702067552743482,0.7860385841703165,0.09288122637020327,-0.10996538310749708,0.05144597661256226,0.082343218452939,-0.009821756662688672,0.04524938289644155,0.7176026043197894,0.2292142573863733,0.04962880308914297,0.29851606991495866,0.7822981004896289,1.106538566875352,0.36188444934727904,54.88968740380943,55.9431545417557,54.78182204771588,55.40470104738894
378.0,14.144,2.303612354799388,0.8658666456340146,0.7875462978385169,0.0909993245618578,-0.1356284262604249,0.047116052131264366,0.059604153875890256,0.018367115012525345,0.0660445884808999,0.5858615848618942,0.27771843623798353,0.025427317061188566,0.12782467787524576,0.7840357667668647,1.1017443854775715,0.3577378980333108,55.092053143913226,56.16357939490391,54.98002058066128,55.74064195761719
379.0,14.176,2.306748451202036,0.8609393470744954,0.7890730890738512,0.09800301258275348,-0.1539780799849759,0.04771222610419619,0.0342498688320762,0.048684003982631285,0.07861043667281702,0.3476632445900527,0.3185623254004478,0.018926105037941347,0.08307774065203154,0.7868395554582654,1.0964360744317185,0.3530601428503515,55.46247670554368,56.10348315337393,55.34852655818965,55.765862126111486
380.0,14.208,2.3104042620253065,0.8557041504579437,0.7906920630368719,0.11424408822720268,-0.16359989426724036,0.05059293634439642,0.006836629539739343,0.08010281867186293,0.0857604108429268,0.20280433042885354,0.33307959861122244,0.03224506481325104,0.1351114035603338,0.7898215800962206,1.0905400516621657,0.34795371040710454,55.68531840108424,55.894233844341706,55.57334410664203,55.635200370858634
381.0,14.24,2.3148764079129855,0.8504693836959248,0.7923979659448926,0.13975455898997113,-0.16358646131308857,0.05330946587564842,-0.022209913910369413,0.11215480193311543,0.09083901204367399,0.16570730481973828,0.32801116620096366,0.0588924288437757,0.24871166642396883,0.7925217867653083,1.0839911281614678,0.34251130404638275,57.255208816847215,54.1897810214428,54.2095405551248,56.942950904112294
382.0,14.272,2.3204610975379585,0.8455627046891371,0.7941600430528558,0.17452155078040416,-0.15333371896211742,0.05506490962384892,-0.052933318648277,0.12926905334593566,0.09436718823162218,0.12948559635345935,0.315424386533169,0.09172790968366018,0.3962035076736846,0.7951539556444921,1.076731637561473,0.3368326964644677,57.172757174878505,54.20993251625165,54.6383229371523,56.53427595049825
383.0,14.304,2.3272958450809824,0.8413137105732731,0.7959269007543135,0.21358586071949773,-0.1327810661207496,0.05521430317055246,-0.08391888746449881,0.12713220335537304,0.10343941969599625,0.2759946286358034,0.2956648951347619,0.11596298435516977,0.5232830731896745,0.7980214523372154,1.0688333994055836,0.33109462431305137,56.20157420972124,55.24322042969913,55.665376011372764,55.63457601317938
384.0,14.336,2.335318265416733,0.8380433467490489,0.7976808419753435,0.2507006354922068,-0.10219886950700575,0.054810663157187724,-0.11493507511296876,0.12115284941054102,0.11744792151536712,0.41376778369150236,0.27229743786526317,0.1228591889888129,0.5933859139388927,0.8014013220847805,1.0605324639626863,0.32558800007564304,55.84653058664964,55.053512438899524,56.082941109768804,56.15748673652936
385.0,14.368,2.3444195685409825,0.8360779187769465,0.7994457629751675,0.28441572263279674,-0.06141962412820051,0.05515378124449836,-0.14012777170104423,0.11216087548407046,0.1352233532726518,0.5115541070416485,0.24891531854044213,0.10550241826368728,0.561253038904945,0.8054756336290982,1.05211588100789,0.3206590184677903,53.963996318680934,53.458637416510705,57.967336231080544,58.273899405797586
386.0,14.4,2.354449229992348,0.8356769880604296,0.8012048427248798,0.31342692035517233,-0.01252908489115383,0.05497124217851072,-0.14401541626294465,0.1001031792643499,0.15669877967216433,0.6072935906488449,0.2311343591842944,0.057705786520775064,0.34252655359208245,0.8100892232485634,1.0438733769464337,0.31661534687817294,55.694556491671854,55.849347987894284,55.838127108555575,56.7424037605602
387.0,14.432,2.3652497497221825,0.8368854377352052,0.8029999434009701,0.33751624155732546,0.037764052336738234,0.05609689612782321,-0.13951042624740911,0.08270506494224932,0.1787671841229664,0.6031037389262843,0.22336181031239208,-0.006404350863827617,-0.04013056375405623,0.8143213736015928,1.0359907251335767,0.313639292901399,55.2801346108539,56.242636365785465,55.4175219990751,57.0279574548649
388.0,14.464,2.376622194882966,0.8396461822655743,0.8048689514091691,0.35538891127448424,0.08627326657403489,0.058406500256218775,-0.13113260913916952,0.0602346875232027,0.19090879000786104,0.2802900161738346,0.2248535295314257,-0.06575667487027889,-0.39831224869350035,0.8179865640999472,1.028634678252527,0.3118531726033569,55.153897275995355,56.24130697707587,55.31287369955387,56.9398730579427
389.0,14.496,2.3883407923599127,0.8438382847748616,0.8068316235526026,0.3662061711545841,0.1310032034152266,0.06133350448229638,-0.1199332775402423,0.03399095587107242,0.19122227878157874,-0.09297933141278501,0.23383855752332247,-0.10985709177115985,-0.6148745978246591,0.8204787390762697,1.0219567931656712,0.31132480710584176,55.10966744559404,55.93349034537253,55.28963726759574,56.55339543346474
390.0,14.528,2.400165064015919,0.8492908647417526,0.8088450978520876,0.3695084892502001,0.17039312396534612,0.06292107185890469,-0.10573247747249914,0.004892024899849195,0.18231154757194326,-0.3790715482940614,0.24785496579039595,-0.13712297912959873,-0.7074569569536001,0.8217885638618797,1.0160819217289898,0.3120418212496301,54.655251835588906,56.025574743857426,55.73578140358746,55.67900012995708
391.0,14.56,2.4118443596573558,0.8558009047555443,0.8108595319603918,0.3649779887948953,0.20343875043098822,0.06295106588450819,-0.08859135898997952,-0.01905043452708331,0.16671705123744066,-0.5576680423898551,0.26473950842349003,-0.1503088529983084,-0.7229280862376731,0.8220692624654028,1.011113519683128,0.3139422446467761,54.164918674878805,56.19843654465018,56.199375825428774,54.826898131048665
392.0,14.592,2.4231883667331124,0.8631553506832256,0.8128278291267044,0.35450022111739554,0.22982643524004068,0.061509286447266415,-0.06876853205469673,-0.029534890540145693,0.14679724218576634,-0.6461966563943102,0.2826019280227583,-0.152590739910155,-0.6931317149924864,0.8215311697095155,1.0070887707493201,0.3169087838977016,54.20369874631831,55.90744274307488,56.108448489587715,54.592444727223835
393.0,14.624,2.4341409025626777,0.8711456822965733,0.814710563871752,0.3422667446739133,0.24969786291711613,0.058835460782738436,-0.04661041245089127,-0.027085355175155798,0.12515745036279163,-0.6705001401035515,0.29946977567934124,-0.14723589182271768,-0.6397293884859745,0.8204014760599452,1.0039317106407308,0.3207654420270559,54.47902974978233,55.45230093977017,55.77196460793242,54.67561041147428
394.0,14.656,2.444768581832159,0.8795622818821578,0.8164808386818228,0.3321149771712964,0.2630187370495152,0.05532108781471085,-0.0224736185195228,-0.016210725311133246,0.1038650836825644,-0.6531781577534405,0.3137581632607019,-0.13792755385147232,-0.5798383868179702,0.8188920230716493,1.0014634204512474,0.32529306472140906,54.811220139744535,55.00826001765253,55.37655821597194,54.88615925432207
395.0,14.688,2.455213254937232,0.8881839296071324,0.8181217484772271,0.32639603453352123,0.26942649140545744,0.051278431106385004,0.0033498914531780253,-0.0024382236868649943,0.0841080064784456,-0.6133233750510624,0.3246762258027403,-0.12809163565222864,-0.5260840473537539,0.8171798394112613,0.9994354867762699,0.330245282834437,55.077715292568215,54.68784030209737,55.04757212870943,55.08848980839103
396.0,14.72,2.4656366535537795,0.8967704903064062,0.8196206808684274,0.3257312067671128,0.2683300218523051,0.046841637225011154,0.030614158307776567,0.009717210268923854,0.06619343339109571,-0.5662746716600209,0.3321912633707566,-0.12009052084894216,-0.48564858375766257,0.8154041989789652,0.99756839013456,0.33536110900407323,55.227443308050844,54.53207825089914,54.842314600554836,55.2151753060971
397.0,14.752,2.4761759939563293,0.9050611582122082,0.8209651797565904,0.32935438757968033,0.2590833720563128,0.04201559025509418,0.059069526298760756,0.0176631359556722,0.049800573746434554,-0.5229142239938723,0.3366604847497048,-0.114948981424988,-0.46063882037209564,0.8136756060050447,0.9955826098013297,0.3403737474120506,55.275723497018625,54.51886611162413,54.75650134262526,55.26425711353266
398.0,14.784,2.4869186813651227,0.9127770216746187,0.8221414763469601,0.3357089815247957,0.24112073320032754,0.03675926844905194,0.0884436152398508,0.020597540050850554,0.0343115957057963,-0.4894476458740656,0.3384690808230291,-0.11256378481484293,-0.4494854882790832,0.812090418156808,0.9932168139415789,0.3450154532323244,55.27062275205061,54.59801424391502,54.75590688798333,55.268666765738985
399.0,14.816,2.497894421942096,0.9196256540898695,0.8231345310830884,0.34299189303041405,0.21401976297658729,0.031032960504009915,0.11845382610832991,0.01885440004990699,0.019074313180063703,-0.4679652812525112,0.33786305641518954,-0.11193793320789314,-0.44790178703572464,0.8107474319677328,0.9902341843909112,0.3490190332515386,55.49652843932979,54.960640374343484,54.57247028166513,55.0281043697843
400.0,14.848,2.509078157979227,0.9253059760596207,0.8239287732976354,0.34949175116034925,0.1775100615547252,0.02482006920459174,0.14505732976749913,0.013217322318594777,0.003588260748386296,-0.4565928348551419,0.33499032196268863,-0.11104185865014826,-0.44811151810182054,0.809764356934787,0.986421560959032,0.3521175682422859,56.06362283480002,55.659735879188226,54.116733722366625,54.48669541096515
401.0,14.88,2.5203970985481745,0.9295493907243387,0.8245161871575994,0.35371689277960383,0.1326067082724375,0.018356683123877515,0.15921235544124576,0.0045036140396901665,-0.012332499224375931,-0.4505170342480614,0.33041857767578103,-0.10625196271074874,-0.43557420547360726,0.8092686540893077,0.9816133497329124,0.354079129066169,56.39173144787944,56.1356899798821,53.99194425802919,54.18821441092872
402.0,14.912,2.5317409010290604,0.9322101281235998,0.8249119345204717,0.3544938275276823,0.08314804372690908,0.01236710508975904,0.15599194248456788,-0.006122836060328093,-0.028316387316819718,-0.4412037748636384,0.32576048254384016,-0.09327602732395292,-0.3904204209461906,0.8093216800672253,0.9757524395902726,0.3547892677912037,56.00350245734755,55.97804013281082,54.671384527375636,54.49371343624259
403.0,14.944,2.542980073396991,0.9333168771212181,0.8251579754278082,0.3512241364978377,0.03458590617557222,0.007688778354265201,0.14148513582302336,-0.016390879791838207,-0.04324672983781198,-0.4138669163030477,0.3229139721713353,-0.07104772467480433,-0.30319793034269765,0.8098237562001357,0.9689204258089096,0.3542954706707234,55.46863099060312,55.69283207562238,55.51335245335471,54.846475424494045
404.0,14.976,2.5539950488546914,0.9330147849851531,0.8253070295790915,0.34421798305313245,-0.009440379252031996,0.0046579422276031525,0.12371429674007843,-0.02345748218953364,-0.05562119554660214,-0.354056411407791,0.32254612124693854,-0.04324365688613853,-0.18658493287383615,0.8105390580826739,0.9612797816395737,0.35274686431605273,55.453293623463786,55.77353901281656,55.7458354174128,54.7557041139242
405.0,15.008000000000001,2.564706939186701,0.9314851111900448,0.8254001671807376,0.33474657287529935,-0.047802306097133276,0.0029105500514402223,0.10293387204958539,-0.02570238463517456,-0.06436143266919456,-0.2633818425404704,0.3242387663777409,-0.015019522480481117,-0.06480505440355612,0.8112119133549123,0.9529952728987822,0.3503120595545789,55.47443531812256,55.72407045165063,55.79816781019045,54.75422552411473
406.0,15.040000000000001,2.57509534686427,0.9289392925338236,0.8254625307901405,0.32463773992402717,-0.07955683300691484,0.0019488627938414587,0.07945380758133506,-0.023143374953824642,-0.06913089625527204,-0.15567596885484725,0.3271968712554521,0.008580639780128338,0.036706166798240764,0.8116632892951262,0.9442186378243209,0.3471731528860621,55.495691773534816,55.6062302538153,55.70829112046671,54.828224097573866
407.0,15.072000000000001,2.585197061454528,0.9256128768786103,0.8255059289238224,0.31567858094556894,-0.10395048922541551,0.0013561916775567382,0.053631061154404504,-0.01686718676972175,-0.07035573620961878,-0.051229806830300866,0.3304456244613231,0.02467036552877859,0.10432746788428311,0.8118452425091011,0.9350862030761035,0.343525194307174,55.51898224462987,55.46260706521785,55.531482718660925,54.96562879921461
408.0,15.104000000000001,2.595092137791611,0.9217611578893673,0.825534212653567,0.30922113553384617,-0.12036621841384268,0.0008838665545192462,0.025833713471152004,-0.008660791554594,-0.0689634051746301,0.03328930667077113,0.3330183536377238,0.03280655274560157,0.1374742722518686,0.8118269379491408,0.9257257170757331,0.3395786008908297,55.55331844354951,55.324956863939114,55.33122650465048,55.14284822193648
409.0,15.136000000000001,2.6048826815682937,0.9176568388278554,0.8255479587639957,0.305954493021329,-0.12825997067224595,0.00042956595089696476,-0.0035894726419928294,-0.000625011404090832,-0.06599494089225363,0.08997539229266203,0.3341526959241423,0.0334934180933028,0.13986028308382667,0.8117442386776128,0.9162689174021065,0.33556200721180296,55.591037938469874,55.22572625332325,55.16298042075473,55.3287525427367
410.0,15.168000000000001,2.614669344156327,0.9135888595629367,0.8255468677975057,0.3058332058760435,-0.12712435202871092,-3.409270281015672e-05,-0.034315032006962835,0.005313811365553022,-0.06235646465070525,0.11721323093738943,0.3333834776425349,0.02637685621163252,0.1105358741564877,0.811749401071439,0.906866052425008,0.3317234644301763,54.91412374452612,54.49544279444352,55.7545733543686,56.199963731574826
411.0,15.200000000000001,2.624530665672215,0.9098612452691094,0.8255313890471855,0.30816629737150075,-0.11648794668210259,-0.0004837109475082364,-0.05482576347240698,0.007779492260816563,-0.05887164084224719,0.11222949801379942,0.3304802857269309,0.009117283559649384,0.038613378014064885,0.811961842620001,0.8976985963664625,0.32832954669896974,54.22400716186062,53.86601398699418,56.380299480019325,57.0327571348847
412.0,15.232000000000001,2.6345023675604367,0.9066790375850419,0.8255093172737165,0.31161568400692147,-0.09944399012710983,-0.0006897429209069821,-0.05395759346025285,0.006063773276477276,-0.05657168817826844,0.06885073574396228,0.3261072848778198,-0.01845894947211884,-0.07916101094598871,0.8123586551714002,0.8889066152354598,0.3255672781026814,54.809443613756436,54.7083275563431,55.709917507488264,56.40308055166141
413.0,15.264000000000001,2.644565573717461,0.9040351426485157,0.8254883747457087,0.3144751924070152,-0.08262171676644274,-0.0006544540002428873,-0.042660883570962205,0.0009918065712904505,-0.05674406718294917,-0.013034753557920957,0.32077331599252135,-0.04917387151081702,-0.21295917165994463,0.812728010440375,0.8805065591428555,0.3234392211635716,55.15898515659905,55.32913236066039,55.251339971219245,55.880890439565995
414.0,15.296000000000001,2.6546630616750635,0.9018189931335708,0.8254719647658968,0.31554649867507306,-0.06925467234202698,-0.000512811869121665,-0.02876001486338982,-0.006060783476152869,-0.06040189048581264,-0.12210622658428548,0.3139116859641525,-0.07562117872397811,-0.3309534889370134,0.8128211329775517,0.8724588592970084,0.32185299845130744,55.094498551682406,55.334199061068205,55.20838412180382,55.804072661828926
415.0,15.328000000000001,2.6647172516138853,0.899894782382144,0.8254486266119359,0.31419343558818064,-0.06013158598208718,-0.0007293173112793421,-0.012463315635879338,-0.014613370803362774,-0.06777575680609448,-0.2358914641390295,0.3095416341583461,-0.0952995897942326,-0.4181299066075411,0.8126301257084891,0.864712483216514,0.32068217555787193,54.78913317826448,55.57675426184396,55.47288632237088,55.41421900866544
416.0,15.36,2.6746337450905266,0.8981051582185983,0.8254038617361696,0.30989042114505955,-0.055925755110808606,-0.001398902367694209,0.005971634481131694,-0.019753613430416022,-0.0784709357564837,-0.33471285192909245,0.3052751669354383,-0.10610793569632529,-0.46832581856973177,0.812144994003332,0.8572053117460888,0.3197741754327452,54.86599457929688,55.433423669010196,55.39500766301646,55.362030439865705
417.0,15.392,2.684348485733665,0.8962714505854005,0.8253194491309227,0.303585645098067,-0.05730336353743088,-0.00263789391396693,0.02628438996895048,-0.02239923097358796,-0.09154557060443848,-0.4071317362481318,0.30062026856248114,-0.10745593902710093,-0.4806116326379573,0.8114093725321387,0.8498342943006979,0.31895356157026367,55.46995951845538,55.78617001261614,54.82794532610552,54.80565441750407
418.0,15.424,2.6938164088819345,0.894196661040878,0.8251768764778565,0.29587259838342844,-0.06483717326632646,-0.004455395408317626,0.04012039804403674,-0.023619435248723154,-0.10591268844415677,-0.4473583758898137,0.29591622317335875,-0.09909646614821709,-0.45239884690071763,0.8105039110691278,0.8424654924122432,0.3180282455222714,56.06022906918456,56.206450436058205,54.31970151850497,54.19364203567493
419.0,15.456,2.703007668217782,0.8917485066405686,0.8249636796605184,0.28722685424523137,-0.0765048250096697,-0.006662400541816015,0.03891794163872014,-0.02380549296653065,-0.12035819845706228,-0.45072117308469584,0.2924101943066447,-0.08430906800570073,-0.3929958906322535,0.809512393804072,0.8350035686059237,0.3168656233634467,55.93838371939732,56.0762664230725,54.54174516798646,54.17296133450151
420.0,15.488,2.711916632982153,0.8889433436356473,0.8246751063028739,0.27840514888659273,-0.08766134390379007,-0.009017917426391844,0.024461925069974445,-0.022104055353287234,-0.1337678853202073,-0.42043451750579686,0.29041087861955783,-0.06999922940649671,-0.33113293124065546,0.8084890829838365,0.8274559426611778,0.31546725901991035,55.362250743283184,55.479924968194624,55.17477615786416,54.699895587892144
421.0,15.52,2.7205745646560797,0.8859257228211237,0.8243129829241409,0.2705603648102126,-0.09430065045386285,-0.011316355585405658,0.00608062852197877,-0.018124682075021242,-0.14562530974344504,-0.3723465604567393,0.2882820777792041,-0.06226786097282461,-0.2978195383767785,0.8074523590204574,0.8199126195558418,0.3139528820982719,54.81356247215041,54.72571852326317,55.69382066364227,55.48355652420966
422.0,15.552,2.729044779351169,0.8828743146497428,0.8238811718370072,0.2646942092215385,-0.09535650535565438,-0.013494096472929639,-0.005776236899646221,-0.013651802835816745,-0.15624316836511226,-0.3317974156271753,0.28489361680150155,-0.06316176549612215,-0.3054437257031802,0.80641028166694,0.8124758094971968,0.31247815910152954,54.540963188331304,54.30256208558694,55.87238174742433,56.005368090472714
423.0,15.584,2.7373893937056186,0.8799010454500987,0.8233821624733959,0.2607691985765518,-0.09291466248887567,-0.015594042612851453,-0.005493270411102428,-0.010618697569830577,-0.16644329106248962,-0.3181943494036063,0.28121544979070207,-0.06997646024185149,-0.34143565155282984,0.8053795823393715,0.8051981883041086,0.31114316567280087,54.58865542064491,54.48857221997038,55.733660000550515,55.92670840982194
424.0,15.616,2.745638581603191,0.8769994000525095,0.822817283465043,0.25778712179913543,-0.09067641867466217,-0.01765246901102786,0.005136523517761596,-0.008709429179777746,-0.1770444398666901,-0.3312676244113684,0.27874360497642153,-0.07704164498561777,-0.3775198324645264,0.8043843939889256,0.7980571172773169,0.3099436617078005,54.94734188183901,55.092985089561495,55.346128460406916,55.385494084897076
425.0,15.648,2.753793161925058,0.874062594303197,0.8221885653400185,0.25483063505835046,-0.09177517966601689,-0.019647441407016197,0.018533268526389656,-0.006327909637336598,-0.1884191505088699,-0.3563175058122015,0.27801072967597007,-0.0793039170393348,-0.38902482209094696,0.8034538565107652,0.7909653082626736,0.3087873116380033,55.44203245633196,55.671427239591054,54.906649297123806,54.80808377897969
426.0,15.68,2.7618510031089905,0.8709558092988677,0.8215000088619676,0.25180753699788316,-0.09708703138528929,-0.02151738993909009,0.026314333168904233,-0.002615646266869345,-0.20031796957535522,-0.3743498490452356,0.27918329677274084,-0.07550731101732075,-0.3697939213585041,0.8026225696325433,0.783812892910559,0.30756014263931086,55.729928440107145,55.907569560867174,54.734099710524276,54.538234879017324
427.0,15.712,2.769830899222889,0.8675964854220306,0.8207581683441564,0.24937175355932406,-0.10497887115116016,-0.023182516181600978,0.024597504942770826,0.0025538502883439423,-0.21210744172950383,-0.37241916200081604,0.28237899421487594,-0.06861765596573835,-0.333729458218435,0.8019212034136508,0.7765198576583296,0.3061996969904287,55.63400391825096,55.72961551150822,54.9503249102379,54.69995450185112
428.0,15.744,2.777783964202349,0.8639912371917647,0.8199723544106237,0.24853328060812896,-0.11266400719580826,-0.02455668542289747,0.01599348018132164,0.009047005448412122,-0.22323446400783464,-0.3517685240929836,0.2868807694378556,-0.06352870722318033,-0.30510128645488443,0.8013632655340075,0.7690618170126934,0.30472922692363835,55.31102699009718,55.2618828815723,55.34642256716872,55.20889772514122
429.0,15.776,2.7857899115010074,0.8602097525810818,0.8191536665207674,0.25018585308307617,-0.11817139408384209,-0.025583996558008863,0.007310038357953225,0.01586422360363413,-0.2336013614283103,-0.3264084144744232,0.2915025508584056,-0.06391434118957479,-0.30217977283255454,0.8009446522468306,0.7614525528499896,0.30323531293629313,55.0234186350294,54.80659169503171,55.64514038422686,55.765052757657074
430.0,15.808,2.7939336027767254,0.8563201644877141,0.8183129380846654,0.25449035236618767,-0.12154962791774057,-0.02627276362818576,0.00496550586868097,0.02134334117118894,-0.243603500392476,-0.3135617474654153,0.2960225241457845,-0.07011684464702414,-0.32560769273325546,0.8006527282614071,0.753704320832051,0.3018080545347577,54.92785918299995,54.6906261823609,55.71995356180669,56.005370343517114
431.0,15.84,2.802273108845507,0.8523305654009286,0.8174591091010571,0.2606095646494192,-0.12467497146204781,-0.026682155737759564,0.01107320296105503,0.024759894801391492,-0.2538443072648515,-0.32079097468953605,0.3012874933889298,-0.07900945742258834,-0.35905034568556154,0.800472680625935,0.7457959994146628,0.30048372240019494,55.08549711920804,54.99930538392401,55.5569840244485,55.79621324371662
432.0,15.872,2.810825336994001,0.8481708935845669,0.8165988269310126,0.2672571296404439,-0.12998974426130228,-0.02688381781389135,0.022257656919075573,0.026914427184194664,-0.2647529615764594,-0.34186555613946285,0.30808315565125977,-0.0859924421643664,-0.3810706359273793,0.8003911592198502,0.7376638249930692,0.299225102639328,55.443072970365094,55.50860661999144,55.2407115847641,55.33199825428943
433.0,15.904,2.8195800101046746,0.8437245852458216,0.8157371726945116,0.2735835347085489,-0.1389471355857894,-0.026926694890655443,0.031894625355327465,0.028999976614492853,-0.27632749709836746,-0.36320352426827524,0.3167142147832651,-0.08814934922596117,-0.3800361699287221,0.8003983284151287,0.7292183999468338,0.29795099256265956,55.77346512960608,55.88652863624068,54.99567691593795,54.94994399194512
434.0,15.936,2.82852761423103,0.8388901711491841,0.8148788771280207,0.27961262894859984,-0.151075440519923,-0.026821736452842918,0.03462030435874431,0.03171611940943958,-0.2881702417596897,-0.3725381473630261,0.32715776709688793,-0.08631752841280571,-0.3611470421215667,0.8004830797738067,0.7203809412448411,0.2965949910167851,55.83348963951442,55.912993493430456,55.029549032867656,54.90448075798579
435.0,15.968,2.83768203362483,0.8336310850845061,0.8140290660939131,0.2860756060562572,-0.1643464395211859,-0.026556594815860233,0.03005013979510295,0.03520696023611519,-0.29979971772147956,-0.36656005577815964,0.3387246215710481,-0.08448583769640607,-0.3422102347383936,0.8006234568158089,0.7111144888726806,0.2951533502939291,55.605733122595794,55.57346279999935,55.31346855760508,55.24833959604247
436.0,16.0,2.8470855936548847,0.8279783035161126,0.8131929376252566,0.29386125093920606,-0.17664942401229827,-0.02612901464551715,0.022999422025557676,0.03878849339025985,-0.3110218544886582,-0.35330306800076683,0.34542758333801976,-0.08585137786828151,-0.3410411472671304,0.8006556462101035,0.7014255026396345,0.2936888554877721,55.638052966447354,54.841327957644346,55.232242895535386,55.97992022140385
437.0,16.032,2.8567898283557294,0.8219857121334626,0.812367070948042,0.3032573344013964,-0.18726848070781105,-0.025808333662957043,0.018919537552737353,0.036153926827134544,-0.3222013942807341,-0.34731773923873394,0.34718291309985927,-0.0920066842967698,-0.36267612624473594,0.8004637568112563,0.691336214213005,0.29228448272490504,55.441262317623895,54.536603191961504,55.30943198124069,56.275524654927096
438.0,16.064,2.8667785084652806,0.8156976206915751,0.811542290932346,0.31214625342347563,-0.19650285755898317,-0.025774375490499022,0.02133219639159856,0.026029815144201014,-0.3338537254726761,-0.3575277517416083,0.3481360261586674,-0.10110985768431055,-0.3957182652679088,0.8000583407195428,0.6808955745070217,0.29098862584747787,55.15070466786632,54.91901525718619,55.49197111912399,55.87642258390933
439.0,16.096,2.876943886034445,0.8091215072672852,0.8107091474733888,0.31766804903639284,-0.2055035445090619,-0.02603573309241031,0.028986327980839704,0.01347910735304703,-0.346297020667154,-0.37880289209986623,0.3493913021819709,-0.10829695748020986,-0.42079549263814,0.7994626436072365,0.6701653686661105,0.2897813360627036,55.278133759619756,55.49520019754447,55.30123865612628,55.252142620354654
440.0,16.128,2.887137716603179,0.8022260193013215,0.8098577023948822,0.31855720527293435,-0.21548399893636294,-0.026607658703332846,0.03577729012048002,0.0020356977149708594,-0.35952812686043295,-0.4016800026880386,0.35189495202168125,-0.11014834694203322,-0.4246953869954707,0.7987157735747036,0.6591900296558144,0.28858830943153146,55.479118045795914,55.96233158920974,55.09521260464723,54.704060598463144
441.0,16.16,2.8972244724534195,0.7949876870742746,0.8089795309586627,0.31521112032001336,-0.22619788209521702,-0.02744285738185898,0.035985544725827705,-0.0059062188366389564,-0.3731039195318534,-0.41507614899144873,0.3556096418072683,-0.10698373357874759,-0.40912584756347803,0.7978533330517715,0.6480103885816816,0.2873387553019704,55.51882192499089,56.02796594839627,55.08243054039414,54.54948531127687
442.0,16.192,2.9071247554105164,0.787435223626058,0.8080690513141783,0.30938384240927735,-0.23601448275676803,-0.02845248889013841,0.02850184235642319,-0.009723528298744647,-0.38645217910840435,-0.4130677661551252,0.35947603157593055,-0.10261266317443248,-0.38927825137970573,0.7968940892822309,0.6366833747311947,0.28601968951229073,55.3248777086376,55.65189464675417,55.2873472136086,54.86517221639036
443.0,16.224,2.91682731351225,0.7796550980792145,0.807123190879465,0.30320494067917453,-0.24312892333885872,-0.029558138584788424,0.017695304402607366,-0.010590350717237417,-0.39929252031363455,-0.4005188239794177,0.36219408709495426,-0.10185833375379506,-0.3838030773467204,0.7958491920483244,0.6252845336486075,0.28468791318331543,54.995516357322316,55.0820989046297,55.58126240236075,55.42781686852257
444.0,16.256,2.9263633485273943,0.7717529822119553,0.80614043838347,0.29800109422326,-0.24694112085184966,-0.030711015499843675,0.010614440215732157,-0.01050239829547282,-0.411814551685091,-0.3912990797045311,0.3630951659626806,-0.10717789571587516,-0.40183860458763554,0.7947284670116156,0.613888690690912,0.2834319034242133,54.75590431547771,54.70063380320384,55.74778520029534,55.84521381210163
445.0,16.288,2.9357605494209946,0.7637955884443696,0.8051191916213741,0.2936625279250091,-0.24866855523705453,-0.0319139613154974,0.012103987105830306,-0.010990212042495395,-0.4245326770582145,-0.3972251299645426,0.36260165623850277,-0.11663894033226392,-0.43570694900985296,0.7935362939622248,0.6025399847486298,0.2823088222673351,54.79983192482208,54.7765243210601,55.630549903823145,55.80778478376636
446.0,16.32,2.945007688570103,0.7557731354564394,0.8040558576495948,0.2889730984096392,-0.2507016558728166,-0.03322918661810556,0.021071517358653244,-0.012222885245260702,-0.4379429478034232,-0.4183565548263828,0.3622037735957998,-0.12495810021647213,-0.4650913662220843,0.7922800043985669,0.5912325683813235,0.28130064291907597,55.11624536361884,55.28127413264877,55.28311893776533,55.305029414318206
447.0,16.352,2.954054781322905,0.7476116702880587,0.8029454747602354,0.28272164852506637,-0.2550457865118959,-0.03469946529248075,0.03080986239932656,-0.012828839200396553,-0.4521632405948772,-0.44372120576629137,0.36355368723080295,-0.12733401773715233,-0.4716542588124599,0.7909790579132684,0.5799189288326446,0.2803241648588978,55.483805906831755,55.85145650648989,54.9462688846727,54.69035049719924
448.0,16.384,2.9628519261481387,0.7392291187437554,0.8017848478639377,0.2749107757885475,-0.26195473575947914,-0.03626959050930311,0.03372343372318864,-0.010933515870480581,-0.4668157962985798,-0.4595413288807117,0.36695062304961884,-0.12330230950336477,-0.4538317388402489,0.7896471782247688,0.5685420548045884,0.2792926070982189,55.64602567376868,56.009981875350995,54.85005991994836,54.463265358204204
449.0,16.416,2.971399722177485,0.7305946211107998,0.8005735975659803,0.2671186259170647,-0.26982805102986385,-0.037851571811166294,0.027213037595572344,-0.00609135069974116,-0.48131584617591927,-0.45752130044136385,0.37084292856190904,-0.11765226518526709,-0.430097006334884,0.7882776004999198,0.55706841608591,0.2781847735795968,55.47268414635857,55.55409004614268,55.06376876455098,54.87266568834094
450.0,16.448,2.9797675872967955,0.7217471388000123,0.7993125872766318,0.2614957849784575,-0.27648382221210815,-0.039406571542142214,0.016304512083343853,-0.00021984219385966718,-0.49536095425646487,-0.4428113892683554,0.37309003797501106,-0.11727767189948318,-0.4263862793909365,0.7868587392004835,0.545499799950398,0.27706781062950536,55.060386171141104,54.77528143587493,55.44707499997544,55.666479295731946
451.0,16.48,2.98805603105081,0.712757283466048,0.7980032360608251,0.2590138673129597,-0.28093297918638216,-0.04091722549395823,0.010510931806277478,0.0036322162121477986,-0.5092075030385279,-0.4342885826195689,0.3726080260359814,-0.12553971766626737,-0.45496720029940796,0.7853802054356571,0.5338568379048312,0.2760504559324376,54.746444911738955,54.2768073883503,55.67584467756635,56.228196671674375
452.0,16.512,2.99632495263494,0.7036579723073437,0.7966457979344381,0.25840379950405035,-0.2843534737095099,-0.04241994144959373,0.01627653177198095,0.003453115479793754,-0.5235253686050484,-0.4473249343361377,0.37028211169127573,-0.1386791427335818,-0.5016932965775192,0.7838259270222223,0.5221451087353144,0.2751948785345838,54.844621439734944,54.513533244716236,55.49360645288065,56.04216809686489
453.0,16.544,3.004542437574892,0.6944005335735205,0.7952357131368977,0.25679640437351026,-0.2892949604319757,-0.044065149923139216,0.03079202830475683,-0.0001552452537685218,-0.538910365245669,-0.47801673805173656,0.3689481405567313,-0.14810128448537788,-0.534415743862501,0.7821980421400563,0.5103323144892515,0.2744553283841672,55.299358158902585,55.40599281562378,55.01973045341969,55.13869181994156
454.0,16.576,3.0126007439326776,0.6848799081034974,0.7937658332615964,0.2518220736807961,-0.297519545938221,-0.04593374610316332,0.04312615159482701,-0.0037423325073119716,-0.5553294735626915,-0.5086256834649401,0.3712640378607498,-0.1474521641243482,-0.5292810466072934,0.7805243372542644,0.4983612665951569,0.27370342732320707,55.735164564045064,56.2615570503617,54.65146476534905,54.20769373160182
455.0,16.608,3.020400191986459,0.6750129378633385,0.7922329585826052,0.24373275168067232,-0.3083428200049661,-0.047902333718475396,0.04286399002135907,-0.0034817300315604007,-0.5720280526109255,-0.5217071091197742,0.3767102055372569,-0.1382380407567875,-0.4923861941980106,0.7788128945974304,0.4861883545138783,0.27283082643446666,55.81720596527981,56.294551897554456,54.66940296291288,54.07477337095119
456.0,16.64,3.027938629037952,0.6648047737437677,0.7906375660922561,0.2355761578591573,-0.31900512873658776,-0.049856015323410066,0.02906732080928069,0.0009344501191439462,-0.5881352427302666,-0.5080103960565978,0.3817171374230378,-0.1296986268052792,-0.45855378789848644,0.7770446371647498,0.47381307769152986,0.27184627865983835,55.412203951481864,55.35645157656044,55.10865152567737,54.96657746796635
457.0,16.672,3.035323766041777,0.6543499092149755,0.7889811277881025,0.23078553136952876,-0.32671451652475547,-0.05176369700480086,0.01247166599430768,0.005607170642573159,-0.6034392683503524,-0.48120479983621767,0.3820034147684863,-0.1317399891112636,-0.46493131645429125,0.7751998125768361,0.4612786121130487,0.2708835793709916,54.821437123763246,54.116877494505644,55.62002393810438,56.25948963383429
458.0,16.704,3.0426843388743263,0.6437607749257519,0.7872608687322323,0.2300179010171625,-0.33091044653823687,-0.05375809549594194,0.005205565946663563,0.007368690332603496,-0.6183422210259684,-0.46618761072010245,0.36919361529044714,-0.14334197922994685,-0.5184791227159068,0.7731933075848222,0.4486404467590186,0.2700987957947204,55.16129806433393,53.34648930385324,55.10222532711828,57.12620013558219
459.0,16.736,3.0500746884438277,0.6330867638687893,0.7854648875674848,0.2309484240469171,-0.3335628455300822,-0.05612441139836092,0.011607989755909957,-0.004832400967590542,-0.6338547096466917,-0.48156360105790946,0.3535227139234097,-0.159153062981189,-0.5922189007480205,0.7710671170052497,0.4359242884190635,0.269557903549004,54.86697666068361,54.38183884947562,55.2548690934157,56.182628103384125
460.0,16.768,3.0573576180842137,0.6223479993638297,0.7835983693486694,0.2275915512620628,-0.33558639077998675,-0.05832869433797928,0.026896494011728216,-0.022575901533885615,-0.6515909065418418,-0.5434784226968702,0.3404580189901055,-0.16667381099336712,-0.6373623846506221,0.7688668732096979,0.4231977474175954,0.269175957027493,55.291962307206056,55.587409721826056,54.85093873146946,54.931027164664464
461.0,16.8,3.0642988399163857,0.6115324346837737,0.7816565482371729,0.2169131822553764,-0.3379863962517483,-0.06068190973426696,0.040090978880349785,-0.04149276651295211,-0.6714608764856927,-0.600533089097949,0.3334055230146147,-0.16019534099274896,-0.6270762623285699,0.7667005298832709,0.4105256473396802,0.268765644415921,55.621641167202164,56.763135896907976,54.68079112931208,53.64546909252875
462.0,16.832,3.0706666325501826,0.6006609750066075,0.7796453357098045,0.19899351980615082,-0.339733114911443,-0.06285039148026106,0.041434893857572985,-0.055994936445976855,-0.6925122953528748,-0.6381023980051121,0.33179972599733576,-0.140800201581081,-0.5618514800318786,0.7646384457960624,0.3979983031995461,0.2681496931744357,55.70924688814086,56.94723688405771,54.84721978452766,53.30422611671788
463.0,16.864,3.0763402074947015,0.5898276898360506,0.7775554795999412,0.17729921701621615,-0.3385401615799037,-0.06530800343322937,0.024605006233773524,-0.05959250109657057,-0.71201430940258,-0.6044217318255983,0.33099457688453104,-0.11608113006327384,-0.4722226244434896,0.7627541298204957,0.3857327295262549,0.2672492328269259,55.03258080480806,55.72030526567325,55.71528527185244,54.49876438145883
464.0,16.896,3.081402052749302,0.5791972390803393,0.7754034359771647,0.158182664206266,-0.3322015861159791,-0.06725136321176697,0.003408380574952635,-0.05368306227217645,-0.7291930322128812,-0.5385567824705926,0.32644411652498345,-0.0995497427115831,-0.4143910079626267,0.7610476564758569,0.3738516350208531,0.2661768319778465,55.46910606357826,55.31461824459803,55.342020323406636,54.999845044355006
465.0,16.928,3.0860404660062524,0.5688993393723423,0.7732055743808419,0.14495041427969854,-0.3218093658749058,-0.06868317488508546,-0.01969142809048477,-0.047088474378899674,-0.7443412058782036,-0.4711313044042096,0.3176472713820565,-0.09657655308656707,-0.41321899100825127,0.7595302456326818,0.36241526846296557,0.2651117127815421,54.66036902953196,54.14375657683859,56.100883493533054,56.38584669264258
466.0,16.96,3.0904658774105593,0.5590656366488831,0.7709606749314213,0.1382941063845926,-0.30730321010809913,-0.07015310779439476,-0.03067640746852805,-0.04105671222006598,-0.7576538460637787,-0.41075263211805435,0.3036458013746086,-0.10905562436228332,-0.4827291000456837,0.7582693401344708,0.35147986483183297,0.26424356182680986,54.24117400631301,53.67297166501043,56.37077685538838,57.226885068401465
467.0,16.992,3.0948037986003767,0.5497380662356213,0.7686845286588102,0.1355600371817921,-0.2914865754144316,-0.07112957101909616,-0.020077290213497027,-0.03938860663242314,-0.7708897429654316,-0.4118428312972549,0.28599797221509843,-0.12895609258462531,-0.5930413615515914,0.7572186718727819,0.34104896895731535,0.2636695777845559,55.34060509763746,55.00522165656803,55.14920589411761,56.20938345620437
468.0,17.024,3.098998563525369,0.540830698149942,0.7663979787283609,0.13108640390600823,-0.2783552526774769,-0.07145468532654055,-0.0022239334416670636,-0.04314598611329153,-0.7850901637618121,-0.4446918232463377,0.271000470726027,-0.14105010123059558,-0.6718549625029208,0.7562924148406602,0.33106335646822954,0.2632994350174611,55.048370255901204,55.629299072581475,55.41561324768604,55.7433369880321
469.0,17.056,3.1029017797167824,0.5322463778886298,0.7641320193077611,0.12197550598166951,-0.26826000816600515,-0.0708112318937442,0.01788685077472593,-0.04593231550142184,-0.8031610533421603,-0.5634981763390132,0.26314246079888404,-0.13945699540189468,-0.6822666688206165,0.7554428647028968,0.3214811886424878,0.26296951191228124,55.533197583669434,56.700164305439586,55.190659239809946,54.49876648796619
470.0,17.088,3.106353003950994,0.523870257053452,0.7619085955876713,0.10785075731911666,-0.2617537760993061,-0.06948199125280519,0.0295478711547244,-0.04287006768660656,-0.8238787058559229,-0.6489092559117866,0.2630880287343146,-0.12320429540782205,-0.6131553339797946,0.7546424062198384,0.31224377324811897,0.2624988244346048,56.19567026674643,57.314263730452964,54.86541424538896,53.60380509395446
471.0,17.12,3.109290457599976,0.5156090953937352,0.7597431798829414,0.09179542653067743,-0.2581613018661497,-0.06766924077281072,0.021675055786232897,-0.031217664021186857,-0.8449044588505146,-0.6657553598047715,0.2663749843815372,-0.09832614797594187,-0.49505631751612506,0.7537997019779098,0.3032810956599239,0.2617973502430314,55.959978280976316,56.23546273093423,55.36421948375195,54.40593886463945
472.0,17.152,3.111854877207649,0.5074383722304211,0.7576278344690015,0.08013811273978315,-0.25533509885356637,-0.06610454418562098,0.0034006697779131504,-0.014304743151798669,-0.8636059025092084,-0.5909131528905367,0.26567859471740934,-0.0813017847684317,-0.4157530743857891,0.7528674795648215,0.29452561167571384,0.2609625385881883,56.06058474483588,55.12989323506622,55.25105284441295,55.48110404016363
473.0,17.184,3.1142993204563214,0.4993551622884119,0.7555661850969259,0.07638885152101697,-0.25260031068778643,-0.06442654287736391,-0.018310301853171458,-0.0006282190726374811,-0.8801957578113812,-0.5152726955757397,0.2593404833502312,-0.08200898950454788,-0.4287801104948351,0.7518215152611579,0.28589914019493373,0.26020546496741515,54.92082393567184,53.550299087111334,56.180269719862785,57.204824228099675
474.0,17.216,3.1168822611650224,0.4913946281334141,0.7535564964675662,0.08071689714690682,-0.2487666923436814,-0.0628027696674901,-0.028074188993139737,0.009879235518006131,-0.8947061186573763,-0.4457266851650232,0.24578154825212817,-0.10232701050189597,-0.5523096895466462,0.7506624630809903,0.2773572480558903,0.2597542846684394,54.869652567448746,53.503369836065,55.80979885395468,57.602413602864935
475.0,17.248,3.119747393990501,0.4835332220124998,0.751548256473025,0.0895354007962034,-0.24566894127857147,-0.06275749982941053,-0.0188131708127903,0.00904932848634038,-0.9096965330212283,-0.46892268676435805,0.22572328571300013,-0.12955876537693378,-0.7294855393197105,0.7494351027395547,0.2688292708886494,0.25970633428237555,55.58589740788838,54.98893060018307,54.77873670225797,56.4179549201847
476.0,17.28,3.1228172416939124,0.4757160511650424,0.7495255723247813,0.09593274073160787,-0.24428658898304423,-0.06320887963261532,-0.004557493079761555,-0.0025491465291146934,-0.9265701590902427,-0.5315323400939594,0.2082119269617206,-0.1458500051880936,-0.855474989065658,0.7481509552872564,0.2602860883469306,0.2599756567361121,55.124237038521976,55.497161951841086,55.11473616114602,56.03758184371372
477.0,17.312,3.1259083605294613,0.4679469512780986,0.7475238667505807,0.0965974636109034,-0.24278437146699347,-0.06255329919377031,0.012260376202261732,-0.016576129480639114,-0.9489659247882302,-0.6982127338435774,0.19806256402669917,-0.1494440666297259,-0.9049512550751594,0.7468248995736148,0.2517909036843049,0.2604151679859942,55.02271157245373,55.69682118117032,55.44430707435082,55.59715155056057
478.0,17.344,3.1288018697599576,0.46024160514715307,0.7455464391080848,0.09042216345300771,-0.24079206659204772,-0.061794613827995754,0.03049180872723488,-0.028331480125962042,-0.975171850199523,-0.8107820874481894,0.19547800537856086,-0.14198737964688907,-0.8794785617908394,0.7455889494258136,0.24342359916135584,0.26083035427985957,55.61712809011832,56.92552535273108,55.16138893932705,54.127777574084895
479.0,17.376,3.1312799707862267,0.4526002504010817,0.7436165898479646,0.07744065707090957,-0.2387923358147298,-0.06030778937875578,0.038781420592122785,-0.033698492229352256,-1.0036579516877147,-0.8834901210321434,0.20012075666808365,-0.12329677757325726,-0.7730552470578396,0.7444816050419756,0.23524946347417902,0.26102862267375493,56.0092243200878,57.14557127810635,55.16960336512532,53.591516911209546
480.0,17.408,3.1332451750618655,0.4450353129855414,0.7417267245095369,0.061412633613713796,-0.23640429423563472,-0.05905829182586622,0.02955172472797884,-0.028736787143097332,-1.030455165883858,-0.8418762817292632,0.20705610994417922,-0.09683339103662225,-0.6124280519239871,0.7435153695248403,0.2273078991586165,0.2609120946723158,55.93591233042316,56.2444906630325,55.53158857459835,54.305217322767895
481.0,17.44,3.1348053758062924,0.43756557299833826,0.7398795518776538,0.04875627326333949,-0.23342937460009755,-0.057724144746348856,0.010690205505482032,-0.017877091894994607,-1.0532496393095798,-0.7188927437315443,0.209407706937499,-0.07545910678959145,-0.48420586340356125,0.7425973313870278,0.2195874628419308,0.26057306696075655,56.067379162897254,55.20520358244616,55.43177163273725,55.35519969187641
482.0,17.472,3.1361824596090617,0.43019929104283083,0.738082905459291,0.04303386883654221,-0.23019631110960684,-0.05614520057383577,-0.01090347372349003,-0.009623305413672303,-1.0721021471091845,-0.589115294030586,0.20571958113832428,-0.0690244935245233,-0.45321309480080096,0.7416534672170153,0.21203371720826084,0.26020961633634,55.29994841820333,54.075229103666274,55.99597116317665,56.67708168079457
483.0,17.504,3.137609677287573,0.42297077197504235,0.7363208760971182,0.04460055245347756,-0.22589122086838997,-0.055063417567901375,-0.02207773663055171,-0.006114811410234027,-1.0878204993567802,-0.4893272319992764,0.19600108559060064,-0.07905442598996967,-0.5367313093297604,0.7407235814191903,0.20460921092823306,0.26002610095481127,54.61826691103733,53.620169253160405,56.32264226546136,57.51035623266022
484.0,17.536,3.139205294018355,0.41590011924576176,0.7345874688619182,0.049863022836937845,-0.22095789779001826,-0.05416897609999966,-0.012016653037652748,-0.009939428110806574,-1.1030178924745089,-0.47688749837605693,0.18227259251393277,-0.09552165124339299,-0.6757930072273506,0.7398029464296942,0.19729580627406398,0.2601252305798937,55.432425867518624,54.95209779542372,55.21735130659801,56.493301414098106
485.0,17.568,3.140863869943845,0.4089735425406147,0.732890325480266,0.0518304976715594,-0.21645552203584573,-0.05303573067663015,0.005568935643664668,-0.021666052620278674,-1.119527642447249,-0.5170839845565677,0.17165053228559318,-0.1032627618217142,-0.7582200310574486,0.7388910824275672,0.1901122546184718,0.26040703199934123,55.08272148294276,55.7603777863808,55.49162892500745,55.77851680757294
486.0,17.6,3.142376640812973,0.4022190637074146,0.7312290635385883,0.04727408966025133,-0.2110774635375021,-0.05191443567742824,0.025886129312653685,-0.03257415331323251,-1.1394988321445145,-0.6184922420363319,0.16774393055083942,-0.09885445065798809,-0.745538871699405,0.7380861218282425,0.18315032560226066,0.2606754813077725,55.76880494986694,57.09571590478742,55.07523894064237,54.256514504374174
487.0,17.632,3.1435141080752533,0.3956541950419951,0.7296231807348356,0.03554585194626144,-0.20515214579435914,-0.050183837617272894,0.036704455992309815,-0.039411335699996886,-1.1616477283012192,-0.6847213188801918,0.17101137784780565,-0.08099527723238972,-0.6192562965924066,0.7374111891755034,0.17650236855791604,0.2607193563640998,56.223771160679945,57.481548457637714,55.049734952158786,53.53009756604989
488.0,17.664,3.1441507032537253,0.3893078814847344,0.7281103026080782,0.01989359932724753,-0.19832229866439763,-0.04727744146116801,0.028157601204897208,-0.03658141912714136,-1.1839193023190955,-0.698023228157296,0.17694228051142324,-0.0519863399688026,-0.4000677673917338,0.7367416075324649,0.17024378675761914,0.26042858158891913,55.802796668990815,56.138035628062276,55.92792649702404,54.40086569489032
489.0,17.696,3.144382538740965,0.38319746283781836,0.7266940140794984,0.007244858976240825,-0.19095058271612567,-0.04425901651811805,0.011434647317232592,-0.024987108599888237,-1.2024921206876849,-0.5872324521264874,0.1781830620718898,-0.026942820494506678,-0.2101005095519338,0.7359815886929668,0.1643692004319178,0.25988357870210954,56.180936863703636,55.16844311063328,55.66579081026305,55.169756793035205
490.0,17.728,3.1444149107512485,0.3772817240780643,0.7253729292643386,0.0010116253213593432,-0.18486683624231362,-0.041283900473743744,-0.009002276243143282,-0.01409310877882934,-1.216295034287106,-0.4317088048722943,0.17552047168756457,-0.016175813241341694,-0.12865934985475178,0.7350943935557522,0.15877903928953988,0.2592635291193953,55.9987960831107,54.75329618848745,55.642061524393974,55.67536359894705
491.0,17.76,3.144483146408701,0.37153103245223484,0.7241053789874549,0.0021323642953874327,-0.1797091133071709,-0.039610946152616976,-0.02724518297989215,-0.008285244215417452,-1.2249381620960391,-0.26676130619640015,0.1705537567629364,-0.02300989648105721,-0.18774441639500417,0.7342269222638628,0.15336599188826647,0.2587638082180592,54.56699437641093,53.8257997866929,56.626472732662606,57.05159976317506
492.0,17.792,3.1447820378758147,0.36595243281642886,0.7228954523532231,0.009340358347306723,-0.17433123861893673,-0.0378102073197439,-0.027927394626080543,-0.007222709179249424,-1.2284610470864712,-0.10912923194316647,0.16157751935840048,-0.045998476536138366,-0.3882851556165712,0.7333808764220632,0.1480627067702406,0.2585617229248691,54.63901482737878,54.46519018888181,55.837427671120174,57.12787600431077
493.0,17.824,3.145322197611795,0.36053725168785006,0.7217393148499923,0.016879991749388354,-0.16922441026808752,-0.03612929697596048,-0.012969617399667838,-0.012210280749341251,-1.236839445516264,-0.2649544521508384,0.14912009329160225,-0.06821392751368846,-0.6006366458539263,0.7325333029433347,0.1428491865018902,0.25866094771226267,55.379835313717614,55.377774389095386,54.9758935114238,56.32068321085837
494.0,17.856,3.145945683346015,0.35528149028416944,0.7206352264768422,0.0194839291943749,-0.16424254386501905,-0.03450276166094138,0.004327521348720457,-0.022624364031696355,-1.251150640119146,-0.44858906053301834,0.14063045151972536,-0.07636851799337359,-0.6964818047021607,0.7317019334797309,0.1377760712191233,0.2589093949892639,55.06262479318164,55.985249769544794,55.46647705703576,55.53542305734918
495.0,17.888,3.1464558982086257,0.3502288701502136,0.7195812600541256,0.015944214456581327,-0.1578943791861203,-0.03293645070989376,0.021547415400123098,-0.02948736519680667,-1.269930557470179,-0.5838906061283362,0.1391663262073446,-0.07089873707748838,-0.6596542080115992,0.7309574718042137,0.13295952518070928,0.25911735980588135,55.842183793300514,57.1698311916435,55.05250239845926,54.02790940764931
496.0,17.92,3.146669059642982,0.34539683415347344,0.7186089005023738,0.0066612948236288655,-0.15100112489812947,-0.030386235992243382,0.02604899572181482,-0.029915264410950597,-1.2914754778135369,-0.6725003105567136,0.14399662439255773,-0.05083369331669679,-0.4751078300362163,0.7302036685330073,0.12849284864099628,0.2591183412044835,56.41531298095858,57.23545084254757,55.00534543116007,53.39563764748909
497.0,17.952,3.146545280982203,0.3407830867597546,0.7177074553292261,-0.0038680831493387267,-0.14417960605371352,-0.028170161660866198,0.010130973927525006,-0.021715528754944837,-1.31058384734091,-0.6015185041008471,0.14759251697704467,-0.023831268162249883,-0.22411895470480053,0.7294138304614182,0.12440009043517831,0.2588649076484525,55.92751888588945,55.39675684926049,55.82571022762037,54.846874066665144
498.0,17.984,3.146265438900365,0.3363558430378634,0.7169073809245936,-0.0087450650574361,-0.13835136630909936,-0.02500232514476492,-0.013187859891594628,-0.007214938362993196,-1.3259618518713339,-0.4798745273200915,0.14516034878215872,-0.010884501848089749,-0.10477957721142503,0.7284253773172189,0.12058309469198675,0.2585322920662695,56.06873559911253,54.541970357182706,55.58605692452517,55.61244236602032
499.0,18.016000000000002,3.14609759416019,0.3320319799787055,0.7162003649325454,-0.0052451481304671655,-0.1351207205986855,-0.02209424975150793,-0.037607541572598664,0.004449203203362435,-1.3380962537617294,-0.3698594243112916,0.13557929577603844,-0.0209561258696521,-0.21469521573888287,0.7272478430325812,0.11684976570432132,0.25836746787020015,54.500703386761444,52.779105754588315,56.62018387062436,57.721124668507855
500.0,18.048000000000002,3.146311205288082,0.3277521774742786,0.7155828879674818,0.006675347746620813,-0.13374382826334014,-0.019296155158235444,-0.047584288662039786,0.013497154639223153,-1.3468576638370584,-0.261502082735222,0.12537938356597086,-0.05611800370748625,-0.5891819873694275,0.7258725079973609,0.11301425757287635,0.2586215208900585,54.786814924473155,54.62903762826587,55.26672594301609,56.735222857760185
501.0,18.080000000000002,3.1470220838132765,0.3234463726625691,0.7149794086532586,0.022214953912330616,-0.1345564003659218,-0.018858728569475635,-0.04590877992822269,0.017065169710426903,-1.3598045533854457,-0.39889722243207787,0.10644034623369385,-0.08430179555926574,-0.9377897673707334,0.7246958258050331,0.10894940713914693,0.25937934323011647,55.31825873197962,55.054555037878934,54.362206798343486,56.78148067219879
502.0,18.112000000000002,3.1482210718091617,0.31906946420659277,0.7143939588484601,0.03746837487141049,-0.13677838924926003,-0.018295306399952038,-0.040035186005915435,0.010548282938795409,-1.3806073618824002,-0.6582044149401941,0.09502066243340357,-0.09228642776792313,-1.0791222350618843,0.7237167605476243,0.10460677483786736,0.2606380032446802,54.967069777270076,55.48908767689735,55.000577260645464,56.16223064150494
503.0,18.144000000000002,3.149835469863821,0.3146645583019837,0.7138139607701698,0.0504499392081081,-0.1376533095190333,-0.018124939946573253,-0.03127250246636807,0.0012288977617929317,-1.4086985943808283,-0.8877353374654672,0.09176453209258634,-0.09077326126008567,-1.0919548085085915,0.7229492860454325,0.10005141784524574,0.26232277934908343,54.65689250533838,55.889676664557896,55.80774345281584,55.39183717776882
504.0,18.176000000000002,3.151762632693805,0.31029826503776436,0.7132546650609191,0.06022383843699847,-0.13644666450685408,-0.017477990914085265,-0.019923805078737658,-0.0014777034736130781,-1.4405842320189766,-0.9983659905513952,0.09174029661458355,-0.08568812941104721,-1.0518212774903095,0.7223517250901276,0.09538515074819007,0.26433716264728035,54.96062528003795,55.662229421162,55.85431329369022,55.36653030032182
505.0,18.208000000000002,3.1538869712192166,0.30597281126569426,0.712727445658811,0.06638557891910918,-0.1351704303771908,-0.01647560631587787,-0.0062120766517849615,0.0007021250711882583,-1.4734781073820487,-1.0270729912171968,0.09230412611414832,-0.07963021342895796,-0.9965445893160164,0.7218930157321137,0.09066419487124693,0.2665758620616644,55.33429184232226,55.41687358859883,55.68628457056285,55.481589216681556
506.0,18.240000000000002,3.1560743563202287,0.30164639731346443,0.7122406473609983,0.06835578440662898,-0.13520043600718187,-0.015212446806644311,0.009153651122906066,0.004162744464864961,-1.5058005089735425,-1.0103496098197007,0.09217378817036465,-0.0740434534538361,-0.9474521635034466,0.7215492738459796,0.08591928308564625,0.26892001997919657,55.75531296950486,55.434474556008894,55.35913716078922,55.428385789020155
507.0,18.272000000000002,3.158172293093427,0.2972720665667545,0.7117992762482399,0.06556052416244179,-0.13669783583468592,-0.013792847273701158,0.02290299233916874,0.006111353342175435,-1.5370004971060534,-0.9759406649291142,0.09101981183997175,-0.06954192050317194,-0.9133885313572339,0.7213010861704866,0.08118873776557503,0.2712342488028491,55.896675821955775,55.431754068442,55.23965262626593,55.4543658454922
508.0,18.304000000000002,3.160041246949231,0.2928282777834724,0.7114052233721365,0.0584048079938781,-0.13886839947756408,-0.012314152378230931,0.03411749840906095,0.005337875175256989,-1.567161950371212,-0.9415446608407947,0.08923860761299907,-0.06583664376967065,-0.889869607468601,0.7211296352211302,0.07652967447939894,0.27339233452512657,55.914712249792736,55.51829942437006,55.21661916631917,55.40633177825307
509.0,18.336000000000002,3.1615659244904504,0.2883293636159986,0.711058375924248,0.04764617316310722,-0.14059106773355717,-0.010838982746515225,0.042090534337639776,0.002187501731038784,-1.596518781118357,-0.9130525906993558,0.08753713296917873,-0.062127054124083134,-0.8641097214139862,0.7210134981979796,0.07202360628433983,0.2752859919487881,55.89096816461229,55.66074275953068,55.24523263657049,55.27968656451063
510.0,18.368000000000002,3.1626651619618635,0.2838193124913843,0.7107576890899847,0.034351170981661266,-0.14093909764419607,-0.009396463570728727,0.0459374067044326,-0.002081388078001001,-1.6250897834867508,-0.8861737946366595,0.08675527121750791,-0.057272517425360096,-0.8168800016865588,0.7209256349834613,0.06776883937644494,0.2768341509646338,55.87292629092549,55.80690003570383,55.305896946107296,55.09474802952856
511.0,18.400000000000002,3.163302370376447,0.2793554041753515,0.7105019214807446,0.019912762955737167,-0.13949713487602575,-0.007992737788752029,0.04461925676512504,-0.0058768376834732,-1.6524390505709958,-0.8484683402998172,0.0876224114855369,-0.04980602810609509,-0.7236215856377554,0.7208298939804499,0.06386219298917882,0.2779943128487551,55.90285490776208,55.90796937905651,55.37708066929525,54.872579179352584
512.0,18.432000000000002,3.1634954336020815,0.27498732954230287,0.7102899551583506,0.006033225801074788,-0.13650233228276903,-0.006623947574814487,0.036972936645697216,-0.007815778465218443,-1.677524434174291,-0.7808238041951528,0.08997154519402864,-0.0384767927999781,-0.5657643805699482,0.720680730865381,0.06037344977301476,0.2787745615953445,56.00360888790918,55.86406119879007,55.43095082728982,54.71026082190811
513.0,18.464,3.1633258623388834,0.2707374026057912,0.7101203435787536,-0.005299101974943239,-0.13281021676600402,-0.005300361862404957,0.022318084564351668,-0.007679263186091175,-1.698780241887865,-0.6641018797748147,0.091841643059339,-0.02466935378717422,-0.36737888937956176,0.7204372350522285,0.05731655777618773,0.279245226556027,56.03636281020712,55.48474975430898,55.52063293385716,54.88535402817429
514.0,18.496,3.162942906520434,0.26659301698926113,0.7099897624972591,-0.011967369326543176,-0.1295120505165648,-0.004080658796704741,0.0031245935450792297,-0.007408157048599592,-1.71485182635504,-0.5023240974696993,0.09132199756188146,-0.01443812671808271,-0.2195247756669619,0.7200875192734406,0.05463001775850241,0.27954408675637143,55.64290222008799,54.81185828223677,55.83970400509574,55.53955065573602
515.0,18.528,3.1625395034957453,0.2625270429876534,0.709892186120862,-0.012606344521520752,-0.1270616875502418,-0.0030492617624083814,-0.012387470236637709,-0.009266433645106159,-1.7259936453546483,-0.3484493187950288,0.0889544169803839,-0.013156236788924597,-0.2055678679997543,0.7196531567348878,0.052195427499947336,0.27985091745213475,54.94122786472125,54.40950097692882,56.22116432303141,56.18136540764275
516.0,18.56,3.162273802931252,0.2585339920263169,0.7098209275122367,-0.008303142640414533,-0.12478284254176578,-0.0022268315195417255,-0.015641690350073133,-0.013004949000750995,-1.73463068551008,-0.27150404822194046,0.08550550026091702,-0.019061077572527743,-0.3070702905188336,0.7191846457209957,0.04990955884975337,0.2803090270463102,54.665909154300735,54.63747190076448,56.11574328801686,56.28644551074069
517.0,18.592,3.1621848304812232,0.25464442375678475,0.7097707328471682,-0.0027803890634003877,-0.12154900842287891,-0.0015685832833907385,-0.006412660878443471,-0.01751051368012397,-1.7439028417258793,-0.29126194247760523,0.08178444460664903,-0.025278921638880035,-0.41968795607859627,0.7187314570705168,0.04776025806691803,0.2809447447232938,54.99809124424439,55.33308109876971,55.59085496371337,55.769569163592024
518.0,18.624,3.162189796679868,0.250917345147778,0.7097389633234163,0.0001551937076488262,-0.11647120653146018,-0.0009927976172448274,0.007004693685166483,-0.021357815823562186,-1.7554620303021704,-0.36113336899933235,0.07911520851206773,-0.027314469705183843,-0.46541083326251675,0.7182814605217919,0.045837082117276884,0.2816664037212525,55.4152313115143,55.93372516675405,55.21162072885978,55.11023673067276
