step,time,x,y,z,vx,vy,vz,roll,pitch,yaw,yaw_rate,desired_vx_body,desired_vy_body,desired_yaw_rate,desired_altitude,goal_distance,signed_clearance,motor_m1,motor_m2,motor_m3,motor_m4
0.0,2.048,5.607341719700365e-18,-4.843903773379661e-19,0.014980373728171662,0.0,0.0,0.0,0.0,0.0,0.0,-4.1286478715180093e-17,0.0,0.0,0.0,1.0,2.594275171245466,0.9493337494797257,211.9171160078948,211.9171160078948,211.9171160078948,211.9171160078948
1.0,2.08,6.333980967010343e-18,-3.1053877149950414e-19,0.014980379898612638,2.2707476478436777e-17,5.4328626824519306e-18,1.9282628049626852e-07,0.0,0.0,0.0,-1.6217389882804288e-17,0.0,0.0,0.0,1.0,2.594275168902613,0.9493337494797257,58.165401516302175,58.165401516302175,58.165401516302175,58.165401516302175
2.0,2.112,7.260378774178084e-18,-1.6758540445324225e-19,0.014980390830822043,2.894993147399189e-17,4.4672927201956804e-18,3.4163154390923874e-07,0.0,0.0,0.0,4.579228496920848e-18,0.0,0.0,0.0,1.0,2.5942751647517652,0.9493337494797257,58.32300380042085,58.32300380042085,58.32300380042085,58.32300380042085
3.0,2.144,7.228038628765469e-18,-6.728491708743801e-19,0.014980407931879929,-1.0106295441442155e-18,-1.5789492700660544e-17,5.34408058929479e-07,0.0,0.0,0.0,-7.689663519048699e-17,0.0,0.0,0.0,1.0,2.59427515825867,0.9493337494797257,58.48060580025859,58.48060580025859,58.48060580025859,58.48060580025859
4.0,2.176,6.8728018150373635e-18,-1.1501084691835012e-18,0.014980432327422535,-1.1101150429003287e-17,-1.4914353072160023e-17,7.623607064643344e-07,0.0,0.0,0.0,-1.6244194883680248e-16,0.0,0.0,0.0,1.0,2.594275148995933,0.9493337494797257,58.63820754736754,58.63820754736754,58.63820754736754,58.63820754736754
5.0,2.208,5.97117483900476e-18,-1.230296158120123e-18,0.01498046491793687,-2.8175843001018835e-17,-2.505865279269427e-18,1.0184535729411233e-06,0.0,0.0,0.0,9.741565709706276e-18,0.0,0.0,0.0,1.0,2.5942751366216505,0.9493337494797257,58.795809066611184,58.795809066611184,58.795809066611184,58.795809066611184
6.0,2.24,6.949832551588642e-18,-1.2668488350803694e-18,0.014980506423794941,3.0583053518246293e-17,-1.1422711550077004e-18,1.2970580647400111e-06,0.0,0.0,0.0,-4.176853661464386e-17,0.0,0.0,0.0,1.0,2.5942751208623043,0.9493337494797257,58.95341037750237,58.95341037750236,58.95341037750236,58.95341037750237
7.0,2.2720000000000002,6.217586556598497e-18,-1.2037070877360104e-18,0.014980557421280285,-2.2882687343442016e-17,1.9731796045112167e-18,1.5936714170008088e-06,0.0,0.0,0.0,4.190636380403529e-17,0.0,0.0,0.0,1.0,2.5942751014990857,0.9493337494797257,59.11101149527332,59.11101149527333,59.11101149527333,59.11101149527332
8.0,2.3040000000000003,5.692444943144975e-18,-1.7771366676406305e-18,0.014980618371408476,-1.641067542042254e-17,-1.7919674372019363e-17,1.90469150597016e-06,0.0,0.0,0.0,-1.1497100598136545e-17,0.0,0.0,0.0,1.0,2.5942750783569526,0.9493337494797257,59.26861243173216,59.26861243173216,59.26861243173216,59.26861243173216
9.0,2.336,6.6008246194097195e-18,-2.0183446182663964e-18,0.014980689642982967,2.8386864883273634e-17,-7.537748457055281e-18,2.2272367028475005e-06,0.0,0.0,0.0,-3.1805020828677275e-17,0.0,0.0,0.0,1.0,2.5942750512958748,0.9493337494797257,59.426213195947575,59.426213195947575,59.426213195947575,59.426213195947575
10.0,2.368,5.6758323644657345e-18,-1.954461934790379e-18,0.014980771531039312,-2.890600796699951e-17,1.9963338586255427e-18,2.559001760764777e-06,0.0,0.0,0.0,-6.346792980012219e-17,0.0,0.0,0.0,1.0,2.5942750202038307,0.9493337494797257,59.58381379479674,59.583813794796754,59.583813794796754,59.58381379479674
11.0,2.4,5.66744731876908e-18,-3.7214463291888593e-19,0.014980864271600192,-2.620326780204641e-19,4.944741568348411e-17,2.8981425275039957e-06,0.0,0.0,0.0,1.9764912504162424e-17,0.0,0.0,0.0,1.0,2.5942749849912063,0.9493337494797257,59.74141423340385,59.74141423340384,59.74141423340384,59.74141423340385
12.0,2.432,5.542365912003552e-18,-6.827504680034342e-19,0.01498096805347914,-3.908793961422747e-18,-9.706432346392123e-18,3.2431837171343803e-06,0.0,0.0,0.0,-1.1228912338465853e-16,0.0,0.0,0.0,1.0,2.594274945586312,0.9493337494797257,59.899014515490556,59.899014515490556,59.89901451549054,59.89901451549054
13.0,2.464,6.658560911127316e-18,-6.461353927562803e-19,0.014981083027723297,3.4881093722617615e-17,1.1442211014735583e-18,3.592945129892059e-06,0.0,0.0,0.0,-4.412376796347647e-17,0.0,0.0,0.0,1.0,2.594274901931797,0.9493337494797257,60.05661464365661,60.05661464365661,60.05661464365662,60.05661464365662
14.0,2.496,5.9847991596947834e-18,-8.169188635911841e-19,0.014981209315167419,-2.1055054732266633e-17,-5.33698346359074e-18,3.946482628810075e-06,0.0,0.0,0.0,-8.263787199281961e-18,0.0,0.0,0.0,1.0,2.594274853981785,0.9493337494797257,60.214214619604235,60.21421461960425,60.21421461960425,60.214214619604235
15.0,2.528,6.980344326736705e-18,-8.057941157519294e-19,0.014981347012476956,3.1110786470060024e-17,3.4764836997670734e-19,4.303040923039031e-06,0.0,0.0,0.0,-6.1553737509967185e-18,0.0,0.0,0.0,1.0,2.594274801699572,0.9493337494797257,60.37181444431769,60.37181444431768,60.37181444431768,60.37181444431769
16.0,2.56,6.867613079128943e-18,-9.471951934874523e-19,0.01498149619698238,-3.522851487742569e-18,-4.418783679235087e-18,4.662015794514459e-06,0.0,0.0,0.0,-4.8932120685015516e-17,0.0,0.0,0.0,1.0,2.5942747450557997,0.9493337494797257,60.52941411820675,60.529414118206766,60.529414118206766,60.52941411820675
17.0,2.592,6.651575075660763e-18,-8.081380744791105e-19,0.014981656930546552,-6.7511876083806e-18,4.345534969010679e-18,5.022923880374903e-06,0.0,0.0,0.0,-6.983715254943373e-17,0.0,0.0,0.0,1.0,2.594274684026981,0.9493337494797257,60.68701364122181,60.68701364122181,60.68701364122181,60.68701364122181
18.0,2.624,5.8377846769430954e-18,-1.0553223616627344e-18,0.014981829262658558,-2.54309499599271e-17,-7.72450897448824e-18,5.385378500186595e-06,0.0,0.0,0.0,-7.131580462135206e-17,0.0,0.0,0.0,1.0,2.5942746185943264,0.9493337494797257,60.84461301294555,60.84461301294555,60.84461301294555,60.84461301294555
19.0,2.656,5.749583130606677e-18,-2.5042897896775843e-19,0.014982013232908702,-2.7562983230130768e-18,2.5152918209217978e-17,5.749070316975099e-06,0.0,0.0,0.0,-1.632596657745181e-16,0.0,0.0,0.0,1.0,2.5942745487428067,0.9493337494797257,61.00221223266671,61.00221223266671,61.00221223266671,61.00221223266671
20.0,2.688,6.752668540002702e-18,3.5436070457216337e-19,0.014982208872968443,3.134641904362577e-17,1.889967761062254e-17,6.113751866907135e-06,0.0,0.0,0.0,2.5688161293928388e-17,0.0,0.0,0.0,1.0,2.5942744744603985,0.9493337494797257,61.15981129943869,61.15981129943869,61.15981129943869,61.15981129943869
21.0,2.72,6.242295237461882e-18,1.0579807652747625e-18,0.014982416208174339,-1.594916570440063e-17,2.19881268969562e-17,6.479225184261196e-06,0.0,0.0,0.0,-6.71054490434609e-17,0.0,0.0,0.0,1.0,2.5942743957374836,0.9493337494797257,61.317410212126724,61.31741021212674,61.31741021212674,61.317410212126724
22.0,2.7520000000000002,6.421466370425197e-18,4.797730369313934e-19,0.014982635258795137,5.599097905103598e-18,-1.8068991510730267e-17,6.845331899951208e-06,0.0,0.0,0.0,6.320635679539325e-17,0.0,0.0,0.0,1.0,2.594274312566369,0.9493337494797257,61.47500896944553,61.47500896944552,61.47500896944552,61.47500896944553
23.0,2.7840000000000003,7.68389762672116e-18,2.5427198933608763e-19,0.014982866041045444,3.945097675924881e-17,-7.0469077373533e-18,7.2119453220801795e-06,0.0,0.0,0.0,-4.309087906615707e-17,0.0,0.0,0.0,1.0,2.594274224940901,0.9493337494797257,61.632607569989354,61.632607569989354,61.632607569989354,61.632607569989354
24.0,2.816,6.548174839546911e-18,1.563553633536923e-19,0.01498310856789662,-3.5491337099195746e-17,-3.059894561949894e-18,7.578964099266503e-06,0.0,0.0,0.0,-1.1877229971887642e-17,0.0,0.0,0.0,1.0,2.5942741328561567,0.9493337494797257,61.790206012256085,61.7902060122561,61.7902060122561,61.790206012256085
25.0,2.848,5.5417086337141814e-18,5.937006558781192e-21,0.014983362849725509,-3.1452068932272767e-17,-4.7005736498409674e-18,7.94630715275721e-06,0.0,0.0,0.0,-1.3085886711727583e-17,0.0,0.0,0.0,1.0,2.594274036308199,0.9493337494797257,61.947804294666604,61.94780429466659,61.94780429466659,61.947804294666604
26.0,2.88,6.536520141918805e-18,2.171412299647068e-19,0.014983628894833376,3.1087859631394456e-17,6.60013198143517e-18,8.313909620862377e-06,0.0,0.0,0.0,1.2442120097102098e-16,0.0,0.0,0.0,1.0,2.594273935293879,0.9493337494797257,62.10540241557998,62.10540241557997,62.10540241557997,62.10540241557998
27.0,2.912,6.73132555416212e-18,-9.111835543886337e-19,0.014983906709861076,6.087669132603597e-18,-3.5260149511041864e-17,8.681719615617487e-06,0.0,0.0,0.0,5.169583287324869e-17,0.0,0.0,0.0,1.0,2.594273829810679,0.9493337494797257,62.26300037330616,62.26300037330618,62.26300037330618,62.26300037330616
28.0,2.944,5.776702614796786e-18,-1.2214161920071901e-18,0.01498419630012116,-2.983196685516667e-17,-9.694769925579879e-18,9.049695627637638e-06,0.0,0.0,0.0,-4.4283269825932533e-17,0.0,0.0,0.0,1.0,2.594273719856584,0.9493337494797257,62.42059816611547,62.42059816611547,62.42059816611548,62.42059816611548
29.0,2.976,5.712219422780154e-18,-4.654656408667045e-20,0.014984497669863569,-2.0150997505197456e-18,3.671467587251621e-17,9.41780445024974e-06,0.0,0.0,0.0,-4.1260865620346086e-17,0.0,0.0,0.0,1.0,2.5942736054299846,0.9493337494797257,62.578195792246774,62.578195792246774,62.578195792246774,62.578195792246774
30.0,3.008,5.926273234747252e-18,-9.13770945166154e-19,0.014984810822488166,6.689181623971809e-18,-2.7100761908733838e-17,9.786019518657424e-06,0.0,0.0,0.0,4.922517452071144e-18,0.0,0.0,0.0,1.0,2.594273486529593,0.9493337494797257,62.735793249913584,62.735793249913584,62.73579324991357,62.73579324991357
31.0,3.04,5.572746656847474e-18,-8.181332452945811e-19,0.014985135760714783,-1.1047705559368044e-17,2.9886781209866526e-18,1.0154319581793378e-05,0.0,0.0,0.0,-7.583836834229519e-17,0.0,0.0,0.0,1.0,2.59427336315438,0.9493337494797257,62.893390537309266,62.893390537309266,62.89339053730928,62.89339053730928
32.0,3.072,5.678532865695917e-18,-3.232459995881812e-19,0.014985472486719225,3.305819026513842e-18,1.5465226428324983e-17,1.0522687638825433e-05,0.0,0.0,0.0,-1.9474426502447474e-17,0.0,0.0,0.0,1.0,2.5942732353035236,0.9493337494797257,63.050987652611084,63.050987652611084,63.050987652611084,63.050987652611084
33.0,3.104,5.182174784166906e-18,-7.439962991045475e-20,0.0149858210022421,-1.5511190047781595e-17,7.776449052428946e-18,1.0891110089846803e-05,0.0,0.0,0.0,3.4346937642912144e-18,0.0,0.0,0.0,1.0,2.594273102976367,0.9493337494797257,63.20858459398323,63.20858459398323,63.20858459398323,63.20858459398323
34.0,3.136,5.1083624076043425e-18,1.1239403844135729e-18,0.014986181308675857,-2.306636767580106e-18,3.744812544762583e-17,1.1259576054888684e-05,0.0,0.0,0.0,1.2624146275914432e-17,0.0,0.0,0.0,1.0,2.594272966172385,0.9493337494797257,63.36618135957968,63.36618135957968,63.36618135957968,63.36618135957968
35.0,3.168,5.127618280720557e-18,7.213828961193729e-19,0.014986553407134425,6.017460348817158e-19,-1.2579921509193738e-17,1.1628076830247088e-05,0.0,0.0,0.0,1.7099307792782435e-17,0.0,0.0,0.0,1.0,2.5942728248911595,0.9493337494797257,63.5237779475461,63.5237779475461,63.52377794754609,63.52377794754609
36.0,3.2,5.239726186872171e-18,3.3206090661369855e-19,0.014986937298508932,3.503372067237918e-18,-1.2166312172052314e-17,1.1996605453338291e-05,0.0,0.0,0.0,6.6143195994182795e-18,0.0,0.0,0.0,1.0,2.594272679132356,0.9493337494797257,63.68137435602145,63.68137435602145,63.68137435602145,63.68137435602145
37.0,3.232,5.283846326479607e-18,1.0825935034923944e-19,0.014987332983512259,1.378754362732374e-18,-6.993798633264341e-18,1.2365156353965214e-05,0.0,0.0,0.0,-1.4453526176097236e-17,0.0,0.0,0.0,1.0,2.5942725288957083,0.9493337494797257,63.83897058313956,63.83897058313956,63.83897058313956,63.83897058313956
38.0,3.2640000000000002,5.146516541901411e-18,-5.965798985185796e-19,0.014987740462714696,-4.291555768068623e-18,-2.2026226527119322e-17,1.2733725076165345e-05,0.0,0.0,0.0,-2.964005119256942e-17,0.0,0.0,0.0,1.0,2.594272374181005,0.9493337494797257,63.99656662702991,63.99656662702991,63.99656662702991,63.99656662702991
39.0,3.2960000000000003,4.667733263793499e-18,-5.015465556771416e-19,0.014988159736572469,-1.4961977440872224e-17,2.969791963794933e-18,1.3102308055407205e-05,0.0,0.0,0.0,-7.683727348633096e-17,0.0,0.0,0.0,1.0,2.5942722149880773,0.9493337494797257,64.15416248581857,64.15416248581857,64.15416248581857,64.15416248581857
40.0,3.3280000000000003,4.481202965286996e-18,1.800453629883817e-19,0.014988590805450546,-5.829071828328218e-18,2.1299747458297585e-17,1.3470902439913819e-05,0.0,0.0,0.0,-3.952140708486402e-17,0.0,0.0,0.0,1.0,2.5942720513167914,0.9493337494797257,64.31175815762899,64.31175815762899,64.31175815762899,64.31175815762899
41.0,3.36,4.649075729267183e-18,-1.0774745908443717e-19,0.014989033669640894,5.2460238743809146e-18,-8.993525689775707e-18,1.3839505948361377e-05,0.0,0.0,0.0,-6.066831279515242e-19,0.0,0.0,0.0,1.0,2.5942718831670417,0.9493337494797257,64.4693536405824,64.4693536405824,64.4693536405824,64.4693536405824
42.0,3.392,4.86658080314576e-18,-4.1978666513522973e-19,0.01498948832937708,6.797033558705519e-18,-9.751225189087259e-18,1.4208116755820207e-05,0.0,0.0,0.0,2.832539699842151e-17,0.0,0.0,0.0,1.0,2.5942717105387443,0.9493337494797257,64.6269489327983,64.6269489327983,64.6269489327983,64.6269489327983
43.0,3.424,4.937666537438292e-18,-1.172463237414694e-18,0.014989954784845955,2.2214291966416267e-18,-2.3521142883733236e-17,1.4576733402358447e-05,0.0,0.0,0.0,-7.913486286181683e-18,0.0,0.0,0.0,1.0,2.594271533431834,0.9493337494797257,64.78454403239479,64.78454403239479,64.78454403239479,64.78454403239479
44.0,3.456,4.906387566151853e-18,-8.864556765899434e-19,0.014990433036196998,-9.77467852701228e-19,8.937736275773447e-18,1.4945354720073329e-05,0.0,0.0,0.0,-1.818453574940179e-18,0.0,0.0,0.0,1.0,2.5942713518462592,0.9493337494797257,64.94213893748892,64.94213893748892,64.94213893748892,64.94213893748892
45.0,3.488,4.6220611937653704e-18,-7.605937326801604e-19,0.014990923083549785,-8.885199137077566e-18,3.9331857471807124e-18,1.5313979774599418e-05,0.0,0.0,0.0,9.641642619371158e-18,0.0,0.0,0.0,1.0,2.5942711657819806,0.9493337494797257,65.09973364619674,65.09973364619674,65.09973364619674,65.09973364619674
46.0,3.52,4.6858966116282285e-18,-5.036478171547306e-19,0.014991424926999978,1.994856808214313e-18,8.029559860169675e-18,1.5682607818541948e-05,0.0,0.0,0.0,-3.477194282071107e-17,0.0,0.0,0.0,1.0,2.594270975238967,0.9493337494797257,65.25732815663369,65.25732815663369,65.25732815663369,65.25732815663369
47.0,3.552,4.79543710654955e-18,-1.7066629139129292e-19,0.014991938566624103,3.4231404662912946e-18,1.0405672680107419e-17,1.605123825390921e-05,0.0,0.0,0.0,-3.754513555182468e-18,0.0,0.0,0.0,1.0,2.5942707802171956,0.9493337494797257,65.41492246691463,65.41492246691463,65.41492246691463,65.41492246691463
48.0,3.584,4.714946757507598e-18,2.5353644346959418e-19,0.014992464002483377,-2.515323407561003e-18,1.325633546440271e-17,1.6419870602296993e-05,0.0,0.0,0.0,1.2514294424908397e-17,0.0,0.0,0.0,1.0,2.594270580716649,0.9493337494797257,65.5725165751539,65.5725165751539,65.5725165751539,65.5725165751539
49.0,3.616,4.6986705745821594e-18,-2.226726490059216e-21,0.014993001234626779,-5.086307164199495e-19,-7.992599061239162e-18,1.6788504481307195e-05,0.0,0.0,0.0,1.484577882146679e-17,0.0,0.0,0.0,1.0,2.5942703767373145,0.9493337494797257,65.73011047946552,65.73011047946552,65.73011047946552,65.73011047946552
50.0,3.648,4.6145968499662386e-18,-1.5565167356632502e-19,0.014993550263093484,-2.627303894247524e-18,-4.794529596133302e-18,1.715713958454428e-05,0.0,0.0,0.0,1.3763420886426196e-17,0.0,0.0,0.0,1.0,2.5942701682791838,0.9493337494797257,65.88770417796326,65.88770417796326,65.88770417796326,65.88770417796326
51.0,3.68,4.465731619940389e-18,-1.9757760444065187e-19,0.014994111087914836,-4.652038438307799e-18,-1.3101853398227127e-18,1.7525775667249604e-05,0.0,0.0,0.0,-4.753005712258017e-18,0.0,0.0,0.0,1.0,2.5942699553422512,0.9493337494797257,66.04529766876055,66.04529766876055,66.04529766876055,66.04529766876055
52.0,3.712,4.3604374311068656e-18,-2.327909684910091e-19,0.014994683709115908,-3.2904434010476005e-18,-1.100417626573662e-18,1.789441253350784e-05,0.0,0.0,0.0,9.675551204307932e-18,0.0,0.0,0.0,1.0,2.5942697379265143,0.9493337494797257,66.20289094997074,66.20289094997074,66.20289094997074,66.20289094997074
53.0,3.744,4.362672308037668e-18,-1.1437069343057208e-19,0.014995268126716758,6.983990408756736e-20,3.700633595638653e-18,1.8263050026543354e-05,0.0,0.0,0.0,-1.3532522681072807e-17,0.0,0.0,0.0,1.0,2.594269516031971,0.9493337494797257,66.360484019707,66.360484019707,66.360484019707,66.360484019707
54.0,3.7760000000000002,4.356503237225802e-18,-7.14670300096105e-20,0.01499586434073343,-1.927834628707959e-19,1.340739481905048e-18,1.8631688021022372e-05,0.0,0.0,0.0,-4.309272663978996e-18,0.0,0.0,0.0,1.0,2.5942692896586235,0.9493337494797257,66.51807687608236,66.51807687608236,66.51807687608236,66.51807687608236
55.0,3.8080000000000003,4.387072902838477e-18,2.557703459347716e-20,0.014996472351178765,9.553020503960897e-19,3.0326270188464866e-18,1.9000326416710404e-05,0.0,0.0,0.0,1.0974186854370273e-18,0.0,0.0,0.0,1.0,2.5942690588064727,0.9493337494797257,66.67566951720973,66.67566951720973,66.67566951720973,66.67566951720973
56.0,3.84,4.3939772166792624e-18,6.208970600239491e-20,0.014997092158063028,2.1575980752454316e-19,1.1410209815286945e-18,1.9368965133214127e-05,0.0,0.0,0.0,-1.2074205311625367e-18,0.0,0.0,0.0,1.0,2.5942688234755225,0.9493337494797257,66.83326194120201,66.83326194120201,66.83326194120201,66.83326194120201
57.0,3.872,4.384356700773156e-18,7.593283102386058e-20,0.015125813218067306,-3.006411220658211e-19,4.325976569208018e-19,0.0040225331251336725,0.0,0.0,0.0,-1.2074205311625367e-18,0.0,0.0,0.0,1.0,2.5942199528546865,0.9493337494797257,66.96953877968707,66.96953877968707,66.96953877968707,66.96953877968707
58.0,3.904,4.375432926540645e-18,8.483619337893787e-20,0.0157362153583916,-2.7886794476596305e-19,2.782300735961651e-19,0.019075066885134148,0.0,0.0,0.0,-1.2074205311625367e-18,0.0,0.0,0.0,1.0,2.5939882801888334,0.9493337494797257,67.04565429502648,67.04565429502648,67.04565429502648,67.04565429502648
59.0,3.936,4.386785898568593e-18,3.842114938410837e-19,0.017187918203995907,3.5478037587337363e-19,9.35547813944205e-18,0.04536571392513458,0.0,0.0,0.0,-1.2074205311625405e-18,0.0,0.0,0.0,1.0,2.5934377933785484,0.9493337494797257,67.05693396445781,67.05693396445781,67.05693396445781,67.05693396445781
60.0,3.968,4.3692702883571295e-18,1.5797592856623854e-18,0.01984658117760023,-5.4736281910824305e-19,3.7360868494415645e-17,0.08308321792513508,0.0,0.0,0.0,-1.207420531162533e-18,0.0,0.0,0.0,1.0,2.5924314309985594,0.9493337494797257,66.99858436173335,66.99858436173335,66.99858436173335,66.99858436173335
61.0,4.0,4.3422137885058636e-18,4.014542713088381e-18,0.024083903499684575,-8.455156203520588e-19,7.608698210706229e-17,0.1324163225651356,0.0,0.0,0.0,-1.2074205311625357e-18,0.0,0.0,0.0,1.0,2.590832342589619,0.9493337494797257,66.86569219075254,66.86569219075254,66.86569219075254,66.86569219075254
62.0,4.032,4.312102283531747e-18,7.745459747013568e-18,0.030277624188488936,-9.409845304411342e-19,1.16591157310162e-16,0.1935537715251361,0.0,0.0,0.0,-1.2074205311625401e-18,0.0,0.0,0.0,1.0,2.5885056473087946,0.9493337494797257,66.65322331919435,66.65322331919435,66.65322331919435,66.65322331919435
63.0,4.064,4.2561535198192575e-18,1.3144608764938574e-17,0.038811522060013315,-1.7483988660153036e-18,1.6872340681015629e-16,0.26668430848513663,0.0,0.0,0.0,-1.2074205311625653e-18,0.0,0.0,0.0,1.0,2.5853207325445307,0.9493337494797257,66.27846323697418,66.27846323697418,66.27846323697418,66.27846323697418
64.0,4.096,4.01765787924976e-18,2.0274284603952546e-17,0.050075415728017714,-7.452988767796783e-18,2.228023699691864e-16,0.35199667712513716,0.0,0.0,0.0,-1.2074205311625879e-18,0.0,0.0,0.0,1.0,2.5811541441386834,0.9493337494797257,65.73926245709416,65.73926245709416,65.73926245709416,65.73926245709416
65.0,4.128,3.2760462711588568e-18,2.948092159110914e-17,0.06446516360402213,-2.3175362752840713e-17,2.8770740584864327e-16,0.4496796211251376,0.0,0.0,0.0,-1.2074205311625779e-18,0.0,0.0,0.0,1.0,2.575893132509664,0.9493337494797256,65.10695025833408,65.10695025833408,65.10695025833408,65.10695025833408
66.0,4.16,1.7762335541264727e-18,4.0983308115460944e-17,0.08238266389730657,-4.686914740726196e-17,3.5944957888599363e-16,0.5599218841651383,0.0,0.0,0.0,-1.2074205311625393e-18,0.0,0.0,0.0,1.0,2.569439934210606,0.9493337494797256,64.37656394020124,64.37656394020124,64.37656394020124,64.37656394020124
67.0,4.192,-7.008638520722315e-19,5.5406715834746057e-17,0.10383490400620939,-7.740929394370944e-17,4.507314912276593e-16,0.6703825034032124,0.0,0.0,0.0,-1.2074205311625465e-18,0.0,0.0,0.0,1.0,2.5618571153125536,0.9493337494797256,63.60973844292183,63.60973844292183,63.60973844292183,63.60973844292183
68.0,4.224,-4.50260203762822e-18,7.36865367509633e-17,0.12850028842414124,-1.1880431829862455e-16,5.712444036317883e-16,0.7707932630603698,0.0,0.0,0.0,-1.2074205311627622e-18,0.0,0.0,0.0,1.0,2.553333457908858,0.9493337494797256,62.861030800456724,62.861030800456724,62.86103080045674,62.86103080045674
69.0,4.256,-1.0044076119829575e-17,9.536029032257891e-17,0.15606853816666533,-1.731710650687922e-16,6.773047991129873e-16,0.861507804453877,0.0,0.0,0.0,-1.2074205311633116e-18,0.0,0.0,0.0,1.0,2.5440558783706284,0.9493337494797256,62.131775596063974,62.131775596063974,62.131775596063974,62.131775596063974
70.0,4.288,-1.7677919151521474e-17,1.1694643527224848e-16,0.18624096749206595,-2.3855759474037164e-16,6.745670296771733e-16,0.9428884164187686,0.0,0.0,0.0,-1.207420531163368e-18,0.0,0.0,0.0,1.0,2.5342067324881463,0.9493337494797256,61.4231482429855,61.4231482429855,61.423148242985484,61.423148242985484
71.0,4.32,-2.771732297468501e-17,1.3488031615176234e-16,0.21873067814687996,-3.1373136947386017e-16,5.604337774848077e-16,1.015303457962937,0.0,0.0,0.0,-1.2074205311626459e-18,0.0,0.0,0.0,1.0,2.52396151976785,0.9493337494797256,60.73617592871653,60.73617592871653,60.73617592871651,60.73617592871651
72.0,4.352,-4.0742364036337826e-17,1.478934704239954e-16,0.2532626808338177,-4.0703253317665014e-16,4.0666107100728263e-16,1.0791250839668032,0.0,0.0,0.0,-1.2074205311627248e-18,0.0,0.0,0.0,1.0,2.5134869452287782,0.9493337494797256,60.07174777182782,60.07174777182782,60.07174777182781,60.07174777182781
73.0,4.384,-5.636109804164784e-17,1.5611660771339635e-16,0.28957395276072595,-4.880854376659375e-16,2.5697304029377945e-16,1.1347272477158818,0.0,0.0,0.0,-1.2074205311628042e-18,0.0,0.0,0.0,1.0,2.5029393058154685,0.9493337494797257,59.43062423381332,59.43062423381332,59.43062423381332,59.43062423381332
74.0,4.416,-7.330416315434197e-17,1.6108720223227319e-16,0.32741343932809636,-5.294707847716911e-16,1.5533107871490114e-16,1.1824839552303241,0.0,0.0,0.0,-1.2074205311627277e-18,0.0,0.0,0.0,1.0,2.492463175574809,0.9493337494797257,58.813445830567424,58.813445830567424,58.813445830567424,58.813445830567424
75.0,4.448,-9.042789787733759e-17,1.6453217201243842e-16,0.3665420072532788,-5.3511671009361275e-16,1.0765530563016327e-16,1.22276774766195,0.0,0.0,0.0,-1.2074205311627389e-18,0.0,0.0,0.0,1.0,2.4821903691245573,0.9493337494797257,58.22074118915745,58.22074118915745,58.22074118915745,58.22074118915745
76.0,4.48,-1.0655351270308171e-16,1.683474036353112e-16,0.40673235571454314,-5.039254633045032e-16,1.192259882147744e-16,1.2559483894145098,0.0,0.0,0.0,-1.2074205311626975e-18,0.0,0.0,0.0,1.0,2.472239166778978,0.9493337494797257,57.65293449578202,57.65293449578202,57.65293449578202,57.65293449578202
77.0,4.5120000000000005,-1.2063444130644895e-16,1.7403496638184152e-16,0.44776889142866616,-4.400290188552259e-16,1.777363358290723e-16,1.2823917410663432,0.0,0.0,0.0,-1.207420531162726e-18,0.0,0.0,0.0,1.0,2.4627137871206073,0.9493337494797257,57.11035238038163,57.11035238038163,57.11035238038163,57.11035238038163
78.0,4.5440000000000005,-1.3154939057864081e-16,1.8323782606001192e-16,0.4894475729520296,-3.4109216475599535e-16,2.8758936494282466e-16,1.302458797605107,0.0,0.0,0.0,-1.207420531162576e-18,0.0,0.0,0.0,1.0,2.453704093969885,0.9493337494797257,56.59323028245417,56.59323028245417,56.593230282454186,56.593230282454186
79.0,4.5760000000000005,-1.387409766572624e-16,1.9665445447782598e-16,0.5315757289167824,-2.2473706495692417e-16,4.192696380566893e-16,1.3165048738985232,0.0,0.0,0.0,-1.2074205311620887e-18,0.0,0.0,0.0,1.0,2.4452855247884333,0.9493337494797256,56.10171834133955,56.10171834133955,56.10171834133955,56.10171834133955
80.0,4.6080000000000005,-1.4207757420087276e-16,2.136897660023837e-16,0.5739718543793637,-1.042686732378239e-16,5.323534851424283e-16,1.3248789207056648,0.0,0.0,0.0,-1.2074205311620567e-18,0.0,0.0,0.0,1.0,2.437519226767444,0.9493337494797256,55.63588685267804,55.63588685267804,55.63588685267804,55.63588685267804
81.0,4.64,-1.414444966459118e-16,2.337073449798941e-16,0.6164653889671456,1.978367359253054e-17,6.255493430472164e-16,1.327922955868221,0.0,0.0,0.0,-1.2074205311620334e-18,0.0,0.0,0.0,1.0,2.4304523854336506,0.9493337494797256,55.19573133098744,55.19573133098744,55.19573133098744,55.19573133098744
82.0,4.672,-1.3673331575325485e-16,2.5605523653097804e-16,0.6588964800583978,1.4722440289552943e-16,6.983716109713726e-16,1.32597159660163,0.0,0.0,0.0,-1.2074205311618383e-18,0.0,0.0,0.0,1.0,2.4241187287995096,0.9493337494797256,54.78117721640787,54.78117721640787,54.78117721640787,54.78117721640787
83.0,4.704,-1.2782858590046464e-16,2.7983906312708377e-16,0.7011157338193097,2.78272807899694e-16,7.432445811283036e-16,1.319351680028494,0.0,0.0,0.0,-1.2074205311620492e-18,0.0,0.0,0.0,1.0,2.418539188140306,0.9493337494797256,54.392084261664436,54.392084261664436,54.392084261664436,54.392084261664436
84.0,4.736,-1.146679774944503e-16,3.04447291279077e-16,0.7429839565474404,4.1126901268794755e-16,7.690071297497879e-16,1.3083819602540843,0.0,0.0,0.0,-1.20742053116227e-18,0.0,0.0,0.0,1.0,2.4137226946341634,0.9493337494797256,54.028250633255176,54.028250633255176,54.028250633255176,54.028250633255176
85.0,4.768,-9.723578006894383e-17,3.295510948112566e-16,0.784371888431685,5.447561695470769e-16,7.844938603806114e-16,1.293372871382643,0.0,0.0,0.0,-1.2074205311624875e-18,0.0,0.0,0.0,1.0,2.409667089557916,0.9493337494797256,53.68941675876994,53.68941675876994,53.68941675876994,53.68941675876994
86.0,4.8,-7.549431260227309e-17,3.5509576863018116e-16,0.8251599315326413,6.794208583334601e-16,7.982710568413919e-16,1.274626346904883,0.0,0.0,0.0,-1.207420531162513e-18,0.0,0.0,0.0,1.0,2.4063601246575024,0.9493337494797256,53.37526895014917,53.37526895014917,53.37526895014917,53.37526895014917
87.0,4.832,-4.937357216245011e-17,3.810611204803961e-16,0.8652378735121665,8.162731387444673e-16,8.114172453192159e-16,1.252435686860161,0.0,0.0,0.0,-1.2074205311626455e-18,0.0,0.0,0.0,1.0,2.403780528820284,0.9493337494797255,53.08544283057753,53.08544283057753,53.08544283057753,53.08544283057753
88.0,4.864,-1.865091626771603e-17,4.0759126569435414e-16,0.9045046083950228,9.600829967104392e-16,8.290670379361881e-16,1.2270854650892569,0.0,0.0,0.0,-1.2074205311626197e-18,0.0,0.0,0.0,1.0,2.401899117327326,0.9493337494797255,52.81952659060349,52.81952659060349,52.81952659060349,52.81952659060349
89.0,4.896,1.69003927520823e-17,4.3480129241166183e-16,0.9428678554269914,1.1109784068686968e-15,8.503133349158645e-16,1.1988514697490171,0.0,0.0,0.0,-1.2074205311626403e-18,0.0,0.0,0.0,1.0,2.4006799207606813,0.9493337494797255,52.577064096985005,52.57706409698499,52.57706409698499,52.577064096985005
90.0,4.928,5.748931872261341e-17,4.628223992353136e-16,0.9802438769009307,1.268403936579096e-15,8.75659588239117e-16,1.1680006710606043,0.0,0.0,0.0,-1.2074205311626025e-18,0.0,0.0,0.0,1.0,2.4000813120392204,0.9493337494797254,52.357557875687675,52.35755787568766,52.35755787568766,52.357557875687675
91.0,4.96,1.0248499457086677e-16,4.916140324825687e-16,1.0165571956532922,1.4061148702579163e-15,8.997385389767217e-16,1.1347912110112939,0.0,0.0,0.0,-1.2074205311628279e-18,0.0,0.0,0.0,1.0,2.4000571119721092,0.9493337494797254,52.160471988410606,52.160471988410606,52.160471988410606,52.160471988410606
92.0,4.992,1.5021768731623162e-16,5.211868976354897e-16,1.0517403127869882,1.4916466482926503e-15,9.241520360287794e-16,1.0994724104280003,0.0,0.0,0.0,-1.2074205311627208e-18,0.0,0.0,0.0,1.0,2.4005576560389663,0.9493337494797254,51.98523481999012,51.98523481999012,51.98523481999012,51.98523481999012
93.0,5.024,1.9911987040672553e-16,5.513973529974057e-16,1.085733426050708,1.5281932215779333e-15,9.440767300598755e-16,1.062284789491246,0.0,0.0,0.0,-1.2074205311627504e-18,0.0,0.0,0.0,1.0,2.401530807702119,0.9493337494797253,51.83124179203669,51.83124179203669,51.83124179203669,51.83124179203669
94.0,5.056,2.476360453478226e-16,5.822129576964165e-16,1.1184841491983368,1.5161304669092826e-15,9.629876468440863e-16,1.0234600983633968,0.0,0.0,0.0,-1.2074205311627473e-18,0.0,0.0,0.0,1.0,2.402922906297922,0.9493337494797253,51.697858016199646,51.697858016199646,51.697858016199646,51.697858016199646
95.0,5.088,2.9422513086262703e-16,6.136407596497648e-16,1.1499472325636495,1.4559089223376367e-15,9.82118811042133e-16,0.9832213551660202,0.0,0.0,0.0,-1.2074205311627138e-18,0.0,0.0,0.0,1.0,2.404679640316667,0.9493337494797252,51.5844208985334,51.5844208985334,51.5844208985334,51.5844208985334
96.0,5.12,3.376874243999913e-16,6.456600256371481e-16,1.1800842850135815,1.3581966730426322e-15,1.0006020621057267e-15,0.9417828890603752,0.0,0.0,0.0,-1.2074205311629105e-18,0.0,0.0,0.0,1.0,2.4067468395551805,0.9493337494797252,51.490242704562306,51.490242704562306,51.490242704562306,51.490242704562306
97.0,5.152,3.767204813347805e-16,6.779992133696665e-16,1.2088634973867947,1.2197830292121616e-15,1.0105996166411998e-15,0.8993503866629093,0.0,0.0,0.0,-1.2074205311629692e-18,0.0,0.0,0.0,1.0,2.409071182124065,0.9493337494797252,51.414613092817504,51.414613092817504,51.414613092817504,51.414613092817504
98.0,5.184,4.099679261881191e-16,7.103359998834958e-16,1.2362593674817093,1.03898265166683e-15,1.010524578557166e-15,0.8561209404660811,0.0,0.0,0.0,-1.2074205311630836e-18,0.0,0.0,0.0,1.0,2.4116008145468135,0.9493337494797249,51.356801622852494,51.35680162285251,51.35680162285251,51.356801622852494
99.0,5.216,4.3629622752931274e-16,7.422651779359875e-16,1.2622524266283979,8.227594169123005e-16,9.97786814140362e-16,0.8122830983340178,0.0,0.0,0.0,-1.2074205311629095e-18,0.0,0.0,0.0,1.0,2.4142858851578617,0.9493337494797249,51.31606024204593,51.31606024204594,51.31606024204594,51.31606024204593
100.0,5.248,4.551944415048129e-16,7.735267549355941e-16,1.2868289678605125,5.9056918673438e-16,9.769242812377067e-16,0.7680169135035809,0.0,0.0,0.0,-1.2074205311627371e-18,0.0,0.0,0.0,1.0,2.417078992669442,0.9493337494797249,51.29162575387697,51.29162575387697,51.29162575387697,51.29162575387697
101.0,5.28,4.668184562219557e-16,8.040197649306423e-16,1.3099807756955557,3.63250459910713e-16,9.529065623452554e-16,0.7234939948451001,0.0,0.0,0.0,-1.2074205311629442e-18,0.0,0.0,0.0,1.0,2.4199355531296316,0.9493337494797249,51.282722268818944,51.282722268818944,51.282722268818944,51.282722268818944
102.0,5.312,4.71133455401133e-16,8.335023982898823e-16,1.331704857533095,1.3484372434928935e-16,9.213322924762485e-16,0.6788775574231015,0.0,0.0,0.0,-1.2074205311629752e-18,0.0,0.0,0.0,1.0,2.4228140895477406,0.9493337494797248,51.288563637553544,51.288563637553544,51.288563637553544,51.288563637553544
103.0,5.344,4.679589417285886e-16,8.616946890052991e-16,1.3520031766898135,-9.92035522670123e-17,8.81009084856775e-16,0.6343224736474536,0.0,0.0,0.0,-1.2074205311626541e-18,0.0,0.0,0.0,1.0,2.425676449240442,0.9493337494797248,51.30835586486459,51.3083558648646,51.3083558648646,51.30835586486459
104.0,5.376,4.569108706299064e-16,8.884635973730886e-16,1.3708823871064133,-3.4525222183381794e-16,8.365283864934222e-16,0.5899753255187429,0.0,0.0,0.0,-1.2074205311631516e-18,0.0,0.0,0.0,1.0,2.4284879544823252,0.9493337494797248,51.34129950134214,51.34129950134216,51.34129950134216,51.34129950134214
105.0,5.408,4.3830220430717713e-16,9.13532910534225e-16,1.3883535697832186,-5.815208225852898e-16,7.834160362855116e-16,0.5459744586501637,0.0,0.0,0.0,-1.2074205311631687e-18,0.0,0.0,0.0,1.0,2.4312174923612586,0.9493337494797248,51.38659200891699,51.38659200891699,51.38659200891699,51.38659200891699
106.0,5.44,4.130877342563948e-16,9.367599395493757e-16,1.4044319710277353,-7.879521890869472e-16,7.258446567234579e-16,0.5024500388911483,0.0,0.0,0.0,-1.2074205311637288e-18,0.0,0.0,0.0,1.0,2.433837549876609,0.9493337494797248,51.443430095266905,51.443430095266905,51.443430095266905,51.443430095266905
107.0,5.472,3.826754908892565e-16,9.57763360298015e-16,1.4191367426273427,-9.503826052230715e-16,6.563568983949799e-16,0.4595241124877299,0.0,0.0,0.0,-1.2074205311634191e-18,0.0,0.0,0.0,1.0,2.4363242003108403,0.949333749479725,51.511012011287924,51.511012011287924,51.511012011287924,51.511012011287924
108.0,5.5040000000000004,3.4845120981604784e-16,9.764041897069353e-16,1.432490684092644,-1.069508783537769e-15,5.825259190287564e-16,0.4173106707906628,0.0,0.0,0.0,-1.207420531163498e-18,0.0,0.0,0.0,1.0,2.4386570467835202,0.949333749479725,51.58853980512025,51.58853980512025,51.58853980512025,51.58853980512025
109.0,5.5360000000000005,3.11695273058557e-16,9.923826599253504e-16,1.4445199871507959,-1.1486230236715882e-15,4.993271943254705e-16,0.37591572056724887,0.0,0.0,0.0,-1.2074205311635493e-18,0.0,0.0,0.0,1.0,2.440819128689494,0.949333749479725,51.6752215256558,51.6752215256558,51.6752215256558,51.6752215256558
110.0,5.5680000000000005,2.737504802116862e-16,1.0053655848389e-15,1.4552539827023847,-1.1857747764647106e-15,4.057164035484263e-16,0.33543736098715055,0.0,0.0,0.0,-1.2074205311635541e-18,0.0,0.0,0.0,1.0,2.4427967964540933,0.9493337494797252,51.7702733680404,51.7702733680404,51.7702733680404,51.7702733680404
111.0,5.6000000000000005,2.3597532132050666e-16,1.0150156395177229e-15,1.464724890489212,-1.18047371534936e-15,3.0156420871321334e-16,0.29596586833835453,0.0,0.0,0.0,-1.2074205311635156e-18,0.0,0.0,0.0,1.0,2.444579559728054,0.9493337494797252,51.87292175341611,51.87292175341611,51.87292175341611,51.87292175341611
112.0,5.632,1.9969720996450474e-16,1.0208003047413188e-15,1.4729675717528576,-1.1336909798750903e-15,1.8077078823737778e-16,0.2575837894889313,0.0,0.0,0.0,-1.2074205311633765e-18,0.0,0.0,0.0,1.0,2.4461599138097645,0.9493337494797252,51.98240533502677,51.98240533502677,51.98240533502677,51.98240533502677
113.0,5.664,1.6620179760271925e-16,1.021904071234932e-15,1.4800192851942984,-1.0467316363057958e-15,3.449270292541047e-17,0.2203660450450227,0.0,0.0,0.0,-1.207420531163205e-18,0.0,0.0,0.0,1.0,2.447533148735364,0.9493337494797253,52.097976922831904,52.097976922831904,52.097976922831904,52.097976922831904
114.0,5.696,1.367758090543314e-16,1.0172437690761564e-15,1.4859194465725032,-9.19562142137119e-16,-1.4563444246173608e-16,0.18438004306890032,0.0,0.0,0.0,-1.2074205311630944e-18,0.0,0.0,0.0,1.0,2.448697145127859,0.9493337494797253,52.218905318930474,52.218905318930474,52.21890531893046,52.21890531893046
115.0,5.728,1.1280170700482648e-16,1.005484154699307e-15,1.4907093923041557,-7.491906890470284e-16,-3.674879492765395e-16,0.14968580411413981,0.0,0.0,0.0,-1.207420531163839e-18,0.0,0.0,0.0,1.0,2.44965216055168,0.9493337494797253,52.34447705638776,52.344477056387746,52.34447705638773,52.344477056387746
116.0,5.76,9.578860024873287e-17,9.857555914215546e-16,1.4944321474469635,-5.31659586127925e-16,-6.165176024297635e-16,0.116336098212745,0.0,0.0,0.0,-1.3334750500813511e-15,0.0,0.0,0.0,1.0,2.4504006097838404,0.9493337494797253,52.47399803446665,52.47399803446664,52.473998034466625,52.47399803446664
117.0,5.792,8.63977955061961e-17,9.580669398945105e-16,1.497132198464954,-2.9346264820427353e-16,-8.652703602201278e-16,0.08437659431220067,0.0,0.0,0.0,-1.7775642599314133e-15,0.0,0.0,0.0,1.0,2.4509468420899294,0.9493337494797253,52.606795043789475,52.60679504378946,52.60679504378945,52.60679504378946
118.0,5.824,8.47736167123434e-17,9.22757018052319e-16,1.498855271185389,-5.0755587307897e-17,-1.1034350575684853e-15,0.05384602251359833,0.0,0.0,0.0,-1.3334750500813511e-15,0.0,0.0,0.0,1.0,2.4512969182841657,0.9493337494797253,52.74221717557813,52.74221717557812,52.742217175578105,52.74221717557812
119.0,5.856,9.012219350769676e-17,8.813377055042437e-16,1.4996481143632263,1.6714302485479241e-16,-1.294353517127351e-15,0.024776349307413494,0.0,0.0,0.0,-1.3334750500813521e-15,0.0,0.0,0.0,1.0,2.451458390058197,0.9493337494797253,52.87963710983067,52.87963710983067,52.87963710983067,52.87963710983067
120.0,5.888,1.0086478387204727e-16,8.367054528042859e-16,1.4995582892702417,3.3570594888595325e-16,-1.3947578968736795e-15,-0.0028070341557689922,0.0,0.0,0.0,-1.3334750500813523e-15,0.0,0.0,0.0,1.0,2.451440083783124,0.9493337494797253,53.018452278076424,53.018452278076424,53.018452278076424,53.018452278076424
121.0,5.92,1.1545593674362076e-16,7.919167809308525e-16,1.4986339657219923,4.559735272366711e-16,-1.399645996044794e-15,-0.028885110882795304,0.0,0.0,0.0,-1.3334750500813521e-15,0.0,0.0,0.0,1.0,2.451251890722706,0.9493337494797253,53.158085897194056,53.158085897194056,53.158085897194056,53.158085897194056
122.0,5.952,1.3236487823019517e-16,7.50001701337837e-16,1.4969237249467462,5.284044214554499e-16,-1.3098462372817305e-15,-0.05344502422643944,0.0,0.0,0.0,-1.3334750500813523e-15,0.0,0.0,0.0,1.0,2.450904565342141,0.9493337494797253,53.29798787166473,53.29798787166473,53.297987871664745,53.297987871664745
123.0,5.984,1.5006193086413948e-16,7.141301662558313e-16,1.4944763696864958,5.53032894810759e-16,-1.1209854713126799e-15,-0.07647985188282545,0.0,0.0,0.0,-1.3334750500813521e-15,0.0,0.0,0.0,1.0,2.450409533155292,0.9493337494797253,53.43763556254916,53.43763556254916,53.437635562549175,53.437635562549175
124.0,6.016,1.6697671247498799e-16,6.86713462543995e-16,1.4913407419013949,5.285869253390155e-16,-8.567719909948821e-16,-0.09798836828440313,0.0,0.0,0.0,-1.3334750500813523e-15,0.005387061728395585,-8.446050423941492e-16,-4.0058285315066374e-16,1.0,2.4497787093229895,0.9493337494797253,53.232351681667225,53.92071716314878,53.92071716314891,53.23235168166735
125.0,6.048,1.814890486798256e-16,6.691948909346629e-16,1.4875659366012024,4.535105064011754e-16,-5.474553627916293e-16,-0.11796266563101471,-2.138150226929872e-16,0.005351878611212087,-4.766048661377105e-16,9.734822155374477e-17,0.005387061728395512,-5.376306580637723e-16,2.7688312621424133e-16,1.0,2.4490244062756514,0.9493337494797253,53.991207583837166,53.437100340449035,53.437100340448936,53.99120758383707
126.0,6.08,5.059914161759656e-05,6.536737195314693e-16,1.4832000646519685,0.0015812231755442194,-4.850366063497972e-16,-0.13643349841355862,-1.4845413283657756e-16,0.006384641099510209,-4.7651100243527085e-16,8.77909727085721e-18,0.006942941255656102,-4.754348936286185e-16,2.8579769437070495e-16,1.0,2.4481093580884363,0.9492863721933255,53.85281870867399,53.847514982422226,53.847514982422226,53.85281870867399
127.0,6.112,0.00016186599030399703,6.395342797545441e-16,1.4782907563041328,0.003477089021450012,-4.4185749302891196e-16,-0.1534158858698674,-1.0270045938089118e-16,0.007375957682450639,-4.764281056443421e-16,6.480678290049527e-18,0.008808376322239212,-4.320267787766838e-16,2.939125221833805e-16,1.0,2.4470359860478386,0.9491821913317234,53.98630275007465,53.98204098254137,53.98204098254137,53.98630275007465
128.0,6.144,0.0003435692633327027,6.263420250670743e-16,1.4728852963350156,0.005678227282147047,-4.1225795898343054e-16,-0.1689206240349099,-5.514629508495709e-17,0.008333887858209942,-4.76290807241622e-16,6.6530397891457836e-18,0.010974138087025034,-4.0184096670145786e-16,3.013886377815494e-16,1.0,2.4458069198253765,0.949012063221323,54.118353693789416,54.113146619859364,54.113146619859364,54.118353693789416
129.0,6.176,0.0006052448990769292,6.136408727320326e-16,1.4670302191810194,0.008177363617007072,-3.969110104700549e-16,-0.18297116106238254,2.494172522957864e-17,0.009250926733730753,-4.759411789628002e-16,1.1358255773827504e-17,0.013433060291973496,-3.8554468421276823e-16,3.0827018045219183e-16,1.0,2.4444247618681354,0.9487670648219876,54.24759085047918,54.24151637652427,54.24151637652427,54.24759085047918
130.0,6.208,0.0009561156894241559,6.006567833549736e-16,1.460771180413547,0.010964712198350823,-4.057527930330917e-16,-0.19559496148351102,1.2418297250012744e-16,0.010120149050674807,-4.896244086251552e-16,-4.2960626287085e-16,0.01617550564857171,-3.9268939440722653e-16,3.3495140665334926e-16,1.0,2.4428920646536287,0.9484385698783041,54.30420302186849,54.29735099762401,54.29735099762401,54.30420302186849
131.0,6.24,0.0014047645632572164,5.86424977397844e-16,1.4541280954569638,0.014020277307283129,-4.44743936160302e-16,-0.20759640489322725,2.1789818341143947e-16,0.010935378244778861,-5.032606808677156e-16,-4.3046734320534145e-16,0.019181790892742117,-4.292913585732555e-16,3.6228337263478687e-16,1.0,2.44120696184146,0.9480185557472722,54.35831504908007,54.35079411309503,54.35079411309503,54.35831504908007
132.0,6.272,0.001959277113789492,5.700304143329862e-16,1.4471200273151081,0.01732851720413359,-5.123300957768045e-16,-0.21900212943298783,2.898338760708382e-16,0.011691284677973913,-5.169707368438508e-16,-4.3440870480468665e-16,0.022436615909198952,-4.938138754980968e-16,3.9096961209827223e-16,1.0,2.4393678745623593,0.947499470899398,54.41417748388782,54.40607187778115,54.40607187778115,54.41417748388782
133.0,6.304,0.0026272023725789117,5.507655879129941e-16,1.4397666970423884,0.02087266433716935,-6.020258256247523e-16,-0.229791571022493,3.6192713651187364e-16,0.012383191291800748,-5.448476337127454e-16,-8.781361823476264e-16,0.025923474850991817,-5.795061509061962e-16,4.411546807609267e-16,1.0,2.4373738077347715,0.9468742725926419,54.471540254978386,54.46294478498648,54.46294478498648,54.471540254978386
134.0,6.336,0.003415504266168107,5.279168017034153e-16,1.432088400184952,0.024634434174662326,-7.140245690493355e-16,-0.23994677679488297,4.649829279647685e-16,0.013007158998063154,-5.724637415529028e-16,-8.709958250395399e-16,0.02962436967254649,-6.868272986426201e-16,4.930588919540885e-16,1.0,2.435224349165016,0.9461364732354035,54.530162109308584,54.521172637469725,54.521172637469725,54.530162109308584
135.0,6.368,0.0043305194361625225,5.004655734964671e-16,1.4241059242975864,0.028594224062325462,-8.578508814671308e-16,-0.24945237148017696,5.894892480999477e-16,0.013559997374427472,-5.998717738999419e-16,-8.655341143425512e-16,0.0335200058421256,-8.251421541093571e-16,5.473545115971596e-16,1.0,2.432919664750424,0.9452801807294897,54.58980724917399,54.580519066429346,54.580519066429346,54.58980724917399
136.0,6.4,0.005377921642429985,4.671795361466581e-16,1.4158404676763305,0.03273131894585817,-1.040188667181533e-15,-0.25829551941424617,7.132451830024964e-16,0.014039262673031778,-6.272406919835718e-16,-8.649528340973475e-16,0.0375899948038221,-1.0010177506547163e-15,6.05003535106363e-16,1.0,2.4304604898485382,0.9443001325616152,54.65024547599271,54.64075250172001,54.64075250172001,54.65024547599271
137.0,6.432,0.00656269285708717,4.2682826499150524e-16,1.4073135594514232,0.03702410045803699,-1.2609772235985242e-15,-0.26646588202835336,8.390296864010892e-16,0.014443249591115462,-6.545623783954659e-16,-8.635145559009585e-16,0.041813059744436845,-1.2143920022383477e-15,6.667214750413663e-16,1.0,2.4278481169415245,0.9431917235191687,54.71125270171078,54.701646727616705,54.701646727616705,54.71125270171078
138.0,6.464,0.007889101103732983,3.781560932510709e-16,1.3985469811892308,0.04145025770768163,-1.521005366888572e-15,-0.2739555706935124,9.668457156151917e-16,0.014770977085920331,-6.818495679669775e-16,-8.618811374902527e-16,0.04616724302912565,-1.4660406918477958e-15,7.332708388962906e-16,1.0,2.4250843797347246,0.941951026958727,54.77261143343286,54.7629814138095,54.7629814138095,54.77261143343286
139.0,6.496,0.009360685042460905,3.1988200089813753e-16,1.3895626901555485,0.045986998085247525,-1.821065386029166e-15,-0.28075909480257377,1.1313556779707304e-15,0.015022168535211338,-7.230365102332632e-16,-1.2951843108724051e-15,0.050630113647530534,-1.7560406495320754e-15,8.249226459727605e-16,1.0,2.4221716338405663,0.940574809609759,54.8341112276274,54.82454262052944,54.82454262052944,54.8341112276274
140.0,6.5280000000000005,0.010980245246825069,2.5035604832334183e-16,1.3803827443957843,0.05061125638638007,-2.1726860179623637e-15,-0.2868733049926281,1.277283869214446e-15,0.0151972265853139,-7.643843708066713e-16,-1.2985614616841783e-15,0.055178972998955814,-2.096308629011476e-15,9.234258673970845e-16,1.0,2.4191127342137215,0.9390605399507314,54.89554911184707,54.88612327519896,54.88612327519896,54.89554911184707
141.0,6.5600000000000005,0.012749842064714075,1.681047721012493e-16,1.3710292297897002,0.055299900559031404,-2.5703523819403896e-15,-0.2922973314401289,1.4300098851897437e-15,0.01529720306591588,-8.056962503052262e-16,-1.2950753266123735e-15,0.05979105734939448,-2.4814318757617705e-15,1.029389907879731e-15,1.0,2.4159110095200913,0.9374063902497596,54.956729972027155,54.94752361808286,54.94752361808286,54.956729972027155
142.0,6.5920000000000005,0.01467079990159618,7.158149441597977e-17,1.3615241892392886,0.06002993240256571,-3.0163524276646697e-15,-0.2970325172003613,1.5386114811964234e-15,0.015323764384533985,-8.332109850299028e-16,-8.609667238142524e-16,0.06444373531571655,-2.9145568378030775e-15,1.1244826907394536e-15,1.0,2.4125702336403005,0.9356112324163841,55.01746690359687,55.008551614567125,55.008551614567125,55.01746690359687
143.0,6.6240000000000006,0.01674371771245003,-4.0326823097222296e-17,1.3518895541477727,0.0647786815891828,-3.4971349222875613e-15,-0.3010823466098736,1.6407031301820386e-15,0.015279152843122874,-8.750429288108748e-16,-1.3048790522104068e-15,0.06911469877361032,-3.3806115280024192e-15,1.2487493496852446e-15,1.0,2.409094594527453,0.9336746278642742,55.07758152486104,55.069023331901114,55.069023331901114,55.07758152486104
144.0,6.656000000000001,0.0189684854385019,-1.686745694310947e-16,1.3421470783454141,0.06952399143912089,-4.010867072933509e-15,-0.30445236882370413,1.7148745472762135e-15,0.01516614434449002,-9.313819005664017e-16,-1.7544637464366917e-15,0.07378214564606358,-3.877593390629133e-15,1.4031120113485353e-15,1.0,2.40548866065823,0.9315968116360183,55.13690425137868,55.12876327849841,55.12876327849841,55.13690425137868
145.0,6.688,0.021344306077261444,-3.1424359584962213e-16,1.3323182746136686,0.07424439496123769,-4.5490320755791045e-15,-0.3071501166170567,1.804572943988082e-15,0.01498800297668471,-9.876502210526615e-16,-1.7483889321715404e-15,0.07842495310806998,-4.398081913099472e-15,1.5676639516984006e-15,1.0,2.4017573453355507,0.9293786710899447,55.19527453037208,55.18760470419708,55.18760470419708,55.19527453037208
146.0,6.72,0.02386972302987231,-4.779726151866882e-16,1.3224243539531584,0.07891927976908944,-5.116531854283312e-15,-0.30918502064094355,1.8631794920257993e-15,0.01474843297913921,-1.0584554087663131e-15,-2.1986881377162143e-15,0.08302283984022861,-4.9457119141762116e-15,1.7634558268555082e-15,1.0,2.397905869119188,0.9270217194945001,55.252541034534275,55.24538986021895,55.245389860218964,55.25254103453426
147.0,6.752,0.02654265232902866,-6.604937796590884e-16,1.3124861677329172,0.08352904059863586,-5.703786389762499e-15,-0.31056831938253815,1.912483255996755e-15,0.01445152860489455,-9.730643299143e-16,2.6857026373175473e-15,0.08755651607809058,-5.525834989384458e-15,1.75188682140473e-15,1.0,2.393939720677554,0.9245280649174826,55.30856181496241,55.30197021793705,55.30197021793705,55.30856181496241
148.0,6.784,0.029360419314168034,-8.623240459641326e-16,1.3025241528484495,0.0880552182856054,-6.3071958220326275e-15,-0.3113129651396149,1.9864137903064507e-15,0.01410172239863763,-8.875390423776311e-16,2.6937031944611904e-15,0.09200782033393932,-6.122669906947263e-15,1.7518069616126622e-15,1.0,2.38986461636867,0.921900374834815,55.36320441330621,55.35720664594187,55.35720664594187,55.36320441330621
149.0,6.816,0.03231979928879525,-1.084228719822101e-15,1.2925582800044368,0.09248062420710035,-6.934521058061503e-15,-0.31143352637539423,2.0245315417910546e-15,0.013703732410506066,-7.88147515819871e-16,3.130627538952054e-15,0.09635984181191246,-6.745168953588673e-15,1.74450670421421e-15,1.0,2.3856864588706967,0.9191418369160679,55.4163459335943,55.4109695452904,55.4109695452904,55.4163459335943
150.0,6.848,0.03541706166801736,-1.326612866968488e-15,1.2826080052245752,0.09678944935069102,-7.574504598324588e-15,-0.3109460868706765,2.055931566492248e-15,0.013262508860687382,-6.888610601385467e-16,3.130550987170078e-15,0.10059702769353311,-7.381010130680734e-15,1.74985393840045e-15,1.0,2.3814112951919344,0.9162561164711771,55.46787307455426,55.463138943208634,55.463138943208634,55.46787307455426
151.0,6.88,0.0386480171030006,-1.589814587748098e-15,1.272692224676242,0.10096735734322608,-8.225053774362807e-15,-0.30986814213541214,2.0932938860788263e-15,0.012783180759902684,-5.895811957824322e-16,3.1333084020086398e-15,0.1047052746370087,-8.028116401847339e-15,1.7679840485961649e-15,1.0,2.377045274396445,0.9132473110643892,55.5176821235866,55.51360454589392,55.51360454589392,55.5176821235866
152.0,6.912,0.042008067053340904,-1.8742327079776245e-15,1.262829232881709,0.10500156094813438,-8.888066257172696e-15,-0.30821849357915543,2.111484648350556e-15,0.012271002976062293,-4.762711381787898e-16,3.574311492882333e-15,0.10867200400739284,-8.68984707748659e-15,1.779559393290287e-15,1.0,2.372594605384306,0.9101199028171854,55.56567891386702,55.562265751419446,55.562265751419446,55.56567891386702
153.0,6.944,0.04549225526843207,-2.180071092171042e-15,1.2530366843707208,0.10888088172159885,-9.557449506044288e-15,-0.30601714096838123,2.1409176458903365e-15,0.01173130421797651,-3.771344061407563e-16,3.1336595206943674e-15,0.1124862205334145,-9.357156628307623e-15,1.8242674167196517e-15,1.0,2.3680655150646195,0.9068787089315906,55.61177874633229,55.60903162406757,55.60903162406757,55.61177874633229
154.0,6.976,0.04909532063489198,-2.5076494269875498e-15,1.2433315588117242,0.11259579270187198,-1.023682296301586e-14,-0.3032851737186437,2.1711395144102686e-15,0.011169436383289096,-2.780303684214877e-16,3.134654625900015e-15,0.11613855426772847,-1.0035043129650118e-14,1.8825864308358774e-15,1.0,2.3634642072547885,0.9035288309688241,55.6559062785507,55.653820831711954,55.653820831711954,55.6559062785507
155.0,7.008,0.05281175084895387,-2.857295846310513e-15,1.2337301296411782,0.11613844418943405,-1.0926450603842591e-14,-0.300044661579561,2.1901223832356094e-15,0.010590725690131215,-1.6481564468281804e-16,3.577186939526479e-15,0.11962128590783641,-1.0725410121651556e-14,1.9349998317107775e-15,1.0,2.3587968226311555,0.9000756034157118,55.69799538267778,55.696561548119796,55.696561548119796,55.69799538267778
156.0,7.04,0.05663583638034323,-3.229223141274209e-15,1.2242479361924927,0.11950267285591742,-1.1622727967615491e-14,-0.29631854527142176,2.2117459228981137e-15,0.01000042598077455,-3.7397382326271983e-17,4.022210178054858e-15,0.12292835571225982,-1.1424811582158691e-14,1.981596556631808e-15,1.0,2.3540694000439846,0.8965245420627931,55.737988974854225,55.73719132225407,55.73719132225407,55.737988974854225
157.0,7.072,0.060561724207354214,-3.623669740793024e-15,1.214899759308531,0.12268399459409313,-1.2326456234962948e-14,-0.29213052762380703,2.236641555805633e-15,0.009403674551232543,7.580698762889212e-17,3.578948059926413e-15,0.12605535641811763,-1.2130526246418874e-14,2.062398316395539e-15,1.0,2.3492878394940306,0.892881292703828,55.77583881851219,55.77565691682046,55.77565691682046,55.77583881851219
158.0,7.104,0.0645834708213458,-4.040909193350883e-15,1.205699600404544,0.12567958168723697,-1.3038732892433087e-14,-0.28750496574959206,2.2714357017466706e-15,0.008805450823798185,1.8904363788920412e-16,3.580636922569563e-15,0.12899951072960966,-1.284527595722581e-14,2.1577217238999137e-15,1.0,2.3444578670488965,0.8891515806467508,55.811505304119116,55.811914118421676,55.811914118421676,55.811505304119116
159.0,7.136,0.06869509402235498,-4.481316331571826e-15,1.1966606639321287,0.12848822503153665,-1.3762723069404453e-14,-0.28246676476297694,2.321283948279732e-15,0.008210538140410813,3.023320691686637e-16,3.582827177975651e-15,0.13175963409974542,-1.3572114492063839e-14,2.2678643707744442e-15,1.0,2.339585001955189,0.8853411615014146,55.8449572079073,55.84592752175736,55.84592752175736,55.8449572079073
160.0,7.168,0.0728906230555654,-4.9454202319626226e-15,1.1877953431795367,0.13111028228782562,-1.450324688721239e-14,-0.277041273518498,2.4201922320579046e-15,0.007623488914032248,4.300210224147082e-16,4.033646782956696e-15,0.13433608366797595,-1.4317648983948097e-14,2.3731587541608006e-15,1.0,2.334674526177607,0.8814557736801655,55.87617143211489,55.87767029033937,55.87767029033937,55.87617143211489
161.0,7.2,0.07716414667050983,-5.434251396318055e-15,1.1791152093295953,0.1335476129670133,-1.5275973886107246e-14,-0.2712541828106677,2.5098620275326255e-15,0.0070485933334003,5.434169621388654e-16,3.587813322549573e-15,0.13673069434239207,-1.5093414362218418e-14,2.514502340888313e-15,1.0,2.329731456568788,0.8775010930139069,55.90513272920311,55.9071238961862,55.9071238961862,55.90513272920311
162.0,7.232,0.08150985872061131,-5.948748391964159e-15,1.1706310036837646,0.13580350156567114,-1.607803111394075e-14,-0.26513142643221055,2.61241447890415e-15,0.006489851774141945,6.568267631612183e-16,3.588694422594695e-15,0.13894670312541885,-1.5898406665902463e-14,2.6725422349416466e-15,1.0,2.3247605198445385,0.8734826898494186,55.931833412422854,55.9342778409197,55.9342778409197,55.931833412422854
163.0,7.264,0.08592210095943122,-6.4899828317925745e-15,1.1623526329495568,0.1378825699631219,-1.691357624463796e-14,-0.25869908544399306,2.7157609427432267e-15,0.005950951026774315,7.702053984254795e-16,3.5878788993181146e-15,0.14098866287527123,-1.6736650802263422e-14,2.8481040162635713e-15,1.0,2.3197661305083463,0.8694059889538703,55.95627305498381,55.95912936061687,55.95912936061687,55.95627305498381
164.0,7.296,0.09039540273121684,-7.059035381568484e-15,1.1542891674787465,0.13979068036830053,-1.7782892180497154e-14,-0.25198329596282076,2.8398605136787742e-15,0.005435244410098054,8.978318120605614e-16,4.0330276567084925e-15,0.14286234677109025,-1.761040801651116e-14,3.021971150151246e-15,1.0,2.3147523718372947,0.8652762325103693,55.9784581799378,55.98168311667415,55.98168311667415,55.9784581799378
165.0,7.328,0.09492451729643363,-7.657199587392427e-15,1.1464488423355135,0.1415348301630246,-1.869263143199819e-14,-0.24501016072603332,2.9550501660653994e-15,0.00494573579735811,1.025403336306226e-15,4.030879343080502e-15,0.1445746448070775,-1.852417612966418e-14,3.2150767085052387e-15,1.0,2.309722980009181,0.8610984464446028,55.998401942732485,56.00195087482889,56.00195087482889,55.998401942732485
166.0,7.36,0.09950445457733248,-8.285678098674433e-15,1.1388390610668866,0.143123040028089,-1.9639953477562695e-14,-0.2378056646445898,3.0672260060673358e-15,0.004485067542761652,1.1671607124705365e-15,4.473216865313025e-15,0.1461334536800473,-1.9477185099425966e-14,3.4083448350865925e-15,1.0,2.3046813314181795,0.8568774102778538,56.01612380822422,56.01995117435385,56.01995117435385,56.01612380822422
167.0,7.392,0.10413051015364587,-8.945642042037197e-15,1.1314664020425251,0.1445642367597933,-2.0623873230086333e-14,-0.23039559451129546,3.1691707582014705e-15,0.004055512257891574,1.2946754186524577e-15,4.026655784386606e-15,0.14754756145563117,-2.04642807142013e-14,3.642424269202774e-15,1.0,2.299630433194291,0.8526176306564814,56.031649223771154,56.035708989307594,56.035708989307594,56.031649223771154
168.0,7.424,0.10879829038365228,-9.638157689885524e-15,1.12433662722693,0.14586813218770028,-2.1641113995260228e-14,-0.22280546298734918,3.269166542417008e-15,0.00365896835162053,1.4221898161968098e-15,4.02468728691492e-15,0.14882652840146904,-2.1484253239120333e-14,3.898167278235207e-15,1.0,2.2945729169104743,0.8483233186629747,56.04500928985629,56.049255383582285,56.049255383582285,56.04500928985629
169.0,7.456,0.11350373357053958,-1.0364270448429819e-14,1.1174546932445024,0.14704509959022802,-2.2691023704509174e-14,-0.21506043695086027,3.353795128526545e-15,0.0032969592136185286,1.5638980315321345e-15,4.465817091427011e-15,0.14998056536171353,-2.25385512475772e-14,4.156487352764497e-15,1.0,2.289511035431151,0.843998370969497,56.056240429529254,56.060627161354745,56.060627161354745,56.056240429529254
170.0,7.488,0.11824312713771146,-1.1124865821739992e-14,1.1108247645963614,0.1481060489741209,-2.3768605415942908e-14,-0.20718527025440756,3.4132932054284214e-15,0.002970635890746059,1.7055873370473187e-15,4.462273157626138e-15,0.15102041101706787,-2.362012343018422e-14,4.437976013513119e-15,1.0,2.284446662827156,0.8396463548519437,56.06538405779968,56.069866514411764,56.069866514411764,56.06538405779968
171.0,7.5200000000000005,0.12301312081892897,-1.1920568922101857e-14,1.1044502288873432,0.14906230253804714,-2.486572188630823e-14,-0.1992042409068166,3.4547062985919953e-15,0.0026807830777609222,1.847285502663897e-15,4.45915487174741e-15,0.15195720932947562,-2.4720937132223765e-14,4.743133918493612e-15,1.0,2.2793812972553256,0.83527049704144,56.072486251975334,56.07702066769663,56.07702066769663,56.072486251975334
172.0,7.5520000000000005,0.12781073590951858,-1.2751816556468598e-14,1.0983337139220282,0.1499254715809252,-2.597648857396066e-14,-0.1911410926660957,3.5035845054403923e-15,0.0024278282190145434,2.0032495822367757e-15,4.901363711467489e-15,0.15222164767111465,-2.5839453860658018e-14,5.052429517564116e-15,1.0,2.274316066676253,0.8308736763513406,56.114701312698294,56.04503763541771,56.04503763541771,56.114701312698294
173.0,7.5840000000000005,0.13263337067252215,-1.3619119846546823e-14,1.0924771104884785,0.1507073363438614,-2.7103227814944505e-14,-0.1830188572984266,3.578466430937701e-15,0.0016079466168902078,2.1441271591568455e-15,4.493141366767916e-15,0.152986801547117,-2.69694237635859e-14,5.4074344700100094e-15,1.0,2.26925173741305,0.8264584199727216,56.05080643257769,56.115249555176305,56.115249555176305,56.05080643257769
174.0,7.6160000000000005,0.13747257779804317,-1.452326921864625e-14,1.0868815959289602,0.1512252226725318,-2.8254667878107086e-14,-0.1748598299849481,3.667651939483374e-15,0.001312536139004471,2.3000102687196105e-15,4.9047885850365125e-15,0.15349218620743266,-2.8125543503366584e-14,5.766651025759917e-15,1.0,2.264194944771098,0.8220325928358777,56.081723370807666,56.08685052430464,56.08685052430464,56.081723370807666
175.0,7.648000000000001,0.1423253132316931,-1.5465189969706612e-14,1.081547634036727,0.15164798230155982,-2.943502347063627e-14,-0.1666863091322883,3.787259982226818e-15,0.001058854000586322,2.455954683403085e-15,4.902809228844676e-15,0.1539039544106407,-2.9309969959442044e-14,6.151736842420322e-15,1.0,2.259146964650897,0.8175990971186051,56.08127286359229,56.08614981794632,56.08614981794632,56.08127286359229
176.0,7.68,0.14718896204910506,-1.6446118411219726e-14,1.0764750163446044,0.15198902554412813,-3.065401379728562e-14,-0.15851930287883323,3.89387557815583e-15,0.0008448634999126411,2.611930921918646e-15,4.899937930427835e-15,0.15423530418280246,-3.0532250143089715e-14,6.5636682308642476e-15,1.0,2.254108693217409,0.8131604347146022,56.078946854303226,56.083786113313025,56.083786113313025,56.078946854303226
177.0,7.712,0.15206131796800193,-1.746715411229148e-14,1.0716628831173236,0.15226112246552706,-3.190736565849228e-14,-0.1503791633525249,4.0064386288982594e-15,0.0006702562027021604,2.76795619149572e-15,4.897342239300857e-15,0.15449880319008083,-3.178817645065331e-14,7.003278947418149e-15,1.0,2.249080675963502,0.8087187276057567,56.07494027093167,56.079701843369556,56.079701843369556,56.07494027093167
178.0,7.744,0.1569405805021191,-1.8529454808071837e-14,1.0671097489362023,0.1524769541911612,-3.3196896743136145e-14,-0.14228544316004219,4.104906292967664e-15,0.0005343970793773353,2.924027945775261e-15,4.8944602010719715e-15,0.15470693122829732,-3.3079539107026776e-14,7.471474356995592e-15,1.0,2.2440631180518187,0.804275722163334,56.069323569602865,56.073968906736376,56.073968906736376,56.069323569602865
179.0,7.776,0.16182534858488973,-1.9634029611131242e-14,1.0628135292061418,0.1526490025865822,-3.451796259560635e-14,-0.13425686656438884,4.212311944564473e-15,0.00043633641835742385,3.0659478242485935e-15,4.447739308954687e-15,0.15487197167363947,-3.4399578513574915e-14,7.988949414812726e-15,1.0,2.239055896954893,0.7998327967459717,56.062168725123655,56.06666205051431,56.06666205051431,56.062168725123655
180.0,7.808,0.16671461080127364,-2.0781976180380838e-14,1.0587715674591025,0.15278944426199725,-3.5873330289049865e-14,-0.12631130459497808,4.298554200721941e-15,0.0003748326064135411,3.207922363472253e-15,4.444882905281046e-15,0.15500590719160606,-3.5753229819917796e-14,8.536695821816309e-15,1.0,2.2340585772871098,0.7953909724421478,56.05354948985598,56.05785799944175,56.057857999441765,56.05354948985597
181.0,7.84,0.17160773248087924,-2.197417042499095e-14,1.0549806633349623,0.1529100524876747,-3.725607014406594e-14,-0.11846575387938058,4.388983953142835e-15,0.0003483765702143004,3.4778579190446516e-15,8.43907677687067e-15,0.15512032323300956,-3.715353846202451e-14,8.936395316564489e-15,1.0,2.229070427617701,0.7909509267009603,56.04354111547528,56.04763513688209,56.04763513688209,56.04354111547528
182.0,7.872,0.17650443992469123,-2.321152705621982e-14,1.051437101125302,0.15302210761912446,-3.866739472590213e-14,-0.1107363190518822,4.4613922448484165e-15,0.0003552175357555064,3.747853310360631e-15,8.436409439087125e-15,0.15522631990609395,-3.858191279458356e-14,9.367893050545012e-15,1.0,2.224090439043967,0.7865130095790654,56.032220079941354,56.03607319597414,56.03607319597414,56.032220079941354
183.0,7.904,0.18140480205263929,-2.4494771383498145e-14,1.0481366787701907,0.15313631649837675,-4.010138522744764e-14,-0.10313819859723146,4.528557358925935e-15,0.000393389802996422,4.017910693265547e-15,8.433930645523393e-15,0.15533443268338007,-4.003256263862944e-14,9.831859204993435e-15,1.0,2.2191173452970245,0.7820772623197894,56.01966382218434,56.02325295908041,56.02325295908041,56.01966382218434
184.0,7.936,0.18630920977036858,-2.582457078472176e-14,1.0450747372024243,0.15326274117904023,-4.155623128823794e-14,-0.09568567399269998,4.6269678712410974e-15,0.00046074023836313854,4.302248554814906e-15,8.875922546122504e-15,0.1554545622850966,-4.150595928412284e-14,1.0309033219558946e-14,1.0,2.214149644148145,0.777643437972299,56.00595048467923,56.009255965990775,56.00925596599076,56.00595048467922
185.0,7.968,0.19121835336099996,-2.7201909652165965e-14,1.0422461899378967,0.15341073720723056,-4.3041839607631367e-14,-0.08839210201648509,4.574779241266506e-15,0.000554956195653834,4.586603118222253e-15,8.872532854598394e-15,0.15559591396730804,-4.300968677046778e-14,1.0820239676599111e-14,1.0,2.2091856198820325,0.7732110237541007,55.99115866408304,55.994164231335226,55.994164231335226,55.99115866408304
186.0,8.0,0.19613319821152775,-2.8626220686396355e-14,1.0396455528148323,0.15358890157899327,-4.450971981969965e-14,-0.08126991009576444,4.5196885192271515e-15,0.0006735935862093814,4.871000225214268e-15,8.870549433551379e-15,0.15576694633316387,-4.4496094640335445e-14,1.1365323429543418e-14,1.0,2.2042233666040616,0.7687792648588797,55.97536717012321,55.97805997164839,55.97805997164839,55.97536717012321
187.0,8.032,0.20105495918396593,-3.009690393599222e-14,1.0372669737885072,0.1538050303886931,-4.595885154987071e-14,-0.07433059457265932,4.463085688698857e-15,0.000814104831757441,5.141222180022773e-15,8.424712197489482e-15,0.15597532968123917,-4.596202691163968e-14,1.1964052761197602e-14,1.0,2.1992608121513877,0.7643471894135596,55.95865479293959,55.961025342515136,55.961025342515136,55.95865479293959
188.0,8.064,0.20598507393861534,-3.1613341348682315e-14,1.0351042626918474,0.15406608608279398,-4.738866914656547e-14,-0.06758472177061792,4.379630098563863e-15,0.0009738664478328359,5.411459080688093e-15,8.422825945487917e-15,0.15622791380649265,-4.7409203078987054e-14,1.2596417083199864e-14,1.0,2.1942957423827996,0.7599136342932186,55.941100079094674,55.94314218621144,55.94314218621145,55.94110007909466
189.0,8.096,0.21092517551110943,-3.317463701079502e-14,1.033150920875927,0.15437817414043994,-4.8790489441022054e-14,-0.061041931747510214,4.322269272197437e-15,0.0011502060218636669,5.795417362254299e-15,1.1974713184538077e-14,0.15653070507784644,-4.884694882221607e-14,1.3102909206699534e-14,1.0,2.1893258256289743,0.7554772715099223,55.92278111647673,55.92449179023643,55.92449179023643,55.92278111647673
190.0,8.128,0.21587706443644633,-3.478015914161196e-14,1.0314001706479643,0.15474652891677818,-5.0172566588029333e-14,-0.05471094462383692,4.2657611466595905e-15,0.001340428367621148,6.1651813693870064e-15,1.1529590763722583e-14,0.15688885253229942,-5.026351206017255e-14,1.3662464996483829e-14,1.0,2.1843486370933274,0.7510366349013164,55.90377532832271,55.90515465710561,55.90515465710561,55.90377532832271
191.0,8.16,0.2208426807022899,-3.642928235713083e-14,1.0298449844279198,0.1551755083076116,-5.153510048496456e-14,-0.04859956937638961,4.214791276669801e-15,0.0015418406565024668,6.5349601131156684e-15,1.1528884933522199e-14,0.1573066426493768,-5.16613995808964e-14,1.4255054648121457e-14,1.0,2.1793616830036,0.7465901468567473,55.884159276589024,55.88521028574878,55.88521028574878,55.884159276589024
192.0,8.192,0.2258240758006896,-3.8121435652614435e-14,1.0284781135483143,0.15566859682499062,-5.28797904838626e-14,-0.04271471498767245,4.1561967123869075e-15,0.0017517763457884493,6.9189477692324405e-15,1.1972139155602127e-14,0.1577875024018587,-5.3044613740560287e-14,1.486070930559046e-14,1.0,2.174362424325622,0.742136144832452,55.86400847488842,55.86473696481886,55.86473696481886,55.86400847488842
193.0,8.224,0.23082338513230785,-3.985596763811507e-14,1.0272921166254039,0.15622841661306988,-5.420412454689483e-14,-0.03706240384095113,4.053698688680016e-15,0.001967617744346263,7.302886068971995e-15,1.1970363137478552e-14,0.15833401011942205,-5.440853798742943e-14,1.5499247460222058e-14,1.0,2.1693482998630613,0.737672907422719,55.84339721119918,55.843811578178965,55.843811578178965,55.84339721119918
194.0,8.256,0.23584280100052937,-4.163177643018473e-14,1.0262793874334257,0.15685674588192242,-5.5494024752176835e-14,-0.03164778724931702,3.95671611020064e-15,0.0021868170769775196,7.672604007998958e-15,1.1526225150619886e-14,0.15894791365103886,-5.5737157955354927e-14,1.6190079602295468e-14,1.0,2.164316748580279,0.733198679770616,55.822398380532874,55.82250942278981,55.82250942278982,55.82239838053286
195.0,8.288,0.24088454641474022,-4.34478158787587e-14,1.0254321822172792,0.15755454419408882,-5.675123276793652e-14,-0.026475163004580058,3.8105835931452656e-15,0.002406915929533493,8.170134743061395e-15,1.5521082462835198e-14,0.15963015526976088,-5.705491801518459e-14,1.6733969605933657e-14,1.0,2.1592652309994285,0.7287116981196582,55.80108332772037,55.80090403916834,55.80090403916834,55.80108332772037
196.0,8.32,0.2459508499028761,-4.530253459838868e-14,1.0247426463827438,0.15832198400424632,-5.79599599884367e-14,-0.021547994829229623,3.65008894650056e-15,0.0026255629777970106,8.667610289317061e-15,1.552057335431648e-14,0.1603809027296951,-5.832614240761025e-14,1.7309218050180474e-14,1.0,2.1541912495375524,0.7242102133263937,55.77952170044716,55.77906705453627,55.77906705453627,55.77952170044716
197.0,8.352,0.25104392151331806,-4.7194234707808016e-14,1.024202840507185,0.15915848782631084,-5.911562841935429e-14,-0.016868933611212375,3.4843032972784133e-15,0.0028405299237802043,9.17924793031713e-15,1.5964653245249734e-14,0.16119958585933702,-5.954871814604977e-14,1.789511106616214e-14,1.0,2.1490923676644225,0.7196925131731069,55.757781312632275,55.757068038719865,55.757068038719865,55.757781312632275
198.0,8.384,0.25616593016561173,-4.912116453360129e-14,1.023804765617649,0.16006277038417718,-6.021655705603972e-14,-0.012439840298000816,3.300743004502862e-15,0.003049725583313103,9.690811702926742e-15,1.5964120490432754e-14,0.1620849380576293,-6.07188136184091e-14,1.851073350083926e-14,1.0,2.1439662277771045,0.7151569433394437,55.73592801820868,55.734974372804416,55.734974372804416,55.73592801820868
199.0,8.416,0.2613189824885499,-5.108139239238623e-14,1.02354038768731,0.1610328850918176,-6.125712058702927e-14,-0.008261810323095801,3.062278947910215e-15,0.0032512080884358045,1.0216438482071642e-14,1.6405723577240315e-14,0.1630350420488128,-6.183328443770161e-14,1.9135329086853623e-14,1.0,2.1388105677025915,0.7106019269115496,55.71402559532227,55.712851130488616,55.712851130488616,55.71402559532227
200.0,8.448,0.2665051032631137,-5.307242929351209e-14,1.0234016613053918,0.16206627420511918,-6.221990316018311e-14,-0.004335199434941924,2.814915664976987e-15,0.0034431951870107793,1.0741988795245215e-14,1.6405724961117803e-14,0.16404737924887128,-6.287279371577034e-14,1.9787359927525795e-14,1.0,2.1336232357551297,0.7060259823271,55.692135640924604,55.69076097202539,55.69076097202539,55.692135640924604
201.0,8.48,0.271726217566831,-5.509169861404374e-14,1.023380552479931,0.1631598219911655,-6.310216626661413e-14,-0.0006596507956466152,2.5675507458177194e-15,0.0036240726400010408,1.1267479529792597e-14,1.6406271015713518e-14,0.1651188820996585,-6.383471782819106e-14,2.0465404700687266e-14,1.0,2.1284022042900292,0.7014277396741968,55.67031747569364,55.66876405057902,55.668764050579036,55.67031747569363
202.0,8.512,0.27698413469547584,-5.713662705459673e-14,1.0234690605370522,0.1643099102701504,-6.390401376728071e-14,0.002765876785035257,2.307932387529998e-15,0.003792400733904262,1.1949207620911943e-14,2.1291033309963862e-14,0.1662459887361476,-6.474519875368096e-14,2.0949244093489883e-14,1.0,2.123145581710592,0.696805955281364,55.64862805917583,55.646917930775736,55.646917930775736,55.64862805917583
203.0,8.544,0.2822805339178795,-5.92045146779723e-14,1.0236592390847807,0.16551247570011418,-6.46214882304867e-14,0.005943079616516073,2.066309009214571e-15,0.003946918941791303,1.2630919762021152e-14,2.1292784034650375e-14,0.16742469936702042,-6.557477783320059e-14,2.1456136547136164e-14,1.0,2.117851622899303,0.6921595245546402,55.62712191500275,55.62527751917231,55.62527751917231,55.62712191500275
204.0,8.576,0.2876169521001131,-6.129284778787971e-14,1.0239432160137805,0.1667630681948007,-6.526040968460637e-14,0.008874279031241541,1.8514775157064655e-15,0.00408654878119562,1.331264427561534e-14,2.1295171743368247e-14,0.16865063376861988,-6.63292387928565e-14,2.198465909033782e-14,1.0,2.11251873805841,0.6874874930359067,55.605851066000305,55.60389500632309,55.60389500632309,55.605851066000305
205.0,8.608,0.29299477321657497,-6.339938804147569e-14,1.0243132125117504,0.1680569098894325,-6.582938292487435e-14,0.011562390561561931,1.6189500129996118e-15,0.004210394930662409,1.3980075408726434e-14,2.0850327864720107e-14,0.16991908931640948,-6.701465304478122e-14,2.2553629157718405e-14,1.0,2.1071454999584898,0.6827890656739882,55.58486497897369,55.58281982008335,55.58281982008335,55.58486497897369
206.0,8.64,0.298415219747697,-6.552172244712863e-14,1.0247615610725223,0.1693889540975642,-6.632295017665442e-14,0.0140108925241189,1.365539248125695e-15,0.004317744679050433,1.4661628814000597e-14,2.1293344314945785e-14,0.1712250990060106,-6.763047837079838e-14,2.312192852065153e-14,1.0,2.101730649606383,0.6780636143166282,55.56421051892189,55.56209858975094,55.56209858975094,55.56421051892189
207.0,8.672,0.30387934594718125,-6.765723070677943e-14,1.025280722485128,0.17075394373388175,-6.673463311408729e-14,0.016223794143926926,1.128938429186882e-15,0.004408065792657338,1.5343188613596524e-14,2.129502067420749e-14,0.1725634889471022,-6.81679620387041e-14,2.3707833096642062e-14,1.0,2.096273100356007,0.6733106834470485,55.54393191240927,55.54177512061812,55.54177512061812,55.54393191240927
208.0,8.704,0.30938803294597433,-6.980346765071108e-14,1.0258633017922347,0.17214646871228387,-6.706990449786408e-14,0.018205603347087856,8.86081703244379e-16,0.004481002894874647,1.603891599796226e-14,2.1738969634856643e-14,0.1739289348473976,-6.863493801108035e-14,2.4290134131908658e-14,1.0,2.0907719404968823,0.6685299942034277,55.524070719799916,55.521890378480215,55.521890378480215,55.524070719799916
209.0,8.736,0.3149419856456638,-7.195792953425966e-14,1.0265020632113342,0.17356102186529504,-6.732693386089309e-14,0.019961294346858265,6.260466164139716e-16,0.004536372461377824,1.6748788539670292e-14,2.2181983244033855e-14,0.1753160170400533,-6.902962987659787e-14,2.486742666414857e-14,1.0,2.085226434365751,0.663721446733154,55.50466581604308,55.50248248362973,55.50248248362973,55.50466581604308
210.0,8.768,0.3205417313406794,-7.411794417038611e-14,1.0271899440159133,0.17499205296923875,-6.750045737895153e-14,0.021496275143098577,3.5000662040961174e-16,0.004574156540826325,1.747281429308816e-14,2.2624993812468227e-14,0.1767192736456396,-6.934687432372554e-14,2.5438134159205628e-14,1.0,2.079636022036358,0.6588851209461258,55.48575337968381,55.483586713849924,55.483586713849924,55.48575337968381
211.0,8.8,0.32618761999666035,-7.628068335174139e-14,1.0279200673774895,0.1764340204994037,-6.758559941735239e-14,0.022816355049255756,8.991816280044851e-17,0.004594495316692616,1.8196870457938952e-14,2.2626377585549576e-14,0.1781332514989816,-6.957935913277693e-14,2.6020340068643948e-14,1.0,2.0740003176512483,0.6540212757426048,55.467366889764605,55.46523551591524,55.46523551591524,55.467366889764605
212.0,8.832,0.3318798261016168,-7.844348617535322e-14,1.0286857541728547,0.17788144077988938,-6.758758823786968e-14,0.023927712355160925,-1.7445063022656032e-16,0.0045976786301941755,1.892091191230341e-14,2.2626060674814618e-14,0.17955255451099472,-6.973214754251379e-14,2.6612512102526547e-14,1.0,2.0683191064673614,0.6491303468011752,55.44953713027669,55.44745852510149,55.4474585251015,55.449537130276674
213.0,8.864,0.33761835199709794,-8.060365505911741e-14,1.0294805337641189,0.1793289342337851,-6.750527761763079e-14,0.024836862227005353,-4.882720279048463e-16,0.004584136587406031,1.9744305932172768e-14,2.5730651734058404e-14,0.18097188917595916,-6.982200739919151e-14,2.7073895487257884e-14,1.0,2.0625923406941524,0.6442129430211884,55.43229220181827,55.430282592211654,55.430282592211654,55.43229220181827
214.0,8.896,0.3434030325884675,-8.275799653909979e-14,1.0302981537621678,0.1807712684802983,-6.732317124944942e-14,0.02555062493903024,-7.99844287548429e-16,0.004554429375514816,2.0567715893239698e-14,2.573069475878506e-14,0.1823861069749908,-6.981589609451982e-14,2.7541561650926634e-14,1.0,2.0568201342090435,0.6392698417216784,55.415657540117415,55.41373181762739,55.41373181762739,55.415657540117415
215.0,8.928,0.3492335413265836,-8.490334711810468e-14,1.0311325887869458,0.18220339806612734,-6.704220559390255e-14,0.02607609452431184,-1.1145221552438066e-15,0.004509236413908453,2.1391135011141482e-14,2.5730231396655233e-14,0.18379024346650136,-6.971462173861709e-14,2.8013513996705326e-14,1.0,2.051002756240099,0.6343019827051205,55.39965594107905,55.39782759190555,55.39782759190555,55.39965594107905
216.0,8.96,0.3551093973476496,-8.703651940089842e-14,1.0319780482405319,0.18362050065831392,-6.666163383730444e-14,0.026420607924564053,-1.4271493104214906e-15,0.00444934496541531,2.221458282822345e-14,2.5730107638283506e-14,0.1851795538937457,-6.951732957156667e-14,2.848767496486684e-14,1.0,2.0451406241100307,0.6293104612995695,55.38430759202223,55.38258864245116,55.38258864245116,55.38430759202223
217.0,8.992,0.36102997365372963,-8.915435394222542e-14,1.032828983111309,0.185018009565,-6.618232941646868e-14,0.026591714711789147,-1.7285505419379563e-15,0.004375638331595418,2.302387657927096e-14,2.528654922171896e-14,0.18654954517812042,-6.922209999757805e-14,2.898184025559525e-14,1.0,2.039234295138897,0.6242965204967033,55.36963010877884,55.36803108581113,55.36803108581115,55.36963010877883
218.0,9.024000000000001,0.36699450621335755,-9.125381192270349e-14,1.0336800918296232,0.1863916424883724,-6.560806188993974e-14,0.026597147447314482,-2.0779945008109782e-15,0.004289083753594811,2.3932565183155198e-14,2.839110437657125e-14,0.18789600420413358,-6.885377876138157e-14,2.933503415371377e-14,1.0,2.0332844578052334,0.6192615423060956,55.35563857833296,55.35416848515001,55.35416848515001,55.35563857833296
219.0,9.056000000000001,0.37300210385977844,-9.333137481514532e-14,1.0345263251972077,0.18773742645065272,-6.492384038880698e-14,0.026444792737015364,-2.407124685825742e-15,0.004190720136786846,2.4841344379076246e-14,2.83922013219711e-14,0.18921502233795653,-6.837907250894046e-14,2.968391380406541e-14,1.0,2.0272919222668713,0.6142070384477213,55.34234560668747,55.34101191248368,55.34101191248368,55.34234560668747
220.0,9.088000000000001,0.37905175886358333,-9.538373537999948e-14,1.0353628904143153,0.18905171886890257,-6.413626765169255e-14,0.026142663034613132,-2.767472457333271e-15,0.00408164571330694,2.575009715824232e-14,2.838946246727561e-14,0.19050301615582219,-6.780429657634661e-14,3.00263852934791e-14,1.0,2.0212576103433304,0.6091346405052727,55.329761371653724,55.32857001526673,55.32857001526673,55.329761371653724
221.0,9.120000000000001,0.38514235805678776,-9.740728022021427e-14,1.0361852542299645,0.19033122478763817,-6.323577625671196e-14,0.025698869239039444,-3.121595970448123e-15,0.003963005751715429,2.6673127064730897e-14,2.88335344311756e-14,0.19175674439122747,-6.712261633765438e-14,3.033991859995109e-14,1.0,2.015182545061526,0.6040460896623892,55.31789368026591,55.316849086943705,55.316849086943705,55.31789368026591
222.0,9.152000000000001,0.3912726943866933,-9.939846476054418e-14,1.0369891452419848,0.19157301030954862,-6.22245168853097e-14,0.025121594125633563,-3.513097817832834e-15,0.003835980417484138,2.7581920067034307e-14,2.8386397108510207e-14,0.19297332114069554,-6.633053267737218e-14,3.0661938094231805e-14,1.0,2.0090678398655997,0.5989432261424213,55.30674803053156,55.30585314109427,55.30585314109427,55.30674803053156
223.0,9.184000000000001,0.3974414787800956,-1.013533769345783e-13,1.0377705553746528,0.1927745122938215,-6.109100543856617e-14,0.024419066645874045,-3.933132140818387e-15,0.0037017728818639324,2.8476504590002084e-14,2.7939953167820954e-14,0.1941502253965929,-6.541653454278611e-14,3.0989613217811144e-14,1.0,2.0029146875900032,0.5938279784699303,55.29632767723364,55.29558398881654,55.29558398881654,55.29632767723364
224.0,9.216000000000001,0.4036473522014993,-1.0326782577597607e-13,1.0385257405626558,0.1939335444188643,-5.982652629368042e-14,0.02359953712509353,-4.347813485888463e-15,0.0035615977700366695,2.9371167391536624e-14,2.7939891018191965e-14,0.19528530700234348,-6.437462552215797e-14,3.1299913493658186e-14,1.0,1.996724349292607,0.5887023526688011,55.28663370150754,55.28604131901032,55.28604131901032,55.28663370150754
225.0,9.248,0.40988889779289395,-1.0513768006054542e-13,1.039251220670928,0.1950482997310941,-5.84329463927954e-14,0.022671253383504803,-4.771782940444127e-15,0.003416670032363949,3.026588015002376e-14,2.793895229562328e-14,0.19637678914986237,-6.320648084526433e-14,3.158984554608871e-14,1.0,1.9904981430416206,0.5835684215077134,55.277665083918585,55.27722278123503,55.27722278123505,55.27766508391857
226.0,9.28,0.4161646529872677,-1.0695872112038812e-13,1.039943778680575,0.196117349824179,-5.690753312008408e-14,0.02164243780147094,-5.216781859169682e-15,0.0032681943150959037,3.12600999701731e-14,3.1046023112266507e-14,0.19742326756137754,-6.192889591113066e-14,3.171702827178533e-14,1.0,1.9842374327464976,0.5784283138988023,55.269418780771076,55.26912407083216,55.26912407083216,55.269418780771076
227.0,9.312,0.4224731214933113,-1.0872652157599385e-13,1.040600459171671,0.19713964081386257,-5.524376423767928e-14,0.020521265346754008,-5.655208254889736e-15,0.003117354899171018,3.224019200057425e-14,3.0602096107377643e-14,0.19842370651821647,-6.05130599745827e-14,3.183721351228439e-14,1.0,1.97794361711889,0.5732842045497539,55.261889803381216,55.261739016012335,55.261739016012335,55.261889803381216
228.0,9.344,0.42881278505462506,-1.1043672510817999e-13,1.041218566134169,0.1981144862910551,-5.3443860380816666e-14,0.019315842578061775,-6.110224129412529e-15,0.002965306267790548,3.3206114417235705e-14,3.015698416457522e-14,0.19937743191640495,-5.896095991502091e-14,3.1947122626311003e-14,1.0,1.9716181188450923,0.5681383039633516,55.25507130004664,55.25505966662092,55.25505966662094,55.25507130004665
229.0,9.376,0.4351821148931041,-1.1208481397830286e-13,1.0417956601385405,0.19904155745246993,-5.1502777191339626e-14,0.01803418763660773,-6.437438235593223e-15,0.0028131643553859203,3.422915204288746e-14,3.1939963935719575e-14,0.2002885530612487,-5.72816320069755e-14,3.1943453828005765e-14,1.0,1.965262374046364,0.5629928488717229,55.24867150812111,55.24935951662922,55.249359516629234,55.24867150812113
230.0,9.408,0.44157958275297765,-1.1366755064594812e-13,1.0423295548984304,0.1999208706210483,-4.9460520863914393e-14,0.016684211246557876,-6.6671837542537886e-15,0.0026665385405441524,3.526657985000104e-14,3.238947431528964e-14,0.20115379721912982,-5.55059435274584e-14,3.18833812800529e-14,1.0,1.9588778220981267,0.55785009318528,55.24340185441658,55.24390558146897,55.24390558146897,55.24340185441658
231.0,9.44,0.4480037168706911,-1.1518267278796574e-13,1.0428183131347555,0.20075419117854595,-4.734756693805047e-14,0.015273694885159492,-6.88056057618164e-15,0.0025239509576088256,3.6304051954931856e-14,3.239071073962871e-14,0.20197378464770752,-5.3660970857445524e-14,3.178500808090807e-14,1.0,1.9524658504799366,0.5527122633129737,55.238716148495946,55.23921942607395,55.239219426073966,55.23871614849596
232.0,9.472,0.4544530870451377,-1.16628082492884e-13,1.0432602421086188,0.2015428179514554,-4.5169053278695286e-14,0.013810280433228227,-7.0026528735587036e-15,0.0023853976610480184,3.7355875107130866e-14,3.283931885583172e-14,0.2027497933922504,-5.1754583318757773e-14,3.1626410335702317e-14,1.0,1.9460278104527413,0.5475815711240256,55.23463919941127,55.23524866272593,55.23524866272593,55.23463919941127
233.0,9.504,0.4609263044609397,-1.180025945403451e-13,1.0436538885852005,0.2022880442438117,-4.295350148316003e-14,0.012301452393177748,-7.143326459691222e-15,0.0022517294826560523,3.840767594297486e-14,3.2839143045188974e-14,0.203483096063929,-4.9811868966309596e-14,3.142644486268848e-14,1.0,1.9395650179151296,0.5424602149294286,55.23121385348348,55.23192011517531,55.23192011517533,55.231213853483496
234.0,9.536,0.46742203006359817,-1.1930483766960325e-13,1.043998033290099,0.20299142508307752,-4.0695097789316815e-14,0.010754522028082181,-7.105182912387889e-15,0.0021237219581622196,3.945969115504858e-14,3.2846898077312076e-14,0.20417522280976658,-4.7827085461518287e-14,3.118335814517752e-14,1.0,1.9330787456327019,0.5373503737777513,55.22842411244644,55.22921689511252,55.22921689511252,55.22842411244644
235.0,9.568,0.4739389821864201,-1.2053522712069414e-13,1.044291684918228,0.20365475383818543,-3.844967034659047e-14,0.009176613379027745,-7.032119831931624e-15,0.0020020682330970044,4.051172089870333e-14,3.284898685483565e-14,0.20482793830479276,-4.585506921614289e-14,3.08972833550079e-14,1.0,1.9265702161338367,0.5322542025981742,55.226252501194814,55.22712122111829,55.22712122111829,55.226252501194814
236.0,9.6,0.4804759433606266,-1.2169452557826783e-13,1.0445340737276576,0.20428003669395264,-3.6228076799177666e-14,0.007574650294675515,-6.975105009308704e-15,0.0018873766417306067,4.1563703172022433e-14,3.284928219765705e-14,0.2054432166348677,-4.39064487857425e-14,3.0568408995041497e-14,1.0,1.9200405953364779,0.5271738282446324,55.224680399128204,55.225614274246965,55.225614274246965,55.224680399128204
237.0,9.632,0.4870317662863618,-1.2278333338308197e-13,1.044724644750724,0.2048694664292248,-3.402524390044181e-14,0.00595534447082185,-6.953635596979155e-15,0.00178016914508324,4.2615620289790015e-14,3.284902243499201e-14,0.2060232154943755,-4.197620222350337e-14,3.0196741741004254e-14,1.0,1.9134909869256125,0.5221113464553434,55.2236881359365,55.224676288895665,55.224676288895665,55.2236881359365
238.0,9.664,0.4936053789504901,-1.2380189336511143e-13,1.04486305065463,0.20542539575400964,-3.182999943842051e-14,0.004325184497062925,-6.96503580698815e-15,0.001680880588510185,4.365326877899342e-14,3.240487357355983e-14,0.20657024994996379,-4.005039259874088e-14,2.98018839204322e-14,1.0,1.9069224274942451,0.5170688197331654,55.22325508640246,55.22428664387968,55.22428664387968,55.22325508640246
239.0,9.696,0.5001957888848495,-1.247501175006336e-13,1.0449491442836174,0.20595031044873066,-2.963200423506767e-14,0.002690425905858826,-6.984766647559153e-15,0.001589858749074112,4.469088540707136e-14,3.240563666544474e-14,0.20708676600956927,-3.812177933483748e-14,2.936337279481877e-14,1.0,1.9003358824541223,0.5120482761437423,55.22335976491388,55.224423952529804,55.224423952529804,55.22335976491388
240.0,9.728,0.5068020865661232,-1.256278315289764e-13,1.0449829709145888,0.20644680253980427,-2.742856338571288e-14,0.0010570822178562747,-7.058255626679827e-15,0.0015073651375593182,4.572843176350046e-14,3.2405183855572373e-14,0.2075753142271857,-3.618772616520677e-14,2.888065928745233e-14,1.0,1.8937322427161363,0.5070517090201585,55.223979919412606,55.22506615159899,55.225066151599,55.22397991941262
241.0,9.76,0.5134234479656601,-1.2643432064604896e-13,1.0449647602577974,0.20691754373552607,-2.5202784908517343e-14,-0.0005690830247317974,-7.010923556989807e-15,0.0014335765150931049,4.6808686853620215e-14,3.3741714070936345e-14,0.20803852356377595,-3.4240550054234676e-14,2.8292840477387556e-14,1.0,1.887112322134223,0.5020810775549118,55.22509262451154,55.22619058877928,55.22619058877927,55.225092624511554
242.0,9.792,0.520059136264364,-1.271700732394187e-13,1.0448949182339073,0.20736525933449568,-2.299226854280467e-14,-0.0021825632465638494,-7.004677157912523e-15,0.0013685870799844246,4.776098196397968e-14,2.974496072448766e-14,0.20847907571316204,-3.228177447113608e-14,2.78387225811318e-14,1.0,1.8804768557007867,0.49713830825243643,55.22667437351496,55.22777410863713,55.22777410863713,55.22667437351496
243.0,9.824,0.526708502754162,-1.2783516506164446e-13,1.044774018558344,0.20779270280618983,-2.0784119444554697e-14,-0.003778114861352485,-6.99410341783668e-15,0.0013124112765972376,4.8713252654771934e-14,2.9746144975298436e-14,0.2088996800893091,-3.0325335766930335e-14,2.7338756600174666e-14,1.0,1.8738264984761572,0.4922252972082253,55.22870116908757,55.22979313678499,55.22979313678499,55.22870116908757
244.0,9.856,0.5333709869534967,-1.2842971094742071e-13,1.0446027941634128,0.20820263122920868,-1.8579558930507806e-14,-0.005350762341600752,-6.996443292598508e-15,0.0012649871748417866,4.9665486621288986e-14,2.9746919735005824e-14,0.20930304965755964,-2.8372512177866e-14,2.6792544952810986e-14,1.0,1.8671618252294433,0.48734391317381665,55.23114861232518,55.23222376211621,55.23222376211621,55.23114861232518
245.0,9.888,0.5400461159697563,-1.2895369232806023e-13,1.0443821284881472,0.20859778175811078,-1.637441814498479e-14,-0.006895802352052665,-7.014270698049081e-15,0.0012261803662011734,5.061768344218916e-14,2.974763208982685e-14,0.2096918777779993,-2.641929015864161e-14,2.6199568705012918e-14,1.0,1.8604833307633604,0.4824960013605653,55.233991989992944,55.23504181694207,55.23504181694207,55.233991989992944
246.0,9.92,0.5467335031465276,-1.2940693134482108e-13,1.0441130466652762,0.2089808492741032,-1.4163719273776549e-14,-0.008408806964718678,-7.041822735463234e-15,0.0011957883201115333,5.155563747814643e-14,2.930436723746976e-14,0.21006881621373585,-2.4457884590203483e-14,2.5579070271973265e-14,1.0,1.8537914308911976,0.4776833879292108,55.23720635970675,55.23822295487945,55.23822295487945,55.237206359706775
247.0,9.952,0.5534328460380061,-1.2978914850289824e-13,1.0437967066340517,0.20935446535870464,-1.1944286189911438e-14,-0.009885625975765413,-6.925795034560431e-15,0.0011735451429818857,5.236576374074627e-14,2.5311573502251493e-14,0.21043645444098366,-2.246135638392303e-14,2.508933875626419e-14,1.0,1.8470864640301186,0.47290788510681214,55.24076663284808,55.241742726350196,55.241742726350196,55.24076663284808
248.0,9.984,0.5601439237568169,-1.3010149687471324e-13,1.0434343902069632,0.20972117871283552,-9.760886619218473e-15,-0.011322388346515767,-6.83225666281538e-15,0.0011591266811454325,5.3175849397318987e-14,2.5312060019575214e-14,0.21079730038144845,-2.0500662513004484e-14,2.4551823773392977e-14,1.0,1.8403686933714158,0.46817129686762254,55.244647655015875,55.245576651565436,55.245576651565436,55.244647655015875
249.0,10.016,0.5668665937448711,-1.3034490032718629e-13,1.0430274941175939,0.21008343712669555,-7.606357889782877e-15,-0.012715502792789978,-6.730788111469186e-15,0.0011521559085866057,5.398591677389927e-14,2.5313111350308023e-14,0.21115376266068672,-1.8568872521341973e-14,2.3966677929923018e-14,1.0,1.8336383095852276,0.4634754251099459,55.248824283834,55.249700290879815,55.249700290879815,55.248824283834
250.0,10.048,0.5736007880197102,-1.3052035779949837e-13,1.042577521076033,0.21044357108871892,-5.483046009752689e-15,-0.014061657548775074,-6.590427920880766e-15,0.001152208540366832,5.479598808927344e-14,2.5314722757480527e-14,0.2114456296992427,-2.677929423081619e-14,2.3334116324320424e-14,1.0,1.8268954340145478,0.45882207625692717,55.25726493341146,55.250095842947786,55.25009584294908,55.257264933412756
251.0,10.08,0.5803465089511,-1.3062925321733004e-13,1.042086070898911,0.21080377910593134,-3.402981807239578e-15,-0.01535781803506385,3.931471971237945e-15,0.001094778246947567,5.559841163780695e-14,2.5073334066552282e-14,0.21179713625195182,-2.5097189706763835e-14,2.2665399396219903e-14,1.0,1.820140122312059,0.45421306820554924,55.25493037801873,55.261753464060504,55.261753464059495,55.25493037801772
252.0,10.112,0.5871031838565473,-1.3077687657386307e-13,1.0415548322880224,0.21114609079522764,-4.613229891657149e-15,-0.016601206590270687,6.3905807771167635e-15,0.001092061174936779,5.6424102939927637e-14,2.5803275981791356e-14,0.21213102804692724,-2.7536421465258066e-14,2.1998008736802415e-14,1.0,1.8133730090826743,0.44965066759973943,55.26287973546344,55.263565218052335,55.263565218052435,55.26287973546357
253.0,10.144,0.593870787480183,-1.3098783654544364e-13,1.0409855727620076,0.21148761323861573,-6.5924991118928125e-15,-0.017789360187959995,9.731487238990613e-15,0.0010948413622263909,5.71366633716991e-14,2.2266799831454527e-14,0.21246413846386503,-3.099795279783613e-14,2.1542365487343398e-14,1.0,1.8065941850598557,0.4451368230890601,55.26799564185433,55.26860065487486,55.268600654874916,55.267995641854384
254.0,10.176,0.6006493496572141,-1.312955754009756e-13,1.040380130645167,0.21183006803222168,-9.616839235373805e-15,-0.018920066151270603,1.3548631740358376e-14,0.0011024739250211617,5.784955578179931e-14,2.2275098011642255e-14,0.2127981615403584,-3.5923499982696577e-14,2.1166255398234768e-14,1.0,1.799803688694944,0.4406735107622329,55.273271806139434,55.27381875075319,55.27381875075328,55.27327180613952
255.0,10.208,0.6074389488793247,-1.3173831334324925e-13,1.039740406486246,0.2121749756909574,-1.3835560696051658e-14,-0.019991379966277627,1.8058831882937705e-14,0.0011144935547445058,5.856294390632549e-14,2.2287429101611294e-14,0.21313459342889315,-4.2540369140137824e-14,2.090022287246789e-14,1.0,1.7930015119632645,0.43626274175364843,55.27869715600323,55.27918409214227,55.27918409214237,55.27869715600333
256.0,10.24,0.6142397076552132,-1.3236122297373915e-13,1.0390683546597934,0.21252371174651488,-1.9465925952809302e-14,-0.021001619576646573,2.3393889836345853e-14,0.0011304193020127095,5.929115833535502e-14,2.2746371485189608e-14,0.2134747875992949,-5.122952502007064e-14,2.076090367940058e-14,1.0,1.7861876043829108,0.4319065684420084,55.28424865393126,55.28467415335582,55.28467415335595,55.284248653931385
257.0,10.272,0.6210517877121778,-1.3321775393586091e-13,1.0383659751316647,0.21287750178014522,-2.6766592566304978e-14,-0.021949360254021312,2.975922047920484e-14,0.0011497586730098391,6.003437500863692e-14,2.320944426372162e-14,0.21381994995307346,-6.241574592841036e-14,2.079183279103632e-14,1.0,1.7793618772048145,0.42760709053728985,55.28990372893062,55.290266963650616,55.29026696365077,55.289903728930774
258.0,10.304,0.6278753850790825,-1.3437169623007863e-13,1.0376353054065879,0.21323741771576957,-3.60606966943035e-14,-0.02283342890865151,3.740757185003384e-14,0.0011720124375978389,6.073597001435504e-14,2.1901474250473078e-14,0.21417113517798578,-7.66408111195955e-14,2.1124916354050204e-14,1.0,1.7725242077392505,0.42336646097924824,55.29564037614349,55.29594109975543,55.295941099755645,55.2956403761437
259.0,10.336,0.6347107250982945,-1.358997201598773e-13,1.0368784126745416,0.21360437560037618,-4.7750747806208445e-14,-0.02365289787644579,4.679763767283876e-14,0.0011966792903564238,6.143894880299184e-14,2.1935617403513602e-14,0.21452924456611921,-9.457459668787082e-14,2.176361938728053e-14,1.0,1.765674443776197,0.4191868915638688,55.30143720191477,55.30167572624712,55.301675726247375,55.30143720191503
260.0,10.368,0.6415580574128577,-1.3789598108936485e-13,1.0360973861715117,0.21397913483009784,-6.238315404648589e-14,-0.024407078219684776,5.819941141450622e-14,0.0012232603268965603,6.214358249954816e-14,2.197617861306263e-14,0.214895025254535,-1.171395198630394e-13,2.278615964107294e-14,1.0,1.7588124080577943,0.4150706582133265,55.307273465100614,55.30745063297929,55.30745063297963,55.307273465100955
261.0,10.4,0.6484176509734527,-1.4047483706577157e-13,1.0352943297689903,0.21436229876859567,-8.058924926271015e-14,-0.025095512578794645,7.234231324136827e-14,0.0012512633042464434,6.287890165889127e-14,2.2921588066134476e-14,0.21526907083593266,-1.4544709815441646e-13,2.42478853106954e-14,1.0,1.7519379027623094,0.41102010580456977,55.31312911482644,55.31324626936883,55.31324626936926,55.313129114826864
262.0,10.432,0.6552897891076771,-1.437781742332715e-13,1.034471354805381,0.21475431669451173,-1.0322928648437268e-13,-0.02571796761278997,8.987512788506675e-14,0.0012802066573182724,6.361707786287291e-14,2.2994626700370217e-14,0.21565182327709118,-1.8094970345004667e-13,2.630736736207019e-14,1.0,1.7450507139605003,0.40703765247162055,55.31898482470626,55.3190437755633,55.319043775563856,55.31898482470682
263.0,10.464,0.6621747646918602,-1.4798193028612206e-13,1.0336305731712754,0.21515548700572187,-1.3136737665157966e-13,-0.026274426065800414,1.118430222973395e-13,0.0013096232467935717,6.435902922447125e-14,2.3093244050558735e-14,0.2160435760739564,-2.255187761077118e-13,2.911228253794575e-14,1.0,1.7381506160070304,0.4031257932971273,55.324822023545856,55.32482501052096,55.324825010521685,55.32482202354655
264.0,10.496,0.6690728754630665,-1.533065982693381e-13,1.0327740906593708,0.215565961600196,-1.663958744755009e-13,-0.0267650784970194,1.3951688076371513e-13,0.0013390638171547659,6.524800561755741e-14,2.7664860129523133e-14,0.21634039038628824,-4.358383875286049e-13,3.264948415934989e-14,1.0,1.7312373758315889,0.3992871033096739,55.337273181311936,55.323922318274235,55.32392231829488,55.337273181332556
265.0,10.528,0.675984419506339,-1.6003000100406443e-13,1.0319040007346374,0.2159857513522668,-2.1010633546019804e-13,-0.027190310147917594,3.3282976627745166e-13,0.0012613059904838808,6.62475016990768e-14,3.1808111307009365e-14,0.21674744277951488,-5.669995773744023e-13,3.720708037344905e-14,1.0,1.7243107570991285,0.3955242397048119,55.33119737754541,55.34144295683694,55.34144295682998,55.331197377538416
266.0,10.56,0.6829086193854479,-1.7009215145827142e-13,1.0310223794890376,0.2163812462221517,-3.1444220169396813e-13,-0.027550663924992533,4.701158463882067e-13,0.0012658217414252485,6.738279732747164e-14,3.542130534037044e-14,0.2171305779840314,-8.742154491278655e-13,4.434570239619331e-14,1.0,1.7173715956105569,0.391840506501954,55.34202762436298,55.34192151124193,55.34192151125867,55.34202762437969
267.0,10.592,0.6898455230067178,-1.848715131413958e-13,1.0301312774627631,0.21677823816468303,-4.618550525976366e-13,-0.02784693832107857,7.417275904290455e-13,0.0012694853006126018,6.864236407723648e-14,3.9292059614415086e-14,0.217515175241661,-1.328136928983926e-12,5.524381272897192e-14,1.0,1.7104198984640304,0.38823880874107847,55.347631220041336,55.347460691260565,55.347460691278584,55.3476312200593
268.0,10.624,0.6967951697028336,-2.0709545279391995e-13,1.0292327153913092,0.21717645925362053,-6.944981141413788e-13,-0.028080064732934038,1.157804059718764e-12,0.0012717792096627132,7.014726895265686e-14,4.6960155755019757e-14,0.21790128131706063,-2.528561813462167e-12,7.202210649721908e-14,1.0,1.703455677614404,0.3847221179782936,55.35309492148208,55.35294502636856,55.352945026460276,55.353094921573685
269.0,10.656,0.7037575850253356,-2.4094281908143497e-13,1.0283286789089945,0.21757547882818634,-1.0577301964848434e-12,-0.02825114007233562,2.3101318969988618e-12,0.0012728690746395077,7.213438879221525e-14,6.203838875640499e-14,0.2182939165784334,-3.673947716081232e-12,9.787490954222408e-14,1.0,1.696478954896821,0.38129347067733765,55.35811448953277,55.358651764199436,55.35865176419904,55.35811448953223
270.0,10.688,0.710732782392975,-2.979874215384888e-13,1.027421113640457,0.2179749177387313,-1.7826438267829308e-12,-0.02836141464179762,3.458706953657604e-12,0.0012782750580112468,7.478065309436002e-14,8.220840705802987e-14,0.21868696446640962,-5.935162692554074e-12,1.4226765283313983e-13,1.0,1.689489760239778,0.3779559622399094,55.363656960019384,55.36358858829833,55.363588588412895,55.363656960133724
271.0,10.72,0.7177208185221781,-3.897696952429992e-13,1.0265119205313915,0.21837612903759568,-2.8681960532659473e-12,-0.028412284658295404,5.5268356834769686e-12,0.001283131735056644,7.84477278981236e-14,1.1391412053348293e-13,0.21908175638449218,-9.33051870896544e-12,2.145412046025528e-13,1.0,1.6824880761431724,0.3747127158556466,55.36876992089387,55.36868437517964,55.36868437531473,55.36876992102856
272.0,10.752,0.7247217445689977,-5.370717388668805e-13,1.0256029516284564,0.21877893896311473,-4.603188863246286e-12,-0.02840527821672265,8.678770350720958e-12,0.0012873010645598946,8.388404694925216e-14,1.6895939484878794e-13,0.21947812135120293,-1.475222109929477e-11,3.3138355664176875e-13,1.0,1.675473886472729,0.37156690162728573,55.373734711009526,55.373635954090794,55.37363595432108,55.37373471123916
273.0,10.784,0.7317356047332678,-7.715723970623382e-13,1.024696006106002,0.21918313013343982,-7.328145568608048e-12,-0.028342047576700145,1.3678547883203015e-11,0.001290676825331996,9.217078656205446e-14,2.5778113280329356e-13,0.2198758454628028,-2.3264086531506918e-11,5.184609946924489e-13,1.0,1.6684471778370038,0.3685217304739221,55.37854246798209,55.378432079088476,55.37843207944365,55.378542468336214
274.0,10.816,0.7387624351820641,-1.1435305200125878e-12,1.0237928266043421,0.219588451524883,-1.1623691342195288e-11,-0.02822435942687049,2.1528385108999396e-11,0.0012931654708324902,1.0503147036584854e-13,4.0052700885902494e-13,0.2202746817119829,-3.667133895548363e-11,8.166608094264798e-13,1.0,1.6614079406816527,0.36558044697841285,55.38318398530749,55.383063565579,55.38306356614007,55.383183985866886
275.0,10.848,0.7458022631004219,-1.7318668630008451e-12,1.0228950958787115,0.21999462244868034,-1.8385510718383027e-11,-0.02805408517595612,3.388079222127893e-11,0.0012946863095155184,1.2524130522778278e-13,6.302401166782379e-13,0.2206743539009995,-5.775804861178758e-11,1.2903960170191918e-12,1.0,1.6543561702907212,0.3627463212625116,55.38765091242384,55.38752207946585,55.387522080346486,55.387650913301826
276.0,10.88,0.7528551058713175,-2.6607888167573546e-12,1.02200443375715,0.22040133659048994,-2.9028811054890895e-11,-0.027833191298794167,5.330078796110849e-11,0.0012951716412824004,1.5694045251904842e-13,9.899363974649948e-13,0.22107456061654013,-9.091704430722187e-11,2.0418356784396856e-12,1.0,1.6472918676904713,0.3600226398872839,55.3919357516507,55.39180012459391,55.39180012597773,55.39193575303032
277.0,10.912,0.7599209703864725,-4.125598644148993e-12,1.0211223944047008,0.22080826609859378,-4.577530710598866e-11,-0.02756372976404212,8.382736615622027e-11,0.0012945667736710858,2.0685426758162169e-13,1.5611014189746796e-12,0.2214749792525143,-1.4303738787715173e-10,3.232086820860301e-12,1.0,1.640215040451537,0.3574126957890648,55.39603184789185,55.39589103305677,55.39589103522978,55.39603185005818
278.0,10.944,0.7669998524883167,-6.433336659497358e-12,1.020250463890492,0.22121506568262958,-7.211681297963633e-11,-0.027247828569026942,1.317955398934528e-10,0.001292829922567379,2.856907775404383e-13,2.469490513358063e-12,0.22187527004320554,-2.2493508595654667e-10,5.115446573236617e-12,1.0,1.6331257033862885,0.35491977727577,55.399933376147445,55.39978895345368,55.39978895686521,55.3999333795484
279.0,10.976,0.7740917365422696,-1.0066535157328275e-11,1.0193900580535058,0.22162137668602763,-1.1353745305721606e-10,-0.026887682405815603,2.0714781484601125e-10,0.0012899320033708495,4.102685796814017e-13,3.908400421600614e-12,0.22227508007054922,-3.5357845319661296e-10,8.093486460765634e-12,1.0,1.6260238791393717,0.35254715612424525,55.403635326992124,55.40348883720012,55.40348884255409,55.40363533232935
280.0,11.008000000000001,0.7811965951373825,-1.5783286681103065e-11,1.0185425206620982,0.22202683109727778,-1.7864848511796205e-10,-0.026485543481488658,3.254783187965712e-10,0.0012858563192556086,6.071576628321525e-13,6.186697743755173e-12,0.22267404721121936,-5.555835124048725e-10,1.2799939043042237e-11,1.0,1.618909598670447,0.3502980748363451,55.40713349013148,55.406986422992766,55.4069864313926,55.407133498504855
281.0,11.040000000000001,0.7883143889123247,-2.4774207785573752e-11,1.0177091218616392,0.22243105546694544,-2.809662845147087e-10,-0.02604371251434254,5.112408139508678e-10,0.0012805981537933704,9.181827231730743e-13,9.78826900270592e-12,0.22307180399097234,-8.726831134005371e-10,2.0234802643173116e-11,1.0,1.6117829016291751,0.34817573312930766,55.41042443615922,55.410278219540345,55.41027823271452,55.41042444929161
282.0,11.072000000000001,0.7954450665027186,-3.890859948620793e-11,1.0168910569040044,0.2228336746998084,-4.416997406448176e-10,-0.02556452992608785,8.027677242741693e-10,0.0012741642757443943,1.4090506974095948e-12,1.5471708097154376e-11,0.22346798131610948,-1.3702931487510257e-09,3.197570819314747e-11,1.0,1.604643836623504,0.34618327375439467,55.41350549662895,55.413361486662076,55.41336150731778,55.41350551721863
283.0,11.104000000000001,0.8025885646049196,-6.112034278946854e-11,1.0160894451520273,0.2232343156937792,-6.941169782268936e-10,-0.0250503672492852,1.2601291736331248e-09,0.001266572364255937,2.183761684155777e-12,2.4454407092285515e-11,0.22386221205417675,-2.15091919617813e-09,5.050969704888414e-11,1.0,1.5974924613832364,0.34432376775628265,55.41637474255541,55.41623421485763,55.416234247233284,55.41637477482684
284.0,11.136000000000001,0.8097448081505153,-9.601266759565027e-11,1.0153053293514664,0.22363261079986674,-1.0903851501931782e-09,-0.024503618767525416,1.9774293505032352e-09,0.001257850363058291,3.406021973805722e-12,3.863682220892052e-11,0.2242541344385669,-3.375136000264552e-09,7.975745874348821e-11,1.0,1.5903288428217601,0.3426001993038312,55.41903096144933,55.418895103440995,55.418895154170634,55.41903101201449
285.0,11.168000000000001,0.8169137105850832,-1.508056194560547e-10,1.0145396751625197,0.22402820108024712,-1.7122797456376365e-09,-0.023926693404584233,3.102044241232527e-09,0.0012480357725056501,5.3337690710587595e-12,6.102100190271673e-11,0.2246433952744612,-5.294404247811507e-09,1.2589744804745874e-10,1.0,1.583153056999645,0.3410154502400714,55.421473632979975,55.421343537321086,55.42134361678503,55.4214737121844
286.0,11.200000000000001,0.8240951742440968,-2.368199523950647e-10,1.013793370942434,0.22442073934417545,-2.6879479043440607e-09,-0.023322006877678193,4.864705788819715e-09,0.0012371748884693603,8.373518682456051e-12,9.63440699613759e-11,0.22502965292616667,-8.302390715320792e-09,1.9866283314576762e-10,1.0,1.5759651889945727,0.3395722845149496,55.42370290334118,55.423579562494226,55.423579686929784,55.423703027367466
287.0,11.232000000000001,0.8312890908183178,-3.718004062193138e-10,1.0130672277703305,0.22480989294440515,-4.21813918200778e-09,-0.022691974128234683,7.626537089543164e-09,0.0012253219971750588,1.316517600840814e-11,1.5205257393783208e-10,0.22541258006879247,-1.3015201264352684e-08,3.1338296209562575e-10,1.0,1.5687653326827509,0.3382733326779022,55.42571955836732,55.42560386028374,55.425604055082786,55.42571975252105
288.0,11.264,0.8384953419005491,-5.835520333377048e-10,1.012361979704969,0.22519534631973961,-6.617238347450079e-09,-0.022039002042549365,1.1952568410228476e-08,0.0012125385350601164,2.0716783661302557e-11,2.398983256155046e-10,0.2257299926737269,-3.404075962839319e-08,4.941924103824808e-10,1.0,1.5615535904375837,0.33712107661809343,55.43147726131306,55.4234637109641,55.42346575926777,55.43147930859955
289.0,11.296,0.8457137996053179,-9.156299147079782e-10,1.011678284318426,0.22557680327402513,-1.0377433792821035e-08,-0.021365480829468857,3.27497975756311e-08,0.0011352990361881545,2.981048796938001e-11,3.3812788197928947e-10,0.22610220227738664,-5.523041296397593e-08,7.830052394296216e-10,1.0,1.5543300727522322,0.3361178347474818,55.426132328200886,55.43201203631309,55.43201233737927,55.426132627487554
290.0,11.328,0.8529436870232746,-1.5774187135615777e-09,1.0110167240051087,0.22593398181114716,-2.0680899964174966e-08,-0.020673759791166296,5.596153972658097e-08,0.0011053536444943714,4.719825189934391e-11,5.848750278640186e-10,0.22645051694027743,-1.1298730703288794e-07,1.3613987327626197e-09,1.0,1.547095538009513,0.33526581632587954,55.43051301640561,55.43041604256831,55.43042029403952,55.43051726477073
291.0,11.36,0.8601847032367741,-2.8026326960190575e-09,1.010377805581921,0.2262817566718587,-3.828793695179621e-08,-0.01996620072461373,1.1335885450217837e-07,0.00107462822559648,7.682080811218015e-11,1.0069924574958969e-09,0.22679233084868772,-2.2106606116754575e-07,2.4406043924288706e-09,1.0,1.5398502677191435,0.334566943251482,55.431527081299066,55.43178146911427,55.431788110472255,55.4315337169226
292.0,11.392,0.8674365393647008,-5.1692018177765726e-09,1.0097619620222023,0.22661987899770858,-7.395528505492228e-08,-0.019245111241211737,2.241561384336513e-07,0.001045949122485188,1.2933589521031874e-10,1.7923397258384683e-09,0.22712504321724028,-4.245050344026106e-07,4.541006666043869e-09,1.0,1.532594550680958,0.3340229198200095,55.43262000759648,55.43266527886705,55.4326773353182,55.432632053052984
293.0,11.424,0.8746989070276552,-9.792770996790215e-09,1.009169553669482,0.22694898946732497,-1.444865368441762e-07,-0.01851276102250719,4.3189293728349536e-07,0.0010176342316970588,2.2537587866955066e-10,3.291497228530338e-09,0.2274488879190222,-8.259283405228007e-07,8.672783985250951e-09,1.0,1.5253286547289169,0.3336352202148618,55.43341888841619,55.43344398967462,55.43346886745686,55.433443744673276
294.0,11.456,0.8819715214205119,-1.8765141101487638e-08,1.0086008697042066,0.22726919977677348,-2.803865657717942e-07,-0.017771373914857152,8.396662936728308e-07,0.0009895213482323348,4.067175006065177e-10,6.2254727773263785e-09,0.22776397486232175,-1.5991373146913766e-06,1.6736725069701654e-08,1.0,1.5180528438555834,0.3334050818054667,55.434001328062635,55.43404685312632,55.434093967994,55.43404840088532
295.0,11.488,0.8892540996870657,-3.6192433647267367e-08,1.0080561297524875,0.2275805708298049,-5.44602892055616e-07,-0.017023123491222134,1.6262785069469241e-06,0.000961774852769016,7.551864667844754e-10,1.1958733233535187e-08,0.22807036397399785,-3.1008151537391924e-06,3.2482070144209234e-08,1.0,1.510767380022129,0.33333329714089965,55.43438637632019,55.4344512562202,55.43454327303786,55.4344783110445
296.0,11.52,0.8965463625829557,-6.99955961651123e-08,1.0075354856409506,0.227883215496563,-1.0563488286826531e-06,-0.016270128485526544,3.1527805647987e-06,0.0009345506071165058,1.4311722723590514e-09,2.3157457526816605e-08,0.22836733391896133,-0.1795198293144864,6.317551179844069e-08,1.0,1.5034725216665554,0.33333326333773716,45.04736091360903,45.04733741545579,65.82204035150711,65.82206368958815
297.0,11.552,0.9038480387951795,-1.3555531877821548e-07,1.0070419578163763,0.22817738163199272,-2.048741331659473e-06,-0.015422744517948325,0.015450352367749077,0.0009078501262607692,-1.9397889288782158e-07,3.4069163998057175e-07,0.22865604670682985,-0.17975714286522768,3.984141472143774e-07,1.0,1.4961685333500825,0.3333331977780145,64.06104760548638,64.06113209119692,46.80749698535316,46.80741226875258
298.0,11.584,0.9111588555184885,-0.00015577287599812716,1.0065713244969363,0.22846302260340673,-0.00486366627122965,-0.014707291232499128,0.030898291447859026,0.0008816780676261346,-7.893442632591388e-07,3.5189036320297604e-07,0.22465240432613132,-0.20613472937818245,0.00014758278135909022,1.0,1.488855654545413,0.3331775604573352,54.22898918584675,53.6813760261801,56.64000506102504,57.187029297127715
299.0,11.616,0.9184785485119532,-0.000622585600438347,1.0061230001734478,0.2287404060457713,-0.014587897638756857,-0.014010135109016041,0.061790060789909194,0.0008560504649306303,-1.956443815337755e-06,6.694245453082136e-07,0.2135874230957356,-0.25935068030728226,0.0005910665061915067,1.0,1.4815342351640757,0.33271074773289494,54.20602189237553,53.166054986097066,56.663894252057005,57.70149957000889
300.0,11.648,0.9258068512225117,-0.0017117313096607965,1.0056881434760088,0.22900945970495323,-0.03403580341320152,-0.013589271794969814,0.1180022483180068,-0.0046890856610572905,-0.0006692184564842477,-0.005213072919378059,0.1560738117874593,-0.31327458446885337,0.0025624884559421954,1.0,1.4742051162924261,0.3316216020236725,58.45720866904439,52.21634789290735,52.429746098871476,58.63950462950724
301.0,11.68,0.9330874068569979,-0.0039879424737722345,1.0052209535114114,0.22751736357769206,-0.07113159887848237,-0.014599686393668142,0.1996022321812217,-0.030800050642091244,-0.005670261111367813,-0.025285424160346875,0.0544500178399216,-0.3457386231783083,0.01174439035584858,1.0,1.4669273049344569,0.3293453908595611,60.602814212268726,54.26534743065943,50.36042630208418,56.54977382562869
302.0,11.712,0.9400524933107783,-0.008260350654154968,1.0045800290827425,0.2176589516806394,-0.1335127556369603,-0.02002888839590376,0.2916421761351005,-0.07670991635678563,-0.018284644808560888,-0.03303716671768481,-0.065302056165074,-0.3438540990894445,0.0335195871967511,1.0,1.4599780588582154,0.32507298267917834,61.07576164733383,57.71854109544369,50.012177645104806,53.10317118133721
303.0,11.744,0.9462251999120268,-0.01541574637617065,1.0035154296181115,0.19289708128901445,-0.22360611631298985,-0.033268733269718714,0.37998603820309373,-0.1412224774044489,-0.04190029240351275,-0.028468300591388773,-0.1690230457740319,-0.306481989678463,0.07350537438892109,1.0,1.4538607817987803,0.31791758695716266,59.76888872470789,60.44968621270907,51.54244991041547,50.453757722493066
304.0,11.776,0.9509247446361723,-0.026251709050704796,1.001673925768715,0.14686077262954567,-0.3386238335791918,-0.05754699529363772,0.45147651189556487,-0.2231354108738623,-0.07906697581387827,-0.011578825781460855,-0.22932560908891153,-0.2644045480244236,0.13605364490608335,1.0,1.4493139928819097,0.30708162428262853,56.74426573648252,60.88102585297601,54.93746753103646,50.21017753179278
305.0,11.808,0.9532771301332092,-0.04131141032705908,0.9986282894069122,0.07351204678240554,-0.470615664886071,-0.09517613630634003,0.5072182310336705,-0.30759176963740065,-0.12479835117147749,-0.007009831994487903,-0.2609185669845614,-0.2332841644919838,0.21468406224201486,1.0,1.4473132267787665,0.2920219230062742,56.139244786415944,60.07078925362636,56.12825441295381,51.309934368797386
306.0,11.84,0.9523739140048307,-0.060896267898028364,0.9939326533351133,-0.028225504011828554,-0.6120267990927896,-0.14673862724371559,0.5454313869047859,-0.3813228405742717,-0.1707986384396037,-0.012937200373914548,-0.07999693237303113,-0.3407352209720984,0.297976207120049,1.0,1.4489190636447413,0.27243706543530494,38.28933996562527,64.17063221065601,74.76807744200191,47.6431315669953
307.0,11.872,0.94741974298565,-0.08509139356706422,0.9871936397655897,-0.15481784434939735,-0.7560976771573698,-0.2105941740476109,0.5610228067277782,-0.4320791007261249,-0.20619779793615622,-0.031216246497313693,-0.1405923250423593,-0.3205211352456864,0.37059457059468826,1.0,1.4551267818267637,0.2482419397662691,76.13949245048003,54.281544282686845,37.87715355104764,58.12785845047284
308.0,11.904,0.9378702571132862,-0.11380320373624339,0.9781578661883876,-0.298421433511369,-0.8972440677868484,-0.282367924287565,0.5549996057318163,-0.474241559880104,-0.23702273241736713,-0.037143614876740005,-0.18672364637759167,-0.2960308765711038,0.44057998220611794,1.0,1.4667145710819283,0.21953012959708992,57.811358406823544,60.76769357891801,57.262555611449145,52.39532605102325
309.0,11.936,0.9231799552220034,-0.14683573347991322,0.966835146327496,-0.4590719341025884,-1.0322665544896812,-0.3538349956528627,0.5124311443535973,-0.5060301029731062,-0.24949133870566856,0.2094755303350846,-0.23165358632228256,-0.2623673301766528,0.48802963541553385,1.0,1.4844723253748404,0.1864975998534201,57.5261080993858,61.83246458628047,58.10120479892809,52.680631891711606
310.0,11.968,0.9029238812092417,-0.18375914221513234,0.95346604540846,-0.6330023128988006,-1.1538565229755966,-0.417784403719874,0.4284600642372844,-0.522112584987417,-0.23854340626410495,0.49374670802352505,-0.27919191024272216,-0.21107315616870792,0.5049489645039489,1.0,1.5090294022089725,0.14957419111820097,56.21237762240434,62.43628098839178,59.80199854322962,53.53328615132049
311.0,12.0,0.8769218419275537,-0.223843809577594,0.9384570324595986,-0.8125637275527487,-1.252645855076926,-0.46903165465192076,0.3135786926958065,-0.5086222103878929,-0.2117837934303196,0.5259854187909574,-0.3207015267105767,-0.14018035085383845,0.5007900616108858,1.0,1.5406689013338475,0.11014157264735874,54.46365584049173,61.393639684772005,62.31027161573186,55.48106920017188
312.0,12.032,0.8453052043954027,-0.2661430097790379,0.9224127830774402,-0.9880199228797194,-1.3218500062951197,-0.5013827931924469,0.1834458091051361,-0.4527244767747923,-0.18492953004730894,0.29230799240258276,-0.3389553661189807,-0.08723107117964177,0.49626190550638893,1.0,1.5792174598085136,0.08008793375633219,53.26838485437733,58.83272552042682,64.63306542487766,58.25290910641294
313.0,12.064,0.8087414766861676,-0.30952887370167853,0.9059093121310695,-1.142616490913596,-1.3558082475825193,-0.5157334670740846,0.0592721451150502,-0.35437575467445,-0.16904582267442267,0.08146607700039099,-0.3049688156342305,-0.17173823537772445,0.5056309806915998,1.0,1.6238118330698283,0.08360777464535217,48.272511386244446,52.83466125192403,70.57304605204722,64.31423657160279
314.0,12.096,0.7683664631248435,-0.3529159829018242,0.8895139076396791,-1.2617191737913773,-1.3558471625045505,-0.5123563903559505,-0.04202899812153986,-0.21510063608358174,-0.17133489700991092,-0.1065403274156177,-0.1965461142734985,-0.2896025292776098,0.5380893959705334,1.0,1.6730166963447635,0.12052242576404537,54.51725935345604,57.91096258716338,65.09872059642726,59.12649846917532
315.0,12.128,0.7257563613835688,-0.3954467953424759,0.8738216529076378,-1.331565679414832,-1.3290878887703648,-0.4903829603762895,-0.1164470955361878,-0.043174055958114216,-0.18623362527960252,-0.035672144468206324,-0.10622840389047047,-0.33348991919829163,0.5854479060482176,1.0,1.72493214494634,0.16313252750532004,65.85451133416218,58.32925853749705,53.84893713589545,58.88970973049488
316.0,12.16,0.6829175440782342,-0.436622786656676,0.8590934050538122,-1.338713040791704,-1.2867497285687512,-0.4602577454320511,-0.17315553664853814,0.14790583726878262,-0.21787803994967106,-0.11754358603343806,-0.1403725090004686,-0.32061746477213826,0.6536355529111545,1.0,1.7773199730947415,0.2059713448106546,73.60837730352301,50.250002939110836,46.433592261407846,66.70725007004167
317.0,12.192,0.6420635411841717,-0.47628122593280364,0.8451245798889384,-1.2766875904394517,-1.2393262273789885,-0.4365257864023041,-0.21774805007838915,0.34156825096158394,-0.2643965420401148,-0.21128384954158186,-0.1284782702035881,-0.32556617466422055,0.740567573864967,1.0,1.8278869754896132,0.2468253477047171,62.82559625152598,53.881804010387114,57.66933492976435,62.805721477277004
318.0,12.224,0.6053370500260293,-0.5145748343677181,0.8313139474038561,-1.1477028486919494,-1.1966752635910762,-0.4315822651588214,-0.2534886738955867,0.5218234421559013,-0.32339760042507665,-0.31689293499263926,-0.08429050748286591,-0.3396985580603499,0.843684093304769,1.0,1.8745819129913497,0.2835518388628595,64.03076920158917,53.284125612099146,56.84121610698564,63.58785969647566
319.0,12.256,0.5745727481713407,-0.5519313171142471,0.8167716864915432,-0.9613844329590177,-1.1673900858290311,-0.4544456535097784,-0.27959045894956136,0.6731252399989525,-0.3906726726700485,-0.4343708423866097,-0.0453940854479655,-0.3470437681422082,0.9580070544587236,1.0,1.915825003856394,0.3143161407175481,65.92952151565382,52.50840673479078,55.52057595499953,64.94169073586257
320.0,12.288,0.5511327877277795,-0.5889880268618557,0.8005345063431948,-0.7324987638612876,-1.158022179612766,-0.5074118796358873,-0.28921744899683133,0.7803612449292584,-0.45768760441965434,-0.5637175717234911,0.009664859479934507,-0.34986653239661714,1.0725261272966093,1.0,1.9506417783800354,0.3394067088453027,63.43607562990927,54.83197041498744,58.93225666294232,63.53636187786415
321.0,12.32,0.5360435972019821,-0.6265258920929235,0.7820337790073651,-0.4715372039311677,-1.173058288470869,-0.5781477292446756,-0.2684019943204499,0.8419741743089987,-0.5127928756078971,-0.6110209845641709,0.07659450213627828,-0.34151615224246074,1.1718777443227262,1.0,1.9784785665981752,0.3599119177435578,62.71428844236038,56.370415842337415,60.801166084013325,63.145038684036294
322.0,12.352,0.5298094275161669,-0.6654887151429346,0.7610006638111788,-0.19481780268172638,-1.2175882203128454,-0.6572848498808224,-0.21142853211230397,0.8628727299399216,-0.5460748113606514,-0.5102167136690297,0.17753297604056878,-0.30163229670938563,1.2,1.0,1.9994020831460333,0.3755307699198406,63.429768863916735,61.97755305871193,61.37419896032259,58.82641476552739
323.0,12.384,0.532410969217511,-0.7069038234168852,0.7374750382004228,0.0812981781670024,-1.2942221335609538,-0.7351758003361242,-0.11932030501803245,0.8517657964936298,-0.5486579456134058,-0.10937080980212066,0.23078440915732562,-0.26313220344515814,1.2,1.0,2.01408072306657,0.38727613584864495,68.1017623379093,59.91714700296505,58.035635490874014,62.22025082581827
324.0,12.416,0.5433921775112046,-0.7517698269759719,0.7117379822723505,0.3431627591779261,-1.4020626112214603,-0.8042829977522585,-0.016602588535327017,0.8015324346285289,-0.5360642393210829,0.15959008038293354,0.26248557380463977,-0.23151959645880738,1.2,1.0,2.023671285101037,0.39732608507602374,68.84136738136219,62.257252446980274,58.594087385816756,61.17820232019867
325.0,12.448,0.5619325824775168,-0.8008935226527177,0.684353503820083,0.5793876551972542,-1.5351154898983046,-0.8557649516333601,0.07901567703172221,0.714871731970142,-0.5138836893727642,0.5885292378325566,0.27838481607983034,-0.21213649892510011,1.2,1.0,2.0296686863957643,0.4087678367992463,68.52687775940721,64.2326362892827,59.295034518740565,61.14339294019531
326.0,12.48,0.5870087189968404,-0.8548235972707919,0.6562022725420628,0.7836292662288621,-1.6853148318148172,-0.879725977438131,0.15850411952463397,0.5937859407180762,-0.48550457379196593,1.1494327020420323,0.2861209973185431,-0.2015806907752879,1.2,1.0,2.0336808119392034,0.4250799898444109,66.42129896012115,67.7398072477127,61.19145654600234,59.67067906657891
327.0,12.512,0.6172810970609537,-0.9137299952455892,0.628253668332393,0.9460118145035402,-1.840824936712412,-0.8733938815521778,0.21686913185965756,0.443905637732858,-0.4431881828719355,2.0073331148130347,0.2964644251203802,-0.18603452539257995,1.2,1.0,2.037445588528936,0.4495105358375001,64.74606330926727,72.01126268916269,61.76550132278172,57.72963440213843
328.0,12.544,0.651140818711152,-0.9773203658870576,0.6012978739014492,1.0581163015686974,-1.987199082545887,-0.8423685759669952,0.2540811017604452,0.28074653658249415,-0.38503172842601535,2.8506275924584275,0.2896384836373346,-0.19649312658784146,1.2,1.0,2.0427008882632367,0.4841587550661518,62.10243150772341,70.40010171522756,64.38024686707023,60.08257665956607
329.0,12.576,0.6869570035911938,-1.0451461193639506,0.5761011628587369,1.119255777501305,-2.119554796152905,-0.7873972200847574,0.2750037986049762,0.11435573340587322,-0.3159151735136664,3.4147640214382786,0.2717434093965756,-0.22057996157748577,1.2,1.0,2.0509843837768487,0.5295992885853451,61.16777858539498,70.68613045388395,65.40476807931574,59.886416210826766
330.0,12.608,0.7230288341660568,-1.116704044185652,0.5530701226796085,1.1272447054644665,-2.236185150678164,-0.7197200055977613,0.28153328834910685,-0.04097422301898289,-0.2322668817870403,3.8568839485723103,0.24557151125713306,-0.24938851789705102,1.1476391130485037,1.0,2.0637360607840978,0.5851471473437277,59.92334809075463,71.80274804778124,66.5760647934112,58.69666483638461
331.0,12.64,0.7577939802701884,-1.1916014947658573,0.5322601088477505,1.0864108157541121,-2.3405453306314152,-0.6503129322455615,0.2701380012796466,-0.1676281861054255,-0.12520654865096384,4.290492057051038,0.20691425305965505,-0.2822879591494561,1.0540804605274408,1.0,2.0821948370265866,0.6494153615765955,57.759290371625156,73.10915105549591,68.61192882082457,57.262068136953815
332.0,12.672,0.7900915558453121,-1.2696297203699045,0.5135623862714828,1.0092992367226146,-2.438382050126473,-0.5843038305083678,0.23575440648248375,-0.24625664836119557,0.012960028570643772,4.715588346874462,0.15166280079831712,-0.31543366157404634,0.9167372937891523,1.0,2.1072224318891974,0.720876428988931,54.84838609018905,73.64709766035017,71.3923565728072,56.5936450026461
333.0,12.704,0.819390548121977,-1.3506904098995227,0.4969040892781446,0.9155935086457767,-2.5331465478005666,-0.5205717810418168,0.1768007368851036,-0.2552608446782531,0.18383318456012834,5.132172818042581,0.09223973865691815,-0.3376267622871496,0.73260512183744,1.0,2.13911110467543,0.7981663084608092,50.506835621040594,73.61524866338453,75.59074317858787,56.48233013624394
334.0,12.736,0.845955646207249,-1.434563986647883,0.48247083250909006,0.8301593151647482,-2.621049273386256,-0.45103927403295424,0.10246039322307664,-0.17397701887491468,0.3760324979859074,5.4799693314952655,0.009219809117486724,-0.34987854338303903,0.5171716865655877,1.0,2.17735254943843,0.8800562966416157,50.99826383498535,66.48615026221637,74.85826436353274,63.37037793630172
335.0,12.768,0.8709398304642183,-1.5204797140625468,0.47062570844534074,0.7807557580302916,-2.6848664817082413,-0.37016012699216605,0.04013237527634427,-0.001521280085313303,0.575363806627302,5.849480754845333,-0.10041345238737341,-0.3352866513591746,0.2901089458942281,1.0,2.2203875120112517,0.9650910839753714,55.76603128512664,60.24319896471177,69.68800769755606,69.21084001797092
336.0,12.8,0.8961891661953546,-1.6068403036418484,0.46162344045978027,0.7890417415980088,-2.6987684243531724,-0.2813208745487646,0.015166922710290917,0.2561950702578563,0.78219134673714,6.262926033479679,-0.1666887233511975,-0.30775780982380924,0.050842715123494274,1.0,2.265663722872045,1.0512847480862928,55.91171803557442,57.50751841893064,69.00625428143827,71.41045389808205
337.0,12.832,0.9238782328720088,-1.6910506812577377,0.4549681800367079,0.8652833336454417,-2.6315743004965397,-0.2079768882210108,0.05483270835114604,0.5832737112662997,1.0211921546436764,6.575475459937803,-0.22604488050594976,-0.2672147301273843,-0.23525099620870737,1.0,2.3099020677820565,1.1354951257021821,59.551610868442864,52.68787046920748,64.94043697614205,75.80417737537744
338.0,12.864,0.9558380757600129,-1.7696306851199237,0.4489243797068994,0.9987450902501283,-2.4556251206933104,-0.1888687603065155,0.23430014278904834,0.9372600083496977,1.3917816228376712,6.870648258946243,-0.2952670378947032,-0.18792917903531609,-0.7076371135330662,1.0,2.3496554565348466,1.2140751295643681,49.16635848607985,48.689762781353956,75.43182828445008,79.90842398917597
339.0,12.896,0.9925094211056812,-1.8388647691358457,0.440206665117999,1.1459795420521333,-2.163565125497561,-0.27242858090313776,0.9460129966802077,1.1937734455013653,2.2959418242865084,7.198692692780222,-0.34027188454309165,0.08194537564434527,-1.2,1.0,2.3823983601873984,1.2833092135802902,14.909585916209153,0.0,110.87768721922723,140.97578095545433
340.0,12.928,1.0323392156053675,-1.8959822149669119,0.42420469310772674,1.2446810781151947,-1.7849201822208156,-0.5000616253210076,1.8938458762183623,1.0022388449095647,-2.8306267458071916,7.559608761439728,-0.10343565164878221,0.3343666639603771,-1.2,1.0,2.4076513069962906,1.3404266594113563,167.7838591672445,7.9878429427171795,0.0,124.58005457530885
341.0,12.96,1.0717149411038565,-1.9404927893825912,0.39596883919414905,1.2304914218277803,-1.3909554504899766,-0.8823704347993021,2.116233071060111,0.5596096201988523,-2.3428284638356955,7.885028809369558,0.025178802401879724,0.3490931507629548,-1.2,1.0,2.427901790962111,1.3849372338270356,102.10052273485626,181.2726543935155,31.048469927682177,0.0
342.0,12.992,1.1057166105416043,-1.974857672519974,0.3520674983674613,1.0625521699296194,-1.0739025980432129,-1.3719169008339904,2.044424578285118,0.08265471702841515,-2.003562500854811,8.186636919113852,0.12159147537339775,0.3282004160821866,1.2,1.0,2.4484788840442797,1.4193021169644184,61.87112146028227,96.72127174825431,77.2587010796592,46.40855079168715
343.0,13.024000000000001,1.1294352330538004,-2.0039335370658544,0.2922194845944866,0.7412069535061288,-0.9086207670587618,-1.8702504304054584,1.7391369396803615,-0.3471163856286234,-1.587528913048159,8.785515601754973,0.2665678222376371,0.22680739879352152,1.2,1.0,2.476093234506732,1.4483779815102988,79.13677850892394,87.15978997378956,66.39982936712148,62.37681790225586
344.0,13.056000000000001,1.1401657327563224,-2.033542443214526,0.22025207772890432,0.33532811570381016,-0.9252783171459908,-2.2489814645494444,1.1290814298888197,-0.5592949363930947,-0.9752307731894575,9.066886185168316,0.33964128050802056,-0.08452100670763485,1.2,1.0,2.5160453238291254,1.4779868876589706,72.5890037856538,98.80570474901276,78.42378190426984,56.20708094091089
345.0,13.088000000000001,1.139190140271103,-2.067420916783307,0.14308351695146004,-0.030487265163102434,-1.0587022990243962,-2.411517524295131,0.40426093109859457,-0.40199520530620586,-0.34961645538713454,9.645527341478484,0.11116170468750419,-0.33187810324118716,1.2,1.0,2.5686916141224523,1.5118653612277513,49.53970012162942,93.22158421896553,104.91603065587553,65.23414655853942
346.0,13.120000000000001,1.1317937004766498,-2.1046454122759726,0.06736265636115824,-0.2311387435766641,-1.1632654841458023,-2.3662768934469294,-0.178626936219465,0.017491683627551897,0.0036916823167417504,9.9478489641961,-0.06897159056988837,-0.3431368818624131,1.2,1.0,2.628248836072171,1.549089856720417,57.91200184146102,62.9315339054659,97.90418378933236,96.8846517253275
347.0,13.152000000000001,1.1246223992822415,-2.139452943261946,-0.005023809310946495,-0.22410316232526048,-1.0877353433116623,-2.2620770522532707,-0.7245342619030988,0.50170393126755,0.11525331790746245,10.283042221739242,-0.10906441425326255,-0.33257323034723146,1.2,1.0,2.685874118071559,1.5838973877063902,79.7347030571,49.64179161974051,76.8088210941784,110.9017325315379
348.0,13.184000000000001,1.1163357805378136,-2.1840714285774205,0.018631967253987622,-0.25895683576337264,-1.3943276661085844,0.7392430176541905,-0.0506610540570898,-0.0732128972391903,0.5922106806788412,7.643027612863872,-0.20046862556818218,-0.28690125507359493,0.6261223944012231,1.0,2.716807878586827,1.628515873021865,41.35506746113221,101.93259583096942,84.87986301724614,28.302334647408916
349.0,13.216000000000001,1.10682045063639,-2.2286728043660107,0.04601196502515871,-0.29735405941948956,-1.3937929933934405,0.8556249303490957,0.6764584120804193,-0.6438667910375523,0.6642631363182637,8.317422774769367,-0.22639354471682355,-0.2669193940322651,0.5330709734072038,1.0,2.747615145301119,1.673117248810455,81.11912532596278,41.76072310310457,43.4043860700431,86.76278829290132
350.0,13.248000000000001,1.097544804305544,-2.2840607975263763,0.07195463550913195,-0.2898639478389334,-1.7308747862614229,0.8107084526241629,1.8174830840002054,-0.9885129347232039,0.348519910116241,8.9608517642652,-0.11726591390030285,-0.3297706861398187,0.9856409964347972,1.0,2.788295440254009,1.7285052419708207,108.11510763738919,92.31434086855553,16.338715126186543,36.13948189502018
351.0,13.280000000000001,1.0954766818261292,-2.3510525305316246,0.08600070858245686,-0.06462882748171217,-2.0934916564140074,0.438939783541403,-3.0169991495616744,-1.0862294294560062,-0.1638273243186934,9.575938967255489,0.10426329401648679,-0.3341095112696309,1.2,1.0,2.8398281274912205,1.795496974976069,93.95093954266193,6.039395842276143,33.93964845027488,125.85119215066067
352.0,13.312000000000001,1.1056151533782,-2.418327811085211,0.08363712774965969,0.31682723600220924,-2.102352517299578,-0.07386190102491146,-1.415667911708527,-0.9748453745344495,-0.7976650642204103,10.169119694476093,0.31293759255404446,-0.15674840722150524,1.2,1.0,2.891965153087295,1.8627722555296555,34.030678040793774,0.0,99.03519841446216,144.3076144640808
353.0,13.344,1.1242713867994854,-2.47482865890144,0.07242373766091637,0.5830072944152012,-1.7656514942572525,-0.3504184402732479,-0.2294981510637595,-0.43820265612191317,-0.9914355925700742,10.781582511562235,0.3478497724652212,-0.03873674993973891,1.2,1.0,2.934733055648052,1.9192731033458845,11.742897238121316,126.94809601114326,124.31281241139283,13.107613638370879
354.0,13.376,1.1424328013071952,-2.524838091854635,0.06333556303250647,0.5675442033659309,-1.5627947797873367,-0.28400545713780906,0.7109961803189571,0.2557875332839151,-0.51955109978864,11.42501150105806,0.29758473529717894,-0.18423714424107834,1.2,1.0,2.972141133389842,1.9692825362990793,103.91937909670794,153.1107587081961,31.653964214020036,0.0
355.0,13.408,1.1584217979790272,-2.5839683405017753,0.05430706018176175,0.49965614599475167,-1.8478202702231339,-0.2821407140857722,1.8473118474709396,0.26056753802405913,0.6397258906524632,12.040098704048344,-0.07668859723627128,-0.3414950351819671,0.6764100166145588,1.0,3.018732176406379,2.0284127849462195,12.311023919763102,144.48221601836494,123.42424201745936,0.0
356.0,13.44,1.1815609265951204,-2.6543341347037854,0.03159103748660333,0.7230977692529097,-2.198931068812816,-0.7098757092237,2.0800482001398235,-0.6494203868957273,1.7298679644745583,12.677092382808326,-0.3331964470818385,-0.10714535758510296,-0.8251820309059625,1.0,3.076995188967592,2.09877857914823,0.0,0.0,151.60296835502606,168.5622113691602
357.0,13.472,1.2171833245106907,-2.699054001184231,0.04304429318882776,1.1131999348615713,-1.3974958275139298,0.3579142406945132,-2.5795328751615183,-0.9816433003649196,0.2719121569740703,34.445309396178615,0.1775283375026808,-0.30163502678491144,1.2,1.0,3.098340203063999,2.1434984456286754,360.434351393776,0.0,0.0,160.0290214791934
358.0,13.504,1.2584686733465618,-2.7391129366441103,0.046038014577939525,1.2901671511209705,-1.2518417331212188,0.09355379340974246,-1.8360915680926142,-0.1864600571060594,-0.4260559460256166,32.98458712892959,0.3415668542303463,-0.07636808293512011,1.2,1.0,3.1170301440718666,2.183557381088555,0.0,48.405524057379964,233.9924205635461,87.73817771696378
359.0,13.536,1.3025217553739006,-2.770335550095806,0.04701465827418922,1.376658813354337,-0.9757066703654912,0.030520115507802974,-1.9110582469971709,0.7515647205463221,-0.9618091888096552,35.646942623423705,0.3134750438897013,0.15567079642100445,1.2,1.0,3.1284818393426033,2.21477999454025,12.37857554535855,96.13774119677885,120.37593013407962,40.616764482659335
360.0,13.568,1.3550529155500743,-2.792249923399019,0.048850798149674544,1.6415987555054286,-0.6848241657254056,0.05737937110891631,2.8253759062989943,0.9126102619148669,-2.7408067879148743,36.13643550605504,-0.2692343105491056,0.2236356099174452,-1.2,1.0,3.129418292303338,2.236694367843463,0.0,212.6403355180292,158.71000259384965,0.0
361.0,13.6,1.4172290517914163,-2.810127070086027,0.0384063809407644,1.9430042575419355,-0.5586608339689931,-0.3263880377784417,2.374552828619532,-0.11127687516799059,3.0671033665579635,31.84039729225453,-0.3479395580636034,0.0379218134390268,-1.2,1.0,3.1284685030999615,2.254571514530471,208.8997161846496,63.01777534525469,0.0,77.4779774137144
362.0,13.632,1.4779020161950325,-2.8081967228694977,0.04820289139448885,1.8960301376130027,0.060323350516533425,0.3061409516788887,2.880744308584647,-1.0090620727246755,2.3409033422129464,33.43442105621355,-0.21459820748350786,-0.27649160809121365,-1.2,1.0,3.105181357348067,2.252641167313942,173.62913936351126,60.58506326191278,0.0,73.38946939340858
363.0,13.664,1.533158639417799,-2.797400969298623,0.05250532059501602,1.726769475711451,0.33736729908984103,0.13445091251647387,-2.073409746448653,-0.7481322256443027,0.5763458579575235,35.1937927189919,0.33284940672231644,-0.10821863261288221,0.971543871682602,1.0,3.078085816696739,2.241845413743067,46.86415187372924,0.0,84.74123258920572,289.3578544636003
364.0,13.696,1.5856052378355134,-2.7739500115536386,0.041870091625632,1.6389562005535763,0.732842429530755,-0.3323509052932501,-2.150131243671766,0.09216768838150839,-0.10132432710032667,35.893905281498796,0.2932870525620693,0.1910044627736588,1.2,1.0,3.0456609162152075,2.218394455998083,0.0,142.49953698211507,223.78384452801444,0.0
365.0,13.728,1.641136842206314,-2.7384721272450196,0.033576217125241115,1.7353626365875146,1.108683884644342,-0.25918357813721504,3.1256330644838943,0.5216507387936569,-0.9765717418962157,33.40909434833569,-0.007437604739430087,0.34992096541324863,1.2,1.0,3.0015125873566526,2.1829165716894643,32.236812594214655,158.26939125770315,103.68349884465266,0.0
366.0,13.76,1.6878498314741004,-2.691260385424925,0.02697160042665342,1.459780914618325,1.4753669318779543,-0.20639427183086528,2.3154122558728245,-0.14676569062642159,-1.7442865377070296,34.54221812809218,-0.29407200837677827,0.18979371404039705,1.2,1.0,2.949037909397784,2.1357048298693693,127.42317225681853,174.1001353943705,8.101338452957101,0.0
367.0,13.792,1.6950768943857129,-2.6403594333811466,0.04250322213457977,0.22584571598788913,1.5906547513680744,0.48536317837269805,2.7684370022659155,-0.6434264869018849,-2.662920201353263,32.6364590158797,-0.20546643974675557,-0.28334350555075866,-1.2,1.0,2.8957235023213737,2.084803877825591,248.00087205637433,38.25227360781477,0.0,94.04403016576663
368.0,13.824,1.693618698230318,-2.58715404618097,0.038751500011454054,-0.04556862985608669,1.6626683500055153,-0.11724131634767855,-2.619455688403538,-0.508287739602006,2.501486920886307,31.560422477972757,0.21143578026839535,-0.2789173906774098,-1.2,1.0,2.84891896706288,2.0315984906254148,4.37537819375104,0.0,130.02200496949666,237.40463502900872
369.0,13.856,1.676376606544672,-2.5371029997177525,0.03877690257379062,-0.5388153651764422,1.5640952019755474,0.0007938300730177167,-2.480939244519438,0.17913800507425215,1.8203348192495825,31.67823078197366,0.34967486879743354,0.015082643385615754,-0.7383288989372451,1.0,2.807930250159049,1.981547444162197,0.0,53.550815277061275,178.10018481234943,83.66570837073272
370.0,13.888,1.646986260609386,-2.4934006559164374,0.035506109203174596,-0.9184483104776867,1.3656982437910958,-0.10221229283175069,-2.9990534050282096,0.5612550913438137,0.8624888403677955,32.578724990277564,0.11249492720717517,0.3314285614618214,0.5810201087572464,1.0,2.7774673693888743,1.9378451003608819,0.0,136.6866167971878,148.51026660461002,1.6253839470662257
371.0,13.92,1.605770817261634,-2.4572360395943997,0.02481116375269593,-1.287982604617244,1.1301442600636775,-0.334217045327458,2.805357189604085,0.13459543822421935,-0.12178425277792687,32.86917390426524,-0.27369128313070806,0.21815838635786294,1.2,1.0,2.760398923223996,1.9016804840388442,134.36132410858502,205.19445276304108,2.484623069635596,0.0
372.0,13.952,1.5523091172291834,-2.4381792349366074,0.01248632549347179,-1.6706781260140815,0.5955251455560107,-0.385151195600754,-3.086142092348697,-0.4573142228735217,-0.9314133847144018,30.18256688512479,-0.3089823217780485,-0.1644078003886874,1.2,1.0,2.7637802140811076,1.8826236793810518,180.7106945963422,46.24805927278038,0.0,95.35372617335773
373.0,13.984,1.524336130655756,-2.4491978387521955,0.024242415052565157,-0.8741558304196088,-0.3443313692371299,0.36737779872166737,-2.927620309323519,-0.24965894912209224,-1.805867580291626,27.90776521422231,0.15678415364057335,-0.3129196848509359,1.2,1.0,2.778031700684103,1.89364228319664,54.8127293368789,0.0,75.02864437485313,250.0381369660472
374.0,14.016,1.49604296160519,-2.4665449584000045,0.015770747003034546,-0.8841615328301833,-0.5420974889940307,-0.26473962654783134,-2.991822726745465,0.07434751814619261,-2.5053040739691044,24.514226497425387,0.3396678870970622,-0.08441401823759734,-1.2,1.0,2.8052967011578223,1.910989402844449,3.4682024725703045,119.2050150434826,132.8637788528473,21.126966281935005
375.0,14.048,1.4803505123017153,-2.495504024882698,-0.0005351611807047872,-0.4903890407335835,-0.904970827584172,-0.5095596307418537,2.9228588643030444,-0.11627722989122805,-3.0936664165891616,19.566660910349295,0.23459128052661396,0.25974397221279943,-1.2,1.0,2.8415429131351093,1.9399484693271425,37.067533745468516,115.23099463431981,102.0387657855641,27.875304896712798
376.0,14.08,1.4777041534762876,-2.4965824535107295,0.009162724405923991,-0.08269871329461685,-0.033700894625982,0.30305892458214906,3.0291266768651894,0.05209503552092601,3.136088430817398,0.783921840063095,0.10324163736286059,-0.013305131744090072,-1.2,1.0,2.83994930982918,1.941026897955174,130.0728801035791,128.62125087400693,0.7132761624809438,6.164905392053108
377.0,14.112,1.4782208066830036,-2.495476489682718,0.010447191122111574,0.016145412709875337,0.034561369625360466,0.04013958488086193,3.103572780622804,0.01770019799603717,3.1386872417076317,-0.00014017826692498475,-0.014857994733572055,-0.036478371933668166,-1.2,1.0,2.8383612443361455,1.9399209341271624,58.669605037191005,27.22758245665689,74.72005529155815,110.16207787209227
378.0,14.144,1.4783379124606777,-2.495545602161683,0.011807744534190888,0.00365955555231556,-0.0021597649676602364,0.04251729412747852,3.098848034227352,0.009887144146753693,3.138984928175076,0.000562713155966765,-0.0246479269063428,-0.03099237628215767,-1.2,1.0,2.8379099333556135,1.9399900466061275,63.647592482557144,64.76451103938098,69.69107968548425,72.57416112866042
379.0,14.176,1.4783680427322505,-2.4954174134169906,0.012439989895788383,0.0009415709866511515,0.004005898271638993,0.0197576675499217,3.1074079071035725,0.00789818215412968,3.139062370669498,-2.8007659859686705e-05,-0.00391433142937114,-0.004678696277427678,-1.2,1.0,2.837567321738633,1.939861857861435,68.4052277756534,74.83284718552972,65.1483957509316,62.72077634105528
380.0,14.208,1.4783921420213149,-2.495314835545913,0.012944517602346217,0.0007531027832602393,0.0032055584711782018,0.015766490829932304,3.114255040741009,0.006307332190578707,3.139112364952525,-3.25211944450926e-05,-0.0037311004329468843,-0.0038805298815443334,-1.2,1.0,2.837293727782665,1.9397592799903574,66.6076761091056,66.8471578392705,66.97576863054817,70.73628690038328
381.0,14.24,1.4784111055027167,-2.4952358034398685,0.013347389176268544,0.0005926087938076802,0.002469753313888432,0.012589736685072713,3.1197298527750115,0.005035976047018678,3.1391707051475675,-0.0008452888831770154,-0.0034731571944934406,-0.0031572830148047367,-1.2,1.0,2.8370779297851896,1.939680247884313,67.31513197329839,69.32507191115978,66.2920228763255,68.28208293846411
382.0,14.272,1.478426501976197,-2.4951722368699545,0.013669177232726913,0.00048113979626146454,0.001986455309813116,0.010055876764324028,3.124108320031313,0.00401985350938774,3.139211290291839,-0.0006433581789222272,-0.0033183332464566625,-0.002680410113711374,-1.2,1.0,2.8369051263387726,1.939616681314399,67.3307015903074,69.32325043026961,66.29535609739483,68.30280725743262
383.0,14.304,1.4784387993606416,-2.495121001579456,0.013926251777979563,0.0003842932638914439,0.0016011028280832325,0.0080335795391453,3.1276098230021536,0.0032080656573072954,3.1392365968150964,-0.00039160758012618194,-0.00326657956342003,-0.002291380156269035,-1.2,1.0,2.8367666974884185,1.9395654460239002,67.33893588355646,69.32512199620449,66.30220328549247,68.31601717284444
384.0,14.336,1.4784486161793415,-2.4950797624763044,0.014131654819736033,0.00030677558437303105,0.0012887219734830635,0.00641884505488967,3.1304097665451303,0.002559936885442594,3.139252136849541,-0.0002307390550406798,-0.003229524693492106,-0.001975763427760148,-1.2,1.0,2.836655842390658,1.9395242069207488,67.33786162286317,69.33281661340631,66.31531683019323,68.32036183965009
385.0,14.368,1.4784564489971208,-2.495046600057724,0.01429585135505751,0.00024477555560231657,0.0010363255806417051,0.005131141728796137,3.1326487027105854,0.002042999716225011,3.1392614168496844,-0.00012742002847777615,-0.003205405496226985,-0.0017203492960526352,-1.2,1.0,2.8365670662810802,1.9394910445021682,67.34116659252867,69.33561678884676,66.32160496308221,68.32715476676411
386.0,14.4,1.478462693488621,-2.4950199580558268,0.014427136435865955,0.0001951403593783428,0.0008325625592831002,0.0041026587752639055,3.134438405875769,0.0016308752065845858,3.1392666866223315,-6.10124566858192e-05,-0.003192718195912305,-0.0015136327436785673,-1.2,1.0,2.836495984094311,1.9394644025002712,67.3438245050277,69.33782399785585,66.32660617850237,68.33260668567422
387.0,14.432,1.4784676651403452,-2.4949985669876527,0.014532117744918915,0.0001553641163845597,0.000668470880441085,0.0032806659079050227,3.1358686288016973,0.0013027576048938651,3.139269383035994,-1.8236740165969523e-05,-0.003192962901028962,-0.0013462944665264369,-1.2,1.0,2.8364390775087416,1.939443011432097,67.34615742033499,69.33940281835042,66.33039356568757,68.33714816767214
388.0,14.464,1.478471634569534,-2.4949814224249285,0.014616034075122492,0.00012404466214616095,0.0005357675851302974,0.002622385318861752,3.1370121724217648,0.0010407854512678553,3.1392707980499424,-2.0391679208977367e-06,-0.003179959335157163,-0.0012123622865442552,-1.2,1.0,2.8363935528837154,1.939425866869373,67.34616690997885,69.34225505875108,66.3352885553301,68.33920040655786
389.0,14.496,1.4784748021286052,-2.494967715960488,0.014683106119453747,9.898622097687096e-05,0.0004283270137600544,0.0020960013853517263,3.1379263554317736,0.0008317387117637206,3.139271714714556,-1.7086782719993942e-06,-0.0031638438310577755,-0.0011044852348351748,-1.2,1.0,2.836357166395554,1.9394121604049326,67.3480060646345,69.34301421640241,66.33737179912289,68.34236364735499
390.0,14.528,1.4784773245592244,-2.4949567615261086,0.014736709361192478,7.882595685210207e-05,0.0003423260743623532,0.0016751013043353345,3.1386569419339736,0.0006652740964002329,3.1392723090375885,-1.4006286623741586e-06,-0.00316072794270629,-0.0010172514436587459,-1.2,1.0,2.83632809017518,1.939401205970553,67.35011736763786,69.34305730747752,66.33839743209498,68.34545749225532
391.0,14.56,1.4784793386888617,-2.494948000663192,0.014779567937888942,6.294155116548511e-05,0.0002737769661392828,0.00133933052176452,3.1392413000851414,0.0005323565148860257,3.1392727013751562,-1.2801431470067377e-06,-0.003152407453880084,-0.000948272324857622,-1.2,1.0,2.836304841689135,1.9393924451076365,67.3498816407501,69.34471341528028,66.34113369527448,68.3463019207443
392.0,14.592,1.4784809510397006,-2.494940987803578,0.01481384888866735,5.038596371381705e-05,0.00021915186293464098,0.001071279711825265,3.1397090638911984,0.0004259533037013462,3.1392729677833526,-1.2844362559200235e-06,-0.0031397801103797904,-0.0008938481006532902,-1.2,1.0,2.8362862412952174,1.9393854322480226,67.35053133132433,69.34533868604328,66.34247889378409,68.34767153906515
393.0,14.624,1.4784822414559837,-2.494935375287981,0.014841269697219208,4.0325508848804114e-05,0.00017539111241138256,0.0008569002672455503,3.1400834231134103,0.00034079537619535413,3.1392731534635483,-1.2880380594890183e-06,-0.003129781852774046,-0.000850237742929956,-1.2,1.0,2.8362713604426415,1.9393798197324255,67.35147569821503,69.34547297362464,66.34312990516811,68.3491326297585
394.0,14.656,1.4784832740614504,-2.4949308840629647,0.014863203677520078,3.226892083402208e-05,0.00014035078176044533,0.0006854368844021873,3.1403829911419803,0.00027265105683415614,3.1392732874133644,-1.2909737867055395e-06,-0.003121870517787107,-0.0008153094097946823,-1.2,1.0,2.836259455674715,1.9393753285074091,67.35189745877697,69.34585896821055,66.34398409882861,68.35002258939504
395.0,14.688,1.4784841003165348,-2.4949272904031634,0.014880749046411786,2.58204713859955e-05,0.00011230186879040973,0.0005482927778658704,3.1406226907887964,0.00021812432105759822,3.139273388222908,-1.2932989903309448e-06,-0.0031154349425418595,-0.0007873593465806571,-1.2,1.0,2.8362499319289998,1.9393717348476078,67.35222235521017,69.34617808384967,66.34467973608291,68.35072400744342
396.0,14.72,1.4784847614235594,-2.494924415081084,0.014894784093049243,2.065959452124398e-05,8.985381498571857e-05,0.00043859520742052565,3.140814476737437,0.00017449612435111158,3.139273467802329,-1.295165750392602e-06,-0.0031102628136144383,-0.0007649923216944002,-1.2,1.0,2.836242313044385,1.9393688595255283,67.35249823624925,69.3464196608732,66.34522012981556,68.35129870519161
397.0,14.752,1.4784852903729682,-2.4949221145848544,0.014906011262174631,1.6529669022435898e-05,7.189050717226746e-05,0.00035084903516837817,3.140967921371362,0.00013958934632468477,3.1392735337811297,-1.2966646177215205e-06,-0.0031061146808272233,-0.0007470946652861969,-1.2,1.0,2.8362362180451317,1.9393665590292988,67.35271534310318,69.34661576460418,66.34565594130164,68.35175551980065
398.0,14.784,1.4784857135746972,-2.4949202740363767,0.01491499238658192,1.3225054031062988e-05,5.7517139925855555e-05,0.0002806601377277563,3.1410906871598887,0.00011166112950637036,3.139273591046206,-1.297866428889661e-06,-0.003102777497119115,-0.0007327754141315065,-1.2,1.0,2.8362313421349135,1.9393647184808211,67.35288770825326,69.34677366956592,66.34600584263782,68.35211988132517
399.0,14.816,1.4784860521652825,-2.4949188014965906,0.014922176850963796,1.0580955792094383e-05,4.6016868315845686e-05,0.0002245145119336579,3.1411889065116068,8.931662117838397e-05,3.139273642727623,-1.2988296955669333e-06,-0.0031000901311037127,-0.0007213199520166277,-1.2,1.0,2.836227441474882,1.939363245941035,67.35302607217216,69.34689953796999,66.34628524568924,68.35241177989141
400.0,14.848,1.4784863230587044,-2.4949176233943184,0.014927924108653694,8.465419434888759e-06,3.681569600566533e-05,0.0001796018028092995,3.1412674866791748,7.143962544545091e-05,3.1392736908302705,-1.2996015141008672e-06,-0.0030979241185775494,-0.0007121560191701734,-1.2,1.0,2.8362243209968967,1.9393620678387629,67.35313677565931,69.34700018205838,66.3465087241395,68.35264531774042
401.0,14.88,1.4784865397889826,-2.494916680861455,0.014932521685712035,6.772821192768668e-06,2.9454151978525162e-05,0.00014367428307314454,3.1413303542074984,5.713699822933533e-05,3.1392737366384598,-1.3002197344684574e-06,-0.0030961749554711464,-0.0007048256843121128,-1.2,1.0,2.8362218246504085,1.9393611253058995,67.35322521414618,69.34708077663764,66.34668760930889,68.35283204681743
402.0,14.912,1.4784867131850175,-2.4949159267970447,0.014936199578141282,5.4186260894928344e-06,2.3564512827145536e-05,0.00011493413841397995,3.1413806507632605,4.5694112844128024e-05,3.139273780975028,-1.3007148037908847e-06,-0.0030947591798178332,-0.0006989624412441406,-1.2,1.0,2.836219827598641,1.939360371241489,67.35329594588266,69.3471452519238,66.34683072117038,68.35298141512924
403.0,14.944,1.478486851910974,-2.4949153235164063,0.014939141765709575,4.335186140624887e-06,1.8852519947931673e-05,9.194336150915818e-05,3.1414208899405276,3.653919883519116e-05,3.139273824367261,-1.3011111792923912e-06,-0.0030936103293847483,-0.0006942729767459003,-1.2,1.0,2.8362182299751195,1.9393597679608507,67.35335252811137,69.34719682368416,66.34694520295938,68.35310090738659
404.0,14.976,1.4784869628988766,-2.494914840869309,0.014941495420424653,3.468371957693336e-06,1.5082721793735474e-05,7.355170984616771e-05,3.141453082780133,2.9214793992260173e-05,3.139273867153143,-1.30142848735952e-06,-0.0030926751480359715,-0.0006905226026802412,-1.2,1.0,2.8362169518888742,1.9393592853137533,67.35339777031913,69.34723809358931,66.34703680417391,68.35319648090373
405.0,15.008000000000001,1.4784870516948247,-2.494914454733911,0.014943378271612597,2.7748733796850697e-06,1.206673118370193e-05,5.883909962327202e-05,3.1414788382251264,2.3354896744849875e-05,3.1392739095493907,-1.3016824701830562e-06,-0.003091910964535284,-0.0006875235481489457,-1.2,1.0,2.8362159294287252,1.9393588991783555,67.35343394188807,69.34727112353725,66.34711010168344,68.35327292003426
406.0,15.040000000000001,1.4784871227360417,-2.494914145811585,0.014944884496856242,2.2200380284109734e-06,9.653822685695693e-06,4.706953886390599e-05,3.141499443506894,1.8666683057579584e-05,3.1392739516950248,-1.3018857475044749e-06,-0.0030912836853139707,-0.000685125576670173,-1.2,1.0,2.836215111466858,1.9393585902560295,67.35346286440723,69.3472975570301,66.34716875026702,68.35333405764415
407.0,15.072000000000001,1.4784871795725603,-2.494913898662593,0.014946089433996931,1.7761412063332912e-06,7.723405998083514e-06,3.765428564653572e-05,3.141515928466263,1.4915876832781055e-05,3.1392739936792715,-1.3020484275460167e-06,-0.0030907661030916437,-0.0006832084829498802,-1.2,1.0,2.8362144571018058,1.9393583431070376,67.35348599077578,69.34731871196509,66.34721567768786,68.35338295649855
408.0,15.104000000000001,1.4784872250446002,-2.494913700934521,0.014947053350233525,1.4210012472259935e-06,6.179002254302896e-06,3.012238239353743e-05,3.141529117017468,1.1915044356425178e-05,3.139274035559438,-1.3021786107319325e-06,-0.0030903365044223407,-0.0006816760913655217,-1.2,1.0,2.8362139336129384,1.9393581453789654,67.35350448088215,69.34733564434819,66.34725322828925,68.3534220648232
409.0,15.136000000000001,1.478487261424487,-2.4949135427449622,0.014947824457061373,1.1368714650239465e-06,4.943423712044921e-06,2.4097088370273586e-05,3.1415396683236025,9.514228731542681e-06,3.139274077372361,-1.3022827851287502e-06,-0.003089977486587575,-0.0006804514595279325,-1.2,1.0,2.8362135148241285,1.9393579871894067,67.3535192575757,69.3473492030835,66.34728328239939,68.35345333689159
410.0,15.168000000000001,1.4784872905301985,-2.494913416187623,0.01494844132199105,9.095534811431874e-07,3.9549168523445e-06,1.927702905239529e-05,3.141548109739713,7.593456658042494e-06,3.139274119141743,-1.302366141140864e-06,-0.0030896752095045522,-0.0006794730228377918,-1.2,1.0,2.836213179794732,1.9393578606320674,67.35353107134836,69.34736005673929,66.34730733192129,68.35347834653035
411.0,15.200000000000001,1.478487313816208,-2.49491331493718,0.014948934797762607,7.276877989070834e-07,3.164076348149966e-06,1.542111786114211e-05,3.1415548631690737,6.056743414480876e-06,3.1392741608828563,-1.3024328391231103e-06,-0.003089418763570247,-0.0006786915126063886,-1.2,1.0,2.8362129117724146,1.9393577593816242,67.35354052207539,69.34736874034785,66.34732657079074,68.35349835251829
412.0,15.232000000000001,1.4784873324461674,-2.494913233933146,0.014949329565604708,5.821862297805675e-07,2.5313760532164032e-06,1.233649506567025e-05,3.1415602661494813,4.827296403043769e-06,3.1392742026055545,-1.3024862057222045e-06,-0.0030891995703116364,-0.0006780674986851457,-1.2,1.0,2.836212697355433,1.9393576783775905,67.35354808458484,69.34737568607844,66.34734195915243,68.35351435765884
413.0,15.264000000000001,1.4784873473510558,-2.494913169126953,0.014949645369762376,4.657777635808098e-07,2.0251935406445637e-06,9.868879927133435e-06,3.1415645887232064,3.843677693345065e-06,3.1392742443162107,-1.3025289055982267e-06,-0.0030890108224441958,-0.0006775694304663897,-1.2,1.0,2.836212525822482,1.9393576135713972,67.35355413311218,69.34738124441559,66.34735427069329,68.35352715938988
414.0,15.296000000000001,1.4784873592757033,-2.4949131172796006,0.014949898005062395,3.7264523411462104e-07,1.6202297559164676e-06,7.894853125574562e-06,3.1415680469336342,3.056733852056378e-06,3.1392742860189538,-1.302563069434052e-06,-0.0030888472100808976,-0.0006771720542252343,-1.2,1.0,2.83621238859658,1.939357561724045,67.35355897759064,69.34738568674672,66.34736411377685,68.35353740462077
415.0,15.328000000000001,1.4784873688160105,-2.494913075799776,0.014950100106924246,2.9813460034056023e-07,1.2962445145037183e-06,6.315683182868137e-06,3.1415708136230935,2.4271397079380807e-06,3.139274327716468,-1.3025904039651435e-06,-0.0030887047930629303,-0.0006768551386390828,-1.2,1.0,2.836212278816185,1.9393575202442206,67.35356287362544,69.34738922346466,66.34737196740429,68.35354561756506
416.0,15.36,1.4784873764487263,-2.4949130426143373,0.01495026178333857,2.385223685230772e-07,1.0370449637920344e-06,5.052387947628906e-06,3.1415730270715305,1.92343321999262e-06,3.1392743694105043,-1.302612273287016e-06,-0.003088581380197102,-0.0006766024124597502,-1.2,1.0,2.8362121909920974,1.9393574870587817,67.35356606178874,69.34739199166904,66.347378178665,68.3535522487847
417.0,15.392,1.478487382555271,-2.4949130160646975,0.014950391120427437,1.9082951885351902e-07,8.296762443737996e-07,4.041784027093445e-06,3.1415747979077473,1.5204433771673932e-06,3.139274411102209,-1.302629770259294e-06,-0.003088477198418884,-0.0006764006819979345,-1.2,1.0,2.836212120732982,1.939357460509142,67.35356877085125,69.34739406901228,66.34738298889995,68.35355769073892
418.0,15.424,1.4784873874407947,-2.49491299482393,0.014950494586875708,1.5267261760376614e-07,6.637739802251013e-07,3.2333265084435984e-06,3.141576214638653,1.1980324174866642e-06,3.139274452792338,-1.3026437673582162e-06,-0.0030883967421679367,-0.0006762390081996886,-1.2,1.0,2.83621206452579,1.9393574392683746,67.35357129210854,69.34739542332426,66.34738648288885,68.35356235167313
419.0,15.456,1.478487391349423,-2.4949129778304475,0.014950577357463243,1.2214463468440673e-07,5.310463319085908e-07,2.58658086046753e-06,3.141577348072843,9.400898044665965e-07,3.1392744944813913,-1.3026549624978573e-06,-0.0030883554629959854,-0.0006761075850523115,-1.2,1.0,2.8362120195600995,1.939357422274892,67.35357425774204,69.3473956833394,66.3473883293001,68.35356690370274
420.0,15.488,1.4784873944764316,-2.49491296423494,0.014950643571892483,9.77190203754751e-08,4.2485960582983003e-07,2.0692009137482527e-06,3.1415782548598377,7.337287357309821e-07,3.1392745361696983,-1.3026638259465172e-06,-0.00308841998532114,-0.000675993742436379,-1.2,1.0,2.836211983587588,1.9393574086793846,67.35358070142159,69.34739237395739,66.34738573513143,68.35357406259563
421.0,15.52,1.4784873969778862,-2.494912953357953,0.014950696541785075,7.817045621916201e-08,3.39905853463662e-07,1.6553091434991388e-06,3.141578980319681,5.686501075090717e-07,3.139274577857489,-1.3026710395032082e-06,-0.0030889294175724526,-0.0006758619441829966,-1.2,1.0,2.836211954809691,1.9393573978023972,67.35360677654714,69.34737168675383,66.34736273952572,68.35359782931903
422.0,15.552,1.4784873989776677,-2.494912944655941,0.014950738916387634,6.249317036077779e-08,2.719378749960197e-07,1.324206329983943e-06,3.1415795607070165,4.366794179278008e-07,3.1392746195449055,-1.302676571403877e-06,-0.0030923316481563665,-0.0006754909252820589,-1.2,1.0,2.836211931787907,1.9393573891003852,67.35378340851692,69.34722100722776,66.34718857109202,68.35375097238118
423.0,15.584,1.4784874005670323,-2.4949129376945076,0.01495077281500667,4.9667644996809155e-08,2.1754478773949852e-07,1.0593318448999514e-06,3.141580024995052,3.318002069355833e-07,3.1392746612320055,-1.3026797258259076e-06,-0.00312242998977631,-0.000672814866302862,-1.2,1.0,2.8362119133744037,1.939357382138952,67.35546706409141,69.34576898642928,66.34550688629,68.35520496395213
424.0,15.616,1.4784874017374205,-2.4949129321307044,0.014950799932902001,3.657463221173881e-08,1.7386884987313762e-07,8.474342290724037e-07,3.1415803960451467,2.5463625884351796e-07,3.139274702918393,-1.3026696175244481e-06,-0.003486072231722628,-0.000648041711860116,-1.2,1.0,2.836211898681498,1.9393573765751488,67.37660912658595,69.32683680359241,66.32436640041371,68.37413872340724
425.0,15.648,1.478487401380363,-2.494912927728611,0.014950821624371509,-1.1158046708814585e-08,1.375654173907391e-07,6.778584221169518e-07,3.1415806894136264,2.7912218928663216e-07,3.139274744597958,-1.3024956664040878e-06,-0.009592845003289632,-0.002149278570034513,-1.2,1.0,2.8362118873914492,1.9393573721730555,67.64249272403379,68.89069627937948,66.05848406489457,68.81028050954887
426.0,15.68,1.4784873783526609,-2.4949129183207384,0.014950838896993897,-7.196156934230474e-07,2.9399602197166504e-07,5.397694496228617e-07,3.1415813129993793,1.8157594738135947e-06,3.139274786180479,-1.3000133216301832e-06,-0.011698984072329556,-0.03240234543600128,-1.2,1.0,2.8362118805986256,1.9393573627651828,65.60354335067643,67.91149974300345,68.09743447368922,69.7894780813622
427.0,15.712,1.478487359151354,-2.4949128487772403,0.014950852558415148,-6.000408364625892e-07,2.1732343147284873e-06,4.269194140999601e-07,3.141585946224274,3.1065958765960947e-06,3.139274827993194,-1.3070113599800605e-06,-0.013086390929747733,-0.005043399528566239,-1.2,1.0,2.8362118209176486,1.9393572932216847,70.33214654304545,72.33721296429077,63.368832136592104,65.36376571534679
428.0,15.744,1.4784873445600064,-2.494912855132136,0.014950863643448097,-4.5597961517707077e-07,-1.9859049127379772e-07,3.4640727965143707e-07,3.1415855202650618,4.078379061413655e-06,3.13927486958028,-1.2998066080662787e-06,0.02223066022472856,-0.04737258171187468,-1.2,1.0,2.83621182739873,1.9393572995765804,61.37188308812672,67.99405269675286,72.32909617493151,69.70692656630537
429.0,15.776,1.4784873341881741,-2.494912800305409,0.014950872426670833,-3.2411975880997064e-07,1.7133352236964313e-06,2.7447571049766363e-07,3.1415891737558237,4.778319631327018e-06,3.139274911382107,-1.306423161496893e-06,-0.011643894678653085,-0.003600906325191208,-1.2,1.0,2.8362117794890374,1.9393572447498533,75.69494425042217,69.96193343896061,58.00603555628731,67.73904636774887
430.0,15.808,1.4784873266613894,-2.4949128184350005,0.014950879531781916,-2.3521202346943305e-07,-5.665497376794443e-07,2.2203472133802674e-07,3.1415879639241604,5.277320788829081e-06,3.139274952970732,-1.2997082253739544e-06,0.06474605483921214,-0.025250092207192803,-1.2,1.0,2.8362117954148207,1.9393572628794449,57.65913838399112,72.38202557573896,76.04184180502605,65.31895461327821
431.0,15.84,1.4784873826503178,-2.49491283401944,0.014950884882508996,1.7496540119510392e-06,-4.87013734895569e-07,1.6721022125503594e-07,3.141586933597776,1.5423320093263328e-06,3.139274994835588,-1.3076692515537592e-06,-0.01016354899000859,-0.03178314087644308,-1.2,1.0,2.836211789074174,1.9393572784638844,76.40360626703267,61.69212198239574,57.297374363214935,76.00885864785187
432.0,15.872,1.4784873654554003,-2.4949128454303278,0.014950889496091588,-5.37341171558125e-07,-3.565902434443654e-07,1.4417445601093413e-07,3.141586170195831,2.6869190379941426e-06,3.1392750364239275,-1.2998538520659558e-06,0.0323219444998406,-0.046038016618464545,-1.2,1.0,2.8362118030963632,1.9393572898747722,60.52264500195867,75.24606593989907,73.17833576637491,62.45491482843452
433.0,15.904,1.4784874136866197,-2.49491285561652,0.014950892853604118,1.5072256082104816e-06,-3.183185104393968e-07,1.0492226656727198e-07,3.141585498545184,-5.300669938692177e-07,3.1392750782914254,-1.3076737623054908e-06,-0.007841132384069572,-0.030973916547776394,-1.2,1.0,2.8362117952198957,1.9393573000609645,73.48418298661535,66.26826891068357,60.21679810708989,71.43271218302168
434.0,15.936,1.4784873902852964,-2.494912862708598,0.014950895872840599,-7.312913538615178e-07,-2.2162743862352822e-07,9.435114001936701e-08,3.1415850220983037,1.0289381545348326e-06,3.139275119878211,-1.2999472473484581e-06,0.015811856274570286,-0.04713980886019184,-1.2,1.0,2.8362118080132404,1.9393573071530426,62.26034912728107,71.18875731580441,71.44063201175071,66.51222382322736
435.0,15.968,1.4784874335512062,-2.4949128694395712,0.014950897954793353,1.3520596794935878e-06,-2.103429097566332e-07,6.506102357166013e-08,3.141584580022755,-1.8565010163632304e-06,3.1392751617465215,-1.307676648855496e-06,-0.005981483923426391,-0.03015953183725711,-1.2,1.0,2.836211799153636,1.9393573138840157,71.60633548855498,68.54382003978887,62.09464590173895,69.15716135050505
436.0,16.0,1.4784874061774878,-2.4949128737673454,0.014950899953720682,-8.554287000972486e-07,-1.3524294184552574e-07,6.246647903801467e-08,3.1415842872448656,-3.2248544191545437e-08,3.1392752033317515,-1.300007026793133e-06,0.008715322183446846,-0.045821551018147666,-1.2,1.0,2.836211811160357,1.9393573182117898,63.66185562397081,69.65563057968063,70.03912575228998,68.04535079658015
437.0,16.032,1.4784874378153898,-2.4949128697975347,0.014950901528293132,9.8868443987321e-07,1.2405658444958323e-07,4.920538905798725e-08,3.1415845567554346,-2.1408381684539286e-06,3.139275245122996,-1.3054339937773245e-06,0.0017679234456566902,-0.024437425490857947,-1.2,1.0,2.836211796841931,1.939357314241979,70.44559067770106,70.14050382214751,63.25539079967919,67.56047765523275
438.0,16.064,1.4784874483806378,-2.4949129130254675,0.0149509017543456,3.3016400030616534e-07,-1.3508728996525208e-06,7.06413963783014e-09,3.1415816764890083,-2.8518671474564336e-06,3.1392752869766314,-1.3077141925221924e-06,-0.055735683345654374,-0.01237341968140134,-1.2,1.0,2.836211831356718,1.939357357469912,70.29879008564863,65.64261755851557,63.40219180862307,72.05836433575614
439.0,16.096,1.4784873948172537,-2.4949129465682787,0.014950901367273525,-1.6738557553908058e-06,-1.0482128498523471e-06,-1.2096002368136561e-08,3.1415794319918247,7.138394720120653e-07,3.139275328188673,-1.2892245116214384e-06,0.030780947749601127,-0.04637412487880458,-1.2,1.0,2.8362118784008095,1.939357391012723,56.815937113703065,74.96169221554283,76.88504497991147,62.73928987807171
440.0,16.128,1.4784874139524964,-2.4949129744604246,0.014950901624612128,5.979763351149353e-07,-8.716295601951522e-07,8.041831360983819e-09,3.141577575426132,-5.661644914893518e-07,3.1392753700444023,-1.3074255438733748e-06,-0.04108583849794756,-0.02669318287365785,-1.2,1.0,2.8362118966299197,1.939357418904869,78.77716639549352,63.412154951319046,54.92381549159594,74.28882693577042
441.0,16.16,1.4784873672734722,-2.4949129957175917,0.014950901263261918,-1.4587195062976109e-06,-6.642864730510561e-07,-1.1292194067834261e-08,3.141576151016692,2.542493752995087e-06,3.1392754112515577,-1.2892575712459265e-06,0.023168449500259654,-0.047334704976042426,-1.2,1.0,2.836211930621047,1.9393574401620362,57.70471684022955,74.80050123963979,75.99626524742713,62.9004808480169
442.0,16.192,1.4784873919164845,-2.494913013780837,0.014950901541369957,7.700941342947403e-07,-5.644764100587446e-07,8.690876197956629e-09,3.1415749505465778,8.968323500987682e-07,3.1392754531114,-1.3072405249026627e-06,-0.025501429638300505,-0.03267803950995184,-1.2,1.0,2.836211938407287,1.9393574582252813,75.3891824375215,64.94208067058128,58.31179944474238,72.7589012116826
443.0,16.224,1.478487349643899,-2.494913027174592,0.014950901196559308,-1.3210182947531722e-06,-4.185548435620131e-07,-1.0775332774486103e-08,3.1415740510333987,3.7129497820872842e-06,3.1392754943171988,-1.2892787289884235e-06,0.016489463255393636,-0.04720537957740003,-1.2,1.0,2.8362119640438164,1.9393574716190363,60.80116515220962,72.86822430738619,72.89981693161252,64.83275777643595
444.0,16.256,1.4784873778122363,-2.4949130389468626,0.014950901488009078,8.802605380719967e-07,-3.6788345980642813e-07,9.1078053302343e-09,3.1415732704962847,1.8332441686946308e-06,3.1392755361808073,-1.3071221032882518e-06,-0.01509589784502736,-0.03285021810889278,-1.2,1.0,2.8362119651460684,1.939357483391307,72.90209201166817,66.79887366481466,60.798889867493585,70.9021082143471
445.0,16.288,1.4784873383600536,-2.4949130473076533,0.014950901153815175,-1.2328807072470294e-06,-2.612747102004318e-07,-1.0443559482920657e-08,3.141572706942181,4.4621167171866865e-06,3.1392755773864636,-1.28929226991271e-06,0.011331212762353313,-0.046445805865411034,-1.2,1.0,2.8362119854352175,1.9393574917520977,62.685386450985995,71.11608766494669,71.0155956303733,66.5848944164126
446.0,16.32,1.4784873687848243,-2.4949130550533942,0.014950901453823672,9.507740844627568e-07,-2.4205440429803083e-07,9.37526553786149e-09,3.1415721951825617,2.4326077993490985e-06,3.1392756192529463,-1.307046306765493e-06,-0.009333690036025294,-0.03151910204556261,-1.2,1.0,2.836211982259367,1.9393574994978386,71.43556963218512,68.23736562274956,62.26541224498573,69.46361625442128
447.0,16.352,1.47848733113788,-2.4949130601928444,0.014950901126437204,-1.1764670140856904e-06,-1.6060781871107808e-07,-1.0230827144665214e-08,3.141571846658568,4.941631611404328e-06,3.1392756604588086,-1.2893009368875877e-06,0.0076807503553908375,-0.04552670527537047,-1.2,1.0,2.8362119991259167,1.9393575046372888,63.76363140445466,69.93664359165902,69.93735067532492,67.76433848812056
448.0,16.384,1.4784873563410381,-2.4949130586645722,0.014950901741909828,7.875986945959916e-07,4.775850548366374e-08,1.9233519507957914e-08,3.1415719523563133,3.261665566442091e-06,3.139275702248883,-1.3048502565995098e-06,0.00028565154686140815,-0.025937084461647452,-1.2,1.0,2.836211989379041,1.9393575031090167,70.40877197427871,69.81807561149465,63.29220979854789,67.88290616133195
449.0,16.416,1.4784873420275946,-2.4949130840232003,0.01495090082737061,-4.472951106726515e-07,-7.924571276962659e-07,-2.857935052892957e-08,3.1415702594865063,4.211999587092334e-06,3.139275743595129,-1.292710118963677e-06,0.05889552962606657,-0.03152099967913064,-1.2,1.0,2.8362120166543145,1.9393575284676448,61.997308734745,72.17539722324582,71.70367353450109,65.52558504600026
450.0,16.448,1.4784873925740625,-2.494913105377865,0.014950899879591164,1.5795771218796147e-06,-6.673332719753227e-07,-2.9618107716834042e-08,3.141568843566595,8.389462926000028e-07,3.139275785794467,-1.3162941675115417e-06,-0.015257064897896635,-0.032871172112520754,-1.2,1.0,2.83621201934538,1.9393575498223095,74.99463614485397,62.10300822450869,58.70634615373526,75.59797407408054
451.0,16.48,1.478487371025008,-2.494913121404913,0.014950899336738849,-6.734079543990739e-07,-5.008452541588322e-07,-1.6964134849466167e-08,3.141567771678975,2.2730936571596116e-06,3.1392758271357284,-1.2930055363265112e-06,0.03546068143004015,-0.04520196744445789,-1.2,1.0,2.836212040633829,1.9393575658493576,59.89164294588713,75.58287622809686,73.80933923701943,62.11810595480969
452.0,16.512,1.4784874157727412,-2.494913135283886,0.014950898686978792,1.3983666655170688e-06,-4.3371789493207265e-07,-2.030500176634571e-08,3.141566853230951,-7.122314909320446e-07,3.139275869335334,-1.3163735538305074e-06,-0.011282024772399462,-0.03209889806066757,-1.2,1.0,2.836212038529359,1.9393575797283302,74.1014275331161,65.24710534874959,59.59955469619436,72.45387688056087
453.0,16.544,1.4784873895845398,-2.494913145330112,0.014950898382683363,-8.18381293288261e-07,-3.139445647892811e-07,-9.509232160379014e-09,3.141566179339065,1.032109009053367e-06,3.1392759106719756,-1.2931948245582509e-06,0.01974532095385992,-0.047384707031637247,-1.2,1.0,2.8362120559811443,1.9393575897745563,61.6155939332244,72.12196557231135,72.08538819421423,65.57901655512728
454.0,16.576,1.4784874306208267,-2.4949131544242085,0.014950897923681889,1.2823839629083611e-06,-2.8419051834038784e-07,-1.4343796061935102e-08,3.1415655793018105,-1.705053003133903e-06,3.139275952870841,-1.3164243643063058e-06,-0.008196456676310382,-0.031112120270298187,-1.2,1.0,2.8362120508072244,1.9393575988686529,72.27335486070315,67.71289811042958,61.427627324261195,69.98808407453477
455.0,16.608,1.4784874014633687,-2.494913160642366,0.01495089777207791,-9.111705626119174e-07,-1.94317423263257e-07,-4.737624355322097e-09,3.141565160150052,2.3782464433224905e-07,3.139275994203943,-1.2933159772633769e-06,0.011396424341587722,-0.046459377593776136,-1.2,1.0,2.836212065803305,1.9393576050868104,63.10293273074926,70.31833658536219,70.59804936118543,67.3826455065725
456.0,16.64,1.478487425091519,-2.4949131515713963,0.014950898434224607,7.383796976623274e-07,2.834678047847203e-07,2.0692084276487784e-08,3.1415657684249036,-1.3359918570324856e-06,3.1392760361473755,-1.3093950473813923e-06,0.005614245240580861,-0.01825308223778377,-1.2,1.0,2.8362120499169166,1.9393575960158407,70.96794000263918,70.33894571573833,62.73304182175548,67.36203610865633
457.0,16.672,1.4784874140658018,-2.4949131754644815,0.014950897362078785,-3.4455366337837713e-07,-7.466589152516072e-07,-3.350455693050186e-08,3.1415641737396474,-6.046311870255782e-07,3.1392760776941335,-1.2989688731319796e-06,0.0629263886922454,-0.027381898165786796,-1.2,1.0,2.8362120748895294,1.939357619908926,61.53151116400171,71.4091833138747,72.1694712238023,66.2917990739293
458.0,16.704,1.4784874672441437,-2.4949131956482624,0.014950895648031912,1.661823186005494e-06,-6.307431521523904e-07,-5.356396478705528e-08,3.1415628362595416,-4.152979470238032e-06,3.1392761202598045,-1.3269450473049037e-06,-0.013739341994854229,-0.03263763957449923,-1.2,1.0,2.8362120759616256,1.9393576400927068,75.02768563714974,61.985935916030655,58.67329698552928,75.71504670664837
459.0,16.736,1.4784874478006274,-2.4949132107385252,0.014950895131964865,-6.076098860163798e-07,-4.715707130342746e-07,-1.6127095210476103e-08,3.1415618271258547,-2.8590751540463985e-06,3.13927616179796,-1.2992934166979114e-06,0.036662961970395,-0.04482747095198741,-1.2,1.0,2.8362120957326047,1.9393576551829697,59.986030190921305,75.88542082581293,73.71495206771033,61.815561432818704
460.0,16.768,1.4784874942327824,-2.4949132238679645,0.01495089386383302,1.4510048440552468e-06,-4.102949785478312e-07,-3.962912013518238e-08,3.1415609588820415,-5.956598533802655e-06,3.1392762043606184,-1.3270571103792503e-06,-0.010318119042534348,-0.03182965359705919,-1.2,1.0,2.836212092636282,1.939357668312409,74.0873699549504,65.23580342044629,59.613612564064155,72.46517909856827
461.0,16.8,1.478487469392125,-2.494913233314494,0.014950893704657634,-7.762705409031227e-07,-2.9520404176697186e-07,-4.974230825415672e-09,3.1415603251550546,-4.302021509644202e-06,3.139276245891697,-1.2995013868450936e-06,0.019584125015228417,-0.04738111748497067,-1.2,1.0,2.8362121090723034,1.9393576777589383,61.66537877324542,72.05319605662369,72.03560340240371,65.64778611902544
462.0,16.832,1.4784875115064118,-2.4949132419287365,0.014950892721935345,1.316071460144562e-06,-2.6919508289147105e-07,-3.0710071530042045e-08,3.14155975725023,-7.110996334665232e-06,3.1392762884514274,-1.3271288351999314e-06,-0.007615065747275123,-0.03088333509592518,-1.2,1.0,2.8362121033079166,1.939357686373181,72.19650720838511,67.84049584492213,61.5044752442769,69.86048660773987
463.0,16.864,1.47848748321134,-2.494913247762947,0.0149508927911834,-8.842209950343786e-07,-1.8231907650267926e-07,2.164001725209195e-09,3.1415593638055626,-5.225572465132798e-06,3.1392763299773367,-1.2996344972143323e-06,0.011050537735196422,-0.04638700436582393,-1.2,1.0,2.83621211760935,1.9393576922073914,63.178241236387706,70.20380679292275,70.52274088614861,67.49717532961357
464.0,16.896,1.478487486752905,-2.494913217511797,0.01495089465607703,1.1067390753849428e-07,9.453484384192015e-07,5.8277925942071903e-08,3.1415613809687213,-5.45703219665955e-06,3.1392763718481365,-1.3082290032793594e-06,-0.005433556384063631,-0.0007304071180126972,-1.2,1.0,2.8362120892001195,1.9393576619562414,72.57561172751124,70.66888863347756,61.12536979658799,67.03209289062167
465.0,16.928,1.4784874741832654,-2.4949132390533304,0.014950893641332789,-3.9280123598217605e-07,-6.731729201847607e-07,-3.171075755497088e-08,3.1415599427926697,-4.622400847037308e-06,3.1392764135620417,-1.3043939504673735e-06,0.05815949360451441,-0.032201274797303094,-1.2,1.0,2.8362121125858564,1.9393576834977748,58.58026514181731,70.19505470432514,75.12071730246359,67.50592773995575
466.0,16.96,1.4784874792478553,-2.4949132102594933,0.014950895350927671,1.582684330814209e-07,8.998074091381972e-07,5.342484007270216e-08,3.1415618630430586,-4.9556144344208975e-06,3.139276455431569,-1.3080921154740912e-06,-0.0041960128365082176,-0.0006369761032910859,-1.2,1.0,2.8362120850176633,1.9393576547039377,77.6566680983034,65.59498874775231,56.04431346042968,72.10599281098077
467.0,16.992,1.4784874212949817,-2.4949131861488296,0.014950896219617272,-1.8110273003468774e-06,7.534582402435313e-07,2.7146550036095234e-08,3.1415634613452403,-1.0883787265789948e-06,3.139276496609245,-1.2904268659817382e-06,-0.011850430496314839,-0.032194599989502345,-1.2,1.0,2.836212082336124,1.939357630593274,61.51975343204915,68.6223474516551,72.181228372093,69.07863435248704
468.0,17.024,1.4784873854939549,-2.494913116252676,0.014950898539308135,-1.11878208780558e-06,2.184254804804551e-06,7.249033946894738e-08,3.141568115445498,1.3091337764717086e-06,3.139276538176011,-1.3009742350235163e-06,-0.01585513410832545,-0.009682051756026636,-1.2,1.0,2.836212031677449,1.9393575606971203,70.02527239618266,72.23760761992361,63.6757089081278,65.46337368438685
469.0,17.056,1.4784873576265793,-2.494913122329318,0.014950898522129483,-8.708554849468079e-07,-1.8989507188926764e-07,-5.36832893676536e-10,3.1415677059180123,3.1660196099773555e-06,3.139276579450541,-1.2912648419077348e-06,0.011631182370808154,-0.04650691081622573,-1.2,1.0,2.836212046083196,1.9393575667737626,62.28702033913219,68.15857837105035,71.41396169579353,69.54240366387536
470.0,17.088,1.4784873345618121,-2.494913065198497,0.014950900380756122,-7.20773975226851e-07,1.7853381550914079e-06,5.808208249210781e-08,3.1415715109864677,4.7125000983174225e-06,3.1392766210390017,-1.3007531045438625e-06,-0.014798052008836222,-0.007466969497180729,-1.2,1.0,2.8362120026757234,1.9393575096429416,74.31812844823963,70.27999733939282,59.38285296332445,67.42098407217125
471.0,17.12,1.4784873168796737,-2.4949130814837215,0.01495089999521203,-5.525668256289857e-07,-5.08913258756571e-07,-1.204825291183791e-08,3.1415704224755916,5.88880966639695e-06,3.139276662321449,-1.2908736726010234e-06,0.041589360771020524,-0.04296743649576201,-1.2,1.0,2.8362120228802477,1.939357525928166,58.61040297134289,70.36703414895317,75.09057914923537,67.3339479716251
472.0,17.152,1.4784873590115746,-2.4949130898331977,0.0149509001199846,1.3166219017812773e-06,-2.609211319226643e-07,3.899142835862842e-09,3.1415698722653747,3.078743175248297e-06,3.1392767042964773,-1.3097432689514314e-06,-0.007399538533730801,-0.030794799795220047,-1.2,1.0,2.836212016492583,1.9393575342776421,75.59599847670339,65.91296633898031,58.10498348190552,71.7880156196286
473.0,17.184,1.4784873307286037,-2.494913095453649,0.014950899930509276,-8.838428391944035e-07,-1.7563910048590243e-07,-5.921103884976015e-09,3.1415694931141265,4.963433115750415e-06,3.1392767455373556,-1.2901303437751387e-06,0.010685691556140858,-0.04630753333451752,-1.2,1.0,2.836212030691908,1.9393575398980933,62.361828320342894,71.44157695612408,71.33915374025794,66.25940510447676
474.0,17.216,1.4784873700890857,-2.4949131010069707,0.014950900068249943,1.230015062025912e-06,-1.7354130632529758e-07,4.3043958696843646e-09,3.1415691288798477,2.3385534882791683e-06,3.139276787511951,-1.3097913707110026e-06,-0.005509799116958814,-0.029926846575082967,-1.2,1.0,2.8362120227405248,1.9393575454514151,70.91703506091213,69.10328796847125,62.783946894678905,68.59769398711978
475.0,17.248,1.4784873395909865,-2.4949131043924946,0.014950899889140994,-9.53065598663371e-07,-1.0579762066420519e-07,-5.597154684178202e-09,3.1415688983784307,4.371260315012941e-06,3.1392768287507966,-1.2902155982267242e-06,0.006471003299570903,-0.045146136418009054,-1.2,1.0,2.836212035689981,1.939357548836939,64.16190866335074,69.26290183861613,69.539073394838,68.43808021957261
476.0,17.28,1.4784873410761101,-2.494913071886982,0.014950901398387336,4.6410111864680874e-08,1.01579726574652e-06,4.7163948202651145e-08,3.1415710655522733,4.277280621220359e-06,3.1392768703736826,-1.3006486006079365e-06,-0.006954516749851489,-0.0010446738194382025,-1.2,1.0,2.8362120060893483,1.9393575163314265,71.9588381061516,71.08658513564063,61.74214339424119,66.61439636475217
477.0,17.312,1.478487343044245,-2.494913107883051,0.014950899946568976,6.150421144601731e-08,-1.1248771497607269e-06,-4.5369323749266904e-08,3.141568666022116,4.1405323123247845e-06,3.1392769118754824,-1.2968338598920931e-06,-0.06120004622235194,-0.0021410569128346682,-1.2,1.0,2.8362120376185547,1.9393575523274953,67.95377381538609,64.31929117461232,65.74720863937577,73.38169128014954
478.0,17.344,1.4784873339201727,-2.494913084571386,0.014950901065895644,-2.851272551396275e-07,7.284895325865286e-07,3.497895836911468e-08,3.141570218641711,4.7524212287906756e-06,3.1392769533982228,-1.2980294687767634e-06,-0.01465532243710551,-0.007220621534550575,-1.2,1.0,2.83621201968787,1.9393575290158303,61.56321234387552,74.68571497720923,72.13776928501694,63.015266651683234
479.0,17.376,1.4784873886271916,-2.494913066959595,0.014950901632109466,1.7095943410927446e-06,5.503684591401376e-07,1.7694181948628413e-08,3.1415714011141067,1.1080182895281415e-06,3.1392769954136304,-1.3104937598165174e-06,0.004980425343015177,-0.019708941091984525,-1.2,1.0,2.836211986223925,1.9393575114040396,67.94323853064077,67.87793540532812,65.75774325977525,69.8230463850879
480.0,17.408,1.4784873707428718,-2.494913051477973,0.014950902430073408,-5.58884993839825e-07,4.838006939511526e-07,2.4936373170351943e-08,3.141572430374516,2.3027172071022846e-06,3.139277036932044,-1.298224664529484e-06,-0.01668918952099538,-0.02142989710696251,-1.2,1.0,2.8362119781389477,1.9393574959224174,70.20401985944511,67.52696570324241,63.49696184258971,70.17401599879241
481.0,17.44,1.4784872944021725,-2.494913038033846,0.014950901053580563,-2.3856468536753695e-06,4.2012897327747785e-07,-4.3015401407931574e-08,3.141573314782337,7.394184032923774e-06,3.1392770779694734,-1.2855669830608284e-06,-0.005383926282121804,-0.038858419568214654,-1.2,1.0,2.836211991594538,1.9393574824782902,64.71092275752667,70.23826614652091,68.99005965155573,67.46271626256149
482.0,17.472,1.4784872953151562,-2.4949130283347736,0.014950901966368751,2.8530740270316075e-08,3.0309600662636855e-07,2.8524630899494337e-08,3.141573961449744,7.334825608696317e-06,3.139277119502456,-1.2978704264760914e-06,-0.005921595725519347,-0.0008063794488171288,-1.2,1.0,2.836211982448956,1.939357472779218,70.88884031956322,71.70581394346986,62.8121413558631,65.99516773195644
483.0,17.504,1.4784872968387028,-2.494913082589946,0.014950899668402996,4.761083194360079e-08,-1.6954741360875033e-06,-7.181142984945259e-08,3.1415703445932963,7.224910295203442e-06,3.1392771608199768,-1.2911021199676536e-06,-0.06182973785188138,-0.0005332265237383376,-1.2,1.0,2.8362120304783627,1.9393575270343903,69.05920437305004,63.95561643885272,64.64177835169617,73.7453662858935
484.0,17.536,1.4784872616927731,-2.4949130994336866,0.01495089849967087,-1.098310303815352e-06,-5.263668945154616e-07,-3.65228789594475e-08,3.1415692161772863,9.565404809641151e-06,3.1392772017523884,-1.2808108222068551e-06,0.024281036800357432,-0.04726729257637405,-1.2,1.0,2.836212057120358,1.939357543878131,56.79064919764009,74.73592525091685,76.91033319759528,62.96505714431852
485.0,17.568,1.478487295572049,-2.494913113956595,0.014950898592762479,1.0587273696627256e-06,-4.538408954202207e-07,2.909112783566062e-09,3.141568253124573,7.3045712984601525e-06,3.139277243512811,-1.30332330352238e-06,-0.015474679873930494,-0.03289896599404245,-1.2,1.0,2.8362120588555992,1.9393575584010396,77.14392062365391,65.70358459749124,56.55706137539974,71.99739740156241
486.0,17.6,1.4784872606888513,-2.494913124518052,0.014950897639977031,-1.0900999269924927e-06,-3.3004551869275613e-07,-2.9774545242527957e-08,3.1415675435501798,9.628528945147834e-06,3.1392772844449213,-1.2809262599689165e-06,0.01579751647153037,-0.04713820678145303,-1.2,1.0,2.836212079810932,1.9393575689624962,61.94117363119864,71.78811153650423,71.75980871374725,65.91287080844165
487.0,17.632,1.4784872947689893,-2.494913134024236,0.014950897905007,1.0650043139048817e-06,-2.970682588809834e-07,8.282186514298872e-09,3.141566914968762,7.355079432432111e-06,3.139277326208603,-1.3033087834601317e-06,-0.010183524311721136,-0.03178953182446447,-1.2,1.0,2.836212077008164,1.9393575784686805,72.062002140781,67.72027180235594,61.63897981829698,69.98071015672204
488.0,17.664,1.478487260046507,-2.4949131405721587,0.014950897089772952,-1.0850775694626325e-06,-2.0462258276676674e-07,-2.5476063966745043e-08,3.141566472982048,9.668942572788282e-06,3.1392773671405436,-1.2810002354260868e-06,0.010191545246767558,-0.04619464854991248,-1.2,1.0,2.8362120943329447,1.9393575850166032,63.24769459740851,70.36758320244387,70.4532877155567,67.33339911052134
489.0,17.696,1.4784872942552376,-2.4949131468673804,0.014950897464847632,1.0690228285925576e-06,-1.9672567741491046e-07,1.1721083739008033e-08,3.141566058479468,7.387416127322925e-06,3.1392774089063322,-1.303299490626037e-06,-0.006923569975566367,-0.030592102144844417,-1.2,1.0,2.8362120886256084,1.9393575913118248,70.99115528668243,68.83528461636418,62.70982664680976,68.86569731712801
490.0,17.728,1.478487259635648,-2.494913150846434,0.014950896737648484,-1.0818621762331826e-06,-1.2434542284722728e-07,-2.27249733787682e-08,3.141565787762779,9.694816486698317e-06,3.139277449838177,-1.2810475834083296e-06,0.006656310356906696,-0.04520698746229909,-1.2,1.0,2.8362121036266417,1.9393575952908784,64.087540959305,69.47983867443212,69.61344133319177,68.22114361806466
491.0,17.76,1.4784872696298232,-2.494913130676819,0.014950898135145548,3.1231797703590276e-07,6.30300464599109e-07,4.367178325784603e-08,3.141567133843849,9.031680621342435e-06,3.139277491361855,-1.2970721525178571e-06,0.0015404017633176862,-0.0022578552629260156,-1.2,1.0,2.8362120821515906,1.9393575751212635,71.41280048881448,71.4466166651324,62.288181111764786,66.25436493544687
492.0,17.792,1.4784872784098082,-2.4949131765462904,0.014950895766430956,2.7437453004042185e-07,-1.4334209791355677e-06,-7.402233101645721e-08,3.1415640771252176,8.43930708553917e-06,3.13927753268274,-1.2907769473426919e-06,-0.057402432978434226,-0.009754869658991331,-1.2,1.0,2.8362121204712847,1.9393576209907348,68.33701265330657,63.34355553189675,65.36397017158811,74.35742729299793
493.0,17.824,1.4784872770787822,-2.4949131588010602,0.014950896941066483,-4.159456112873268e-08,5.545384429428419e-07,3.670736024169449e-08,3.141565259836555,8.530817729846659e-06,3.1392775740951713,-1.2942184999836582e-06,-0.009470199607852546,-0.002080956565672949,-1.2,1.0,2.8362121048859463,1.9393576032455047,62.25637178623065,76.02249754944722,71.44460990787442,61.67848414465785
494.0,17.856,1.4784873380213353,-2.494913145641661,0.014950897756431755,1.9044547813762397e-06,4.112312296244976e-07,2.5480164744622035e-08,3.141566146424709,4.47004119785174e-06,3.139277616186042,-1.3119197217124665e-06,0.0034842369407377836,-0.0222659510378234,-1.2,1.0,2.8362120732260894,1.9393575900861053,67.38602836639545,66.34184073743218,66.31495342367425,71.35914105263753
495.0,17.888,1.4784873551220061,-2.494913103864295,0.014950899765650363,5.343959649795056e-07,1.3055426878461052e-06,6.278808148321014e-08,3.1415689341176427,3.3364773150136403e-06,3.1392776579099366,-1.3029821023370424e-06,0.00021341964358133998,-0.0015391638422074649,-1.2,1.0,2.8362120302220544,1.9393575483087393,70.31595336648644,70.63953317103142,63.38502801031976,67.06144820577478
496.0,17.92,1.4784873695621015,-2.494913132444092,0.014950898762019514,4.5125297942760725e-07,-8.931186623595259e-07,-3.1363464017726524e-08,3.141567030920052,2.369410860714499e-06,3.1392776996510956,-1.3036656248389856e-06,-0.046937338424763934,-0.02234320224938686,-1.2,1.0,2.836212051019514,1.9393575768885365,68.04492874330303,64.33991729027129,65.65605359509122,73.36106504812297
497.0,17.952,1.4784873593282644,-2.4949131142356866,0.014950899839574506,-3.198074097210399e-07,5.690126703150606e-07,3.3673593481751246e-08,3.1415682431426912,3.0544917468021e-06,3.139277741173109,-1.2980984943855954e-06,-0.01622405871334181,-0.010712533136621044,-1.2,1.0,2.8362120379530635,1.939357558680131,64.78951253139098,75.22468757872187,68.91146913508157,62.47629408775069
498.0,17.984,1.4784874131433456,-2.4949131007106073,0.0149509002175805,1.6817212900033226e-06,4.2265872746138873e-07,1.181268733004003e-08,3.141569153020281,-5.310871117134708e-07,3.1392777832839496,-1.3132795752831404e-06,0.00404465151280524,-0.021407825241717013,-1.2,1.0,2.8362120084392166,1.9393575451550518,66.41417276105976,67.97269577876018,67.28680911646178,69.72828609876136
499.0,18.016000000000002,1.4784874462236237,-2.494913037058986,0.014950901796826193,1.0337586897612985e-06,1.9891131658456e-06,4.935142789222464e-08,3.14157340147605,-2.726605828750742e-06,3.139277825023168,-1.30288393970724e-06,0.0018789073706117747,-0.002486332812192804,-1.2,1.0,2.836211941150597,1.9393574815034305,70.03912719546457,69.79084982693155,63.66185427508461,67.91013164361763
500.0,18.048000000000002,1.4784874522350053,-2.494913026811686,0.014950902693834738,1.8785567545975807e-07,3.202281217973277e-07,2.8031517048960454e-08,3.141574085465542,-3.1257850516412703e-06,3.1392778668070274,-1.305509715805197e-06,0.002741404367782723,-0.003156184983252077,-1.2,1.0,2.836211929871721,1.9393574712561306,66.22681386876324,68.55224479319192,67.47416779704493,69.14873687261625
