step,time,x,y,z,vx,vy,vz,roll,pitch,yaw,yaw_rate,desired_vx_body,desired_vy_body,desired_yaw_rate,desired_altitude,goal_distance,signed_clearance,motor_m1,motor_m2,motor_m3,motor_m4
0.0,2.048,-3.407768004094849e-17,6.15744594745477e-17,0.014978573059321116,0.0,0.0,0.0,0.0,0.0,0.0,1.5875298966697038e-17,0.0,0.0,0.0,0.508,3.336375854226358,1.2875221070454967,130.0436956571983,130.0436956571983,130.0436956571983,130.0436956571983
1.0,2.08,-3.379832158607547e-17,6.236098668483801e-17,0.014978939398709245,8.729951714781933e-18,2.457897532157249e-17,1.1448105879019358e-05,0.0,0.0,0.0,2.2803868351165206e-17,0.0,0.0,0.0,0.508,3.336375764955328,1.2875219692037423,53.087920163490224,53.087920163490224,53.087920163490224,53.087920163490224
2.0,2.112,-3.2631924980865074e-17,6.265210502218856e-17,0.014979238459040279,3.644989391282478e-17,9.097448042204445e-18,9.34563534481409e-06,0.0,0.0,0.0,-1.9103380250146558e-16,0.0,0.0,0.0,0.508,3.3363756920791525,1.2875218566769868,53.166811007086146,53.166811007086146,53.166811007086146,53.166811007086146
3.0,2.144,-3.308749447781148e-17,6.275044206814901e-17,0.014979486056966727,-1.4236546779575105e-17,3.073032686264111e-18,7.73743520150098e-06,0.0,0.0,0.0,-2.178835229699031e-17,0.0,0.0,0.0,0.508,3.3363756317435533,1.2875217635139076,53.24569985433847,53.24569985433848,53.24569985433848,53.24569985433847
4.0,2.176,-3.3930874197342725e-17,6.243476840525494e-17,0.014979694845501301,-2.635561623535146e-17,-9.864801965439547e-18,6.524641705445225e-06,0.0,0.0,0.0,-3.9039388594619024e-17,0.0,0.0,0.0,0.508,3.3363755808651874,1.287521684953569,53.32458707924533,53.32458707924533,53.32458707924533,53.32458707924533
5.0,2.208,-3.404316603303563e-17,6.378398924950665e-17,0.014979874946806991,-3.5091198654033524e-18,4.216315138286567e-17,5.6281658028186616e-06,0.0,0.0,0.0,-6.920256210789775e-17,0.0,0.0,0.0,0.508,3.3363755369774415,1.2875216171873194,53.4034729806203,53.4034729806203,53.403472980620315,53.403472980620315
6.0,2.24,-3.4162350754232844e-17,6.317044996128663e-17,0.014980034458416443,-3.724522537412865e-18,-1.9173102756875462e-17,4.9847377953842225e-06,0.0,0.0,0.0,-1.8526896439782034e-17,0.0,0.0,0.0,0.508,3.336375498107076,1.2875215571683145,53.4823577971309,53.4823577971309,53.48235779713089,53.48235779713089
7.0,2.2720000000000002,-3.2849822583142064e-17,6.37592816625772e-17,0.014980179858197589,4.101650534658684e-17,1.8400990665330438e-17,4.543743160802939e-06,0.0,0.0,0.0,-2.739356384504366e-17,0.0,0.0,0.0,0.508,3.336375462675538,1.2875215024591407,53.56124171932894,53.56124171932894,53.561241719328955,53.561241719328955
8.0,2.3040000000000003,-3.318768523763688e-17,6.35301825685194e-17,0.01498031632831822,-1.0558207952962949e-17,-7.159346689306521e-18,4.264691269724969e-06,0.0,0.0,0.0,2.1718307475756527e-16,0.0,0.0,0.0,0.508,3.336375429420017,1.2875214511099147,53.64012489927467,53.64012489927468,53.64012489927468,53.64012489927467
9.0,2.336,-3.4488747472390606e-17,6.364727188667271e-17,0.014980448014411337,-4.0658194836054504e-17,3.6590411922910305e-18,4.115190409899554e-06,0.0,0.0,0.0,-8.859179835544327e-17,0.0,0.0,0.0,0.508,3.33637539733029,1.28752140156077,53.71900745823572,53.71900745823572,53.71900745823572,53.71900745823572
10.0,2.368,-3.413730553394524e-17,6.223779127460528e-17,0.014980578232902353,1.0982560576417677e-17,-4.4046269127107106e-17,4.06932784425542e-06,0.0,0.0,0.0,-2.9752629237003826e-17,0.0,0.0,0.0,0.508,3.336375365598198,1.2875213525638443,53.7978894928464,53.79788949284639,53.79788949284637,53.79788949284639
11.0,2.4,-3.4337706014936214e-17,6.266522192942609e-17,0.014980709636866808,-6.26251503096794e-18,1.3357207963150348e-17,4.106373889198059e-06,0.0,0.0,0.0,-2.1077227250935498e-16,0.0,0.0,0.0,0.508,3.33637533357723,1.2875213031208723,53.876771080034594,53.87677108003461,53.87677108003462,53.87677108003461
12.0,2.432,-3.4662630253730565e-17,6.41808540923121e-17,0.014980844348713305,-1.0153882462323454e-17,4.7363505090187674e-17,4.2097452030397075e-06,0.0,0.0,0.0,1.9917689181241536e-17,0.0,0.0,0.0,0.508,3.3363753007501917,1.2875212524332624,53.95565228096378,53.95565228096378,53.95565228096378,53.95565228096378
13.0,2.464,-3.4447214116419044e-17,6.336330863375511e-17,0.014980984066327266,6.73175429098504e-18,-2.5548295579905758e-17,4.366175436281389e-06,0.0,0.0,0.0,-1.7704559754890796e-17,0.0,0.0,0.0,0.508,3.3363752667033366,1.2875211998621576,54.03453314418588,54.03453314418588,54.034533144185865,54.034533144185865
14.0,2.496,-3.3506732401079755e-17,6.32383827874229e-17,0.01498113014798386,2.939005360435273e-17,-3.903932697881591e-18,4.5650517685675045e-06,0.0,0.0,0.0,-6.35335578360501e-17,0.0,0.0,0.0,0.508,3.336375231105676,1.2875211448964847,54.113413708163954,54.113413708163954,54.11341370816397,54.11341370816397
15.0,2.528,-3.399107422816695e-17,6.418683162088674e-17,0.014981283680276682,-1.51356820964748e-17,2.963902604574503e-17,4.797884150685348e-06,0.0,0.0,0.0,-1.3292079523495039e-17,0.0,0.0,0.0,0.508,3.336375193692426,1.2875210871273963,54.19229400329027,54.192294003290286,54.192294003290286,54.19229400329027
16.0,2.56,-3.3568444567430975e-17,6.284374778989688e-17,0.014981445532459387,1.3207176897999188e-17,-4.197136971843307e-17,5.057880709527156e-06,0.0,0.0,0.0,3.64928602524066e-17,0.0,0.0,0.0,0.508,3.3363751542517655,1.2875210262278234,54.271174053500474,54.27117405350046,54.271174053500445,54.27117405350046
17.0,2.592,-3.3495082306517596e-17,6.363478321035856e-17,0.014981616399917918,2.292570653543103e-18,2.47198568894273e-17,5.339608079096224e-06,0.0,0.0,0.0,3.519111724154942e-17,0.0,0.0,0.0,0.508,3.3363751126142414,1.287520961936117,54.35005387756504,54.35005387756504,54.35005387756505,54.35005387756505
18.0,2.624,-3.457815329249392e-17,6.315524940535758e-17,0.014981796838947438,-3.384596831176001e-17,-1.4985431406280606e-17,5.638719672500058e-06,0.0,0.0,0.0,-9.0962935613387e-17,0.0,0.0,0.0,0.508,3.336375068644296,1.2875208940429643,54.42893349012255,54.42893349012255,54.42893349012254,54.42893349012254
19.0,2.656,-3.398392708272214e-17,6.303230926370387e-17,0.014981987294573219,1.856956905536802e-17,-3.8418794266784275e-18,5.9517383056489505e-06,0.0,0.0,0.0,6.419184913925468e-17,0.0,0.0,0.0,0.508,3.3363750222334843,1.2875208223809202,54.507812902506004,54.50781290250599,54.50781290250599,54.507812902506004
20.0,2.688,-3.2991719513221483e-17,6.342061323846947e-17,0.014982188122806777,3.1006486546895495e-17,1.213449921142511e-17,6.27588229870851e-06,0.0,0.0,0.0,6.851254791484938e-17,0.0,0.0,0.0,0.508,3.3363749732950554,1.2875207468160321,54.58669212340405,54.58669212340405,54.58669212340405,54.58669212340405
21.0,2.72,-3.322388314786033e-17,6.349704412945636e-17,0.014982399608450374,-7.255113582463958e-18,2.3884653433400766e-18,6.608926362389964e-06,0.0,0.0,0.0,1.2367781927942514e-17,0.0,0.0,0.0,0.508,3.336374921759609,1.287520667241142,54.665571159389934,54.665571159389934,54.665571159389934,54.665571159389934
22.0,2.7520000000000002,-3.243142310543311e-17,6.352857193326481e-17,0.01498262197934025,2.4764376325850515e-17,9.852438690143666e-19,6.949090308608693e-06,0.0,0.0,0.0,2.733011307500871e-17,0.0,0.0,0.0,0.508,3.3363748675716267,1.2875205835705257,54.744450015344626,54.74445001534461,54.74445001534461,54.744450015344626
23.0,2.7840000000000003,-3.363632709276501e-17,6.323442683729458e-17,0.014982855417740954,-3.76532496041217e-17,-9.192034249069857e-18,7.294950022035996e-06,0.0,0.0,0.0,-4.295978154236751e-17,0.0,0.0,0.0,0.508,3.3363748106866966,1.2875204957356072,54.823328694795194,54.82332869479521,54.82332869479521,54.823328694795194
24.0,2.816,-3.293146240241393e-17,6.303301782487328e-17,0.014983100069460561,2.202702157347141e-17,-6.29403163816567e-18,7.645366237720073e-06,0.0,0.0,0.0,4.176055035072059e-17,0.0,0.0,0.0,0.508,3.33637475106929,1.2875204036815278,54.90220720018582,54.902207200185806,54.902207200185806,54.90220720018582
25.0,2.848,-3.228836427366094e-17,6.320947350055616e-17,0.014983356051142682,2.0096816523531016e-17,5.514239865089934e-18,7.999427566261323e-06,0.0,0.0,0.0,1.3140686455836426e-16,0.0,0.0,0.0,0.508,3.336374688690985,1.2875203073644022,54.981085533094166,54.981085533094166,54.981085533094166,54.981085533094166
26.0,2.88,-3.221310949086237e-17,6.409703620905649e-17,0.014983623456099928,2.3517119624552155e-18,2.7736334640635394e-17,8.356404913954084e-06,0.0,0.0,0.0,7.587416137838329e-18,0.0,0.0,0.0,0.508,3.3363746235290446,1.287520206749125,55.059963694404885,55.059963694404885,55.059963694404885,55.059963694404885
27.0,2.912,-3.243017460438598e-17,6.405623971600163e-17,0.014983902358980566,-6.783284797612795e-18,-1.2748904079644491e-18,8.715715019928091e-06,0.0,0.0,0.0,7.26154380493199e-17,0.0,0.0,0.0,0.508,3.336374555565282,1.2875201018076126,55.13884168444811,55.13884168444811,55.13884168444811,55.13884168444811
28.0,2.944,-3.286448951797297e-17,6.385283503505761e-17,0.014984192819501752,-1.3572341049593369e-17,-6.356396279500704e-18,9.076891287044817e-06,0.0,0.0,0.0,-2.0523140483577975e-17,0.0,0.0,0.0,0.508,3.3363744847851478,1.2875199925174006,55.21771950311044,55.21771950311044,55.21771950311044,55.21771950311044
29.0,2.976,-3.306687198502683e-17,6.243486487120707e-17,0.014984494885436036,-6.324452095433038e-18,-4.4311567620329373e-17,9.439560446397157e-06,0.0,0.0,0.0,7.268350019233664e-17,0.0,0.0,0.0,0.508,3.3363744111770024,1.2875198788605189,55.296597149923635,55.296597149923635,55.296597149923635,55.296597149923635
30.0,3.008,-3.3005091314835795e-17,6.312120397211325e-17,0.014984808595000535,1.93064594346975e-18,2.1448096903318248e-17,9.803423890600632e-06,0.0,0.0,0.0,-5.936319067999605e-17,0.0,0.0,0.0,0.508,3.3363743347315373,1.2875197608225926,55.375474624135556,55.375474624135556,55.37547462413557,55.37547462413557
31.0,3.04,-3.336486836690302e-17,6.332805265542615e-17,0.014985133978768193,-1.1243032877100739e-17,6.464021353528095e-18,1.0168242739287932e-05,0.0,0.0,0.0,9.566384360858477e-18,0.0,0.0,0.0,0.508,3.336374255441305,1.2875196383921237,55.45435192476704,55.45435192476704,55.454351924767025,55.454351924767025
32.0,3.072,-3.391486172107393e-17,6.294409941254605e-17,0.014985471061196767,-1.718729231784087e-17,-1.1998538840003049e-17,1.0533825892935698e-05,0.0,0.0,0.0,-2.3008142939170053e-17,0.0,0.0,0.0,0.508,3.3363741733003485,1.2875195115599154,55.533229050657205,55.533229050657205,55.533229050657205,55.533229050657205
33.0,3.104,-3.465209141875466e-17,6.294966696993711e-17,0.014985819861851981,-2.3038428052522822e-17,1.7398616847052134e-19,1.0900020475459745e-05,0.0,0.0,0.0,-5.776571626868156e-17,0.0,0.0,0.0,0.508,3.336374088303904,1.2875193803186118,55.61210600049983,55.61210600049983,55.61210600049983,55.61210600049983
34.0,3.136,-3.493619451420745e-17,6.29301203222088e-17,0.014986180396386039,-8.878221732899741e-18,-6.108327415095007e-19,1.1266704189288695e-05,0.0,0.0,0.0,-3.857887305395585e-17,0.0,0.0,0.0,0.508,3.33637400044816,1.2875192446623291,55.6909827728725,55.6909827728725,55.6909827728725,55.6909827728725
35.0,3.168,-3.491576996549034e-17,6.306335063147207e-17,0.014986552677320393,6.38267147409628e-19,4.163447164477061e-18,1.163377919856638e-05,0.0,0.0,0.0,4.391966761280921e-18,0.0,0.0,0.0,0.508,3.3363739097300695,1.2875191045863628,55.76985936625974,55.76985936625974,55.76985936625974,55.76985936625974
36.0,3.2,-3.452118952100856e-17,6.212539718617984e-17,0.014986936714671965,1.2330638890055769e-17,-2.9311045165382087e-17,1.200116723663532e-05,0.0,0.0,0.0,-4.1613757690345395e-18,0.0,0.0,0.0,0.508,3.3363738161471947,1.2875189600869499,55.848735779071696,55.848735779071696,55.848735779071696,55.848735779071696
37.0,3.232,-3.4340336204409684e-17,6.264459099255169e-17,0.01498733251645409,5.651666143714795e-18,1.6224806449120103e-17,1.2368805691416365e-05,0.0,0.0,0.0,1.219059579461672e-16,0.0,0.0,0.0,0.508,3.336373719697587,1.2875188111610825,55.92761200965895,55.92761200965895,55.927612009658965,55.927612009658965
38.0,3.2640000000000002,-3.3833545370387034e-17,6.269734084269768e-17,0.014987740089077288,1.5837213563207782e-17,1.6484328170622414e-18,1.2736644474937551e-05,0.0,0.0,0.0,4.987176361759775e-17,0.0,0.0,0.0,0.508,3.336373620379688,1.2875186578063547,56.00648805632456,56.00648805632456,56.00648805632456,56.00648805632456
39.0,3.2960000000000003,-3.396252614637087e-17,6.296099468639463e-17,0.014988159437669844,-4.030649249494871e-18,8.239182615529764e-18,1.310464351736341e-05,0.0,0.0,0.0,2.8500181813625616e-17,0.0,0.0,0.0,0.508,3.3363735181922527,1.2875185000208447,56.08536391733339,56.08536391733339,56.08536391733339,56.08536391733339
40.0,3.3280000000000003,-3.387320682505899e-17,6.239363140498975e-17,0.014988590566334286,2.7912287909962874e-18,-1.7730102543902618e-17,1.347277076382303e-05,0.0,0.0,0.0,-1.6832443606889272e-19,0.0,0.0,0.0,0.508,3.3363734131342846,1.287518337803016,56.164239590919905,56.164239590919905,56.164239590919905,56.164239590919905
41.0,3.36,-3.33355995677269e-17,6.21618485567427e-17,0.014989033478352556,1.6800226791628082e-17,-7.243214007720476e-18,1.3841000570929448e-05,0.0,0.0,0.0,2.0539482207618145e-17,0.0,0.0,0.0,0.508,3.3363733052049893,1.287518171151641,56.24311507529414,56.24311507529414,56.24311507529414,56.24311507529414
42.0,3.392,-3.34077317238523e-17,6.219753269234429e-17,0.014989488176350147,-2.2541298789188796e-18,1.1151292375497674e-18,1.4209312424709625e-05,0.0,0.0,0.0,6.250215655490507e-17,0.0,0.0,0.0,0.508,3.3363731944037305,1.28751800006574,56.32199036864669,56.32199036864669,56.32199036864669,56.32199036864669
43.0,3.424,-3.3461588748691153e-17,6.282551741118597e-17,0.014989954662427397,-1.6830320262141029e-18,1.9624522463802505e-17,1.4577689914083741e-05,0.0,0.0,0.0,-4.188859515436161e-17,0.0,0.0,0.0,0.508,3.336373080730002,1.2875178245445305,56.40086546915248,56.40086546915248,56.40086546915248,56.40086546915248
44.0,3.456,-3.410307465618623e-17,6.264735689426444e-17,0.014990432938264542,-2.0046434609221167e-17,-5.5675161537977524e-18,1.494611991077276e-05,0.0,0.0,0.0,2.5611798039348406e-17,0.0,0.0,0.0,0.508,3.336372964183398,1.2875176445873882,56.479740374974014,56.479740374974014,56.479740374974014,56.479740374974014
45.0,3.488,-3.426384383253341e-17,6.291236167120671e-17,0.014990923005205735,-5.024036760849428e-18,8.281399279445982e-18,1.5314591912272868e-05,0.0,0.0,0.0,-5.7926239861660245e-18,0.0,0.0,0.0,0.508,3.336372844763596,1.287517460193816,56.55861508426375,56.55861508426375,56.55861508426375,56.55861508426375
46.0,3.52,-3.43090014085096e-17,6.312302217841197e-17,0.014991424864326268,-1.4111742492557728e-18,6.583140850164219e-18,1.5683097516667747e-05,0.0,0.0,0.0,-2.4533693328783565e-17,0.0,0.0,0.0,0.508,3.336372722470339,1.2875172713634178,56.63748959516623,56.63748959516623,56.63748959516623,56.63748959516623
47.0,3.552,-3.4308534834613803e-17,6.388065344691824e-17,0.014991938516486359,1.458043424357728e-20,2.367597714082112e-17,1.60516300028255e-05,0.0,0.0,0.0,1.1725096137031775e-18,0.0,0.0,0.0,0.508,3.336372597303422,1.2875170780958787,56.71636390581956,56.71636390581956,56.71636390581956,56.71636390581956
48.0,3.584,-3.427571899513723e-17,6.359304768764391e-17,0.014992463962374162,1.0254949836428501e-18,-8.98767997732288e-18,1.6420183993862296e-05,0.0,0.0,0.0,1.268447258525119e-17,0.0,0.0,0.0,0.508,3.3363724692626833,1.2875168803909491,56.79523801435675,56.79523801435675,56.79523801435675,56.79523801435675
49.0,3.616,-3.410256051964515e-17,6.321861838138187e-17,0.01499300120254019,5.411202359127502e-18,-1.1700915820688612e-17,1.6788755188368643e-05,0.0,0.0,0.0,-1.8614308164151428e-17,0.0,0.0,0.0,0.508,3.336372338347993,1.2875166782484304,56.8741119189067,56.8741119189067,56.8741119189067,56.8741119189067
50.0,3.648,-3.4067988291716375e-17,6.301434728129044e-17,0.01499355023742484,1.0803821227742631e-18,-6.3834718778573185e-18,1.7157340145303686e-05,0.0,0.0,0.0,-7.927439350103666e-18,0.0,0.0,0.0,0.508,3.33637220455925,1.2875164716681669,56.9529856175951,56.9529856175951,56.9529856175951,56.9529856175951
51.0,3.68,-3.425483132285209e-17,6.303366626692743e-17,0.014994111067380422,-5.838844722991028e-18,6.0371830115594515e-19,1.7525936111932317e-05,0.0,0.0,0.0,-9.151616262076578e-18,0.0,0.0,0.0,0.508,3.336372067896373,1.2875162606500352,57.03185910854492,57.03185910854492,57.03185910854492,57.03185910854492
52.0,3.712,-3.4441775872519826e-17,6.303869762774941e-17,0.014994683692688778,-5.8420171771167826e-18,1.572300256870075e-19,1.789454088613151e-05,0.0,0.0,0.0,3.731550915962434e-19,0.0,0.0,0.0,0.508,3.3363719283593,1.2875160451939396,57.11073238987713,57.11073238987713,57.11073238987713,57.11073238987713
53.0,3.744,-3.433165607217178e-17,6.303374285283425e-17,0.014995268113575374,3.4412437608763763e-18,-1.548367160988676e-19,1.826315270612694e-05,0.0,0.0,0.0,3.342456582057484e-19,0.0,0.0,0.0,0.508,3.3363717859479807,1.2875158252998047,57.189605459711004,57.189605459711004,57.189605459711004,57.189605459711004
54.0,3.7760000000000002,-3.429036945716514e-17,6.317227936969556e-17,0.014995864330220581,1.2902067189575846e-18,4.329266151915879e-18,1.8631770162726835e-05,0.0,0.0,0.0,4.359095661745691e-18,0.0,0.0,0.0,0.508,3.3363716406623776,1.287515600967573,57.268478316164426,57.268478316164426,57.268478316164426,57.268478316164426
55.0,3.8080000000000003,-3.420758879703927e-17,6.316841065231993e-17,0.01499647234276869,2.5868956289333264e-18,-1.208974179883727e-19,1.9000392128415145e-05,0.0,0.0,0.0,-2.973343653420901e-18,0.0,0.0,0.0,0.508,3.3363714925024617,1.287515372197201,57.34735095735428,57.34735095735428,57.34735095735428,57.34735095735428
56.0,3.84,-3.419793494087548e-17,6.313351986665976e-17,0.014997092151335132,3.016830051184781e-19,-1.0903370518802744e-18,1.936901770129856e-05,0.0,0.0,0.0,-1.1712790995661442e-18,0.0,0.0,0.0,0.508,3.3363713414682103,1.2875151389886557,57.426223381396525,57.426223381396525,57.426223381396525,57.426223381396525
57.0,3.872,-3.418596519161154e-17,6.308967776170439e-17,0.015125813213021588,3.7405466449814135e-19,-1.370065779855541e-18,0.004022533177701757,0.0,0.0,0.0,-1.1712790995661442e-18,0.0,0.0,0.0,0.508,3.3363399772122433,1.2874667106495472,57.48378021986558,57.48378021986558,57.48378021986558,57.48378021986558
58.0,3.904,-3.4166447572451285e-17,6.301848879117663e-17,0.01573621535502806,6.09925598757973e-19,-2.2246553289923977e-18,0.019075066937702233,0.0,0.0,0.0,-1.1712790995661446e-18,0.0,0.0,0.0,0.508,3.336191309839077,1.2872371724808638,57.48117573518871,57.48117573518871,57.48117573518871,57.48117573518871
59.0,3.936,-3.412752447803939e-17,6.317707349018016e-17,0.017128005072820893,1.216346700371664e-18,4.955771843860452e-18,0.04349342868102599,0.0,0.0,0.0,-1.1712790995661473e-18,0.0,0.0,0.0,0.508,3.3358527233913047,1.2867144876839205,57.4237055484825,57.4237055484825,57.4237055484825,57.4237055484825
60.0,3.968,-3.411081698460135e-17,6.410104758456276e-17,0.01927954367359892,5.22109169938904e-19,2.8874190449456224e-17,0.06723558127431326,0.0,0.0,0.0,-1.171279099566137e-18,0.0,0.0,0.0,0.508,3.3353303849065363,1.2859083685294141,57.36167467252052,57.36167467252052,57.36167467252052,57.36167467252052
61.0,4.0,-3.406099895303207e-17,6.604493701118847e-17,0.022167499562523337,1.556813486539942e-18,6.07465445820534e-17,0.09024862152888798,0.0,0.0,0.0,-1.17127909956613e-18,0.0,0.0,0.0,0.508,3.3346313167667154,1.2848299450959761,57.29546311242839,57.29546311242839,57.29546311242839,57.29546311242839
62.0,4.032,-3.388511869031306e-17,6.899663355387296e-17,0.025766996493067167,5.496258209968939e-18,9.224051695889011e-17,0.1124842790794946,0.0,0.0,0.0,-1.1712790995661241e-18,0.0,0.0,0.0,0.508,3.3337633077223336,1.2834916201915436,57.225447135931034,57.225447135931034,57.225447135931034,57.225447135931034
63.0,4.064,-3.345011409806898e-17,7.297293161456141e-17,0.030051760121547033,1.359389350762763e-17,1.2425931439651406e-16,0.13389886338999568,0.0,0.0,0.0,-1.17127909956611e-18,0.0,0.0,0.0,0.508,3.332734821963056,1.2819069214162988,57.15199829647429,57.15199829647429,57.15199829647429,57.15199829647429
64.0,4.096,-3.2587008838372684e-17,7.777823100385159e-17,0.03499426240955626,2.6972039365509153e-17,1.5016560591531776e-16,0.15445319650028827,0.0,0.0,0.0,-1.1712790995660883e-18,0.0,0.0,0.0,0.508,3.331554907224458,1.2800903517531779,57.0754825260572,57.0754825260572,57.0754825260572,57.0754825260572
65.0,4.128,-3.104650443121123e-17,8.30448991710081e-17,0.04056586345761744,4.814076272379548e-17,1.645833802236408e-16,0.17411253275191158,0.0,0.0,0.0,-1.1712790995660556e-18,0.0,0.0,0.0,0.508,3.330233102861157,1.2780572399832764,56.996259296165256,56.996259296165256,56.996259296165256,56.996259296165256
66.0,4.16,-2.8685971637383215e-17,8.802151166518407e-17,0.04673695039216131,7.376664980712535e-17,1.5551914044299918e-16,0.19284646670449584,0.0,0.0,0.0,-1.1712790995660138e-18,0.0,0.0,0.0,0.508,3.3287793487527138,1.2758235921369776,56.914680844994145,56.914680844994145,56.914680844994145,56.914680844994145
67.0,4.192,-2.5297687054285278e-17,9.160870039874856e-17,0.05347707296569412,1.0588389322181045e-16,1.1209964792389024e-16,0.2106288304229002,0.0,0.0,0.0,-1.1712790995659321e-18,0.0,0.0,0.0,0.508,3.32720389584134,1.2734059451073159,56.831091468992284,56.831091468992284,56.831091468992284,56.831091468992284
68.0,4.224,-2.0628681641669808e-17,9.214095054005434e-17,0.060755075566549605,1.4590641914423328e-16,1.6632816915805516e-17,0.2274375812767336,0.0,0.0,0.0,-1.1712790995660438e-18,0.0,0.0,0.0,0.508,3.3255172190305813,1.2708212234697904,56.74582687662393,56.74582687662393,56.745826876623916,56.745826876623916
69.0,4.256,-1.454012698850425e-17,8.878793817265965e-17,0.06853922536977838,1.9026733291142352e-16,-1.0478163648108414e-16,0.24325468135089914,0.0,0.0,0.0,-1.1712790995666395e-18,0.0,0.0,0.0,0.508,3.3237299331025585,1.2680866004722098,56.65921360216163,56.65921360216163,56.65921360216163,56.65921360216163
70.0,4.288,-6.81915815714755e-18,8.318014725190931e-17,0.07679733639438235,2.4128027597989664e-16,-1.7524346627344784e-16,0.25806596951887384,0.0,0.0,0.0,-1.1712790995667254e-18,0.0,0.0,0.0,0.508,3.3218527122387855,1.2652193640787444,56.571568477252626,56.571568477252626,56.571568477252626,56.571568477252626
71.0,4.32,2.7201521591891254e-18,7.730501121875485e-17,0.08549688926415727,2.981034473855208e-16,-1.835980010360767e-16,0.27186102718046595,0.0,0.0,0.0,-1.1712790995666153e-18,0.0,0.0,0.0,0.508,3.319896213656747,1.2622367888736734,56.48319815796465,56.48319815796465,56.48319815796465,56.48319815796465
72.0,4.352,1.43223950268504e-17,7.274911570749439e-17,0.09460514649979314,3.6257008961441453e-16,-1.4237173472688935e-16,0.2846330386136206,0.0,0.0,0.0,-1.1712790995666867e-18,0.0,0.0,0.0,0.508,3.3178710058018517,1.2591560145518406,56.39439870500255,56.39439870500255,56.39439870500255,56.39439870500255
73.0,4.384,2.8200422383939344e-17,7.128530927613377e-17,0.10408926319855209,4.3368835490902906e-16,-4.574395098001938e-17,0.29637864683621706,0.0,0.0,0.0,-1.1712790995666004e-18,0.0,0.0,0.0,0.508,3.3157875014627245,1.2559939316441102,56.30545521479019,56.30545521479019,56.30545521479021,56.30545521479021
74.0,4.416,4.414099706904399e-17,7.386373612198845e-17,0.11391639298477159,4.981429589095197e-16,8.057583893295868e-17,0.30709780581935897,0.0,0.0,0.0,-1.1712790995660319e-18,0.0,0.0,0.0,0.508,3.3136558961074822,1.2527670750467292,56.216641499134745,56.216641499134745,56.216641499134745,56.216641499134745
75.0,4.448,6.182357449244251e-17,7.952108748335766e-17,0.124053789139621,5.525805444812035e-16,1.7679223004278772e-16,0.316793629839044,0.0,0.0,0.0,-1.1712790995659395e-18,0.0,0.0,0.0,0.508,3.31148611167021,1.2494915258431674,56.12821981122548,56.12821981122548,56.12821981122548,56.12821981122548
76.0,4.48,8.103443033092278e-17,8.716152420608034e-17,0.13446890084198243,6.00339244952508e-16,2.387636475850837e-16,0.3254722406987942,0.0,0.0,0.0,-1.1712790995659967e-18,0.0,0.0,0.0,0.508,3.3092877459506798,1.246182821825544,56.040440615768404,56.040440615768404,56.040440615768404,56.040440615768404
77.0,4.5120000000000005,1.0164617623429458e-16,9.603309642486727e-17,0.14512946447405678,6.441170594803679e-16,2.772366318370911e-16,0.3331426135023231,0.0,0.0,0.0,-1.1712790995660097e-18,0.0,0.0,0.0,0.508,3.3070700277268834,1.2428558770401419,55.95354240111416,55.95354240111416,55.95354240111416,55.95354240111416
78.0,4.5440000000000005,1.2352192929901034e-16,1.0543617589421018e-16,0.15600358996535313,6.836172832723671e-16,2.9384623341696567e-16,0.3398164216030106,0.0,0.0,0.0,-1.1712790995660123e-18,0.0,0.0,0.0,0.508,3.304841777619536,1.239524910597875,55.867751531303306,55.867751531303306,55.867751531303306,55.867751531303306
79.0,4.5760000000000005,1.4653896459508837e-16,1.1469293535175452e-16,0.16705984216714986,7.192823530024378e-16,2.892737330482604e-16,0.3455078813061476,0.0,0.0,0.0,-1.1712790995660113e-18,0.0,0.0,0.0,0.508,3.302611374690658,1.2362033849062293,55.78328213602291,55.78328213602291,55.78328213602291,55.78328213602291
80.0,4.6080000000000005,1.7060731181884434e-16,1.231202756842134e-16,0.17826731726638,7.521358507423732e-16,2.633543853893397e-16,0.35023359685094174,0.0,0.0,0.0,-1.1712790995660132e-18,0.0,0.0,0.0,0.508,3.300386728705021,1.232903953394562,55.700336036544016,55.700336036544016,55.700336036544016,55.700336036544016
81.0,4.64,1.9568927814936793e-16,1.3001019365352515e-16,0.18959571426325478,7.838114478288833e-16,2.153099365409982e-16,0.354012406152346,0.0,0.0,0.0,-1.1712790995659932e-18,0.0,0.0,0.0,0.508,3.2981752579338544,1.2296384177203636,55.619102705786126,55.619102705786126,55.619102705786126,55.619102705786126
82.0,4.672,2.2169554098787771e-16,1.346217120631682e-16,0.20101540155086844,8.126957137034301e-16,1.4410995030134491e-16,0.3568652277379268,0.0,0.0,0.0,-1.1712790995659362e-18,0.0,0.0,0.0,0.508,3.295983872335,1.2264176943608474,55.539759260733945,55.539759260733945,55.539759260733945,55.539759260733945
83.0,4.704,2.485178329320186e-16,1.359051898871265e-16,0.21249747864760227,8.381966232544013e-16,4.010868199869719e-17,0.35881490927293164,0.0,0.0,0.0,-1.1712790995659154e-18,0.0,0.0,0.0,0.508,3.2938189619029092,1.22325179041292,55.462470485507964,55.462470485507964,55.462470485507964,55.462470485507964
84.0,4.736,2.7600001798974003e-16,1.3286504696834027e-16,0.2240138331444397,8.588182830537946e-16,-9.500446621206968e-17,0.3598860780261696,0.0,0.0,0.0,-1.1712790995659458e-18,0.0,0.0,0.0,0.508,3.2916863899455655,1.2201497883460863,55.387388883470294,55.387388883470294,55.387388883470294,55.387388883470294
85.0,4.768,3.0402537329019337e-16,1.2452546313132598e-16,0.23553719293940406,8.75792353139166e-16,-2.6061199490669653e-16,0.36010499359263576,0.0,0.0,0.0,-1.171279099565927e-18,0.0,0.0,0.0,0.508,3.289591491013758,1.2171198393781542,55.314654756818015,55.314654756818015,55.314654756818,55.314654756818
86.0,4.8,3.324714716870218e-16,1.0977769148142274e-16,0.24704117384031002,8.889405749008872e-16,-4.608678640594758e-16,0.35949940315331086,0.0,0.0,0.0,-1.171279099565955e-18,0.0,0.0,0.0,0.508,3.2875390731811605,1.2141691650736828,55.244396312191135,55.244396312191135,55.24439631219112,55.24439631219112
87.0,4.832,3.6119402350032614e-16,8.824281096100151e-17,0.25850032262496636,8.975797441657604e-16,-6.729650162631627e-16,0.35809839952051037,0.0,0.0,0.0,-1.1712790995661012e-18,0.0,0.0,0.0,0.508,3.2855334243514043,1.2113040667009334,55.17672979088857,55.17672979088857,55.17672979088856,55.17672979088856
88.0,4.864,3.901080124572838e-16,6.112127067016396e-17,0.2698901556549563,9.035621549049255e-16,-8.475481340886727e-16,0.35593228218718453,0.0,0.0,0.0,-1.171279099566208e-18,0.0,0.0,0.0,0.508,3.283578322250719,1.208529941825512,55.111759622350505,55.111759622350505,55.111759622350505,55.111759622350505
89.0,4.896,4.1918378334281495e-16,3.116347513549953e-17,0.2811871931452337,9.086178401728483e-16,-9.361811104582627e-16,0.35303242157116965,0.0,0.0,0.0,-1.1712790995661956e-18,0.0,0.0,0.0,0.508,3.281677047751711,1.2058513075687494,55.04957859962457,55.04957859962457,55.04957859962457,55.04957859962457
90.0,4.928,4.48365374314434e-16,1.1413289750166996e-18,0.2923689891970861,9.119247178630943e-16,-9.381920675150877e-16,0.3494311266203865,0.0,0.0,0.0,-1.1712790995661962e-18,0.0,0.0,0.0,0.508,3.2798324011653017,1.2032718299168124,54.99026807558843,54.99026807558843,54.99026807558843,54.99026807558843
91.0,4.96,4.776107439063985e-16,-2.6163008085072185e-17,0.303414157706595,9.139177997488909e-16,-8.532605331277769e-16,0.3451615159221537,0.0,0.0,0.0,-1.1712790995661713e-18,0.0,0.0,0.0,0.508,3.2780467211335895,1.2007943584330916,54.93389817875144,54.93389817875144,54.933898178751456,54.933898178751456
92.0,4.992,5.069294789926866e-16,-4.79652702812525e-17,0.31430239426465484,9.162104714465008e-16,-6.813206936306343e-16,0.340257392439369,0.0,0.0,0.0,-1.1712790995661944e-18,0.0,0.0,0.0,0.508,3.2763219057562436,1.1984209657019418,54.88052804750242,54.88052804750242,54.88052804750244,54.88052804750244
93.0,5.024,5.362945479437205e-16,-6.24780054638989e-17,0.32501449416794104,9.176584047198093e-16,-4.535229744576995e-16,0.3347531219776934,0.0,0.0,0.0,-1.1712790995662332e-18,0.0,0.0,0.0,0.508,3.2746594355867193,1.1961529908165092,54.83020608171107,54.83020608171107,54.83020608171108,54.83020608171108
94.0,5.056,5.656401630109231e-16,-6.940989013173896e-17,0.3355323666630289,9.170504708500817e-16,-2.1662139587000169e-16,0.3286835154714948,0.0,0.0,0.0,-1.1712790995662025e-18,0.0,0.0,0.0,0.508,3.2730603981418547,1.1939910862171832,54.782970210625095,54.782970210625095,54.78297021062511,54.78297021062511
95.0,5.088,5.949253597909906e-16,-6.934737580241342e-17,0.34583904554819866,9.151623993771086e-16,1.9535727914228523e-18,0.3220837151615555,0.0,0.0,0.0,-1.1712790995661894e-18,0.0,0.0,0.0,0.508,3.2715255135789283,1.191935267189926,54.73884817603539,54.73884817603539,54.73884817603539,54.73884817603539
96.0,5.12,6.241326634317822e-16,-6.438185145119336e-17,0.35591869625938566,9.127282387747368e-16,1.5517263597562677e-16,0.31498908472459325,0.0,0.0,0.0,-1.1712790995662206e-18,0.0,0.0,0.0,0.508,3.2700551612077486,1.1899849633450363,54.69785782970683,54.69785782970683,54.69785782970683,54.69785782970683
97.0,5.152,6.532097592353989e-16,-5.66140339742049e-17,0.3657566195682899,9.086592438630195e-16,2.4274429615588913e-16,0.3074351034032579,0.0,0.0,0.0,-1.1712790995662073e-18,0.0,0.0,0.0,0.508,3.2686494065214355,1.1881390714162368,54.66000744409354,54.66000744409354,54.66000744409354,54.66000744409354
98.0,5.184,6.821376784925613e-16,-4.828981686540034e-17,0.3753392520218959,9.03997476786323e-16,2.6013178465014243e-16,0.29945726417518614,0.0,0.0,0.0,-1.1712790995662075e-18,0.0,0.0,0.0,0.508,3.267308028447898,1.1863960087466874,54.62529603537433,54.62529603537433,54.62529603537433,54.62529603537433
99.0,5.216,7.109049700725106e-16,-4.1680332295368435e-17,0.38465416325361107,8.989778618734155e-16,2.0654639281349683e-16,0.29109097599109923,0.0,0.0,0.0,-1.1712790995662045e-18,0.0,0.0,0.0,0.508,3.2660305465442834,1.1847537668618344,54.59371369785705,54.59371369785705,54.593713697857034,54.593713697857034
100.0,5.248,7.394872958240526e-16,-3.908501538755326e-17,0.3936900502969466,8.931976797356869e-16,8.110365336922425e-17,0.2823714701042348,0.0,0.0,0.0,-1.1712790995661309e-18,0.0,0.0,0.0,0.508,3.264816247878441,1.1832099645680472,54.5652419488105,54.5652419488105,54.56524194881049,54.56524194881049
101.0,5.28,7.678330332684688e-16,-4.122810187601596e-17,0.40243672903316724,8.858042951380056e-16,-6.697145276445931e-17,0.273333710506895,0.0,0.0,0.0,-1.1712790995660903e-18,0.0,0.0,0.0,0.508,3.263664213364479,1.181761900059822,54.53985408278968,54.53985408278968,54.53985408278968,54.53985408278968
102.0,5.312,7.958909386013109e-16,-4.7892947251142684e-17,0.4108851229046612,8.768095416513148e-16,-2.0827641797271004e-16,0.26401230848418683,0.0,0.0,0.0,-1.1712790995660494e-18,0.0,0.0,0.0,0.508,3.262573343343296,1.1804066015660057,54.51751553452353,54.51751553452353,54.51751553452353,54.51751553452353
103.0,5.344,8.235649158235631e-16,-5.880028220693626e-17,0.419027249025942,8.648117881953811e-16,-3.4085421736854904e-16,0.2544414412900245,0.0,0.0,0.0,-1.1712790995660535e-18,0.0,0.0,0.0,0.508,3.261542382223368,1.1791408761160134,54.49818424943739,54.49818424943739,54.49818424943739,54.49818424943739
104.0,5.376,8.507793399501599e-16,-7.350482452756598e-17,0.4268562018242189,8.504507539561482e-16,-4.595169475196781e-16,0.24465477494615256,0.0,0.0,0.0,-1.1712790995660764e-18,0.0,0.0,0.0,0.508,3.2605699420216223,1.1779613560594357,54.4818110608821,54.4818110608821,54.4818110608821,54.4818110608821
105.0,5.408,8.775095936354314e-16,-9.141124337856617e-17,0.43436613434137267,8.353204276647334e-16,-5.595755890937557e-16,0.23468539116105483,0.0,0.0,0.0,-1.1712790995660931e-18,0.0,0.0,0.0,0.508,3.2596545246687336,1.176864543025846,54.468340073141434,54.468340073141434,54.468340073141434,54.468340073141434
106.0,5.44,9.037812990290659e-16,-1.117793610659071e-16,0.4415522373289621,8.209907935510778e-16,-6.365036777294037e-16,0.22456571836216938,0.0,0.0,0.0,-1.1712790995660997e-18,0.0,0.0,0.0,0.508,3.2587945429672986,1.1758468490651193,54.45770904928733,54.45770904928733,54.45770904928733,54.45770904928733
107.0,5.472,9.296394206206913e-16,-1.3384209590345532e-16,0.44841071626757345,8.080662997382936e-16,-6.894604636733808e-16,0.2143274668316047,0.0,0.0,0.0,-1.171279099566082e-18,0.0,0.0,0.0,0.508,3.257988340114877,1.174904634761426,54.44984980295123,54.44984980295123,54.44984980295123,54.44984980295123
108.0,5.5040000000000004,9.551118338899214e-16,-1.5667262521839554e-16,0.4549387664414152,7.960129146634387e-16,-7.134540410918813e-16,0.20400156793255375,0.0,0.0,0.0,-1.1712790995660752e-18,0.0,0.0,0.0,0.508,3.257234207726587,1.1740342441654872,54.444688593077444,54.444688593077444,54.444688593077444,54.444688593077444
109.0,5.5360000000000005,9.802629277961916e-16,-1.7917844006084111e-16,0.4611345461985564,7.859716845709435e-16,-7.033067138264236e-16,0.19361811741066393,0.0,0.0,0.0,-1.1712790995660612e-18,0.0,0.0,0.0,0.508,3.256530402313624,1.173232036439101,54.44214652072371,54.44214652072371,54.44214652072371,54.44214652072371
110.0,5.5680000000000005,1.0052126943756676e-15,-2.0008771882742056e-16,0.4669971485266121,7.796802056086251e-16,-6.534149614556072e-16,0.1832063227517401,0.0,0.0,0.0,-1.1712790995660517e-18,0.0,0.0,0.0,0.508,3.2558751601945537,1.172494414152801,54.44213992697351,54.44213992697351,54.44213992697351,54.44213992697351
111.0,5.6000000000000005,1.030118519951993e-15,-2.1817051050328003e-16,0.47252657107298474,7.783070492601685e-16,-5.650872398706078e-16,0.17279445457414422,0.0,0.0,0.0,-1.1712790995660352e-18,0.0,0.0,0.0,0.508,3.2552667108354,1.1718178482213617,54.444580791026084,54.444580791026084,54.444580791026084,54.444580791026084
112.0,5.632,1.055165713939283e-15,-2.3195916023366157e-16,0.477723684737984,7.827248121028319e-16,-4.308953040744346e-16,0.16240980203123104,0.0,0.0,0.0,-1.171279099566064e-18,0.0,0.0,0.0,0.508,3.254703288632242,1.1711988995023703,54.44937712753258,54.44937712753258,54.44937712753259,54.44937712753259
113.0,5.664,1.0805085647556684e-15,-2.398325575599821e-16,0.4825902009682508,7.919640880120449e-16,-2.460436664475165e-16,0.15207863219583714,0.0,0.0,0.0,-1.171279099565985e-18,0.0,0.0,0.0,0.508,3.254183143166215,1.1706342371199836,54.45643338225196,54.45643338225196,54.45643338225197,54.45643338225197
114.0,5.696,1.106302688799949e-15,-2.415863881782951e-16,0.48712863787690736,8.060663763837691e-16,-5.4807206822281296e-17,0.1418261533955178,0.0,0.0,0.0,-1.1712790995659366e-18,0.0,0.0,0.0,0.508,3.253704547975376,1.1701206536090751,54.46565082510669,54.46565082510669,54.46565082510669,54.46565082510669
115.0,5.728,1.1326625093636865e-15,-2.381551122381674e-16,0.4913422853157326,8.237443926167957e-16,1.0722737312899056e-16,0.13167648246328867,0.0,0.0,0.0,-1.1712790995658944e-18,0.0,0.0,0.0,0.508,3.2532658079007972,1.1696550770042002,54.476927939729066,54.476927939729066,54.476927939729066,54.476927939729066
116.0,5.76,1.1597325786238114e-15,-2.306023974893049e-16,0.49523516902341047,8.459396643789006e-16,2.360223359019523e-16,0.12165261586493346,0.0,0.0,0.0,-1.1712790995659264e-18,0.0,0.0,0.0,0.508,3.252865265075526,1.169234580023061,54.49016080860032,54.49016080860032,54.49016080860032,54.49016080860032
117.0,5.792,1.1876625070007798e-15,-2.1972104746343704e-16,0.49881201397251507,8.72810261780263e-16,3.4004218830837087e-16,0.11177640465951853,0.0,0.0,0.0,-1.1712790995659262e-18,0.0,0.0,0.0,0.508,3.2525013036346078,1.1688563865155228,54.505243492900746,54.505243492900746,54.505243492900746,54.505243492900746
118.0,5.824,1.2166488618825505e-15,-2.061250964408166e-16,0.5020782070363643,9.058235900553312e-16,4.2487346945688825e-16,0.1020685332452884,0.0,0.0,0.0,-1.1712790995659435e-18,0.0,0.0,0.0,0.508,3.2521723532323166,1.1685178753667602,54.52206840620759,54.52206840620759,54.52206840620759,54.52206840620759
119.0,5.856,1.246939854582346e-15,-1.9020861638880105e-16,0.50503975909519,9.465935218686101e-16,4.973900016254856e-16,0.09254850183830479,0.0,0.0,0.0,-1.1712790995659452e-18,0.0,0.0,0.0,0.508,3.2518768914590366,1.168216582056919,54.54052668119902,54.54052668119902,54.54052668119902,54.54052668119902
120.0,5.888,1.2787941100402203e-15,-1.723409037003475e-16,0.5077032666992269,9.95445483058572e-16,5.583660215141728e-16,0.0832346126261526,0.0,0.0,0.0,-1.17127909956591e-18,0.0,0.0,0.0,0.508,3.2516134452550074,1.1679501980899334,54.56050852854753,54.56050852854753,54.56050852854753,54.56050852854753
121.0,5.92,1.312434150680613e-15,-1.530599783787963e-16,0.5100758734043044,1.0512512700122688e-15,6.025289162984749e-16,0.07414395953366994,0.0,0.0,0.0,-1.1712790995660044e-18,0.0,0.0,0.0,0.508,3.251380591421378,1.167716568511015,54.581903587214484,54.581903587214484,54.581903587214484,54.581903587214484
122.0,5.952,1.3480350285453857e-15,-1.326549022202369e-16,0.5121652308933333,1.112527433274146e-15,6.376586299549808e-16,0.0652924215321544,0.0,0.0,0.0,-1.1712790995660157e-18,0.0,0.0,0.0,0.508,3.2511769563308386,1.1675136877360477,54.60460126538884,54.60460126538884,54.60460126538884,54.60460126538884
123.0,5.984,1.3857847505283733e-15,-1.113765282993321e-16,0.5139794599947033,1.179678811968361e-15,6.64949185028274e-16,0.05669465941781147,0.0,0.0,0.0,-1.1712790995660666e-18,0.0,0.0,0.0,0.508,3.251001214940593,1.1673396939168923,54.628491071347696,54.628491071347696,54.628491071347696,54.628491071347696
124.0,6.016,1.425440585621226e-15,-8.952212405575108e-17,0.5155271117060377,1.239244846651648e-15,6.829501326119063e-16,0.04836411597920055,0.0,0.0,0.0,-1.171279099566119e-18,0.0005496967537469847,0.0001820932353920991,0.44783833395320777,0.5484512320755733,3.2508520892096526,1.167192862064682,61.80930437866392,60.98386864907223,61.856277215743695,60.890359609522555
125.0,6.048,1.4668203220529856e-15,-6.722323467521813e-17,0.5171548986741383,1.2931167634924866e-15,6.968402931416541e-16,0.050868342753144315,0.0,0.0,0.0,-1.1712790995661134e-18,0.0004684945846350334,0.00017397664446918242,0.49779667133876326,0.5841533222269367,3.250696029624775,1.1670400133105077,61.50188862495821,60.443337237508246,61.45738608436761,60.52475078646253
126.0,6.08,1.5097586698819307e-15,-4.463341618044638e-17,0.5192155733435669,1.3418233696545333e-15,7.059318279616167e-16,0.06439608341964395,0.0,0.0,0.0,-1.171279099566137e-18,-4.784133792272564e-05,0.00012234764421753872,1.2,0.61613840133391,3.250499626541362,1.1668488491544584,61.67399796717988,59.61688680607215,61.62234343513931,59.679454596247034
127.0,6.112,1.5540083743676622e-15,-2.183059733309478e-17,0.5220679279566454,1.3828032651791066e-15,7.125880889797369e-16,0.08913608165870063,0.0,0.0,0.0,-1.1712790995661983e-18,-0.0009755463170916992,2.9583505704130448e-05,1.2,0.645322658904152,3.250229904592094,1.1665885450017481,61.40070644481221,59.332490890204205,61.33905781793437,59.40727337254237
128.0,6.144,1.599251709155446e-15,1.4163235699265943e-18,0.5260767945534554,1.4138542121182459e-15,7.264662782194173e-16,0.12527708115031208,0.0,0.0,0.0,-1.1712790995661195e-18,-0.002268596727506321,-9.971259107376106e-05,-1.2,0.6725202561062121,3.2498550155333246,1.166231147092701,59.168669235820126,61.092086734802116,59.09949018675541,61.17607268777342
129.0,6.176,1.6450349036172893e-15,2.4718495542422734e-17,0.5315558566668916,1.430724826932598e-15,7.281928741405038e-16,0.17122069104488408,-0.0002964140086198906,-0.0002972287817307019,-0.002744992862359398,-0.08578245742045706,-0.0037827507671832224,-0.000261570730396549,-1.2,0.6983806317873925,3.24935057051659,1.1657586573741132,58.955517917058586,60.88592959053071,58.896333880689724,60.9659222072176
130.0,6.208,-3.457321724799603e-06,3.4668252520318126e-06,0.5386533054710186,-0.00010804130395139483,0.00010833828912522159,0.22179527512896835,-0.0008374251662632287,-0.0008557899534103781,-0.0192129182483091,-0.5146440657179521,-0.005291739078179158,-0.0003849029291367157,-1.2,0.7232583390143955,3.2487136390217004,1.1651771512933677,59.049410818071166,60.38601923969621,59.03357815753317,60.43839347303633
131.0,6.24,-1.672962400412516e-05,1.691427299747765e-05,0.5473961639756851,-0.0004147594462289233,0.000420232742045182,0.27321432827082776,-0.001195419428015794,-0.001725119893404002,-0.048555395152772476,-0.917044678695335,-0.00663730592439878,-0.0003975967455034571,-1.2,0.7473065392319448,3.247957719128912,1.1645115218376603,59.230206284595575,59.79905704257717,59.25425059943033,59.817221126667384
132.0,6.272,-4.933460432022293e-05,4.519728674597059e-05,0.5577043330467099,-0.0010189056348780545,0.0008838441796404036,0.3221302834695222,-0.0013539740692708783,-0.0025751249041575243,-0.0831947168119623,-1.0826176338913656,-0.007721093933454018,-0.0003000613843063436,-1.2,0.7705196197373902,3.24711134766315,1.1638028869025627,59.16956087801774,59.44461694918706,59.22210657481026,59.41657996807549
133.0,6.304,-0.00011022587732640096,9.150182000582406e-05,0.5694950310852324,-0.0019028522814430618,0.0014470166643704195,0.368459313703828,-0.0014000342892432208,-0.003078757503472965,-0.12002392444952872,-1.1510588664998098,-0.008301291147431557,-4.2077248462824165e-05,-1.2,0.7921172653689034,3.2462043132470324,1.1630948735714695,58.874090501771335,59.057159308805225,58.95372378265722,58.9664195096241
134.0,6.336,-0.00020402881136453532,0.00015784065087012203,0.582632417933712,-0.002931341688691696,0.0020730884645093098,0.41054333901498863,-0.0014995081191148606,-0.002853109550634966,-0.15776166395783173,-1.179427699205924,-0.008371982563734266,0.00038986362512392144,1.2,0.8111231935246349,3.245267257752184,1.1624316420753038,59.40664434603788,57.49615679565001,59.47878811543184,57.38927566581971
135.0,6.368,-0.00032703672297435416,0.0002459991375810633,0.5970349187172795,-0.0038439972378068355,0.002754952709716912,0.4500781494864849,-0.0017143383111161029,-0.0019131081897806833,-0.18265137124024008,-0.7777931854196061,-0.007949819362716872,0.0011211450823372035,1.2,0.8278484103016788,3.2443184048572493,1.1618459578542133,58.92865587023666,56.997557443763434,58.969020817854734,56.90011924432796
136.0,6.4,-0.0004673663727895656,0.00035659259188067157,0.6124256502891688,-0.004385301556725353,0.0034560454468627556,0.4809603616215403,-0.0021633900852324503,-0.0003946177484228369,-0.19059673423040274,-0.2482013412008652,-0.006839210858259664,0.002187086810582516,1.2,0.8425666010654773,3.2433811773734673,1.1613695401302058,58.49156965709091,56.559237065324034,58.530283568597376,56.462616160364256
137.0,6.432,-0.0006074534810061393,0.0004910257871821194,0.6286122347732175,-0.004377722131767925,0.00420103735317024,0.5058307651265195,-0.002837093024566211,0.001728033452617139,-0.18045332446165185,0.3171492568242543,-0.005007569035004768,0.0035552999587228577,1.2,0.85551860893762,3.2424639409792873,1.161017939316693,57.9791128796029,56.266607522824906,58.01572415123912,56.19682653531414
138.0,6.464,-0.0007239209235610027,0.0006519838938910029,0.6454450404271462,-0.003639607579839478,0.005029940834652604,0.526025176685273,-0.0035860057532882054,0.004342186816349633,-0.15445234340826494,0.8128316255376977,-0.0023495426892458727,0.005069438722206304,1.2,0.8669163758651056,3.2415635813264263,1.1607938300028333,57.11429326458839,56.38215275960267,57.16370467084517,56.34717167798167
139.0,6.496,-0.0007892830925076505,0.0008432890152203943,0.6627865514528898,-0.0020425677795827425,0.005978285041543477,0.5419222195544855,-0.004211655012682058,0.00733215277046607,-0.12154360838662386,1.0288309753721254,0.001031872506961944,0.006477512936905573,1.2,0.876946410761293,3.2406694789846173,1.1606902646442139,56.56831831857198,56.23722804043888,56.61359586110744,56.26001004072906
140.0,6.5280000000000005,-0.0007734043835812646,0.0010689281408146592,0.6805130317844846,0.0004962096539495588,0.007051222674820773,0.5539525103623386,-0.004505423221511902,0.010422269679152569,-0.08559868213127991,1.1237672354814316,0.005006749984018121,0.007783986703862933,1.2,0.8857728414699378,3.239765078457828,1.1606923738703276,56.190218939061914,56.013428770969334,56.19307565035367,56.06493476037199
141.0,6.5600000000000005,-0.0006464060832260701,0.0013316920117061306,0.6985118728843495,0.003968696886099825,0.008211370965358475,0.5624637843707754,-0.004537584620165766,0.013309234717927991,-0.048306900590941136,1.165818421883769,0.009552019004831073,0.008880647145813695,1.0485878466540355,0.8935401004935453,3.2388312615679387,1.1607807568633852,55.726406587907114,55.92084204183387,55.711634821663104,55.98612166865528
142.0,6.5920000000000005,-0.00038136509854582243,0.0016341926007520124,0.7166803475061136,0.008282530771257733,0.009453143407683797,0.5677648319301303,-0.0043729633927569855,0.015845899431980885,-0.013070776177400344,1.101468932573511,0.014579155817581601,0.009745971793091276,0.8249661978837197,0.9003752884343198,3.2378490997559055,1.1609344358740095,55.31880197330598,55.82295388502516,55.28852907584253,55.890388102882525
143.0,6.6240000000000006,4.463732992367425e-05,0.0019788594367537225,0.7349248107049441,0.01331257588967176,0.010770838625053432,0.5701394749634507,-0.004122297007314292,0.017950273829402195,0.017335100121351598,0.95039244097157,0.019988290072796778,0.010425867429006367,0.6730877195259553,0.9063902538222014,3.236801125303913,1.1611323045944786,55.0885383275885,55.591227431317414,55.04740175551466,55.65393153756822
144.0,6.656000000000001,0.0006500586533855403,0.0023680201498054243,0.753159550109495,0.0189194163581833,0.012161272282865671,0.5698356063922149,-0.003863606501479178,0.01960391312286989,0.042916413821424436,0.7995189419720949,0.025707436034840152,0.010975116112478497,0.5648985842063051,0.9116834233635372,3.2356720242184647,1.1613539775114,54.91778823600673,55.33673139473467,54.87289430029989,55.392432572635116
145.0,6.688,0.0014488786305433,0.002804000517403394,0.7713062637163375,0.024963124286180662,0.01362438648743692,0.5670848002138434,-0.0036365613061304937,0.02082905408839241,0.06443124162392241,0.6723658709006431,0.03168349651520656,0.011443778592213502,0.4852527558951282,0.9163414125599127,3.234448867685159,1.1615802104921362,54.767499581878866,55.09638007857163,54.72384840335255,55.14342036668185
146.0,6.72,0.002450902098855788,0.0032891255103970345,0.7892935514930525,0.03131323338476522,0.01516015603105125,0.5621027430223429,-0.0034605467711321916,0.021673350071271826,0.08271429810920718,0.5713224911172154,0.03787764025020299,0.011872986365341055,0.4252582384431004,0.9204404430527232,3.2331210432801747,1.1617930127882448,54.62596616087528,54.88007210997418,54.58682738569084,54.9169784472884
147.0,6.752,0.0036622764624952933,0.0038257171883839948,0.8070564003241198,0.0378554488637345,0.016768489937092495,0.5550890259708551,-0.0033464155258689406,0.022201299356146797,0.09848262524063423,0.49270517759357785,0.04426341799559573,0.012296540505230009,0.37935925855461194,0.9240475898863965,3.2316799694411977,1.1619755329419534,54.49077849940128,54.688434252936155,54.458198382181685,54.71392630480266
148.0,6.784,0.00508615008316563,0.0044161389007778325,0.8245357033632102,0.044496050645947985,0.018450678512307413,0.5462282199715744,-0.0033028061997506042,0.022488712497581224,0.1123051914964942,0.43188171543373255,0.05082660390045191,0.012744068107006443,0.3439399753387815,0.9272218791000288,3.2301186539629843,1.162111782740098,54.362370964506795,54.519309933106626,54.33751362842085,54.53234162020081
149.0,6.816,0.0067234167963482715,0.00506290308034579,0.8416778254563115,0.0511645847869575,0.02021138061149864,0.5356913154094147,-0.003339361336997634,0.022618614233937007,0.12462205447667049,0.38482030486805846,0.057565993248595834,0.013244257449778984,0.3165899586501833,0.9300152536080254,3.2284311462034423,1.1621862506065024,54.241786706542825,54.37006037253015,54.225146899555824,54.36979461844
150.0,6.848,0.008573504598108028,0.005768845428625524,0.8584342135461684,0.057815243804992325,0.022060698383741674,0.523637127808028,-0.003468533913244625,0.02267809802249541,0.13577341640006005,0.34839861097656594,0.06449473647798828,0.013827876780867044,0.29568789875852847,0.9324734231750623,3.2266119235001716,1.1621834457590587,54.129973956288545,54.23831026366502,54.12151742639862,54.22402396789429
151.0,6.88,0.010635176808436602,0.006537364772447471,0.8747610476356469,0.06442725657276789,0.024016229494435826,0.5102135652962007,-0.0037069675756590203,0.022756068225752293,0.1460261587040146,0.3203250204171258,0.07089179916811679,0.014378560393035618,0.28015328970117914,0.9346366123940548,3.224655243269326,1.1620874052141161,54.065835888768994,54.06447576785704,53.98867500658971,54.15072205036545
152.0,6.912,0.012907323336458405,0.007372730292280068,0.8906189324079559,0.07100457900068127,0.026105172494768646,0.4955588991346553,-0.003927425458066346,0.022188916551585402,0.1555978615101226,0.29897265518417276,0.07617306244107232,0.014835287696187086,0.2692897312646303,0.9365402189067682,3.222554483078551,1.1618811871824382,54.01446476576888,53.904118348790476,53.862060055573565,54.091138168230145
153.0,6.944,0.015382851383718768,0.008277940394253096,0.9059727891731552,0.07736025147688629,0.028287815686657104,0.47980802391247745,-0.0040294740742822036,0.020288849369926344,0.16467044391966124,0.28321785903059565,0.08110120291477363,0.015374273172334058,0.2622842901867741,0.9382153926379561,3.220308656112178,1.1615533975133148,53.897272632387725,53.864359867160616,53.819618379529715,53.936265420132116
154.0,6.976,0.018042468637837195,0.009252597511967423,0.9207916863714173,0.08311303919120078,0.030458034928572675,0.46309053744569106,-0.004166595518873453,0.01780164483367099,0.17339041471529024,0.2721308001171768,0.08545472779014783,0.015949098565960163,0.25832111931564233,0.9396895455214014,3.2179290149724045,1.1611047346549146,53.81639945377045,53.78862750222975,53.75824761261155,53.84125828735839
155.0,7.008,0.020861572733546493,0.010295309860616011,0.9350484621085419,0.08809700299091547,0.032584760895268364,0.4455242417851428,-0.00433526389352391,0.014880254947668045,0.18187846058288518,0.26482741995294623,0.08914091813839228,0.01656246423238713,0.2571884935051592,0.9409868000588332,3.2154320096840734,1.1605411240729395,53.74820367443603,53.719908736387936,53.70187696827996,53.76072761211921
156.0,7.04,0.023811708544323747,0.011403823078635555,0.9487194429540068,0.09219174408678911,0.03464103806311071,0.42721815142077835,-0.004533594516468102,0.011618054315104277,0.1902390499648851,0.2607927290217792,0.09209392692416662,0.017215940742129968,0.25872824080349227,0.9421283840517732,3.2128379392232924,1.159872432617096,53.688750365090605,53.660868773806904,53.65419593667516,53.69033548083201
157.0,7.072,0.026861443628832034,0.01257509901411938,0.9617842153929077,0.09530422139088389,0.03660237298386951,0.4082741387156533,-0.0047587407546546175,0.008106113580261129,0.19856631720041132,0.2597036383865754,0.09426438844969917,0.017910282077615542,0.262867417070305,0.9431329779655605,3.2101701749719216,1.1591117522394905,53.63760233327379,53.61103131064213,53.61525926313297,53.629175171029715
158.0,7.104,0.029977209464779008,0.013805398295219382,0.9742254221342688,0.09736768237334287,0.03844685253437501,0.388787710667533,-0.005006605951069316,0.00443687216424189,0.20694832205958483,0.26137149132961895,0.09561885127151445,0.01864539963589921,0.26961269032270696,0.9440170206096933,3.207454407041468,1.1582747067450616,53.59469816578611,53.56965412740436,53.584700309521125,53.576779551930514
159.0,7.136,0.03312414652213652,0.01509036897818864,0.9860285818221709,0.0983417830424222,0.040155333842789256,0.3688487402469413,-0.005271938007256665,0.0007019496149554991,0.21547038724785972,0.26571238493184407,0.0961400239845021,0.019420294398671496,0.27904518673133344,0.9447949781365301,3.2047178766672597,1.1573787466609498,53.55999741579959,53.53603598213167,53.562123573770684,53.532753800240634
160.0,7.168,0.03626693569090563,0.01642513800480672,0.9971819316480902,0.0982121615240346,0.04171153208181498,0.34854218205997817,-0.005548505220964446,-0.0030103560447910776,0.22421791718233564,0.2727307090576207,0.09582681150512508,0.020233000171371036,0.2913190890137469,0.9454795807601465,3.2019886134826674,1.1564424519234144,53.53344487966461,53.50953564782437,53.54715974450196,53.496715456517684
161.0,7.2,0.03937059551678216,0.017804402185946654,1.0076762913633464,0.09698936955864143,0.043102005660622916,0.3279487411017541,-0.00582930358591344,-0.006617224803123748,0.233278957000433,0.28251081120886357,0.09469403808301553,0.021080551300231957,0.306663845111363,0.9452803180909551,3.1992946992736884,1.1554848640039284,53.38155751094496,53.35614744219626,53.40606376755807,53.33486170069676
162.0,7.232,0.04240159146375534,0.019222322582855906,1.0174582266376837,0.09471862334291185,0.044310012403414076,0.3056854773230419,-0.006106807579973758,-0.010043502739346247,0.2427456630560396,0.29518267227209155,0.0927529318667179,0.02196176162660711,0.3254934208588596,0.9441806093803511,3.196660475752353,1.1545143396857211,53.235443229632274,53.2025943255963,53.26465501086377,53.17626092055266
163.0,7.264,0.04532848619027118,0.020672853423035986,1.0264750979351656,0.09146546020361991,0.04532908875562747,0.28177722804630767,-0.0063845350790889205,-0.013250967991898514,0.2527197667552199,0.31104048473210505,0.08996602519466403,0.022886288485432612,0.34874613217606626,0.9422184895814725,3.1941080370152597,1.1535367512062717,53.10746401509801,53.054587939400825,53.13046111419357,53.0325146001149
164.0,7.296,0.048122190709950476,0.022149869513188893,1.0346783122566485,0.08730326623997785,0.0461567528172783,0.25635044754634245,-0.006673405691906591,-0.016279175268443302,0.2633237102430393,0.3307156937524184,0.08635830313600894,0.023862778134244905,0.37743397834842857,0.9394335409099176,3.1916573110907587,1.1525562714636117,52.99103627293111,52.918837201569204,53.01180632626118,52.897132259239044
165.0,7.328,0.05075551364869089,0.02364715872676244,1.0420234764073868,0.08229134183563781,0.04679028792417329,0.22953637971057075,-0.006984959630689288,-0.019136791581936142,0.27470628051283746,0.3550356158069877,0.08198763701988677,0.0248994518336475,0.4127839274844281,0.9358663965905923,3.1893266999487184,1.1515762366067723,52.88664365961649,52.795361245220086,52.9097470972255,52.77003626491213
166.0,7.36,0.0532029939028839,0.025158467448361754,1.0484705089445943,0.07648375794353146,0.04722839754997853,0.2014697667877331,-0.00732969004793526,-0.02179912558254149,0.2870491091557081,0.3850324904256874,0.07691820794753265,0.026009602771618456,0.45650625685231194,0.9315587482380943,3.1871334240395375,1.1505997076030117,52.797305882552195,52.682336953101014,52.82328902142983,52.6523628851745
167.0,7.392,0.05544103178831836,0.026677600913465653,1.0539837462101003,0.06993868391982681,0.047472920784496796,0.17228866454706265,-0.0077215268173503986,-0.024234783662687918,0.30057798848037204,0.4220874794490627,0.07122843879746801,0.027214385548386535,0.5109387346296569,0.9265534508425846,3.185093555239036,1.149629719528185,52.72452313467044,52.579279144409774,52.753474055547166,52.54331302508546
168.0,7.424,0.057448065221168465,0.028198559516604448,1.0585320463451648,0.06271979477656582,0.04752995634808731,0.14213437922076785,-0.008181233135329964,-0.02640589476215459,0.31557861616595567,0.468074122241273,0.06501672861325467,0.028549722919123527,0.5792694829727566,0.9208946837119867,3.183221988614231,1.1486694618567606,52.67004369038848,52.48585069593986,52.701789970622954,52.44120152214563
169.0,7.456,0.05920477533471191,0.029715739822358592,1.062088894910536,0.05489719104823267,0.047411884554816965,0.11115151766784977,-0.008743060001711362,-0.028263413922476863,0.3324181889946962,0.5255426751610988,0.05841308239282822,0.030083545243980152,0.665820964143616,0.9146281047937559,3.1815323617660156,1.1477223975031494,52.63632641965544,52.40229036183519,52.66990452724253,52.34282742913272
170.0,7.488,0.06069433426812638,0.03122426990760725,1.0646325130964234,0.04654871666920201,0.04714156516402047,0.07948806830897902,-0.009471348936707414,-0.029736085276628806,0.3515744500128971,0.5979559616716582,0.0516063452298229,0.03196393624032973,0.7763668211274408,0.907800350014712,3.1800368968096158,1.146792297341651,52.62729448210442,52.33116972441182,52.65885489133994,52.241336211209415
171.0,7.5200000000000005,0.061902719880587875,0.03272065444601079,1.0661459336633305,0.037762050389421764,0.046762016825110705,0.04729439271584919,-0.010507419971931338,-0.030703715154240502,0.37367334405487856,0.6899667719768074,0.04489498351598842,0.03455543616333226,0.9183819410587001,0.9004528821623717,3.178746110996038,1.14588313856695,52.65067251755903,52.28084458029002,52.66477235079846,52.1209396117399
172.0,7.5520000000000005,0.06281913099243863,0.03420421687506359,1.0666167268338778,0.028637847245336124,0.04636132590789977,0.014712286579600373,-0.012203974366630016,-0.03094529756847225,0.3995342488310388,0.8076766049145988,0.03848716274150982,0.03846672730950973,1.0991856528253,0.8925811105807229,3.177668268942485,1.1449987124937082,52.71567695156563,52.23207853410959,52.66538912815811,51.982951353971345
173.0,7.5840000000000005,0.06343639579583296,0.035680653148118135,1.066034378829658,0.01928952510607278,0.04613863353295461,-0.018198375131867044,-0.015165896417391422,-0.030329619856230026,0.430190180020327,0.9577973179496371,0.030872855259354993,0.041656510238473214,1.2,0.8841163351973885,3.1768083496978443,1.1441414436214172,52.60801646967036,52.00495854196042,52.602367485876044,52.23661468538454
174.0,7.6160000000000005,0.06374922465826441,0.03716731564328163,1.064386241140545,0.009775901950982704,0.04645820297385912,-0.051504302784784135,-0.017393229715825624,-0.0305157236006479,0.4648483841430727,1.0824379859071762,0.0226404859513614,0.04313720312908557,1.2,0.8752086236770265,3.176168787575177,1.1433127804582894,52.3680831320862,52.019252296488986,52.58193290703983,52.46051568626574
175.0,7.648000000000001,0.06374706027908165,0.0386707870443693,1.0616699658911728,-6.763684946104945e-05,0.046983481283989624,-0.08488360154287881,-0.01719451981674511,-0.03152338469725026,0.5014561585373952,1.1428549897730682,0.015575793737786775,0.04608025650163303,1.2,0.8659809512846979,3.1757606378749204,1.1425250437394419,52.38641551977017,52.392842834577266,52.48372329918229,52.24871594346746
176.0,7.68,0.06342217536318476,0.040173613105864654,1.0578922062240743,-0.01015265362177832,0.04696331442173114,-0.11805498959683065,-0.017173970411100855,-0.031563325767944884,0.5389893473111322,1.172271778959974,0.009042746463164667,0.04971654913236041,1.2,0.8564824954799602,3.175597286668185,1.14179423405546,52.40184346954205,52.44359386052478,52.477690805007306,52.325027529864464
177.0,7.712,0.06277418815186529,0.041663324599173525,1.0530646480808588,-0.02024960035373325,0.046553484165902166,-0.15086119197548611,-0.017295917426242063,-0.030818855132532692,0.5769657630168329,1.1865531238491198,0.0029646505737965408,0.05375243733954348,1.2,0.8467540080691685,3.175685584459425,1.1411323256918264,52.43143250019219,52.4731340013782,52.51167824131832,52.41618923552879
178.0,7.744,0.061808286354805404,0.043132200423422626,1.0472032968337956,-0.03018443115812149,0.04590236950778436,-0.18316722647072192,-0.01729920735773348,-0.029514349596560897,0.6151532991445801,1.1934894293172436,-0.002577739710321072,0.05807165423471475,1.2,0.8369435271008683,3.1760275173935524,1.140548699547556,52.498418239242696,52.54196275902652,52.581991528823266,52.51240472630842
179.0,7.776,0.060534194871892655,0.04457485135311244,1.0403344946297481,-0.039815358841023385,0.045082841552806674,-0.21465006887648444,-0.01706005001253373,-0.02774684516031559,0.6534389544904274,1.1968554197776309,-0.007480026246032969,0.06255366622390388,1.2,0.8283103038487641,3.176621875397277,1.1400525513943418,52.78247398225673,52.82831486637123,52.870789103246295,52.81236989824232
180.0,7.808,0.05896390024970256,0.045987162245263474,1.032558729415181,-0.04907170694344051,0.04413471537971976,-0.24299266295522265,-0.016502256232190864,-0.02555397432707829,0.6917682167508838,1.198492960680532,-0.011516579057369709,0.06697815463101706,1.2,0.8207130673869124,3.1774705658826226,1.1396694413823387,53.031022330450135,53.099915298662005,53.161917449193616,53.086996323703865
181.0,7.84,0.05711462141170805,0.04736632181613658,1.023970803227644,-0.05778996368732838,0.04309873658978445,-0.2683726933605313,-0.015442036699725603,-0.022790137634855375,0.73011269619381,1.199289976199211,-0.01465711411599234,0.07123653176953518,1.2,0.8140274993004829,3.1785696402880115,1.1394182970072184,53.28846985575315,53.34894451798084,53.41243786899123,53.349123111560374
182.0,7.872,0.0550109539407061,0.04871105343380966,1.0146603220789565,-0.06573960846881086,0.04202286305228375,-0.29095253589648373,-0.013850899973013163,-0.0195379025364038,0.7684624876948393,1.1996717898215905,-0.01684807639610665,0.07519605240750561,1.2,0.8081441993844249,3.179906968938202,1.1393089683407278,53.53635497892955,53.582628205403665,53.64275481256104,53.595168745373286
183.0,7.904,0.05268452862217068,0.05002172838149629,1.0047120384337398,-0.07270079120423181,0.0409585921152071,-0.3108838639130221,-0.011746750569236044,-0.01591905361536296,0.8068157906333816,1.1998515510558438,-0.01805056363464282,0.07872328997344114,1.2,0.8029668954582939,3.1814624208004867,1.1393422394113981,53.77309633063319,53.80317309273881,53.856452114036024,53.825781556153764
184.0,7.936,0.050173115748273316,0.05130044737208787,0.9942061193235342,-0.07848165230929248,0.03995996845598703,-0.3283099721939246,-0.00918004064095087,-0.012068584614094055,0.8451744276405485,1.1999340383317931,-0.018246908535159964,0.08169195198182133,1.2,0.7984108680032986,3.1832086298700095,1.1395104397058444,53.99874265517974,54.012082724241225,54.05539414765825,54.04179023192394
185.0,7.968,0.04751942245388929,0.05255108482350799,0.9832183695539723,-0.08292791544950064,0.039082420356878575,-0.34336718029880753,-0.0062294355655858015,-0.00812469347563173,0.883541357499107,1.199970500658535,-0.01735863807586976,0.08391437997338903,1.2,0.7944015638429028,3.1851121030723575,1.1397984234577057,54.20325992294831,54.211158091635006,54.25137460020314,54.243358434150586
186.0,8.0,0.04476966496257624,0.053779289458895846,0.9718204301175768,-0.08592992160353277,0.0383813948558705,-0.35618560738736077,-0.0029207978995110426,-0.004137577296880317,0.9219189761556746,1.1999870113489812,-0.015518212954812143,0.08537604839637174,1.2,0.7908733761817545,3.187134587267024,1.1401848406672646,54.41667335024994,54.3987451462649,54.41595330666645,54.43382955604743
187.0,8.032,0.041973066340503774,0.05499263261536686,0.9600799697895926,-0.08739370693976453,0.037916973639719194,-0.3668893852495043,0.000558368157607087,-0.0003151887380854525,0.9603095186633865,1.1999932034638783,-0.012761297692749342,0.08599392597177229,1.2,0.7877685710399439,3.189233527741366,1.1406425595349488,54.6109999761263,54.57892418397227,54.57853256859838,54.61058117460794
188.0,8.064,0.039179171385655735,0.05620032715286432,0.9480608582754653,-0.08730921733900114,0.037740454296795546,-0.3755972348164802,0.004061760977883431,0.0032266659050118776,0.998712906213298,1.1999968830142833,-0.009159331424867044,0.08572169592299442,1.2,0.7850363425151506,3.191364768088639,1.141141313872851,54.79320885176789,54.75077231192166,54.733394837087026,54.775818908990395
189.0,8.096,0.03643600307146534,0.05741307190583713,0.935823361353663,-0.08572400981844971,0.0378982735304003,-0.382421778806322,0.007446537200916425,0.00640304584440804,1.0371274547228944,1.2000003737445015,-0.004802403090403022,0.08454430274513446,1.2,0.7826319814133326,3.1934844217111986,1.141649585032408,54.96405999544896,54.91448784397046,54.88088219634247,54.93045584279896
190.0,8.128,0.03378839809122137,0.05864286235129025,0.9234243453951319,-0.08273765563262411,0.038430951420409976,-0.38746924870409655,0.010574933422306577,0.009155749468435736,1.0755503154527597,1.2000042660531236,0.00020695172990200378,0.08247705508695957,1.2,0.7805161436437327,3.195550586550518,1.1421363612994118,55.12361097700534,55.070140057630184,55.021894609682946,55.075382593270604
191.0,8.16,0.03127650572682327,0.059902761846804056,0.9109174839247277,-0.07849663638744045,0.039371859234806385,-0.390839420950129,0.01332141428649994,0.011453556993627306,1.1139780378340296,1.2000082962973428,0.0057592263237038616,0.07956398037035288,1.2,0.7786542064064848,3.1975249149620653,1.1425727781421586,55.27190597209697,55.21766732821715,55.15721142878048,55.21148325784967
192.0,8.192,0.028934506534188806,0.061206637953244616,0.898353457393347,-0.07318747476982695,0.04074612832626747,-0.39262582910564553,0.015579933546906136,0.013291420754480806,1.1524071683178767,1.200011852058756,0.011743308959721421,0.07587458619976001,1.2,0.7770157016377066,3.1993739782825004,1.1429335713588242,55.40907831399125,55.35691705311202,55.28740105672559,55.33960972583984
193.0,8.224,0.026789606866700313,0.06256887073934492,0.8857801361699028,-0.06702811460901537,0.04256977456563436,-0.39291628823263197,0.017270229124640036,0.014688104338636421,1.1908347665825694,1.2000143157779892,0.0180513976767205,0.07149916891007985,1.2,0.7755738174411818,3.2010703664400806,1.1431982760554447,55.535383533213874,55.48769178958392,55.412802148708735,55.460551155450645
194.0,8.256,0.02486135375055715,0.06400404138315165,0.8732427375673688,-0.06025790987947377,0.04484908261896026,-0.39179370632918714,0.018342589733375454,0.015682380965337094,1.2292587489602915,1.2000152884357167,0.02458307885674496,0.06654304056848594,1.2,0.7743049593482401,3.202593474950401,1.143352117007246,55.651216965317474,55.60979777107673,55.53352233078665,55.575002678770275
195.0,8.288,0.02316129907262308,0.06552661040570866,0.8607839503572737,-0.05312670868543962,0.04758028195490662,-0.38933710031547086,0.01878065372216744,0.01632805520552211,1.2676780162267622,1.2000147002084762,0.031248282216442033,0.06112014240489731,1.2,0.7731883642264513,3.2039299477037186,1.1433865531664922,55.75711791567729,55.72309207670154,55.649451929433745,55.683536569243394
196.0,8.32,0.021693023686303076,0.06715059535753377,0.848444024161273,-0.045883605822500124,0.05074952974453476,-0.38562269362502377,0.018601939174943752,0.01668817812484535,1.3060923753634086,1.2000128113736388,0.037968961610997096,0.055346539599192786,1.2,0.7722057605192771,3.2050737627583334,1.143299459334559,55.85375745794985,55.82752377432565,55.76029462040453,55.786579549523275
197.0,8.352,0.020452512007794778,0.06888925756748966,0.8362608255557097,-0.038765989953384275,0.05433319406112145,-0.3807249564238519,0.017855999519588113,0.016828914862452544,1.3445023098808002,1.2000101199546485,0.04467949485066235,0.04933426113170777,1.1688170341026847,0.7713410692569639,3.2060259687313537,1.1430949499089544,55.910725823333394,55.95434729717715,55.834431797921056,55.91558266748514
198.0,8.384,0.01942884763156373,0.07075480667082905,0.824269869999894,-0.03198951175722019,0.05829840947935579,-0.3747173611192385,0.016611380658940567,0.016823462714684212,1.38236051336656,1.182870411794047,0.05130224538401824,0.043213999721560745,0.9800433331963176,0.7705801409461283,3.2067940996283393,1.1427828715765804,55.81961680351865,56.21294516999628,55.76204263313729,56.18002258105057
199.0,8.416,0.018605188624033032,0.07275813901514569,0.8125044569112522,-0.025739343985334326,0.06260413575989499,-0.36766915902005826,0.01491914251024384,0.016775156481338184,1.4166447554520898,1.0712276364293838,0.05769128775684069,0.037259590187145794,0.8028275850988795,0.7699105240325929,3.2073913061932355,1.1423780147569154,55.82820067321669,56.356253694449926,55.788651473619176,56.33419865770795
200.0,8.448,0.0179599722378572,0.0749086503816903,0.8009955037219006,-0.020163012067994715,0.06720348020451894,-0.35965478716723476,0.012882318593118471,0.016725524595214317,1.4461935558333212,0.923270721976411,0.06383843524360669,0.031683822062981926,0.6449707164634896,0.7693212611486817,3.20783524867399,1.1418990506418165,55.88692941605498,56.43546140115936,55.86334778663078,56.42801582357808
201.0,8.48,0.017468304543964128,0.07721407689924417,0.789771496275191,-0.015364615434158508,0.0720445786735585,-0.3507502327096745,0.010627396570065773,0.016673200585853108,1.4708254959618794,0.7696464312269126,0.0697862700082172,0.026634939889237503,0.5104409168878185,0.7688027098108399,3.208146803207022,1.1413672871591698,55.96928009429288,56.47891164796891,55.95963701482035,56.4868275185007
202.0,8.512,0.017103404586530802,0.07968034634368451,0.7788585382033738,-0.011403123669791411,0.07707092013876052,-0.3410299397442887,0.008283307990022654,0.016597671446347616,1.490872027424978,0.6263832750765616,0.07558303673207105,0.022200999605659327,0.39997237073979025,0.7683463846335391,3.2083487100790142,1.1408053669432299,56.06008120181529,56.50298903635136,56.06243664156579,56.52517242437681
203.0,8.544,0.016837983553092403,0.08231150401927588,0.7682804134368183,-0.008294407294949983,0.08222367736223023,-0.33056639895485934,0.005969662005900284,0.016473844380141288,1.5069086824346452,0.5011029603761276,0.08126331755021711,0.018418826373939243,0.31204625062220637,0.7679448184775144,3.208464273107156,1.1402360133327305,56.15032690437,56.51752315121487,56.1627998962549,56.551830488425715
204.0,8.576,0.01664548139380406,0.08510972020605916,0.7580586487039357,-0.006015692477760732,0.08744425583697728,-0.3194301479025813,0.0037902511049022892,0.01627999627055584,1.5195936918111121,0.3963838243224396,0.08685437273779167,0.015218895819823138,0.2428470332333961,0.7675914402602126,3.2085161861563583,1.1396809017572307,56.22886766861099,56.525894037785775,56.259413413281436,56.57653420846283
205.0,8.608,0.0165011154072575,0.08807536320606744,0.7482125778658868,-0.0045114370795800015,0.09267634375025895,-0.30768971368902764,0.0018976892704314385,0.016012795825523868,1.5295545101029617,0.3112602244565749,0.09234251616412863,0.012624498835919828,0.19022009462042389,0.7672804674289871,3.2085255339267755,1.139159704797312,56.307982040578494,56.538613476163306,56.33794338962966,56.59147247338946
206.0,8.64,0.016383435927245154,0.09120720842416989,0.7387593999001048,-0.003677483750385773,0.09787016306570138,-0.2954118114306886,0.00030924211922046596,0.015654728899161783,1.5373661881095437,0.24409787039342193,0.09771585057354017,0.010572957683632676,0.15089443406827163,0.7670068113375087,3.208510269038566,1.1386886155930582,56.37542605927438,56.55046509597786,56.407684825689394,56.6054595342865
207.0,8.672,0.016274457835252235,0.09450251375795138,0.7297142526181825,-0.0034055653747787277,0.10297829168067138,-0.28266085256007145,-0.0009480172346033426,0.015202968958097108,1.5435220455838,0.1923437869833365,0.10295329569178603,0.00898932647532218,0.12193121482386768,0.7667659939770076,3.2084851141729738,1.1382802913058185,56.432704270377165,56.562774345291466,56.466684013305475,56.61826422702905
208.0,8.704,0.016159899531738218,0.09795716641392493,0.7210902801270493,-0.0035799469848130194,0.10795789549917352,-0.26949914034790956,-0.0018578057626102483,0.014660913186212725,1.548426396767351,0.15322030518872684,0.10802975663631827,0.0077930789269105415,0.10081892449663282,0.7665540746997668,3.2084613446709223,1.137943679609926,56.48077159919927,56.575717822705855,56.51484207485642,56.62950137411822
209.0,8.736,0.01602931451721005,0.10156584166250386,0.7128986981233636,-0.004080781704005289,0.11277110151809137,-0.25598693761517943,-0.00242115740593948,0.014035468497693635,1.5523989866000798,0.12408872844009908,0.11291938957768267,0.006901819923546403,0.08546399513242421,0.7663675857357948,3.208446672130309,1.1376839459433914,56.52032351576904,56.5888112784914,56.55288030345495,56.638891473963305
210.0,8.768,0.015876048109396655,0.10532216131079039,0.7051488568305747,-0.004789575244168536,0.11738498900895394,-0.2421825403996524,-0.0026552947463623277,0.013335763013512187,1.5556844830801635,0.1026064187654878,0.11759747090081789,0.006235437093019297,0.0741635388906575,0.7662034754474994,3.20844529752126,1.1375025697112713,56.55205950766755,56.60139943317026,56.58170948046312,56.646141074459734
211.0,8.8,0.015697030775462605,0.1092188495892067,0.6978483013394383,-0.0055942916854390765,0.12177150870050968,-0.22814235909801217,-0.0025910519281710795,0.012572162045823026,1.55846373165356,0.08678139890583249,0.1220413916729864,0.005719528921828004,0.06556370526330109,0.7660590583937995,3.2084581228335187,1.1373975982773465,56.57665178445596,56.6128057040457,56.60227010994009,56.65098696492049
212.0,8.832,0.015492434019729402,0.11324788463016543,0.6910028298815291,-0.006393648616662589,0.12590734502995998,-0.21392098305966412,-0.002269841228925793,0.011755467916130054,1.56086504044606,0.07497314080202191,0.12623105623929565,0.005287998021939482,0.05861371522974475,0.7659319713865436,3.208483095877911,1.1373640329977326,56.59471528227475,56.62239527590947,56.61547004168675,56.65322775034113
213.0,8.864,0.015265219322739838,0.11740064295573104,0.6846165511582823,-0.007100459280923843,0.12977369767392516,-0.19957121010145945,-0.0017404468350981405,0.01089625515970673,1.562974645041829,0.06586697661019393,0.13014892510076911,0.00488484719138631,0.052521198245340794,0.7658201348201583,3.208515658429315,1.1373943169070542,56.60679762465585,56.629607302557936,56.62215701681958,56.65273045237689
214.0,8.896,0.015020612531436571,0.12166803350110963,0.6786919421140242,-0.007643962228227098,0.1333559545430811,-0.1851440326330679,-0.0010558352657946608,0.010004330043995483,1.56484599663712,0.058437543189824026,0.13377989329440942,0.004465244031776232,0.04671121783613516,0.7657217186417393,3.2085492660958583,1.1374788916860625,56.61338095476116,56.63397255963792,56.62310807509778,56.649421771635794
215.0,8.928,0.01476553619448437,0.12604061735715474,0.6732299074695807,-0.007971135529756257,0.13664324550140955,-0.17068858263885933,-0.000270148535709578,0.009088335050142404,1.5665077822166111,0.051909464874238594,0.13711114434007302,0.0039959310592928305,0.040789685348223775,0.7660229174301004,3.2085759482233223,1.1376067913699113,56.67942335766593,56.699657339553546,56.683562372868515,56.70780750908495
216.0,8.96,0.014508025209407544,0.13050892780508946,0.6682538046010164,-0.008047218283650818,0.1396347014979599,-0.15550321464263467,0.0005640372629292701,0.00815551862481702,1.5679704912552195,0.04571225848081076,0.14013972963668409,0.0034563148914467548,0.03452168841736127,0.7669255911266158,3.2085856662934322,1.1377662469233456,56.774633802192184,56.795807250710794,56.77346807909315,56.79705691082833
217.0,8.992,0.014256717467662237,0.13506339335221085,0.6637981592510087,-0.007853366929540829,0.14232704834754312,-0.1392389171877387,0.0013967288063711889,0.0072126717927728755,1.569232498433844,0.0394654400036323,0.14285939832728867,0.0028389537583826756,0.027817646137224192,0.7684033865883575,3.20856724556475,1.1379449069602703,56.861469102385364,56.884167216315014,56.85494339736123,56.87883645889722
218.0,9.024000000000001,0.014020331438135272,0.139694273102959,0.6598945503806449,-0.007387063422717675,0.14471499221087994,-0.12198777719886814,0.002178829507657843,0.006265074774182955,1.5702853483477814,0.032953709791192,0.14526123320500217,0.0021452869489405504,0.020674362564916702,0.7704293042562141,3.208509603918963,1.138130363478977,56.939587930753184,56.96395250004176,56.9282999038005,56.953052723417024
219.0,9.056000000000001,0.013807132180443056,0.14439171463848,0.656571512434321,-0.006662476802881729,0.14679504798503065,-0.10384493582262293,0.002867760484110882,0.0053163163677452776,1.5711175207000025,0.02607968550829216,0.14733862457680502,0.0013842575150883405,0.013152718848172462,0.7729755439427244,3.208402349845881,1.1383108279342973,57.00867170265279,57.03463078642545,56.99372795283938,57.01947673570719
220.0,9.088000000000001,0.013624460933646504,0.1491457927673282,0.6538544418896229,-0.005708476462392261,0.14856494152650626,-0.08490845452181407,0.0034308884715526134,0.004369114115343574,1.5717172510111153,0.01883448300099085,0.14908751826867658,0.0005709711494618793,0.00536165408381919,0.7760133613848265,3.2082363157681404,1.1384757362080795,57.06850592354427,57.095849651392335,57.051243857022605,57.077791444843236
221.0,9.120000000000001,0.013478367068055623,0.15394653897102845,0.6517655077502517,-0.004565433299715,0.15002331886563255,-0.06527919185535241,0.0038466867942550725,0.003426095297133632,1.5720746400700774,0.011275483359265662,0.1505071378606735,-0.0002752433136935678,-0.002560278635752766,0.7795129595813407,3.208003985790972,1.1386162405856308,57.11887599752207,57.14738093653911,57.10081160728197,57.127649716245
222.0,9.152000000000001,0.01337335722696871,0.1587839711624934,0.6503235671359002,-0.003281557533966038,0.15116975598327978,-0.045060644198482255,0.004105024521400749,0.0024910085307034194,1.572183115360102,0.003505991603488134,0.1516009243335917,-0.001132977233912803,-0.010462591868903592,0.7834434501738489,3.2076998008554933,1.1387255712826188,57.159577850906565,57.1890995464584,57.14235949483146,57.16871213316919
223.0,9.184000000000001,0.013312266940748952,0.16364813781967352,0.6495440895218536,-0.001909071444367427,0.1520052080368786,-0.024358675438956846,0.004206850871492188,0.0015701513990124879,1.5720402856894065,-0.004343785756783167,0.1523771703358303,-0.001980927276784967,-0.01819919587888967,0.7877729222576608,3.207320333349922,1.1387992600772896,57.190474644067,57.22094720909731,57.17576329724141,57.20071237269952
224.0,9.216000000000001,0.013296253124479386,0.16852919248060477,0.6494390958601018,-0.0005004317584239469,0.15253295815410142,-0.0032810519297425647,0.004163391765624657,0.000673288484301618,1.5716482286214377,-0.012134373842751487,0.1528485857323835,-0.0027999659589094867,-0.02564311563388619,0.7924686270981051,3.2068643299607364,1.138835226050795,57.21157761747254,57.24288116895464,57.20080858189334,57.223539997575784
225.0,9.248,0.013324900178309194,0.17341750853883486,0.6500171197148812,0.0008952204321815604,0.1527598768196987,0.018063245461855407,0.003994926046070081,-0.00018699254918930607,1.5710132550162614,-0.019733099136498303,0.15303056751273741,-0.003574914320334177,-0.032699152830744885,0.7974972232708086,3.2063326280298345,1.1388337297627977,57.223081718636394,57.25485590968141,57.21718050383478,57.237270527566764
226.0,9.28,0.013396427397163537,0.17830382681611462,0.6512831943236981,0.0022352255891982067,0.15269744616499223,0.03956483152552783,0.003729157028227617,-0.0009978837415268533,1.5701452117535983,-0.02702828382535531,0.15293917751380465,-0.004295861619743219,-0.039313833304312415,0.8028249776985045,3.205727957772992,1.1387972076683957,57.225283194260875,57.256887277606914,57.22453809774667,57.24207621231647
227.0,9.312,0.013507980465675931,0.18317940671021116,0.6532388629595858,0.00348603339101231,0.15236187169051668,0.06111464487149049,0.0033991988895272097,-0.0017496346136512098,1.5690564106821863,-0.03394106122987374,0.15259027264164307,-0.004958986313895066,-0.04548217979260083,0.8084178508555006,3.205054650107623,1.1387300035318744,57.21842344545197,57.249153605419174,57.222639544383604,57.2380738586673
228.0,9.344,0.013655984989444633,0.18803614410699337,0.655882205265148,0.00462514136777194,0.1517730436494442,0.08260444704881804,0.003041298558449805,-0.0024372845687432093,1.5677602886794635,-0.040434322534866826,0.15200002028639983,-0.00556692772310222,-0.05125142018245481,0.8142414891254036,3.204318275453593,1.1386380180385927,57.20260938277606,57.232015080540194,57.21139861502205,57.22526130784827
229.0,9.376,0.013836536516938095,0.19286663589913292,0.659207873401878,0.0056422352341706635,0.15095286850436052,0.10392712927281476,0.0026925162335960946,-0.0030599412820994138,1.5662698957186183,-0.04651864002027932,0.1511857623211469,-0.00612875503141928,-0.05672201865206876,0.8202612055386697,3.203525240546074,1.138528301081965,57.177871323892006,57.205924394985914,57.19082974131315,57.20359018474639
230.0,9.408,0.014045800664829048,0.19766419766789747,0.6632071367693371,0.006539504621592295,0.1499238052738923,0.12497698023309484,0.002388571014566592,-0.003618750372541939,1.5645962908308209,-0.05225534231368592,0.15016636596554228,-0.0066595401135327486,-0.06204619223029177,0.8264420095416787,3.20268236847048,1.1384086124680421,57.14426449663446,57.17132589850536,57.160968960191084,57.17307095798661
231.0,9.44,0.014280398688269615,0.2024228555706619,0.6678679377418667,0.007331188232517689,0.14870805946138793,0.1456500303915509,0.002161958828594179,-0.004115164215317567,1.5627469213096996,-0.05775693849109633,0.14896203807138503,-0.007179545840827691,-0.06742383594314627,0.8327486954255439,3.201796484265413,1.138286975959723,57.10191890742785,57.12861799537934,57.121849581195285,57.133818083052
232.0,9.472,0.014537756973538053,0.20713733064161577,0.6731749613520783,0.00804244641463869,0.14732734596730854,0.16584448781911315,0.002040379412024701,-0.0045501608313184,1.5607240664645359,-0.06318494170288343,0.1475939434403274,-0.007713081221013163,-0.07309581637352837,0.8391459686212477,3.2008740260542736,1.138171249338328,57.051034232840735,57.07816515144043,57.07352597605515,57.086038556138035
233.0,9.504,0.014816402586182532,0.21180302383024302,0.6791097204028183,0.008707675395139978,0.14580291214460148,0.18546122033562246,0.002045495034309221,-0.004924191701658699,1.5585234310883354,-0.06874509054551639,0.14608385994617026,-0.008287106566150887,-0.07933475819085967,0.8455985859951014,3.1999206994266527,1.138068730123382,56.99185771105561,57.02031846720964,57.016106245849436,57.03000416027677
234.0,9.536,0.015116190971202623,0.21641600254717372,0.6856506558867648,0.009368387031877834,0.14415558490408423,0.20440423387332854,0.0021920465747420365,-0.005237426082685097,1.5561329710272354,-0.07468004196295615,0.1444539329530014,-0.008929683782209407,-0.08643357297746102,0.8520714953681396,3.198941189909008,1.1379858130255345,56.924668588045165,56.95542562624665,56.94977290290552,56.96602998876206
235.0,9.568,0.015438456186584014,0.220972986509343,0.6927732516467172,0.010070787980668435,0.14240574881778972,0.22258111749851367,0.002487344713374621,-0.005490007644246966,1.5535320260940941,-0.0812597171761625,0.1427265157284144,-0.00966836629644611,-0.09469204405015356,0.8585299688455053,3.197938944620954,1.1379277112193285,56.84977287888174,56.883830962714555,56.874790670552315,56.89446189421545
236.0,9.6,0.015786078550912172,0.22547133066297606,0.700450161942007,0.010863198885254943,0.1405732548010332,0.23990344672780695,0.002931135002867574,-0.005682215458062641,1.5506908265413126,-0.08876956404507472,0.14092407163212853,-0.010528616877538878,-0.10440182224217968,0.864939730311623,3.1969160299033934,1.137898249277658,56.76750489446847,56.8058714624036,56.79150668180628,56.81566914665959
237.0,9.632,0.016163469058023502,0.22990900402714612,0.7086513507437566,0.011793453347229064,0.1386772926303142,0.2562871500546742,0.003515814026789233,-0.005814521643022056,1.5475704292047554,-0.09749705466977956,0.13906912094989882,-0.011532332140694684,-0.11583023416450472,0.8712670798964315,3.195873067270761,1.13789973135368,56.67823196377124,56.72187268845812,56.70034727272052,56.73003926601254
238.0,9.664,0.016576474082290786,0.2342845644012873,0.7173442419137901,0.012906407008352602,0.13673626169191208,0.27165284906354564,0.004226955731392494,-0.005887576912141527,1.5441231280724188,-0.10771678400340905,0.13718422033516514,-0.012696540582037869,-0.12920337226501766,0.8774790185592302,3.1948092458635835,1.1379328841877285,56.5823601742922,56.632146255171854,56.60181341983084,56.63797369199762
239.0,9.696,0.01703220753518142,0.23859712965255747,0.7264938797554604,0.014241670402832318,0.13476766410219243,0.28592618255219765,0.005044094526781933,-0.005902164129066797,1.5402933708428523,-0.11967459081567479,0.13529196234537916,-0.014032327103009393,-0.1446890381002962,0.8835433751633425,3.1937224059281424,1.1379968709740282,56.48033984517656,56.536989199208435,56.49647551645381,56.53988395156041
240.0,9.728,0.017538820576087008,0.24284634670334526,0.7360630996580876,0.015831657528299594,0.13278803283711832,0.2990381219570984,0.005941704967791992,-0.0058591571746000526,1.5360191971792307,-0.13357120080357757,0.13341497814681932,-0.015544021874554483,-0.1623802578789418,0.8894289371555745,3.192609184891986,1.1380893691973604,56.372669799682996,56.43668517738732,56.38496754189558,56.43618839249271
241.0,9.76,0.018105221139787162,0.24703235944716276,0.7460127086426617,0.017700017615629803,0.13081289824429665,0.31092528076793996,0.006890316025673307,-0.005759515193557366,1.5312341947283958,-0.14954600512762137,0.13157592061263154,-0.017228675848066435,-0.1822802845702493,0.8951055845953445,3.191465215418578,1.1382067033290166,56.25989960838014,56.3315074051322,56.26798039211991,56.32730971313836
242.0,9.792,0.01874075689501552,0.2511557767264294,0.7563016755469568,0.01986049235088619,0.1288567899770829,0.32153021575922314,0.007857700210222827,-0.005604332774144136,1.5258699443153,-0.16766174236054587,0.1298014832817148,-0.019127998076114695,-0.2048346305542203,0.9005442611283534,3.190285363426908,1.1383440217808833,56.138463260739876,56.21916815401733,56.1492760839427,56.21726274343994
243.0,9.824,0.019454875745781558,0.2552176413535645,0.7668873204298757,0.022316214086438642,0.12693326959797152,0.33080140259121565,0.008864466012092835,-0.005390493816606755,1.51984931871955,-0.18819159428466983,0.12811151052466044,-0.02117884411101556,-0.2293675112768445,0.9057173958449064,3.189063993679051,1.13849550619298,56.01927766959733,56.1073787082109,56.02093735233136,56.09753998168648
244.0,9.856,0.02025733919195914,0.2592194172277346,0.7777255248922862,0.025076982693049376,0.12505549606781582,0.33869388945032664,0.009841061863939678,-0.005121705713650236,1.5131031859734068,-0.21088389923747664,0.12652827348175033,-0.023348045302758358,-0.25546587207726895,0.9105989659380848,3.1877946887369046,1.1386540448203473,55.89639852574185,55.99072704506181,55.89035238484592,55.974351756885135
245.0,9.888,0.021157508556456896,0.263162950780659,0.7887709527139422,0.028130292640554902,0.12323542352888651,0.3451696194267485,0.010729614847911673,-0.004801554205329483,1.5055732454860271,-0.2353993338817326,0.1250737950189892,-0.02560663093960311,-0.2827181927960862,0.9151645775132321,3.1864709020281534,1.1388118446182778,55.76998613853516,55.869221548829216,55.75864629826019,55.84868632362354
246.0,9.92,0.02216376645251806,0.2670504440218825,0.7999772737458632,0.03144555925191131,0.12148416378823443,0.3501975322475339,0.011491735063909778,-0.004433650964504394,1.497213224057756,-0.2613610389110815,0.1237684263489517,-0.02791570083630613,-0.3105701482155643,0.9193915848913138,3.185086484512664,1.1389609252423252,55.641706190147886,55.74403802268438,55.625679112566075,55.72018371724752
247.0,9.952,0.02328315055155877,0.2708844330096629,0.8112973910662974,0.03498075309502218,0.11981215586813812,0.35375366626356664,0.012094891739717464,-0.004022865944317031,1.4879918884824461,-0.28829756871645806,0.12263047673726556,-0.030230483465287585,-0.33837686776472214,0.9231245947043561,3.183636009199625,1.1390934197787164,55.49000515697035,55.59326560896641,55.469746742037294,55.566803486234285
248.0,9.984,0.024520961259369995,0.27466780849038924,0.8226755178622027,0.038681584619100755,0.11823048377269756,0.35556646237204126,0.012511337095587258,-0.003575543155932209,1.4778963172815627,-0.3156351182953294,0.12167588838452092,-0.032486558379145034,-0.36526928960523114,0.9264096433398334,3.1821151431809143,1.1392011289187738,55.34974704644194,55.45110931175386,55.32411263591286,55.42128705584056
249.0,10.016,0.025880658344131398,0.278403733371056,0.8340595082568781,0.0424905338987938,0.11674765252083626,0.3557496998336064,0.01270569423893033,-0.0031002059186863665,1.4669363784429628,-0.3426596814220207,0.1209156236613586,-0.03463694021739126,-0.3905786618564507,0.9293004861390535,3.180520612640787,1.1392765688857838,55.22080104064482,55.317649740949086,55.192081486028066,55.28690870746153
250.0,10.048,0.027363562509729815,0.2820956351397271,0.8454014269718514,0.046340755174950496,0.1153719302709708,0.35443495984291384,0.012661629321357185,-0.0026065297964427774,1.455143763527235,-0.3686880258960306,0.12035639263702803,-0.03663384038322155,-0.41365585850019676,0.9318444278023671,3.1788505645566856,1.1393134457106797,55.102873012404245,55.19267838681692,55.07235482409793,55.16242078010191
251.0,10.08,0.028968737309505676,0.2857471986473672,0.856657247282426,0.050161712492995614,0.11411135961375368,0.3517443847054557,0.012373603896777875,-0.0021051734446876995,1.4425712823218646,-0.3930594721546814,0.1200002689637841,-0.03843044894894242,-0.43390542750343575,0.934083096466083,3.1771047602519538,1.1393068837722375,54.995348248696295,55.07575448515879,54.964064520118576,55.04704210505111
252.0,10.112,0.030692974060412555,0.2893623572126479,0.8677865818769757,0.05388239846583991,0.11297370516502235,0.34779170607967713,0.011844502264051376,-0.001607341243294714,1.4292916494441747,-0.4151518941646826,0.1198443847492969,-0.03998265790127062,-0.4508137768893395,0.9359408269514645,3.1752846656032285,1.1392535523428675,54.87885366315796,54.947777090838635,54.84778813267389,54.92151223589183
253.0,10.144,0.03253077599469825,0.29294530449841455,0.8787457177922584,0.05743131044642799,0.11196710268020726,0.3424729973525856,0.011084892091321304,-0.0011241989330527237,1.415395761100206,-0.4343976928588386,0.11988006110485565,-0.04123444019426814,-0.4638025841131838,0.9373556937398194,3.1733934316444588,1.1391509001225226,54.75679236794169,54.812042826425376,54.72502540254553,54.78739450907923
254.0,10.176,0.03447451368219441,0.29650047085264963,0.8894885100164943,0.06074180273425489,0.11109894856984628,0.33571225700737184,0.010098563073750013,-0.0006674862077612047,1.4009926933420735,-0.4502294539566607,0.12009282315913254,-0.04213514859547095,-0.472410636525128,0.9383212986778273,3.171435718817099,1.1389970343144702,54.63785263749538,54.677550225491096,54.605708372229365,54.654735514507514
255.0,10.208,0.03651453347097573,0.30003250327481623,0.8999697654827186,0.06375061839941626,0.11037601319270608,0.32753923331950746,0.008891657094115563,-0.0002485377487309628,1.3862076596091484,-0.46214424915174496,0.12046325046942293,-0.042645354628491325,-0.47634146219815954,0.9388332353045067,3.1694176506042124,1.138791063158285,54.52186802312449,54.544673598490455,54.4906697487849,54.5246530256046
256.0,10.24,0.038639243308241464,0.30354626031499765,0.9101454233088255,0.06639718241455404,0.10980490750566928,0.3179893070658424,0.007479555343171144,0.00012298054427126398,1.3711783878174462,-0.46975300716932733,0.1209675297868726,-0.042730576849783444,-0.4753817058459721,0.9388890475396506,3.167346780314732,1.1385331220673875,54.409459292590356,54.41440140495655,54.37997694617502,54.39754962851541
257.0,10.272,0.04083528055485839,0.3070468036561654,0.9199727248803612,0.06862616395677888,0.1093919794114914,0.3071031741104892,0.0058823083740785955,0.0004393813816277743,1.3560520489724568,-0.4727627471517164,0.12158864872768038,-0.04241164713809866,-0.46986319784717717,0.9384877249891739,3.1652319843629737,1.1382243343586609,54.296710735390775,54.285395003612834,54.277141025978594,54.276858560538386
258.0,10.304,0.043087716087048936,0.3105393884193114,0.9294103471502517,0.0703886103809545,0.10914327384831277,0.2949256959340789,0.00417253484363116,0.0007059934959710644,1.3409745992440054,-0.4712152594228239,0.1222945168036809,-0.04164606824559895,-0.45951036761299147,0.9376302606955171,3.163083325760945,1.1378667462501122,54.19280366289448,54.16347831385579,54.1746179115694,54.157123693368746
259.0,10.336,0.04538076665423215,0.3140294432553569,0.938418561586877,0.0716578302244754,0.10906421362642274,0.2815067011445388,0.002365098999220745,0.0009190678893588581,1.3260960728302376,-0.4649818458950305,0.12305383132301172,-0.04040669645176571,-0.4441826585111368,0.9363197073737866,3.1609114179052984,1.137462780556155,54.09458843454803,54.046623649577526,54.076574369170984,54.04134240460591
260.0,10.368,0.047697928131864735,0.3175225506749341,0.9469593953665297,0.0724112961760182,0.10915960686178745,0.2669010556141484,0.00046578978930533006,0.0010750709802340131,1.3115708587412398,-0.4539273440930204,0.12383966847394767,-0.038693530894888035,-0.4239732554150758,0.9345609385490038,3.1587273721531095,1.1370152745511641,54.000156827155855,53.934094961721264,53.985345331481035,53.93159084220384
261.0,10.4,0.05002201520680396,0.32102443438266526,0.9549967730280107,0.07262772109185069,0.10943386586659787,0.25116805192127906,-0.001501095968576129,0.001176543332081214,1.2975538383146967,-0.438037291621209,0.12462628669627882,-0.036510894062273945,-0.3989837840476406,0.9323605798634159,3.156542842336325,1.1365276171592358,53.91099508297926,53.82721997765092,53.90004081012193,53.82760188515599
262.0,10.432,0.05233537815988936,0.32454094105228876,0.96249664818743,0.07229259228391874,0.10989083342573422,0.23437109873185294,-0.0035084204871727513,0.0012289713229255148,1.284198428344237,-0.41735725739025864,0.12539123514259556,-0.033870182798975204,-0.3693479701518774,0.9297269542839116,3.1543698957107753,1.1360037180421947,53.827559828073454,53.72659935099286,53.820804935075124,53.7297282632022
263.0,10.464,0.05462014322981945,0.3280780168558992,0.9694271273195485,0.07139890843531527,0.11053361886282667,0.2165774728787038,-0.005528450620648857,0.0012404925811740166,1.2716551280403618,-0.3919775437380415,0.12611662467409393,-0.030789956504085933,-0.33523649719017967,0.9266700251756894,3.1522208622937415,1.1354479576371785,53.750179296115505,53.63270289162088,53.74787245396635,53.638384672269524
264.0,10.496,0.05685845631948516,0.331641681053562,0.9757585857873714,0.06994728405205342,0.11136450617696231,0.19785807711946557,-0.007533467842918611,0.0012216766099872444,1.2600702122435588,-0.3620286919467893,0.1267902114612969,-0.027295590642780795,-0.29686332924925996,0.9232013335733238,3.150108181330417,1.1348651356427741,53.679140399718754,53.545959202311074,53.68145683872272,53.55397658534029
265.0,10.528,0.05903272547666265,0.3352379975333865,0.9814637758616597,0.06794591116179637,0.11238488999451558,0.17828718982150824,-0.009496151218275304,0.0011852279263652962,1.249584386695508,-0.32768278898824066,0.1274062551512782,-0.023418775817013397,-0.2544957290494831,0.9193339265907061,3.1480442480191453,1.1342604196872408,53.6146912422304,53.46677018648497,53.621726214439526,53.47689903042991
266.0,10.56,0.06112585954956108,0.338873045193623,0.9865179261875779,0.065410439778076,0.11359523938238987,0.15794219768494586,-0.011389896909526336,0.0011455708582256744,1.2403312585614148,-0.28915942345149676,0.12796605594971086,-0.019196917939115522,-0.2084674280676269,0.9150822730587395,3.146041261630911,1.1336392938172573,53.55703622678844,53.39551242131037,53.568788489306854,53.40754431324943
267.0,10.592,0.06312150065673924,0.3425528879742524,0.990898831838065,0.0623637845993175,0.11499508689466813,0.13690330157772174,-0.013189088235700381,0.001118254378877641,1.232435501765017,-0.2467354803200191,0.12847800471474788,-0.01467249028430747,-0.15919360603409174,0.9104621623589166,3.144111075910082,1.1330075060712774,53.50633470375796,53.33252911620096,53.522675805019105,53.3463138954324
268.0,10.624,0.06500424794545051,0.34628354465302086,0.9945869337806906,0.05883585277222705,0.11658302121151505,0.11525318570704952,-0.014869296630343498,0.0011190469721799607,1.2260106322069235,-0.20075770345557004,0.12895686944536686,-0.00989243165996722,-0.10718571114417172,0.9054905862422385,3.1422650528459695,1.1323710143982897,53.46270684445084,53.27810871597405,53.48332772391823,53.29363788314944
269.0,10.656,0.06675986962905767,0.35007095650297176,0.9975653865136371,0.05486317761272357,0.1183566203109657,0.09307664790457809,-0.016407349560871223,0.0011624790080368348,1.2211563592173764,-0.15165650157040175,0.12942193721369394,-0.0049077657101997685,-0.05306350373105619,0.9001856187271867,3.1405139215126066,1.1317359304243675,53.42624755804021,53.23244974720924,53.45057965676606,53.25000547623964
270.0,10.688,0.06837549952065854,0.3539209463999857,0.9998201134805257,0.05048843411252714,0.12031218428168618,0.07046021771526724,-0.017781122685948426,0.001259486122083101,1.2179555492798602,-0.09995891399940914,0.12989379725055689,0.00022630772888419803,0.002439150341054574,0.8945663481095403,3.138867644733626,1.1311084610094038,53.39703799948929,53.19563560063646,53.42418277404209,53.21599291553307
271.0,10.72,0.06983981359956368,0.3578391547422948,1.0013398530563273,0.04575981496578561,0.12244401069715766,0.047491861743801475,-0.018968838228280233,0.0014139887033031806,1.2164709253872112,-0.04629792670809937,0.13039064802255868,0.005449745110886202,0.058479693657318685,0.8886529761481029,3.1373352975571613,1.130494847894594,53.375117597585174,53.1677061916494,53.403917146420696,53.192218070894796
272.0,10.752,0.07114318296285321,0.3618309268305813,1.0021162047280245,0.040730292602797966,0.12474287775895455,0.024260989740537676,-0.01994780073306654,0.0016194140933466752,1.2167417259010442,0.008585811081913077,0.1309273458547514,0.010697093430324461,0.11413002064533434,0.8824672055170056,3.135924961494206,1.129901304989671,53.36037376889698,53.14895931064285,53.38984816346539,53.17908578346584
273.0,10.784,0.07227780477231996,0.3659011236696872,1.0021436923534448,0.035456931545835776,0.1271936512220582,0.0008589882943832442,-0.020693311967791683,0.0018587348969642738,1.2187806523259634,0.06385518925855509,0.13152082187748187,0.01589879264787064,0.16842071080568236,0.8760328148981373,3.13464363360274,1.1293339486802771,53.35245305922097,53.140358449125166,53.38254471972045,53.17637724362773
274.0,10.816,0.07323782433206136,0.3700538582829866,1.0014198555890492,0.030000611241918676,0.1297729566656062,-0.022619898887361857,-0.021179711749567807,0.002112387457547544,1.2225715367075223,0.11860503107354999,0.1321980498488752,0.020985069530145464,0.22039655581047446,0.869375935819008,3.1334971363603774,1.1287987076766932,53.35102771398731,53.1433115493665,53.382768398698474,53.18331846437158
275.0,10.848,0.0740194705453422,0.3742922335229098,0.9999453518012094,0.024426444165026488,0.13244922624760017,-0.04607824336999573,-0.02138460822634083,0.0023707632047351708,1.2280682260335267,0.17190447036013834,0.1329951427279248,0.025889425586871708,0.2691639912234878,0.8625246289867748,3.1324900010102574,1.1283011939998597,53.35634042005329,53.15851080953329,53.390705764678266,53.19949729174488
276.0,10.88,0.07462121340216446,0.37861820608893704,0.9977240264035347,0.01880446427569543,0.135186642688351,-0.06941641867733156,-0.021293354073591918,0.0026382350520678154,1.235195064729825,0.22284159910234116,0.13394661278019382,0.030548759205312366,0.3139239992129467,0.8555080625225473,3.131625308524475,1.1278465332081007,53.36916765482917,53.18533222727309,53.405848476699035,53.22535430381268
277.0,10.912,0.07504391814094065,0.3830326274538415,0.994762926833907,0.013209523086755893,0.1379506676532637,-0.0925343615508673,-0.020899933913127604,0.0029241929584986935,1.2438489151158383,0.27056180477511177,0.135076834874516,0.034901915589306685,0.3539974671044059,0.848355894759925,3.1309045112639002,1.1274391815811107,53.39014656439085,53.222684918241114,53.42770850043817,53.26142749727073
278.0,10.944,0.0752909564850504,0.3875353857027517,0.9910722714038072,0.0077199482534295455,0.14071119527844428,-0.11533298219061965,-0.020205108231742146,0.0032326122905717786,1.2539022505832467,0.3142996343414102,0.13639869921484615,0.03888937491307059,0.38884428814616195,0.8410980504200944,3.130327279570308,1.1270827634360006,53.41946320230588,53.26985428770146,53.45623659258459,53.30766689197
279.0,10.976,0.07536825501689204,0.3921255476004732,0.9866653963745872,0.00241557912005136,0.14344255930379643,-0.13771484466312464,-0.01921486183687854,0.003558849286915106,1.2652069013714677,0.35340441770146486,0.13791520534759028,0.04245418711576918,0.4180722715072299,0.8337647216207488,3.1298913989382133,1.1267799409776684,53.45706464221281,53.32649438984369,53.491653992482526,53.36355282962859
280.0,11.008000000000001,0.0752842828196801,0.396801461331149,0.9815586951523415,-0.002624131162873211,0.14612230408361954,-0.15958441319517666,-0.017940116406832716,0.0038916924516075166,1.2775982192478446,0.38735743044065973,0.13962076227750492,0.045543303871135574,0.4414346636751965,0.8263864119514008,3.1295927183720322,1.1265323132952543,53.50287719483755,53.39234573370652,53.53421206259378,53.428434590786665
281.0,11.040000000000001,0.07504998627418953,0.401560828396954,0.9757715528451482,-0.007321767046580129,0.14873022080640572,-0.180848197099792,-0.016397071406268456,0.0042164800097799805,1.2908994406642154,0.4157789889408226,0.14150192866359146,0.04810889705270209,0.45881831221413494,0.8190200425172327,3.1294251426990525,1.1263403402437753,53.56119515960117,53.47144187405323,53.588442414603136,53.50603840705783
282.0,11.072000000000001,0.07467865343034435,0.40640077657661666,0.9693277981783966,-0.011604151370161749,0.1512483806144579,-0.20136733333598456,-0.014607516694171343,0.004517554176706065,1.3049260428121017,0.4384276717321262,0.14353875793493104,0.05010607542850633,0.4701932045182456,0.8125376374151648,3.129380755285372,1.126203606574978,53.76723498656873,53.69881060548709,53.790339362653874,53.731701612591046
283.0,11.104000000000001,0.07418514584952028,0.4113183097812422,0.9623033318942757,-0.015422111900752284,0.15367291264454713,-0.21951457137877795,-0.012594083208068627,0.004780277237709626,1.3194904553983822,0.455210804267172,0.14572448105707425,0.05138961314568802,0.47464606589073405,0.8068331209253451,3.1294525179265773,1.1261303355000891,53.94873782528594,53.90547530445455,53.985387081743006,53.950908556080144
284.0,11.136000000000001,0.07358664427145556,0.41630986067300474,0.9547691863393349,-0.018703174314522557,0.15598596536758,-0.23544204859190002,-0.01025495281620129,0.005003073629696432,1.3343853321392336,0.46551740049389395,0.14801876310282794,0.05196411155666378,0.47267178662632375,0.8018131464143037,3.1296305423053448,1.1261248500225185,54.127551985028866,54.10732453198559,54.156542799619224,54.14815270813279
285.0,11.168000000000001,0.07290365781816796,0.42137118137251245,0.946791923167765,-0.021343326665237434,0.1581662718596158,-0.24928947411156205,-0.00763867601021842,0.005170120330990808,1.3494027137701994,0.46932422558018944,0.1503795412326736,0.051820029528812525,0.4645921461135688,0.7973955688445873,3.1299010196283437,1.1261864785281237,54.29625107596764,54.298317103382225,54.3141809554967,54.3310432459486
286.0,11.200000000000001,0.07215961759796326,0.4264974626929383,0.9384339619823058,-0.02325125688139695,0.16019629126330806,-0.26118628704559893,-0.004821598067595563,0.005267513097022057,1.3643398241521283,0.4667973622018033,0.15276296585614724,0.050957826228733724,0.4507545934454588,0.7935081005832368,3.1302465780258153,1.1263098994523357,54.454698002493586,54.47835727056534,54.46077352143051,54.50128532838413
287.0,11.232000000000001,0.07138018947733123,0.4316834850881465,0.9297538658482349,-0.024357128769750942,0.16206319985025647,-0.2712530041897134,-0.0018904944881500852,0.005286557046947588,1.3790023669489713,0.45820617474583725,0.15512568353414985,0.049392191478127796,0.431552673793699,0.7900871285132485,3.1306469385133786,1.126485797801459,54.60344595582519,54.6478964920127,54.59774046028357,54.6599039279046
288.0,11.264,0.07059246817570479,0.4369237772701251,0.9208065951158033,-0.02461629067582751,0.16375913068683953,-0.27960221038850347,0.0010632498948331718,0.005224925034018125,1.3932069113692154,0.4438929712915329,0.15742734238630857,0.047153357267369425,0.4074287902568223,0.7870766730916586,3.131079705996047,1.1267016705879505,54.743051784937784,54.80733793483821,54.726234516787336,54.80780509102575
289.0,11.296,0.06982410747994536,0.4422127760045097,0.9116437368948117,-0.024011271742482226,0.16528121044951855,-0.28633931940598756,0.003948158041060639,0.005086886457938829,1.4067828875761048,0.42426003152417013,0.1596329239912701,0.044287302859594695,0.3788763133849042,0.7844274723206596,3.1315212384930002,1.1269427238848357,54.874029233711084,54.95698352371325,54.84724510662555,54.94582568918044
290.0,11.328,0.06910242987426847,0.44754498232080114,0.9023137153247971,-0.022552425177402715,0.16663144738410746,-0.2915631740629564,0.006676839479093782,0.004882807110875058,1.4195744247840048,0.3997646179938925,0.16171469336390606,0.04085503839916845,0.3464419787173115,0.7820961756421805,3.131947549221912,1.1271928149480779,54.996863249326566,55.097046527714625,54.9616217093499,55.07472898806816
291.0,11.36,0.06845355674244945,0.45291510973946303,0.8928619857826472,-0.020277285369344426,0.16781648183318376,-0.2953665481921841,0.009169775993911293,0.004628049200847423,1.43144213909935,0.3709179469417116,0.16365399632123281,0.03692867665684865,0.3107074901761504,0.7800446345651189,3.132335198339908,1.1274353944286801,55.11182692854761,55.22756877097188,55.070241978798286,55.195341963436256
292.0,11.392,0.06790159778671052,0.4583182204845657,0.8833312143702349,-0.017248717366841353,0.16884721078445894,-0.29783660663788475,0.011360985580509578,0.0043418176391031614,1.4422645597447152,0.33827474246783906,0.16544319090039739,0.03257998558687933,0.2722126177272358,0.7782392784173046,3.1326621337121057,1.1276544058326219,55.218575187572206,55.348228233978425,55.17430264445742,55.30889809701362
293.0,11.424,0.06746795888553876,0.4637498468113365,0.873761442329114,-0.01355121566161756,0.16973832271158734,-0.29905537628502665,0.013210520055733501,0.00404663717173623,1.4519380396000825,0.3023865825616495,0.16707796425993932,0.02792774375841145,0.23187187171393997,0.7766505650072281,3.132908419614501,1.1278350794514396,55.32140593966135,55.461463157808524,55.27100096404642,55.41300258929009
294.0,11.456,0.06717089867190988,0.4692060962068029,0.8641902333465191,-0.009283131675902499,0.17050779360832505,-0.2991002807060901,0.014656621393823096,0.0037590760447003364,1.4603830939981344,0.2640071663659168,0.168568188365935,0.02306722814466618,0.1903964045598922,0.7752524972063607,3.1330567213947695,1.1279644892795944,55.416505447850625,55.5646061711369,55.364737899098714,55.51108022303653
295.0,11.488,0.06702485274028604,0.4746837244164125,0.8546528083223054,-0.00456393536324515,0.17117588155029873,-0.2980445320066788,0.015673124183507196,0.0034976097905067547,1.4675438670749397,0.22387184542817454,0.16992978458332222,0.01809923519072817,0.14855405128620947,0.7740221975415974,3.133093025801273,1.1280323344979728,55.505530223236825,55.6585809130223,55.45450982631821,55.6027303131006
296.0,11.52,0.06704011206674661,0.48018019613255664,0.8451821611971762,0.0004768539518928273,0.17176474112950443,-0.29595772266028847,0.01625348412702809,0.0032770640808528475,1.4733887281186024,0.18273813150862453,0.17118405038202325,0.013123464557115664,0.10711852593716299,0.7729395338366057,3.1330070090143107,1.1280313747683826,55.5889789380012,55.743731048670135,55.54036766030695,55.688093971923855
297.0,11.552,0.06722269832849437,0.48569371515633103,0.8358091563515574,0.005705820679617521,0.17229746949294963,-0.292906401425586,0.01640816223215378,0.0031074918521868254,1.4779106189597115,0.14137630296327547,0.17235550499782612,0.00823395584265781,0.06683152083320557,0.771986789776213,3.132792208746601,1.1279576661722666,55.667124829291275,55.82032256799368,55.62244015089022,55.76742154070809
298.0,11.584,0.06757441479172814,0.4912232251046768,0.8265626087242773,0.010991139476055387,0.17279718588580542,-0.28895461335250144,0.016163985564524058,0.0029936401490414477,1.4811266245270966,0.10054440725402687,0.17347084548111974,0.00349728498845347,0.028221086809589787,0.7711483750030675,3.1324460208825333,1.1278106167731916,55.738779255377686,55.887770708135,55.70186877200087,55.842170601021316
299.0,11.616,0.06809307013217102,0.4967683800125463,0.8174693483884545,0.016207979388839833,0.17328609087092167,-0.28416438549446243,0.015581863707505687,0.0029362283170180936,1.4830740376881715,0.06087722619510072,0.17455228521648036,-0.000991574972040516,-0.007952860811472106,0.7704105700026994,3.131969522608057,1.127592862912568,55.808134509666,55.94950586730453,55.77508855762648,55.90903754801425
300.0,11.648,0.06877305949792485,0.5023294807625585,0.8085542698453628,0.021249667679807353,0.1737843984378795,-0.2785962044716155,0.0146981757915913,0.0029281025392781062,1.4838125685180368,0.0230801918661007,0.17562139455265963,-0.005170168739507696,-0.04120310217540108,0.7697613016023755,3.1313669371471557,1.1273097852455154,55.87216560759443,56.00360228442464,55.84503937593116,55.97073587526696
301.0,11.68,0.06960570413982571,0.5079073865152641,0.7998403779800588,0.02602014505940183,0.174309554772052,-0.27230912079075054,0.013567711846766509,0.0029597574691923407,1.4834206744229292,-0.012259396540148642,0.1766946021767191,-0.008986842099540539,-0.07114392174785962,0.7691899454100904,3.1306453382790482,1.1269692491154122,55.931656234612355,56.05112564042383,55.91086558982227,56.02693428484164
302.0,11.712,0.07057978874562994,0.5135034089203047,0.7913488272174473,0.030440143931382044,0.17487570015751655,-0.2653609613316105,0.012251417264974912,0.0030186711931316237,1.4819920598389875,-0.04466406999404612,0.17778303186122552,-0.012403365795602994,-0.09751560746147353,0.7686871519608796,3.1298141551029777,1.126581142998848,55.986728982436944,56.092773298226646,55.972326490283464,56.077688324363464
303.0,11.744,0.07168216946053489,0.5191191844223847,0.7830989583105349,0.03444939734077981,0.1754929844400009,-0.2578084033410114,0.010812342736923271,0.003090720115384561,1.479631898735793,-0.07377580328665043,0.17889219315670676,-0.015395393514106827,-0.1201873338757763,0.768244693725574,3.1288846036576388,1.126156837792609,56.037421291510555,56.12916934902951,56.02923821817083,56.12313628300838
304.0,11.776,0.07289840963223534,0.5247565329509333,0.7751083357255651,0.03800750536563912,0.17616714151714297,-0.24970695578030422,0.0093127844623399,0.003161495539297314,1.4764528595897262,-0.09936182496049872,0.18002220440153024,-0.017952234646349194,-0.13915122128898805,0.7678553304785052,3.1278690880329556,1.1257086106443093,56.08374805748415,56.16090203361701,56.08143765401436,56.163441263195445
305.0,11.808,0.0742134120661757,0.5304173102791537,0.7673927875593328,0.04109382606063595,0.1768992915068891,-0.24111088019475985,0.007811826183996483,0.0032174892820260115,1.4725711396377037,-0.12131385310510866,0.18116843932223636,-0.02007615290013776,-0.15451038486208568,0.7675126908210845,3.126780601942291,1.1252490654349678,56.12572051482993,56.18851187542722,56.128787830941214,56.19878259737184
306.0,11.84,0.07561202079775094,0.5361032616458392,0.7599664490385655,0.04370652286172622,0.17768598020892115,-0.2320730787739795,0.006363242952285676,0.003247070891514136,1.4681027089237935,-0.13964104325063295,0.18232247209979344,-0.021781256046989675,-0.16646285383585557,0.7672111679225544,3.1256321575974413,1.1247905780191205,56.1633573947284,56.212477817605055,56.17118598881934,56.229352808283586
307.0,11.872,0.07707956948447572,0.5418158842830748,0.7528418098528286,0.04586089646014956,0.17851945741361228,-0.22264497455427837,0.005013802408058801,0.0032412009028588316,1.4631599302121712,-0.15445782811957007,0.18347318587509706,-0.023092033680813355,-0.17528308347782573,0.7669458277718478,3.1244362647407553,1.1243447903915857,56.196692456969004,56.23320779032049,56.20856936996525,56.255355058046774
308.0,11.904,0.07860235812316492,0.5475563060320654,0.7460297649366364,0.04758714495903733,0.1793881796559557,-0.21287640363100416,0.0038019910589269625,0.0031938545410844996,1.4578486753173057,-0.16596814194986845,0.18460791472327273,-0.024041611111937814,-0.18130255757950325,0.7667123284392261,3.1232044781978825,1.12392217341371,56.2257788628601,56.25103416855513,56.24091852194238,56.27700087876588
309.0,11.936,0.08016804469117768,0.5533251862292051,0.7395396678982561,0.04892770525039866,0.18027750616061625,-0.20281553244938505,0.002757177718267712,0.003102157123718108,1.4522660110139094,-0.1744475353489364,0.18571350752240787,-0.02466980077112981,-0.18489067221764816,0.766506849026519,3.121947027522595,1.1235316727902973,56.25069072196451,56.26621357865313,56.268258583991475,56.29450827477769
310.0,11.968,0.081765943236848,0.5591226435510676,0.7333793861060767,0.049934329552197294,0.18117054130820082,-0.1925088060056068,0.0018992127752072165,0.0029662541142213526,1.4464984843162902,-0.18022451933665443,0.18677722992647883,-0.02502104289522711,-0.18643677200983153,0.7663260271433368,3.120672537459475,1.1231804478920613,56.271522321322294,56.27893038594108,56.290659089875334,56.308100035949266
311.0,12.0,0.08338722469862,0.564948213623462,0.7275553564648981,0.050665045680375324,0.18204906476232738,-0.18200092628682993,0.0012384496228634708,0.002788955728863862,1.4406210007281188,-0.1836622223970548,0.1877874533281728,-0.025142332084213962,-0.1863339278276166,0.7661669038861364,3.1193878432449664,1.12287370797523,56.28838565019908,56.28930326699797,56.30823270176972,56.31800190669309
312.0,12.032,0.08502502116572652,0.5708008370838382,0.7220726410934386,0.05118113959707861,0.18289448313675555,-0.17133485535810927,0.0007761618699783824,0.0025752090986917676,1.4346962611252174,-0.18514117160204774,0.18873411288045147,-0.025081224110310493,-0.1849648200232211,0.7664041255549926,3.11809790034624,1.1226146455313315,56.36418505212863,56.36017253200791,56.383911309798435,56.38721842360384
313.0,12.064,0.08667446421682307,0.5766789333431731,0.7169581629051892,0.051545095346766955,0.18369050810421503,-0.15982744338279342,0.000505529325635591,0.002331427940847958,1.4287747063999525,-0.18504365183092128,0.1896089083749387,-0.024893474567662544,-0.18275867250319203,0.7670957648475084,3.1168049341428747,1.1224051746159318,56.44584362993891,56.43823596956212,56.46556775736325,56.46403550042914
314.0,12.096,0.08833257966112067,0.5825803845808228,0.7122413400556032,0.05181610763429997,0.18442035117655406,-0.14740071404956132,0.0004218208751627077,0.0020628922841680413,1.4228937600559277,-0.1837757503001559,0.19040547124534563,-0.02461973297115411,-0.18002341593034266,0.7682258158543862,3.115509097635776,1.1222451615325533,56.5219552061195,56.51226875213902,56.539979768057535,56.53465688455876
315.0,12.128,0.08999824650773086,0.5885025485311028,0.707949498790619,0.05205208895656854,0.18506762344624988,-0.1341200395307585,0.000504368969763159,0.0017767632836341429,1.417079528907083,-0.18169074221169076,0.19111865006124368,-0.024296938078611767,-0.17703251533203337,0.7697774469334301,3.114208700874647,1.12213238043835,56.591980727417244,56.581365828396464,56.60735744942961,56.599339440931764
316.0,12.16,0.09167199983518746,0.5944423302171918,0.7041077747739405,0.052304791483018816,0.18561817769028097,-0.12005387552120247,0.0007243751595130153,0.0014803822001590108,1.4113481800550247,-0.17909918346982287,0.19174464253023982,-0.02395814194367053,-0.1740255444668532,0.771732987131892,3.1129004621133634,1.1220628222351017,56.65552215078019,56.64486227648863,56.66779216229322,56.65815748057289
317.0,12.192,0.0933557481020235,0.6003962759219724,0.7007390213265716,0.052617133338626144,0.18606080327439306,-0.10527354523027697,0.0010499554336657606,0.0011802466276947905,1.4057071728282182,-0.17627340143050443,0.19228097737165298,-0.023631161217963742,-0.171200253066216,0.7740739128783339,3.1115798443555227,1.1220310905012607,56.71232409191821,56.70231283848661,56.72127966988513,56.71099832985957
318.0,12.224,0.09505245545199427,0.6063606725246896,0.6978637251501241,0.0530221046865864,0.1863873938349121,-0.08985300551398587,0.0014485560224986997,0.0008816822008400665,1.4001565630388548,-0.17344512347411997,0.1927264169430631,-0.02333812200217464,-0.1687109407874939,0.7767808332760522,3.110241425353888,1.1220308289640708,56.762168728097166,56.75333841542087,56.767822839795386,56.75771642172518
319.0,12.256,0.09676581363394814,0.6123316449768719,0.695499929895818,0.05354244318605829,0.1865928891306953,-0.07386860169706487,0.0018888445315404091,0.0005888006556098234,1.3946903652658271,-0.17080355493167731,0.19308091976796,-0.02309543869144958,-0.16666958456219508,0.7798334763333137,3.108879275280864,1.1220551526145073,56.80486160302161,56.79761205563028,56.807439334266064,56.79815300017947
320.0,12.288,0.09849992335224163,0.6183052475794887,0.6936631678834476,0.05419092869667157,0.1866750813317752,-0.05739881288657415,0.0023423000115499206,0.0003046928735855823,1.3892979185483803,-0.16849519760554615,0.19334568811827332,-0.022914128873638064,-0.16514896983961863,0.783210682458704,3.107487321199748,1.122097060158363,56.84023278267718,56.83486114355233,56.84015530750803,56.83214203556915
321.0,12.32,0.10025900229676583,0.6242775470493487,0.6923664004592788,0.05497121701638139,0.1866343584331248,-0.040523982005276314,0.0027844830508802843,3.1808613622616346e-05,1.3839651960916688,-0.16662556782240623,0.19352326994157312,-0.02280040169401154,-0.16418741113055735,0.7868904143097735,3.106059680165401,1.1221498088900292,56.868143986023625,56.86486838729893,56.86599661241213,56.85951958436942
322.0,12.352,0.10204713424389118,0.6302446974689899,0.6916199678648579,0.0558791233476671,0.18647345061378867,-0.02332601857565201,0.00319595214721544,-0.00022757852842661007,1.378676004550907,-0.1652626479054137,0.19361763411743474,-0.022756449309621472,-0.1637946517554397,0.7908497918171559,3.104590945797726,1.1222072367705411,56.88850033859465,56.88746940330965,56.88497931775969,56.88013826844478
323.0,12.384,0.1038680701884338,0.6362030085236183,0.6914315499046647,0.056904248266956836,0.18619722045713755,-0.005888061256037464,0.0035628067594088426,-0.00047097876402939334,1.373413027510545,-0.16444176255745768,0.19363411873018915,-0.022781362121916254,-0.16395850068311993,0.7950651565261451,3.103076416756758,1.1222640205581866,56.90126326468627,56.902548518049564,56.89710175792529,56.89388345706465
324.0,12.416,0.1057250884559433,0.6421490082853353,0.6918061388803493,0.05803182085967191,0.18581249255365442,0.011705905490141933,0.0038768543405669586,-0.000695536457998734,1.368158679396725,-0.16417149181435428,0.19357919399646267,-0.02287208754038597,-0.16465174090736123,0.799512161017962,3.10151225967359,1.1223158630380454,56.906457729255486,56.91003644529423,56.90234227349992,56.90068455383321
325.0,12.448,0.10762091625393742,0.6480795000214007,0.6927460259634151,0.05924461868731613,0.185327866752044,0.029371471345806366,0.004135418256877856,-0.0008982180393345473,1.3628957498098955,-0.16444018539716956,0.19346007648161118,-0.023024361351515067,-0.16583884731852228,0.8041658709355058,3.0998956036309147,1.1223596065057393,56.904167374250264,56.90991298964225,56.90066639691213,56.90051542920554
326.0,12.48,0.10955771047412982,0.6539916098161553,0.6942508013987332,0.060524819381012375,0.18475343108608264,0.04702423235369148,0.004340827378636021,-0.0010762772869090439,1.3576078334519366,-0.16522262579831545,0.1932843166548263,-0.023233556583058472,-0.1674820966583042,0.8090008642354347,3.0982245679264118,1.1223932735305353,56.89451735314046,56.90221395076719,56.892042624461084,56.89338391027431
327.0,12.512,0.11153709134591604,0.6598828197708204,0.6963173679843594,0.06185565224331918,0.1841003110832835,0.06458020580081889,0.004499652084939111,-0.0012277887018597423,1.3522795558139542,-0.166486405348047,0.19305948891836344,-0.023495409683781096,-0.16954673636987144,0.8139913170543964,3.0964982290573513,1.122416039548299,56.87765299360578,56.887036750538144,56.8764600172677,56.87931758442262
328.0,12.544,0.11356021941561892,0.6657509816690736,0.6989399666256383,0.06322275217821499,0.18338005932041335,0.0819562075399654,0.0046217664023265196,-0.0013520051629309813,1.3468966174304577,-0.1681976383349389,0.1927930396531523,-0.023806593522458896,-0.17200498092407612,0.8191110749739391,3.094716536062613,1.1224281449011828,56.853725160227626,56.86453884451615,56.85393959428805,56.858355280356065
329.0,12.576,0.11562790463643215,0.6715943085551297,0.7021102126954972,0.06461516315041334,0.1826039651892512,0.09907018968309178,0.004719316124700705,-0.0014494033479022018,1.3414456884377126,-0.17032571251475884,0.192492261698466,-0.02416511336788936,-0.1748386974069308,0.8243337165280387,3.092880185244126,1.1224307564009828,56.822887623157634,56.83492771492882,56.82453659203096,56.83054843982847
330.0,12.608,0.1177407359584062,0.6774113454924935,0.7058171423596543,0.06602597881168913,0.18178240429261844,0.11584155200490891,0.004805661283287457,-0.0015214441345170763,1.3359141906117302,-0.1728468753894022,0.1921643257130216,-0.024570510529944987,-0.17804071753476983,0.829632618553543,3.090990465983444,1.1224257902039594,56.78530356837412,56.79844656483682,56.78833710601289,56.79596947813165
331.0,12.64,0.1198992202424171,0.6832009241323179,0.7100472686103189,0.06745263387534058,0.18092433249451337,0.13219144533326693,0.004894347093088993,-0.0015701831887324639,1.330290007092256,-0.17574653437191182,0.19181631425590331,-0.02502387057100982,-0.18161477940728926,0.8349810307457068,3.0890490892625495,1.122415708673823,56.7411546255157,56.75536115147384,56.74545475960212,56.754721213785494
332.0,12.672,0.122103920150014,0.6889621075087967,0.7147846471823343,0.06889687211240321,0.1800369805149622,0.14804308037548092,0.004998146818070172,-0.0015978768748552117,1.324561161356245,-0.17902022392440714,0.19145523831978473,-0.025527646898125672,-0.18557416977927021,0.8403521624354523,3.08705800995771,1.1224033040044457,56.69064749442701,56.70595073913631,56.69603064885955,56.70694318756969
333.0,12.704,0.12435558167885645,0.6946941316155208,0.7200109526741045,0.07036442277632632,0.17912575333512895,0.16332204661782104,0.005128213274825502,-0.0016066749931003797,1.3187155066409462,-0.18267326229170763,0.19108803944817493,-0.02608532308871355,-0.1899392075194697,0.8457192808254718,3.085019253172094,1.1223914807793915,56.634016807194996,56.65050313655932,56.6402364417314,56.652813893278136
334.0,12.736,0.12665524321685742,0.700396349378556,0.725705565105197,0.0718644230625303,0.1781943050948481,0.17795663847163992,0.005293370091633197,-0.001598429221837423,1.3127404645566543,-0.18671918921457295,0.19072158721309876,-0.026700946698135976,-0.19473377443338305,0.8510558178479609,3.082934753814339,1.1223830484968176,56.57152516391352,56.589312349179636,56.578278781845,56.59254993745412
335.0,12.768,0.12900431943039437,0.7060681812934779,0.7318456669280694,0.07340863167302943,0.1772447473413102,0.19187818196476203,0.005499566967527507,-0.0015746054509571347,1.3066228469073475,-0.19117714203022654,0.1903626785346796,-0.027378573156888457,-0.19998115293159033,0.856335482303162,3.080806217281286,1.122380533520807,56.50346179102966,56.522677464586,56.51040318472162,56.52640355477073
336.0,12.8,0.13140465499059717,0.7117090756696489,0.7384063502769095,0.07501048625633756,0.1762779492553433,0.2050213546512523,0.0057495144730557515,-0.0015362727192690933,1.300348787970246,-0.19606838550796352,0.1900180396407141,-0.02812166098529651,-0.20569946632850622,0.8615323743665494,3.0786350074719424,1.1223860180601648,56.43014084138828,56.450902044573766,56.43689639721758,56.454659517314255
337.0,12.832,0.1338585450142538,0.7173184803024174,0.7453607340421976,0.07668406323926927,0.1752938947740151,0.21732449266525353,0.006042504139682455,-0.0014841418356572127,1.2939038061598809,-0.20141225550021372,0.18969432715886875,-0.0289324593918443,-0.21189703528477172,0.866621100311545,3.076422066517077,1.1224010117437726,56.35189978836739,56.374293840069825,56.35808692097336,56.37763198840915
338.0,12.864,0.13636872104287306,0.7228958264905088,0.7526800902239775,0.07844300089435231,0.1742920683778548,0.22872988068062242,0.006374409822123473,-0.0014186332931439732,1.2872730047150107,-0.20722180493940234,0.1893981226612879,-0.02981142683130847,-0.2185679634014309,0.8715768860078904,3.0741678686661955,1.1224263592739552,56.26909798821348,56.2931648930773,56.27434382085759,56.295661549841874
339.0,12.896,0.1389383032815644,0.7284405255894839,0.7603339789325005,0.08029944495910403,0.1732718468429732,0.23918402214134402,0.00673785754524377,-0.001339961067355192,1.2804414114003841,-0.21349945185491095,0.18913591447392702,-0.03075671473075034,-0.22568824735928358,0.8763756882577479,3.0718724088540914,1.1224621856051518,56.182115309211895,56.20783211971103,56.18607410195058,56.209112473468934
340.0,12.928,0.14157072155578385,0.7339519776966276,0.7682903913531617,0.08226307106935775,0.17223287834823905,0.24863788814566043,0.007122543886885923,-0.0012482241059806538,1.2733944477760026,-0.22023292324489713,0.18891406110933412,-0.031763744811136696,-0.23321267363251236,0.8809943032927546,3.069535224685587,1.122507878211045,56.09135067742287,56.1186183999926,56.09371896339667,56.118370242377395
341.0,12.96,0.14426960892939283,0.7394295915674463,0.7765158999536281,0.0843402304252808,0.17117543346308384,0.2570471437645762,0.007515677705424839,-0.001143500437384577,1.266118509871626,-0.22739176682824128,0.1887387318814223,-0.032824901719128115,-0.24107271618196033,0.8854104718155165,3.0671554490196553,1.1225621043477862,55.99722040191909,56.02585411243306,55.99774921114426,56.02383929804517
342.0,12.992,0.14703867310098334,0.7448728144548222,0.7849758151693542,0.08653325536220327,0.1701007152304991,0.26437235049144003,0.007902516755453773,-0.0010259402509624888,1.2586016345799351,-0.23492466627770267,0.18861582192610557,-0.03392935550953462,-0.24917558942769874,0.8896029798950071,3.0647318890660835,1.1226228598511454,55.90015618291586,55.92987897960561,55.898660076751575,55.9259409726618
343.0,13.024000000000001,0.14988155152439386,0.7502811702351027,0.7936343477506633,0.08883995073157873,0.1690111181337632,0.2705791431659094,0.00826696933196483,-0.000895854582781065,1.2508342201576743,-0.2427577461271218,0.18855084090816368,-0.03506302132390131,-0.2574045405903776,0.8935517548869333,3.0622631269649934,1.122687544955443,55.80060275813613,55.8310440442203,55.79696566079212,55.82511155256096
344.0,13.056000000000001,0.1528016566766211,0.7556543039419613,0.8024547758886229,0.09125328600710107,0.1679104283393329,0.27563837931123664,0.008592231314304683,-0.000753795893116863,1.242809765241442,-0.2507939922053213,0.18854877708544818,-0.0362086567793264,-0.265620388517599,0.8972379554087111,3.0597476362127276,1.1227530619043133,55.69901519816119,55.72971357254953,55.69319319881717,55.721800409677954
345.0,13.088000000000001,0.15580201803618954,0.7609920306700406,0.8113996161623535,0.09376129248651359,0.16680396025247818,0.27952625855407937,0.008861430554536576,-0.0006006262829874346,1.2345255889952933,-0.2589138449114787,0.18861394102494516,-0.037346091426023596,-0.27366423694847364,0.9006440543015599,3.0571839080166847,1.122815928730274,55.59585591405065,55.626266679901,55.587877332596456,55.616468134894085
346.0,13.120000000000001,0.15888512716850947,0.7662943867352321,0.8204307972756043,0.09634716038499783,0.16569862703723334,0.28222440978908886,0.009058253157474907,-0.0004375687153842729,1.2259834955434108,-0.2669769495875,0.18875082942822796,-0.038460921942276995,-0.2814191415133289,0.9037538414475373,3.05457058167967,1.1228724034882183,55.490922399378874,55.52067731702731,55.4820838090327,55.51009765908759
347.0,13.152000000000001,0.16205279184824614,0.7715616809979245,0.8295098311131024,0.09898952124177086,0.16460294570913914,0.2837198074218149,0.009176112595532849,-0.00026512826324708375,1.2171893478279512,-0.2748565796201861,0.18896126672996283,-0.03952187578765998,-0.2886535893490789,0.9065526124178924,3.0519065734280537,1.122918612991333,55.38628906860584,55.4144878805732,55.37490940566504,55.401898632613246
348.0,13.184000000000001,0.16530608942521388,0.7767945247600335,0.8385979910609854,0.10166554928024177,0.1635263675659053,0.2840049983713446,0.00919676566382906,-8.577781279969567e-05,1.208154843651278,-0.282369746289316,0.1892457354519212,-0.04049478432797008,-0.295121302786343,0.9090272589785524,3.0491911121183843,1.122950596730646,55.281936717137235,55.30766291292134,55.267478974061525,55.29275900426554
349.0,13.216000000000001,0.16864520672089392,0.7819938877743889,0.847656493034667,0.10434741549000111,0.16248009419860668,0.28307818667754725,0.009098680387384409,9.693308580821488e-05,1.198898587541086,-0.2893001977623846,0.18960426401134373,-0.041353009397831784,-0.30063446962908547,0.9111662350382382,3.0464238983942673,1.1229644795988507,55.17735556214784,55.19994349828785,55.161198382856355,55.18394753418315
350.0,13.248000000000001,0.17206925069167225,0.7871611633847567,0.8566466704496611,0.10700137408682285,0.16147736282399308,0.2809430442185683,0.008870844268993268,0.00027999728594208726,1.1894455709434089,-0.29544844179812574,0.19003503483893877,-0.042068003417897216,-0.3049989876344108,0.912959586648265,3.0436053020433875,1.1229566881203654,55.07345313559791,55.09214730566534,55.05609566262266,55.07560367590036
351.0,13.280000000000001,0.17557616396982803,0.7922982082780936,0.8655301453271107,0.10959103994236792,0.16053265291677749,0.2776085899202985,0.008506488523292036,0.00046015068429978984,1.1798270351441333,-0.3006191156135406,0.19053579219820163,-0.04261920530425658,-0.30808188458574925,0.9143988916073229,3.0407364605715905,1.1229240742809778,54.970079565342886,54.98441328691324,54.953104351602576,54.968621705921066
352.0,13.312000000000001,0.17916268111569786,0.7974073690869332,0.874268990311464,0.11207866080843201,0.1596612752762376,0.27308890576104006,0.008010396072125437,0.0006352556191671613,1.170079369451099,-0.30465173180327376,0.19110273801233996,-0.042986533989906,-0.3097594576802826,0.9154772650250118,3.0378193436376746,1.1228640097935814,54.86812781167178,54.87760540680421,54.852149142953905,54.863102451329524
353.0,13.344,0.18282439537480286,0.8024914784092156,0.8828258848862766,0.11442857059703743,0.1588784163213345,0.2674029554629074,0.00739194763312997,0.0008035030566686227,1.1602434413563938,-0.30740654241028786,0.1917284992227687,-0.043136226580091946,-0.30982155292353597,0.9161895399662296,3.0348567116827034,1.1227743806767492,54.769403327068396,54.773080638333816,54.75249676432265,54.758479495110215
354.0,13.376,0.18655586610900945,0.8075538351239476,0.8911642769256675,0.11660846044395612,0.15819864733537442,0.26057475123096563,0.006647380099619041,0.000960909549548086,1.1503657686187525,-0.30870660850896164,0.19240602871920007,-0.04304751784339708,-0.3081510164846495,0.9165321751330253,3.031852039408581,1.1226535529868902,54.67268065637512,54.67016031434716,54.656132842877966,54.65643081680868
355.0,13.408,0.19035059624101813,0.8125982153382147,0.8992485343910132,0.11858531662527108,0.15763688169584733,0.2526330457920526,0.005781929046576387,0.0011048370905223932,1.1404974922871443,-0.308407998971997,0.19312677153877955,-0.04270148204796252,-0.30464696015684756,0.9165032367147182,3.0288095780431346,1.122500479732072,54.578742363688036,54.5695892244121,54.563039925261776,54.55714890927712
356.0,13.44,0.19420109385176207,0.8176288600713781,0.9070440899296907,0.1203280503357479,0.15720764791135586,0.2436111105836717,0.004804425495887103,0.0012330380623934844,1.130693611853471,-0.3063904584777393,0.19388126221566146,-0.04208256354490841,-0.2992330441270469,0.9161023767074505,3.02573433723251,1.1223147324841212,54.48800271312429,54.471880353743174,54.47353652328022,54.46102922525856
357.0,13.472,0.19809896327893406,0.8226504492486383,0.9145175786783557,0.1218084195991246,0.15692466178937936,0.23354652339578252,0.0037264282271711495,0.0013437801944417857,1.121012221100387,-0.30255762548862997,0.1946594225730402,-0.0411791515367928,-0.2918595442290427,0.915330806171756,3.0226320411286705,1.122096510169506,54.40082537055849,54.377497690411474,54.38795307852,54.368488433628656
358.0,13.504,0.20203501714609676,0.8276680647579675,0.9216369692181832,0.1230016833488342,0.156800484666538,0.22248095436960805,0.0025618846329384126,0.0014359365754508249,1.111513704190708,-0.2968382355579593,0.19545089908896074,-0.03998396465815686,-0.2825042134855266,0.9141912643620109,3.0195090666654942,1.1218466326802594,54.31755343776291,54.28688623234872,54.30660028751679,54.279931404641246
359.0,13.536,0.20599940570152964,0.8326871432169551,0.9283716876520888,0.12388714235727738,0.15684620184336348,0.21045995105955,0.0013268248476797301,0.001509042433914472,1.1022598980450407,-0.28918714165769266,0.1962454226785618,-0.03849433592591574,-0.2711727452295192,0.9126879849362433,3.016372366822813,1.1215665214589265,54.23851255323387,54.200473754641344,54.229765206788294,54.19574641966813
360.0,13.568,0.20998176030366694,0.8377134189609458,0.934692734847968,0.1244485813167907,0.1570711169997066,0.19753272487122564,3.903633723545784e-05,0.0015633148815783855,1.093313230549173,-0.27958604414494853,0.1970331735726783,-0.03671240665147704,-0.2578990377350186,0.9108266604220613,3.013229381160821,1.121258168609906,54.16401054886959,54.11866946476243,54.15771102485234,54.1163040833198
361.0,13.6,0.2139713478750441,0.8427528578705104,0.9405727969507941,0.12467461160553604,0.15748246592389353,0.18375194071331546,-0.0012822786265442952,0.001599633651429529,1.0847358424187539,-0.26804398728948814,0.1978051340588176,-0.03464522977128082,-0.24274535662688906,0.9086144060129798,3.010087935894519,1.120924096022255,54.094336614929816,54.04186276259681,54.09067744138221,54.04195677106483
362.0,13.632,0.21795723315446658,0.8478115827889074,0.9459863493025691,0.12455891498195239,0.15808515369990908,0.16917351099296818,-0.0026168542704805816,0.0016194840975312734,1.076588698156458,-0.2545976990529394,0.19855341348638644,-0.0323047838133638,-0.22580243948665488,0.906059723628465,3.0069561357544266,1.120567305921939,54.02976034839623,53.970422513486206,54.02888130566222,53.97303810230709
363.0,13.664,0.22192844566161007,0.8528957914209624,0.9509097539231759,0.12410039084823413,0.15888151975171683,0.15385639439396262,-0.0039437137358536226,0.0016248677217131525,1.0689306896637651,-0.23931183234908265,0.19927153336150608,-0.02970790003372105,-0.20718953458232744,0.9031724669704284,3.0038422497908237,1.1201912241529668,53.97053075692239,53.904696863641426,53.97251752165375,53.9098622238677
364.0,13.696,0.2258741484500301,0.8580116677663029,0.9553213506977641,0.12330321213812549,0.1598711357918904,0.13786239920588253,-0.0052415168794315665,0.001618190174892855,1.0618177352743186,-0.2222791297601672,0.19995466534618028,-0.026876105834219732,-0.18705431058003333,0.8999638079917737,3.0007545931263353,1.119799637326981,53.916875282349665,53.84501353783189,53.92176023701009,53.85272270480732
365.0,13.728,0.229783805958956,0.8631652883450907,0.959201542384966,0.12217679715393465,0.16105064308711753,0.12125599022505876,-0.006488900431059112,0.001602141697624503,1.0553018775683922,-0.20362048784850442,0.20059982051551195,-0.02383538697254274,-0.16557252126222857,0.8964462046639635,2.997701406454692,1.1193966247995883,53.86899896569172,53.79168045050306,53.87676422080653,53.80189086965009
366.0,13.76,0.23364734857461164,0.8683625247529609,0.9625328734968691,0.12073570673923849,0.16241363774594633,0.10410409724697149,-0.007664811031230626,0.0015795891255438702,1.0494303854412226,-0.18348484803275802,0.20120599190615107,-0.020615869146062685,-0.1429472652783853,0.8926333690809124,2.994690734834275,1.1189864862537588,53.82708399261462,53.74498624083415,53.8376661009257,53.75761352168867
367.0,13.792,0.2374553318625904,0.8736089444625158,0.9653001029912889,0.11899947774933635,0.16395061592358928,0.08647592170061758,-0.008748836060326618,0.0015534991909739715,1.0442448695014115,-0.16204879481376974,0.20177425014907255,-0.017251416823302695,-0.1194076542877715,0.8885402337281185,2.9917303070550507,1.1185736655278042,53.79129002274962,53.705199967670296,53.80458480864439,53.72011030161971
368.0,13.824,0.2411990887955411,0.8789097122789438,0.9674902705416564,0.11699240415470939,0.16564899426337376,0.06844273594898415,-0.009721541664077796,0.0015269054227719473,1.0397804247526894,-0.13951570632446753,0.20230777949705733,-0.013779145654273933,-0.09520670457697979,0.8841829123896406,2.988827416608492,1.1181626712599737,53.76175580246036,53.67256876624701,53.777620355981156,53.68957138520456
369.0,13.856,0.24487087359574797,0.8842694954060473,0.9690927559036249,0.11474327500646417,0.16749322272198428,0.05007766756151551,-0.010564829750231033,0.0015029107876761848,1.0360648201792833,-0.11611428599027049,0.20281181895092953,-0.010238848006491094,-0.07061830981954388,0.8795786513256686,2.9859888051376045,1.117757994985982,53.738602298051795,53.647312174202604,53.75685038691021,53.66615660607649
370.0,13.888,0.2484639959121591,0.8896923755298237,0.9700993306126799,0.11228507238784752,0.169465003868014,0.03145545965797106,-0.01126232193942233,0.0014846857023218586,1.0331177604055828,-0.09209631837277342,0.20329345218198297,-0.006672342648928728,-0.045933243435701286,0.8747457671172598,2.9832205492981343,1.1173640275695347,53.72193662023335,53.6296127995664,53.74232528999249,53.64999681091116
371.0,13.92,0.2519729438117849,0.8951817714018256,0.9705042010200793,0.1096546218633071,0.17154362100005996,0.012652200231229305,-0.011799764444761043,0.0014753899008833804,1.0309502485755209,-0.06773354594003207,0.20376119533733916,-0.003122778028659276,-0.021454266582341307,0.8697035707867259,2.980527952331681,1.1169849752798868,53.71185449663384,53.61960547216213,53.734064842103216,53.641196749144164
372.0,13.952,0.2553934934275282,0.9007403747910295,0.9703040416526104,0.10689217549197755,0.1737063559126213,-0.0062549802334020636,-0.012165424751032324,0.001477946472801057,1.02956408020705,-0.043313654839723284,0.2042243842149406,0.0003660666405295443,0.0025094591414207557,0.8644722828022592,2.977915442352066,1.1166247773706273,53.708438324379884,53.61736987557305,53.73206061122433,53.63983660410659
373.0,13.984,0.2587228022410093,0.9063701012585665,0.9694980181751648,0.104040900421284,0.17592895211053142,-0.025188233670175843,-0.012350430543624537,0.0014946542920822852,1.0289514938607272,-0.01913546472972991,0.20469244586777974,0.0037504426595680457,0.025648392941242947,0.8590729475598036,2.9753864801823178,1.1162870274487626,53.711749808152085,53.62293181623445,53.73628612318087,53.64596868441462
374.0,14.016,0.26195948234610883,0.9120720553519921,0.9680877997893925,0.10114625328436029,0.1781860654195484,-0.044069324555383274,-0.0123490024809852,0.0015267275854435295,1.0290949968410705,0.004496498743982299,0.2051741949659904,0.006987243584320166,0.04765882970632709,0.8535273555927423,2.9729434801290577,1.1159749009838047,53.72182059626289,53.63627355009157,53.74671115029692,53.65960887261885
375.0,14.048,0.26510365016537735,0.9178465083331985,0.9660775614630539,0.09825524435214109,0.1804516556626992,-0.06281994769808183,-0.01215856356057698,0.0015739293555619444,1.02996737581836,0.027277839966260892,0.20567727133094776,0.010034588803890188,0.06824912529308,0.8478579765220491,2.970587746913353,1.1156910908623803,53.73864708545775,53.657346905576055,53.763312249304796,53.680727287879215
376.0,14.08,0.26815695015670493,0.9236928862323515,0.9634739766575284,0.09541562472898694,0.1826993093485307,-0.08136202517267092,-0.011779751434658595,0.00163444717952247,1.0315318961740667,0.04891034232914793,0.2062077518254528,0.012852412797254992,0.08714576532197901,0.8420878989783281,2.968319431018002,1.1154377521281758,53.76219283078392,53.68608093389291,53.78607388161413,53.7092440865338
377.0,14.112,0.2711225516447202,0.9296097669677912,0.9602862011000568,0.09267504650047739,0.18490252298249116,-0.0996179861709883,-0.011216383847026307,0.0017050514068050172,1.0337426901562636,0.06910804828506743,0.20676989993493577,0.015403078637799342,0.10409906492097296,0.8362407697638766,2.966137503393673,1.1152164563850269,53.79239596762388,53.72238073595748,53.814981283773,53.74503244889578
378.0,14.144,0.27400511932090404,0.9355948868001978,0.9565258477849283,0.09008023988074472,0.1870349947627052,-0.11751104109776467,-0.01047541595160351,0.0017814610085172646,1.0365453299957093,0.08760317129678447,0.20736600492735469,0.017652008514074155,0.11888823533951073,0.8303407249854334,2.9640397494277293,1.1150281561308462,53.82917588391359,53.76612063356059,53.85001082925517,53.78792582343726
379.0,14.176,0.27681075869665744,0.9416451575838256,0.9522069530383438,0.08767623049229364,0.18907096198837026,-0.13496546083076658,-0.009566896276160065,0.0018587958870321028,1.0398775758127785,0.10415160556333597,0.20799629196084662,0.01956830735056185,0.1313255624945605,0.8244123091345357,2.9620227816772915,1.1148731595463843,53.87243539425147,53.817137082192076,53.89112263374676,53.837725118081266
380.0,14.208,0.2795469378931573,0.94775669664751,0.9473459333097549,0.08550559989062109,0.19098559574013876,-0.1519068665184023,-0.00850390106828594,0.001932018784214366,1.0436702799569204,0.11853778699438458,0.20865891416425955,0.021125353022020704,0.14125952557814736,0.8184803815634967,2.960082070994891,1.114751116715977,53.92205857821289,53.87522458418555,53.938256524014825,53.894203563707116
381.0,14.24,0.28222238696651175,0.9539248707621091,0.9419615323736568,0.08360778354232587,0.1927554410812193,-0.1682625292530672,-0.007302417682080387,0.0019963197155541644,1.0478484217547033,0.13057869546660358,0.2093500468129515,0.022301331678876823,0.14857680532985976,0.8125700120345687,2.958211995971086,1.114661018598529,53.977906600544365,53.94013489849717,53.991330101383575,53.95710936397774
382.0,14.272,0.28484697584546415,0.9601443548883121,0.9360747587665016,0.08201840246726225,0.19435887894384327,-0.18396167522359894,-0.005981153365057861,0.0020474328230427542,1.052332241658773,0.1401268687491106,0.21006409556093203,0.023079702199445426,0.15320324754285047,0.8068616105904205,2.956405910772553,1.1146012101269385,54.06564762958682,54.0374123137358,54.076071332244894,54.05200113292095
383.0,14.304,0.2874315338170107,0.9664092489654769,0.9297179633590781,0.0807674366108297,0.1957779399113997,-0.19864985648198452,-0.0045612101707425854,0.0020818826034485014,1.0570385486130862,0.14707571837056704,0.21079365233408914,0.02342932163807593,0.15497131280695098,0.8018382173195701,2.954656591171402,1.114571005612178,54.2340536018505,54.21584468936097,54.243997182004726,54.23062371674872
384.0,14.336,0.28998766975361745,0.9727132188053017,0.9229527265440111,0.07987924801896092,0.19699905749452612,-0.21141365047084423,-0.003043628608313739,0.0020961342751260564,1.061879645775905,0.1512848944729436,0.21152930304522305,0.023288759270382736,0.15351762757766094,0.7974176312412217,2.9529568399232664,1.1145735100118193,54.387492230265956,54.38008468758694,54.4019698027089,54.40044641296904
385.0,14.368,0.2925279394142222,0.9790493109461724,0.9158365403512138,0.07938342689389921,0.1980028794022098,-0.2223808185249155,-0.0013884473947052356,0.0020853080903328897,1.0667589966312296,0.15247861094595594,0.2122616976029002,0.022678726165579394,0.14901521648365926,0.7935275154922751,2.951297893412935,1.11460932856139,54.53466871949389,54.538592585889724,54.54422723774787,54.55415694920121
386.0,14.4,0.2950661750939954,0.98540974004263,0.908423131683426,0.07931986499291187,0.19876340926430047,-0.2316690208683662,0.0003660035651108163,0.002048665101013892,1.0715789037686987,0.150621520124153,0.21298064842958064,0.021613843020040505,0.14159098451786156,0.790104213633202,2.949669034404158,1.1146761688173028,54.67263924260413,54.68781405113295,54.67582387876785,54.696771212664196
387.0,14.432,0.2976171694735717,0.9917860761843914,0.9007627432955009,0.07971857436175893,0.19926050443004242,-0.23938713712266085,0.002168231523841235,0.001987342517648062,1.0762433741693371,0.14576703733434923,0.21367662767507917,0.020114872097654474,0.13140452396836844,0.7870917079972178,2.9480579199742167,1.1147692115122774,54.80165311781174,54.827784121498595,54.79828395404245,54.829603003819514
388.0,14.464,0.3001962402982005,0.9981695019899456,0.8929023819630724,0.08059596326965075,0.19948205642356787,-0.24563629163839076,0.0039636833593822175,0.0019043271450915242,1.0806600309548764,0.1380278479094723,0.21434161223382162,0.018210428680016655,0.11865882084931693,0.7844407030375518,2.9464510511389257,1.1148816363415595,54.922265358467726,54.95887265669411,54.91259858270389,54.95346739271814
389.0,14.496,0.3028187606003191,1.004551090615632,0.884886039425987,0.08195375944120523,0.19942464455270284,-0.2505107042839181,0.005698278704476749,0.0018043691409634342,1.0847417596819509,0.12756763019748277,0.214969796241354,0.01593706676720813,0.10360130269431123,0.7821078186730456,2.9448342911065635,1.11500520364087,55.035008510402584,55.08142369142754,55.01959777513638,55.069047904124126
390.0,14.528,0.3054996857233504,1.0109220878323875,0.8767548901283344,0.0837789100947283,0.19909366302360548,-0.2540984155516427,0.007320990340951671,0.0016937261704531076,1.0884082432080548,0.114597680771742,0.21555812342881048,0.013338781351718482,0.08652196720126194,0.7800548804322801,2.943193396976718,1.1151308542076275,55.14036816664831,55.19572697631559,55.11999984113728,55.17694388575192
391.0,14.56,0.30825310093553016,1.017274185616776,0.8685474687339403,0.08604422538061726,0.19850305576214045,-0.25648191857481606,0.008786055779451336,0.001579738418970125,1.0915874062490496,0.09937428772739405,0.21610659188068007,0.010466077095501902,0.06774929064799567,0.7782482947804065,2.9415145377848937,1.1152492980274038,55.23878915634592,55.30203020210235,55.214421477867525,55.27768042042869
392.0,14.592,0.3110918105325196,1.023599775937428,0.8602998295369316,0.08870967490592031,0.19767469752037647,-0.2577387249065204,0.010054820166876194,0.0014702711471105496,1.094216740958027,0.08219525755683582,0.21661830074062077,0.007374675903843025,0.04764399025252053,0.7766584994067577,2.939784774870367,1.1153515658083588,55.33068181478388,55.40055591270151,55.3033829550676,55.37171392636723
393.0,14.624,0.31402698620897174,1.0298921745538354,0.852045689232823,0.09172423988912894,0.19663745676273114,-0.257941884503395,0.011097156815350121,0.0013730796298593068,1.0962444638851014,0.06339488516969113,0.2170992319275069,0.004123946772164627,0.026590749072055074,0.7752594794779468,2.9379924838461213,1.115429500576846,55.41642569923087,55.491517911187984,55.387313075898945,55.45943740833238
394.0,14.656,0.31706788870891994,1.0361458060386695,0.8438165541019258,0.09502820312338135,0.1954259839010637,-0.25716047284053667,0.011892423061181632,0.0012951604565769532,1.097630447774749,0.043337095905313414,0.217557785734667,0.0007751541765701198,0.004988151774747828,0.7740283419405932,2.936127701458386,1.115476170690559,55.49637118273421,55.575135811312194,55.46655483101081,55.5411859789551
395.0,14.688,0.32022167246886624,1.0423563429235645,0.8356418324869663,0.0985557424983216,0.19407927765296967,-0.25546005046748316,0.012429930101892283,0.0012421546092978137,1.09834687338097,0.02240677209541906,0.21800411375676293,-0.0026103737250528086,-0.016762750529495694,0.772944940907722,2.934182385222183,1.1154861903820645,55.570839614716455,55.651646908501796,55.5413720822965,55.617242879010824
396.0,14.72,0.3234932783630221,1.0485207938378913,0.8275489334891055,0.10223768419237088,0.1926390910727131,-0.25290309368315006,0.012708928816254876,0.0012178619114841343,1.0983785546409952,0.0009995022203718434,0.218449312622989,-0.005973058985608196,-0.038270660698690756,0.7719915479987954,2.9321505786896043,1.1154559391438612,55.6401227179464,55.72131469135273,55.611957427789406,55.68784610605931
397.0,14.752,0.3268854149980559,1.0546375377221051,0.8195633530014896,0.10600426984480595,0.19114824638168088,-0.24954939023799616,0.012738137579943022,0.0012239141461703193,1.0977229040795298,-0.0204898134310206,0.21890455483586319,-0.009256781595706712,-0.05916632433224991,0.77115256223894,2.9300284802920937,1.1153836766511278,55.70448184816912,55.784433506822005,55.67844124274675,55.753195627698766
398.0,14.784,0.3303986245517417,1.0607063035851434,0.8117087484706021,0.10978779855268056,0.1896489332199462,-0.24545639159023377,0.012534861069545789,0.0012596368323736266,1.096389523224757,-0.0416789053928629,0.21938023699193882,-0.01241040714019559,-0.07911410667825937,0.7704142547702673,2.9278144186191946,1.1152695552095644,55.76414767151336,55.841329189371216,55.7409017214113,55.813461008695036
399.0,14.816,0.3340314251682111,1.06672809774123,0.8040070040434567,0.11352501926466936,0.18818106737770302,-0.2406795133482948,0.012123768987028579,0.0013221094096977774,1.0943994236869174,-0.06220992331557906,0.21988522047817305,-0.015389077050046385,-0.09782210172798206,0.7697645441978352,2.925508741476834,1.1151155366267513,55.81932069702412,55.89235583662953,55.79937557924605,55.868789153290244
400.0,14.848,0.337780518643172,1.0727050828796323,0.7964782879538078,0.11715917109252756,0.18678078557507455,-0.2352723778015276,0.011535418540538722,0.0014064129175584074,1.091783906443374,-0.08176033322244836,0.22042622641151702,-0.01815522089925302,-0.11505013133033586,0.769192798894095,2.9231136298577627,1.1149252246689725,55.87017293489604,55.93788929309749,55.85386895220072,55.91931178643082
401.0,14.88,0.34164104972855397,1.0786404155483835,0.7891411040750166,0.12064159641818675,0.18547914589847597,-0.22928699621222579,0.01080461290555521,0.001506035711986878,1.0885831475365326,-0.10005223592822313,0.22100742723963523,-0.02067926583521007,-0.13061517858634367,0.7686896630268036,2.920632850859097,1.1147036276606248,55.916850751751355,55.97831821073149,55.90436797833678,55.965152289989135
402.0,14.912,0.3456069019517023,1.0845380505250204,0.7820123395002617,0.12393288197338505,0.18430109301990194,-0.22277389296108932,0.009968689198202253,0.0016133934906603987,1.0848445556223352,-0.11685954543601132,0.2216302548552021,-0.022940032139564873,-0.14439402820899044,0.7682469034635873,2.918071465477943,1.1144568681592892,55.95947879286793,56.01403373087314,55.950848580201594,56.006431573288296
403.0,14.944,0.3496710143852782,1.090402521975206,0.7751073098096056,0.12700351354924694,0.18326473281830136,-0.21578217783300277,0.009065824219900275,0.0017204112941007624,1.080620978855451,-0.1320126508596609,0.22229342229421645,-0.02492481616926226,-0.1563231210027648,0.7678572750479568,2.915435508075032,1.114191857929369,55.998164671553255,56.045418852779946,55.9932850734925,56.043272772838236
404.0,14.976,0.3538257042427125,1.096238712166199,0.7684398033782938,0.12983405804482112,0.18238094346852818,-0.20835957597849558,0.008133435788668908,0.0018191126904383852,1.0759688444500684,-0.14540039929829107,0.22299313581977534,-0.02662917296558881,-0.16639583776283415,0.767514402042202,2.9127316541733403,1.1139159566594692,56.03300401511213,56.0728384377982,56.03165738041545,56.075804711587566
405.0,15.008000000000001,0.35806298136672304,1.102051618751,0.7620221257165585,0.13241491012533,0.18165333077503604,-0.2005524269292276,0.007206743778148812,0.0019021646358523276,1.0709463137499762,-0.15696944902488458,0.22372345855635356,-0.028056421097895662,-0.17465758734109074,0.7672126737971378,2.9099668922796873,1.1136366321162399,56.06408541837774,56.09663059230884,56.06595678838883,56.104164167722544
406.0,15.040000000000001,0.36237484244141654,1.107846131261545,0.7558651444577524,0.1347456585841718,0.18107851595453012,-0.19240566433768852,0.006317539983172414,0.0019633345054161093,1.0656115293914894,-0.16672122594290104,0.22447677714923486,-0.02921690201733118,-0.18119917449097622,0.7669471529414812,2.907148213754085,1.1133611378473491,56.09149488773985,56.11709993424157,56.09619033261527,56.128497080305856
407.0,15.072000000000001,0.3667535348964977,1.1136268264820262,0.749978335273861,0.13683413922128604,0.1806467256400336,-0.18396278699660593,0.005493201160958948,0.001997827167486321,1.0600210203250042,-0.17470685424529447,0.22524431963835537,-0.03012703512465517,-0.18614896676772383,0.7667134945885035,2.904282332595406,1.113096222316465,56.11531944708975,56.134513024109616,56.12238397159192,56.148958844661784
408.0,15.104000000000001,0.3711917828027702,1.119397790893741,0.7443698287287628,0.13869524707101574,0.18034263786608618,-0.17526582953432038,0.004755965969495566,0.002002483342194538,1.0542283165488346,-0.1810205177206715,0.22601667550594723,-0.0308082173381916,-0.18966437536947575,0.7667332985903935,2.9013754445485374,1.1128478806607918,56.173162402367154,56.18660875750828,56.18209745863058,56.20322653408468
409.0,15.136000000000001,0.37568304018909665,1.1251624681099794,0.7390602661182957,0.14035179332270117,0.18014616300745367,-0.1659238315770971,0.004122553722317045,0.001975814307539004,1.0482827078251005,-0.185794930881735,0.22678296248376362,-0.03129490072952659,-0.19198043719450386,0.7671423707584134,2.8984325377686844,1.1126217252587391,56.25041726920136,56.258698825136214,56.261344585866375,56.27780505518259
410.0,15.168000000000001,0.38022158040037174,1.1309235643957807,0.7340776040907913,0.14182938160234637,0.1800342589312885,-0.1557081883595128,0.0036115464817170974,0.00191566858840949,1.0422275202959161,-0.18921615308634174,0.22753338641039172,-0.031617169446976,-0.19330085241138067,0.7679305562042033,2.895457345356483,1.1124224461928103,56.323268196626614,56.327358015939424,56.33526163368602,56.34751061167337
411.0,15.200000000000001,0.384802596712433,1.1366829233967934,0.7294481642123337,0.14315675975191422,0.17997996878164874,-0.14466999620179805,0.003231868408731779,0.001822089720410411,1.036099866043234,-0.19147833641220804,0.22825911212521216,-0.031800991885544555,-0.19380012471901906,0.7690867640945889,2.8924524794186572,1.112253229029448,56.39156548647781,56.39246830408194,56.40351256556951,56.41189690119261
412.0,15.232000000000001,0.3894222758761644,1.1424414575713873,0.7251965311081832,0.14436497386660627,0.17995419295605675,-0.1328635345047047,0.002980631817666164,0.0016978572146561653,1.0299309562226449,-0.19276575713655214,0.22895160577647317,-0.0318739835327205,-0.19365924213118432,0.7705989420881464,2.889419384801489,1.1121157286786922,56.45480050011369,56.45330621968584,56.466115192296,56.47118341270239
413.0,15.264000000000001,0.3940777784206535,1.1481991648795495,0.7213454556586829,0.1454844545152842,0.1799283533800709,-0.12034610779688276,0.002849114638310462,0.0015467690091597356,1.0237461237856467,-0.1932617926661762,0.2296031706963584,-0.031863319923326056,-0.19305284072292017,0.7724540637035187,2.8863584027849276,1.1120101703536867,56.51266700536936,56.509493754033706,56.52292787152681,56.525265315089435
414.0,15.296000000000001,0.39876717165657755,1.1539551871169842,0.7179157638015748,0.14654353862262626,0.1798756949198328,-0.10717787053462689,0.002824538443246347,0.001373180170415611,1.0175649543382448,-0.1931457890909931,0.2302071300087427,-0.0317946749102115,-0.19214309631062512,0.7746381268210724,2.8832688899736993,1.111935513206425,56.56490808714431,56.56070497480511,56.57381237389469,56.574004715112416
415.0,15.328000000000001,0.4034893297597605,1.1597078981591662,0.7149262717705864,0.1475674407244667,0.17977222006818738,-0.09342162596838793,0.0028913205484840327,0.001181706986990824,1.0114015720806173,-0.1925882620453982,0.23075795021989753,-0.031691482459881015,-0.19107572955602053,0.7771361617171169,2.8801493752239944,1.111889656553582,56.6112929850313,56.60663547106199,56.61865859386526,56.617265977877054
416.0,15.36,0.40824381125972226,1.1654550139121762,0.712393708562466,0.14857754687381347,0.1795973672815727,-0.07914260025376849,0.003032263122726108,0.000977023346046444,1.0052650659013833,-0.1917465239171873,0.2312513364787282,-0.031574432432822,-0.18997748066684983,0.7799322479403189,2.876997742106678,1.1118696739669685,56.65161636279534,56.64700448303448,56.65738434144107,56.654920048200594
417.0,15.392,0.4130307239905127,1.1711937162941946,0.7103326463765509,0.14959102283720174,0.17933444943807314,-0.06440819330984568,0.0032296882976203044,0.0007637417266146968,0.9991600224135975,-0.19076132815693692,0.2316843071668805,-0.0314611857481293,-0.18895489955308872,0.7830095403329866,2.8738114247413953,1.1118720611039203,56.68570108291903,56.681560419798764,56.689930948180894,56.686845896885764
418.0,15.424,0.4178505873481228,1.176920784046611,0.7087554397421229,0.1506207299253151,0.17897086726301176,-0.04928770732587694,0.0034664710291381125,0.0005463648421583404,0.99308712733707,-0.18975470894598714,0.23205524371553615,-0.03136629318783807,-0.18809431550149103,0.7863503051375995,2.8705876051265924,1.1118929837420664,56.713401934320125,56.71008546092941,56.71625808106163,56.71293298067436
419.0,15.456,0.42270420099878364,1.18263272387625,0.7076721740328565,0.15167542658315103,0.1784981196762193,-0.03385205341457223,0.003726922294991967,0.00032927878272824573,0.9870437967905934,-0.18882901774860253,0.23236390277807978,-0.031301292376755246,-0.1874628138977833,0.7899359670695317,2.8673234009287376,1.1119285136444441,56.734609633027816,56.73239872787744,56.73633878293654,56.733084872683634
420.0,15.488,0.4275925279182332,1.1883258962470415,0.7070906240365041,0.15276021623279895,0.17791163658723697,-0.018173437386012608,0.003997485959181865,0.00011674775192540833,0.9810248033058278,-0.18806705838906385,0.23261137520019504,-0.03127494913232948,-0.1871100136881109,0.7937471673429707,2.8640160341284524,1.111974841583352,56.74925422425703,56.74835831644809,56.75015554409674,56.747223273101866
421.0,15.52,0.43251659784158747,1.1939966309329444,0.7070162231625102,0.1538771851048204,0.17721045893446374,-0.0023250273123096,0.004267225950761381,-8.712877415191016e-05,0.9750228665881175,-0.1875331589580233,0.2327999826233194,-0.03129360428425662,-0.18707041679201633,0.7977638311255283,2.860662972889984,1.1120284589602616,56.757306734015934,56.7578627313755,56.757698202809685,56.755291236786086
422.0,15.552,0.43747743498034664,1.1996413281543232,0.7074520437008766,0.15502616058622382,0.17639678816808846,0.013619391823947712,0.004528094785137586,-0.00027851977450249623,0.9690291855692648,-0.18727497852493302,0.23293311685262763,-0.03136158558649667,-0.18736609210271782,0.801965241364042,2.85726204139529,1.112086301823888,56.75877810617928,56.76085216635474,56.758964212537634,56.75725460667333
423.0,15.584,0.4424760114320306,1.205256541805083,0.7083987882953257,0.15620551411512315,0.1754754265862397,0.02958576857653436,0.00477498902813777,-0.00045402254468401875,0.9630338955939514,-0.18732582448827223,0.2330150429439708,-0.031481646060533566,-0.18800946330656412,0.8063301151269687,2.853811494966004,1.1121458535638111,56.75371527149464,56.75730964949774,56.75396118855012,56.7531013658202
424.0,15.616,0.4475132253669392,1.210839042089672,0.7098547925092449,0.15741293546589472,0.1744531338934081,0.045500131684975784,0.0050056108414349414,-0.0006108444064064739,0.9570264421021584,-0.18770725086337278,0.23305069590984503,-0.03165539401889916,-0.18900599089114056,0.8108366790550651,2.850310060331243,1.1122052050099203,56.742195322160846,56.747261548488304,56.74271087897427,56.7428396127579
425.0,15.648,0.4525899011349613,1.2163858559846772,0.71181603811981,0.1586461177506894,0.17333793421891297,0.06128892533015928,0.0052201656842735256,-0.0007469551180773662,0.9509958693265371,-0.18843171779539894,0.23304549824304543,-0.0318836850450402,-0.19035657126865413,0.8154627421139397,2.8467569431263473,1.1122630729779113,56.724319557727874,56.730776682787344,56.72525325267694,56.726495541510495
426.0,15.68,0.45770680711147815,1.2218942853683539,0.714276176642999,0.1599033117661521,0.17213841823989617,0.07687932884965769,0.005420933256214254,-0.0008611636185226689,0.9449310287956152,-0.18950511586554797,0.2330052134327485,-0.03216695171570831,-0.19205951516891254,0.8201857659240187,2.8431518064331143,1.1123187803593584,56.70020910101488,56.70796356368675,56.70164959159388,56.70411272613546
427.0,15.712,0.46286468644715134,1.2273619043009127,0.717226562596044,0.16118372923978697,0.17086309164246458,0.09219956103265542,0.005611751464380652,-0.000953096568107603,0.9388207174926166,-0.19092899166498856,0.23293583664278997,-0.03250545277478101,-0.19411200891076086,0.8249829346330623,2.8394947253222056,1.1123722025679736,56.670002909871705,56.67896593367059,56.67198420012047,56.67575324530468
428.0,15.744,0.46806429578957504,1.2327865385301653,0.720656296115873,0.1624877919507403,0.1695198196641419,0.10717917249465626,0.00579745232923672,-0.0010230865194452662,0.9326537592669538,-0.19270234943690961,0.2328435144819127,-0.03289942995669436,-0.1965110031826804,0.8298312270105754,2.8357861229816863,1.1124236864513841,56.63385791910386,56.643957375346275,56.63636510470505,56.64150026344572
429.0,15.776,0.4733064473068818,1.2381662315588136,0.7245522747081536,0.16381723491583677,0.16811540714525827,0.12174933100876975,0.005983285668915106,-0.0010720004719103238,0.9264190455849576,-0.19482294385982335,0.23273448346134176,-0.03334916766405162,-0.19925351364764282,0.834707493127492,2.832026694231954,1.112473948622226,56.5919503596383,56.603135954674364,56.59492446089586,56.60146114501108
430.0,15.808,0.47859204977907155,1.2434992023506393,0.7288992540354066,0.16517507725592898,0.16665533724455325,0.13584310397665364,0.006174362341498108,-0.0011010477240115351,0.9201055530238138,-0.1972880191555986,0.23261501915553368,-0.03385495782140617,-0.20233635570206981,0.8395885370025197,2.8282173221601057,1.1125239605514698,56.544477237167285,56.55671962981583,56.5478192310854,56.555770184622745
431.0,15.84,0.4839221450223751,1.2487837999269669,0.7336799177224022,0.16656547635323668,0.16514367426023732,0.14939574021861204,0.006375144406694008,-0.0011116007093928426,0.9137023551077069,-0.20009448855668782,0.23249139176143374,-0.03441697884851959,-0.20575537122402632,0.8444512054407193,2.824358993338286,1.1125748277307577,56.49165730785062,56.50494273361634,56.49523228882594,56.504590393729565
432.0,15.872,0.4892979364454381,1.254018459788937,0.7388749561528699,0.16799348197071837,0.16358312068656664,0.1623449509521173,0.006589004891928142,-0.001105050294059455,0.907198645182428,-0.20323858487787574,0.23236982632320685,-0.035035103257369984,-0.20950423654231104,0.8492724823346232,2.8204527166562734,1.1126276698024393,56.433731326602455,56.448053482541056,56.43737374479933,56.44811419551847
433.0,15.904,0.494720807119015,1.2592016664346442,0.744463154167755,0.1694647085492775,0.1619752076783483,0.17463118796515864,0.006817874808840066,-0.0010827043121801106,0.9005837850755581,-0.20671504629611737,0.23225646674126263,-0.03570865250683296,-0.21357296622816155,0.8540295871077044,2.8164994502078144,1.1126835078431574,56.37096164323845,56.386312293472336,56.374482127445326,56.38656315693962
434.0,15.936,0.5001923253941704,1.2643319253673704,0.7504214874763563,0.1709849460986046,0.1603205916476945,0.18619791589379026,0.007061989638809701,-0.0010457286926558857,0.8938473914121619,-0.2105159298902553,0.23215734231659568,-0.03643612029289334,-0.21794624500559148,0.8587000757433895,2.812500039931805,1.11274316404247,56.303631337749316,56.31999067664031,56.30682507513239,56.32018699670274
435.0,15.968,0.505714236829714,1.2694077470290488,0.7567252274809029,0.17255973236073707,0.15861942692745032,0.1969918751420807,0.007319741842704924,-0.0009951252612554378,0.8869794678441276,-0.21462916745774924,0.23207833477247075,-0.037214886426984325,-0.22260172906712197,0.8632619428583272,2.8084551728466702,1.1128071779168573,56.232043075472504,56.24937053538589,56.23469931783329,56.249262104357385
436.0,16.0,0.511288441965367,1.2744276441238649,0.7633480541084811,0.17419391048915916,0.15687178421300282,0.206963332111818,0.007587640337877563,-0.0009317383642357068,0.8799705873550219,-0.21903699237781646,0.23202514302692095,-0.03804094299148596,-0.2275084580398701,0.867693723427306,2.8043653467700635,1.1128757420140594,56.156517800817824,56.17474377211026,56.15842986208307,56.17408975343885
437.0,16.032,0.5169169602628857,1.2793901428739387,0.770262176149586,0.17589119679745757,0.15507808593980668,0.21606631378453028,0.007860372653290875,-0.00085628252015694,0.8728121245009562,-0.22371437214806722,0.23200324274536505,-0.038908652761548146,-0.2326255100546849,0.8719745929542173,2.8002308574387134,1.1129486588611341,56.07739332454131,56.09641214216605,56.07836839959088,56.0949941335926
438.0,16.064,0.5226018812859501,1.2842938079064976,0.7774384585215248,0.17765378197076212,0.15323953226746553,0.22425882412308704,0.008130960913172785,-0.0007693842402579033,0.8654965332239724,-0.22862757858718502,0.23201783794440609,-0.03981055719125812,-0.23790101560686147,0.8760844650509803,2.796051802990594,1.113025319752705,55.995022815460885,56.01468731032321,55.99489102672415,56.01232027994054
439.0,16.096,0.5283453048563665,1.2891372797324856,0.7848465558054771,0.17948198657551426,0.1513584945621245,0.23150304012350945,0.008390999120387294,-0.0006716322575754702,0.8580176619934285,-0.23373301700067126,0.23207380259331756,-0.040737247846442795,-0.24327162233596253,0.8800040855100573,2.791828104895027,1.1131047049152962,55.9097731857905,55.929891057705134,55.90839539599018,55.926431945416724
440.0,16.128,0.5341492724729133,1.2939193231555883,0.7924550513452037,0.18137398801708668,0.14943885697196027,0.23776548561645397,0.008630956528032238,-0.0005636313391565849,0.8503710947264553,-0.23897641772250294,0.2321756111733001,-0.0416773112974486,-0.2486624740124634,0.8837151220355521,2.787559543657789,1.1131854036599833,55.82202335527737,55.842355572642184,55.81929743275639,55.837709440551414
441.0,16.16,0.5400156926854871,1.298638884458182,0.8002316011407976,0.1833256316429303,0.1474862907060516,0.24301718111231058,0.008840530228162056,-0.0004460555411787972,0.8425545034013746,-0.24429246961496026,0.23232725840072876,-0.04261735342354572,-0.253987734723128,0.8872002488459599,2.7832458070177,1.1132656523774103,55.73216238685738,55.752423745539545,55.72802775017861,55.74654745192913
442.0,16.192,0.5459462633687878,1.3032951548516938,0.808143081721661,0.18533033385314726,0.1455084497972435,0.24723376815198225,0.009009029403955001,-0.000319697253714773,0.8345679966461949,-0.2496049468882562,0.23253396860838532,-0.04355231313685615,-0.2592090728289308,0.8904430857039807,2.778886547905813,1.1133433876530887,55.63973970239829,55.65994628521544,55.63571435927251,55.653924280218064
443.0,16.224,0.5519423938807914,1.307887637506556,0.8161557326543932,0.18737907850011043,0.1435150829644445,0.25039534164788035,0.00913629946483796,-0.00018360234009034474,0.8264134604912834,-0.25485875728230634,0.23279816480267967,-0.04446157510152984,-0.2642010203551565,0.8934284536591159,2.774481449267761,1.1134163106625565,55.546848023790254,55.56640781596247,55.54123660767508,55.559045867794275
444.0,16.256,0.5580052215038381,1.3124161572030801,0.8242353115073048,0.1894633632202115,0.14151624051637876,0.25248683915348574,0.009210546298537722,-3.892589385115758e-05,0.8180957434271138,-0.25996069312980213,0.23312046594298036,-0.04531654371047608,-0.26879526140105947,0.8961425651407412,2.7700301877873414,1.1134818571977598,55.45390700499564,55.472085283752804,55.44521136678193,55.46237136110979
445.0,16.288,0.5641355286667072,1.316880934455554,0.8323472588405756,0.19157209883965948,0.1395242891398112,0.2534983541647125,0.009209929268087379,0.00011110620027405245,0.809623948806594,-0.2647771186219948,0.233502564067734,-0.04609919152541185,-0.27288542622220247,0.8985729187908658,2.7655325180427313,1.1135372941322184,55.359804834231596,55.37634354446965,55.349536923952996,55.365431444115785
446.0,16.32,0.5703335771806789,1.3212827166806764,0.8404568547505554,0.19368901606161404,0.13755569453507271,0.2534248721868697,0.009123398624182879,0.0002646656965925521,0.8010109683730886,-0.26918997826134644,0.23394453012434352,-0.04678875881022934,-0.2763529366934,0.9007083441424353,2.7609884603017196,1.1135799233767203,55.26554637642762,55.27997802734592,55.25405287201045,55.26827305482037
447.0,16.352,0.57659903735036,1.3256228489526771,0.8485293737071444,0.1957956303025343,0.13562913350002165,0.2522662173934061,0.00894297456919743,0.0004196351472259264,0.7922734559820919,-0.27308159043940894,0.2344453501821709,-0.04736383730561458,-0.27907876930502107,0.9025390396842049,2.7563983871506506,1.113607188483666,55.171596234882685,55.18346372367367,55.159139679876716,55.171260906548184
448.0,16.384,0.5829309410315087,1.3299033238275104,0.8565302376261471,0.19787199003589562,0.13376483983854037,0.2500269974688334,0.00866295664705496,0.0005737225082986485,0.7834318321569744,-0.27633419606128873,0.23500286737241935,-0.04780310030340877,-0.28094782004420105,0.904056602291044,2.751763088225852,1.113616761024638,55.07836313509618,55.0872214796551,55.06522045695806,55.07481660833079
449.0,16.416,0.5893276523969262,1.3341268161321074,0.8644251664471114,0.1998972301692976,0.1319841345186547,0.24671652565513477,0.008279975342973542,0.000724531147016629,0.7745102196341088,-0.2788321070602407,0.2356137689591,-0.04808587267594926,-0.28185210910733033,0.9052540478631791,2.7470838205861168,1.1136066151831594,54.98624281556686,54.99166929458868,54.97271174222757,54.979365271394094
450.0,16.448,0.5957868560243442,1.338296702420117,0.8721803254525331,0.2018501133568133,0.13030894650029728,0.2423487189194271,0.007793093325898229,0.0008696341000499151,0.7655362928542448,-0.28046439851225935,0.23627361347348932,-0.04819267684520252,-0.2816936153073492,0.9061258234824772,2.742362344730891,1.113575090339717,54.89562214390666,54.89722723540165,54.882015083134384,54.885326858819745
451.0,16.48,0.602305562201208,1.3424170643789595,0.8797624686435906,0.20370956802699314,0.12876131121383044,0.23694197472054804,0.0072038518175746346,0.001006655678076185,0.7565410398249289,-0.2811276462402926,0.23697953652603926,-0.048118730259756326,-0.28045733516092797,0.9066675948613585,2.737600945766728,1.1135209407738447,54.80577444205074,54.80369007101694,54.79440516174393,54.79380828846026
452.0,16.512,0.6088801288591986,1.3464926758757367,0.8871390646053863,0.20545520806220638,0.12736285927428942,0.2305186238061132,0.006529418966445604,0.0011361041642565875,0.7475572437158111,-0.28076653009707625,0.2377247463540809,-0.047847075999458366,-0.2780642051236503,0.9068764760101584,2.7328024394254005,1.1134433702549218,54.71901386047429,54.712672178072026,54.70839675874201,54.70392914125057
453.0,16.544,0.6155064068698817,1.3505288970914033,0.8942784305363789,0.20707118783384515,0.1261319129895812,0.22310518534351934,0.005777545000354844,0.0012561093897481097,0.7386198470464727,-0.2793131135443353,0.23850109727759577,-0.047358225820278085,-0.27442296356718443,0.9067511595345585,2.727970037217449,1.113341928550544,54.63556622622135,54.62448571630997,54.62461529515098,54.61613520515376
454.0,16.576,0.6221797992858414,1.3545316180016238,0.9011498703374818,0.20854351299874252,0.12508502844438957,0.2147324937844667,0.004948719546344821,0.0013634918445176337,0.7297663583570771,-0.27668713294310604,0.23930148945961752,-0.04664410690077604,-0.2695056492968228,0.9062917702159531,2.723107313644637,1.1132165107276568,54.554604639278914,54.53876913678821,54.544517527149914,54.53162709505548
455.0,16.608,0.6288952595881031,1.3585072452318592,0.907723799802698,0.20985813444567689,0.12423835094485514,0.20543529578800535,0.004051411013343695,0.0014566998525891934,0.721035966438334,-0.2728365812036831,0.24011788276597268,-0.0456986492838318,-0.26329579227988964,0.9054998441703324,2.718218249211858,1.113067434134593,54.47687896281615,54.45617047040435,54.46798729092094,54.450532627637564
456.0,16.64,0.6356473507393706,1.36246264150958,0.9139718654542783,0.21100284847710962,0.1236061336787746,0.19525205161188466,0.003096551866122612,0.0015344413132497015,0.7124689216648883,-0.2677284899328222,0.24094196916920974,-0.04451905021447662,-0.2557942538678928,0.9043783080137232,2.7133072043319686,1.112895446516918,54.40274200094121,54.37711780648298,54.39527845461071,54.37316570480922
457.0,16.672,0.6424303168562878,1.3664050472745695,0.9198670575033191,0.2119676911536623,0.12320018015592171,0.18422475153252374,0.002096682211088745,0.0015957540136646087,0.7041059605102266,-0.26134786523403714,0.24176538966140676,-0.04310608452507819,-0.2470202827394086,0.9029314553404841,2.708378878263523,1.112701717440231,54.33249708573297,54.30198665585516,54.3266613648874,54.29986146478669
458.0,16.704,0.6492381616575202,1.3703419906061804,0.9253838169352643,0.21274515003851296,0.12302947911284323,0.17239873224828683,0.0010656494104098388,0.0016400401321397928,0.6959877268124885,-0.25369776837862923,0.2425799656754627,-0.04146424322649296,-0.23701173300086267,0.901164920666181,2.7034382596948214,1.1124878201040433,54.26642728869029,54.231132690251265,54.262391706275146,54.2309421632031
459.0,16.736,0.6560647316001198,1.3742811875021061,0.9304981366754211,0.213330310706236,0.12309990299767803,0.1598224918799017,1.8359425633851913e-05,0.0016670889581401407,0.6881541872796483,-0.2447994824981511,0.24337793533890545,-0.039601792713802195,-0.22582500578030332,0.8990856511772858,2.6984905706989015,1.1122557050075952,54.20479829166071,54.164894964003196,54.202706580168254,54.16671200095436
460.0,16.768,0.6629038021578195,1.378230434204157,0.9351876567925006,0.21372095492811613,0.1234139594390864,0.14654750365873298,-0.001029479852082991,0.0016770936968978378,0.680644044692914,-0.23469257423623424,0.24415218854965598,-0.037530764207229755,-0.2135347869318323,0.8967018764036137,2.6935412051432417,1.1120076662548128,54.14785805477108,54.10359544810299,54.147824071410426,54.107455528860896
461.0,16.8,0.6697491658891388,1.3821974934036603,0.9394317536847246,0.21391761660372718,0.12397059998447968,0.13262802788200137,-0.0020616278139924866,0.001670666417497034,0.6734941538299003,-0.22343480093234286,0.24489649521228213,-0.035266873417768255,-0.20023358334979177,0.8940230755788382,2.6885956624884693,1.1117463012152036,54.09583620711647,54.047538057926694,54.09794316508498,54.05343644394454
462.0,16.832,0.676594721135208,1.3861899763558432,0.9432116231534278,0.21392360143966305,0.12476509225571575,0.11812092089697249,-0.003061591480442905,0.0016488545185468248,0.6667389458230701,-0.21110184145374045,0.24560571991975635,-0.03282936975733504,-0.18603104289477487,0.8910599420411404,2.683659477795227,1.1114744642569985,54.04894357482451,53.997007407231116,54.053243458307854,54.004896431665394
463.0,16.864,0.6834345604001488,1.3902152231351679,0.9465103572016368,0.21374497702939999,0.1257889618538967,0.1030854390065317,-0.004012915773198919,0.0016131598673280127,0.660409867273116,-0.19778683205759248,0.24627601367416024,-0.030240814907808278,-0.1710530343283902,0.88782434361592,2.6787381486400377,1.1111952152860665,54.00737196278935,53.95226709909598,54.013884436421094,53.962054109197666
464.0,16.896,0.6902630576720524,1.3942801834553495,0.9493130143025917,0.2133905397469873,0.12703001000567693,0.08758303440484219,-0.0048994831183987635,0.0015655572370270347,0.6545348411757604,-0.18359968550387995,0.24690496881515528,-0.02752679164508505,-0.15544046042677245,0.8843292776325965,2.6738370595427026,1.1109117638669566,53.97129424913487,53.91355731478113,53.980004181461084,53.92510421550641
465.0,16.928,0.6970749540913006,1.3983913006339994,0.9516066827752447,0.2128717631015053,0.12847241183280833,0.07167713977040614,-0.005705821655513711,0.0015085018721565778,0.6491377576114096,-0.1686661683518229,0.24749171809324602,-0.024715545866055608,-0.1393477805385983,0.8805888192299606,2.668961404468782,1.1106274097839979,53.940864762560324,53.88109156401448,53.951717554976824,53.89421720226976
466.0,16.96,0.7038654414035457,1.4025544013621911,0.9533805368001399,0.2122027285076584,0.13009689775599065,0.05543293827797372,-0.006417419806367776,0.001444908328448239,0.644238003076452,-0.15312671134051217,0.24803695525379038,-0.021837568131438972,-0.12294122879920232,0.8766180620848274,2.6641161080366897,1.1103454810277955,53.916219748543654,53.85505273291943,53.92911420103414,53.86953928649311
467.0,16.992,0.7106302424866244,1.4067745938905432,0.9546258845401951,0.21140003384621084,0.13188101651100115,0.038917116876726436,-0.007021041660040214,0.0013780773765430107,0.6398500380894008,-0.13713493281916975,0.24854285633409842,-0.018925125524607164,-0.10639672997860322,0.8724330517536506,2.6593057462688963,1.1100692703595623,53.897477527236724,53.835588994849864,53.91225708839708,53.85119280942167
468.0,17.024,0.7173656878817432,1.4110561770131484,0.955336207832806,0.21048266859745987,0.13379947258141528,0.022197602894090375,-0.007505032824582976,0.001311549440700717,0.6359830330178102,-0.12085586568992684,0.24901289145399402,-0.01601175912856663,-0.08989753353764611,0.868050713313468,2.654534468091622,1.1098019717868381,53.884737829217016,53.822810590906016,53.901182557900185,53.83927646760206
469.0,17.056,0.7240687867211419,1.4154025617926267,0.9555071930204279,0.20947183873121203,0.1358245243586949,0.0053432871131818506,-0.007859601447989317,0.0012488759366272148,0.6326405717114053,-0.10446389290280828,0.2494515362002196,-0.013131764990682776,-0.07363160342326208,0.8634887764747496,2.6498059192644043,1.109546618432382,53.87807994415754,53.816788649803264,53.89590268205948,53.83386481849556
470.0,17.088,0.7307372898496172,1.4198162073540148,0.9551367526875394,0.20839072276485052,0.13792642379337877,-0.011576260402764566,-0.008077056427831053,0.0011933240195124712,0.629820431421484,-0.08814041231524623,0.24986391418912623,-0.010319675183622923,-0.057788812307515335,0.8587657021346354,2.6451231708993124,1.1093060233344594,53.87755982331035,53.81755680353355,53.89641001361484,53.835006633360706
471.0,17.12,0.7373697424889801,1.4242985713858767,0.9542250383330794,0.20726414498009238,0.1400738759956831,-0.02849107357687575,-0.008151986872150884,0.0011475585855458845,0.6275144458193617,-0.07207126525561718,0.25025541821676905,-0.00760975010430881,-0.04255799309685291,0.8539006138650352,2.6404886550470894,1.1090827246330461,53.88320696261386,53.82511534504284,53.90268370325756,53.842722232193516
472.0,17.152,0.7439655237108878,1.4288500753829947,0.9527744442539975,0.20611816318461312,0.14223449990993772,-0.04533106497130869,-0.008081374401266467,0.001113364892553097,0.6257084560966332,-0.05644397212200518,0.25063135825417315,-0.005035485524394839,-0.02812390062988015,0.8489132360161198,2.6359041098291005,1.108878936364411,53.895022307148665,53.83943651735591,53.914695115764985,53.85700061958924
473.0,17.184,0.7505248703927779,1.4334700843012873,0.9507896030662502,0.20497958380906783,0.14437527869664415,-0.06202628711710409,-0.007864640652432186,0.0010914738722616825,0.6243823535380779,-0.04144482316539963,0.25099666998728437,-0.0026291317620510263,-0.014664138199271459,0.8438238375725771,2.631370536211689,1.108696505756309,53.912978146164996,53.86046894378925,53.9324110992597,53.87779756177094
474.0,17.216,0.7570488841883076,1.438156900247554,0.9482773732970706,0.2038754311103027,0.14646299832083556,-0.07850718028686025,-0.007503641779747407,0.0010815278043257114,0.6235102157333362,-0.027255876180818407,0.251355696093326,-0.0004212206259245066,-0.002346110843861537,0.8386531786422894,2.626888167826114,1.1085368775846332,53.937020058537804,53.888139642685026,53.955794051706626,53.905035406211574
475.0,17.248,0.7635395211301851,1.4429077700463235,0.9452468193579446,0.20283240443367043,0.1484646812115463,-0.09470481059768712,-0.0070026255607620515,0.00108218691699498,0.6230605374903285,-0.014051918522179647,0.2517120352799003,0.0015599012196914896,0.008675921073115144,0.8334224553357436,2.6224564544258246,1.108401065921136,53.96706999012843,53.92235325531362,53.98479927032478,53.9386046467584
476.0,17.28,0.769999564509495,1.4477189068635343,0.941709184013171,0.20187635560343556,0.15034802553783713,-0.11055110452417434,-0.006368163714146407,0.0010913444010455832,0.6229965560963586,-0.0019974596464292023,0.2520684476396694,0.0032885283508177765,0.018263604826699153,0.828153239059221,2.618074058867346,1.108289633526292,54.003029131590196,53.96298929328201,54.01937094374557,53.97836652416126
477.0,17.312,0.7764325824138079,1.45258552634404,0.937677853272195,0.20103180950977584,0.15208185876579974,-0.1259790856555017,-0.005609064588114472,0.0011064006322051585,0.623276668550857,0.008756170309831874,0.2524268076975862,0.004742033006563631,0.02629699069482323,0.8228674075292949,2.6137388670518935,1.1082026792064033,54.04477959410216,54.00989875256369,54.05943817926528,54.02415573926377
478.0,17.344,0.7828428716758845,1.4575018978084524,0.93316831351337,0.2003215394398952,0.15363660826288997,-0.14092311746327968,-0.004736263573809092,0.0011245488987529774,0.6238549358304123,0.018073535288083677,0.2527881027791846,0.005901269914306548,0.03267668634366798,0.8175870664687168,2.609448010096093,1.1081398335878998,54.092184606714255,54.06290126141849,54.10491189265406,54.0757826337275
479.0,17.376,0.7892353900467988,1.462461410912242,0.9281981006136009,0.19976619909107038,0.15498478449342531,-0.15531915311778666,-0.0037626836454385387,0.0011430378721620415,0.6246816665103355,0.025837543658280834,0.2531524786755664,0.006750937163562967,0.037325617300901004,0.8123344624016481,2.6051978980302164,1.1081002638747288,54.145087592634006,54.121783378327144,54.155682731351284,54.13303465108768
480.0,17.408,0.795615678296594,1.4674566578284851,0.922786740900807,0.19938400780609972,0.15610146613259643,-0.169104991024807,-0.0027030573948711263,0.0011593915409991514,0.6257040696121987,0.03195156822059333,0.25351933485792066,0.007279881865742438,0.0401903654246452,0.8071318879456948,2.600984264426363,1.1080826881760288,54.20331075676292,54.186298134123234,54.2116197990802,54.19567723290368
481.0,17.44,0.8019897737954383,1.4724795305447724,0.9169556838358176,0.19919048433888667,0.15696477238397857,-0.18222053328091956,-0.0015737040670811568,0.001171579381406717,0.6268669647103021,0.036341188368088646,0.2538874683338339,0.007481341016071355,0.041242080731685005,0.8020760613922114,2.596802221429026,1.1080853998866007,54.27904796368515,54.2685598215425,54.28496405560821,54.27584862829648
482.0,17.472,0.8083641171395051,1.477521340984451,0.9107326346725213,0.19919822950208496,0.1575565762399546,-0.19447028635300925,-0.00039224704855384077,0.0011781351706631098,0.62811355535257,0.03895612507100378,0.2542543665661346,0.007343689605566445,0.04042529544417201,0.7976269340251461,2.5926464685230752,1.1081069972584936,54.431982272617766,54.428133433902424,54.43654194088871,54.43451409811137
483.0,17.504,0.8147454779108255,1.4825729542996497,0.9041730636296418,0.19941752410376404,0.1578629160999613,-0.2049865950899848,0.0008324466949935505,0.0011771505516048014,0.6293853079659297,0.039742260208329626,0.2546129831814682,0.006816106464474794,0.03746969353657299,0.7937117019421286,2.5885119276261235,1.1081496071684793,54.57111688929131,54.57391032307064,54.57946835721727,54.58576519012497
484.0,17.536,0.8211409097520298,1.4876247626888404,0.8973286815117091,0.19985724503763358,0.15786901216220658,-0.21388694118539672,0.002137103303998334,0.001161960915537176,0.6306180213037211,0.03852294084166771,0.2549625467313812,0.0059235945621044644,0.03252062247930885,0.7902662977090732,2.58439252044253,1.1082135576875027,54.70394808041501,54.71426358529218,54.70872192166035,54.7224156902326
485.0,17.568,0.827557907449354,1.4926663608242652,0.8902477342436923,0.2005311780413804,0.15754994173202544,-0.22127960212552417,0.003492942082904104,0.0011332679381069412,0.6317473726397992,0.035294602130143515,0.2553011168795044,0.004684998196513995,0.0256883379386275,0.7872343419839845,2.5802808803054025,1.1082970381624027,54.828249950556206,54.84600644350494,54.828356973337144,54.84902553715448
486.0,17.6,0.8340042435115699,1.4976867774947207,0.8829752618188972,0.20144800194424659,0.15688802095173413,-0.22726476327484724,0.004861020745231101,0.0010933421049609394,0.6327109286602448,0.03011606520284349,0.25563058455793697,0.0031107437052403097,0.01703562289289187,0.7845662209459063,2.5761685845885367,1.1083964073579058,54.943217931701845,54.968675316975414,54.94058672179367,54.9674511057599
487.0,17.632,0.8404877509274747,1.5026747990481626,0.8755533273932962,0.20260960674702688,0.15587567354505963,-0.2319354508000316,0.0062134718179761685,0.001048786281747833,0.6334482815727375,0.023049628215858747,0.2559501091797874,0.001231369511986366,0.006735312683370997,0.7822182744323976,2.57204648423734,1.108506619389156,55.05139016403198,55.08374753530527,55.04432069849256,55.07722058934923
488.0,17.664,0.8470161984108181,1.5076192319533557,0.8680212199737808,0.20401398385447975,0.1545135282872838,-0.2353783568598553,0.00751130176482473,0.0010038245522890892,0.6339029806033339,0.01421864783709773,0.2562575649426014,-0.0009056822481113003,-0.0049479509739478456,0.7801520815005099,2.5679049348583125,1.1086215623028126,55.15362726535024,55.1916960352506,55.14005625091313,55.17865387625696
489.0,17.696,0.8535970763644766,1.512509242093771,0.8604156352496777,0.205652436051827,0.15281281688797596,-0.23767452262822195,0.00870227550229561,0.0009593774184063759,0.6340250094393923,0.0038245346522722996,0.2565566492126199,-0.0032647625833464866,-0.01781447076101803,0.7783338317204487,2.563734149334331,1.108734515275248,55.24803250115218,55.291516484297034,55.23063061628764,55.273702654795954
490.0,17.728,0.8602372733956452,1.5173347837345204,0.8527708382995572,0.207506157224018,0.15079817627341993,-0.2388999046912634,0.009751692927103046,0.0009200858877149345,0.6337708570547302,-0.007930592274567612,0.2568513176676596,-0.0058036099232136595,-0.03162791477290212,0.7767337719139948,2.559524695091386,1.1088387422898585,55.33590748532104,55.38395369023244,55.31564006696136,55.3623831520433
491.0,17.76,0.8669428836189823,1.5220869129070707,0.8451188083403957,0.2095503194792859,0.14850403664219677,-0.2391259362237994,0.010632712622612672,0.000890340714908628,0.633104134589363,-0.020824515267305603,0.2571468475228168,-0.008476558962393022,-0.04613273348835811,0.7753257192843155,2.555267832527012,1.10892792590328,55.41769249879478,55.46935549697487,55.39544157820127,55.445011452905376
492.0,17.792,0.8737190593878714,1.5267580388037993,0.8374893675385949,0.21175549277778463,0.1459726842727714,-0.2384200250562724,0.011325930079673106,0.0008740075651749552,0.6319961933136574,-0.03461546635670216,0.25744953490565264,-0.011236046849685502,-0.06106241111440509,0.7740866329701976,2.550955792355467,1.108996527626147,55.49373332334415,55.5479827979618,55.47038437720807,55.52192268162123
493.0,17.824,0.8805699072828379,1.531342114666941,0.8299102953165016,0.2140889967177024,0.14325237072317767,-0.23684600694041566,0.011819724567497818,0.0008740856220575647,0.6304265888939203,-0.04904687456941623,0.2577662927487995,-0.014034006501645546,-0.07614738932331715,0.772996237013774,2.5465819928489437,1.1090400757513275,55.56434068157671,55.62008840646237,55.54075646126047,55.593410795390426
494.0,17.856,0.88749842864272,1.5358347629628681,0.8224074294214049,0.2165162924963151,0.1403952592477219,-0.23446455922177303,0.012110365375370588,0.0008924106630450467,0.6283833375627821,-0.06385388328460533,0.2581041711187442,-0.016823260651655278,-0.09112326866341591,0.772036688572121,2.5421411921953556,1.1090553742318259,55.629798629142826,55.685933514771634,55.6067838556211,55.65972651150753
495.0,17.888,0.8945065041471282,1.5402333316276338,0.8150047550302787,0.21900235951275557,0.1374552707739256,-0.23133357472269309,0.012201765185585304,0.0009294440945455475,0.6258629353194708,-0.07877082772509249,0.2584698423638941,-0.019558868625635897,-0.10573894730817596,0.7711922859434666,2.537629573697854,1.1090406290229347,55.69036617708648,55.74579351416386,55.668637505981756,55.721082647236706
496.0,17.92,0.901594919732876,1.5445368813286753,0.8077244832516456,0.2215129870546185,0.1344859281575474,-0.2275084930822844,0.012104898629591788,0.0009841722379834725,0.6228701287471968,-0.09353911038218893,0.25886909846171696,-0.022199365512415414,-0.11976424204997099,0.7704492116302506,2.5330447649589853,1.1089954923255885,55.74627801076876,55.79995988403097,55.726441792690025,55.777660446098935
497.0,17.952,0.9087634291867077,1.5487461069020556,0.8005871204963255,0.22401592043224167,0.1315382991681351,-0.22304258610375183,0.011836934179022167,0.001054127986368412,0.6194174415426772,-0.107914965656318,0.2593064059586675,-0.024707841803188094,-0.13299656029778997,0.7697953062346206,2.528385795406476,1.108921029078496,55.79774530839036,55.84873921087528,55.78028355271138,55.829616028792344
498.0,17.984,0.9160108472868383,1.552863199107938,0.793611530273184,0.22648181562908204,0.12865913143382524,-0.21798719447317283,0.011420141422960125,0.0011355343295604056,0.6155244750077286,-0.12167664417155441,0.2597849969222849,-0.0270550903330415,-0.14527810571810207,0.7692198694864661,2.5236529992377434,1.1088196135057007,55.84477217604549,55.89234495676214,55.830382225324435,55.87721529079398
499.0,18.016000000000002,0.9233351664369333,1.5568916554257732,0.7868149889835985,0.22888497344046557,0.1258892599323504,-0.21239191529954704,0.010882990289373982,0.0012240191945370213,0.61121681016953,-0.1346371106230368,0.2603084281576871,-0.029230627116114807,-0.15655336845473503,0.7687134851480902,2.518847872945254,1.1086947663515359,55.88664336822006,55.9305982736333,55.87751818469592,55.92122831060947
500.0,18.048000000000002,0.930733707007388,1.5608360336675042,0.7802132369716718,0.23120439282671068,0.12326182005409347,-0.20630475037270912,0.010270074090998095,0.0013169265690357542,0.6065237311067884,-0.1466813825252133,0.26087247816033593,-0.031199409983659387,-0.16664345482909945,0.7682678669303195,2.5139728747357757,1.1085509226199568,55.926800062075614,55.96586014748948,55.918687782786606,55.959475986588274
501.0,18.080000000000002,0.9382033761073868,1.5647015766621104,0.7738205251649009,0.23342715937496228,0.12079821858144285,-0.19977224396159118,0.009597573541046022,0.0014055523743591674,0.6014792715312225,-0.15765929274775672,0.26147555567451414,-0.03295197842056159,-0.17550721488271565,0.7678757228986811,2.509031066718525,1.1083930334009002,55.962310053883044,55.99654157929204,55.95690072914968,55.99406089228053
502.0,18.112000000000002,0.9457407062305652,1.5684940361157895,0.7676496631741442,0.2355415663493237,0.11851435792747239,-0.1928394372111458,0.008892306775217438,0.0014843628433159983,0.5961203979788601,-0.16748064665510062,0.26211311640709106,-0.034483054412514036,-0.18312940667068442,0.7675306361508394,2.5040260368775136,1.1082264387383178,55.99407291054786,56.02332517378868,55.99139094661645,56.024733723437976
503.0,18.144000000000002,0.9533419795675977,1.572219423039639,0.7617120650237131,0.23753979178226642,0.11641834137029312,-0.18554994220097,0.008181192848918148,0.0015480478144897975,0.590485653495043,-0.17609661263159396,0.2606791547999864,-0.03717969191914039,-0.19833908972113837,0.7672269598127387,2.4989617082223776,1.108056633073158,56.05903284637895,55.83263193873251,55.96773258215887,56.28310339816347
504.0,18.176000000000002,0.961003350346968,1.5758837545031088,0.7560178818228166,0.2394178368553231,0.1145103582334341,-0.17794322502801674,0.008936976633693989,-0.000584884895444623,0.5844362059707743,-0.18846849454378206,0.261401694674737,-0.038216652138819654,-0.20323866935847484,0.7671754840510225,2.4938421413310436,1.1078890294793506,56.04149814170546,56.28843423079631,56.11938198126931,55.93152659143723
505.0,18.208000000000002,0.9687105325776134,1.5794679046714235,0.7505889172794852,0.24084944470766761,0.11200469275983439,-0.1696551419791066,0.008554016542432846,-0.000948092033206052,0.5781387960177254,-0.19668787271192698,0.2615003523273311,-0.03925106206486141,-0.2085821066627464,0.7674731606693861,2.4886692903157326,1.1077109157321356,56.16679640883838,56.19661394285781,56.146000665268616,56.163760067052465
506.0,18.240000000000002,0.9764578304544824,1.5829726409164295,0.7454520322800953,0.24210305865215628,0.10952300765643815,-0.16052765623093462,0.007952693831377554,-0.001261559229520783,0.5716318225707807,-0.20325575215738353,0.26149447306776,-0.04013935083103935,-0.21323535910207153,0.7681126972060094,2.4834457097613467,1.107523960375579,56.22868470191626,56.25012072703293,56.22627783667401,56.244760239336095
507.0,18.272000000000002,0.9842387206139812,1.5864009909109764,0.7406327497512945,0.2431528174843369,0.1071359373295901,-0.15060257902502538,0.007320046159627527,-0.001562525832534471,0.5649486165648475,-0.20877285957669736,0.26139116285376823,-0.04084962800495931,-0.21703338986062087,0.7690859269231985,2.47817558625921,1.1073318798248033,56.29308265301239,56.310571319028114,56.29530164738195,56.31085510250193
508.0,18.304000000000002,0.9920466097404333,1.589756431253728,0.7361550816480222,0.24399653520162912,0.10485751071098716,-0.1399271282272566,0.006698007858410547,-0.001855385312028257,0.5581193776773271,-0.21334485881079968,0.261190761603881,-0.04138161673500429,-0.21997979626662256,0.7703837339177371,2.4728633199784427,1.1071385445014044,56.354116713959364,56.36834079531494,56.35865733396769,56.3709730024354
509.0,18.336000000000002,0.9998750412251743,1.5930424999145,0.7320414285507367,0.24463848389815585,0.10268964564912737,-0.128551659290172,0.006105682670751322,-0.0021404380485020714,0.551172750467746,-0.21702107717051233,0.26089335588857543,-0.04174289311500687,-0.22211713774705358,0.7719960371910112,2.4675132194730858,1.1069476123897248,56.41068219616858,56.421914518984536,56.41699960542714,56.426151524917344
510.0,18.368000000000002,1.0077178042216492,1.5962626239890207,0.7283124876916127,0.24508634363984058,0.10062887732877049,-0.11652940184762516,0.005556921161703969,-0.002417106632614259,0.5441359103900173,-0.2198474444553104,0.2604995261771643,-0.041945060267415527,-0.22350649683429114,0.7739117816056762,2.4621293775412854,1.1067624000712788,56.46242764025688,56.47091541092429,56.47021643952144,56.476364878369935
511.0,18.400000000000002,1.0155690175770289,1.5994199940040517,0.7249871674564271,0.24535041735561347,0.09866781296971597,-0.10391625734955033,0.0050627236467257405,-0.00268439633155614,0.5370342813356803,-0.22187864774018282,0.26001054914113,-0.042002759366113834,-0.22422248308223888,0.7761189380101923,2.4567155886699763,1.1065858064478817,56.50911922524288,56.515139931822226,56.51810178982823,56.52145642461709
512.0,18.432000000000002,1.0234231986137035,1.6025174622405258,0.7220825086307453,0.24544315739608003,0.0967958823898176,-0.09077058830255633,0.0046315374389502015,-0.0029409819708773044,0.5298911705556931,-0.22318079768172214,0.25942850653636806,-0.041933037870860015,-0.22435029702310402,0.7786045130599126,2.4512752885683544,1.106420263154561,56.55055365039804,56.5544175034377,56.560456891756196,56.561271036082054
513.0,18.464,1.0312753182011267,1.605557462916054,0.7196136128909908,0.24537873710700414,0.0950000211102677,-0.07715299186733682,0.004269332479726226,-0.0031852630544832827,0.5227274183645243,-0.22383097837104898,0.25875635793619806,-0.041754747173917445,-0.22398305026802195,0.7813545687092567,2.445811512909405,1.1062677077373737,56.586548643263974,56.588590819001574,56.5971071104532,56.59567322230348
514.0,18.496,1.0391208426730607,1.6085419541608823,0.7175935790491467,0.2451726397479368,0.09326535140088263,-0.0631260575576289,0.003979717874857912,-0.0034154327842886864,0.5155611025150173,-0.2239155416069598,0.25799798108016353,-0.04148794564623284,-0.22321916736347314,0.7843542510149404,2.440326874141746,1.1061295779859894,56.61694383322565,56.6175146650627,56.62790553776102,56.624549208950015
515.0,18.528,1.0469557632745576,1.6114723812227782,0.7160334475303002,0.24484126879677887,0.09157584568424823,-0.048754109963952644,0.0037641238750665265,-0.003629562231559756,0.5084073136564506,-0.22352788636586066,0.2571581785819097,-0.041153321863743514,-0.22215990323906631,0.7875878276192291,2.4348235549292965,1.1060068253741344,56.64160259239732,56.6410578597021,56.65273405282443,56.647806853012455
516.0,18.56,1.054776614021313,1.6143496595770623,0.7149421535169376,0.24440158583610683,0.08991494857137758,-0.03410293791758151,0.003622037678427527,-0.003825693822359516,0.5012780070150775,-0.222766075619127,0.25624265166191557,-0.04077165428504784,-0.2209070211518805,0.7910387330792427,2.4293033162995203,1.1058999448828066,56.66041360388418,56.65910576245146,56.671503625896236,56.66537524945997
517.0,18.592,1.0625804789939592,1.61717417596745,0.7143264891359319,0.2438707803951929,0.08826613719961621,-0.019239511906427708,0.0035512756612414444,-0.004001936889619041,0.4941819295566478,-0.2217304736740315,0.25525794418888503,-0.04036332019622384,-0.2195606632793695,0.7946896210965975,2.4237675182114944,1.1058090179492592,56.6732920286645,56.67156279458555,56.684154252222974,56.67720424472328
518.0,18.624,1.0703649901674004,1.6199458049331765,0.7141910749964585,0.24326597417003554,0.08661340517895208,-0.004231691858543048,0.003548274220101204,-0.004156557719841611,0.4871246186927841,-0.2205215039533675,0.2542113624603393,-0.03994786279522469,-0.21821743279729036,0.7985224226983029,2.4182171500301433,1.1057337649647985,56.6801802975175,56.678354754262024,56.69065464561168,56.68326390424286
519.0,18.656,1.0781283169073679,1.6226639381048238,0.7145383413144809,0.24260396062398387,0.08494166161397691,0.010852072438199956,0.0036083825465385365,-0.004288056841569794,0.48010846685381164,-0.21923758217375464,0.2531108774013593,-0.03954362147696973,-0.21696869498826354,0.8025184095240406,2.412652868306432,1.105673603643491,56.68104859857189,56.67943079276938,56.69100174814017,56.6835440052007
520.0,18.688,1.0858691482718221,1.6253275234723084,0.7153685187879495,0.24190098013919503,0.08323704273389264,0.025943046045893262,0.003726142638512965,-0.004395227492471821,0.47313284537594696,-0.21797325331479184,0.25196501600466,-0.039167426865931596,-0.21589909577738917,0.8066582615596872,2.40707503929814,1.1056277096899356,56.67589515580018,56.67476495584842,56.68522008256579,56.67805365236795
521.0,18.72,1.0935866692466847,1.6279351119256915,0.7166796393217476,0.2411725304644547,0.08148713916822363,0.04097251668119108,0.0038955444045649197,-0.00447719143303731,0.4661942808280733,-0.21681754369193448,0.2507827479636481,-0.038834359072930924,-0.21508528906235821,0.8109221388694191,2.4014837838029766,1.1055950764833977,56.664746388879585,56.66435723291611,56.673360970843326,56.66682110828851
522.0,18.752,1.1012805320267263,1.6304849086121438,0.718467546645401,0.24043321187629924,0.07968114645163359,0.055872103864169166,0.004110246644786456,-0.004533411348280967,0.45928667694778025,-0.21585252784185482,0.24957337196485085,-0.038557565175080424,-0.2145948593024618,0.8152897570548474,2.39587902209861,1.1055745709350473,56.647657002343664,56.648234106814996,56.65550166159076,56.64989388296185
523.0,18.784,1.1089508234165502,1.6329748270004254,0.7207259168187103,0.23969660593199638,0.07780994963380021,0.07057406791591621,0.004363757842603881,-0.004563682343463604,0.45240157564241557,-0.21515210199875853,0.24834640456110701,-0.03834813014416186,-0.21448542304835744,0.8197404662581018,2.3902605170795446,1.105564983225546,56.62470998735623,56.6264486499042,56.631744436372905,56.62733905802333
524.0,18.816,1.1165980293623174,1.6354025439536282,0.7234462885767506,0.23897518580522753,0.07586615478758628,0.0850116174387592,0.004649573924791684,-0.004568107612005548,0.44552845094396265,-0.21478095086451082,0.24711147338330638,-0.0382149944163392,-0.21480389237376446,0.8242533335095067,2.384627914036878,1.1055650687493488,56.59601646534307,56.59908025137004,56.602215776531125,56.599243756541156
525.0,18.848,1.1242229975244469,1.6377655545396912,0.7266181034209642,0.2382802550665445,0.07384408081446962,0.09911921388167438,0.004961273275703643,-0.0045470645436854655,0.43865503031012565,-0.2147936917449148,0.24587821579285632,-0.03816491095830758,-0.215585884402874,0.8288072281214736,2.3789807759288335,1.1055735812369154,56.561715287489335,56.56623407179812,56.56706565309314,56.5657156394162
526.0,18.88,1.1318268986672417,1.640061225722372,0.730228755313421,0.237621910712339,0.0717397244587719,0.11283287163927476,0.005292572126541761,-0.004501167205201462,0.4317676381736395,-0.21523417968139935,0.24465618376599857,-0.038202434929973536,-0.21685526411921047,0.8333809096952651,2.373318613416331,1.105589296656681,56.52197233215484,56.52804030471632,56.526466955891046,56.526883321080795
527.0,18.912,1.1394111874867296,1.6422868484470665,0.7342636497755227,0.23700902560899717,0.06955071014670683,0.12609045194067806,0.0056373457832005975,-0.004431229697520644,0.42485155710113376,-0.21613495871528027,0.24345475556496166,-0.038329939732992896,-0.21862381209506399,0.8379531181841346,2.367640909361314,1.1056110280804183,56.47697949360252,56.48465329579913,56.480615024933364,56.48289663625588
528.0,18.944,1.14697756334331,1.6444396879490482,0.7387062721319908,0.23644924551813307,0.06727623443692621,0.13883194863962753,0.0059896228548179265,-0.004338233096345279,0.4178914022826375,-0.21751684759969134,0.24228305440850048,-0.03854765422929061,-0.22089101425046329,0.8425026653749393,2.361947137876548,1.1056376322010983,56.426953401909024,56.436250546210665,56.429727209974594,56.43392673227604
529.0,18.976,1.15452793123137,1.646517032356073,0.7435382645790066,0.2359489965018805,0.06491701271952444,0.15099976396924425,0.006343560632928068,-0.004223297140105977,0.410871505293257,-0.21938865274298266,0.24114987388752746,-0.03885371709023495,-0.2236439766614953,0.8470085271171842,2.3562367783480003,1.1056680086020043,56.37213393778877,56.38303161677498,56.374042373505056,56.3801659901929
530.0,19.008,1.1620643632180614,1.6485162398276698,0.7487395116951097,0.23551349958410273,0.062475233487402304,0.16253897237821974,0.006693410068187261,-0.0040876568471385315,0.4037763031236853,-0.22174700643796255,0.2400636093762985,-0.03924424548284849,-0.22685747410488233,0.8514499356328131,2.3505093251066103,1.10570109317818,56.31278260584762,56.32521695244201,56.31382026419272,56.321827788266
531.0,19.04,1.1695890605235308,1.650434784568492,0.7542882339572683,0.23514679079592016,0.05995452315069033,0.17339757069245715,0.007033478484111501,-0.0039326438008825074,0.3965907283585866,-0.22457633390793422,0.2390321942904025,-0.039713416513226935,-0.23049414573140517,0.8558064712645217,2.344764293596853,1.105735847302304,56.249180815111046,56.26304665409917,56.249340710578025,56.25914611888379
532.0,19.072,1.177104316392878,1.652270302075286,0.7601610887735539,0.2348517459170999,0.05735992208731606,0.18352671300892587,0.007358097373222353,-0.0037596717411143713,0.38930059610533324,-0.22784895772649347,0.23806303982838878,-0.04025356093930287,-0.2345048543224586,0.8600581530495193,2.339001223975823,1.1057712444093333,56.181628097682456,56.1967792295813,56.18090260814231,56.19237506262733
533.0,19.104,1.1846124799184914,1.6540206339324655,0.7663332784982002,0.23463011017541674,0.054697870536857214,0.19288092889519615,0.007661601466117493,-0.0035702261193566796,0.38189298287549894,-0.23152535208168176,0.23716297684028087,-0.04085526956190172,-0.23882922643482707,0.8641855275302565,2.3332196830860705,1.1058062556559736,56.110440282326294,56.12669035422496,56.1088226913521,56.12178811686603
534.0,19.136,1.1921159210004482,1.655683872369594,0.7727786648540828,0.23448253381114897,0.0519762011602642,0.2014183236213293,0.007938323867742049,-0.0033658572645558597,0.37435659215262995,-0.23555456155965412,0.23633819868774786,-0.04150751335286456,-0.24339638899967983,0.8681697552306676,2.3274192656900348,1.1058398362046267,56.03594763200282,56.05307166377678,56.03343409519971,56.04767737318585
535.0,19.168,1.199616996672405,1.6572584046478716,0.7794698891512661,0.234408614748653,0.049204133696176225,0.20910075928698058,0.00818261052564855,-0.0031481766969335702,0.3666821009115162,-0.23987479915498097,0.23559420436710884,-0.042197778753433716,-0.2481259134790498,0.8719926942374708,2.3215995957475037,1.1058709135026985,55.958492952138116,55.97622959118635,55.9550847197073,55.970352537955335
536.0,19.2,1.2071180190620745,1.6587429571664496,0.7863784976578728,0.23440694967716952,0.04639226620556376,0.21589401583145867,0.008388855728652424,-0.002918855928518799,0.35886248096416784,-0.2444142358064164,0.23493574171583448,-0.042912219670554856,-0.2529289716551777,0.8756369803347795,2.315760328374634,1.1058983786945267,55.878429677835776,55.896484246496804,55.874135417569086,55.89013979230311
537.0,19.232,1.2146212252918402,1.6601366389883918,0.7934750714510977,0.23447519468017936,0.04355255693569422,0.22176793103827872,0.008551558814456763,-0.002679626841230427,0.3508932887740142,-0.24909198888462186,0.23436675116714517,-0.04363582752841952,-0.25770969799435167,0.8790861031510715,2.3099011529578055,1.105921082033,55.79611995141026,55.814168327746174,55.79095803069207,55.80738049079507
538.0,19.264,1.2221287496509878,1.6614389842953046,0.800729360052037,0.2346101362233619,0.040698290841023575,0.22669651877935107,0.008665400862293665,-0.002432282492849302,0.34277291737244653,-0.2538193099698604,0.23389031120386677,-0.04435262032986679,-0.26236674303466784,0.8823244777943261,2.304021797720902,1.105937832869084,55.71193270518942,55.72962604196511,55.70593330604171,55.722429701525236
539.0,19.296,1.2296425983827495,1.6626499931027277,0.8081104181286974,0.23480777286755106,0.03784402523197141,0.23065806489563892,0.008725338917413807,-0.002178677019957856,0.3345028042838545,-0.25850096347260326,0.23350858733503307,-0.0450458510903318,-0.2667949913639038,0.8853375114768622,2.2981220358720686,1.1059474045065063,55.62624176744533,55.643212009691375,55.61944872473432,55.635654594053484
540.0,19.328,1.2371646274247377,1.6637701694169074,0.8155867445378768,0.2350634075621303,0.035005509818115926,0.23363520028685575,0.008726714279987427,-0.0019207232258398714,0.3260875899458604,-0.26303677792461133,0.23322278701754953,-0.04569823527637033,-0.27088740757371305,0.888111664668011,2.292201693295154,1.1059485439303556,55.53942401096811,55.555290124272155,55.531896280306235,55.54743268559859
541.0,19.36,1.2446965234195637,1.6648005558966237,0.8231264229693616,0.23537174983831433,0.03219957749113486,0.23561495098389762,0.008665370618293236,-0.0016603864870576265,0.3175352220002335,-0.2673233420263862,0.23303312341281754,-0.046292196064367,-0.2745369651866943,0.8906345063611334,2.2862606576096183,1.105939986164267,55.451857563796054,55.46623233852898,55.44367024227037,55.45814996017869
542.0,19.392,1.2522397882738325,1.6657427640075693,0.8306972634558469,0.2357270266959003,0.029444003467049534,0.23658876520266775,0.008537777147808661,-0.0013996737963290584,0.3088570019954773,-0.2712558087695207,0.23293879114995372,-0.046810125385447106,-0.27763860789850525,0.89289476310159,2.2802988883060977,1.1059204727903567,55.363920099863144,55.37641735584136,55.35516493933621,55.36819887987394
543.0,19.424,1.2597957274895908,1.6665989986248722,0.8382669440197299,0.23612310049244528,0.026757331790715187,0.23655251762134238,0.008341151853591876,-0.0011406170780092824,0.3000675724233231,-0.2747297640988977,0.23293795732037562,-0.04723465788848617,-0.28009119021934636,0.8948823614931859,2.2743164275765806,1.105888773985327,55.27598722389338,55.286229209717334,55.2667725932631,55.27797631192095
544.0,19.456,1.2673654424247578,1.6673720760525248,0.8458031517438035,0.23655359172396867,0.02415866961414518,0.23550649137729965,0.00807357971243137,-0.0008852503489684894,0.2911848435236061,-0.2776431124028287,0.23302777072237088,-0.04754895417893161,-0.28179934603125206,0.8965884639807382,2.2683134113996126,1.1058437132885037,55.18843096021421,55.196055724796345,55.178881229538526,55.18788139947008
545.0,19.488,1.274949826560766,1.6680654344852504,0.8532737225769061,0.23701200425025443,0.02166745102267357,0.23345533853445768,0.007734121072458174,-0.0006355808232826688,0.2822298608356354,-0.2798979301042449,0.23320439189853845,-0.047736989014015796,-0.2826752385605233,0.8980054977935024,2.2622900804118706,1.1057841942237563,55.101618349720596,55.10628686189541,55.09187268559609,55.098313407246394
546.0,19.52,1.282549565769628,1.6686831360352257,0.8606467792174153,0.2374918502769383,0.01930317343672853,0.23040802001591026,0.007322905743650038,-0.0003935546369034567,0.2732266159458992,-0.28140224090601595,0.23346304577111188,-0.04778383958635817,-0.2826401532600258,0.8991271770256081,2.2562467900959002,1.1057092278457312,55.01591015378276,55.01731295934801,55.00612073159872,55.0096695754495
547.0,19.552,1.2901651424821658,1.6692298595781612,0.8678908664564098,0.23798677226680837,0.017085110716734395,0.22637772621857796,0.006841208908335342,-0.00016101845587509478,0.26420180418625716,-0.28207167158187907,0.23379809770944665,-0.0476759686308092,-0.28162590521879305,0.8999485179224952,2.250184019836845,1.1056179602682596,54.93165965899353,54.92952289141041,54.92198931366665,54.92234301579743
548.0,19.584,1.2977968435674028,1.6697108838345023,0.8749750834073184,0.2384906589136535,0.015032008010659723,0.22138177971589548,0.006291505639233617,6.0321214869589556e-05,0.25518453409675584,-0.28183095502052996,0.23420315270701555,-0.047401496860470634,-0.2795760438713375,0.9004658475337122,2.244102380444692,1.1055096992544482,54.84921157298183,54.843302171341136,54.83983092523209,54.83672068227601
549.0,19.616,1.3054447716431488,1.6701320602853724,0.8818692120985869,0.238997752367062,0.013161764089691929,0.21544152160214,0.0056775015736168204,0.00026893872728539893,0.2462059942324975,-0.28061525667932347,0.2346711760642454,-0.0469504591856041,-0.27644684878953113,0.9006768059796952,2.238002619798625,1.105383938998267,54.76890099935694,54.75903103131234,54.75998510947638,54.75318144596181
550.0,19.648,1.313108859452288,1.6704997757225195,0.888543841958814,0.23950274403559935,0.011491107410846458,0.20858218313209492,0.005004138096639309,0.0004635273306521228,0.2372990833454736,-0.27837131068533844,0.23519463264339113,-0.04631503929540024,-0.27220812009801365,0.9005803426611282,2.2318856263419837,1.1052403823003392,54.69105247937443,54.677082513521064,54.68277709478135,54.67209429828542
551.0,19.68,1.3207888868604167,1.6708209044402793,0.8949704897783181,0.24000085650402436,0.010035272429993738,0.20083274435950244,0.004277571197319525,0.0006430316759974195,0.2284980101228416,-0.2750583615009559,0.23576564046526421,-0.045489777481863725,-0.266843774640381,0.9001767068127365,2.2257524302357674,1.1050789594301376,54.615979088948926,54.59782060693322,54.6085165660022,54.59381670057561
552.0,19.712,1.328484499960008,1.671102750289166,0.9011217147856248,0.2404879093622287,0.008807682777708927,0.192225781478334,0.003505123943921263,0.0008066718543398261,0.21983786855462872,-0.2706489154029124,0.23637613324609155,-0.04447174704507194,-0.2603522637919702,0.8994674328682288,2.219604202061608,1.1048998430671693,54.54398158176214,54.5215984625553,54.53749657721528,54.51869308997834
553.0,19.744,1.3361952317054373,1.6713529790194483,0.9069712285305145,0.24096036704466367,0.007819647821323543,0.18279730452780402,0.0026952132539845163,0.0009539561856477516,0.21135419470137903,-0.2651293122438603,0.2370180255237244,-0.04326069522160247,-0.25274683044616975,0.8984553211596444,2.213442249048229,1.1047034588199038,54.47534757183038,54.44875671784736,54.46999261632371,54.447053543115956
554.0,19.776,1.3439205234529463,1.6715795415440382,0.9124939993158895,0.24141536710965672,0.007080078893433033,0.1725865870429685,0.001857252286277978,0.0010846803477248875,0.20308251021595541,-0.25850013156429763,0.23768337340312495,-0.04185914529711656,-0.2440556211987952,0.8971444145229432,2.207268008875651,1.1044904909288742,54.41035075119244,54.37962195868511,54.40626183833386,54.37921258937919
555.0,19.808,1.3516597467409093,1.6717905889390332,0.9176663509680162,0.24185072774884192,0.0065952310935937725,0.1616359891289594,0.0010015303422136015,0.001198911069152772,0.1950578575301047,-0.25077644787331843,0.2383645237785851,-0.04027245736797,-0.2343216654419679,0.8955399714220595,2.20108304118619,1.1042618828661301,54.34925013975312,54.314505346014364,54.34654249147302,54.315468155486364
556.0,19.84,1.359412224620069,1.6719943801740313,0.9224660557781902,0.24226493372374291,0.006368476093691893,0.14999077531793734,0.00013907262022018282,0.0012969535577406384,0.18731433122922814,-0.24198794788599193,0.23905424528765268,-0.0385088460622509,-0.2236027265403386,0.8936484362333863,2.1948890169980815,1.1040188326445741,54.29228936427378,54.25370143396609,54.29105356722568,54.25610061215075
557.0,19.872,1.3671772518334724,1.6721991837204286,0.9268724214882845,0.24265710041885385,0.006400110824915367,0.137698928440448,-0.0007185174935532193,0.001379303153792153,0.1798846098809541,-0.232178918030788,0.23974583533307633,-0.0365793543639672,-0.21197102231563894,0.8914774073447645,2.1886877062731718,1.1037627827460463,54.23969596251807,54.19748720558955,54.2399947087611,54.20137188282904
558.0,19.904,1.3749541131564749,1.672413174322874,0.9308663722276179,0.24302691634382734,0.0066872063264194976,0.12481096060416852,-0.0015592307093026906,0.0014465834330524188,0.17279949250940735,-0.22140810420323495,0.2404331993373872,-0.03449778343546335,-0.19951280369494703,0.8890356037032242,2.182480963930383,1.1034954046656695,54.19168070815531,54.146121347818514,54.19354640724061,54.15152456554424
559.0,19.936,1.382742099246162,1.6726443263364952,0.9344305233382043,0.2433745653027256,0.007223500425659884,0.11137972220582455,-0.0023708357596736325,0.0014994751268970733,0.166087444049021,-0.20974843832464848,0.24111090091084106,-0.0322805789221082,-0.18632777270131015,0.88633283037031,2.1762707146154687,1.1032185781521002,54.148436955575576,54.099843772387146,54.15187049485979,54.10678101555486
560.0,19.968,1.3905405194278122,1.6729003051313618,0.9375492500476497,0.24370063067656578,0.007999337339581462,0.09746020967016716,-0.0031410721910697143,0.0015386426278614321,0.15977415447396306,-0.19728661871297423,0.2417741845368554,-0.029946674570577314,-0.1725283151657514,0.8833799434810682,2.1700589365270866,1.102934365300282,54.1101400156323,54.05887535502117,54.11511089958002,54.06734234600225
561.0,20.0,1.3983487109768218,1.673188358148346,0.9402087499599636,0.24400598590654915,0.009001656780756309,0.08310937225981106,-0.0038578496324925575,0.0015646671102153996,0.15388211685818956,-0.18412252464753318,0.24241897511882612,-0.02751729405534233,-0.15823852080957568,0.8801888147209646,2.1638476445506054,1.102644979727843,54.07694659680752,54.02341780357756,54.08339455572066,54.03338733359878
562.0,20.032,1.4061660446500426,1.6735152072610673,0.9423970993287837,0.2442916772881496,0.01021403477254045,0.06838591777562694,-0.004509451773103513,0.001577996686260897,0.14843023032540667,-0.17036844093314152,0.24304186040356354,-0.025015711735132846,-0.14359296476691427,0.8767722950210417,2.157638872857259,1.1023527511431621,54.04899437816834,53.99365347837625,54.05683227641139,54.00507127153856
563.0,20.064,1.4139919264856327,1.6738869441620752,0.9441043030486357,0.24455880736218966,0.011616778156496577,0.05335011624537501,-0.00508474402854283,0.0015789235100590977,0.1434334346199702,-0.15614806683799043,0.24364006196421317,-0.022466972849682118,-0.1287352309944047,0.8731441766587329,2.1514346569871856,1.1020600856995466,54.026401804880074,53.969744897912285,54.03551932027329,53.98252488386674
564.0,20.096,1.421825796213803,1.6743089305526766,0.9453223382434194,0.24480842900532324,0.013187074706294532,0.038063599836990446,-0.005573384499283804,0.0015675943128643673,0.13890238376534564,-0.1415952864341285,0.24421139763500052,-0.019897573775029216,-0.11381616961021253,0.8693191524445874,2.1452370152641542,1.1017694226352623,54.009268183631704,53.95183362272974,54.01953538123297,53.96585347483928
565.0,20.128,1.4296671229655116,1.6747857049768664,0.9460451912489188,0.24504146099089247,0.014899200755931472,0.022589156421858027,-0.005966037898516492,0.0015440541531224511,0.1348431668467032,-0.12685268468990973,0.24475423372352126,-0.017335103804346025,-0.09899189643869123,0.8653127703486255,2.1390479292206783,1.1014831878332065,53.99767407286459,53.94003828907605,54.00894385422111,53.95513648500478
566.0,20.16,1.4375153992674674,1.6753208981964292,0.9462688876895633,0.24525863443611967,0.016724788111335806,0.006990513770139394,-0.006254591176755966,0.0015083142969057669,0.13125708420575516,-0.11206980561941099,0.24526742106431562,-0.014807851758362509,-0.08442156224293132,0.8611413819664375,2.1328693225980255,1.1012037451032808,53.991681810675374,53.93445180397592,54.0037904904443,53.95042752363783
567.0,20.192,1.4453701344878505,1.6759171590430069,0.9459915152618752,0.24546047563697,0.01863315145555348,-0.008667888365253278,-0.006432367338977278,0.0014604270387091015,0.12814048710800208,-0.09740116450040406,0.24575020780312148,-0.012344383360066453,-0.07026493860309503,0.8568220837515321,2.12670303848809,1.1009333461924435,53.99133586440675,53.93513806701809,54.00410186655667,53.951754760356096
568.0,20.224,1.453230848876184,1.6765760926810378,0.9452132387871585,0.2456473246354241,0.020591676188466673,-0.02432113983489787,-0.006494330728144802,0.0014005468444391888,0.1254846881031971,-0.08300404381633959,0.24620212551659099,-0.009973098012873455,-0.05667988390809844,0.8523726508671017,2.1205508143500387,1.1006740807452533,53.99666263587566,53.94212889043822,54.0098842772508,53.95912138305527
569.0,20.256,1.4610970690974914,1.677298213145645,0.9439363071081757,0.24581938191585417,0.022566264518977787,-0.03990411496821233,-0.006437273796557576,0.0013289612306405546,0.1232759478033991,-0.06903611964478742,0.24662285309840862,-0.007721775449897782,-0.043819763632437156,0.8478114645539736,2.1144142549673113,1.1004278276396264,54.00766950564391,53.95542184830645,54.021123562255646,53.972505795543704
570.0,20.288,1.4689683257413837,1.6780829118590195,0.9421650514858316,0.24597677012163482,0.024521834792949594,-0.0553517381982511,-0.006259973413586888,0.0012460856876693079,0.1214955417390198,-0.05565297907080804,0.24701207139279593,-0.005617123054145624,-0.03183090248264122,0.8431574346993878,2.1082948038535645,1.1001962092685813,54.02434321527183,53.97497951074283,54.0377859973577,53.99186139553403
571.0,20.32,1.4768441528023186,1.6789284435690397,0.9399058752865279,0.2461195956542162,0.026422865938131843,-0.070599256228241,-0.005963305032965046,0.0011524302986819434,0.12011990854586704,-0.043005597835444935,0.24736932682458782,-0.0036843336105160454,-0.020850142423941922,0.8384299195526146,2.102193714064925,1.099980550393763,54.04664799672937,54.00073003557609,54.05981991525395,54.017116054761225
572.0,20.352,1.4847240887124649,1.6798319308050649,0.9371672349062526,0.2462479971920698,0.02823397612578685,-0.08558251188360212,-0.005550305586707753,0.0010485555480082352,0.11912087827585961,-0.031237850001574512,0.2476939221565467,-0.0019466616137566763,-0.011002571749358916,0.8336486442382984,2.096112019716449,1.0997818431435682,54.07452397215116,54.0325686648218,54.087157442015446,54.048171636335944
573.0,20.384,1.4926076782654851,1.6807893875333664,0.9339596120182849,0.24636217353188306,0.02992052275942178,-0.10023821524899118,-0.00502617983931014,0.0009350371726242401,0.1184659773662535,-0.020484118348836722,0.24798484780255056,-0.0004250249097070627,-0.002399478420655659,0.8288336190688749,2.0900505096551614,1.0996007195741924,54.1078862072478,54.070359519204445,54.11971577083065,54.084903899161276
574.0,20.416,1.5004944747306002,1.6817957622490294,0.9302954773335326,0.2464623895348445,0.03144920986446889,-0.11450420889851089,-0.004398248804714166,0.0008124548500238359,0.11811880489611856,-0.010867066765012597,0.24824076045764462,0.0008623621318905664,0.004863432281977048,0.8240050579529911,2.084009704695216,1.0994374329800445,54.14662452017449,54.11393721807543,54.15739766654354,54.12716297245465
575.0,20.448,1.5083840415846799,1.6828450002877269,0.9261892461193382,0.24654896418999073,0.03278868870929677,-0.1283197254435749,-0.003675841743929071,0.000681410386730534,0.11803947324442285,-0.0024956256100353395,0.24846000967916235,0.0019003176037246487,0.010707529045694143,0.8191832966803047,2.077989839613285,1.0992918488602457,54.19060390028947,54.16310812829666,54.20009120910553,54.174774362475425
576.0,20.48,1.5162759535102213,1.6839301246945593,0.9216572257420331,0.24662224767316837,0.033910137713512284,-0.14162563679078255,-0.0028701349921906416,0.0005425720174433388,0.11818510511898585,0.0045367707526095796,0.2486407086863142,0.0026769765093061677,0.015072440606181922,0.814388710639284,2.071990850802355,1.09916344614373,54.239665285458095,54.2176512933025,54.247668989593016,54.22754030233431
577.0,20.512,1.5241697965419843,1.685043334553833,0.9167175554953824,0.2466825947425933,0.034787808102301726,-0.1543646952078362,-0.001993941762772756,0.0003967352258303977,0.11851037811456401,0.010153667259949688,0.248780842996788,0.0031840237471818383,0.017916933742959353,0.8096416315698897,2.066012370153633,1.099051328959436,54.29362647763035,54.277319223968924,54.29998703137239,54.28524121910177
578.0,20.544,1.5320651674412966,1.6861761192643367,0.9113901389656108,0.246730340603511,0.03539952220324435,-0.1664817665553603,-0.0010614576824956115,0.0002448879230035165,0.11896810745442751,0.014296777006180027,0.24887840896682045,0.0034168689030508737,0.01921948941947342,0.8049622631732193,2.060053725421478,1.0989542489140491,54.35228307393977,54.341838750547495,54.35688366803346,54.34763714177255
579.0,20.576,1.539961672510829,1.6873193868409981,0.9056965691736398,0.24676578342288485,0.03572711177066836,-0.17792405599909353,-8.796754100415416e-05,8.82682077249987e-05,0.11950985734756804,0.016926870746852594,0.24893157326076812,0.00337475682726842,0.018978589488390835,0.8003705956901306,2.0541139470429877,1.0988706375081851,54.41540938483459,54.41091208906647,54.41817853438967,54.41446895519162
580.0,20.608,1.5478589261333446,1.688463603941046,0.8996600467309943,0.24678917570361536,0.035756784376499116,-0.18864132633267233,0.0009104802636987592,-7.15948806655728e-05,0.12008657141380555,0.01802437037054642,0.2489388434621094,0.0030608091432294017,0.01721272912638391,0.7961261242073149,2.0481917811340167,1.0987986479848713,54.522665211706745,54.52412405830015,54.52357760495622,54.525365323339464
581.0,20.64,1.5557565498789105,1.689598931953684,0.8933195455017586,0.24680074204893437,0.035479000394932035,-0.19814066341361497,0.0019174301246836305,-0.00023286518248145967,0.12064920263905979,0.017589336663648057,0.24889643798023384,0.002452827784287296,0.013796291207300786,0.7923909893024371,2.0422861558738905,1.0987382690997167,54.65592701694949,54.66324723915561,54.658324231207516,54.66617619082679
582.0,20.672,1.5636541697421695,1.6907153494919371,0.8867240616290017,0.2468006207268431,0.034888048070412486,-0.2061088710236523,0.0029455042966962004,-0.0003962143132257218,0.12114644479268688,0.01555118482842328,0.2488022293880812,0.0015481939745304214,0.008711511930774218,0.7891040705861447,2.0363957987365273,1.0986902455510743,54.780080512919845,54.79349240636717,54.78276002138343,54.7967068195267
583.0,20.704,1.5715514222844844,1.6918025360299367,0.8799192401059387,0.2467891419473398,0.03397457931248596,-0.21265067259572024,0.00399704714145056,-0.0005613984815583093,0.12152563046286932,0.011867399973715734,0.24865721326433426,0.00037235184914095193,0.0020964290249734225,0.7862115821158073,2.030518594863256,1.0986538382226516,54.897162306062526,54.916810530979646,54.896753310217846,54.9161889690957
584.0,20.736,1.579447956584403,1.6928498558324172,0.8729476275076893,0.24676669687245778,0.032728743827516144,-0.21786289369529388,0.005044579401283246,-0.0007250561967845056,0.12173588374897613,0.006593468373197546,0.2484630947503111,-0.0010506221084152327,-0.005919841684845655,0.7836661922619105,2.024651571858662,1.098626844793226,55.00642363692155,55.03202079481502,55.00255222538204,55.02700830772073
585.0,20.768,1.5873434286875583,1.6938466384436595,0.8658488956414229,0.24673350322360044,0.031149456601320374,-0.22183537082082533,0.006056814331025011,-0.0008829915342252571,0.12172943178337901,-0.00017422556781466502,0.24822283359693845,-0.0026936422993014547,-0.015191798220580961,0.7814262491904812,2.0187910782345577,1.0986059241347912,55.10823618556985,55.139338509125,55.10106857135317,55.13003653840909
586.0,20.8,1.595237497335998,1.6947825015761206,0.8586600398027066,0.24668964526373938,0.02924572288941216,-0.22465174495988458,0.007003428731756967,-0.001030670713379341,0.12146249380790726,-0.008311494931339206,0.24794078793881927,-0.004526280314097558,-0.025554845952972804,0.7794550992876235,2.0129329979243407,1.09858697115728,55.203059563343224,55.23911261866102,55.19296378116359,55.22588412993233
587.0,20.832,1.6031298227678896,1.695647668529577,0.851415554822644,0.24663516974661437,0.027036467295508935,-0.2263901556269555,0.007856930209157963,-0.0011635026083251583,0.12089601815573177,-0.017671024579840537,0.2476227201699078,-0.0065151439608399225,-0.03682657906199947,0.7777204873731086,2.0070729695609875,1.0985654927618753,55.2913214752662,55.33167287299875,55.27879473007452,55.31506555027062
588.0,20.864,1.6110200693327574,1.696433260420185,0.8441475915547063,0.2465702051521188,0.02454974658150364,-0.2271238521230517,0.00859393392217689,-0.0012771074937590592,0.11999632457262172,-0.02808525506401306,0.24727569511115247,-0.008624520104847072,-0.04880963181310183,0.7761940288883356,2.0012065964894217,1.098536963562146,55.37341054548089,55.41732024646689,55.35903788269132,55.39802568870166
589.0,20.896,1.6189079121749452,1.6971315491462602,0.8368860960051812,0.24649508881836846,0.021821522689847973,-0.22692173592266088,0.009196113795936689,-0.0013675880052397725,0.11873565205610753,-0.03936927971565673,0.24690787781628543,-0.010817188264140135,-0.06129567765114705,0.7748507454217353,1.9953296371307623,1.0984971457935087,55.44968101382556,55.49633523914142,55.434097332620716,55.475148699046805
590.0,20.928,1.6267930477365988,1.697736160175578,0.8296589329733998,0.24641048630167478,0.018894094666183064,-0.2258488447431683,0.009650841408953986,-0.0014317864405241324,0.11709259313582715,-0.0513243689668426,0.24652824374046078,-0.013055348845947164,-0.07407034123228941,0.773668655971127,1.9894381675507462,1.0984423611401253,55.52045711326344,55.568987173466375,55.50431088570823,55.54676471456708
591.0,20.96,1.634675207325785,1.69824221738125,0.8224919958403031,0.24631748716207025,0.015814287677246006,-0.2239667854092712,0.009951507280770645,-0.0014675071063239855,0.11505239071364236,-0.06374227865795261,0.24614622210002224,-0.01530161074265552,-0.08691875735828015,0.7726284172545917,1.9835287103746149,1.0983697055089352,55.58603610489055,55.635541925329846,55.56995626545401,55.61315635981603
592.0,20.992,1.6425541725515551,1.6986464254567166,0.8154093040136625,0.2462176633053132,0.012631502358334535,-0.22133411958251742,0.01009753100136224,-0.0014736830212294199,0.11260707593150487,-0.07641026838044991,0.24577129975445147,-0.017519983327280914,-0.0996314677252851,0.7717130071840408,1.9775983265922392,1.0982772012424136,55.64669027714828,55.6962675624349,55.63125776564614,55.67456527773885
593.0,21.024,1.650429791108257,1.6989470887758629,0.8084330894807259,0.24611307989693526,0.00939572872332011,-0.21800670415426918,0.010094081350366586,-0.0014504701687779037,0.10975543182391717,-0.08911662545999305,0.24541261661600386,-0.01967682138501298,-0.1120103207454564,0.770907446321956,1.971644669180332,1.0981638847496173,55.70266831577245,55.751437760997966,55.68839332611012,55.73119866202645
594.0,21.056,1.6583019912415913,1.6991440687641113,0.8015838739030855,0.24600625416669442,0.006155624632762919,-0.2140379868012623,0.009951540958000236,-0.00139925875433928,0.10650277597465913,-0.10165641639095614,0.2450785839669812,-0.0217416777645716,-0.12387403774611937,0.7701985527633213,1.9656659996882286,1.0980298308769574,55.754196402920456,55.801333049934016,55.74150188323621,55.783235721643294
595.0,21.088,1.6661707932711414,1.6992386847485101,0.794880537682293,0.24590006342344017,0.0029567495124643824,-0.20947925689976368,0.009684760908823139,-0.0013225986773648482,0.10286056486404276,-0.11383715320010902,0.2447765541545123,-0.02368802663119314,-0.13506313228079828,0.7695747264317228,1.9596611708624456,1.0978761183713925,55.801479333171464,55.84624007736995,55.79069078515166,55.830833957275935
596.0,21.12,1.6740363167750554,1.699233565717614,0.7883403824008367,0.2457976094973125,-0.00015996971550191738,-0.20437985254551075,0.009312158274011764,-0.0012240446732419779,0.09884583214790744,-0.12548406008754961,0.24451256438583427,-0.025493829306169183,-0.1454439166384109,0.769025759259916,1.9536295799260512,1.097704743367813,55.8447018518373,55.88644922174156,55.83604303822577,55.87413509452496
597.0,21.152,1.6818987824339457,1.6991324623349768,0.7819791879826766,0.2457020518403239,-0.0031594807074139504,-0.19878732556750223,0.008854713486812287,-0.0011079342614324953,0.09448048196850155,-0.13644465145368145,0.2442911695594277,-0.02714192410983264,-0.15491139640484844,0.7685426681487261,1.947571098222916,1.097518489850795,55.88403033075059,55.92225096691773,55.87762416146707,55.913270505104606
598.0,21.184,1.689758508033993,1.6989400298423225,0.7758112658122776,0.24561642500147535,-0.006013515395447694,-0.19274756782497096,0.008334924717975045,-0.000979117826900931,0.08979046588852345,-0.14659238149104614,0.24411537024799884,-0.02862023090774473,-0.1633909332146175,0.7681175479708789,1.9414859835661524,1.0973207674303813,55.919614805872186,55.9539315159421,55.91548846218677,55.948365959011156
599.0,21.216,1.6976158986813,1.6986615931327722,0.7698495089031069,0.24554345772834196,-0.008701147173446881,-0.1863049034115832,0.007775773295138984,-0.0008426641680329852,0.08480487763174023,-0.15582919192206263,0.2439866331690308,-0.029921769886092915,-0.17083863949714867,0.7677434422143735,1.9353747818153761,1.0971154275072925,55.951591319653936,55.981768126055805,55.94968460095031,55.9795455848488
600.0,21.248,1.7054714318139217,1.6983029052871803,0.7641054400266135,0.24548541039443017,-0.011208995174746817,-0.1795021523904176,0.007199748370906495,-0.0007035662940771487,0.0795550031547743,-0.16408686094980232,0.2439049937215474,-0.03104450225706354,-0.177240549078526,0.7675682497545546,1.9292382240018227,1.0969065690023352,56.005715018055,56.031655181422806,56.00589094389129,56.03256553303838
601.0,21.28,1.7133256368377123,1.6978698422598766,0.758598665762169,0.24544390699345725,-0.01353321960324143,-0.17208669576388916,0.006627973364440842,-0.0005664717416091511,0.07407325845867767,-0.17133044953503263,0.24386791672025881,-0.03199954001052744,-0.1826597972760995,0.7677207883161438,1.9230767431291145,1.0966988282299486,56.07844207234115,56.100128667931116,56.08117928404313,56.10481007941743
602.0,21.312,1.7211790748043585,1.6973682036901223,0.753355744382421,0.2454199364576926,-0.01567620530482093,-0.16384129311712556,0.006086188477403017,-0.00043659907447892956,0.06839150590759767,-0.17757744196738573,0.24387248495015312,-0.03279847620139212,-0.1871633219792471,0.7681959293985563,1.916890303864285,1.0964969941657094,56.14784344651833,56.165555754728125,56.1527342150624,56.173365426900055
603.0,21.344,1.7290323096538465,1.696803504646088,0.7484019937742917,0.24541358904649874,-0.017646845126069437,-0.1548047065040406,0.005595934830818426,-0.00031814018352794215,0.062540287912771,-0.18286958017587157,0.24391617292997791,-0.033449031713991724,-0.19079655981343338,0.7689875874394602,1.9106785594537896,1.09630529022923,56.213948260884365,56.22810515222086,56.21998844779618,56.237539475009925
604.0,21.376,1.7368858783472767,1.6961807463862604,0.7437613881913463,0.24542402166969463,-0.019461195619616106,-0.14501892446704467,0.00516858337864784,-0.0002132022609624302,0.05654875310606084,-0.18725095881547904,0.2439956976302909,-0.033963117742914994,-0.19362962963913802,0.7700886939780994,1.9044407800138368,1.0961272024025204,56.27619714180213,56.28714826555283,56.282939999962025,56.297503559505955
605.0,21.408,1.7447402698723025,1.6955042926535335,0.7394564597303627,0.24544973515705482,-0.021139179147713887,-0.1345290144057382,0.004810838098891819,-0.00012279416740146003,0.05044417437611757,-0.1907804006508258,0.24410740336122638,-0.03435508176966922,-0.19574695786454027,0.7714911810335874,1.8981758417264685,1.09596541545377,56.33427381901379,56.34238982881462,56.341369282018874,56.3531195010729
606.0,21.44,1.752595909024224,1.6947777949022622,0.7355082045843733,0.2454887234975484,-0.02270305472722859,-0.1233829733121686,0.004525753111920204,-4.707961444054382e-05,0.04425147928923179,-0.19353127814514623,0.2442474760792549,-0.034640842014229616,-0.19724206547402015,0.7731859745353119,1.8918822441632623,1.0958217995812165,56.38790935570086,56.3935813947782,56.39504849795329,56.40421960819143
607.0,21.472,1.7604531444741687,1.6940041562274273,0.7319359946208915,0.24553860781077025,-0.024176208588591576,-0.11163156135880402,0.004313216193369017,1.4452296254038443e-05,0.03799287762511643,-0.19558852963123688,0.2444121036820385,-0.0348371859129704,-0.19821335282460203,0.7751629973964498,1.8855581491222313,1.0956974361262741,56.43685703688552,56.440483166533774,56.44377259770325,56.45064576082846
608.0,21.504,1.7683122409631724,1.6931855291852524,0.7287574948861855,0.24559676528136654,-0.025582095067963582,-0.09932811670956476,0.004170442140281467,6.281475858937656e-05,0.031687608087011855,-0.19704496436826394,0.24459759863171576,-0.034961151357841606,-0.1987604157318739,0.7774111814337303,1.8792014374253923,1.0955926763709243,56.48089089840516,56.48286260747931,56.487363756030256,56.492253852410535
609.0,21.536,1.7761733752761446,1.6923233424777981,0.7259885876165526,0.2456604472803809,-0.026943334607946987,-0.08652835217602675,0.004092524177030787,9.935068883630419e-05,0.025351804669805446,-0.1979975459514605,0.24480048642435578,-0.035029495352087506,-0.19898091519240815,0.7799184872116336,1.8728097800485592,1.0955072271785071,56.51980722527211,56.520498529600694,56.52567132083899,56.5289134934742
610.0,21.568,1.784036635448592,1.691418350771357,0.723643303295115,0.24572688038897844,-0.02828099082628763,-0.07329013504492672,0.004073018923074724,0.0001255720790942788,0.018998472801451876,-0.1985439782388069,0.2450175638525686,-0.03505826061637652,-0.19896805248535665,0.7826719309316955,1.866380719597289,1.0954402565269876,56.55342614377352,56.55318578070042,56.55857064961366,56.56050730967297
611.0,21.6,1.7919020225284963,1.6904707014902915,0.7217337592390857,0.2457933462470111,-0.02961404003329335,-0.05967325175091487,0.004104531074421793,0.00014302231285111234,0.01263755978171565,-0.19877976842825115,0.2452459324214327,-0.03506244534298114,-0.19880866867043034,0.7856576176519621,1.8599117579205726,1.0953905115856704,56.58159296448077,56.580739590788134,56.585961531757015,56.58693050641836
612.0,21.632,1.7997694541701101,1.6894800123737417,0.720270106145039,0.2458572388004327,-0.030959034892183407,-0.045739159188960085,0.004179265528934904,0.00015316905411558935,0.0062761012453890755,-0.19879585576373968,0.24548301284282215,-0.035055774874815156,-0.19858195065514603,0.7888607803544445,1.8534004456233033,1.095356442001205,56.60417928690458,56.60299928688248,56.60776647053527,56.60809085012299
613.0,21.664,1.8076387693695166,1.6884454538858502,0.7192604829643756,0.24591609998145225,-0.032329952746608354,-0.03155072439572912,0.004289519266924475,0.0001573312423475972,-8.157549069791397e-05,-0.19867683473629097,0.2457265461195318,-0.03505056825806774,-0.19835869405414028,0.7922658246163355,1.8468444693978305,1.0953363214683154,56.62108391332268,56.619831244424674,56.62392901282686,56.62390911899625
614.0,21.696,1.815509733745715,1.6873658311815172,0.7187109804314691,0.24596763675619587,-0.03373820951040743,-0.017171954153329103,0.00442809132753286,0.00015663953876611462,-0.006433609773462314,-0.1984997569078366,0.24597458563919689,-0.03505768783184182,-0.19820104787959164,0.7958563788201,1.8402417334295373,1.0953283614112315,56.63223359697096,56.63113102723635,56.63441228249998,56.63432001612162
615.0,21.728,1.823382044899822,1.6862396611838562,0.7186256135230936,0.24600972356584433,-0.035192812426906826,-0.002667715886733172,0.004588596046894537,0.00015202581584544973,-0.012780344587228052,-0.1983334613719105,0.24622548341911868,-0.03508655650709644,-0.1981626483377422,0.7996153499099221,1.833590431621615,1.0953308116210303,56.63758360646064,56.636824736620824,56.639197850856974,56.63927346856012
616.0,21.76,1.8312553375202065,1.6850652413523795,0.7190063030866272,0.2460403943870188,-0.03670061973364693,0.011896548860423201,0.004765671840228408,0.00014423459816227904,-0.019124056665780317,-0.19823835879613486,0.24647787266714888,-0.03514522527911999,-0.1982890388827946,0.803524984650758,1.8268891080055836,1.0953420438993235,56.63711804464751,56.63686964541799,56.638285051545225,56.63873617112138
617.0,21.792,1.8391291880192426,1.6838407078351456,0.7198528668313016,0.24605782809487808,-0.03826667241355743,0.02645511702107498,0.004955084765729104,0.0001338483006650257,-0.025468691311618094,-0.19826657734091985,0.24673064841943335,-0.035240472829617515,-0.1986182710504939,0.8075669361955207,1.8201367034249927,1.0953606160638172,56.63084984172298,56.631254224428005,56.63169080504288,56.63269319717615
618.0,21.824,1.8470031185758307,1.6825640818276804,0.7211630198270146,0.24606032989337562,-0.03989456273328914,0.04094228111603187,0.005153732498855358,0.00012131883590396847,-0.03181961028092836,-0.19846237011017798,0.24698294809202417,-0.03537791970601733,-0.1991815849612873,0.8117223355731917,1.8133325873589938,1.0953853149926887,56.61882036723574,56.61999767035674,56.61944995275927,56.62114950904271
619.0,21.856,1.8548766005195394,1.6812333040358387,0.7229323845970846,0.24604631074089783,-0.04158680599505162,0.05529264906468929,0.0053595598127857335,0.00010700025568020712,-0.03818335784713029,-0.19886268265904147,0.2472341339632459,-0.03556214131517361,-0.20000407888569083,0.8159718675427683,1.8064765745398372,1.095415178646923,56.60109866864537,56.603149022663224,56.6016160226152,56.604131253503944
620.0,21.888,1.8627490570413203,1.6798462580971996,0.7251545108264016,0.24601426630565365,-0.04334518558247315,0.06944144466615448,0.005571400915196482,9.117965489951579e-05,-0.04456744708815511,-0.19949778471519225,0.24748377948426273,-0.03579676657857033,-0.2011052927261205,0.8202958501622891,1.7995689267591521,1.09544949814886,56.57778041515437,56.580785930584746,56.57826228102214,56.58168679763548
621.0,21.92,1.870619865269435,1.6784007846066396,0.7278209046387913,0.24596275712858418,-0.04517104658000033,0.0833248066371798,0.005788766848780489,7.410562637479529e-05,-0.0509801657377991,-0.2003918816433233,0.24773166072101405,-0.03608455229373685,-0.20249964925560537,0.8246743174092456,1.7926103409021872,1.095487801961619,56.54898666909252,56.55301312060997,56.54948289502254,56.553887513954216
622.0,21.952,1.878488357818464,1.676894687981907,0.7309210673316933,0.24589039215715236,-0.04706551952288886,0.09688008415318491,0.0060115975784065905,5.601453901093293e-05,-0.05743039874511987,-0.20156363701818408,0.2479777532838683,-0.0364274267729259,-0.20419671790161747,0.8290871042354333,1.7856019247605734,1.0955298249733667,56.514862605359234,56.519960625459554,56.51539404003815,56.52082834347157
623.0,21.984,1.8863538240035234,1.6753257387763254,0.7344425433956944,0.24579581828310776,-0.04902966267442822,0.11004612700003445,0.006239998453503007,3.71548412461512e-05,-0.0639274630957834,-0.20302655651255241,0.24822223408771757,-0.036826499942167856,-0.206201287202701,0.8335139335076935,1.7785451625352675,1.0955754658235362,56.47557626134438,56.48178185831845,56.47613482936978,56.4826281551563
624.0,22.016000000000002,1.8942155110001715,1.6736916741965073,0.7383709775921503,0.2456777186452539,-0.051064518119314735,0.12276356863924812,0.0064739796436245915,1.7808932603206364e-05,-0.07048094951216163,-0.20478920362003097,0.24846548646111188,-0.03728204055518827,-0.20851325235996152,0.8379345043432502,1.771441872152849,1.095624736110494,56.431317350269865,56.438651633989224,56.431867987825086,56.43942989906546
625.0,22.048000000000002,1.9020726253071136,1.6719901995260291,0.7426901808132478,0.24553482209194155,-0.053171083452443986,0.13497510065929574,0.006713215138129067,-1.6885393055962248e-06,-0.07710056536268052,-0.2068552380362202,0.24870810660562004,-0.03779342430024815,-0.21112734233424185,0.8423285813779183,1.764294156594344,1.0956777052003468,56.38229613198558,56.39076424008043,56.38278022646713,56.39140053556439
626.0,22.080000000000002,1.909924334919359,1.67021899291592,0.7473822044037368,0.24536592538267044,-0.05535020656591278,0.14662573720278224,0.006956835222514341,-2.093743646380601e-05,-0.08379597343075285,-0.20922328648588917,0.24895090918204535,-0.03835905917914792,-0.21403272575353316,0.8466760845067595,1.7571043513968787,1.0957344442342338,56.328742315638024,56.33833164524819,56.32908229426967,56.33873072173009
627.0,22.112000000000002,1.917769772635139,1.6683757156124748,0.7524274225804917,0.2451699286181231,-0.0576024157326604,0.15766306802358895,0.007203263224389698,-3.946531211735405e-05,-0.09057662204048722,-0.2118866723063753,0.24919492979403132,-0.038976296489389634,-0.21721254583824287,0.8509571786183768,1.7498749703574346,1.095794972635168,56.270903965114286,56.281581904491205,56.27100869080384,56.281634245554386
628.0,22.144000000000002,1.925608040898484,1.666458029190347,0.7578046225438689,0.24494588322952737,-0.05992770069149217,0.16803749885553942,0.0074501039719188245,-5.672792658517235e-05,-0.09745156330526468,-0.21483304334643777,0.24944142228000152,-0.03964133697146566,-0.22064344125626734,0.855152362816525,1.742608651266558,1.0958592099799969,56.20904638281207,56.220757791759844,56.20881702965416,56.22034721234569
629.0,22.176000000000002,1.9334382185240675,1.6644636207844397,0.7634911018329554,0.2446930507994866,-0.06232526268460514,0.17770247778395293,0.007694088020706914,-7.211737431423778e-05,-0.10442925783392935,-0.2180439471665289,0.24969184896972962,-0.040349142179338965,-0.2242951121916657,0.8592425585942066,1.7353081032485267,1.0959269355658001,56.14345095358156,56.15611566349077,56.142787049909664,56.15512700010098
630.0,22.208000000000002,1.9412593695681926,1.662390236707812,0.7694627724351362,0.244410970128908,-0.06479325239461259,0.18661470631814778,0.007931072456390431,-8.497744689931882e-05,-0.11151736596663608,-0.2214944078591349,0.24994786239826206,-0.04109336093123342,-0.2281299891073391,0.8632091964006106,1.7279760570021798,1.095997757402277,56.07441393558852,56.08792453560083,56.073219283843734,56.08625100882424
631.0,22.240000000000002,1.9490705545074518,1.6602357242422046,0.7756942711191765,0.24409952935185142,-0.06732851455023414,0.19473433387626177,0.008156096120280353,-9.462528192923448e-05,-0.11872252738665245,-0.22515256003558265,0.25021127739957383,-0.0418662798792221,-0.23210305607342024,0.8670343000222064,1.7206152189410537,1.096071091740456,56.00224518805257,56.01646534105609,56.00043340146682,56.01401523261465
632.0,22.272000000000002,1.9568708437725109,1.6579980808261514,0.782159075420631,0.24375903953309497,-0.06992635675166081,0.2020251344204518,0.00836348455479133,-0.00010037789274949705,-0.12605013264092385,-0.2289793928665957,0.25048403302628036,-0.0426588059097289,-0.2361618716723381,0.8707005681870815,1.7132282299388069,1.0961461536378707,55.92726682835192,55.94203032467827,55.92476626491822,55.93873268381485
633.0,22.304000000000002,1.9646593335658464,1.655675509370645,0.7888296246695029,0.24339030604173645,-0.07258035798457511,0.20845466402724647,0.008546997908615914,-0.00010158184807034189,-0.13350409158988236,-0.23292865093429171,0.25076814435294237,-0.04346048638150387,-0.2402468190776406,0.8741914527972983,1.7058176291102858,1.0962219584909414,55.84981181391084,55.86492252554387,55.84656973601319,55.86073169695356
634.0,22.336000000000002,1.972435163775435,1.653266478025035,0.795677445413588,0.2429946940496403,-0.07528222955031215,0.21399439825265842,0.008700013525295338,-9.764416723605732e-05,-0.1410866050037646,-0.23694692963175723,0.2510656448998778,-0.0442595712585559,-0.2442916037445376,0.8774912331993701,1.6983858228115616,1.0962973339603574,55.770222448159494,55.78545529460175,55.76620828777744,55.7803541377863
635.0,22.368000000000002,1.9801975376866174,1.6507697824104375,0.8026732805580042,0.24257418472445313,-0.07802173795617283,0.218619848263008,0.008815733973603915,-8.806241006497194e-05,-0.14879794635969598,-0.24097399163738673,0.251378521129077,-0.0450431191358101,-0.24822400312807136,0.8805850859201253,1.6909350588324994,1.0963709412920477,55.688848814700656,55.703951795675856,55.684056475208216,55.69795354019575
636.0,22.400000000000002,1.9879457430959573,1.6481846081415987,0.8097872215134834,0.24213141904187002,-0.08078669590121094,0.22231065485872248,0.008887410842577674,-7.245196613557608e-05,-0.1566362613280187,-0.24494331838915434,0.25170864116971453,-0.045797147107209946,-0.2519668588778467,0.8834591493265118,1.6834674055883443,1.0964413047054757,55.60604714920958,55.620744441594475,55.600496321924204,55.61389319149409
637.0,22.432000000000002,1.9956791743471896,1.6455105913716699,0.8169888426246633,0.24166972660100822,-0.08356302406027631,0.2250506597243731,0.008908574670465227,-5.056868677443947e-05,-0.16459739245222976,-0.24878289733794703,0.25205768057651035,-0.046506822494041644,-0.2554392889456123,0.8861005827150548,1.675984735994738,1.0965068472868997,55.5221781638214,55.536174223437634,55.51591467821802,55.52854418503244
638.0,22.464000000000002,2.0033973547427273,1.6427478751127438,0.824247337136474,0.24119313736055392,-0.08633488309144058,0.22682795349408447,0.008873261839812827,-2.2325253267452943e-05,-0.17267473613621892,-0.25241623292575815,0.25242704845487896,-0.047156692719611176,-0.25855808581768214,0.8884976194004164,1.668488715632944,1.0965659316866425,55.43760534319008,55.450589899503136,55.43070060263502,55.44228345788965
639.0,22.496000000000002,2.0110999587361063,1.6398971591986957,0.8315316539531672,0.24070637479309243,-0.08908487231400189,0.22763490052166138,0.00877623007228388,1.2199968144087029e-05,-0.18085913829287176,-0.25576355753624147,0.25281781764897643,-0.047730948145054165,-0.2612392583437017,0.8906396134521755,1.660980794775827,1.0966169038702953,55.352693234346745,55.36434702088543,55.345242814111714,55.35549183080286
640.0,22.528,2.018786833281852,1.6369597419526891,0.8388106344516463,0.24021482955457898,-0.0917942889377164,0.22746814057749637,0.008613155214655535,5.2762381998960994e-05,-0.1891388339396885,-0.25874320882995044,0.25323066283786494,-0.04821371150842594,-0.2633996688835937,0.8925170798224306,1.6534622038452513,1.0966581382043632,55.267805753679866,55.27780678200419,55.25992725521212,55.26855206710238
641.0,22.56,2.0264580177093907,1.6339375518841723,0.8460531486289998,0.23972451336058664,-0.0944434396411494,0.22632856804229837,0.008380803239099023,9.895920196207818e-05,-0.19749943472778586,-0.26127313248944484,0.2536658102879276,-0.04858934675143698,-0.2649587149911769,0.8941217277106629,1.6459339519016039,1.0966880822546767,55.183304533600314,55.191334696123825,55.175134799639004,55.18184696712242
642.0,22.592,2.0341137614959814,1.630833168052595,0.8532282298933965,0.23924199333096008,-0.09701199473679387,0.22422128951239664,0.008077172709353217,0.0001502457736066592,-0.20592396694976003,-0.26327246484480826,0.25412300265209775,-0.04884277947433446,-0.26584000557662363,0.8954464871220639,1.6383968278187602,1.0967052998268843,55.099547328999584,55.10529910719462,55.09123912932204,55.09575751405428
643.0,22.624,2.0417545393388576,1.6276498280805405,0.8603052078469436,0.23877430758988105,-0.0994793741267013,0.22115556104834713,0.007701604319790194,0.00020595930512278533,-0.21439296108270117,-0.26466314827905,0.25460148158940793,-0.04895982101286957,-0.2659729851359242,0.8964855286860949,1.6308514038653155,1.0967085109678079,55.01688649978232,55.020069559394166,55.00860479850477,55.01066108632043
644.0,22.656,2.0493810629670923,1.6243914231613257,0.8672538384572888,0.2383288633823336,-0.10182515372546265,0.21714470657328477,0.007254855436825777,0.000265348582744898,-0.22288459247464124,-0.2653715336203703,0.2550999901327773,-0.048927488157076704,-0.26529446564596265,0.89723427690843,1.6232980414876295,1.0966966278599335,54.935667581186244,54.936015053993366,54.92758549477826,54.926929750073505
645.0,22.688,2.056994289187087,1.6210624797706208,0.8740444310696912,0.23791331937483817,-0.10402948095952759,0.21220601913757625,0.006739138811935268,0.00032760777247181063,-0.2313748714541474,-0.26532992756483115,0.25561679569526435,-0.0487343107949861,-0.2637500333424123,0.8976894171267885,1.615736899165128,1.0966687857653887,54.85622794875893,54.85350222904614,54.84852250047335,54.84492864329647
646.0,22.72,2.0645954237199247,1.6176681281454501,0.8806479717706612,0.23753545415117183,-0.10607348828658288,0.20636064690531303,0.006158125754832131,0.0003919120428282385,-0.23983787999430006,-0.26447804897533456,0.2561497334442602,-0.04837062023057795,-0.26129530595674577,0.8978488965256568,1.6081679422769486,1.0966243683985868,54.778895580434764,54.77289350077788,54.771743352501375,54.76501446008389
647.0,22.752,2.0721859204618953,1.6142140579264566,0.8870362426755666,0.2372030231865827,-0.10793969434354918,0.1996334657782919,0.005516915026179409,0.0004574525160649519,-0.24824605113258222,-0.2627643649577311,0.25669626855800937,-0.04782881155591073,-0.2578970242021355,0.8977119196336611,1.600590954976202,1.0965630273183444,54.70398791442208,54.694545206316114,54.69756069505187,54.68753404013545
648.0,22.784,2.0797674758793194,1.6107064616623377,0.8931819367733533,0.2369236067945033,-0.10961238325371538,0.19205294055583602,0.004821969514685235,0.0005234679912534076,-0.25657048665178095,-0.26014728513327845,0.2572535746978658,-0.047103574216198756,-0.25353396855307003,0.8972789387786851,1.5930055541096775,1.0964846951230924,54.63181079887496,54.61880578583966,54.62627131762786,54.61282306434233
649.0,22.816,2.087342018333437,1.6071519671430183,0.8990587680194732,0.2367044516911746,-0.11107795372872893,0.18365097644124415,0.004081023396149656,0.0005892709988382883,-0.26478130805456046,-0.25659619972576386,0.2578186249679464,-0.04619208575888248,-0.24819769801406483,0.8965516400091523,1.585411205243968,1.0963895924014422,54.56265752761388,54.54601403876168,54.55815537072249,54.5412048527279
650.0,22.848,2.0949116922191457,1.603557559756726,0.9046415764213381,0.23655230892839751,-0.11232523082163594,0.17446276255828047,0.003302962932808626,0.0006542660527610079,-0.2728480355856859,-0.2520923532714202,0.2583882907823528,-0.04509416467033561,-0.2418931111891155,0.8955329250053433,1.5778072408620734,1.0962782285317592,54.49680795532032,54.47649748366507,54.49347575280899,54.47298925613501
651.0,22.88,2.1024788368916703,1.5999304962538943,0.9099064279076989,0.2364732710163906,-0.11334573446349074,0.16452660894877486,0.0024976843682219586,0.0007179584683097847,-0.2807399899244881,-0.24662955040408235,0.2589594435023037,-0.04381237914535828,-0.2346388313804254,0.894226889502587,1.5701928807769936,1.096151396537611,54.43452768547621,54.41057084589188,54.432477664637844,54.40847162812754
652.0,22.912,2.110045960447408,1.5962782114475098,0.914830708813272,0.23647261111681117,-0.11413390019951443,0.1538837782991581,0.001675932519061744,0.0007799528115689856,-0.2884267111296852,-0.2402146929411827,0.2595290535143204,-0.042352109573687596,-0.22646741676633705,0.8926387987285139,1.5625672547709681,1.0960101622919582,54.37606732463559,54.34853469015116,54.375388329170484,54.347931858955526
653.0,22.944,2.117615708519601,1.5926082194860405,0.9193932148421763,0.2365546272560246,-0.11468724879591653,0.1425783134032589,0.000849123676372889,0.0008399409321487804,-0.2958783894098527,-0.2328681483063178,0.2600942816485576,-0.04072156343305483,-0.2174253942994954,0.8907750603177956,1.5549294274116143,1.095855848424294,54.32166179740578,54.290674208055734,54.322416876331346,54.291633449654114
654.0,22.976,2.1251908283474465,1.5889280114031092,0.9235742343979959,0.2367224946201727,-0.11500650259160101,0.13065686111936303,2.9156321672858966e-05,0.0008976805814535793,-0.30306630226069364,-0.22462394832426216,0.2606525584976321,-0.03893174211762891,-0.20757311242041926,0.8886431951063215,1.5472784249202423,1.0956900133254874,54.27152971805746,54.23725816126005,54.27375438915727,54.239822602339295
655.0,23.008,2.132774128481171,1.585244950679718,0.9273556261843819,0.23697812917888839,-0.11509564760597825,0.11816849332456347,-0.0007717870471189989,0.0009529667798732666,-0.30996325241086325,-0.2155298149966101,0.26120164824657555,-0.036996359972667564,-0.19698440376929888,0.8862518061167161,1.5396132638739597,1.095514425669678,54.225872817570966,54.18853796829655,54.22957409963116,54.19272730399634
656.0,23.04,2.1403684345986402,1.5815661685524516,0.9307208909877218,0.2373220661709139,-0.11496194147707352,0.10516452510437095,-0.001541443983454721,0.0010055992605256902,-0.31654400082411965,-0.2056470065931251,0.2617396949370063,-0.03493171642628727,-0.18574604568572511,0.883610545921421,1.5319329814125604,1.0953310348868337,54.18487542991507,54.144746905593024,54.190031706677246,54.15055638736969
657.0,23.072,2.1479765420347947,1.5778984607674098,0.9336552375519296,0.23775335737982717,-0.11461586828255534,0.09169833013149267,-0.002267679425581164,0.0010553503003748166,-0.32278568871049707,-0.19504997400954444,0.262265250439068,-0.032756522599580215,-0.17395700433013359,0.8807300824031654,1.5242366664946327,1.0951419380296077,54.14870404852391,54.106099369658395,54.15526576561918,54.11349856576706
658.0,23.104,2.155601165766017,1.57424818741805,0.936145642443967,0.23826949160068978,-0.11407104216749193,0.0778251528761701,-0.002938694074368126,0.0011019377810615163,-0.3286682421196982,-0.18382581467163928,0.2627772844928188,-0.030491684159762167,-0.16172744858677787,0.8776220627281214,1.5165234916072383,1.0949493434904092,54.117506971615946,54.07279012028152,54.12539807204417,54.08172145903915
659.0,23.136,2.1632448887468554,1.5706211774204435,0.938180903786513,0.23886634315120592,-0.11334406242520513,0.06360191695456077,-0.003543231980290822,0.00114500807461378,-0.3341747522663701,-0.1720735101360464,0.2632751777048937,-0.02816004252661833,-0.14917752317697477,0.8742990751220062,1.5087927441854592,1.0947555320456295,54.091414058638335,54.04499340172188,54.10053394338071,54.05537065246088
660.0,23.168,2.1709101096601024,1.5670226390784583,0.9397516887014082,0.23953815353897046,-0.11245432318703748,0.04908702859047691,-0.004070785771303717,0.0011841320399086392,-0.33929182433232,-0.15990293468816044,0.26375869819307113,-0.02578607696398652,-0.13643587694741452,0.8707746078323783,1.501043856853122,1.0945628157399254,54.07053661214378,54.0228618346048,54.08076230401315,54.03456885058915
661.0,23.2,2.1785989912985704,1.5634570780832713,0.9408505742663491,0.24027755120212246,-0.11142378109959401,0.03434017390440203,-0.004511797963044028,0.00121881498076936,-0.3440098871871824,-0.14743362618390302,0.26422796181324776,-0.023395570719848616,-0.12363795197488917,0.8670630045293033,1.4932764354724422,1.0943734951791777,54.05496737283693,54.00652500347152,54.06615551923892,54.019415191768275
662.0,23.232,2.186313410924934,1.5599282241871029,0.9414720817432424,0.24107561332385707,-0.1102766842552629,0.019422108652914615,-0.004857856401850474,0.00124851821609711,-0.3483234563621499,-0.13479331730730373,0.2646833751356217,-0.021015245313292047,-0.11092405125465099,0.8631794154043516,1.4854902839135964,1.0941898158784051,54.04478057044611,53.99608774429778,54.05676900323007,54.0099847651678
663.0,23.264,2.194054914025418,1.5564389677001176,0.9416127037986114,0.24192197189012976,-0.10903926521828995,0.004394439230281929,-0.005101881019628775,0.001272686825721323,-0.35223134279920043,-0.12211623504864792,0.26512556036125023,-0.01867236827970535,-0.09843721608287576,0.8591397434145246,1.477685424454114,1.0940139244083058,54.04003192441254,53.99162825253712,54.05264072581584,54.00632832182817
664.0,23.296,2.2018246728561026,1.5529913068872656,0.941270924415513,0.24280496345889502,-0.10773940040162401,-0.010680605721825878,-0.005238297804220982,0.0012907763811372966,-0.35573680046461953,-0.10954118778596361,0.26555526284953623,-0.016394340990475223,-0.08632095716703228,0.8549605854696307,1.4698621128161697,1.0938478251931207,54.04075846528136,53.99319624551674,54.05379081711743,54.00847211440632
665.0,23.328,2.2096234510611685,1.5495863072848841,0.9404472312025712,0.24371181890830962,-0.1064062375744217,-0.025740412904429164,-0.005263194495285758,0.001302272084822949,-0.3588476069075199,-0.09720947167266351,0.26597324488978524,-0.01420827425616239,-0.07471689428250138,0.8506591687982152,1.462020847055345,1.093693338919033,54.046978079160574,54.00081146591676,54.060221467429834,54.016417771113005
666.0,23.36,2.217451575425959,1.5462240739007609,0.9391441198438297,0.24462888639970015,-0.1050697932538507,-0.04072222996067198,-0.005174451450067989,0.0013066969185461217,-0.3615760722505822,-0.08526263964183065,0.2663801729796907,-0.012140560018639987,-0.06376236652549784,0.8462532831215915,1.4541623698109938,1.093552063598212,54.05868876799656,54.01446276359957,54.07191722237229,54.03014213430396
667.0,23.392,2.225308915543951,1.5429037371832641,0.9373660905000867,0.24554187868724964,-0.10376052242177376,-0.05556341699197021,-0.004971840821783015,0.001303610131294341,-0.36393897384417523,-0.07384018581036526,0.2667765088245773,-0.010216447431975265,-0.053588078105360704,0.8417612094970865,1.4462876637749253,1.09342533938089,54.07586773312459,54.03410784958404,54.0888456154855,54.04959706820603
668.0,23.424,2.2331948718719703,1.5396234535206215,0.9351196360574587,0.24643613525060482,-0.10250886445758296,-0.07020170133212317,-0.004657087865559477,0.0012926017942842393,-0.36595741576559676,-0.0630772043070141,0.26716241537281027,-0.00845963116298945,-0.04431584314108959,0.8372016467018206,1.4383979405764968,1.093314218203607,54.098470470209634,54.05967364212984,54.11095793921446,54.07470932263057
669.0,23.456,2.2411083723695984,1.5363804208431993,0.9324132222073085,0.2472968905508769,-0.10134477116944393,-0.08457543281719514,-0.004233889700486735,0.0012732913795235026,-0.36765661435045394,-0.05310208399059526,0.2675376880812844,-0.006891859107417714,-0.03605648764994914,0.8325936358462811,1.4304946235663554,1.0932194393015389,54.12643006680048,54.09105700236336,54.13818990124496,54.105380580319505
670.0,23.488,2.249047877698592,1.5331709096457955,0.929257259419805,0.24810954153105225,-0.10029722491886736,-0.09862383710948489,-0.0037078888053733838,0.0012453375495830132,-0.36906561286577966,-0.04403429916121555,0.26790171877279145,-0.00553256619789301,-0.02890795875332096,0.8279564836288169,1.4225793251762497,1.0931414115005982,54.159656822123715,54.128125633906585,54.17046196452534,54.14148779111088
671.0,23.52,2.257011394803918,1.529990309433781,0.9256640669331084,0.2488599095414321,-0.09939375662545288,-0.11228726520926675,-0.0030866004499334712,0.0012084630900879342,-0.37021693017420454,-0.03598235164287717,0.2682534958807977,-0.00439854069794951,-0.022953681067580622,0.8233096843811042,1.41465381963377,1.0930802030501743,54.19803820698969,54.17071898700881,54.20767928640235,54.182883824082055
672.0,23.552,2.2649964985952513,1.5268331902461147,0.9216478289200227,0.24953449347916967,-0.09865997461457046,-0.12550743790892815,-0.002379294860402128,0.0011624945844748308,-0.371146149734425,-0.0290419122461334,0.2685916414513998,-0.0035036292730758617,-0.01826118926099998,0.818672840892849,1.4067200118365533,1.0930355395701157,54.24143910237139,54.218649111876914,54.24973129199533,54.22939839054928
673.0,23.584,2.273000361370552,1.523693378542109,0.917224543017664,0.250120711728141,-0.09811911575018087,-0.13822768444871059,-0.001596836133749506,0.0011074125256237525,-0.3718914565031745,-0.023294200452301208,0.26891448244951993,-0.0028584870381784255,-0.014881054756128907,0.8140655839708989,1.3987799031686439,1.0930068104738695,54.28970222577137,54.271701495285974,54.296490994098825,54.280839141799525
674.0,23.616,2.2810197895459337,1.520564046376554,0.9124119614192532,0.2506071304806815,-0.09779163017359363,-0.15039317495033747,-0.0007514808751302825,0.0010434050472382815,-0.3724931302333803,-0.018804631085665453,0.2692201517568424,-0.0024703785294982045,-0.012846114431899092,0.8095074907661397,1.3908355549986464,1.092993083998282,54.34264866984069,54.329635962162776,54.34781419584713,54.33699283690999
675.0,23.648,2.2890512671615437,1.5174378124433046,0.9072295247362022,0.25098367548781453,-0.09769481041404368,-0.1619511463453424,0.00014335957743853134,0.0009709175972391718,-0.3729930043015738,-0.015621746655200067,0.2695067126205341,-0.0023430350249990795,-0.0121710007303936,0.8050180020480883,1.3828890505521632,1.092993130722296,54.400078513919425,54.392187730260844,54.4035386983965,54.39762649835585
676.0,23.68,2.2970910055156266,1.5143068532498563,0.9016982888471244,0.25124182356509017,-0.09784247479525934,-0.17285112153368043,0.0010733885305232022,0.0008906914072352642,-0.37343389956025175,-0.013776444805137594,0.2697722990707855,-0.0024765728023667805,-0.01285196641294094,0.8006163387749976,1.3749424558065682,1.0930054551948831,54.46177150313221,54.4590686870674,54.46348360584879,54.462488508344805
677.0,23.712,2.3051349981420364,1.5111630224013706,0.8958408449601445,0.2513747695753047,-0.09824471401517756,-0.18304512146812332,0.0020237190691441503,0.0008037850669290203,-0.3738590428315537,-0.013281502646744133,0.2700152639195566,-0.0028674757957369984,-0.014866993635859159,0.7963423781219979,1.3669977800139579,1.0930283350223413,54.530975706504535,54.53345682742945,54.53093668712809,54.534797530159636
678.0,23.744,2.3131790802110563,1.5079979730138995,0.889682479603923,0.25137756465687366,-0.09890779335847136,-0.19244891738192157,0.0029791883626070804,0.0007115750957165686,-0.37431148132859954,-0.01413144852403158,0.27023410390510894,-0.003511196740038733,-0.018189409729190698,0.7925812927473582,1.3590569909264596,1.0930600434323168,54.66481135874674,54.6723951047013,54.66334079791681,54.67198889678287
679.0,23.776,2.3212189808199275,1.5048032205167288,0.8832716888325907,0.25124689402722367,-0.0998360155365848,-0.20033721160413517,0.003927176651890385,0.0006154758637370577,-0.37483380784476156,-0.01631223470570905,0.2704240990407233,-0.004440544147486486,-0.022986868255665125,0.7892715376176752,1.351122747954098,1.0931016904214779,54.78656107060515,54.79901848476073,54.788222049584114,54.80246316962836
680.0,23.808,2.3292503706911245,1.5015702973335352,0.8766536110201123,0.25098093347490613,-0.10102884947479898,-0.20681493163994863,0.0048954113062527355,0.000512901754018364,-0.3754713070329726,-0.019907515565587924,0.2705859644818444,-0.005626690246262986,-0.0291080553185849,0.7863589531035542,1.3431969189962312,1.0931532354806464,54.90228012859084,54.920049554473856,54.90155977234746,54.92059250547643
681.0,23.84,2.3372687380220727,1.4982905173917742,0.8698702832386966,0.2505739790921305,-0.10249312318003069,-0.21197899316923918,0.005862880814435246,0.0004062816644423555,-0.37626785845752275,-0.02487395095120537,0.27072052122949575,-0.007046107725976164,-0.036429910094925716,0.7837958787311277,1.3352804682247559,1.0932132598249582,55.01031960839093,55.033189280376234,55.00653324707571,55.029887411665285
682.0,23.872,2.345269483693418,1.4949551684383542,0.8629608685230733,0.25002330222953484,-0.1042296547943757,-0.2159192098632292,0.0068019988259313885,0.00029915405344060013,-0.37726453115949077,-0.031124202376558517,0.2708294867564972,-0.008673228540406433,-0.044819238891445796,0.7815403732833923,1.3273735389005359,1.0932792236711035,55.110945380438764,55.13852423542791,55.1041704030725,55.13137169414291
683.0,23.904,2.3532480513864216,1.4915557640509873,0.8559618572492981,0.2493302404063672,-0.10623138710521414,-0.21871910230547556,0.007685371303049191,0.00019544351296941538,-0.3784987562152992,-0.03854505239124657,0.2709156384843866,-0.010479664414052306,-0.05412835900083019,0.7795555284893853,1.319475574509244,1.093347799646613,55.204609604563366,55.23640405327202,55.195143321863235,55.22568209959292
684.0,23.936,2.361200062193058,1.4880842952946245,0.8489072457940955,0.24850033770738833,-0.10848339863633862,-0.22045660797508063,0.008487836462637684,9.915903909990026e-05,-0.38000369665529904,-0.04700353182909188,0.27098282557086006,-0.012434445366506064,-0.06419602726430751,0.777808865070659,1.311585450899515,1.0934152139095228,55.29174170743001,55.327175102129665,55.28000705671467,55.31334364375589
685.0,23.968,2.3691214439689965,1.4845334631490426,0.8418286952131864,0.24754318049807744,-0.1109635045494355,-0.22120470565340966,0.009187702122099099,1.4145124277057601e-05,-0.38180772700797894,-0.056350286719681286,0.27103588818712027,-0.014504546183768036,-0.07484991394749635,0.77627180126218,1.3037016093683684,1.0934775722838364,55.372730421531124,55.41115506104794,55.35923646339817,55.39481033279262
686.0,24.0,2.3770085489800645,1.4808968798674607,0.8347556722550334,0.24647203159587605,-0.11364322754943414,-0.22103196744227888,0.009767658905618393,-5.615576084961627e-05,-0.3839340076067432,-0.06642249103992659,0.2710804948554921,-0.01665557842494933,-0.08591003240657882,0.7749191851107184,1.2958221836687063,1.0935311565650974,55.447927873125664,55.48863842436194,55.433236154480284,55.470475768710614
687.0,24.032,2.3848582545347714,1.4771692303914632,0.8277155746873083,0.24530329858458966,-0.11648904612492063,-0.2200030489914113,0.010215410787703029,-0.00010892254490201858,-0.38640016268495786,-0.077047064744071,0.27112290889304996,-0.018852594905782158,-0.09719288168426078,0.7737288828974322,1.28794511534357,1.0935726794410652,55.517654669189575,55.559904880305375,55.502346894156425,55.5406799508014
688.0,24.064,2.3926680422865223,1.473346387641034,0.8207338426681723,0.24405586724221529,-0.11946383595091276,-0.21817912559799946,0.010524020068740826,-0.0001421420219617103,-0.38921807815990217,-0.08804441798579947,0.27116970119517325,-0.0210609579093297,-0.10851606094061073,0.7726814169497404,1.2800682531909535,1.0935994894551202,55.58220378215823,55.62522653733339,55.56685177342162,55.6057155900657
689.0,24.096,2.400436052982741,1.4694254782747647,0.813834057735269,0.24275033425683024,-0.12252841769591616,-0.21561827915322887,0.010691970841669039,-0.0001547471789019956,-0.39239383403832995,-0.09923269153367076,0.27122743187463966,-0.023247222174453908,-0.11970308942889053,0.7717596469157715,1.2721894341446611,1.0936097205405846,55.64184335151008,55.6848733063924,55.626982689296135,55.66583432599469
690.0,24.128,2.4081611146442543,1.4654048982764323,0.8070380308930845,0.24140817692229455,-0.12564312494788693,-0.2123758388182654,0.010722967890220833,-0.00014669467776386633,-0.3959277814226522,-0.1104323331608952,0.27130232624993567,-0.025379985994923734,-0.13058815479003938,0.7709484892858789,1.264306544338617,1.093602383788301,55.696818746900725,55.73911631385818,55.682927150293374,55.7212528698525
691.0,24.16,2.4158427434431617,1.4612842803215853,0.8003658812289386,0.24005089996585716,-0.12876931108896778,-0.2085046770045581,0.010625500126200388,-0.00011897332396236537,-0.39981476718556225,-0.12147078399536686,0.2713999709357038,-0.027430668622784135,-0.14102052101324394,0.7702346705715735,1.2564175605017833,1.0935774021288858,55.7473542095341,55.78822940259874,55.73483528145291,55.772159036459776
692.0,24.192,2.4234811178597653,1.4570644171738496,0.7938361064529117,0.23869920051886018,-0.1318707233667406,-0.20405546175084036,0.010412207666266653,-7.354124255863543e-05,-0.40404450175016376,-0.13218702376643834,0.2715250533456759,-0.029374178886900748,-0.15086835511915608,0.7696065101029846,1.248520573018279,1.093535591368988,55.793654330164856,55.832488901201955,55.78282683671851,55.81871759109228
693.0,24.224,2.4310770279760847,1.452747147244474,0.7874656467141836,0.2373721911349822,-0.13491468529298878,-0.19907686683525214,0.010099098814722008,-1.3195973990386345e-05,-0.4086020579167973,-0.14243572818550904,0.2716811631483379,-0.03118944778331395,-0.16002177589415195,0.7690537288906265,1.2406137929164953,1.0934785933911395,55.835905555368484,55.87217194243948,55.826998004043105,55.86107580780667
694.0,24.256,2.4386318029352703,1.44833520984415,0.781269942978692,0.23608671747454824,-0.13787304376012405,-0.1936157417341126,0.009704667216095015,5.861203315330205e-05,-0.41346848195492614,-0.15209081853302894,0.27187066777072066,-0.03285980616563114,-0.1683949845669177,0.7685672814237513,1.2326955456862518,1.0934087692111487,55.87427784104486,55.907553688511285,55.867427799843,55.899368616512135
695.0,24.288,2.4461472205929717,1.4438320785263925,0.775262991152206,0.2348568018031708,-0.14072285367992113,-0.18771724457768824,0.009248960223075722,0.00013800679412078303,-0.41862149271047117,-0.16104822731683147,0.27209466675906235,-0.03437319710489113,-0.17592740072395446,0.7681392076529011,1.2247642551603228,1.0933290609216213,55.908926498052324,55.938903864884594,55.90418388692558,55.933723213721805
696.0,24.32,2.45362540414573,1.4392417812689131,0.7694573929988959,0.23369323602369355,-0.14344678929623086,-0.18142494229093903,0.00875264734187015,0.0002209356700869405,-0.4240362406042093,-0.1692277590021895,0.2723530225603213,-0.035722220672441005,-0.18258379115900497,0.767836970468884,1.2168184207609072,1.0932428323081198,55.952386382642764,55.97887518870359,55.94971987952986,55.97665520209629
697.0,24.352,2.4610686955440193,1.4345686794340324,0.7638689491260285,0.23260285619654245,-0.14603443234002103,-0.1746388710271057,0.008236128554181958,0.00030341887630825395,-0.4296861483740819,-0.1765756125145934,0.2726439287736682,-0.03690849795660604,-0.1883763984669784,0.7678525426860311,1.20885633064796,1.093153941839238,56.025189019922436,56.0480845195154,56.024837531624016,56.04914517584061
698.0,24.384,2.468479521472599,1.4298172354892345,0.7585242763087964,0.23158831026812135,-0.14848262327493686,-0.16702102553850504,0.007722123543156071,0.00038119511201547656,-0.43554413750052545,-0.18307624478703063,0.27296401325562675,-0.03794364646062577,-0.19336933775342824,0.7681819797460379,1.2008754587882067,1.0930668821839071,56.094610053349086,56.11395555402562,56.09690885532167,56.118735726510735
699.0,24.416,2.4758603063539297,1.4249919160669227,0.7534488586635784,0.2306495275415791,-0.15079123194724334,-0.15860680141306288,0.0072365773897344185,0.0004496526113481259,-0.44158388388761516,-0.18875335891118258,0.2733107910450666,-0.03882994422379406,-0.19757921263752576,0.7688203784278579,1.1928729563621692,1.092985831021159,56.161142432869816,56.17729940020546,56.164914432708606,56.18406088027833
700.0,24.448,2.483213318313288,1.4200969669903756,0.748666941906715,0.22978162372994085,-0.15296715864209623,-0.14943489865197945,0.006793621944559846,0.0005065018334645123,-0.4477796804286429,-0.1936269422821318,0.2736809434449949,-0.03957469332790854,-0.2010486399194158,0.7697618536966105,1.1848456391000408,1.0929144322060504,56.224129349329,56.237347118183926,56.22894644651824,56.24541546821245
701.0,24.48,2.490540582312482,1.4151362902718412,0.7442014326244346,0.22897699997481682,-0.15502114745419973,-0.13954716507126239,0.006402926839522172,0.0005505043001207044,-0.45410685786885013,-0.1977296996672835,0.27407075543584963,-0.04018821833131074,-0.20383559829027798,0.7709995213118159,1.1767900180674082,1.0928557019516236,56.28324192732593,56.29379082070105,56.28878716533889,56.302661866455736
702.0,24.512,2.497843818965705,1.4101133595948911,0.7400738021815133,0.22822614541322098,-0.15696658365468838,-0.12898845134129064,0.00607082903243448,0.000581230020812989,-0.46054224453576215,-0.20110857504114718,0.2744763341531712,-0.04068304244008715,-0.20600892824671196,0.7725254886766452,1.1687023489855648,1.092811983355999,56.3382089809598,56.34638798178843,56.344194232831065,56.355616644824686
703.0,24.544,2.5051244031017568,1.4050311645880986,0.7363039956903793,0.22751825425161556,-0.1588185939622662,-0.11780645284793767,0.005800677396841316,0.0005989288872463533,-0.4670645662289446,-0.2038229341324047,0.2748937757684414,-0.04107323871790529,-0.2076448063290331,0.7743308541274626,1.1605786952336554,1.0927849368789857,56.388780749851044,56.39490665320836,56.39494337643436,56.404104961863574
704.0,24.576,2.5123833404906963,1.3998921809806621,0.7329103465655197,0.2268417934043613,-0.16059323773238973,-0.10605153515186307,0.005593158575913485,0.000604395059362931,-0.47365475625496634,-0.20594177865530858,0.275319300638206,-0.0413738357436841,-0.20882357255529793,0.7764057143246691,1.1524150021821058,1.0927755623559199,56.43472573467019,56.43912079353901,56.44083518361858,56.44796730034971
705.0,24.608,2.519621261063393,1.3946983638964565,0.7299094971861212,0.22618501789677095,-0.16230678388142586,-0.09377654310620256,0.005446691486412432,0.000598819449618818,-0.48029616808519326,-0.20754072186747824,0.2757493582097087,-0.041600278960570045,-0.20962691161834338,0.7787391792040304,1.1442071805639493,1.0927842481834535,56.47583192847513,56.4788132181566,56.48169602424957,56.48705949357155
706.0,24.64,2.526838426375638,1.3894511609505014,0.72731632616517,0.2255364160076571,-0.16397509206109842,-0.08103659440472637,0.005357877351908666,0.0005836417560689362,-0.4869746936735511,-0.20869905629782382,0.2761807029873375,-0.04176796116939972,-0.21013544589557998,0.7813193938985082,1.1359511963704783,1.0928108424848062,56.51190841516974,56.51377966756043,56.51737766405361,56.52125197005395
707.0,24.672,2.534034748610575,1.3841515413237884,0.7251438826888749,0.22488506984177906,-0.16561311333478088,-0.06788885863422128,0.005321977211140609,0.0005604141730808582,-0.49367879632629663,-0.20949709533384603,0.2766104446425558,-0.0418918321267589,-0.21042677740963855,0.7841335671026841,1.127643164571436,1.0928547404172098,56.542786821231246,56.543832810528315,56.547756382233445,56.550429121239546
708.0,24.704,2.541209818170959,1.378800036735473,0.7234033283512581,0.22422092376199446,-0.16723451838485795,-0.05439232305052411,0.00533338792315194,0.0005306864854325896,-0.5003994702980871,-0.21001389092125533,0.2770360765986376,-0.04198609169541262,-0.21057398697790672,0.7871680054885577,1.1192794438521703,1.0929149814834682,56.56832259563177,56.56880584104502,56.57273184446851,56.57448898328187
709.0,24.736,2.548362936891582,1.373396790214318,0.7221038868689513,0.22353496001947784,-0.16885145378608954,-0.04060754632208629,0.00538609016889258,0.0004959188058323106,-0.5071301408697292,-0.21032537743243104,0.27745548780114326,-0.04206396561712568,-0.21064457247330104,0.7904081539465536,1.1108567295371958,1.0929903507635488,56.58839614821825,56.58855550766732,56.59222588843832,56.59334330915274
710.0,24.768,2.5554931540790955,1.3679416087764258,0.7212528020232639,0.22281928710979318,-0.1704744199341328,-0.026596401427731568,0.005474046018564533,0.0004574243566003841,-0.5138665190021492,-0.21050295342936962,0.2778669620135821,-0.04213755824493241,-0.21069978634411274,0.7938386415682844,1.1023721419335961,1.0930794783620756,56.60291386338652,56.60296449284661,56.60618135524868,56.60691805744757
711.0,24.8,2.562599302922415,1.3624340165152486,0.7208553041410465,0.22206715135372737,-0.1721122581617855,-0.012421808819294822,0.005591528717097096,0.00041634091461866294,-0.5206064240581499,-0.2106124836131898,0.2782691681607708,-0.04221777273823435,-0.2107943159217135,0.7974433333636174,1.0938233074811186,1.093180932024386,56.61180897441958,56.61194312032739,56.6145610864966,56.615154269822874
712.0,24.832,2.5696800352635476,1.3568733051669026,0.7209145853910692,0.22127288566040051,-0.1737722296358128,0.0018525390632108379,0.005733373020773217,0.00037362637917508554,-0.5273495867714063,-0.21071368080091482,0.2786611443534371,-0.04231428646211678,-0.21097623885675817,0.8012053876879754,1.0852084303402998,1.0932932987452353,56.61504224866819,56.615430419900136,56.617347190470355,56.618009251461785
713.0,24.864,2.576733853225377,1.351258579887252,0.7214317841351828,0.22043181130716719,-0.17546016498908007,0.016162460753550004,0.005895140305711055,0.00033007190417884256,-0.5340974428235772,-0.21085981157012312,0.27904227757898376,-0.04243556773086998,-0.21128718029237392,0.8051073192482552,1.0765263523830002,1.0934152522105631,56.61260240970252,56.61339461565727,56.614540654984864,56.61545792391911
714.0,24.896,2.5837591367138883,1.3455887987201978,0.7224059785296897,0.21954010901598078,-0.1771806614704467,0.030443574828339204,0.0060731983956981515,0.000286325479939678,-0.5408529252517464,-0.2110976589204333,0.2794122807614488,-0.042588919590618265,-0.21176259789748156,0.8091310673872992,1.0677765999607596,1.0935456040022395,56.60450622421231,56.60583312137408,56.606161343406605,56.60749420215301
715.0,24.928,2.590754166311937,1.339862804998066,0.7238341895196351,0.21859467493902365,-0.1789373038166146,0.04463159343579336,0.006264721281900702,0.00024291971417844901,-0.5476202616241097,-0.21146767061631738,0.2797711688847402,-0.042780536949272835,-0.21243212518736676,0.8132580691658424,1.0589594162943339,1.0936833375896882,56.59079821373906,56.592772124403496,56.59224835621954,56.5941322638393
716.0,24.96,2.597717141536547,1.3340793526424313,0.7257113933070444,0.21759297576906514,-0.180732886113588,0.05866261835654052,0.006467618332842403,0.00020029940405246464,-0.5544047796538427,-0.21200422237794744,0.28011923589961363,-0.043015564863321865,-0.21331991196753797,0.8174693366159461,1.0500757788217994,1.0938276251690944,56.57155000463142,56.574265824946096,56.57286068355802,56.5754076216017
717.0,24.992,2.6046461948289235,1.3282371249775662,0.7280305433059666,0.2165329153867577,-0.18256961452703374,0.07247343746632003,0.006680405988132952,0.00015884661241834198,-0.5612127228150723,-0.21273593018070286,0.28045703396342553,-0.04329814796697595,-0.21444491236669563,0.8217455374625863,1.0411274013268443,1.093977828339206,56.546859382974034,56.55039538259244,56.54807803042692,56.5513779595525
718.0,25.024,2.611539401978902,1.3223347481879484,0.7307826015266924,0.21541272343683618,-0.18444927467555616,0.08600181939768031,0.006902037157493068,0.00011890268537180967,-0.5680510757039612,-0.2136859548297365,0.2807853560926739,-0.04363146365528073,-0.21582108475396555,0.8260670786054322,1.032116721109643,1.0941334843830595,56.51684915390933,56.5212676166793,56.518001678373444,56.522123735300376
719.0,25.056,2.618394789948097,1.3163708009182362,0.7339565792630617,0.21423087403733812,-0.18637335217850504,0.09918680426154033,0.007131704582333223,8.078757742443651e-05,-0.5749273974462467,-0.21487225376198704,0.28110522260508236,-0.04401773449081542,-0.2174574827738865,0.8304141917028501,1.0230468718353207,1.094294280530728,56.48166590709928,56.48701351357213,56.48275525737504,56.48774856694978
720.0,25.088,2.625210343242292,1.310343821717285,0.7375395868935967,0.21298604044359107,-0.18834310002972793,0.11196898845421817,0.007368634341981675,4.481697013849146e-05,-0.5818496604503414,-0.21630774866134012,0.2814178709539679,-0.04445821819108829,-0.21935823170762725,0.834767020275075,1.0139216429878057,1.0944600189954483,56.44147876704508,56.44778660692448,56.4424853308267,56.44837942313245
721.0,25.12,2.6319840100869847,1.3042523160710577,0.7415168925507355,0.2116770888966472,-0.1903595514445992,0.12429080178558832,0.007611884660256627,1.131725778007059e-05,-0.5888260912671183,-0.21800039189195902,0.28172474787940593,-0.044953176286885776,-0.22152239839994317,0.8391057078150584,1.0047454270706817,1.0946305758020973,56.39647817247435,56.40376130719604,56.39736173112636,56.40416662243661
722.0,25.152,2.638713709675595,1.2980947646692298,0.7458719893624506,0.21030311214406663,-0.19242348130712306,0.13609677536609635,0.007860163391441974,-1.9362090817952122e-05,-0.5958650102348717,-0.21995312894362212,0.2820275023221951,-0.045501824959393686,-0.22394377524490744,0.8434104864454671,0.9955231558414985,1.094805856471517,56.346874696929056,56.35513125735215,56.34757761247831,56.35528363726035
723.0,25.184,2.6453973416875227,1.291869634331778,0.7505866709256569,0.20886350037274662,-0.1945353230453707,0.14733379885019715,0.008111675248645927,-4.683969614024564e-05,-0.6029746669225057,-0.22216376713269337,0.2823279772946151,-0.046102273535190016,-0.22661060855334103,0.8476617656824262,0.9862602269561791,1.0949857515039711,56.29289790097385,56.302107781141295,56.29334920669802,56.30192669221315
724.0,25.216,2.652032799118995,1.285575392714062,0.7556411146293264,0.20735804473351307,-0.19669505055362035,0.15795136573967097,0.008364007182489764,-7.069796985201351e-05,-0.6101630690739999,-0.22462477196285638,0.28262819885279095,-0.0467514575512389,-0.22950530858968352,0.8518402208638929,0.9769624224502523,1.095170094344442,56.23479519616874,56.24491847154055,56.234915278405616,56.24431414954112
725.0,25.248,2.6586179852457383,1.2792105275421104,0.7610139724055756,0.20578706646072456,-0.1989020366234896,0.16790180550778688,0.008614057506037128,-9.048417605649012e-05,-0.6174378037234762,-0.22732302125833667,0.2829303604277211,-0.047445074147915836,-0.23260418242796063,0.8559268807807177,0.967635820506043,1.0953586241407085,56.17283069900975,56.183805944644206,56.17253628208883,56.18268568113288
726.0,25.28,2.6651508352601456,1.272773570733255,0.7666824684481176,0.20415156295022754,-0.20115490027673,0.17714050132943884,0.008858011555050015,-0.00010571726930938257,-0.6248058503023396,-0.23023955307463598,0.2832368010099152,-0.04817752780230569,-0.23587723149580164,0.8599032140201128,0.9582867019591222,1.095550955154004,56.1072840555072,56.1190267627911,56.106493228695136,56.1173012350959
727.0,25.312,2.6716293428166775,1.2662631273577583,0.7726225033988589,0.20245336114162166,-0.2034513554842741,0.18562609221066378,0.009091364011597854,-0.00011590042209218104,-0.6322733868025648,-0.23334934630102827,0.2835499760214077,-0.04894189411278663,-0.2392880533987398,0.8637512135017095,0.9489214529899448,1.0957465541838518,56.03844922108403,56.05085051281322,56.03708627549094,56.0484398121526
728.0,25.344,2.67805159139842,1.2596779090182186,0.7788087644650888,0.20069526817945144,-0.205788073110613,0.1933206583196871,0.009308985619932868,-0.0001205386459376668,-0.6398455912985321,-0.2366211728174855,0.28387242013642866,-0.049729908556547506,-0.24279388264089463,0.8674534786610857,0.9395464654322292,1.0959447268544387,55.96663318452427,55.97955901179735,55.964633060220834,55.976398072241395
729.0,25.376,2.6844157901044596,1.2530167708850584,0.7852148408921238,0.19888120956373917,-0.2081605666612583,0.2001898883448419,0.009505229977968911,-0.00011916046415091877,-0.6475264422753485,-0.24001755724274298,0.28420670181491936,-0.05053198595724742,-0.24634579762822148,0.8709932947183926,0.930168036111249,1.0961446131076085,55.8921546287132,55.90544560397569,55.88946680808941,55.90148879436883
730.0,25.408,2.6907203131690633,1.246278751343703,0.791813344180239,0.197016345768866,-0.21056311066735398,0.20620322775359906,0.009674074455991562,-0.0001113422466107483,-0.6553185221868063,-0.24349487504699727,0.284555369877323,-0.05133727492535224,-0.249889112398119,0.8743547084632408,0.9207922666046341,1.096345191781147,55.81534252484534,55.82881450750261,55.81193424700029,55.82403921374752
731.0,25.44,2.6969637422733137,1.2394631129930183,0.7985760324014013,0.19510715950782337,-0.21298869845889892,0.21133400691132254,0.009809288109714718,-9.673358519396249e-05,-0.6632228294082977,-0.24700361255497508,0.28492089305115653,-0.05213374988035373,-0.2533639614950928,0.8775225999934259,0.9114249647963121,1.0965452937394042,55.73653466102865,55.74998016863645,55.732393371789406,55.74438925994209
732.0,25.472,2.7031449105079717,1.2325693835914189,0.8054739379420396,0.19316150733306153,-0.21542904379998043,0.2155595481449465,0.009904618720890735,-7.508197680488067e-05,-0.6712386042143458,-0.2504888036812539,0.28530559402833694,-0.052908341539204845,-0.25670607597682515,0.8804827498659863,0.9020715495708413,1.0967436226800253,55.65607611062935,55.669266582500974,55.65121110158798,55.66288971889865
733.0,25.504,2.7092629466993268,1.225597395478624,0.8124774979743574,0.19118863097984645,-0.21787462852484293,0.21886125100993215,0.009953990795378159,-4.6255088924605645e-05,-0.6793631745718334,-0.2538906487279235,0.2857115801485689,-0.05364710505706663,-0.25984773837156144,0.8832219011555467,0.8927369599696607,1.0969387824738657,55.57431765011835,55.58700654379067,55.56876087572831,55.57990034063054
734.0,25.536,2.7153173187205573,1.2185473220050886,0.8195566869419915,0.1891991256634527,-0.22031479604797657,0.22122465523856363,0.009951706435440822,-1.0259005707355883e-05,-0.6875918273938568,-0.25714531087239767,0.2861406733250775,-0.05433542341808899,-0.2627188951656698,0.8857278159672203,0.8834255701011341,1.0971293097080876,55.49161414016988,55.50354079700151,55.48542023292044,55.4957879132619
735.0,25.568,2.7213078743794106,1.2114197095720316,0.8266811503375066,0.1872048643391659,-0.2227378885330323,0.22263948110984638,0.009892641425598595,3.27489171094179e-05,-0.6959177104607122,-0.26018587670966226,0.28659434221197677,-0.0549582422617948,-0.2652483976549051,0.8879893260189089,0.8741411110604658,1.0973137099936185,55.40832288693924,55.41921706357761,55.40156841598053,55.41092432312313
736.0,25.6,2.7272348784958638,1.204215504014333,0.8338203390503639,0.18521887863916214,-0.22513142367808195,0.2230996472767919,0.009772429565922064,8.2453635289012e-05,-0.704331769517252,-0.2629434589706135,0.2870736398370387,-0.055500331141747614,-0.2673653361986608,0.8899963769889604,0.8648866010710401,1.097490496562263,55.32480200242553,55.33438893220686,55.3175840405318,55.32568461966265
737.0,25.632,2.7330990448557793,1.1969360702360718,0.8409436435752523,0.1832551987473589,-0.22748230557065993,0.22260326640276254,0.009587629185900814,0.0001383830825445557,-0.7128227241484186,-0.2653484128117377,0.2875791499608923,-0.05594656527686444,-0.26900042936906426,0.8917400664171341,0.8556642850026701,1.0976582297075868,55.24140878343612,55.24941460782281,55.23384286114125,55.24044510298386
738.0,25.664,2.7389015618417556,1.1895832042226424,0.8480205273921583,0.18132865581176033,-0.22977706291966973,0.22115261927831123,0.009335866809177954,0.00019991611166272745,-0.7213770849768152,-0.26733163223080136,0.2881109452531696,-0.05628222118399884,-0.27008742829714355,0.8932126750460762,0.8464755843519085,1.0978155557069234,55.15849812787694,55.164655524092666,55.15071566265701,55.155581450706634
739.0,25.696,2.7446441106927675,1.1821591367923556,0.8550206588608318,0.17945465159412127,-0.23200210719646183,0.21875410839604698,0.00901595405131623,0.0002662974240386275,-0.7299792135836732,-0.26882589042453287,0.28866855999599506,-0.05649327917111553,-0.2705644975976934,0.8944076915928179,0.8373210586824149,1.0979612439878528,55.076421005042185,55.080474832678966,55.06856629844875,55.07146689950461
740.0,25.728,2.750328875521667,1.1746665287025648,0.8619140410123582,0.17764890090310442,-0.23414400280596223,0.21541819223520173,0.008627974963037242,0.00033665873261694735,-0.7386114253941499,-0.2697671873086321,0.2892509794465703,-0.05656672551001993,-0.2703755373291148,0.8953198310406499,0.8282003794173655,1.0980942214593514,54.99552299360064,54.997235789895804,54.98774989113,54.988470494916776
741.0,25.76,2.755958544416106,1.1671084569797947,0.868671138667871,0.17592715295122724,-0.23618974133656606,0.21115930173477482,0.008173342130878877,0.0004100449769600402,-0.747254134651709,-0.270096068834111,0.2898566472430889,-0.056490847174025985,-0.2694714150779583,0.8959450466366592,0.8191123167495158,1.0982136031037515,54.91614289739904,54.915300067032945,54.90861120555445,54.906955420895926
742.0,25.792,2.761536301156278,1.159488392590451,0.875263002367103,0.17430489813037559,-0.23812701216699406,0.20599574060099748,0.007654820876327252,0.00048544405731507887,-0.7558860395871108,-0.269758885861262,0.2904834913641585,-0.056255512291553914,-0.267811082904103,0.896280535865144,0.8100547402871152,1.0983187181099106,54.838611445484915,54.83502601436409,54.83148319866142,54.827277417953596
743.0,25.824,2.767065807295104,1.151810169800243,0.8816613886453171,0.1727970668383148,-0.239944462193997,0.19994957119419035,0.0070765218223837745,0.0005618183048857889,-0.7644843450048816,-0.2687089647683745,0.29112896820607226,-0.055852429901119646,-0.26536255994400293,0.8963247407386224,0.8010246338855098,1.0984091310110675,54.76325007924061,54.75676691053379,54.756685746343855,54.7497832957532
744.0,25.856,2.7725511745571634,1.144077947779897,0.8878388762538976,0.17141772693934895,-0.24163193813581096,0.19304648776814048,0.006443862901224129,0.0006381357800043441,-0.7730250187880143,-0.2669076671692886,0.29179012338653276,-0.055275383164719596,-0.26210376735979335,0.8960773428035534,0.7920181249260333,1.098484657465005,54.690369826499804,54.68086922861558,54.684524544067244,54.67480954271349
745.0,25.888,2.777996927716853,1.13629616519714,0.8937689779753012,0.17017978624030136,-0.24318070571115852,0.1853156787938631,0.005763502545069211,0.0007133995023684606,-0.7814830782678522,-0.26432532155467253,0.29246366698317494,-0.054520430873919695,-0.25802320752852054,0.8955392532953973,0.7830305280975974,1.0985453744733769,54.620270260178806,54.60767094782563,54.61529017548583,54.602681031734384
746.0,25.92,2.7834079583102365,1.1284694886869606,0.8994262477351366,0.16909470604323226,-0.24458364094310353,0.1767896799948555,0.005043246329311676,0.0007866728736989454,-0.7898329020128513,-0.2609420148458854,0.29314606013335776,-0.05358607283643464,-0.25312048350224425,0.8947125988962071,0.7740564035150767,1.0985916249774375,54.553238537404845,54.53749993592148,54.549257341627744,54.53370981773653
747.0,25.952,2.7887894697161584,1.1206027562118945,0.9047863827611256,0.16817223143505963,-0.24583538984581493,0.1675042195621554,0.004291929723789591,0.0008570998492211569,-0.7980485623364831,-0.25674823632615906,0.2938336093149558,-0.05247337553196657,-0.24740665760440342,0.8936007035471597,0.7650896287756961,1.098624016886784,54.48954851428195,54.47067242191916,54.48668424215427,54.46819401963005
748.0,25.984,2.7941469143089144,1.1127009164108765,0.9098263205792351,0.16742014352362486,-0.24693249378181215,0.15749805681592233,0.003519279862959658,0.0009239188369733307,-0.8061041736807143,-0.2517453698776661,0.29452256424004714,-0.05118605524900151,-0.24090444951011541,0.8922080667483235,0.7561234843143511,1.0986434166958188,54.4294599313381,54.40749157230427,54.42781209922826,54.4064167767919
749.0,26.016000000000002,2.799485923536428,1.1047689650894397,0.9145243306703716,0.16684403835980063,-0.24787347879490196,0.14681281534801777,0.002735759380884873,0.000986469828698689,-0.8139742519618511,-0.24594603273863616,0.2952092151511673,-0.04973051673510419,-0.2336482744073085,0.8905403387388154,0.7471507511756603,1.0986509379206035,54.373217665165754,54.34824617649086,54.372864813241236,54.348645268590815
750.0,26.048000000000002,2.8048122319146214,1.0968118800269078,0.9188601006361166,0.1664471368185426,-0.24865890820412162,0.13549281142952857,0.001952395389556888,0.0010441948562710014,-0.8216340799341856,-0.23937426009211957,0.2958899854162854,-0.04811584619215961,-0.2256841211336538,0.8886042928928605,0.7381638200794163,1.0986479246492407,54.32105104281037,54.29320943918195,54.3220487374343,54.29512978522885
751.0,26.080000000000002,2.8101315960511446,1.0888345552696241,0.9228148167387922,0.1662301292663508,-0.2492913986651133,0.12358487820861286,0.0011805966285177267,0.0010966324720423502,-0.8290600736018481,-0.2320655348530387,0.29656151565177824,-0.04635375820841198,-0.21706926893107584,0.8864077955921352,0.7291548104217648,1.0986359305453353,54.27317321686665,54.24263786857584,54.27555255506351,54.24610283966646
752.0,26.112000000000002,2.8154497099207374,1.0808417360457057,0.9263712386897637,0.16619105842477486,-0.24977560074745225,0.11113818596785928,0.0004319617038166003,0.001143407503232418,-0.8362301446665383,-0.22406666131159603,0.2972207361112714,-0.044458496931627386,-0.20787184014094348,0.8839597737441847,0.7201156976318605,1.0986166936808088,54.22978060086421,54.19677024056461,54.23354723820193,54.20177831381893
753.0,26.144000000000002,2.8207721177110137,1.0728379553795118,0.9295137685606548,0.16632524344613306,-0.25011814581855896,0.0982040584653481,-0.00028191880837562824,0.001184217749307039,-0.8431240539254151,-0.21543548020370745,0.2978649246914308,-0.04244669245117895,-0.19817018528765176,0.8812701800146688,0.7110384470978596,1.0985921076059053,54.19105236584758,54.155826611011534,54.196186062402475,54.16235063757429
754.0,26.176000000000002,2.8261041256415633,1.0648274734070666,0.9322285136858081,0.1666252478296769,-0.25032756163891035,0.08483578516103867,-0.0009496637617711681,0.0012188194922708104,-0.849723750429385,-0.20624042175848561,0.29849174854335025,-0.04033717398119285,-0.18805209704382683,0.8783499557348612,0.7019151526923364,1.0985641890953282,54.157149999278715,54.12000734258454,54.16360464800192,54.127994005837465
755.0,26.208000000000002,2.8314507142301086,1.0568142203022135,0.934503343411988,0.16708089339204077,-0.2504141595266599,0.07108842894312441,-0.0015603038191904111,0.0012470136027296266,-0.8560136910913175,-0.19655989277804872,0.2990992878801202,-0.03815074204304597,-0.1776138509156725,0.8752109913462398,0.692738177771573,1.09853504304425,54.128216925402754,54.08949211199031,54.13592099939112,54.09886164535405
756.0,26.240000000000002,2.8368164525346913,1.0488017436236992,0.9363279395347797,0.16767932201820754,-0.2503898962035731,0.057018628837238135,-0.0021034823164154687,0.0012686336233382052,-0.8619811353233471,-0.18648149424906243,0.29968604112153374,-0.035909902461382176,-0.16695907335500293,0.8718660841659424,0.6835002964027869,1.0985068250298822,54.104378180972745,54.06443887072702,54.113235520764775,54.07508514743425
757.0,26.272000000000002,2.842205415936425,1.0407931607930725,0.9376938402428725,0.168405106304184,-0.25026821345708306,0.04268439712790114,-0.002569652028601506,0.001283536547984513,-0.86761640922056,-0.17610106768142123,0.3002509110685646,-0.0336385656399438,-0.1561974424149188,0.8683288932164505,0.6741948324963195,1.098481702105326,54.085740131677774,54.04498274981717,54.09563100182458,54.056773882619176
758.0,26.304000000000002,2.847621109037694,1.0327911173199296,0.9385944773747419,0.16924040941465587,-0.2500638585357163,0.028144910370918295,-0.0029502650269482254,0.0012915962419998504,-0.8729131338403254,-0.16552157147636626,0.30079317246907195,-0.031361715280951274,-0.14544323179919896,0.8646138908731904,0.6648157944945601,1.0984618124527765,54.072390204452695,54.03123492556343,54.083172587705185,54.04401450788577
759.0,26.336000000000002,2.853066395229445,1.024797751311255,0.9390252067809669,0.17016519349220813,-0.2497926877710816,0.013460293944531758,-0.003237952443363867,0.0012926988047063425,-0.8778684122990947,-0.15485179310895503,0.30131242225085575,-0.02910505143573147,-0.1348137157756673,0.8607363111487735,0.6553580033032697,1.0984492245906374,54.064396603428996,54.023281494220164,54.07590776747832,54.03687056735399
760.0,26.368000000000002,2.8585434344227236,1.0168146647390655,0.9389833315833604,0.17115747478996232,-0.24947145538092136,-0.001308599925201741,-0.0034266905010497052,0.0012867389209214905,-0.8824829707626493,-0.144204908528029,0.30180851492430705,-0.026894613470331674,-0.12442745930959036,0.8567120945424542,0.6458172112479554,1.098445896899235,54.06180797800379,54.021182428738875,54.07386642574934,54.0353821781405
761.0,26.400000000000002,2.864053630340352,1.0088429018941272,0.9384681181321188,0.17219362242588948,-0.249117588904321,-0.016100420351300423,-0.003511948716233163,0.001273616552180278,-0.8867612489686155,-0.13369690649819996,0.3022814871155754,-0.02475638912368508,-0.11440252422598156,0.8525578295137858,0.6361902099961536,1.09845363829589,54.0646530245984,54.024970699694435,54.077060993632756,54.039565789447835
762.0,26.432000000000002,2.8695975886248712,1.0008829354164672,0.9374808044854255,0.17324869639122314,-0.24874895242687328,-0.030853551459167322,-0.0034908158615137214,0.0012532341496239356,-0.8907114366979683,-0.12344490206707523,0.3027314766369682,-0.02271591625702027,-0.1048546275468889,0.848290690757779,0.6264749255966686,1.0984740709442284,54.07294002800656,54.03465162818629,54.08548670742683,54.04941400916636
763.0,26.464000000000002,2.87517508684298,0.9929346602541763,0.9360246012711521,0.17429681931589708,-0.24838359882159064,-0.04550635044604438,-0.003362099227530452,0.001225495652646647,-0.8943454535874594,-0.1135653693126456,0.3031586425879989,-0.020797884110241638,-0.09589529183320597,0.8439283745354853,0.616670499032769,1.098508595916719,54.08665637651983,54.05020250383441,54.099121943770385,54.06489550653805
764.0,26.496000000000002,2.8807850572623233,0.9849973958469979,0.9341046848340979,0.17531157560447802,-0.24803951272432656,-0.059997388657941714,-0.0031263930009662196,0.0011903094281136538,-0.8976788708075838,-0.10417232842858276,0.3035630933947917,-0.01902574091345341,-0.08763002905381431,0.8394890313338162,0.6067773509476199,1.0985583627368982,54.1057681057914,54.07157245829451,54.11792856494125,54.08595501493906
765.0,26.528000000000002,2.8864255830525742,0.9770698967486106,0.9317281826199422,0.17626643094534306,-0.247734346824603,-0.07426569419236716,-0.0027861121871364546,0.0011475975761168816,-0.9007307743656808,-0.0953755255771693,0.30394482928811417,-0.01742131461156196,-0.08015659911149636,0.8349911960973592,0.5967972294567297,1.0986242437039961,54.130219530721185,54.09868255096651,54.141852192533015,54.11251346642501
766.0,26.560000000000002,2.8920939083269785,0.9691503717849059,0.9289041507940866,0.17713516482513442,-0.24748515511576938,-0.08825099455798602,-0.0023454893656866685,0.0010973134599831327,-0.9035235710701002,-0.08727864549682397,0.304303704554274,-0.016004453316928097,-0.0735633817955863,0.8304537162165159,0.5867332401987658,1.098706813845766,54.15993301119139,54.13142601117345,54.170822338654865,54.14446828386786
767.0,26.592000000000002,2.8977864621975935,0.9612365116956296,0.9256435441363576,0.17789230845671727,-0.24730812778988426,-0.10189395805403058,-0.0018105325646284936,0.0010394679980109819,-0.9060827394506691,-0.07997759650885222,0.30463941319666266,-0.014792691952377923,-0.06792789690198502,0.8258956774016042,0.5765898579853216,1.0988063372551427,54.194808873476994,54.16966859196096,54.20475235574582,54.18169383883437
768.0,26.624000000000002,2.9034988967686504,0.9533255250307258,0.9219591782893981,0.1785135803455266,-0.2472183332782455,-0.11513643271748507,-0.0011889435719594362,0.0009741635283697803,-0.9084365291224057,-0.07355890542984576,0.3049514996988204,-0.013800951382758192,-0.06331550199102484,0.8213363275481809,0.5663729195925938,1.0989227604440344,54.2347254857818,54.21324901670824,54.24353920583811,54.22404206115639
769.0,26.656,2.909226138736855,0.9454141818818664,0.917865684469466,0.17897631150642107,-0.24722947340188126,-0.1279216818728913,-0.0004899970236819031,0.0009016323752049185,-0.910615613162685,-0.06809825622933027,0.30523939462003397,-0.013041276115814321,-0.059778291255959334,0.8167949987183818,0.5560895973993861,1.0990557131947032,54.27953947220907,54.261979528365835,54.287063084278735,54.271343168228476
770.0,26.688,2.9149624540036068,0.9374988648362262,0.9133794567743172,0.179259852085986,-0.24735365767625575,-0.14019461547340104,0.0002756183904896848,0.0008222759846899413,-0.9126526990160208,-0.06365920147002999,0.30550247292842597,-0.012522616324576102,-0.057354212814742705,0.8122910274253687,0.545748353724644,1.0992045172076208,54.329086047084694,54.315646572298554,54.33518695366889,54.32340647383388
771.0,26.72,2.9207015244322014,0.9295756263543841,0.9085185922452792,0.17934595089358335,-0.2476012025575678,-0.15190201653243737,0.0010959942509879135,0.0007366998773959593,-0.9145821042249352,-0.060292070112692414,0.305736497572239,-0.012250293692144337,-0.05606540945779765,0.8078436968359881,0.5353588758614118,1.0993682026369593,54.3834398807422,54.37380573285803,54.38750540674826,54.38023291201286
772.0,26.752,2.926436535605391,0.9216402516038038,0.9033028252450568,0.17921909916217266,-0.2479804609556329,-0.16299271875695034,0.0019578631685422676,0.0006420750332964451,-0.9164392924430473,-0.05803255735193751,0.30594263649474956,-0.012226797131072775,-0.055920324897068524,0.8034721167801695,0.524931992145782,1.0995455325838535,54.44181280491925,54.43666510961802,54.444420602333736,54.44111936781549
773.0,26.784,2.9321602553177986,0.9136883560382443,0.8977534527555769,0.17886624101273713,-0.2484967364237351,-0.1734178902962449,0.0028476890980435885,0.0005404378745115001,-0.9182604102615524,-0.05690214745118456,0.30612137913011433,-0.012451065469200245,-0.05691170174990516,0.7991951421487957,0.5144796042273264,1.0997350331788456,54.504262211018776,54.50370849324799,54.505452831026936,54.506044765992606
774.0,26.816,2.9378651436915506,0.9057154479789438,0.8918932530333111,0.17827776167975135,-0.2491533768531407,-0.1831312413208065,0.0037515000876736553,0.00043462917194886207,-0.9200818014393262,-0.05690726917136284,0.30627194477176645,-0.012918442911750788,-0.05901652498247518,0.7950917250909403,0.5040145566577844,1.0999350311990128,54.58074112116963,54.584565881839005,54.58030393416805,54.58491619674313
775.0,26.848,2.943543462563407,0.8977169789359498,0.8857499949738922,0.17744746474551693,-0.2499521575935607,-0.19197681435684216,0.004654988440282119,0.00032620542155358526,-0.9219395219676342,-0.05803903062891959,0.30639372482827687,-0.013628194769103597,-0.06223007747321236,0.7914807180800275,0.4935509011285745,1.1001441913201702,54.710473319126656,54.718561873095176,54.70922087653869,54.71789650994733
776.0,26.88,2.9491873318982025,0.8896883672502433,0.8793707037491802,0.17637091671235378,-0.25089411517832994,-0.1993528507722475,0.0055508771380747045,0.00021617168735803632,-0.923869491225886,-0.06029323008337544,0.30648385128941774,-0.014603444053513742,-0.06665724878996261,0.7883030319104243,0.48310506304964224,1.1003633760388223,54.82922268627472,54.84138205070121,54.830189138843096,54.84348584924294
777.0,26.912,2.954788842295624,0.8816250896980272,0.8727991404203839,0.1750471999194257,-0.25197742350675073,-0.20536135402488673,0.006458998683439245,0.00010265258162598767,-0.9259093711271911,-0.06372382334659078,0.3065443731479558,-0.015816523282726425,-0.07217067506566399,0.7855066680811734,0.47269248726849267,1.1005923495895655,54.94170618791561,54.95829362098383,54.94035863390611,54.95755860771417
778.0,26.944,2.960339891863778,0.8735225862762773,0.8660760491550163,0.17347029900481575,-0.253203231929684,-0.2100966020427348,0.007358841889014728,-1.1910053835231918e-05,-0.9280953850240953,-0.0682866037390123,0.3065774504455668,-0.017243953911345422,-0.07866242255212377,0.7830458679114326,0.46232756662423985,1.1008296303245246,55.046646880700884,55.067457797384584,55.04245229462271,55.06314465319145
779.0,26.976,2.9658323648233353,0.8653763713628043,0.8592393769710724,0.17163977998616006,-0.25456921604603117,-0.2136460057482468,0.008224737102198523,-0.00012420762985468703,-0.9304611983912984,-0.07390212137433937,0.30658597010351746,-0.018860327879652694,-0.08601576367828678,0.7808803637620607,0.4520235919092436,1.1010727463163714,55.14434343011279,55.16901640428133,55.1374026181141,55.16118421316134
780.0,27.008,2.9712583591385187,0.8571821693929849,0.8523244685353857,0.1695623223494784,-0.25606881155685784,-0.2160908886152111,0.009031566575167141,-0.00023074177644067176,-0.9330372472102516,-0.08046985462718546,0.3065736260364386,-0.020637709663615195,-0.09410225032047452,0.7789747201106134,0.4417927194301987,1.1013185516631574,55.23523796729398,55.26332302842238,55.22583918461417,55.25228370625892
781.0,27.04,2.9766104142744902,0.8489360455635228,0.8453642389633054,0.16725172299911203,-0.2576913696706905,-0.21750717412750956,0.009756538861705057,-0.00032811296094681716,-0.9358502281475745,-0.08787325168847676,0.30654486757434957,-0.02254590119177996,-0.10278277244973667,0.7772977536973398,0.4316459539037051,1.1015635452696737,55.31974584147085,55.35072295007093,55.30828554024464,55.336946514689586
782.0,27.072,2.9818817229142045,0.8406345223092409,0.8383893272356413,0.16472839499107036,-0.2594226016963093,-0.21796599148950194,0.010380274130989095,-0.00041324934535713235,-0.938922683732054,-0.09598265744463765,0.30650477184555625,-0.024552957366123895,-0.11190982585669855,0.775822023253659,0.42159314463176406,1.1018041721195853,55.39824223694745,55.43153335351006,55.38519035198955,55.41560790907519
783.0,27.104,2.9870663160856092,0.8322746759935453,0.8314282324738637,0.16201853660639795,-0.26124519736548507,-0.21753421130555112,0.010887593161670287,-0.0004836132982887395,-0.9422726715064937,-0.10465790751909428,0.30645885198927386,-0.026625846567952777,-0.1213305276856182,0.7745233804632199,0.4116429932230184,1.1020370938693889,55.47106663567063,55.50604882887529,55.456936626339306,55.48864491380075
784.0,27.136,2.992159213514903,0.8238542100199274,0.8245074350094188,0.1591530446654331,-0.263139561675559,-0.21627492076390137,0.011268044343186187,-0.0005373811409532528,-0.9459135244003922,-0.11375117164077836,0.30399429473970224,-0.02850443210171663,-0.13089016892527408,0.7733805748076336,0.4018030715230852,1.1022594186615486,55.70753740115448,55.43451715082185,55.35483854675712,55.69641478622775
785.0,27.168,2.997156532434439,0.8153715017061345,0.8176515827800961,0.15616621623550084,-0.2650846348060292,-0.2142453821663349,0.01128830701485449,-0.0030649715622424883,-0.9498807078028313,-0.12307584418847459,0.2984477422188285,-0.030030539396141726,-0.14039884536412583,0.7723749058307176,0.392079846752681,1.1024688895948114,55.852806714186826,55.43494753062173,55.3342761804756,55.821427368743315
786.0,27.2,3.0020427419708384,0.8068475032917277,0.810883497219912,0.15269404801247763,-0.26637495045021115,-0.2115026737557512,0.010788283751296712,-0.009241542466174323,-0.9541883222622342,-0.1324725059737156,0.29304122757964246,-0.031432121209587854,-0.14959453038080295,0.7714899171310314,0.38250404060856774,1.1026615480515536,55.67506849797239,55.693572481465026,55.6277578443372,55.67774195847291
787.0,27.232,3.006785311195768,0.7983367130151482,0.8042237057982771,0.14820528827905174,-0.26596219614311,-0.20811848192609278,0.010043092199931047,-0.015542985030545424,-0.9587934458662358,-0.14184120931879568,0.2874627920794455,-0.03264165227689246,-0.1582932182032984,0.7707111270753076,0.3731427220099194,1.1028306061593487,55.657155234690606,55.80865227780538,55.753252298732676,55.6675632911559
788.0,27.264,3.0113534049783084,0.7898966435626263,0.7976908911261026,0.1427529307043844,-0.2637521703913075,-0.20415045850545233,0.009124875201188891,-0.0208836750880419,-0.9636731438434765,-0.15085961967379213,0.2817453689031463,-0.033655704987765656,-0.1664473579301676,0.7700257918262707,0.36406333183306094,1.1029700005339915,55.67369541834762,55.8809168984657,55.83606180590195,55.691191278809384
789.0,27.296,3.0157237024032413,0.7815783065398237,0.791301994373382,0.1365717945291527,-0.2599480319625811,-0.19965302352251812,0.008103553999393751,-0.02479817898725274,-0.9688095387180412,-0.15941145319849206,0.2760021666418606,-0.034480751678319266,-0.17399950532520647,0.7694226968071183,0.35532235005466295,1.1030759409273647,55.70227030579266,55.93278879656284,55.89892667217595,55.72676038991262
790.0,27.328,3.019882484417449,0.7734217450872873,0.7850725477040428,0.12996193794399802,-0.25489254539176237,-0.19467020841685054,0.007050126216258846,-0.027080742287493905,-0.9741861556492162,-0.16741802620707502,0.27037134159225656,-0.03512798951943279,-0.1808817138540629,0.7688919731902641,0.3469602370161763,1.1031474747190597,55.73799209374644,55.97038223882453,55.947038202548455,55.76850280805833
791.0,27.36,3.0238261174615153,0.7654536816208407,0.7790169505338745,0.12323853262706508,-0.24900198332645693,-0.18923741156775722,0.006029473455646611,-0.027696962585280812,-0.9797862760967359,-0.17480894748358541,0.2649920784939239,-0.035612314016845545,-0.18702558532313615,0.768509416384527,0.3389990860969644,1.1031865576582345,55.7932652713348,56.010209282351624,55.996331680918914,55.828254221260295
792.0,27.392,3.027560433056472,0.7576867296020877,0.7731537775634596,0.11669736234239104,-0.2427172505860308,-0.1832241553254668,0.005095915225534308,-0.026750507553968014,-0.9855918128739712,-0.181518074925377,0.2600395475159245,-0.035969437945209556,-0.19243105665903495,0.7683244756130766,0.3314414460509323,1.1031980962168197,55.8575163579753,56.05205127521327,56.04832962213709,55.89744663183376
793.0,27.424,3.031099528066642,0.7501197116732874,0.7675041615519704,0.11059671906782355,-0.2364693102750099,-0.1765505003590363,0.004308472616567799,-0.024400601231743414,-0.9915832183954375,-0.18751413355506943,0.2557296150014467,-0.03622199547164187,-0.19698810276542067,0.7683296014854506,0.32427114352544706,1.103189289385435,55.920012856914944,56.09111255982324,56.09472940323085,55.961525577163975
794.0,27.456,3.0344642328503615,0.7427383930851464,0.7620881969002902,0.10514702449122827,-0.2306662058794045,-0.169248895365008,0.003701095489721901,-0.02081298618949855,-0.997737569619563,-0.19272270756823875,0.2517557754764253,-0.03632825942917317,-0.20063453617704993,0.7685392487693296,0.3174553814233415,1.1031686751924765,56.02212199567083,56.10062308738355,56.10121801214234,56.05436423486486
795.0,27.488,3.037680658121258,0.7355165423360537,0.7569260915155799,0.1005132897155119,-0.22568283590914862,-0.16131579327219647,0.0032234669636685537,-0.01671465445122487,-1.004031085668954,-0.1970810709792689,0.245280137486159,-0.03587642130135335,-0.20333212643098109,0.7690552410334873,0.3109465751902923,1.1031456459632205,56.33210791948198,55.981347706120765,55.9283987008775,56.30416313604557
796.0,27.52,3.0407763359614184,0.7284224256153149,0.7520433627901459,0.09673993250501603,-0.22169114752308686,-0.15258527266981042,0.0024223363687133534,-0.015576266476047925,-1.0104445361733356,-0.20049457114649208,0.24006731682498159,-0.03541988870061219,-0.2050785383238972,0.7698732368956421,0.30468883713503064,1.103129843384455,56.18484705510611,56.198314296294946,56.20578471161773,56.21065333913851
797.0,27.552,3.043765102406316,0.7214515321211183,0.747463447843209,0.09339895140304802,-0.217840421693642,-0.14312234209178085,0.0017563555103884178,-0.014402801311746235,-1.0169396642522293,-0.20302688821199202,0.23518643907100056,-0.03482822696893703,-0.2058269343025945,0.7709868374020016,0.29865418433875657,1.1031285998880305,56.24619107125767,56.25611289685695,56.26715347689816,56.2684318356613
798.0,27.584,3.0466598101045976,0.7145980997416067,0.7432084936228245,0.09045961557130325,-0.21416976185973846,-0.13296731938701445,0.0012251053715853458,-0.013193977221636146,-1.0234848768464826,-0.20457528568718206,0.23065285874137278,-0.03413117992295489,-0.20567440965747807,0.7723887871050797,0.29281236618906925,1.1031479542332143,56.3037937481672,56.30860962874568,56.32398731353975,56.32356792884247
799.0,27.616,3.049472296492572,0.7078551217375729,0.7392991589841241,0.08789019962419922,-0.21071806262605555,-0.12216670745938604,0.0008359241341462311,-0.011963559117780118,-1.030049983432287,-0.20518364641223072,0.22648254332949747,-0.033358265594783526,-0.2047318394178422,0.7740708068156771,0.28713130310397733,1.1031926839646276,56.35713289529341,56.3573117072068,56.376219800708434,56.37423376081748
800.0,27.648,3.0522132073661843,0.7012144421034873,0.7357545252242548,0.08565346480038365,-0.20752123856517654,-0.1107698049959172,0.0005921300997685896,-0.010723935636621598,-1.0366073610804727,-0.2049332511169087,0.2226875969518479,-0.03253964883607345,-0.20313376371103192,0.7760235983719215,0.28157768570813685,1.1032662401014641,56.406025935550694,56.402170314886014,56.42350390813366,56.42016157917484
801.0,27.68,3.0548918668156397,0.6946668676019782,0.7325920128785912,0.08370810779548259,-0.20461170317215957,-0.09882851080198615,0.0004914372973081515,-0.009485915785906853,-1.043132930751049,-0.20393533494021426,0.21927631872386194,-0.03170534970320921,-0.20103394562052504,0.7782368634662276,0.2761175806949899,1.1033707266689405,56.450229659823336,56.44299502460443,56.46561092738105,56.4612400053212
802.0,27.712,3.057516210248211,0.6882023010883268,0.7298273055616453,0.08201073226785087,-0.20201770355160448,-0.08639710365455902,0.0005263155247334984,-0.008259005862227452,-1.049606944453246,-0.2023251943544322,0.21625327650393422,-0.030884215198871523,-0.19859807840535537,0.7806993333195276,0.27071702283711846,1.1035069415649816,56.48951315979327,56.47956937593596,56.50236388866866,56.49739920872967
803.0,27.744,3.0600927771532476,0.6818098942964095,0.7274742814346873,0.08051771578239379,-0.1997627122474163,-0.07353200396743857,0.0006847875656185716,-0.007051796195617506,-1.056014554230237,-0.2002554677823945,0.2136193305528138,-0.03010297880089295,-0.19599574547807253,0.7833988051512142,0.2653425795715632,1.1036744741835787,56.52367160930197,56.51167259225177,56.53362854000723,56.528588667840154
804.0,27.776,3.062626755325472,0.675478217141149,0.7255449527311679,0.07918681788200703,-0.19786491110189067,-0.06029152198498,0.0009513925110241944,-0.005872370701300308,-1.0623461377506032,-0.19788863660384307,0.2113716234275909,-0.029385481887702875,-0.1933924025469463,0.7863221808237675,0.25996187882062377,1.1038718501621734,56.552528859628815,56.53908871387856,56.55931224414288,56.554767453665555
805.0,27.808,3.065122066185935,0.6691954403266535,0.7240494135608783,0.07797846438947757,-0.19633677545298472,-0.04673559907155188,0.00130822421465486,-0.004728677348675714,-1.0685973703064358,-0.1953891988938165,0.20950357668974418,-0.028752085133898667,-0.19094195094280716,0.7894555035075059,0.25454409459145766,1.1040967115598552,56.57593635095906,56.56161433877009,56.57936317832543,56.575896198710375
806.0,27.84,3.0675814799436134,0.6629495277832957,0.7229957959873539,0.07685667992744775,-0.19518476697992834,-0.032925549172637514,0.001735982347942328,-0.0036287946569843127,-1.0747690497401456,-0.19291603693119083,0.2080049456807489,-0.02821928183524039,-0.18878039703116534,0.7927839900857371,0.24906038832055177,1.1043460198509896,56.59377022116913,56.57906609260181,56.593768615199814,56.59193018416702
807.0,27.872,3.0700067494074217,0.656728434934599,0.7223902342139277,0.0757896707440086,-0.19440915152177368,-0.01892380541956838,0.0022149824039453957,-0.002581031908892687,-1.0808666968990455,-0.19061548735658448,0.20686197673549983,-0.02779951287737452,-0.18702099510718606,0.7962920602130692,0.24348430656501613,1.1046162690612888,56.605928614656854,56.591287096072215,56.60255157030908,56.60281511989613
808.0,27.904,3.0723987521975484,0.6505203079297743,0.7222368367085212,0.07475008719146074,-0.1940039689007701,-0.004793672043951198,0.0027260782618195594,-0.0015938237039987387,-1.08689996827148,-0.18861556140007973,0.20605768318629708,-0.027501171024993692,-0.1857511351391361,0.799963366596956,0.23779213731035723,1.1049036970850976,56.61233161213597,56.59815126949821,56.60576500462039,56.60848764221438
809.0,27.936,3.0747576327240433,0.644313677899197,0.7225376662850238,0.0737150164529659,-0.19395718845554075,0.009400924265705315,0.0032514580724116015,-0.0006754285227789416,-1.0928819283533888,-0.187021657816418,0.2055722157690168,-0.027328770908152097,-0.18503107296581334,0.8037808336116304,0.23196322798723026,1.1052044845807933,56.61292535843083,56.59956476344959,56.60348337183737,56.608881627416196
810.0,27.968,3.0770829372765998,0.6380976433948787,0.7232927284855721,0.07266576726738798,-0.19425107825994642,0.023595693767135252,0.0037752815436457817,0.00016649540553082454,-1.09882823611791,-0.1859139720966982,0.20538327088498054,-0.02728325249684476,-0.1848944284650002,0.8077267111950416,0.2259802687483107,1.1055149326726097,56.60768962020757,56.59546507834042,56.59579281746303,56.60393918480339
811.0,28.0,3.0793737375192087,0.6318620340251616,0.7244999689244017,0.07158750758153025,-0.19486279280365987,0.037726263713424406,0.004284135616288106,0.0009253157176872062,-1.1047563020483226,-0.18534664729642922,0.2054664772742411,-0.02736238181159218,-0.18535021979901542,0.8117826477200117,0.2198295453550181,1.1058316127896142,56.59664545695973,56.585819755461834,56.582782847154014,56.59362283866225
812.0,28.032,3.0816287393057307,0.6255975493089294,0.7261552803871394,0.07046880582881047,-0.19576514738225606,0.05172848321055227,0.004767297574563892,0.0015957313466378733,-1.1106844692236406,-0.18534855401725503,0.20579572952853603,-0.02756121319117332,-0.1863860810962222,0.8159297805556819,0.21350116776294,1.106151484153355,56.57985900179907,56.57062667514287,56.56454231279695,56.57792474776901
813.0,28.064,3.0838463749393505,0.61929586893485,0.7282525203377787,0.06930111355062102,-0.1969275116899814,0.0655387484574769,0.005216809433160697,0.002173889303847869,-1.1166312641824312,-0.18592545038131372,0.2036736099997214,-0.027511939275239664,-0.1879722423815785,0.8201129897430486,0.20698928333614316,1.1064719765400484,56.7450946397615,56.39641324161072,56.34157408737209,56.69844265352392
814.0,28.096,3.086024885793699,0.6129497423045477,0.7307814322451783,0.0680784641983872,-0.19831645719694727,0.07902849710623987,0.005257711348765039,-0.00014314205668548903,-1.1226280765228176,-0.18701919240209194,0.19478347926121656,-0.026603713940339203,-0.1900374850785714,0.8241884299225009,0.20029331130490582,1.1067909629550488,57.03992041801257,56.07961446303004,55.93705081100549,56.90942993669394
815.0,28.128,3.088153193282902,0.6065811389972173,0.7337227588977198,0.06650960903759046,-0.19901885335407346,0.09191645789191966,0.00420684941936226,-0.010384851200686154,-1.1287044721352082,-0.18837111732079148,0.18569483206329915,-0.025690732311014354,-0.19246711962485974,0.8281046912672674,0.19344428425906593,1.1071058232233835,56.5278855688126,56.3607142246889,56.31800815945696,56.50156351279693
816.0,28.16,3.0901954750417557,0.6002916872799502,0.737051384656111,0.06382130496418442,-0.19654536616459783,0.1040195549497253,0.0028924998986029475,-0.022064231334943875,-1.134846757580959,-0.19062829681917526,0.17619859474029723,-0.02473797010687185,-0.19528108714367057,0.831857363854662,0.18654429598069666,1.107412298217317,56.280273191929034,56.436548065371234,56.4311733529665,56.29350964082227
817.0,28.192,3.0921134945074042,0.5941976850512302,0.7407407400694878,0.05993810830151597,-0.19043756964750078,0.11529235666802436,0.0016239573369085357,-0.032542586130385215,-1.1410551948498797,-0.19320473242744582,0.16613934670667824,-0.023735005546506045,-0.19866259161929678,0.8354621171295038,0.17970750619293732,1.1077061179608447,56.14875334236333,56.42346058592036,56.430749060330236,56.177873253540604
818.0,28.224,3.0938754077893567,0.5884038196779168,0.7447638734032948,0.055059790061012755,-0.18105829291604325,0.12572291668146846,0.0005143499781860014,-0.04086629600616505,-1.1473470857375774,-0.1962133341752252,0.15541444138446836,-0.022674410798554895,-0.20282398046814223,0.8389391371966118,0.1730377703377515,1.1079840162971863,56.072722185112426,56.37076370200603,56.37946623490765,56.10786730318573
819.0,28.256,3.095458514402552,0.5829937010251861,0.7490946065690456,0.049472081662352244,-0.1690662078978332,0.13533541142971342,-0.00040788682756825984,-0.04686562253766479,-1.153748784738003,-0.19985228710746358,0.14395387070273635,-0.02154939512884188,-0.20803040106618498,0.8423053870775808,0.16662138450475264,1.10824425287956,56.025247842198524,56.29934122386976,56.303602795906144,56.06222187006979
820.0,28.288,3.096849267825718,0.5780281646220374,0.7537080892808005,0.04346104447393302,-0.15517301259839592,0.14417133474233984,-0.0011539185119290698,-0.05076344089506581,-1.1602928671945223,-0.2043551751520628,0.13172969089575112,-0.02035582902299134,-0.21464047412015191,0.845570153966142,0.16052689059956696,1.108486798394327,55.99023933839063,56.22014458600135,56.216745805677014,56.02798175393867
821.0,28.32,3.0980420061235416,0.5735474292156492,0.7585807141414056,0.037273071806995205,-0.14002298144963332,0.15226952689391032,-0.001751077525574688,-0.05295586255238106,-1.167019340571245,-0.2100199266126741,0.1187755798500956,-0.01909535562446669,-0.22316609960964692,0.8487327550125624,0.15480824034038404,1.1087132664996093,55.95582681892587,56.140021189587145,56.1271760066944,55.99556632802103
822.0,28.352,3.099037202379404,0.5695749365886332,0.763689581247865,0.031099882995697076,-0.1241403945942478,0.15965209707685654,-0.0022277816888231707,-0.053862948906877525,-1.1739797262265907,-0.21725877031640423,0.10520138931174751,-0.017778128388924026,-0.23437359179553455,0.8517823374464241,0.14950914931304407,1.1089266709638077,55.91330225279268,56.06318960933185,56.039623246140785,55.95819517551815
823.0,28.384,3.0998397421671986,0.5661214141949427,0.769011783286643,0.025079368368582912,-0.10792257480283012,0.1663188137118117,-0.0026036183596557126,-0.05382934115820118,-1.1812439698330037,-0.22667640913631343,0.09119326808785042,-0.016424143772288805,-0.24946922958024914,0.8546997065708929,0.14466715226025617,1.1091310913390102,55.85743167440968,55.9916461863627,55.955477478224154,55.912434248046864
824.0,28.416,3.100457528847135,0.5631881970208861,0.7745237669751771,0.019305833748012296,-0.09166303668926837,0.17224949026669098,-0.002884332361043512,-0.053075549185767235,-1.1889115721155066,-0.2392060073425832,0.0769983185783676,-0.0150628017664239,-0.2704595360482663,0.8574606942979821,0.1403163824552569,1.1093313170361614,55.78629521289307,55.92584471689897,55.87303646850173,55.858501079318565
825.0,28.448,3.100900530667637,0.5607693395996751,0.7802009429946515,0.013843806890692633,-0.07558929441284216,0.17741175060857398,-0.0030614023167328175,-0.05169650938564177,-1.1971306656319163,-0.2563665831414884,0.06289988576141956,-0.013731119737232882,-0.3009010794244975,0.8600402417058113,0.13648861085059139,1.1095325094939248,55.700008644501956,55.86607481241227,55.78803440190527,55.80010621912698
826.0,28.48,3.1011802307597285,0.5588525090206518,0.7860176087675057,0.008740627877854006,-0.05990095559448011,0.18177080540169432,-0.00311479672453962,-0.04969363578280406,-1.20613361934104,-0.2807882748441366,0.04919111538469336,-0.0124714600860656,-0.3476185241297138,0.8624163594656962,0.1332125600127508,1.1097398900827766,55.59826607581668,55.81465616132384,55.69365979163564,55.7445907032708
827.0,28.512,3.1013093492637434,0.557418975581572,0.791947159614746,0.004034953250464653,-0.044797919971240704,0.18529846397626043,-0.003016562066831474,-0.04702182912891343,-1.2163100489034226,-0.3173872269336107,0.03615148737265718,-0.011329703223597156,-0.42518032421659474,0.864573363069149,0.13051187540867876,1.109958440625293,55.47588643191348,55.779961938517076,55.578153420143025,55.705250302671374
828.0,28.544,3.1013016799822277,0.5564431617810175,0.797962515868994,-0.0002396650473635018,-0.030494181267329945,0.1879798829452493,-0.0027321241729194603,-0.043636162491250095,-1.2283748637260303,-0.37633761933081916,0.024028429082769642,-0.01035513950957215,-0.5696636761533365,0.8665040426478356,0.1284023590528222,1.1101925973291582,55.311245288363885,55.78756054153968,55.41442795224223,55.71141692635651
829.0,28.576,3.1011719005750886,0.5558922038891306,0.8040366973978117,-0.00405560647309677,-0.017217434121464384,0.18981817277555196,-0.0022134942710089374,-0.0395290441445845,-1.243819442427535,-0.48191759787123417,0.013026787533954073,-0.009605316739704689,-0.8894992025067359,0.8682106207570259,0.1268891631255153,1.1104459230962493,55.02383745660363,55.92238236316386,55.11809366793827,55.84987517992005
830.0,28.608,3.1009352442241487,0.5557258878956423,0.8101436471837516,-0.007395510966873291,-0.005197374796511718,0.19084218081062335,-0.0013664308990109925,-0.03475198451779968,-1.2663769904998263,-0.7042007210665613,0.0033148410311559066,-0.00916833726591956,-1.2,0.8697045051873878,0.12596461912144546,1.1107207582308316,54.87139843649155,55.93193241381976,54.9441886519195,55.86685179032505
831.0,28.64,3.1006069408402483,0.5558971263504353,0.816258211356097,-0.01025948074688531,0.00535120171228295,0.191080130385792,-0.00024512741693522787,-0.02940591620264443,-1.2975701427596587,-0.9742319289152989,-0.005008754876204552,-0.009214750034030389,-1.2,0.8710050049767443,0.12560741856254337,1.111017710863148,55.08758363546138,55.586238751541735,55.12649135888008,55.53090852713853
832.0,28.672,3.1002014079384455,0.5563530676658188,0.8223558087491046,-0.012672903181340501,0.014248166105734749,0.19054991853148848,0.0008711165510368968,-0.023648081510421855,-1.3326821624521783,-1.097037979802808,-0.011937856026346007,-0.009822378292537308,-1.2,0.872137311170598,0.12578317381242377,1.1113350295312387,55.163673456866604,55.388304754727,55.165379515990125,55.352596298918485
833.0,28.704,3.0997315782025647,0.5570369462458183,0.8284141692131253,-0.014682179246272561,0.021371205624984967,0.18932376450064484,0.0018406645894424084,-0.017706024478772585,-1.36957298349035,-1.1529781834061947,-0.01747652682561906,-0.010935389538589487,-1.2,0.8731300997534169,0.1264461111808767,1.1116685061340752,55.17754817064198,55.25983526800568,55.145045156430434,55.25084532544195
834.0,28.736,3.0992083929010015,0.5578904129664916,0.8344130651278221,-0.016349540673851734,0.026670835021037873,0.18746549733427553,0.0026088390288757633,-0.011830141855124121,-1.4072714012305534,-1.1784972574170447,-0.02165025399437181,-0.01245643160462649,-1.2,0.8740131363691331,0.1275421181336707,1.1120115045475418,55.164561574465004,55.16757552380151,55.103709919390816,55.186706940386124
835.0,28.768,3.0986403503912716,0.5588559984180478,0.8403342917118755,-0.017751328429058116,0.030174545361132094,0.18503833075166742,0.0031692555876512004,-0.006254424225580235,-1.4453371923964033,-1.1901540370067942,-0.024504482400725367,-0.01428147695025619,-1.2,0.8748151524046098,0.12901233199715842,1.1123551247696035,55.1402685290627,55.0972212652189,55.058918922923986,55.141350038740605
836.0,28.8,3.0980332276220865,0.5598793902110316,0.846161644061444,-0.018972586537033247,0.031980993530744656,0.18210476092401698,0.0035421687284421495,-0.001168544984619199,-1.4835713484136939,-1.1954851966511368,-0.026098237664789397,-0.0163119038677995,-1.2,0.8755621739045153,0.13079673147548485,1.112688517670989,55.11141810796196,55.04244759004907,55.01838312178044,55.10541285308877
837.0,28.832,3.0973900273449733,0.5609112836321534,0.8518808489584914,-0.020100008659790208,0.0322466694100548,0.1787251530327298,0.003761262725464649,0.0032986806745409396,-1.5218841750244434,-1.1979264231455582,-0.02649861106637342,-0.018457953175373715,-1.2,0.8762763715833313,0.13283725853180808,1.1129993331034629,55.08106413710385,55.00005152918911,54.98486460332511,55.07417151865762
838.0,28.864,3.096711142117045,0.5619086520499401,0.8574794490888219,-0.021215163372764727,0.03116776305583585,0.174956254072829,0.0038642368332236104,0.007084273655507737,-1.5602352374169697,-1.1990459518084762,-0.02577695515432891,-0.020639174208340414,-1.2,0.8769754133061074,0.13508017383015153,1.1132742453383748,55.050751836087066,54.967890496375496,54.958616255402724,55.04529378788039
839.0,28.896,3.0959946894359947,0.562835384867397,0.8629466446922408,-0.02238914628281683,0.028960400545528762,0.17084986260684068,0.0038858781925050216,0.010186577246808933,-1.5986061095022477,-1.199560297245903,-0.024006143529691812,-0.02278386141113635,-1.2,0.8776722493942982,0.13747753848134883,1.11349948844011,55.021374529083985,54.94411402019479,54.938701910332725,55.01772123023832
840.0,28.928,3.095236955382702,0.5636623284870775,0.8682731011753906,-0.023679189165390337,0.02584198811501554,0.1664517650984304,0.0038534370136548562,0.012654621270724416,-1.636988114513558,-1.1997970773847104,-0.02125790799860881,-0.024828011803788318,-1.2,0.878375237424649,0.13998786877315078,1.1136613407637874,54.993468316787386,54.926982684052575,54.92374845445981,54.99104577765577
841.0,28.96,3.0944328815040394,0.5643668244136969,0.8734507345523905,-0.02512730870821154,0.022015497706855104,0.16180104303124818,0.0037840969633409095,0.014574999594454406,-1.6753768865970007,-1.1999062448321638,-0.017317145977926374,-0.026285231883465602,-1.2,0.8789800980199934,0.14257610894025566,1.113746512829467,54.95860440874191,54.942296692501564,54.884987035309074,54.90166977222078
842.0,28.992,3.0935765713399084,0.5649319559556369,0.8784659954425257,-0.026759692629094143,0.017660360685626385,0.1567269028167234,0.003242237730819329,0.016338508419494403,-1.7137693304848258,-1.1999545479798495,-0.012326600212123822,-0.026705275278019542,-1.2,0.879305501905001,0.14521088115642342,1.1137415915083861,54.918142516699454,54.91454562260986,54.795428215777314,54.79920691794752
843.0,29.024,3.092665661464227,0.5653421840503121,0.883295242123815,-0.028465933615037773,0.012819627958599021,0.1509139587902926,0.0017355754334893033,0.01803178081101384,-1.7521654677017537,-1.1999779798918595,-0.006928126789836803,-0.02663308223182845,-1.2,0.8793580050521165,0.14785639116697188,1.1136353941833759,54.85197702749809,54.78462106259375,54.73769374192931,54.80513778726621
844.0,29.056,3.0917059580961506,0.5655810057145362,0.8879159547426241,-0.02999073025239382,0.007463177007002018,0.14439726933778207,-0.0001497232154910881,0.019149545253779952,-1.7905659267527503,-1.1999820752890935,-0.001130735589929992,-0.02586909942291377,-1.2,0.8791449940110426,0.1504713583500341,1.1134242359994062,54.78597100470436,54.71943567214492,54.686420485601694,54.753027517004746
845.0,29.088,3.0907067068612575,0.5656360398723036,0.8923068985247655,-0.03122660109040884,0.001719817430231861,0.13721699319192,-0.0022961786848638877,0.019696462774042137,-1.8289687026632335,-1.19998632460181,0.0048970529963011065,-0.024351809537990286,-1.2,0.8786746569212242,0.15301611826208505,1.11310879423896,54.72446621336469,54.660309258130084,54.637734212040385,54.70194586886774
846.0,29.12,3.0896799400604897,0.5654987580977731,0.8964481911719042,-0.032086462523991915,-0.004290055454079369,0.1294153952230841,-0.004614018876856451,0.019690614314658697,-1.8673713138794001,-1.1999901189785502,0.01099367953050534,-0.02204717788396476,-1.2,0.8779556763885841,0.1554532345627592,1.1126934813367984,54.6656143136074,54.606322429720585,54.593785536031525,54.65311694400413
847.0,29.152,3.0886400542319756,0.5651641496607175,0.9003213459352999,-0.03249643214106587,-0.01045651365798663,0.12103608635611457,-0.0070171234902349265,0.019171043620881584,-1.9057712555195236,-1.199993600851319,0.017008060031772153,-0.018941242609790847,-1.174770328747131,0.8769968841178402,0.15774773211296497,1.1121860167977602,54.63490591772297,54.53243004426489,54.57970939021509,54.58129217525643
848.0,29.184,3.087603343034187,0.5646302860504491,0.9039092862618081,-0.03239722493089678,-0.016683237820887944,0.11212313520338181,-0.009417654073824444,0.018200693102121863,-1.9437333139449753,-1.1864593031012975,0.02279653212050369,-0.015046744119177224,-0.8167663956492057,0.8758069134140032,0.15986717472592257,1.111596924189168,54.92680248336366,54.14513115715221,54.88908736653775,54.19198706294084
