scenario,method,success,goal_reached_once,steps,path_length,final_goal_distance,min_clearance,mean_speed,collision,safety_violation,time_to_goal_steps,path_efficiency
single_convex,mfi,1.0,1.0,2165.0,21.156549157617118,0.1500950192798638,1.6078388671154404,0.488603906642428,0.0,0.0,1817.0,0.47879097669679777
single_convex,apf,1.0,1.0,3703.0,13.425367733980377,0.1500160532147118,1.8518180792570322,0.18127690702106844,0.0,0.0,3355.0,0.7453076226529755
convex_cluster,mfi,0.0,0.0,6000.0,238.58334604504938,1.8253736541571515,1.036213119745021,1.9881945503755205,0.0,0.0,inf,0.04464129755137891
convex_cluster,apf,1.0,1.0,3900.0,15.900416052147726,0.1500607138796689,1.8213253672820178,0.20385148784804816,0.0,0.0,3553.0,0.7053096641854064
nonconvex_u_shape,mfi,0.0,1.0,6000.0,231.92379756941764,0.39187929110231257,0.9268187502272527,1.9326983130785784,0.0,0.0,580.0,0.04465363791004961
nonconvex_u_shape,apf,0.0,0.0,6000.0,3.2983321398465515,8.662442216080613,1.8264788342434195,0.027486101165388025,0.0,0.0,inf,0.5571172659418333
