scenario,method,success,goal_reached_once,steps,path_length,final_goal_distance,min_clearance,mean_speed,collision,safety_violation,time_to_goal_steps,path_efficiency
single_sphere,paper_pd_3d,1.0,1.0,3446.0,14.33062291952397,0.15021623064246725,2.0139922767930747,0.20793126696929695,0.0,0.0,3282.0,0.6991861227772682
double_sphere_gap,paper_pd_3d,0.0,0.0,463.0,7.260364138684055,7.9319842836632,-0.001142267470549685,0.7840566024496827,1.0,1.0,inf,0.8310122285856554
sphere_cluster,paper_pd_3d,0.0,0.0,599.0,12.369069895991426,5.796047324841894,-0.05060453386829833,1.032476619031003,1.0,1.0,inf,0.706747139360874
