scenario,method,success,steps,path_length,final_goal_distance,min_clearance,mean_speed,collision
single_convex,mfi,1.0,1583.0,12.31793519682956,0.15005959720406772,2.1709742978885185,0.3890693366023238,0.0
single_convex,apf,0.0,2000.0,11.51921175677221,0.7070650921855014,1.5156001962204588,0.28798029391930524,0.0
convex_cluster,mfi,0.0,2000.0,15.356910288171234,0.9083446285575545,0.5784354112078001,0.38392275720428154,0.0
convex_cluster,apf,0.0,2000.0,10.468119167055013,5.828649947430623,1.459318780487853,0.2617029791763757,0.0
nonconvex_u_shape,mfi,0.0,2000.0,24.787939244556007,2.3269570146028333,0.06686097388957023,0.6196984811139017,0.0
nonconvex_u_shape,apf,0.0,2000.0,3.5332403190553867,8.582621267201366,1.4773503144250348,0.08833100797638499,0.0
