scenario,method,success,steps,path_length,final_goal_distance,min_clearance,mean_speed,collision,time_to_goal_steps,path_efficiency
single_convex,mfi,1.0,2353.0,13.232420834194015,0.15003163727873767,2.412135519809071,0.2811819131787927,0.0,2005.0,0.7684342995065643
single_convex,apf,1.0,2908.0,12.567234665255398,0.15025531039439302,1.8643303674033296,0.21608037595005863,0.0,2561.0,0.7950571691402967
convex_cluster,mfi,1.0,5825.0,16.979231589900756,0.1500517991349046,0.7302959456277178,0.14574447716653058,0.0,4914.0,0.6727864205835191
convex_cluster,apf,1.0,4257.0,17.220196739378988,0.15013607268977855,1.8222321668200285,0.20225742000680047,0.0,3910.0,0.6531502972218898
nonconvex_u_shape,mfi,1.0,6000.0,32.834352734982325,0.2034074388001484,0.0066077090629565235,0.27361960612485364,0.0,4150.0,0.3202260007577296
nonconvex_u_shape,apf,0.0,6000.0,3.072605650989391,8.964862910066339,1.8277791680924615,0.025605047091578282,0.0,inf,0.4996206037768937
